replicate,confidence_aurc_60_100,confidence_error_rate_80,confidence_fnr_80,confidence_grade0_minus_grade4_gap_80,confidence_nonref_minus_ref_gap_80,joint_aurc_60_100,joint_error_rate_80,joint_fnr_80,joint_grade0_minus_grade4_gap_80,joint_nonref_minus_ref_gap_80,quality_aurc_60_100,quality_error_rate_80,quality_fnr_80,quality_grade0_minus_grade4_gap_80,quality_nonref_minus_ref_gap_80,protected_aurc_60_100,protected_error_rate_80,protected_fnr_80,protected_grade0_minus_grade4_gap_80,protected_nonref_minus_ref_gap_80,delta_joint_minus_confidence_aurc_60_100,delta_joint_minus_confidence_error_rate_80,delta_joint_minus_confidence_fnr_80
0,0.2529554921583538,0.25734767025089605,0.10638297872340426,-0.2055335968379447,-0.10948798506771529,0.25262198866985075,0.25519713261648747,0.1111111111111111,-0.21146245059288538,-0.11570027143131933,0.26055152403082793,0.25161290322580643,0.16718266253869968,0.4665612648221344,0.05513760356779018,0.3383626346148641,0.3419354838709677,0.06852791878172589,-0.24110671936758898,-0.16539856234015116,-0.0003335034885030286,-0.002150537634408589,0.004728132387706849
1,0.2607303433198767,0.27025089605734764,0.1513647642679901,-0.2334293948126801,-0.17404164090314145,0.2602682211617716,0.26738351254480286,0.15211970074812967,-0.23150816522574447,-0.16789715024583252,0.2820510868169682,0.27670250896057347,0.215625,0.329891130323407,0.08095472137518211,0.34247008218453145,0.34838709677419355,0.08883248730964467,-0.23535062439961574,-0.14639143294525103,-0.00046212215810509383,-0.0028673835125447855,0.0007549364801395786
2,0.27733522280474293,0.2845878136200717,0.12839506172839507,-0.236084452975048,-0.1453598844721441,0.2762685257312647,0.2867383512544803,0.12839506172839507,-0.23704414587332057,-0.1453598844721441,0.2942215599735613,0.2910394265232975,0.1831831831831832,0.478641253403562,0.07154504688136976,0.36301597893715326,0.37132616487455194,0.07425742574257425,-0.2485604606525912,-0.14234731598112305,-0.0010666970734782288,0.002150537634408589,0.0
3,0.2705442634904034,0.27670250896057347,0.11330049261083744,-0.23791469194312798,-0.1616172690616282,0.2695568790013648,0.27885304659498206,0.11330049261083744,-0.2417061611374408,-0.1616172690616282,0.27675249103238364,0.2716845878136201,0.1656441717791411,0.4090385917400135,0.08118540329920665,0.3522784547408332,0.3627240143369176,0.05925925925925926,-0.23886255924170618,-0.15858223565711782,-0.0009873844890385675,0.002150537634408589,0.0
4,0.2573771858634506,0.25878136200716845,0.13157894736842105,-0.22146341463414632,-0.13000055335796057,0.2566288048251212,0.26093189964157704,0.13189448441247004,-0.22146341463414632,-0.12707614037853032,0.26373801482642306,0.25448028673835127,0.20604395604395603,0.38478771454381216,0.027917747531268966,0.33230618423280944,0.3333333333333333,0.06490384615384616,-0.23902439024390243,-0.12415172739910019,-0.0007483810383294154,0.002150537634408589,0.0003155370440489913
5,0.267021847962433,0.27741935483870966,0.11943793911007025,-0.2331288343558282,-0.14365472764097642,0.2660131783291443,0.27813620071684586,0.12383177570093458,-0.2341513292433538,-0.1465595352307857,0.27367764363888836,0.26810035842293906,0.17391304347826086,0.3570552147239263,0.027728920157765624,0.3434419280554546,0.35053763440860214,0.06264501160092807,-0.245398773006135,-0.15527395800021315,-0.0010086696332887168,0.0007168458781361964,0.004393836590864328
6,0.25600868929774107,0.2616487455197133,0.11805555555555555,-0.22987390882638215,-0.1431021832675643,0.2558929404217534,0.25949820788530464,0.11805555555555555,-0.23181377303588746,-0.1431021832675643,0.26603635904510803,0.25878136200716845,0.17897727272727273,0.5118959319906431,0.087452986707384,0.33018033379681455,0.3347670250896057,0.07692307692307693,-0.2483026188166828,-0.17192157951443288,-0.00011574887598764239,-0.0021505376344086446,0.0
7,0.267459560588739,0.2745519713261649,0.10628019323671498,-0.21599999999999997,-0.15403121970237144,0.26632604532702453,0.2716845878136201,0.09975669099756691,-0.21399999999999997,-0.14508492313058818,0.276445801026985,0.26738351254480286,0.16568047337278108,0.3473870967741936,0.07260829344947095,0.35156548992065,0.35770609318996416,0.05555555555555555,-0.241,-0.15403121970237144,-0.0011335152617144573,-0.0028673835125447855,-0.006523502239148063
8,0.26986831709361286,0.2745519713261649,0.11138014527845036,-0.21678321678321677,-0.13813863779907232,0.2689003267762084,0.2738351254480287,0.11165048543689321,-0.21678321678321677,-0.13517762670886335,0.2820095416204144,0.27670250896057347,0.1831831831831832,0.42619880119880116,0.0987422494176452,0.3465417650211773,0.3548387096774194,0.06009615384615385,-0.2417582417582418,-0.1470216710696992,-0.0009679903174044657,-0.0007168458781361964,0.00027034015844285
9,0.28786728728508526,0.2903225806451613,0.11083743842364532,-0.22632575757575757,-0.17236706416251868,0.28695947120981935,0.28888888888888886,0.11083743842364532,-0.2272727272727273,-0.17236706416251868,0.29480133712702133,0.2903225806451613,0.1691842900302115,0.43560606060606055,0.05664097037777571,0.37440568586000655,0.3870967741935484,0.08048780487804878,-0.2585227272727273,-0.18458082600466763,-0.0009078160752659103,-0.0014336917562724483,0.0
10,0.28500851660976867,0.2939068100358423,0.12234042553191489,-0.21828358208955223,-0.13104490968268057,0.28317224742245334,0.28888888888888886,0.12,-0.21921641791044777,-0.1278984173721015,0.29064630753217996,0.2802867383512545,0.18098159509202455,0.2975746268656716,0.026279705846269374,0.37279887102917897,0.37777777777777777,0.061170212765957445,-0.23694029850746268,-0.13104490968268057,-0.0018362691873153314,-0.00501792114695343,-0.0023404255319148942
11,0.26579156004329035,0.2724014336917563,0.09929078014184398,-0.22837706511175904,-0.1471619416067219,0.2645330627104923,0.2709677419354839,0.1053864168618267,-0.23420796890184647,-0.15887552304768038,0.27508203298983636,0.2724014336917563,0.16666666666666666,0.313786553582472,0.037326966088375824,0.348992579310157,0.35627240143369177,0.06060606060606061,-0.24392614188532558,-0.16473231376815967,-0.0012584973327980364,-0.0014336917562723928,0.006095636719982728
12,0.2690657091486668,0.2731182795698925,0.12018140589569161,-0.24083250743310203,-0.17664800298618888,0.26872007535030346,0.2752688172043011,0.12072892938496584,-0.23984142715559964,-0.17086143254116382,0.28190945325888367,0.27598566308243727,0.16076294277929154,0.4307659634716126,0.03745510347973946,0.35639194163284277,0.36702508960573477,0.07865168539325842,-0.25867195242814667,-0.18822114387623912,-0.00034563379836333175,0.002150537634408589,0.0005475234892742264
13,0.27057090647155085,0.2724014336917563,0.12244897959183673,-0.20967741935483875,-0.1010802469135802,0.2692576000524451,0.2731182795698925,0.13131313131313133,-0.21631878557874762,-0.11309523809523803,0.2752809563099659,0.26594982078853047,0.211864406779661,0.35416101924640825,0.013062169312169303,0.35579257750595866,0.3648745519713262,0.10462287104622871,-0.24857685009487662,-0.158151455026455,-0.0013133064191057642,0.0007168458781361964,0.008864151721294594
14,0.25137979368686303,0.26021505376344084,0.08801955990220049,-0.2286555446516192,-0.13653997199740464,0.2503111484138482,0.25806451612903225,0.08801955990220049,-0.22767419038272818,-0.13653997199740464,0.2658622100248378,0.25878136200716845,0.1529745042492918,0.19200703867889413,0.03021889833691893,0.3373611739068688,0.34767025089605735,0.050239234449760764,-0.24435721295387636,-0.16334050472970674,-0.0010686452730148122,-0.002150537634408589,0.0
15,0.2780343099022978,0.2867383512544803,0.117096018735363,-0.22515212981744426,-0.1486990213433983,0.2769220048760955,0.2860215053763441,0.117096018735363,-0.22616632860040564,-0.1486990213433983,0.2731679068784563,0.26738351254480286,0.15193370165745856,0.34149054505005566,0.04061925916029263,0.3530867001721689,0.35770609318996416,0.05568445475638051,-0.24847870182555776,-0.16034937706670238,-0.0011123050262023537,-0.0007168458781361964,0.0
16,0.27651396273693746,0.2802867383512545,0.11192214111922141,-0.2188715953307393,-0.15028732232059716,0.2753670133343633,0.27670250896057347,0.11407766990291263,-0.2198443579766537,-0.15327801242576866,0.28516113561499884,0.27956989247311825,0.17302052785923755,0.37466721277902926,0.05906098504140489,0.3579700837046751,0.36845878136200716,0.05378973105134474,-0.23832684824902728,-0.14430594211025427,-0.001146949402574149,-0.0035842293906810374,0.002155528783691213
17,0.2766713324241028,0.2817204301075269,0.125,-0.22156862745098038,-0.14960070321120655,0.27505429505938384,0.2802867383512545,0.125,-0.22352941176470587,-0.14960070321120655,0.28748325475847664,0.27885304659498206,0.1855072463768116,0.42569659442724456,0.060927402284076226,0.36340016370619344,0.37132616487455194,0.07673860911270983,-0.2313725490196078,-0.15256588779564706,-0.001617037364718965,-0.0014336917562723928,0.0
18,0.2746433027163145,0.2853046594982079,0.1191588785046729,-0.2284263959390863,-0.14404432593736016,0.2728646662867086,0.2810035842293907,0.11943793911007025,-0.2274111675126903,-0.1411433789711286,0.27447467508220724,0.2637992831541219,0.1783783783783784,0.44571199572535397,0.024210598104071446,0.3505012418712781,0.36129032258064514,0.06993006993006994,-0.24263959390862944,-0.14694527290359172,-0.0017786364296059065,-0.004301075268817178,0.0002790606053973549
19,0.3016680722058722,0.3053763440860215,0.16461916461916462,-0.22495088408644404,-0.13315652770154396,0.30079272456374057,0.3017921146953405,0.16461916461916462,-0.22495088408644404,-0.13315652770154396,0.29938271985824505,0.2853046594982079,0.22160664819944598,0.3203868822729333,0.004020019732466129,0.3857799614224358,0.3921146953405018,0.095,-0.2239685658153242,-0.11228183570071626,-0.000875347642131652,-0.003584229390680982,0.0
20,0.281592335620444,0.2931899641577061,0.13691931540342298,-0.22688274547187803,-0.14691052721964615,0.2808452810631106,0.2903225806451613,0.13267813267813267,-0.22592945662535746,-0.140920487721106,0.281973722964313,0.27598566308243727,0.20916905444126074,0.3848710483600855,0.03279065773656187,0.3585192013394334,0.36415770609319,0.09046454767726161,-0.23736892278360344,-0.14691052721964615,-0.0007470545573334264,-0.0028673835125447855,-0.00424118272529031
21,0.2667010162997957,0.2724014336917563,0.12850467289719625,-0.2265084075173096,-0.12910130624571936,0.2666100805977802,0.27598566308243727,0.12910798122065728,-0.2235410484668645,-0.12334491323326757,0.2812327828352344,0.2724014336917563,0.184,0.5114771990859169,0.023443108584254135,0.3436969900116264,0.34767025089605735,0.04941176470588235,-0.2334322453016815,-0.12046671672704168,-9.093570201551548e-05,0.003584229390680982,0.0006033083234610326
22,0.2838638446790691,0.28888888888888886,0.12949640287769784,-0.2296368989205103,-0.16823146295162583,0.28321953578589887,0.2867383512544803,0.12949640287769784,-0.2296368989205103,-0.16823146295162583,0.2920715335227379,0.2838709677419355,0.17595307917888564,0.41793424926398426,0.05906098504140489,0.36610171829688276,0.3756272401433692,0.06585365853658537,-0.23650637880274783,-0.14729663221542566,-0.0006443088931702423,-0.002150537634408589,0.0
23,0.2795378011951735,0.2853046594982079,0.09,-0.22051773729626079,-0.1567278287461774,0.2779225046058612,0.2824372759856631,0.09022556390977443,-0.21860019175455414,-0.15366972477064222,0.27796251181114773,0.2709677419354839,0.13213213213213212,0.370485778203899,0.04816513761467889,0.3658919272310096,0.374910394265233,0.039603960396039604,-0.2396931927133269,-0.16896024464831805,-0.0016152965893123095,-0.0028673835125447855,0.0002255639097744344
24,0.28053926396563045,0.2910394265232975,0.10344827586206896,-0.22608695652173916,-0.15629408182280347,0.2784812318444262,0.28817204301075267,0.10344827586206896,-0.229951690821256,-0.15629408182280347,0.2876144389239749,0.2802867383512545,0.16101694915254236,0.32557843885075005,0.0010566624388601564,0.37259177438939156,0.3835125448028674,0.05867970660146699,-0.24347826086956526,-0.16537200937636098,-0.0020580321212042563,-0.002867383512544841,0.0
25,0.2814359544579163,0.28745519713261647,0.12048192771084337,-0.2295409181636726,-0.1414935191543112,0.2810663241960227,0.28745519713261647,0.12740384615384615,-0.2305389221556886,-0.1444503785085154,0.2940186965533133,0.2867383512544803,0.17563739376770537,0.4650968333603064,0.041831760806354534,0.3672499892636781,0.37849462365591396,0.07380952380952381,-0.2435129740518962,-0.15627781592533252,-0.0003696302618936276,0.0,0.0069219184430027725
26,0.27682551870407834,0.2831541218637993,0.11140583554376658,-0.22709923664122134,-0.12062464319780664,0.2754787029651162,0.2824372759856631,0.11170212765957446,-0.22709923664122134,-0.11750357473294637,0.281346704470798,0.2752688172043011,0.19254658385093168,0.28133381473076136,0.05103412236950655,0.35899271875043365,0.3634408602150538,0.040106951871657755,-0.24045801526717558,-0.11126143780322595,-0.0013468157389621704,-0.0007168458781361964,0.00029629211580788073
27,0.2643945253373791,0.26594982078853047,0.10714285714285714,-0.2428711897738446,-0.15886571543053507,0.2638998656366133,0.26523297491039427,0.10900473933649289,-0.2448377581120944,-0.1647877376109531,0.2864146823074175,0.27741935483870966,0.16285714285714287,0.4810103244837758,0.04840506088409269,0.3506559278161662,0.36200716845878134,0.05687203791469194,-0.2536873156342183,-0.1647877376109531,-0.0004946597007658426,-0.0007168458781361964,0.0018618821936357555
28,0.27345633127663677,0.2802867383512545,0.09574468085106383,-0.21564885496183206,-0.12019344523234221,0.2722194133846946,0.2824372759856631,0.09549071618037135,-0.21755725190839692,-0.12331954313083004,0.2822055621795808,0.27670250896057347,0.14860681114551083,0.259780534351145,0.045489743387514325,0.3600760904125828,0.36630824372759857,0.04922279792746114,-0.23854961832061072,-0.15145442421722077,-0.0012369178919421908,0.002150537634408589,-0.0002539646706924831
29,0.26250249430695494,0.26953405017921145,0.10961968680089486,-0.24144869215291753,-0.18125000000000002,0.26189770707207666,0.2716845878136201,0.11036036036036036,-0.238430583501006,-0.17262658227848104,0.2748835412200697,0.26881720430107525,0.15489130434782608,0.30540690954236055,0.04583333333333328,0.3462091560591261,0.35770609318996416,0.06935123042505593,-0.261569416498994,-0.18125000000000002,-0.000604787234878279,0.0021505376344086446,0.000740673559465499
30,0.28940684844705067,0.2924731182795699,0.12596401028277635,-0.2272300469483568,-0.13369467028003612,0.2884379051687037,0.2931899641577061,0.12661498708010335,-0.22535211267605637,-0.12754065040650409,0.3003746831553138,0.2953405017921147,0.19230769230769232,0.32267714816027954,0.023232836495031606,0.3749033644040506,0.3813620071684588,0.06701030927835051,-0.23192488262910793,-0.13061766034327005,-0.0009689432783469565,0.0007168458781361964,0.0006509767973270075
31,0.29519987176859847,0.2982078853046595,0.11548556430446194,-0.21934865900383138,-0.14402485702706358,0.2948420811073872,0.2967741935483871,0.11548556430446194,-0.22030651340996166,-0.14402485702706358,0.3093656019471606,0.3032258064516129,0.17133956386292834,0.38544061302681987,0.04445625253298502,0.38994049529327124,0.4007168458781362,0.07474226804123711,-0.24329501915708818,-0.16601431980906922,-0.0003577906612112769,-0.0014336917562724483,0.0
32,0.2627719132562546,0.2709677419354839,0.10396039603960396,-0.2168792934249264,-0.1242102311297606,0.2618308679933398,0.2716845878136201,0.10669975186104218,-0.2168792934249264,-0.12122813227249951,0.2687177594837785,0.2630824372759857,0.15451895043731778,0.4757337853510572,0.05769779916316564,0.3412308483806288,0.3433691756272401,0.050970873786407765,-0.24337585868498524,-0.14806702198784927,-0.0009410452629147747,0.0007168458781361964,0.002739355821438222
33,0.2525757343527348,0.25806451612903225,0.11519607843137254,-0.23129251700680276,-0.15703869009004334,0.2513626900251258,0.25878136200716845,0.11851851851851852,-0.22934888241010687,-0.14798764823416455,0.27075221606784916,0.25806451612903225,0.16109422492401215,0.3992593176266645,0.08130541211476416,0.3408501672427063,0.34982078853046594,0.04962779156327544,-0.24101068999028186,-0.1419536203302454,-0.001213044327608992,0.0007168458781361964,0.003322440087145981
34,0.27133503750864874,0.2810035842293907,0.11682242990654206,-0.22643442622950816,-0.1465595352307857,0.2702486642089001,0.27885304659498206,0.11888111888111888,-0.2295081967213115,-0.14946434282059484,0.2807842750401129,0.2738351254480287,0.1780821917808219,0.30515121537591855,0.0364433429271932,0.3485076745948241,0.35555555555555557,0.04739336492890995,-0.23770491803278693,-0.12913068969193042,-0.0010863732997486442,-0.0021505376344086446,0.002058688974576825
35,0.2573779909191343,0.2645161290322581,0.08185840707964602,-0.23122529644268774,-0.15812730992875113,0.2562431049068386,0.2630824372759857,0.08222222222222222,-0.23023715415019763,-0.15248562486352712,0.27383043419073144,0.26881720430107525,0.14627659574468085,0.4535573122529644,0.056256722549757,0.3434152015563785,0.35627240143369177,0.05032822757111598,-0.2490118577075099,-0.17223152259181074,-0.0011348860122957216,-0.0014336917562723928,0.0003638151425762043
36,0.26585264843099254,0.26738351254480286,0.11940298507462686,-0.2244701348747592,-0.15213329615170113,0.26446454043301576,0.26810035842293906,0.11940298507462686,-0.2244701348747592,-0.15213329615170113,0.27614811244141135,0.26810035842293906,0.18128654970760233,0.3614018642920377,0.030242610150585603,0.3481917343223086,0.35698924731182796,0.08068459657701711,-0.24373795761078998,-0.17341048522030122,-0.001388107997976784,0.0007168458781361964,0.0
37,0.2620982469037906,0.26738351254480286,0.13114754098360656,-0.21943573667711602,-0.1213047507584325,0.2615806465443548,0.26738351254480286,0.13114754098360656,-0.22048066875653083,-0.1213047507584325,0.26800375855483577,0.25806451612903225,0.19363395225464192,0.42110762800417967,0.022233635060238344,0.3404328605438385,0.34408602150537637,0.0888382687927107,-0.25287356321839083,-0.15575396335491343,-0.0005176003594357659,0.0,0.0
38,0.27344913327440973,0.2752688172043011,0.11081081081081082,-0.2178988326848249,-0.11758572752548646,0.2728079811590635,0.2738351254480287,0.1111111111111111,-0.2178988326848249,-0.11442886932344765,0.28162501648266813,0.2716845878136201,0.1762820512820513,0.4406365359672753,0.06551204819277112,0.36086884099911076,0.36630824372759857,0.06770833333333333,-0.23054474708171202,-0.16178174235403153,-0.0006411521153462107,-0.0014336917562723928,0.000300300300300288
39,0.2640391711940907,0.2709677419354839,0.13333333333333333,-0.2275390625,-0.16929617867021818,0.2629472956795873,0.2716845878136201,0.1377672209026128,-0.2294921875,-0.17227401564047395,0.2785309673235381,0.2716845878136201,0.16954022988505746,0.43515625,0.04510808318819792,0.3430461459141802,0.35053763440860214,0.05134474327628362,-0.2431640625,-0.13653997199740464,-0.0010918755145034043,0.0007168458781361964,0.004433887569279482
40,0.2761704293967955,0.2831541218637993,0.13032581453634084,-0.2336903602726388,-0.15904949519822698,0.27512705071883736,0.2802867383512545,0.13032581453634084,-0.2346640701071081,-0.15904949519822698,0.2869678537272216,0.2824372759856631,0.18885448916408668,0.3298012486396701,0.0740809793506173,0.36537700023691916,0.37132616487455194,0.06835443037974684,-0.23271665043816947,-0.14677947022197202,-0.0010433786779581178,-0.0028673835125447855,0.0
41,0.2670513208591441,0.26953405017921145,0.12,-0.22620266120777888,-0.14793157034536342,0.2666868705447951,0.2709677419354839,0.12056737588652482,-0.22620266120777888,-0.14209066795273695,0.28270839511012485,0.2731182795698925,0.17663817663817663,0.40669611592953725,0.06818181818181823,0.34757458064378133,0.35268817204301073,0.061465721040189124,-0.23848515864892528,-0.14209066795273695,-0.00036445031434900743,0.0014336917562724483,0.0005673758865248207
42,0.2626114505699496,0.26666666666666666,0.09090909090909091,-0.224609375,-0.10824481449123624,0.261550507863581,0.2645161290322581,0.09090909090909091,-0.2275390625,-0.10824481449123624,0.27030893260619027,0.26594982078853047,0.15987460815047022,0.36451822916666665,0.09328225590422279,0.3497052264554738,0.35627240143369177,0.06666666666666667,-0.240234375,-0.16931362370198144,-0.001060942706368584,-0.002150537634408589,0.0
43,0.26704728350537016,0.2738351254480287,0.12106537530266344,-0.2235410484668645,-0.14327939413751767,0.26603398129520617,0.2738351254480287,0.12165450121654502,-0.2225519287833828,-0.13734063419418108,0.26767918682985,0.25591397849462366,0.17486338797814208,0.2784371909000989,-0.003718535469107609,0.3451989320149104,0.35125448028673834,0.06082725060827251,-0.2265084075173096,-0.13734063419418108,-0.001013302210163991,0.0,0.0005891259138815774
44,0.2623638890690977,0.2616487455197133,0.11246943765281174,-0.2171372930866602,-0.14691052721964615,0.260924167618401,0.26093189964157704,0.11302211302211303,-0.21908471275559882,-0.140920487721106,0.27054642732697476,0.26523297491039427,0.17696629213483145,0.19605779099449983,0.011825519491670988,0.34661164019203644,0.35053763440860214,0.056511056511056514,-0.23855890944498537,-0.140920487721106,-0.001439721450696707,-0.0007168458781362519,0.0005526753693012865
45,0.2467304050703767,0.25089605734767023,0.10047846889952153,-0.2341040462427746,-0.1581262939958592,0.24564047155204777,0.25161290322580643,0.10047846889952153,-0.2341040462427746,-0.1581262939958592,0.26350581490433117,0.26093189964157704,0.15789473684210525,0.36564398992144653,0.06754658385093171,0.3326017399336399,0.3426523297491039,0.06382978723404255,-0.24855491329479773,-0.17297319385420074,-0.0010899335183289227,0.0007168458781361964,0.0
46,0.2635725232008984,0.2716845878136201,0.1024390243902439,-0.22473012757605493,-0.1421028242733271,0.26280823775573403,0.27025089605734764,0.10194174757281553,-0.22669283611383706,-0.14806702198784927,0.2678528892523162,0.2623655913978495,0.15178571428571427,0.39196925089957474,0.07857249116399323,0.3394420898499381,0.34838709677419355,0.06175771971496437,-0.24337585868498524,-0.17490591170319902,-0.000764285445164381,-0.0014336917562724483,-0.0004972768174283659
47,0.2696448418400224,0.2752688172043011,0.10948905109489052,-0.21825396825396826,-0.12966608173749394,0.2688178022832349,0.2731182795698925,0.10948905109489052,-0.21924603174603174,-0.12966608173749394,0.27785000724251663,0.26881720430107525,0.16944444444444445,0.20238095238095233,0.02113374532692458,0.35360997854214826,0.36702508960573477,0.07109004739336493,-0.2410714285714286,-0.16219153463374114,-0.0008270395567875344,-0.002150537634408589,0.0
48,0.2690812646710301,0.2738351254480287,0.11990407673860912,-0.2214357937310415,-0.1346443965517241,0.26815821802337403,0.2731182795698925,0.11990407673860912,-0.2214357937310415,-0.1346443965517241,0.2835142208010627,0.27670250896057347,0.16332378223495703,0.2415506744401179,0.0650323275862068,0.35449910500192927,0.36200716845878134,0.058823529411764705,-0.24873609706774524,-0.15813577586206895,-0.0009230466476560784,-0.0007168458781361964,0.0
49,0.2876614663592501,0.2924731182795699,0.1038961038961039,-0.2269230769230769,-0.12404069248616811,0.28608016030110067,0.28888888888888886,0.1038961038961039,-0.2288461538461538,-0.12404069248616811,0.29434300543550945,0.2853046594982079,0.1782477341389728,0.22184065934065933,0.04237652035772921,0.3737573359144797,0.37992831541218636,0.06666666666666667,-0.24423076923076925,-0.13944969367541793,-0.0015813060581494343,-0.0035842293906810374,0.0
50,0.2988587503850412,0.3025089605734767,0.12345679012345678,-0.23809523809523814,-0.15062370062370067,0.2986270378125004,0.3060931899641577,0.12376237623762376,-0.23809523809523814,-0.1476022176022176,0.3134574763873547,0.3125448028673835,0.19873817034700317,0.6233108108108107,0.11526680526680522,0.38067938527790196,0.38853046594982077,0.07142857142857142,-0.2490079365079365,-0.15364518364518365,-0.0002317125725408431,0.003584229390680982,0.000305586114166978
51,0.26980765377946736,0.27598566308243727,0.1366906474820144,-0.23152709359605916,-0.14998268215990818,0.2693964707535511,0.27956989247311825,0.1466346153846154,-0.23054187192118225,-0.1470216710696992,0.28555601655100055,0.27598566308243727,0.2,0.483367139959432,0.07801517178618245,0.3500873009294543,0.35698924731182796,0.07710843373493977,-0.23251231527093597,-0.14406065997949025,-0.0004111830259162508,0.003584229390680982,0.009943967902600992
52,0.27678502974024216,0.2853046594982079,0.12009803921568628,-0.21760633036597432,-0.13872297871174544,0.27500608436250784,0.28745519713261647,0.12009803921568628,-0.22057368941641942,-0.13872297871174544,0.28567172762258425,0.27741935483870966,0.19411764705882353,0.4165715590047934,0.06435107811172913,0.3597938507796415,0.36630824372759857,0.07317073170731707,-0.2373887240356083,-0.14469574508890648,-0.00177894537773432,0.002150537634408589,0.0
53,0.2725467165520759,0.2745519713261649,0.1258741258741259,-0.23725490196078436,-0.15199063349027575,0.27126208950805303,0.2745519713261649,0.12910798122065728,-0.23529411764705888,-0.14326456887536843,0.2794002073953966,0.2752688172043011,0.20718232044198895,0.4675558595531235,0.04289147624265521,0.3553996748215225,0.3627240143369176,0.08878504672897196,-0.23921568627450984,-0.1490819452853066,-0.001284627044022879,0.0,0.0032338553465313946
54,0.2537619960609346,0.25663082437275986,0.11926605504587157,-0.23853211009174313,-0.16725190166721282,0.2518987882795729,0.25663082437275986,0.11926605504587157,-0.23853211009174313,-0.16725190166721282,0.2668027210105019,0.25519713261648747,0.17329545454545456,0.36882587341302936,0.07642764349623987,0.3369986844609149,0.3433691756272401,0.06880733944954129,-0.25484199796126406,-0.16725190166721282,-0.0018632077813616754,0.0,0.0
55,0.26021534718788275,0.27025089605734764,0.10687022900763359,-0.2242366412213741,-0.1406444577338446,0.2580039668576477,0.27025089605734764,0.11586901763224182,-0.22805343511450382,-0.15291448271009955,0.2554617349026517,0.24946236559139784,0.15223880597014924,0.39293893129770985,0.037270904421852435,0.33855268876530265,0.34408602150537637,0.05764411027568922,-0.24904580152671751,-0.15904949519822698,-0.0022113803302350465,0.0,0.008998788624608234
56,0.26944555056282127,0.27670250896057347,0.09767441860465116,-0.23541247484909456,-0.1473304760955514,0.2693038594948691,0.27813620071684586,0.0979020979020979,-0.23440643863179078,-0.14443336987939803,0.2751342306015295,0.26738351254480286,0.14986376021798364,0.4082494969818913,0.03518721552211035,0.35035581017841194,0.35985663082437275,0.0651685393258427,-0.2474849094567404,-0.19078706933785172,-0.00014169106795214326,0.0014336917562723928,0.0002276792974467423
57,0.26675259242065774,0.2738351254480287,0.09022556390977443,-0.23518164435946465,-0.14832490717237612,0.26590748381536256,0.2738351254480287,0.0906801007556675,-0.23326959847036333,-0.14222730355856705,0.2687435758779059,0.26021505376344084,0.14912280701754385,0.25159792406446335,0.025456795821183542,0.34451209149432976,0.35053763440860214,0.040100250626566414,-0.24569789674952203,-0.14832490717237612,-0.0008451086052951862,0.0,0.0004545368458930693
58,0.2620034753819182,0.2731182795698925,0.13043478260869565,-0.24303554274735828,-0.164520040243871,0.2610888708301977,0.2752688172043011,0.13043478260869565,-0.24111431316042264,-0.164520040243871,0.2774761639323167,0.26810035842293906,0.18421052631578946,0.22435003563571,0.05143476279333736,0.34231081825656245,0.34480286738351257,0.05970149253731343,-0.2507204610951008,-0.12852757307100293,-0.0009146045517204882,0.002150537634408589,0.0
59,0.27487666048718173,0.2817204301075269,0.12177985948477751,-0.21399594320486814,-0.11641324460687974,0.2720392465164957,0.27813620071684586,0.12383177570093458,-0.21501014198782964,-0.11927665939319898,0.2703015401231444,0.25949820788530464,0.1736842105263158,0.3799188640973631,0.018167250350128006,0.3520551356355867,0.36200716845878134,0.0746606334841629,-0.24645030425963488,-0.15936446640166946,-0.0028374139706860424,-0.0035842293906810374,0.0020519162161570653
60,0.2552107599126731,0.26021505376344084,0.14182692307692307,-0.23972602739726023,-0.1626140442203896,0.2541855894044569,0.2616487455197133,0.14216867469879518,-0.23972602739726023,-0.15962766103180914,0.2678399186892306,0.25806451612903225,0.19174041297935104,0.2849209287565452,0.0673374613003096,0.3387393281632707,0.34408602150537637,0.08788598574821853,-0.2524461839530333,-0.17754596016329205,-0.001025170508216211,0.0014336917562724483,0.0003417516218721106
61,0.2794383856175049,0.2903225806451613,0.16040100250626566,-0.2324902723735408,-0.15635520665946623,0.2789418531711036,0.2896057347670251,0.16080402010050251,-0.2354085603112841,-0.15329241414434114,0.28857706536129935,0.2824372759856631,0.22965116279069767,0.3931350750416898,0.012098381672418168,0.36080975915449315,0.36845878136200716,0.10687022900763359,-0.23929961089494167,-0.13797845156871524,-0.0004965324464012988,-0.0007168458781361964,0.0004030175942368597
62,0.2565406953634063,0.26594982078853047,0.14385150812064965,-0.22505091649694497,-0.14520981894335017,0.2550580751321894,0.2645161290322581,0.14617169373549885,-0.22708757637474541,-0.14520981894335017,0.2739977511037946,0.26594982078853047,0.19346049046321526,0.2627993538872111,0.03971714868912857,0.3354422236910321,0.34551971326164876,0.0763888888888889,-0.2372708757637475,-0.14809930281260764,-0.001482620231216869,-0.0014336917562723928,0.0023201856148492017
63,0.2743450850403534,0.2824372759856631,0.10135135135135136,-0.23655913978494625,-0.11638629143751511,0.2741887026473651,0.2838709677419355,0.10273972602739725,-0.23167155425219943,-0.09962305137747252,0.29003287095834646,0.2853046594982079,0.16923076923076924,0.3636363636363636,0.034482869102868685,0.3541770572993326,0.36702508960573477,0.06331877729257641,-0.25317693059628543,-0.15550051824428124,-0.0001563823929882635,0.0014336917562723928,0.0013883746760458976
64,0.2596565688552814,0.2630824372759857,0.10273972602739725,-0.2343434343434343,-0.14791080725639227,0.25872504173927535,0.25878136200716845,0.10297482837528604,-0.23333333333333328,-0.14504739247007292,0.2791884735839291,0.2724014336917563,0.17582417582417584,0.44797979797979803,0.06398188693123696,0.34624403777042295,0.35698924731182796,0.07158836689038031,-0.25656565656565655,-0.173681540333266,-0.0009315271160060257,-0.004301075268817234,0.00023510234788878814
65,0.2647293520590792,0.27025089605734764,0.11441647597254005,-0.22567703109327986,-0.15001242792216662,0.26292440424370805,0.26810035842293906,0.11467889908256881,-0.22467402206619858,-0.14714166020579322,0.27083317128760653,0.2630824372759857,0.1752021563342318,0.20179055685575242,0.03945824135847886,0.34612787574719733,0.34982078853046594,0.06621004566210045,-0.24774322968906726,-0.15288319563854014,-0.0018049478153711607,-0.002150537634408589,0.0002624231100287616
66,0.2840505219421105,0.28745519713261647,0.1396508728179551,-0.22009569377990434,-0.13853776853776856,0.2841349446676665,0.2867383512544803,0.1396508728179551,-0.22009569377990434,-0.13853776853776856,0.2969653262054974,0.28888888888888886,0.2034383954154728,0.3452751196172249,0.01857934857934862,0.3654025201736342,0.36917562724014336,0.06835443037974684,-0.23923444976076558,-0.12040887040887038,8.442272555597707e-05,-0.0007168458781361964,0.0
67,0.27256701084994395,0.27741935483870966,0.11401425178147269,-0.2417582417582418,-0.14894377536448145,0.2706194377074529,0.2731182795698925,0.11401425178147269,-0.2417582417582418,-0.14894377536448145,0.26559597932217044,0.25663082437275986,0.15300546448087432,0.23158420526841572,0.012781928265410913,0.35471823063037744,0.36200716845878134,0.0660377358490566,-0.2507492507492507,-0.15776517738065732,-0.0019475731424910547,-0.004301075268817178,0.0
68,0.28418897136797505,0.2924731182795699,0.13480392156862744,-0.22554890219560875,-0.14131525200508277,0.28306501588167177,0.2917562724014337,0.13725490196078433,-0.22654690618762474,-0.14131525200508277,0.2920319096564483,0.2824372759856631,0.20118343195266272,0.38564048373840554,0.06803305535691939,0.36256241407551937,0.37060931899641575,0.07654320987654321,-0.23852295409181634,-0.13234318168956838,-0.0011239554863032852,-0.0007168458781361964,0.002450980392156882
69,0.2781916334128401,0.2824372759856631,0.12200956937799043,-0.2246520874751491,-0.150364097216924,0.2770410740148302,0.2838709677419355,0.12200956937799043,-0.2246520874751491,-0.150364097216924,0.2977571450047494,0.2896057347670251,0.1844380403458213,0.45417495029821076,0.05957291693158018,0.36772080559451753,0.3763440860215054,0.06038647342995169,-0.2375745526838966,-0.13853665980010688,-0.0011505593980098983,0.0014336917562723928,0.0
70,0.27048952166176293,0.27598566308243727,0.13253012048192772,-0.22599999999999998,-0.15180862581948695,0.2695642151919948,0.2752688172043011,0.13253012048192772,-0.22699999999999998,-0.15180862581948695,0.2874643440083924,0.27956989247311825,0.19148936170212766,0.41200000000000003,0.10392074953750674,0.35766663414250544,0.36702508960573477,0.0748792270531401,-0.252,-0.1488350284316149,-0.0009253064697681279,-0.0007168458781361964,0.0
71,0.26562491499796614,0.27025089605734764,0.10514018691588785,-0.22939424031777556,-0.1465595352307857,0.26501249400082666,0.2709677419354839,0.11574074074074074,-0.23336643495531284,-0.15817876559002242,0.28141782879457194,0.27598566308243727,0.17534246575342466,0.29642502482621647,0.0364433429271932,0.34613324425568814,0.353405017921147,0.06896551724137931,-0.25422045680238337,-0.16689318835944988,-0.0006124209971394845,0.0007168458781362519,0.010600553824852893
72,0.27103597691657255,0.27598566308243727,0.11188811188811189,-0.22789783889980353,-0.15452419920505034,0.26941889549473774,0.2731182795698925,0.11627906976744186,-0.23084479371316302,-0.15743678813587625,0.28541635055520725,0.27813620071684586,0.1850828729281768,0.3809757694826457,0.04061925916029263,0.3605569426955122,0.36702508960573477,0.06352941176470588,-0.23477406679764246,-0.14287384348174625,-0.0016170814218348095,-0.0028673835125447855,0.004390957879329971
73,0.2701618405541577,0.2752688172043011,0.07888040712468193,-0.22044088176352705,-0.13532110091743121,0.26893078042614693,0.2752688172043011,0.08354430379746836,-0.22244488977955912,-0.14143730886850148,0.2815002016779396,0.27813620071684586,0.16459627329192547,0.5663090887657669,0.08180428134556572,0.35657858326324077,0.36129032258064514,0.03535353535353535,-0.2294589178356713,-0.14449541284403666,-0.0012310601280107747,0.0,0.0046638966727864245
74,0.2805750472858559,0.2903225806451613,0.11621621621621622,-0.20903954802259883,-0.1340732072987897,0.27862790582915575,0.2860215053763441,0.11653116531165311,-0.20903954802259883,-0.1308845577211395,0.2862582761154501,0.2824372759856631,0.19471947194719472,0.3397798058815008,0.07956631440377371,0.3705555858227749,0.37777777777777777,0.09234828496042216,-0.2354048964218456,-0.16277105349764143,-0.0019471414567001633,-0.004301075268817234,0.0003149490954368894
75,0.28312188041208636,0.2867383512544803,0.13613861386138615,-0.22524271844660193,-0.15024213012043175,0.2818712415397488,0.28817204301075267,0.1375,-0.2213592233009709,-0.13813822671568843,0.2916565711395044,0.2838709677419355,0.18562874251497005,0.29902912621359223,0.061576179462576985,0.36857262097912363,0.374910394265233,0.07711442786069651,-0.23300970873786409,-0.14419017841806014,-0.0012506388723375617,0.0014336917562723928,0.0013613861386138626
76,0.2598047204638438,0.26666666666666666,0.11926605504587157,-0.24155578300921188,-0.14963080168776366,0.2590486603099307,0.26666666666666666,0.12009237875288684,-0.23950870010235414,-0.1410073839662448,0.2843586075323122,0.2738351254480287,0.1601123595505618,0.3954126733041779,0.0803270042194093,0.34474597948493574,0.35268817204301073,0.06136363636363636,-0.24872057318321394,-0.1611286919831223,-0.0007560601539131073,0.0,0.0008263237070152696
77,0.2600923880475599,0.2623655913978495,0.0967741935483871,-0.23529411764705888,-0.13645714811111498,0.25957225962025127,0.2623655913978495,0.09930715935334873,-0.23429710867397802,-0.13359373332479563,0.27112545589330045,0.2616487455197133,0.15363881401617252,0.49756790235354537,0.04393798342700184,0.3413197594583199,0.34695340501792116,0.060948081264108354,-0.24227318045862412,-0.1622278811879888,-0.0005201284273086415,0.0,0.002532965804961637
78,0.2975052337786879,0.3032258064516129,0.13283208020050125,-0.22383720930232553,-0.12728447352601802,0.296771112231691,0.3032258064516129,0.135,-0.22577519379844957,-0.13029704201703907,0.29213901271333614,0.2831541218637993,0.19943019943019943,0.272688598979013,0.017318814042991182,0.3776706396214605,0.3842293906810036,0.09046454767726161,-0.24709302325581395,-0.1574101584362282,-0.0007341215469969242,0.0,0.002167919799498763
79,0.2636452917473678,0.26810035842293906,0.11278195488721804,-0.2270955165692008,-0.1509929809387578,0.2628441266101845,0.27025089605734764,0.11278195488721804,-0.22514619883040932,-0.1509929809387578,0.2758761460655551,0.26881720430107525,0.1691842900302115,0.41168091168091164,0.05664097037777571,0.3465029174464056,0.3548387096774194,0.06683168316831684,-0.23684210526315785,-0.1662601832414442,-0.0008011651371832573,0.002150537634408589,0.0
80,0.2625973763463718,0.26953405017921145,0.10926365795724466,-0.22211253701875622,-0.13122348775844217,0.2618857574737663,0.26810035842293906,0.10926365795724466,-0.22211253701875622,-0.13122348775844217,0.2794231830356828,0.2716845878136201,0.16759776536312848,0.3489255068721998,0.052269614883596605,0.34526316185586703,0.35698924731182796,0.0763888888888889,-0.2418558736426456,-0.1632619659975283,-0.0007116188726055128,-0.0014336917562723928,0.0
81,0.27584746268491706,0.2853046594982079,0.10462287104622871,-0.2303206997084548,-0.158151455026455,0.2748048837744285,0.2867383512544803,0.1048780487804878,-0.22934888241010687,-0.15514770723104054,0.28053457753450034,0.27741935483870966,0.1632047477744807,0.33488824101069,0.06412588183421508,0.3615613784405328,0.3734767025089606,0.0761904761904762,-0.25753158406219634,-0.18518518518518523,-0.0010425789104885341,0.0014336917562723928,0.0002551777342590933
82,0.26244908942219625,0.26810035842293906,0.10067114093959731,-0.23963599595551066,-0.1761973025757706,0.2621634880010246,0.26881720430107525,0.10112359550561797,-0.24165824064711827,-0.17046313892852683,0.28852229350779923,0.2838709677419355,0.1501416430594901,0.3563644534321987,0.0933083888446844,0.34662674582321545,0.3627240143369176,0.05357142857142857,-0.24570273003033372,-0.17906438439939243,-0.0002856014211716218,0.0007168458781361964,0.0004524545660206658
83,0.27907796336276075,0.2903225806451613,0.13986013986013987,-0.220558882235529,-0.14946434282059484,0.2780302145410087,0.2903225806451613,0.14219114219114218,-0.22155688622754488,-0.14946434282059484,0.2836518549377484,0.2738351254480287,0.18956043956043955,0.2439666122300853,0.039348150517002356,0.3569769461520055,0.36129032258064514,0.061611374407582936,-0.22854291417165673,-0.12913068969193042,-0.0010477488217520703,0.0,0.0023310023310023076
84,0.25912934678109967,0.25806451612903225,0.1159090909090909,-0.22381930184804932,-0.13883932572369007,0.2586527398423388,0.2616487455197133,0.11697247706422019,-0.21868583162217659,-0.12747211562746974,0.26775569954251266,0.25663082437275986,0.1856763925729443,0.2539690489307357,0.040194233291781734,0.33515520805005805,0.33978494623655914,0.07415730337078652,-0.24435318275154005,-0.1530483383439657,-0.0004766069387608929,0.0035842293906810374,0.001063386155129284
85,0.25904008683868857,0.26093189964157704,0.10714285714285714,-0.23406374501992033,-0.13332931436379714,0.2574450571530963,0.26021505376344084,0.10714285714285714,-0.2360557768924303,-0.13332931436379714,0.2709170623241376,0.2637992831541219,0.16666666666666666,0.3023581350274577,0.024375050237119167,0.34252483858806426,0.3541218637992832,0.06264501160092807,-0.24701195219123506,-0.16545427752324304,-0.0015950296855922752,-0.0007168458781361964,0.0
86,0.2758836156641255,0.27813620071684586,0.11811023622047244,-0.2294172062904718,-0.16349602029213683,0.27535887265722314,0.27813620071684586,0.12041884816753927,-0.2321924144310823,-0.16667395550890696,0.2949187058195461,0.28745519713261647,0.16560509554140126,0.3391640736691615,0.04942563923146448,0.36420104869749725,0.374910394265233,0.056451612903225805,-0.23126734505087887,-0.1348946033412053,-0.0005247430069023618,0.0,0.00230861194706683
87,0.2861361651536446,0.2953405017921147,0.12144702842377261,-0.227447216890595,-0.13020429296186797,0.2844650863468312,0.2953405017921147,0.12144702842377261,-0.22840690978886757,-0.13020429296186797,0.2851688918176716,0.27885304659498206,0.17313432835820897,0.34437822002222446,0.030049319406329378,0.364450961022215,0.3734767025089606,0.08020050125313283,-0.2514395393474088,-0.16718589581606746,-0.0016710788068133864,0.0,0.0
88,0.2676598929945994,0.2716845878136201,0.0945273631840796,-0.21073558648111335,-0.12594538897475527,0.2670672796525845,0.27025089605734764,0.0945273631840796,-0.21172962226640157,-0.12594538897475527,0.2698268750715367,0.26093189964157704,0.1536231884057971,0.41527028306352365,0.0447707367336424,0.34739586439754705,0.35698924731182796,0.06428571428571428,-0.2564612326043738,-0.17985574446161778,-0.000592613342014936,-0.0014336917562724483,0.0
89,0.27570210961913505,0.2802867383512545,0.10613207547169812,-0.23182711198428296,-0.1475470312345416,0.27450666413733044,0.27956989247311825,0.10613207547169812,-0.2298624754420432,-0.1475470312345416,0.28999021895360244,0.2824372759856631,0.16483516483516483,0.24395366167603827,0.027917747531268966,0.36186254660709694,0.37777777777777777,0.06338028169014084,-0.2514734774066798,-0.15339585719340199,-0.0011954454818046134,-0.0007168458781362519,0.0
90,0.2668136432965247,0.27025089605734764,0.09046454767726161,-0.22458857696030976,-0.16005570404200298,0.2660717845124043,0.27025089605734764,0.09046454767726161,-0.2255566311713456,-0.16005570404200298,0.2817995708685138,0.2724014336917563,0.14939024390243902,0.35110404277877655,0.0843224260667238,0.35433555978673575,0.36415770609319,0.05811138014527845,-0.255566311713456,-0.1721237598498413,-0.0007418587841203639,0.0,0.0
91,0.27058064808298976,0.27741935483870966,0.12217194570135746,-0.22922922922922928,-0.16186189345766122,0.27030671481847857,0.2745519713261649,0.12244897959183673,-0.2282282282282282,-0.15899481163403928,0.28268646401560793,0.27598566308243727,0.18478260869565216,0.3765583765583766,0.05030216149035649,0.3540845985421438,0.36415770609319,0.07657657657657657,-0.25725725725725723,-0.16759605710490488,-0.0002739332645111947,-0.0028673835125447855,0.00027703389047926963
92,0.251038248060313,0.25663082437275986,0.12244897959183673,-0.22661122661122657,-0.1295125506072875,0.2503709117478617,0.2537634408602151,0.1244343891402715,-0.2276507276507277,-0.1323368421052632,0.2711173877985874,0.26594982078853047,0.21293800539083557,0.37617337617337615,0.06818785425101215,0.32984707268888425,0.33835125448028674,0.08425720620842572,-0.2432432432432432,-0.15775546558704456,-0.0006673363124513054,-0.0028673835125447855,0.0019854095484347634
93,0.2699590893666227,0.2745519713261649,0.1412037037037037,-0.21818181818181814,-0.1431021832675643,0.26884732469465417,0.2731182795698925,0.1412037037037037,-0.22424242424242424,-0.1431021832675643,0.2911339167478942,0.2853046594982079,0.21333333333333335,0.3865137865137865,0.021168375339586376,0.3517753388466269,0.35770609318996416,0.07962529274004684,-0.2535353535353535,-0.12869248514413,-0.0011117646719685514,-0.0014336917562723928,0.0
94,0.2773572896307219,0.27741935483870966,0.1025,-0.231610337972167,-0.14340706863456565,0.27652221406104666,0.27956989247311825,0.10301507537688442,-0.22862823061630222,-0.13733700182554476,0.29998502298559276,0.2896057347670251,0.16521739130434782,0.4519549370444003,0.02351976861350835,0.367195578263044,0.37706093189964157,0.05955334987593052,-0.2345924453280318,-0.15251216884809693,-0.0008350755696752699,0.002150537634408589,0.0005150753768844302
95,0.2751272365470446,0.2810035842293907,0.11395348837209303,-0.23772102161100195,-0.14482186553855092,0.27447535333707623,0.27813620071684586,0.11421911421911422,-0.23772102161100195,-0.1419285803160384,0.27836413598963483,0.27025089605734764,0.1685082872928177,0.2299780422974691,0.05192152959230223,0.35235484994345495,0.35913978494623655,0.08144796380090498,-0.24754420432220037,-0.1795412882087014,-0.0006518832099683403,-0.002867383512544841,0.00026562584702119474
96,0.2638354226070717,0.2731182795698925,0.1091314031180401,-0.23795180722891562,-0.15701057170316113,0.2631658115461488,0.27025089605734764,0.1091314031180401,-0.23795180722891562,-0.15701057170316113,0.2809145525049055,0.2724014336917563,0.16666666666666666,0.39163631269263094,0.06099509078157872,0.34890385854180445,0.36200716845878134,0.07221006564551423,-0.2570281124497992,-0.17966051066261457,-0.0006696110609228922,-0.002867383512544841,0.0
97,0.26370746147824026,0.26810035842293906,0.11989795918367346,-0.21435406698564596,-0.12961889771499702,0.26209826193675234,0.26738351254480286,0.12244897959183673,-0.21626794258373205,-0.12961889771499702,0.28648828432521956,0.27956989247311825,0.1918238993710692,0.563317384370016,0.09633569636476014,0.3527375434390574,0.35985663082437275,0.08270676691729323,-0.24497607655502396,-0.1509929809387578,-0.0016091995414879157,-0.0007168458781361964,0.002551020408163268
98,0.28178824426863763,0.2903225806451613,0.12895377128953772,-0.2374384236453202,-0.15028732232059716,0.28147957158591624,0.2910394265232975,0.13054187192118227,-0.23349753694581277,-0.13533387179473988,0.28053080678348535,0.2724014336917563,0.19648093841642228,0.23825944170771762,0.05906098504140489,0.3604902186570523,0.36630824372759857,0.07560975609756097,-0.24236453201970443,-0.14729663221542566,-0.00030867268272138926,0.0007168458781361964,0.0015881006316445512
99,0.2744390998913013,0.27956989247311825,0.10317460317460317,-0.2320075757575758,-0.14838182412553114,0.27255284333709223,0.2810035842293907,0.10317460317460317,-0.23106060606060608,-0.14838182412553114,0.2796809629925818,0.2745519713261649,0.14790996784565916,0.5274621212121212,0.06382986451636341,0.3656347232150987,0.3763440860215054,0.06426735218508997,-0.2452651515151515,-0.1832225491264392,-0.0018862565542090426,0.0014336917562724483,0.0
100,0.2786453057315874,0.2867383512544803,0.1100244498777506,-0.22767419038272818,-0.12121766219693886,0.2773101304130699,0.2831541218637993,0.11029411764705882,-0.2286555446516192,-0.11826493295408369,0.28333910473022805,0.27670250896057347,0.17486338797814208,0.4279405579699986,0.005749695245835018,0.36166887899059375,0.37132616487455194,0.06666666666666667,-0.23945044160942097,-0.15369768386834615,-0.001335175318517512,-0.003584229390680982,0.00026966776930821557
101,0.26522997511669877,0.2738351254480287,0.12857142857142856,-0.23389494549058476,-0.15627781592533252,0.26523381061265794,0.27598566308243727,0.12857142857142856,-0.23686818632309214,-0.15627781592533252,0.27585757835568514,0.26738351254480286,0.1671388101983003,0.23037110450390919,0.041831760806354534,0.34577393286840963,0.35268817204301073,0.05783132530120482,-0.2467789890981169,-0.1414935191543112,3.83549595917021e-06,0.002150537634408589,0.0
102,0.2650754991685033,0.2709677419354839,0.11750599520383694,-0.23228346456692917,-0.15256588779564706,0.2647380375964539,0.2731182795698925,0.11750599520383694,-0.23425196850393704,-0.15256588779564706,0.29087911859944016,0.2853046594982079,0.19197707736389685,0.4236876640419948,0.04906666394631387,0.3521048997102563,0.36057347670250894,0.06763285024154589,-0.24212598425196852,-0.14367033404232532,-0.0003374615720493912,0.002150537634408589,0.0
103,0.2502131056733249,0.2530465949820789,0.09592326139088729,-0.22794846382556988,-0.15515691402419096,0.24928066904764964,0.2523297491039427,0.09615384615384616,-0.22794846382556988,-0.1521875340525226,0.2684527289499093,0.2630824372759857,0.17663817663817663,0.34544653672503034,0.04082216410591699,0.33571896251507977,0.34551971326164876,0.050724637681159424,-0.23984142715559964,-0.14624877410918602,-0.0009324366256752425,-0.0007168458781361964,0.00023058476295886865
104,0.2493056831521142,0.25519713261648747,0.07962529274004684,-0.22888015717092336,-0.15377247273799,0.24720067110842742,0.25448028673835127,0.08430913348946135,-0.2298624754420432,-0.15377247273799,0.25544419983639477,0.25017921146953404,0.12044817927170869,0.25819857941665414,0.050659111003938606,0.335797941950807,0.34695340501792116,0.045351473922902494,-0.2485265225933202,-0.19465878948637572,-0.0021050120436867936,-0.0007168458781361964,0.004683840749414511
105,0.2816305019688779,0.2867383512544803,0.09817351598173515,-0.22649140546006064,-0.16543620602815257,0.28092703383284534,0.2845878136200717,0.10022779043280182,-0.23053589484327608,-0.16832568989741015,0.29355153728646444,0.2845878136200717,0.16172506738544473,0.45433097404785977,0.028159213212098688,0.36720281764049634,0.3741935483870968,0.046189376443418015,-0.24165824064711827,-0.15098878668186522,-0.000703468136032559,-0.002150537634408589,0.002054274451066665
106,0.2727354545362004,0.2731182795698925,0.11136890951276102,-0.24158415841584158,-0.16545427752324304,0.27165118559484797,0.2724014336917563,0.11136890951276102,-0.24356435643564356,-0.16545427752324304,0.2933036390836451,0.2845878136200717,0.16193181818181818,0.31219512195121957,0.06526136698550489,0.3622205966156017,0.3741935483870968,0.07142857142857142,-0.2584158415841584,-0.17421563111218286,-0.0010842689413524398,-0.0007168458781361964,0.0
107,0.2766579745112606,0.2824372759856631,0.12709832134292565,-0.2177734375,-0.13211430300890303,0.27479197074617334,0.27956989247311825,0.12740384615384615,-0.21875,-0.1291819045457221,0.2858956817129683,0.27670250896057347,0.19540229885057472,0.32416735197368424,0.07022119095059143,0.3574289841696364,0.36057347670250894,0.07398568019093078,-0.2392578125,-0.13797909993526536,-0.0018660037650872763,-0.002867383512544841,0.0003055248109204989
108,0.28237674983484856,0.2903225806451613,0.1371571072319202,-0.23323890462700658,-0.15709986185983238,0.280788831332278,0.2917562724014337,0.1371571072319202,-0.2341831916902738,-0.15709986185983238,0.28696147390983656,0.27956989247311825,0.19444444444444445,0.24258734655335223,0.07801505360153649,0.3641902901139064,0.3727598566308244,0.08728179551122195,-0.24457034938621336,-0.15709986185983238,-0.0015879185025705622,0.0014336917562723928,0.0
109,0.2715506855886002,0.27956989247311825,0.10421836228287841,-0.22114451988360817,-0.12894040872402546,0.2707143192726943,0.27813620071684586,0.10421836228287841,-0.22211445198836077,-0.12894040872402546,0.2853867570810505,0.2745519713261649,0.1436950146627566,0.23262641885338298,0.05675081573072305,0.3567443141371033,0.36415770609319,0.04116222760290557,-0.24442289039767218,-0.1588906062167268,-0.0008363663159058898,-0.0014336917562723928,0.0
110,0.2951534833032506,0.30824372759856633,0.1330049261083744,-0.23129921259842523,-0.1405250621286256,0.2939534713947907,0.3046594982078853,0.1330049261083744,-0.2332677165354331,-0.1405250621286256,0.30230232158040937,0.2946236559139785,0.1977077363896848,0.3407099314198629,0.03043915694249777,0.37441957229796635,0.385663082437276,0.07692307692307693,-0.23523622047244097,-0.13152694533540865,-0.0012000119084598637,-0.0035842293906810374,0.0
111,0.26257377525073317,0.26666666666666666,0.10268948655256724,-0.22637795275590555,-0.15477293151119698,0.2605895672112557,0.2637992831541219,0.10319410319410319,-0.22637795275590555,-0.14875663853428756,0.2694954976342988,0.2623655913978495,0.15,0.22178477690288712,0.11295210596127003,0.3509760193034799,0.35770609318996416,0.055288461538461536,-0.23818897637795278,-0.17582995693037962,-0.001984208039477464,-0.0028673835125447855,0.0005046166415359488
112,0.28075272343757884,0.2845878136200717,0.11658031088082901,-0.2090997095837367,-0.1191719140253984,0.2795289940281115,0.2824372759856631,0.11658031088082901,-0.21006776379477254,-0.1191719140253984,0.28943797023788614,0.2824372759856631,0.19076923076923077,0.4130612852781294,0.06794596686248988,0.36427273263435395,0.36774193548387096,0.0641025641025641,-0.22652468538238146,-0.13144193900165335,-0.0012237294094673556,-0.002150537634408589,0.0
113,0.26741929198938125,0.26810035842293906,0.125,-0.22087132725430603,-0.1431021832675643,0.2674705825526861,0.27025089605734764,0.12558139534883722,-0.21884498480243164,-0.13733830401819058,0.27657599503585195,0.26523297491039427,0.16944444444444445,0.40002965379197863,0.06439746970988913,0.34321137969625326,0.35268817204301073,0.07657657657657657,-0.2613981762917933,-0.17768545876380648,5.129056330482884e-05,0.002150537634408589,0.0005813953488372214
114,0.2709423565941597,0.2752688172043011,0.10401891252955082,-0.23804780876494025,-0.16255587159691187,0.26951491087964097,0.2731182795698925,0.10426540284360189,-0.23904382470119523,-0.1596031423540567,0.2707599512487446,0.25949820788530464,0.15176151761517614,0.2749003984063745,-0.003108492482730596,0.3554697573249205,0.3634408602150538,0.0611764705882353,-0.24800796812749004,-0.1684613300826222,-0.0014274457145187491,-0.002150537634408589,0.0002464903140510649
115,0.2726025187596568,0.27813620071684586,0.11274509803921569,-0.23062200956937795,-0.14131525200508277,0.2712760604672775,0.27670250896057347,0.11274509803921569,-0.23062200956937795,-0.14131525200508277,0.2762626405759694,0.27025089605734764,0.1565217391304348,0.27404629509892675,0.04709822462071911,0.3523321584013939,0.3627240143369176,0.06474820143884892,-0.24688995215311005,-0.16823146295162583,-0.0013264582923793178,-0.0014336917562723928,0.0
116,0.27904890838366236,0.2903225806451613,0.08837209302325581,-0.2399608227228207,-0.15743678813587625,0.2780598028124494,0.2896057347670251,0.08857808857808858,-0.2399608227228207,-0.15452419920505034,0.27575143089812626,0.26810035842293906,0.13934426229508196,0.26851670475568623,0.028968903436988547,0.3613436592561531,0.36845878136200716,0.06741573033707865,-0.24975514201762983,-0.20112562209826645,-0.000989105571212956,-0.0007168458781361964,0.00020599555483276355
117,0.2886461947329544,0.2896057347670251,0.11904761904761904,-0.23893805309734517,-0.15112526058265696,0.2874685477556517,0.2924731182795699,0.11990407673860912,-0.24090462143559488,-0.1422793987113311,0.3104913339384426,0.2974910394265233,0.17983651226158037,0.34053444386604204,0.00515163247743311,0.37857578425944505,0.3878136200716846,0.04866180048661801,-0.24385447394296955,-0.1245876749686794,-0.0011776469773026599,0.0028673835125447855,0.0008564576909900756
118,0.2714513605355622,0.2817204301075269,0.09352517985611511,-0.23828125,-0.1346443965517241,0.270675834810851,0.2817204301075269,0.09352517985611511,-0.23828125,-0.1346443965517241,0.28625249497487126,0.27813620071684586,0.15730337078651685,0.4778487042682927,0.04447737068965518,0.3564134154521642,0.36630824372759857,0.056338028169014086,-0.2509765625,-0.16107219827586206,-0.0007755257247111791,0.0,0.0
119,0.2799109417998354,0.2853046594982079,0.11316397228637413,-0.23705179282868527,-0.17386674804941316,0.27933306680976167,0.2853046594982079,0.1136890951276102,-0.2410358565737052,-0.16801792209055277,0.29360162469841483,0.2903225806451613,0.16,0.4124411445128576,0.06885952924329142,0.3614187075567002,0.37060931899641575,0.05,-0.23406374501992033,-0.13584937931682095,-0.0005778749900737234,0.0,0.0005251228412360698
120,0.275214025905728,0.27813620071684586,0.11192214111922141,-0.21818181818181814,-0.1070452535969777,0.27405317997509093,0.27741935483870966,0.11219512195121951,-0.21717171717171713,-0.10412480240066446,0.28330637367438066,0.2745519713261649,0.18904109589041096,0.21746031746031746,0.027295501433432512,0.3570932523226343,0.36129032258064514,0.0688836104513064,-0.24141414141414141,-0.13624976556011037,-0.0011608459306370889,-0.0007168458781361964,0.0002729808319981014
121,0.2587431041691711,0.26523297491039427,0.11137440758293839,-0.24242424242424243,-0.1596031423540567,0.25802012869135205,0.2630824372759857,0.11163895486935867,-0.24144672531769307,-0.15665041311120143,0.2714546854682646,0.26093189964157704,0.15789473684210525,0.30987292277614853,0.02051334146011108,0.3412106103478877,0.34910394265232975,0.05938242280285035,-0.25219941348973607,-0.15665041311120143,-0.0007229754778190767,-0.002150537634408589,0.00026454728642028025
122,0.2820397399423746,0.2845878136200717,0.097799511002445,-0.21982335623159965,-0.1339670414922549,0.2812715852802193,0.2831541218637993,0.097799511002445,-0.2227674190382728,-0.1339670414922549,0.29623432808942224,0.2853046594982079,0.1558073654390935,0.29195289499509325,0.032554412228578244,0.3724271834196311,0.3849462365591398,0.05714285714285714,-0.2404317958783121,-0.16667661275884715,-0.0007681546621552959,-0.0014336917562723928,0.0
123,0.2950737139982299,0.3039426523297491,0.11724137931034483,-0.23309788092835515,-0.15425434220388878,0.2938795651038721,0.3039426523297491,0.1175115207373272,-0.2371342078708375,-0.15136864016255236,0.30863458872300686,0.3053763440860215,0.17759562841530055,0.2880928355196771,0.04485909864831994,0.3779893997919879,0.3921146953405018,0.0684931506849315,-0.25428859737638754,-0.16291144832789783,-0.001194148894357816,0.0,0.00027014142698236765
124,0.2807584285419016,0.28817204301075267,0.14285714285714285,-0.21380632790028764,-0.1428673527730132,0.27974459413848796,0.28817204301075267,0.14285714285714285,-0.21572387344199428,-0.1428673527730132,0.2792871117313724,0.2738351254480287,0.18322981366459629,0.4254336267759087,0.053444825614636926,0.36007320421155814,0.36702508960573477,0.07989690721649484,-0.23777564717162036,-0.1522155517438536,-0.001013834403413627,0.0,0.0
125,0.24570535149611475,0.2523297491039427,0.11138014527845036,-0.2315369261477046,-0.1588906062167268,0.2448816141194519,0.2537634408602151,0.11192214111922141,-0.2295409181636726,-0.15290056671818653,0.26260601867655475,0.24802867383512545,0.14583333333333334,0.4093104114351941,0.07172591447707366,0.32751650444496,0.33548387096774196,0.04176904176904177,-0.2305389221556886,-0.140920487721106,-0.0008237373766628586,0.0014336917562723928,0.0005419958407710534
126,0.2593794404067916,0.26093189964157704,0.10955710955710955,-0.23772102161100195,-0.1419285803160384,0.25848186554033015,0.2616487455197133,0.10981308411214953,-0.23673870333988212,-0.13903529509352575,0.257923773597601,0.25161290322580643,0.16052631578947368,0.2657963115533304,-0.0001576044129235621,0.3357557801191549,0.33978494623655914,0.0576036866359447,-0.24165029469548138,-0.15639500642860105,-0.0008975748664614702,0.0007168458781362519,0.00025597455503997835
127,0.27930416589573226,0.2903225806451613,0.0947136563876652,-0.23926380368098155,-0.16622834008097165,0.2782731405153253,0.2896057347670251,0.09492273730684327,-0.23824130879345606,-0.16340404858299595,0.28672540190464435,0.2824372759856631,0.158311345646438,0.4701617401003904,0.04559352226720648,0.3592622996041468,0.36774193548387096,0.05664488017429194,-0.25971370143149286,-0.18034979757085023,-0.001031025380406947,-0.0007168458781361964,0.00020908091917806737
128,0.2727185895658489,0.2752688172043011,0.12564102564102564,-0.21823472356935014,-0.14753714172087606,0.2719063149180041,0.27598566308243727,0.12628865979381443,-0.21920465567410286,-0.14134448768570862,0.28395933833010345,0.2845878136200717,0.1935483870967742,0.5146000306294348,0.10016901968582226,0.35911337967550816,0.37060931899641575,0.07672634271099744,-0.2463627546071775,-0.15063346873845973,-0.0008122746478447795,0.0007168458781361964,0.0006476341527887897
129,0.2771776156912563,0.2860215053763441,0.13701923076923078,-0.2225461613216715,-0.1521875340525226,0.2762023901022134,0.2853046594982079,0.13734939759036144,-0.22157434402332365,-0.14921815408085426,0.2857792403548275,0.27741935483870966,0.19642857142857142,0.4725765306122449,0.08536286368094148,0.3573295766138025,0.36415770609319,0.07542579075425791,-0.2371234207968902,-0.13734063419418108,-0.000975225589042894,-0.0007168458781361964,0.0003301668211306563
130,0.2981855901485046,0.2982078853046595,0.12121212121212122,-0.23535353535353531,-0.1621690961316925,0.29680002852940623,0.2974910394265233,0.12529002320185614,-0.23939393939393938,-0.16801792209055277,0.2964426358825216,0.2860215053763441,0.16804407713498623,0.2134199134199134,0.0308421605106991,0.3803630645219098,0.3935483870967742,0.08256880733944955,-0.2585858585858586,-0.18263998698770378,-0.0013855616190983633,-0.0007168458781362519,0.004077901989734928
131,0.27698919601350014,0.28817204301075267,0.1198044009779951,-0.21287128712871284,-0.14170936190032601,0.2757432389042369,0.2838709677419355,0.1198044009779951,-0.21485148514851482,-0.14170936190032601,0.2839224324486582,0.2802867383512545,0.19230769230769232,0.40913091309130917,0.07032384448889006,0.35525755725037483,0.36200716845878134,0.06326034063260341,-0.24059405940594059,-0.14768212827748706,-0.0012459571092632293,-0.004301075268817178,0.0
132,0.2668553699150798,0.27670250896057347,0.10843373493975904,-0.23809523809523814,-0.16751941250827662,0.26550121205350424,0.27885304659498206,0.10869565217391304,-0.23615160349854225,-0.164520040243871,0.2692776674230428,0.26594982078853047,0.15339233038348082,0.28163265306122454,0.06043287958655441,0.3456437745325758,0.353405017921147,0.06474820143884892,-0.24489795918367352,-0.17351815703708806,-0.0013541578615755556,0.002150537634408589,0.00026191723415400214
133,0.24480356402595466,0.2523297491039427,0.10697674418604651,-0.2328629032258065,-0.13238396624472581,0.2431904158290077,0.2523297491039427,0.10904872389791183,-0.2338709677419355,-0.13525843881856547,0.2722395207471652,0.2623655913978495,0.16338028169014085,0.5352292020373515,0.08320147679324896,0.33137493167511817,0.34695340501792116,0.06741573033707865,-0.24596774193548387,-0.1755010548523207,-0.0016131481969469674,0.0,0.0020719797118653183
134,0.2867009786004526,0.2910394265232975,0.10133333333333333,-0.21108949416342415,-0.1143825062680861,0.28560350595281564,0.28888888888888886,0.10610079575596817,-0.21303501945525294,-0.12062464319780664,0.29844022810407184,0.2917562724014337,0.18181818181818182,0.35522608345632634,0.06039732776408735,0.3746798140598512,0.3870967741935484,0.06735751295336788,-0.2490272373540856,-0.1487142593815488,-0.0010974726476369878,-0.0021505376344086446,0.004767462422634844
135,0.2594167811116806,0.2630824372759857,0.11442786069651742,-0.23017408123791105,-0.16284403669724778,0.2580711558640386,0.2645161290322581,0.11528822055137844,-0.2272727272727273,-0.15366972477064222,0.28407452143325523,0.27741935483870966,0.16216216216216217,0.2978723404255319,0.04816513761467889,0.3484471670695148,0.35770609318996416,0.06218905472636816,-0.2504835589941973,-0.16284403669724778,-0.0013456252476419794,0.0014336917562723928,0.0008603598548610203
136,0.26253947972759745,0.26594982078853047,0.10344827586206896,-0.2191387559808613,-0.14574849204583273,0.26153631793307747,0.26523297491039427,0.10669975186104218,-0.2172248803827751,-0.1367240525804687,0.27241785944105257,0.26093189964157704,0.1588235294117647,0.4333701386332965,0.05278917619217638,0.3484200857943612,0.35555555555555557,0.05596107055961071,-0.2315789473684211,-0.16078922448810629,-0.00100316179451998,-0.0007168458781361964,0.0032514759989732134
137,0.27095486349760745,0.2752688172043011,0.09950248756218906,-0.21709233791748528,-0.13632217899908106,0.2697292090641946,0.2731182795698925,0.09950248756218906,-0.22003929273084477,-0.13632217899908106,0.2833855309908404,0.2752688172043011,0.1661807580174927,0.34543730099586745,0.041419361971159474,0.35584452030606933,0.36989247311827955,0.07281553398058252,-0.24165029469548138,-0.16644786390929134,-0.001225654433412826,-0.002150537634408589,0.0
138,0.272998946218886,0.27741935483870966,0.11583924349881797,-0.22888015717092336,-0.15226293103448274,0.2711928847514021,0.27670250896057347,0.11583924349881797,-0.23084479371316302,-0.15226293103448274,0.2822272960874601,0.27670250896057347,0.16913946587537093,0.3918079225110796,0.10026939655172407,0.3557398888584351,0.36630824372759857,0.06542056074766354,-0.25245579567779963,-0.16694504310344827,-0.0018060614674839104,-0.0007168458781361964,0.0
139,0.26845440394240727,0.2752688172043011,0.1162227602905569,-0.228486646884273,-0.1615206679794653,0.26721804694137447,0.27598566308243727,0.1162227602905569,-0.2304648862512364,-0.1615206679794653,0.27818014423583004,0.2724014336917563,0.17313432835820897,0.32321210866514843,0.07243036864417718,0.3534836207559522,0.36129032258064514,0.06779661016949153,-0.2532146389713156,-0.1615206679794653,-0.0012363570010328062,0.0007168458781361964,0.0
140,0.2608821993485417,0.2623655913978495,0.10204081632653061,-0.22243528283796743,-0.1537297957560435,0.2599996317444232,0.2630824372759857,0.10256410256410256,-0.21955896452540746,-0.14753714172087606,0.2673507672682726,0.25806451612903225,0.13813813813813813,0.07386385426653885,0.028953498281396484,0.3492093886115664,0.35770609318996416,0.06483790523690773,-0.24161073825503354,-0.18159673891429706,-0.0008825676041184782,0.0007168458781361964,0.000523286237571946
141,0.27641397002349843,0.27956989247311825,0.12589073634204276,-0.2398452611218569,-0.16182672652074404,0.2756627249914126,0.27956989247311825,0.12589073634204276,-0.2398452611218569,-0.16182672652074404,0.28909591998186107,0.27956989247311825,0.16285714285714287,0.33759165129773744,0.04840506088409269,0.35899932247245,0.37132616487455194,0.07159904534606205,-0.2398452611218569,-0.1559047043403261,-0.0007512450320858455,0.0,0.0
142,0.26972612200218,0.27670250896057347,0.1218274111675127,-0.21635094715852443,-0.14907971996386638,0.2693961051915342,0.2745519713261649,0.12244897959183673,-0.21734795613160518,-0.14292570009033423,0.28411348723713953,0.27598566308243727,0.19936708860759494,0.37578568641900384,0.09092705510388432,0.34948461831557864,0.3541218637992832,0.05912596401028278,-0.24027916251246262,-0.13369467028003612,-0.0003300168106458168,-0.002150537634408589,0.0006215684243240371
143,0.27680264045275416,0.2824372759856631,0.1065989847715736,-0.22854387656702024,-0.15448302714948148,0.27576716196888945,0.2810035842293907,0.10687022900763359,-0.23047251687560266,-0.15139641074652221,0.2827275029191086,0.27956989247311825,0.14814814814814814,0.35690560377156333,0.06158012105766175,0.3680160386256574,0.37777777777777777,0.065,-0.24783027965284476,-0.1730027255672365,-0.0010354784838647046,-0.0014336917562723928,0.00027124423605998094
144,0.2711060154173042,0.27813620071684586,0.11442786069651742,-0.22317188983855651,-0.13371590609201411,0.2711223970603291,0.27813620071684586,0.11442786069651742,-0.22697056030389362,-0.13371590609201411,0.27872427830572594,0.26881720430107525,0.1695906432748538,0.30674264007597346,0.04677288321526707,0.34544354507568226,0.35268817204301073,0.04738154613466334,-0.23456790123456794,-0.1307077596035594,1.6381643024865333e-05,0.0,0.0
145,0.26689604719529275,0.2745519713261649,0.11662531017369727,-0.2201923076923077,-0.1393347474901021,0.2655111796716718,0.2752688172043011,0.11662531017369727,-0.22115384615384615,-0.1393347474901021,0.2683024046868294,0.26093189964157704,0.16615384615384615,0.5381410256410257,0.09564559480953794,0.34566126263080743,0.35268817204301073,0.06601466992665037,-0.23076923076923073,-0.1574101584362282,-0.0013848675236209362,0.0007168458781361964,0.0
146,0.27328648387834653,0.2752688172043011,0.14563106796116504,-0.23535253227408148,-0.14288783365587088,0.2728263163802509,0.2724014336917563,0.14563106796116504,-0.23733862959285001,-0.14288783365587088,0.2809691403349066,0.2731182795698925,0.2,0.37309799147900186,0.05634319133155441,0.35324363067044745,0.36057347670250894,0.08029197080291971,-0.2462760675273088,-0.13991423626799893,-0.0004601674980956316,-0.0028673835125447855,0.0
147,0.2703039497309396,0.2745519713261649,0.11330049261083744,-0.23395853899308983,-0.1199488573668005,0.2679398643521222,0.2738351254480287,0.11330049261083744,-0.2359328726554788,-0.1199488573668005,0.2844869262770358,0.27956989247311825,0.1896551724137931,0.46627179993418894,0.05203184853075438,0.3553133387083518,0.3655913978494624,0.08353221957040573,-0.23790720631786777,-0.1584962569645283,-0.002364085378817382,-0.0007168458781361964,0.0
148,0.2703190330362362,0.27025089605734764,0.12098765432098765,-0.22094140249759842,-0.15062370062370067,0.2686346108255158,0.26953405017921145,0.12158808933002481,-0.21998078770413065,-0.14458073458073462,0.2714160360255276,0.2630824372759857,0.20648967551622419,0.35286583413384565,0.0487941787941788,0.357440055934511,0.3634408602150538,0.08208955223880597,-0.24111431316042264,-0.14155925155925153,-0.0016844222107204043,-0.0007168458781361964,0.0006004350090371563
149,0.27667662467898135,0.2817204301075269,0.135678391959799,-0.2206896551724138,-0.1320862750133167,0.2751906648149357,0.2845878136200717,0.135678391959799,-0.2206896551724138,-0.1320862750133167,0.2949765411464973,0.2860215053763441,0.20116618075801748,0.3734811165845648,0.03434239680190443,0.3630346166897717,0.36845878136200716,0.07788944723618091,-0.2403940886699507,-0.1320862750133167,-0.0014859598640456495,0.0028673835125447855,0.0
150,0.2681615166961444,0.27598566308243727,0.1291866028708134,-0.2334630350194552,-0.1350467014720842,0.26646026084484087,0.2724014336917563,0.1291866028708134,-0.2334630350194552,-0.1350467014720842,0.2804905055834281,0.2731182795698925,0.20498614958448755,0.5775430794886047,0.03210001092923742,0.3507966047039285,0.36129032258064514,0.081145584725537,-0.2363813229571985,-0.13797909993526536,-0.0017012558513035403,-0.003584229390680982,0.0
151,0.2784181868116674,0.2867383512544803,0.12207792207792208,-0.23719165085388993,-0.1187412249873605,0.2764177157849022,0.2853046594982079,0.12435233160621761,-0.24003795066413658,-0.12181347031601497,0.2828730875911588,0.2731182795698925,0.16964285714285715,0.24082407156410957,0.03179879611670999,0.3616299350855616,0.36917562724014336,0.06060606060606061,-0.2561669829222012,-0.15253592360255996,-0.002000471026765205,-0.0014336917562723928,0.0022744095282955373
152,0.2558152616512273,0.2645161290322581,0.11735941320293398,-0.2335271317829457,-0.16005570404200298,0.25441704762677947,0.26523297491039427,0.11764705882352941,-0.23449612403100772,-0.15703869009004334,0.2642350263130851,0.26021505376344084,0.16216216216216217,0.44262545899632805,0.06923735630692585,0.3375534272525659,0.34767025089605735,0.05925925925925926,-0.24321705426356588,-0.14798764823416455,-0.0013982140244478414,0.0007168458781361964,0.0002876456205954253
153,0.25614910221000137,0.26594982078853047,0.13901345291479822,-0.23499491353001012,-0.15096802297703438,0.25528954375944934,0.26523297491039427,0.14157303370786517,-0.23397761953204477,-0.14813327850226665,0.2698032560263718,0.2637992831541219,0.20316622691292877,0.2904374364191251,0.03895985683240055,0.33640553402701207,0.34695340501792116,0.0975609756097561,-0.2522889114954222,-0.16514174535087278,-0.0008595584505520226,-0.0007168458781361964,0.002559580793066951
154,0.2781047245105935,0.2845878136200717,0.12682926829268293,-0.2265625,-0.13437125422251284,0.27755737888056065,0.2853046594982079,0.13022113022113022,-0.2255859375,-0.125463114307508,0.28752789758688824,0.2802867383512545,0.19411764705882353,0.39118726325757575,0.0734853437942683,0.35842214490213353,0.3655913978494624,0.07710843373493977,-0.244140625,-0.14921815408085426,-0.0005473456300328361,0.0007168458781361964,0.0033918619284472873
155,0.2739416115176965,0.27598566308243727,0.10164835164835165,-0.21110100090991812,-0.13439657453513265,0.2724694613159085,0.2745519713261649,0.10220994475138122,-0.2129208371246588,-0.12794237106858886,0.2681859039160489,0.2616487455197133,0.15806451612903225,0.5701489990900819,0.03986691906154993,0.3585180385729364,0.36630824372759857,0.07142857142857142,-0.24567788898999088,-0.17957599880093922,-0.0014721502017880361,-0.0014336917562723928,0.0005615931030295701
156,0.28285661510062843,0.28817204301075267,0.12345679012345678,-0.22331047992164543,-0.14274034555737813,0.2817523027280058,0.28817204301075267,0.12345679012345678,-0.2203721841332027,-0.14274034555737813,0.288772166955751,0.2810035842293907,0.19696969696969696,0.44207359731355816,0.08287064107672326,0.36502733960639067,0.3720430107526882,0.08958837772397095,-0.25171400587659154,-0.1668055174650156,-0.0011043123726226511,0.0,0.0
157,0.2645297558546178,0.27025089605734764,0.12100456621004566,-0.22118380062305298,-0.11623759305210912,0.2637635494381182,0.26953405017921145,0.1232876712328767,-0.22429906542056077,-0.11623759305210912,0.28722844112933194,0.2838709677419355,0.21236559139784947,0.47144340602284535,0.06971153846153844,0.3449572333696456,0.353405017921147,0.07589285714285714,-0.24922118380062308,-0.14441170388751035,-0.0007662064164996041,-0.0007168458781361964,0.00228310502283105
158,0.2669520957730297,0.2738351254480287,0.10594315245478036,-0.2276657060518732,-0.1328767123287672,0.26582150554824147,0.2731182795698925,0.10621761658031088,-0.22958693563880883,-0.12979009592580792,0.2685258605148663,0.2630824372759857,0.17133956386292834,0.45307766201137956,0.07083997026653921,0.3482787844781243,0.35770609318996416,0.075,-0.2487992315081652,-0.1730027255672365,-0.0011305902247882305,-0.0007168458781361964,0.0002744641255305186
159,0.2610721609434741,0.26523297491039427,0.09158415841584158,-0.23426911907066794,-0.15821249302844398,0.26034570836006704,0.26810035842293906,0.095,-0.2333010648596321,-0.14605409927495816,0.2798929536336908,0.27025089605734764,0.16037735849056603,0.3852613746369797,0.10319297267150018,0.34284251947314826,0.35197132616487453,0.04950495049504951,-0.24007744433688283,-0.15821249302844398,-0.0007264525834070334,0.0028673835125447855,0.003415841584158419
160,0.2956771723590119,0.30752688172043013,0.14871794871794872,-0.2227674190382728,-0.13144193900165335,0.2953861248906314,0.3046594982078853,0.14910025706940874,-0.2227674190382728,-0.12837443275758953,0.309246747143322,0.3032258064516129,0.22424242424242424,0.31495140713539527,0.0526084356421711,0.3743118750493997,0.3813620071684588,0.078125,-0.2345436702649657,-0.11303690153727097,-0.0002910474683805453,-0.002867383512544841,0.0003823083514600256
161,0.2847537452925983,0.2924731182795699,0.12530120481927712,-0.22687439143135346,-0.1414935191543112,0.2838945717645268,0.2917562724014337,0.12530120481927712,-0.2288218111002921,-0.1414935191543112,0.30250897359006756,0.2967741935483871,0.19186046511627908,0.4035824407659851,0.06844349499419311,0.3682625774381769,0.37921146953405016,0.08470588235294117,-0.25413826679649465,-0.17106211269635396,-0.0008591735280714663,-0.0007168458781361964,0.0
162,0.26066532662296943,0.26953405017921145,0.08020050125313283,-0.22178988326848248,-0.12728447352601802,0.26024015903640607,0.26953405017921145,0.08040201005025126,-0.22081712062256809,-0.12427190503499697,0.26977760229228065,0.2645161290322581,0.14201183431952663,0.3640564202334631,0.056482204426264615,0.3477782277451237,0.35555555555555557,0.06428571428571428,-0.25875486381322954,-0.19054841183745952,-0.0004251675865633575,0.0,0.00020150879711842984
163,0.27586977663974643,0.27956989247311825,0.12280701754385964,-0.23896353166986561,-0.16446476964769652,0.2752671684908052,0.27956989247311825,0.12342569269521411,-0.23704414587332057,-0.15831074977416448,0.299651819436298,0.2982078853046595,0.2057877813504823,0.39213886338980225,0.10631210478771447,0.368051105113086,0.37992831541218636,0.08793969849246232,-0.24472168905950098,-0.16138775971093045,-0.0006026081489412527,0.0,0.0006186751513544697
164,0.2658811147752213,0.2731182795698925,0.10679611650485436,-0.23359073359073357,-0.15066851146606752,0.2643694765693469,0.26881720430107525,0.10679611650485436,-0.23359073359073357,-0.15066851146606752,0.2691340082793996,0.2637992831541219,0.1623931623931624,0.28088803088803094,0.03150086303734345,0.3484717061048455,0.353405017921147,0.05121951219512195,-0.2287644787644788,-0.14469574508890648,-0.0015116382058744104,-0.004301075268817234,0.0
165,0.2972903046375707,0.3039426523297491,0.10552763819095477,-0.21032132424537486,-0.12427190503499697,0.29638546443571445,0.3039426523297491,0.10579345088161209,-0.21129503407984418,-0.12125933654397592,0.2970179417348438,0.2917562724014337,0.1524390243902439,0.34780287087351197,0.0866078893364749,0.3744255790164086,0.3835125448028674,0.0535279805352798,-0.24634858812074,-0.1634352954182703,-0.0009048402018562718,0.0,0.0002658126906573133
166,0.269874855106876,0.27025089605734764,0.1076555023923445,-0.23450905624404195,-0.16595961513141588,0.2691890137297452,0.2716845878136201,0.1079136690647482,-0.23450905624404195,-0.1629775162741548,0.28649376450810166,0.27956989247311825,0.16,0.40184791376402434,0.036823107162338053,0.3530221310088927,0.3627240143369176,0.05555555555555555,-0.23736892278360344,-0.15403121970237144,-0.0006858413771307914,0.0014336917562724483,0.0002581666724036924
167,0.24408238667932564,0.24874551971326164,0.1259259259259259,-0.2359328726554788,-0.1453598844721441,0.2427935098074363,0.24516129032258063,0.12655086848635236,-0.23395853899308983,-0.1393347474901021,0.24899277790545188,0.24086021505376345,0.17579250720461095,0.2289356018814238,0.029369088007075383,0.3245947280979225,0.3326164874551971,0.08009708737864078,-0.24086870681145112,-0.16644786390929134,-0.0012888768718893329,-0.0035842293906810097,0.0006249425604264447
168,0.2705819937383251,0.27670250896057347,0.14095744680851063,-0.22045028142589118,-0.15040073887084904,0.26980989233659486,0.27741935483870966,0.14171122994652408,-0.2185741088180112,-0.1440341837284138,0.2846093103264877,0.27813620071684586,0.20195439739413681,0.49061913696060033,0.06924541354316682,0.36135719388203397,0.36630824372759857,0.09523809523809523,-0.23733583489681054,-0.15676729401328438,-0.0007721014017302297,0.0007168458781361964,0.0007537831380134419
169,0.262009382640353,0.26881720430107525,0.09263657957244656,-0.21997981836528757,-0.15407388120643217,0.2601078743630847,0.26523297491039427,0.0924170616113744,-0.2260343087790111,-0.15702250183020738,0.2775103595121196,0.26881720430107525,0.13966480446927373,0.41166797473558325,0.031689218091410676,0.35724001794394483,0.3648745519713262,0.04941176470588235,-0.24823410696266401,-0.16586836370153335,-0.0019015082772683156,-0.003584229390680982,-0.00021951796107215482
170,0.28565387251691626,0.2953405017921147,0.16209476309226933,-0.2274052478134111,-0.1307077596035594,0.2852267187404327,0.2946236559139785,0.16458852867830423,-0.2274052478134111,-0.1307077596035594,0.3030551909996483,0.2917562724014337,0.2261904761904762,0.315541601255887,0.06482176214599511,0.36650859092106386,0.3763440860215054,0.09273182957393483,-0.23517978620019442,-0.1246914666266501,-0.00042715377648355757,-0.0007168458781361964,0.002493765586034896
171,0.2692354388284646,0.27025089605734764,0.11325301204819277,-0.21073558648111335,-0.14406065997949025,0.26647040562976787,0.26881720430107525,0.11325301204819277,-0.21371769383697814,-0.14406065997949025,0.2711052727052664,0.26738351254480286,0.16521739130434782,0.35156801128711607,0.06321011633513751,0.35350266979637984,0.35770609318996416,0.07511737089201878,-0.24850894632206755,-0.17663178197178886,-0.0027650331986967536,-0.0014336917562723928,0.0
172,0.2619338424648386,0.2716845878136201,0.11538461538461539,-0.21709233791748528,-0.1141776868256772,0.26130544327402844,0.26953405017921145,0.11538461538461539,-0.2180746561886051,-0.1141776868256772,0.2794171171118101,0.2745519713261649,0.1791907514450867,0.3447282252783235,0.08943048752216132,0.33912755283333135,0.34838709677419355,0.07339449541284404,-0.2514734774066798,-0.17235145092505955,-0.0006283991908101472,-0.0021505376344086446,0.0
173,0.27419372704158884,0.2853046594982079,0.1366906474820144,-0.22145669291338588,-0.13972688777680975,0.27294707723337736,0.2838709677419355,0.1366906474820144,-0.22342519685039375,-0.13972688777680975,0.28131267338380406,0.2716845878136201,0.19230769230769232,0.1823252207110475,0.016333380607951642,0.35460999055923137,0.3634408602150538,0.07416267942583732,-0.23523622047244097,-0.14267142114256004,-0.0012466498082114863,-0.0014336917562723928,0.0
174,0.26612441127474923,0.2724014336917563,0.10401891252955082,-0.23564356435643563,-0.15739408797131105,0.26490120789441884,0.2731182795698925,0.10476190476190476,-0.23366336633663365,-0.1485604878740604,0.27175665629562,0.2623655913978495,0.16056338028169015,0.28088808880888094,0.04283418089970348,0.34452003499847433,0.35197132616487453,0.052132701421800945,-0.24158415841584158,-0.15444955460556087,-0.0012232033803303843,0.0007168458781361964,0.0007429922323539395
175,0.2898894490551772,0.2960573476702509,0.1462140992167102,-0.2129894937917861,-0.12854244352806654,0.2890917767601313,0.2967741935483871,0.1462140992167102,-0.21107927411652339,-0.12854244352806654,0.31125821935387854,0.3046594982078853,0.2204968944099379,0.4234718242597899,0.06063208733211356,0.3825581387130381,0.3921146953405018,0.08762886597938144,-0.23973256924546327,-0.14404855261496663,-0.0007976722950459036,0.0007168458781361964,0.0
176,0.27255965287940187,0.2810035842293907,0.12224938875305623,-0.23772858517805584,-0.14691052721964615,0.2722742945880886,0.2802867383512545,0.12254901960784313,-0.23676612127045238,-0.14391550747037607,0.2827421435605055,0.2716845878136201,0.1786743515850144,0.30396584487056094,0.038780697235102246,0.3526563972577902,0.35913978494623655,0.06601466992665037,-0.2386910490856593,-0.14691052721964615,-0.0002853582913132646,-0.0007168458781361964,0.0002996308547869031
177,0.269601040078176,0.27598566308243727,0.11448598130841121,-0.24493927125506076,-0.15414858480705718,0.26853885403306327,0.2709677419354839,0.11448598130841121,-0.24595141700404854,-0.15414858480705718,0.28105589591078467,0.2738351254480287,0.16477272727272727,0.29453441295546556,0.0675061666457627,0.34907286728739245,0.35770609318996416,0.05568445475638051,-0.2510121457489879,-0.1628981144696684,-0.0010621860451127119,-0.005017921146953375,0.0
178,0.2887777050843197,0.2939068100358423,0.15776699029126215,-0.24070450097847362,-0.13262294109169825,0.2875238209799212,0.2939068100358423,0.15980629539951574,-0.2416829745596869,-0.13557980044590257,0.29594387737806915,0.2853046594982079,0.23160762942779292,0.4259832081307998,0.00043572984749462584,0.36435766911295164,0.36774193548387096,0.06598984771573604,-0.226027397260274,-0.0793994727160211,-0.0012538841043985283,0.0,0.002039305108253592
179,0.262357189923357,0.25878136200716845,0.11809045226130653,-0.21730580137659783,-0.1037837653245911,0.2615429308358221,0.26021505376344084,0.12090680100755667,-0.21730580137659783,-0.10080592835433533,0.2649666431759151,0.25519713261648747,0.18,0.4224434611602753,0.03915240924768637,0.34129205428889986,0.34551971326164876,0.07673860911270983,-0.24188790560471973,-0.16036266775945096,-0.0008142590875349076,0.0014336917562723928,0.0028163487462501413
180,0.270215285572724,0.2716845878136201,0.10926365795724466,-0.2317682317682318,-0.1387737922962511,0.26885261794765797,0.2738351254480287,0.11244019138755981,-0.2317682317682318,-0.13000055335796057,0.28545423488551214,0.27813620071684586,0.16901408450704225,0.384948384948385,0.05423746434614052,0.35712932328592156,0.36630824372759857,0.06807511737089202,-0.24675324675324672,-0.15339585719340199,-0.0013626676250660386,0.002150537634408589,0.0031765334303151538
181,0.2668833714461377,0.26738351254480286,0.1393643031784841,-0.22531160115052729,-0.11869043372112875,0.26630913410841833,0.27025089605734764,0.1393643031784841,-0.22435282837967396,-0.11869043372112875,0.28080461347511704,0.2738351254480287,0.1930835734870317,0.3624480664749121,0.06412404495293877,0.3514001340418683,0.35842293906810035,0.09047619047619047,-0.24352828379674019,-0.15112526058265696,-0.0005742373377193855,0.0028673835125447855,0.0
182,0.267868942619624,0.27025089605734764,0.1509433962264151,-0.23385518590998045,-0.16033862133706134,0.2668571887229135,0.27025089605734764,0.15,-0.23287671232876717,-0.1485604878740604,0.2841676066499685,0.2831541218637993,0.21052631578947367,0.43969044653976164,0.08111311465445625,0.34914265418086454,0.3548387096774194,0.0889423076923077,-0.23972602739726023,-0.13678235441105957,-0.0010117538967105433,0.0,-0.0009433962264150941
183,0.27553467374185264,0.2802867383512545,0.13390928725701945,-0.2382445141065831,-0.14542607081834924,0.2736170657613092,0.27670250896057347,0.13390928725701945,-0.2403343782654127,-0.14542607081834924,0.26932220688886843,0.2637992831541219,0.19083969465648856,0.2642807384186694,0.047890508833687284,0.3404623608142592,0.34982078853046594,0.0815450643776824,-0.24660397074190177,-0.15371106708915072,-0.0019176079805434676,-0.0035842293906810374,0.0
184,0.28576494777969874,0.2974910394265233,0.11904761904761904,-0.23154701718907988,-0.15627781592533252,0.2850641345500472,0.2953405017921147,0.11904761904761904,-0.23154701718907988,-0.15627781592533252,0.2923814400836988,0.2853046594982079,0.14201183431952663,0.44685659906025094,0.08618465111941875,0.3680933751696965,0.3827956989247312,0.0591016548463357,-0.24671385237613752,-0.16514839398794534,-0.0007008132296515424,-0.002150537634408589,0.0
185,0.2853852458127476,0.2974910394265233,0.09950248756218906,-0.22916666666666663,-0.14419017841806014,0.28408773425508926,0.2931899641577061,0.10173697270471464,-0.23015873015873012,-0.14721615426924595,0.28373199038015373,0.27741935483870966,0.15339233038348082,0.3842771342771342,0.04644630020664775,0.3751186445065228,0.3813620071684588,0.058394160583941604,-0.24503968253968256,-0.1714239610787326,-0.0012975115576583374,-0.004301075268817178,0.002234485142525583
186,0.26953933901811683,0.26810035842293906,0.12345679012345678,-0.2227674190382728,-0.13234318168956838,0.26856654415082437,0.2731182795698925,0.12468827930174564,-0.22080471050049066,-0.1203804212688826,0.2841642849870557,0.2716845878136201,0.19881305637982197,0.3080857644154994,0.07102374546209078,0.35772805299718186,0.36415770609319,0.06896551724137931,-0.2345436702649657,-0.13533387179473988,-0.0009727948672924591,0.00501792114695343,0.0012314891782888582
187,0.26932630269714974,0.27670250896057347,0.12807881773399016,-0.2361660079051383,-0.13533387179473988,0.26793995967874645,0.2731182795698925,0.12839506172839507,-0.2351778656126482,-0.13234318168956838,0.26945566191009973,0.25949820788530464,0.1742857142857143,0.35560454038714906,0.03214477409486183,0.3518657083891389,0.35770609318996416,0.0774818401937046,-0.24505928853754944,-0.15626870253094016,-0.001386343018403291,-0.003584229390680982,0.00031624399440491335
188,0.25876935555030356,0.2623655913978495,0.11924119241192412,-0.2168224299065421,-0.15053208320149214,0.257181942435333,0.2616487455197133,0.11924119241192412,-0.21775700934579434,-0.15053208320149214,0.2697445696285542,0.26021505376344084,0.18092105263157895,0.24117647058823533,0.05922952946118132,0.3460085853139813,0.34480286738351257,0.0681198910081744,-0.23738317757009342,-0.14407787973494846,-0.0015874131149705706,-0.0007168458781361964,0.0
189,0.2708450035407801,0.27813620071684586,0.10891089108910891,-0.22495088408644404,-0.1242102311297606,0.27012783775566346,0.2802867383512545,0.10891089108910891,-0.22495088408644404,-0.1242102311297606,0.2839795773875623,0.27813620071684586,0.1744186046511628,0.11808868930676397,0.05471570030590456,0.3553395709419316,0.35770609318996416,0.0488997555012225,-0.23673870333988212,-0.13912072541606602,-0.000717165785116658,0.0021505376344086446,0.0
190,0.2700367129923482,0.27598566308243727,0.12244897959183673,-0.22929292929292933,-0.1565010516153501,0.26860432977016535,0.27670250896057347,0.12300683371298406,-0.22626262626262628,-0.15077422204271151,0.27665920685111445,0.2724014336917563,0.1581769436997319,0.3324597324597324,0.038211153854363133,0.3505328746438542,0.36057347670250894,0.05429864253393665,-0.24747474747474751,-0.15936446640166946,-0.0014323832221828647,0.0007168458781361964,0.0005578541211473248
191,0.2742468702120003,0.27885304659498206,0.1348314606741573,-0.23326572008113589,-0.1505875077303649,0.273778521970456,0.27956989247311825,0.13574660633484162,-0.2302231237322515,-0.14207271425316548,0.2977514668425062,0.28817204301075267,0.1837837837837838,0.49682034976152617,0.06228232919962251,0.3605451678032152,0.3741935483870968,0.08705357142857142,-0.26064908722109537,-0.1591023012075643,-0.0004683482415442919,0.0007168458781361964,0.0009151456606843189
192,0.27343874372962457,0.2752688172043011,0.12039312039312039,-0.2354709418837675,-0.13832456189991138,0.2723379828208082,0.27598566308243727,0.12128712871287128,-0.23346693386773543,-0.129352491584397,0.28363331772853034,0.27598566308243727,0.1810344827586207,0.49058116232464927,0.03812615430520472,0.3584478090087681,0.36845878136200716,0.07913669064748201,-0.24949899799599196,-0.16823146295162583,-0.0011007609088163894,0.0007168458781361964,0.0008940083197508941
193,0.26915484635737585,0.27670250896057347,0.09068627450980392,-0.22786069651741292,-0.15703869009004334,0.2680038137959341,0.2738351254480287,0.09090909090909091,-0.22686567164179106,-0.1540216761380837,0.2767333224757621,0.26953405017921145,0.13855421686746988,0.4428571428571429,0.07225437025888537,0.35116176996853654,0.36129032258064514,0.05555555555555555,-0.24477611940298505,-0.17514077380180082,-0.0011510325614417782,-0.0028673835125447855,0.00022281639928699304
194,0.28503337421989544,0.28888888888888886,0.1362530413625304,-0.2067594433399602,-0.13477478028900347,0.28378291006137885,0.2860215053763441,0.13658536585365855,-0.2067594433399602,-0.13180959570456285,0.2932734283142309,0.2810035842293907,0.19154929577464788,0.3129916155242458,0.03127555643967017,0.36547350538981904,0.3734767025089606,0.07352941176470588,-0.2405566600397614,-0.12587922653568162,-0.0012504641585165954,-0.0028673835125447855,0.0003323244911281331
195,0.28361203746302427,0.28745519713261647,0.12646370023419204,-0.2250489236790607,-0.15632027017283212,0.28201433743973825,0.2838709677419355,0.1261682242990654,-0.22994129158512722,-0.15924468315226237,0.2873967316858376,0.2810035842293907,0.18487394957983194,0.2906066536203522,0.048388638387280136,0.36085591283057233,0.37132616487455194,0.08372093023255814,-0.24461839530332685,-0.16509350911112264,-0.0015977000232860195,-0.003584229390680982,-0.0002954759351266323
196,0.2756171934916659,0.2831541218637993,0.14018691588785046,-0.23061825318940132,-0.14153626366324457,0.2738245298547544,0.2831541218637993,0.14814814814814814,-0.2355250245338567,-0.153124688527858,0.27806340397020646,0.26738351254480286,0.1806282722513089,0.4406759376720361,-0.008269377720190096,0.3568896419583849,0.3648745519713262,0.06855791962174941,-0.23356231599607458,-0.1270507325824778,-0.0017926636369114957,0.0,0.007961232260297685
197,0.26377588055135276,0.2709677419354839,0.10972568578553615,-0.22526934378060726,-0.11526393455797734,0.26184906278211273,0.2731182795698925,0.11278195488721804,-0.22526934378060726,-0.10929973684345518,0.26755365670530706,0.25591397849462366,0.16857142857142857,0.5245303178701808,0.036823107162338053,0.3475547241753704,0.35268817204301073,0.06698564593301436,-0.25171400587659154,-0.16595961513141588,-0.0019268177692400301,0.002150537634408589,0.0030562691016818855
198,0.2666639967674908,0.26666666666666666,0.12183908045977011,-0.23139653414882777,-0.16435095470098116,0.2649809955292871,0.26953405017921145,0.12268518518518519,-0.22833843017329258,-0.1556481138022865,0.2813600344572149,0.2738351254480287,0.18478260869565216,0.24539218117199768,0.030012492036534555,0.3535950775879696,0.3634408602150538,0.07142857142857142,-0.2609582059123343,-0.1614500077347496,-0.0016830012382036963,0.0028673835125447855,0.0008461047254150755
199,0.28588789632223416,0.2910394265232975,0.12296983758700696,-0.235,-0.1427115340385433,0.28590315334685984,0.2910394265232975,0.12354312354312354,-0.235,-0.13694012995587057,0.30513866147993424,0.2982078853046595,0.17032967032967034,0.30000000000000004,0.05063050273099268,0.3680800771137598,0.37777777777777777,0.05542725173210162,-0.258,-0.14848293812121593,1.5257024625681126e-05,0.0,0.0005732859561165815
200,0.27482527645717614,0.2745519713261649,0.12403100775193798,-0.22001888574126538,-0.12488571564466955,0.27387676730813126,0.2745519713261649,0.12435233160621761,-0.21907459867799817,-0.12181347031601497,0.2831713481504276,0.27670250896057347,0.19701492537313434,0.23490383181750407,0.03487104144536457,0.3576823445643513,0.35985663082437275,0.06683804627249357,-0.2407932011331445,-0.13103020630197848,-0.0009485091490448738,0.0,0.0003213238542796315
201,0.2849254733890129,0.2931899641577061,0.12142857142857143,-0.2223300970873786,-0.12332107451231211,0.2837557599888377,0.2917562724014337,0.12142857142857143,-0.22427184466019412,-0.12332107451231211,0.2935236094284352,0.2939068100358423,0.19220055710306408,0.42459546925566344,0.053872188466048465,0.3631135651885169,0.36845878136200716,0.06635071090047394,-0.2359223300970874,-0.12913068969193042,-0.001169713400175243,-0.0014336917562723928,0.0
202,0.25867131706513186,0.2630824372759857,0.11138014527845036,-0.21939275220372179,-0.11288615598960428,0.25761686836415526,0.2623655913978495,0.11165048543689321,-0.21841332027424099,-0.10996570479329093,0.27462916760652517,0.26810035842293906,0.1844380403458213,0.4062564924465023,0.07986362296707117,0.33925058862232904,0.34838709677419355,0.07476635514018691,-0.24094025465230162,-0.15669292393430323,-0.0010544487009765957,-0.0007168458781361964,0.00027034015844285
203,0.2645006123487086,0.2731182795698925,0.11139240506329114,-0.23032629558541262,-0.14410403659896565,0.2634691421264629,0.26881720430107525,0.11139240506329114,-0.23032629558541262,-0.14410403659896565,0.281380504848442,0.2752688172043011,0.16265060240963855,0.20296274422953886,0.04885189185392025,0.35254213054095357,0.36415770609319,0.07178217821782178,-0.23704414587332057,-0.17166916923509223,-0.0010314702222457006,-0.004301075268817234,0.0
204,0.27201354121401994,0.2810035842293907,0.09785202863961814,-0.2303206997084548,-0.12789999581922318,0.2716052510033132,0.27956989247311825,0.10023866348448687,-0.22934888241010687,-0.12789999581922318,0.28352221899163255,0.2752688172043011,0.15803814713896458,0.3869640879607657,0.023758518332706258,0.35377052814762405,0.3634408602150538,0.06451612903225806,-0.2517006802721088,-0.17164764413227973,-0.0004082902107067632,-0.0014336917562724483,0.002386634844868729
205,0.2866385154356077,0.2896057347670251,0.12189616252821671,-0.24127617148554337,-0.17480351913911973,0.28572149634466093,0.28817204301075267,0.12189616252821671,-0.24327018943170486,-0.17480351913911973,0.28531858953292644,0.2845878136200717,0.1724137931034483,0.15205734148904637,0.01540449609021266,0.365437809963913,0.3720430107526882,0.0684931506849315,-0.2502492522432702,-0.16039382101568544,-0.000917019090946769,-0.0014336917562724483,0.0
206,0.2842876521184398,0.28817204301075267,0.14177215189873418,-0.2203557312252964,-0.12823190161201337,0.2824770425986348,0.2853046594982079,0.14105793450881612,-0.22430830039525695,-0.13430196842103437,0.30143042528886527,0.2946236559139785,0.21212121212121213,0.3892045454545454,0.06904526968116487,0.36624798452091717,0.3734767025089606,0.06459948320413436,-0.23814229249011853,-0.10395163437592991,-0.0018106095198049954,-0.0028673835125447855,-0.0007142173899180593
207,0.27262921929966866,0.2810035842293907,0.12289156626506025,-0.2434607645875252,-0.14406065997949025,0.2718602865753825,0.27956989247311825,0.12318840579710146,-0.2424547283702213,-0.14109964888928128,0.2942885314597656,0.28745519713261647,0.16569767441860464,0.38600568930826334,0.06617112742534659,0.35737875237564526,0.3720430107526882,0.07109004739336493,-0.24647887323943662,-0.1647877376109531,-0.000768932724286131,-0.0014336917562724483,0.00029683953204120983
208,0.27470888785472364,0.2817204301075269,0.10829493087557604,-0.23208879919273462,-0.14637048528307484,0.2736528561091928,0.2817204301075269,0.10854503464203233,-0.23208879919273462,-0.14349228877684894,0.28762783218878557,0.2810035842293907,0.15864022662889518,0.37768487818941904,0.08676343172122425,0.35738447543962215,0.36917562724014336,0.05895691609977324,-0.24823410696266401,-0.16651786082665632,-0.0010560317455308166,0.0,0.00025010376645628885
209,0.2798416220831372,0.28888888888888886,0.10178117048346055,-0.2294288480154889,-0.1677958833619212,0.278996514588601,0.28817204301075267,0.10204081632653061,-0.22846079380445306,-0.16467981703830759,0.27811776101837576,0.26810035842293906,0.1388888888888889,0.49266788569789544,0.04721269296740993,0.3636504135235369,0.3741935483870968,0.05583756345177665,-0.24491771539206197,-0.17091194968553458,-0.0008451074945362014,-0.0007168458781361964,0.000259645843070061
210,0.2805035566765441,0.28817204301075267,0.11479591836734694,-0.23564356435643563,-0.140246942287942,0.27954952402554234,0.28817204301075267,0.11479591836734694,-0.2376237623762376,-0.140246942287942,0.285131276118885,0.2752688172043011,0.16718266253869968,0.41012101210121016,0.0717379853892186,0.3616802530354031,0.36630824372759857,0.0625,-0.2495049504950495,-0.16482490491717794,-0.0009540326510017461,0.0,0.0
211,0.2606544316062129,0.26738351254480286,0.12839506172839507,-0.23384030418250945,-0.15326810597161766,0.25947309737161295,0.26738351254480286,0.12903225806451613,-0.23384030418250945,-0.14721615426924595,0.2738675316233514,0.26953405017921145,0.19584569732937684,0.282113862912342,0.05249825190901947,0.3506195676864232,0.35698924731182796,0.07462686567164178,-0.24049429657794674,-0.14419017841806014,-0.001181334234599929,0.0,0.0006371963361210542
212,0.2853635016646327,0.2917562724014337,0.1393643031784841,-0.22352941176470587,-0.12629459343823646,0.2845703248959859,0.2931899641577061,0.13970588235294118,-0.2245098039215686,-0.12333358234802738,0.2900693161644442,0.2853046594982079,0.18181818181818182,0.3970588235294118,0.07505416069597337,0.36321139616192444,0.374910394265233,0.08293838862559241,-0.25,-0.1647877376109531,-0.0007931767686468194,0.0014336917562723928,0.0003415791744570684
213,0.2749495414659718,0.27813620071684586,0.11604938271604938,-0.23883495145631073,-0.1144505490774006,0.2736043744409019,0.27741935483870966,0.11604938271604938,-0.23786407766990292,-0.1144505490774006,0.275167827403963,0.27025089605734764,0.18028169014084508,0.1577490111470694,0.033600005433047864,0.35547249361173094,0.36129032258064514,0.08133971291866028,-0.2543689320388349,-0.15294369325011714,-0.001345167025069871,-0.0007168458781361964,0.0
214,0.2787519280131165,0.2867383512544803,0.10955710955710955,-0.22356495468277948,-0.14946434282059484,0.27800015129132194,0.2853046594982079,0.11395348837209303,-0.2275931520644512,-0.152369150410404,0.2803687311056044,0.2752688172043011,0.1565934065934066,0.33187148750933954,0.039348150517002356,0.3626675054213813,0.3734767025089606,0.07077625570776255,-0.25276938569989926,-0.17560761112887746,-0.0007517767217945504,-0.0014336917562723928,0.004396378814983476
215,0.2622007309895214,0.26738351254480286,0.10025062656641603,-0.23180076628352486,-0.15904949519822698,0.26139572460206373,0.2637992831541219,0.10050251256281408,-0.23180076628352486,-0.15598198895416338,0.27623483204666804,0.2716845878136201,0.1625,0.33697318007662835,0.08328349808280855,0.34617656668422037,0.35555555555555557,0.06930693069306931,-0.23946360153256707,-0.17438702641854575,-0.0008050063874576741,-0.003584229390680982,0.00025188599639804077
216,0.2832216868858746,0.2931899641577061,0.10565110565110565,-0.2299196787148594,-0.13832456189991138,0.2824864536219537,0.2917562724014337,0.10565110565110565,-0.23293172690763053,-0.13832456189991138,0.2978504521142972,0.2917562724014337,0.1661807580174927,0.32962619709607655,0.053079604831062,0.3685046962049808,0.374910394265233,0.053268765133171914,-0.2449799196787149,-0.15626870253094016,-0.0007352332639209425,-0.0014336917562723928,0.0
217,0.2662003025563689,0.26881720430107525,0.11007025761124122,-0.24361493123772104,-0.17176560494908388,0.2655243015945525,0.27025089605734764,0.11007025761124122,-0.24361493123772104,-0.17176560494908388,0.2897374351411867,0.2824372759856631,0.1511627906976744,0.35861804590540997,0.07296990682426463,0.35496037074768344,0.36129032258064514,0.0591016548463357,-0.2514734774066798,-0.15997112245398282,-0.0006760009618164142,0.0014336917562723928,0.0
218,0.2625207473779858,0.27025089605734764,0.12993039443155452,-0.22939424031777556,-0.13032399339782075,0.2618687496511025,0.2709677419354839,0.13023255813953488,-0.23237338629592852,-0.12745691157419892,0.26886121539938934,0.25949820788530464,0.1772853185595568,0.3523833167825224,0.07037173425570953,0.33980620686408297,0.34695340501792116,0.06636155606407322,-0.2363455809334657,-0.14752648433955196,-0.000651997726883291,0.0007168458781362519,0.00030216370798036296
219,0.26659269545607156,0.27025089605734764,0.1016949152542373,-0.2313803376365442,-0.13557980044590257,0.26588237218369914,0.27025089605734764,0.10144927536231885,-0.23237338629592852,-0.13853665980010688,0.2740011214471386,0.2645161290322581,0.13872832369942195,0.43630302170520635,0.06252977628578449,0.3421528389942406,0.34982078853046594,0.03579952267303103,-0.24826216484607744,-0.15332095657112832,-0.0007103232723724151,0.0,-0.0002456398919184477
220,0.2630671109303345,0.26666666666666666,0.09624413145539906,-0.22987390882638215,-0.14326456887536843,0.2625674086887492,0.26738351254480286,0.09647058823529411,-0.22987390882638215,-0.14035588067039928,0.28448271777979106,0.27885304659498206,0.1685082872928177,0.2542515357258325,0.04289147624265521,0.34983549493675553,0.35627240143369177,0.05128205128205128,-0.24054316197866155,-0.15199063349027575,-0.0004997022415852981,0.0007168458781361964,0.0002264567798950512
221,0.27804301456472735,0.28745519713261647,0.1360381861575179,-0.2233400402414487,-0.15332095657112832,0.27701424182095524,0.28745519713261647,0.13842482100238662,-0.22434607645875249,-0.15332095657112832,0.2900421219804956,0.2802867383512545,0.17941176470588235,0.435774647887324,0.08027093241101024,0.36095785981068135,0.36630824372759857,0.07363420427553444,-0.23943661971830987,-0.15923467527953683,-0.0010287727437721106,0.0,0.002386634844868729
222,0.2880843862821192,0.3010752688172043,0.16743119266055045,-0.2216547497446374,-0.15212687829552685,0.2874172796590427,0.3010752688172043,0.16820276497695852,-0.21756894790602654,-0.14637048528307484,0.29733412632169015,0.2924731182795699,0.21508379888268156,0.4926796050391556,0.07237244919009467,0.3622211098257789,0.37060931899641575,0.08430913348946135,-0.23697650663942804,-0.12622310973949347,-0.0006671066230765077,0.0,0.0007715723164080646
223,0.24648391811370088,0.25089605734767023,0.0990990990990991,-0.22616632860040564,-0.14529853402749904,0.24566535002333192,0.25089605734767023,0.0990990990990991,-0.22819472616632863,-0.14529853402749904,0.2635946706500371,0.25949820788530464,0.16052631578947368,0.48693132425383945,0.03612511235763294,0.32391118588719403,0.3340501792114695,0.0467706013363029,-0.2565922920892495,-0.15947225640133733,-0.0008185680903689541,0.0,0.0
224,0.2684536632329913,0.26953405017921145,0.11421911421911422,-0.2361660079051383,-0.15961337513061646,0.26804015600011877,0.26953405017921145,0.11627906976744186,-0.23715415019762842,-0.1625338263269297,0.2892364656563546,0.27956989247311825,0.17366946778711484,0.2186649099692578,0.050659111003938606,0.3534811938729644,0.36129032258064514,0.058823529411764705,-0.2430830039525692,-0.14793157034536342,-0.0004135072328725342,0.0,0.0020599555483276355
225,0.27713830891850744,0.2845878136200717,0.11450381679389313,-0.23449612403100772,-0.14331918761659646,0.27569589317839915,0.2824372759856631,0.116751269035533,-0.23740310077519378,-0.14639143294525103,0.29414925350467697,0.2853046594982079,0.18126888217522658,0.4789702493190865,0.047160022759982656,0.368215488188591,0.3813620071684588,0.08521303258145363,-0.25290697674418605,-0.16175265958852347,-0.0014424157401082827,-0.002150537634408589,0.002247452241639872
226,0.2774744427167864,0.2817204301075269,0.11392405063291139,-0.22147001934235977,-0.12561600322511146,0.27705199548777937,0.2810035842293907,0.11450381679389313,-0.22340425531914898,-0.11955501803699142,0.2912365299983609,0.2802867383512545,0.16714697406340057,0.2994842037395229,0.01984764128976657,0.3568486486413934,0.3648745519713262,0.0691358024691358,-0.2437137330754352,-0.15592092916571088,-0.000422447229007028,-0.0007168458781361964,0.0005797661609817373
227,0.25981431220391693,0.26666666666666666,0.09156626506024096,-0.21407035175879396,-0.1389340376540702,0.25878056335608657,0.2637992831541219,0.09178743961352658,-0.2130653266331658,-0.13598130841121503,0.27539152756140634,0.2724014336917563,0.1642651296829971,0.39074861486921786,0.06185155086008398,0.3468772569887006,0.35555555555555557,0.05238095238095238,-0.24623115577889443,-0.15369768386834615,-0.0010337488478303625,-0.0028673835125447855,0.0002211745532856163
228,0.2657947269099902,0.2738351254480287,0.12839506172839507,-0.21835748792270526,-0.10689595122602769,0.26518247525683736,0.2731182795698925,0.13267813267813267,-0.221256038647343,-0.11279319247357822,0.27497779733821937,0.26810035842293906,0.19428571428571428,0.3054318369270649,0.05527818308161292,0.34729839701318804,0.353405017921147,0.08571428571428572,-0.25314009661835746,-0.15112526058265696,-0.0006122516531528177,-0.0007168458781361964,0.004283070949737594
229,0.28127128014600644,0.28888888888888886,0.1295843520782396,-0.22341463414634144,-0.13912072541606602,0.2800707516065651,0.28888888888888886,0.13054187192118227,-0.22341463414634144,-0.13017442884428287,0.2860262969368406,0.27598566308243727,0.19705882352941176,0.39799139167862274,0.0666440957349489,0.361225167783594,0.36989247311827955,0.07823960880195599,-0.23317073170731706,-0.13912072541606602,-0.001200528539441359,0.0,0.0009575198429426779
230,0.2687268156020953,0.2716845878136201,0.12949640287769784,-0.22519841269841268,-0.15256588779564706,0.2680229374172695,0.26881720430107525,0.12980769230769232,-0.22519841269841268,-0.14960070321120655,0.28578639957040936,0.27813620071684586,0.18980169971671387,0.3554505135387488,0.037205925608551405,0.35584918714177516,0.36774193548387096,0.08962264150943396,-0.25297619047619047,-0.17332217988673126,-0.0007038781848258124,-0.002867383512544841,0.00031128942999447684
231,0.24759103940746388,0.25663082437275986,0.11136363636363636,-0.23991935483870963,-0.14374533413704604,0.2471101336114953,0.2530465949820789,0.11161731207289294,-0.24294354838709675,-0.1408964010984074,0.265445810156925,0.25663082437275986,0.14854111405835543,0.2772177419354839,0.035737447297189195,0.33044186523861235,0.33835125448028674,0.04932735426008968,-0.2651209677419355,-0.16083893236887803,-0.0004809057959685725,-0.003584229390680982,0.0002536757092565789
232,0.28929693091737,0.2989247311827957,0.10649350649350649,-0.22265246853823817,-0.1320555066329574,0.287674842180827,0.2946236559139785,0.10677083333333333,-0.22652468538238146,-0.12895917961537373,0.2907402921496914,0.27885304659498206,0.1625,0.23904888673765734,0.06920574950998493,0.3759703260305698,0.3813620071684588,0.058823529411764705,-0.23814133591481124,-0.15063346873845973,-0.0016220887365430148,-0.004301075268817234,0.00027732683982684136
233,0.2835688669003248,0.2946236559139785,0.10948905109489052,-0.2250242483026188,-0.13734063419418108,0.2835247228546756,0.2953405017921147,0.10948905109489052,-0.2250242483026188,-0.13734063419418108,0.30016679119532513,0.2939068100358423,0.17630057803468208,0.4232541222114452,0.055669063964258414,0.37013241417065174,0.37992831541218636,0.0645933014354067,-0.24927255092143552,-0.1581262939958592,-4.4144045649174846e-05,0.0007168458781361964,0.0
234,0.28279632475453,0.2903225806451613,0.12655086848635236,-0.20964566929133854,-0.12894040872402546,0.2812824853860066,0.28888888888888886,0.1308641975308642,-0.21751968503937003,-0.13493044822256572,0.29001403238202084,0.2831541218637993,0.19710144927536233,0.43839740620657713,0.0447707367336424,0.3653760598765227,0.3741935483870968,0.07862407862407862,-0.24015748031496065,-0.140920487721106,-0.0015138393685233953,-0.0014336917562724483,0.004313329044511843
235,0.2808362012045738,0.28745519713261647,0.1180722891566265,-0.22893954410307238,-0.12624950608254093,0.2795415988673315,0.2867383512544803,0.1223021582733813,-0.23191278493557976,-0.13211430300890303,0.2744795855747169,0.26594982078853047,0.1842818428184282,0.2463680533732988,0.008640823223788674,0.3593176879820141,0.3655913978494624,0.08430913348946135,-0.23785926660059464,-0.161438287640714,-0.0012946023372423232,-0.0007168458781361964,0.0042298691167547975
236,0.25981642284635575,0.26523297491039427,0.08521303258145363,-0.21520236920039482,-0.1377379736013512,0.2587547837260626,0.2645161290322581,0.09203980099502487,-0.22013820335636725,-0.1468294513835311,0.2675539075241236,0.25949820788530464,0.13595166163141995,0.32986796643632776,0.06833552279472588,0.34357461487889873,0.353405017921147,0.05555555555555555,-0.25271470878578484,-0.18319536251225055,-0.0010616391202931674,-0.0007168458781361964,0.006826768413571244
237,0.26046599094884276,0.26810035842293906,0.10714285714285714,-0.23260437375745524,-0.1715270669734612,0.25969820937155846,0.2709677419354839,0.10786516853932585,-0.22962226640159045,-0.1629586564365434,0.272185896594126,0.26666666666666666,0.1487603305785124,0.447385454713579,0.07124456490587361,0.33877658986963416,0.34623655913978496,0.05790645879732739,-0.2504970178926441,-0.17438320381910044,-0.0007677815772842989,0.002867383512544841,0.0007223113964687083
238,0.26182533479764786,0.2724014336917563,0.10623556581986143,-0.23988153998025663,-0.16108357317983157,0.26026252817730555,0.26881720430107525,0.10623556581986143,-0.23988153998025663,-0.16108357317983157,0.26880885975708413,0.2623655913978495,0.15833333333333333,0.3221067301550433,0.0509673808762392,0.33695644534797786,0.34623655913978496,0.04608294930875576,-0.23889437314906214,-0.16398838076964073,-0.0015628066203423052,-0.0035842293906810374,0.0
239,0.2830666052583544,0.2917562724014337,0.11735941320293398,-0.22624877571008817,-0.15477293151119698,0.28235856581880797,0.2939068100358423,0.11793611793611794,-0.22428991185112634,-0.14875663853428756,0.2837007213980263,0.27598566308243727,0.16519174041297935,0.48760641904618396,0.05579732268063109,0.36324829387594915,0.36845878136200716,0.06862745098039216,-0.24485798237022527,-0.15176478502274227,-0.0007080394395464484,0.002150537634408589,0.0005767047331839553
240,0.2779266093104356,0.2845878136200717,0.14285714285714285,-0.21463897131552923,-0.11835941393401772,0.27653396213242587,0.2817204301075269,0.14523809523809525,-0.21562809099901092,-0.11835941393401772,0.2934593291930823,0.2838709677419355,0.19834710743801653,0.37123223488989543,0.04677564038672388,0.3604741039787832,0.3655913978494624,0.07380952380952381,-0.2373887240356083,-0.11835941393401772,-0.0013926471780097427,-0.0028673835125447855,0.0023809523809524002
241,0.2740148031272605,0.2752688172043011,0.11666666666666667,-0.23932472691161866,-0.15627781592533252,0.2735999229386025,0.27813620071684586,0.11666666666666667,-0.23932472691161866,-0.15627781592533252,0.29049960797283947,0.2838709677419355,0.17579250720461095,0.49285556658942953,0.05957291693158018,0.3615873817924196,0.36917562724014336,0.07710280373831775,-0.25422045680238337,-0.17993269075896678,-0.0004148801886579845,0.0028673835125447855,0.0
242,0.25766456879029437,0.26666666666666666,0.11194029850746269,-0.22827125119388725,-0.1468294513835311,0.2564895366433803,0.26523297491039427,0.1125,-0.22636103151862463,-0.14076846619541117,0.26614618892626646,0.25806451612903225,0.15015015015015015,0.23277391185700647,0.06227453760660595,0.3409424004196788,0.35053763440860214,0.04488778054862843,-0.24450811843361986,-0.14379895878947113,-0.0011750321469140568,-0.0014336917562723928,0.0005597014925373123
243,0.2837628871860971,0.2896057347670251,0.14047619047619048,-0.2290227048371175,-0.13584937931682095,0.2825900410056729,0.28745519713261647,0.14489311163895488,-0.23198420533070085,-0.1387737922962511,0.2812439887441107,0.2745519713261649,0.20765027322404372,0.2521544249086204,0.022068921572408584,0.35882352095781256,0.36200716845878134,0.08747044917257683,-0.24580454096742355,-0.14462261825511136,-0.0011728461804241808,-0.0021505376344086446,0.004416921162764403
244,0.2789534693853889,0.28888888888888886,0.12105263157894737,-0.22308438409311349,-0.14088350520106263,0.2769763592733571,0.28745519713261647,0.12073490813648294,-0.2250242483026188,-0.14402485702706358,0.27773610681960453,0.26953405017921145,0.1588785046728972,0.36431237692149426,0.04445625253298502,0.3617236543747321,0.37060931899641575,0.06443298969072164,-0.24345295829291946,-0.16601431980906922,-0.001977110112031777,-0.0014336917562723928,-0.00031772344246443207
245,0.25875440790246246,0.25878136200716845,0.10501193317422435,-0.2305389221556886,-0.14561595450831022,0.25841799313506686,0.25949820788530464,0.10501193317422435,-0.2325349301397206,-0.14561595450831022,0.275687788188388,0.2724014336917563,0.17142857142857143,0.42778080203229907,0.057556847728454597,0.34998234760751995,0.35985663082437275,0.08333333333333333,-0.25149700598802394,-0.183894888263063,-0.0003364147673955986,0.0007168458781361964,0.0
246,0.2706899347380604,0.27813620071684586,0.12652068126520682,-0.23129921259842523,-0.15290056671818653,0.26995290849123904,0.27598566308243727,0.12652068126520682,-0.23129921259842523,-0.15290056671818653,0.2715422788653116,0.2637992831541219,0.16857142857142857,0.26277003836058954,0.02979563798729179,0.34887976321696196,0.35268817204301073,0.07894736842105263,-0.24606299212598426,-0.1738657049630774,-0.0007370262468213706,-0.002150537634408589,0.0
247,0.2563194843568135,0.2616487455197133,0.12694300518134716,-0.22718631178707227,-0.12181347031601497,0.2556584960811551,0.25878136200716845,0.12694300518134716,-0.22718631178707227,-0.12181347031601497,0.2595187740530211,0.25089605734767023,0.17559523809523808,0.407070432735832,0.03179879611670999,0.3361856245451426,0.3419354838709677,0.07088607594936709,-0.2414448669201521,-0.1494636782739055,-0.000660988275658414,-0.002867383512544841,0.0
248,0.2754745111810317,0.2853046594982079,0.11023622047244094,-0.23501427212178883,-0.1358239347247815,0.2744572460953464,0.2824372759856631,0.11023622047244094,-0.23691722169362517,-0.1358239347247815,0.28712177204049366,0.27885304659498206,0.17088607594936708,0.25759017386039273,0.06737242867692927,0.3650407911461666,0.3734767025089606,0.059431524547803614,-0.24452901998097054,-0.1545805221157086,-0.0010172650856853371,-0.0028673835125447855,0.0
249,0.2715939895003121,0.27813620071684586,0.13164556962025317,-0.2148362235067437,-0.11009149029982368,0.2707298978591661,0.27670250896057347,0.13231552162849872,-0.2129094412331407,-0.10408399470899476,0.2941637895175812,0.2896057347670251,0.2018348623853211,0.47880539499036606,0.09416335978835977,0.361515320207945,0.3727598566308244,0.09927360774818401,-0.24662813102119463,-0.16415895061728392,-0.0008640916411459809,-0.0014336917562723928,0.0006699520082455446
250,0.2709515325818282,0.2817204301075269,0.13349514563106796,-0.2225519287833828,-0.1199622844827587,0.2700911156388686,0.27956989247311825,0.13349514563106796,-0.2255192878338279,-0.1199622844827587,0.27432012068461853,0.2645161290322581,0.19420289855072465,0.4090999010880316,0.07677801724137934,0.3441359895663763,0.35197132616487453,0.07838479809976247,-0.24629080118694358,-0.14639008620689653,-0.0008604169429595743,-0.0021505376344086446,0.0
251,0.2751943084746369,0.2831541218637993,0.13709677419354838,-0.2275731822474032,-0.14885906508943159,0.2740478779223689,0.2817204301075269,0.13978494623655913,-0.2285174693106704,-0.14885906508943159,0.27741509675876636,0.26523297491039427,0.17142857142857143,0.1579057811352429,0.0338228348699553,0.3583528533105215,0.3648745519713262,0.05945945945945946,-0.24173748819641172,-0.14244917386278644,-0.0011464305522679852,-0.0014336917562723928,0.0026881720430107503
252,0.27343859957837496,0.2810035842293907,0.10975609756097561,-0.20972644376899696,-0.12925560452844542,0.2720722410823159,0.2831541218637993,0.11274509803921569,-0.2107396149949341,-0.12333358234802738,0.28220028311445833,0.2752688172043011,0.1791907514450867,0.4279635258358663,0.06024910524492866,0.35754642687855637,0.3648745519713262,0.07142857142857142,-0.2522796352583586,-0.15886571543053507,-0.0013663584960590391,0.002150537634408589,0.002989000478240078
253,0.27430254281642596,0.2845878136200717,0.11627906976744186,-0.2282282282282282,-0.14984621986982327,0.27304109297951357,0.2802867383512545,0.11627906976744186,-0.23023023023023026,-0.14984621986982327,0.2891243844467757,0.2810035842293907,0.19318181818181818,0.6429060639586957,0.07642764349623987,0.3558510429022882,0.3627240143369176,0.08045977011494253,-0.24624624624624625,-0.16435095470098116,-0.0012614498369123983,-0.004301075268817178,0.0
254,0.28360678186513766,0.2917562724014337,0.12206572769953052,-0.22278225806451613,-0.15850588917753283,0.28311231246505936,0.2924731182795699,0.12206572769953052,-0.22278225806451613,-0.15850588917753283,0.2995282805386093,0.2903225806451613,0.16863905325443787,0.5074535679374388,0.09954517558240217,0.37072925201390816,0.37992831541218636,0.05660377358490566,-0.24697580645161288,-0.15264109225117073,-0.0004944694000783012,0.0007168458781361964,0.0
255,0.2604813344743128,0.2623655913978495,0.11137440758293839,-0.23038229376257546,-0.1442335462464822,0.25933977563660704,0.2623655913978495,0.11374407582938388,-0.23440643863179078,-0.1442335462464822,0.2661496445687202,0.26021505376344084,0.16524216524216523,0.39137527869922234,0.06368252433053256,0.34494574755368823,0.35197132616487453,0.08256880733944955,-0.25050301810865194,-0.18523108128983734,-0.0011415588377057806,0.0,0.0023696682464454943
256,0.27056518913802063,0.27885304659498206,0.10301507537688442,-0.2311411992263056,-0.13470748100729124,0.2694768786821206,0.27670250896057347,0.10327455919395466,-0.23210831721470015,-0.13167698841323128,0.274932188019989,0.26523297491039427,0.15339233038348082,0.34452427005618497,0.04409158204224617,0.3564513837296676,0.36630824372759857,0.06829268292682927,-0.2475822050290135,-0.1710733921360108,-0.0010883104559000212,-0.002150537634408589,0.0002594838170702357
257,0.2652906496730784,0.26810035842293906,0.10047846889952153,-0.23320158102766797,-0.15553107238008768,0.26444519568515057,0.2709677419354839,0.10120481927710843,-0.23221343873517786,-0.14663551862676594,0.27860177006559417,0.2724014336917563,0.16521739130434782,0.3674901185770751,0.060927402284076226,0.3508612508167553,0.3627240143369176,0.06190476190476191,-0.25296442687747034,-0.1614614415489689,-0.0008454539879278467,0.002867383512544841,0.0007263503775869068
258,0.27133969324070506,0.2817204301075269,0.125,-0.22374877330716392,-0.1621170014422908,0.27069969432681823,0.2817204301075269,0.125,-0.2227674190382728,-0.1621170014422908,0.29274898102369634,0.2824372759856631,0.1419939577039275,0.2899901864573111,0.0495409293981075,0.367069560791093,0.37921146953405016,0.06218905472636816,-0.2473012757605496,-0.16825201393041822,-0.0006399989138868301,0.0,0.0
259,0.25779074101374994,0.2630824372759857,0.11450381679389313,-0.2160312805474096,-0.11436590436590433,0.25682481090747206,0.2616487455197133,0.11479591836734694,-0.21700879765395897,-0.11134442134442135,0.27634342634534226,0.26594982078853047,0.17981072555205047,0.48680351906158364,0.11526680526680522,0.33989360291393167,0.34695340501792116,0.06281407035175879,-0.23851417399804498,-0.12947331947331941,-0.0009659301062778791,-0.0014336917562723928,0.00029210157345381516
260,0.2962948453611265,0.3060931899641577,0.11910669975186104,-0.22890397672162943,-0.15784218748636314,0.2950667035605843,0.3032258064516129,0.11910669975186104,-0.22890397672162943,-0.15784218748636314,0.3030215460819542,0.2960573476702509,0.15517241379310345,0.17691561590688654,0.009588144424370948,0.38411354000232073,0.3992831541218638,0.06188118811881188,-0.2473326867119302,-0.16088637533928551,-0.001228141800542204,-0.0028673835125447855,0.0
261,0.2853926792653125,0.2867383512544803,0.09359605911330049,-0.23349753694581277,-0.1431327160493827,0.28480248022517374,0.2903225806451613,0.0967741935483871,-0.23054187192118225,-0.13412147266313934,0.30038678888213094,0.28817204301075267,0.16954022988505746,0.37444219066937123,0.031084656084656048,0.37096157528933554,0.382078853046595,0.04914004914004914,-0.23349753694581277,-0.14613646384479717,-0.0005901990401387391,0.0035842293906810374,0.0031781344350866048
262,0.2719911676306586,0.2810035842293907,0.11864406779661017,-0.2292682926829268,-0.1588906062167268,0.27113943599385476,0.27956989247311825,0.11864406779661017,-0.2292682926829268,-0.1588906062167268,0.2886690753780733,0.27741935483870966,0.16716417910447762,0.5250174216027875,0.07472093422634374,0.35153629334645364,0.3648745519713262,0.06569343065693431,-0.24878048780487805,-0.15290056671818653,-0.0008517316368038541,-0.0014336917562724483,0.0
263,0.26491065144102244,0.27025089605734764,0.11564625850340136,-0.2273622047244095,-0.16400316455696196,0.2644760014580645,0.26881720430107525,0.1159090909090909,-0.2332677165354331,-0.1611286919831223,0.2886938046345151,0.27885304659498206,0.16954022988505746,0.4805209668558872,0.10332278481012658,0.35096240509808624,0.3627240143369176,0.06636155606407322,-0.25393700787401574,-0.15250527426160332,-0.00043464998295794643,-0.0014336917562723928,0.000262832405689542
264,0.2604759508601916,0.26523297491039427,0.13283208020050125,-0.22628458498023718,-0.1456654360746733,0.25942776535889095,0.2645161290322581,0.13350125944584382,-0.2282608695652174,-0.13957706036882844,0.28214554908169454,0.2731182795698925,0.1952662721893491,0.24799700886657405,0.04003002295359537,0.345651809822769,0.353405017921147,0.0737913486005089,-0.23320158102766797,-0.12740030895713872,-0.001048185501300647,-0.0007168458781361964,0.0006691792453425716
265,0.27807751329269087,0.2824372759856631,0.14878048780487804,-0.2098890010090817,-0.12417039143979414,0.27766197368927115,0.2845878136200717,0.14987714987714987,-0.2098890010090817,-0.11531220371122852,0.30004592743170055,0.2917562724014337,0.22701149425287356,0.3428800379889595,0.058898821617228814,0.3555682021405296,0.36415770609319,0.09002433090024331,-0.22401614530776992,-0.1271231206826493,-0.0004155396034197234,0.002150537634408589,0.0010966620722718257
266,0.2773929812791907,0.2817204301075269,0.11335012594458438,-0.21407333994053523,-0.13693530395984377,0.27672009081011906,0.2853046594982079,0.11335012594458438,-0.21506442021803762,-0.13693530395984377,0.2884573969209782,0.2824372759856631,0.16519174041297935,0.45556656755863895,0.039361405465699884,0.3629671399321206,0.37132616487455194,0.0665024630541872,-0.24083250743310203,-0.16429168990518683,-0.000672890469071652,0.003584229390680982,0.0
267,0.26502870004886536,0.26953405017921145,0.07425742574257425,-0.22144288577154314,-0.12165078714612576,0.26443557991033806,0.26953405017921145,0.07425742574257425,-0.22144288577154314,-0.12165078714612576,0.2734345174792318,0.26594982078853047,0.13544668587896252,0.3976437723932714,0.04808592015845381,0.34985537341208855,0.36057347670250894,0.0380952380952381,-0.24348697394789576,-0.16929617867021818,-0.0005931201385273033,0.0,0.0
268,0.27380710521889734,0.2731182795698925,0.12162162162162163,-0.23910840932117527,-0.1576184027164419,0.2734461413078042,0.2752688172043011,0.12134831460674157,-0.24316109422492405,-0.1604709284447846,0.28847793916450853,0.2824372759856631,0.17039106145251395,0.4182667358588479,0.08769880992103218,0.34674794050423796,0.35627240143369177,0.05429864253393665,-0.254305977710233,-0.15191335125975647,-0.0003609639110931373,0.002150537634408589,-0.00027330701488005593
269,0.2684005703510374,0.2738351254480287,0.14251781472684086,-0.22672064777327938,-0.15150502123981058,0.2674049568483163,0.26953405017921145,0.14251781472684086,-0.22672064777327938,-0.15150502123981058,0.27971314571845307,0.27025089605734764,0.1928374655647383,0.3026664805249197,0.01927791397370182,0.35160334694958495,0.35842293906810035,0.07894736842105263,-0.22975708502024295,-0.14267142114256004,-0.0009956135027211488,-0.004301075268817234,0.0
270,0.2740752591594525,0.27813620071684586,0.1445221445221445,-0.22080471050049066,-0.14443336987939803,0.2733615530580275,0.27956989247311825,0.1451990632318501,-0.21982335623159965,-0.1386391574470912,0.2982725678011741,0.28888888888888886,0.21606648199445982,0.4380955395865649,0.05256985281903048,0.3582486560296101,0.36415770609319,0.0688836104513064,-0.23650637880274783,-0.12125652015017119,-0.0007137061014250157,0.0014336917562723928,0.0006769187097055984
271,0.25281714735379746,0.25806451612903225,0.1075,-0.22317188983855651,-0.14076846619541117,0.252100008501052,0.25878136200716845,0.11471321695760599,-0.22602089268755932,-0.14379895878947113,0.27062098590666633,0.26738351254480286,0.19148936170212766,0.4015194681861348,0.0743965079828457,0.33933927764388316,0.34623655913978496,0.07160493827160494,-0.24216524216524216,-0.15592092916571088,-0.0007171388527454359,0.0007168458781361964,0.007213216957605989
272,0.27541501846385424,0.2810035842293907,0.09420289855072464,-0.24703557312252966,-0.17514077380180082,0.2751611615735983,0.2810035842293907,0.09466019417475728,-0.24505928853754944,-0.16910674589788166,0.2851121892739167,0.2745519713261649,0.1323529411764706,0.3965744400527009,0.04811825864320873,0.36238447904322457,0.3720430107526882,0.04600484261501211,-0.25395256916996045,-0.1721237598498413,-0.0002538568902559213,0.0,0.00045729562403264146
273,0.256079416009538,0.26093189964157704,0.09466019417475728,-0.226027397260274,-0.12500422094805874,0.25558080634593455,0.2616487455197133,0.0951219512195122,-0.22700587084148727,-0.11911515421655827,0.2675429320342935,0.2637992831541219,0.1791907514450867,0.5009359312515953,0.06933498119145554,0.3357396905365791,0.34121863799283153,0.057007125890736345,-0.24363992172211346,-0.15150502123981058,-0.0004986096636034332,0.0007168458781362519,0.0004617570447549152
274,0.2696776229197787,0.2745519713261649,0.11594202898550725,-0.22199999999999998,-0.14367033404232532,0.26884220135031184,0.2724014336917563,0.1201923076923077,-0.22399999999999998,-0.14960070321120655,0.292156685690618,0.2831541218637993,0.17151162790697674,0.3992631578947369,0.06389258686851684,0.3529745637548144,0.36415770609319,0.07177033492822966,-0.239,-0.15553107238008768,-0.0008354215694668654,-0.002150537634408589,0.004250278706800448
275,0.2759995727345138,0.2817204301075269,0.12383177570093458,-0.23429710867397802,-0.16180391840792008,0.27540397072592954,0.2838709677419355,0.12470588235294118,-0.23330009970089727,-0.1530187323272012,0.27367108951203717,0.2637992831541219,0.1891891891891892,0.36439167346445506,0.008043012485979384,0.3522161390567331,0.35985663082437275,0.07547169811320754,-0.24127617148554337,-0.1500903369669615,-0.0005956020085842728,0.002150537634408589,0.000874106652006601
276,0.28124857514274754,0.2831541218637993,0.10926365795724466,-0.22243902439024388,-0.14894377536448145,0.28002630379678767,0.2824372759856631,0.11004784688995216,-0.2195121951219512,-0.14012237334830546,0.29907126242160065,0.2917562724014337,0.17699115044247787,0.547977044476327,0.09217454641099443,0.36804365103132375,0.37706093189964157,0.0665083135391924,-0.24780487804878049,-0.14894377536448145,-0.0012222713459598689,-0.0007168458781361964,0.0007841889327074997
277,0.27143819186459756,0.27956989247311825,0.13140311804008908,-0.23170731707317072,-0.15701057170316113,0.2705461430938972,0.27885304659498206,0.13169642857142858,-0.23170731707317072,-0.15417932933322942,0.28894540206965125,0.2810035842293907,0.18356164383561643,0.40788987435328905,0.08081378737110056,0.3542568330725057,0.35985663082437275,0.06502242152466367,-0.23983739837398377,-0.148516844593366,-0.000892048770700371,-0.0007168458781361964,0.00029331053133949125
278,0.2711329608644661,0.2824372759856631,0.14321608040201006,-0.2234580384226491,-0.1320862750133167,0.2706049099714956,0.27956989247311825,0.14786967418546365,-0.22548028311425683,-0.13511225086450263,0.29843893680158984,0.2896057347670251,0.21385542168674698,0.22504213009774188,0.0676281311649487,0.36161123811637474,0.37060931899641575,0.09181141439205956,-0.23761375126390294,-0.14721615426924595,-0.0005280508929704775,-0.002867383512544841,0.004653593783453591
279,0.2901285470403604,0.2924731182795699,0.1366906474820144,-0.2386473429951691,-0.1474072378627197,0.2886304744348281,0.2931899641577061,0.13942307692307693,-0.2386473429951691,-0.1444503785085154,0.30287875089557487,0.2982078853046595,0.2175141242937853,0.3366758062410236,0.03887490145215022,0.3782015851556658,0.3878136200716846,0.09112709832134293,-0.23671497584541068,-0.1474072378627197,-0.001498072605532308,0.0007168458781361964,0.0027324294410625283
280,0.2785280579638952,0.2831541218637993,0.11294117647058824,-0.23122529644268774,-0.14035588067039928,0.27669569699107555,0.2831541218637993,0.11294117647058824,-0.23418972332015808,-0.14035588067039928,0.2904706451916523,0.2831541218637993,0.175,0.3194664031620553,0.048708852652593504,0.35979230664084094,0.37132616487455194,0.05620608899297424,-0.23221343873517786,-0.14617325708033757,-0.0018323609728196355,0.0,0.0
281,0.27347656122009634,0.2810035842293907,0.13349514563106796,-0.24061597690086622,-0.16644786390929134,0.2722453091062655,0.2810035842293907,0.13801452784503632,-0.2435033686236766,-0.16946043240031228,0.2878484134399354,0.2817204301075269,0.19186046511627908,0.486552240402096,0.038406793480138424,0.35448634753453645,0.35842293906810035,0.07178217821782178,-0.24831568816169391,-0.14234731598112305,-0.0012312521138308496,0.0,0.004519382213968359
282,0.25628562884719125,0.25878136200716845,0.13260869565217392,-0.23612512613521697,-0.16351662592785055,0.254887678178159,0.2637992831541219,0.1331877729257642,-0.23208879919273462,-0.15792225622469858,0.26856980314608236,0.2637992831541219,0.1909814323607427,0.34269968175114485,0.06864971675295595,0.3324448234752661,0.34408602150537637,0.08043478260869565,-0.2512613521695257,-0.16351662592785055,-0.0013979506690322552,0.00501792114695343,0.0005790772735902727
283,0.273957961093504,0.27956989247311825,0.11083743842364532,-0.22722820763956908,-0.12504624932863884,0.27341653925006154,0.2802867383512545,0.11547911547911548,-0.22820763956905,-0.1280198467165108,0.2778447675773446,0.27025089605734764,0.17888563049853373,0.4633019098922625,0.06823758088304244,0.34853364866897113,0.35125448028673834,0.05623471882640587,-0.22820763956905,-0.1339670414922549,-0.0005414218434424689,0.0007168458781362519,0.004641677055470153
284,0.26999173257252873,0.27885304659498206,0.10772833723653395,-0.218436873747495,-0.12376054852320673,0.26901762662781603,0.27741935483870966,0.11136890951276102,-0.22244488977955912,-0.13525843881856547,0.28158875866959504,0.2716845878136201,0.16712328767123288,0.31658316633266537,0.05445675105485237,0.34568186696812486,0.353405017921147,0.056818181818181816,-0.2464929859719439,-0.1611286919831223,-0.0009741059447126998,-0.0014336917562723928,0.0036405722762270637
285,0.2695992508425302,0.27813620071684586,0.1266490765171504,-0.2163965681601525,-0.11347754452745495,0.2681334748442617,0.27741935483870966,0.12894736842105264,-0.21830314585319355,-0.11657387154503873,0.2768317686667528,0.26523297491039427,0.16716417910447762,0.3132877873106663,0.02276084424622904,0.35215638159800233,0.36057347670250894,0.05454545454545454,-0.23450905624404195,-0.1320555066329574,-0.001465775998268526,-0.0007168458781361964,0.0022982919039022387
286,0.27572283009517634,0.2860215053763441,0.1026252983293556,-0.23500491642084564,-0.17421284316196883,0.27406075823645126,0.2831541218637993,0.1026252983293556,-0.23697148475909535,-0.17421284316196883,0.28277247007530126,0.27813620071684586,0.1511627906976744,0.43082809627634566,0.05008891472589061,0.35789575631819753,0.36415770609319,0.0413625304136253,-0.2468043264503441,-0.15028732232059716,-0.0016620718587250782,-0.0028673835125447855,0.0
287,0.2865786381334254,0.2917562724014337,0.10804020100502512,-0.22898550724637678,-0.12686855057044744,0.2856296744141648,0.2931899641577061,0.11055276381909548,-0.23188405797101452,-0.12686855057044744,0.2954559374069752,0.2903225806451613,0.18658892128279883,0.40130902290790094,0.03906721678732994,0.3679231016699559,0.3734767025089606,0.05721393034825871,-0.24927536231884062,-0.13893660637828587,-0.0009489637192605649,0.0014336917562723928,0.0025125628140703626
288,0.28111599048357494,0.28745519713261647,0.11330049261083744,-0.2198649951783992,-0.16697475104513038,0.2794057099274734,0.2831541218637993,0.11330049261083744,-0.22082931533269046,-0.16697475104513038,0.28323720452124485,0.27670250896057347,0.16167664670658682,0.3917068466730954,0.05220677436528509,0.3652639035001115,0.3756272401433692,0.0705596107055961,-0.24397299903567982,-0.1821956903097426,-0.0017102805561015622,-0.004301075268817178,0.0
289,0.2863600525440489,0.2946236559139785,0.14146341463414633,-0.20853540252182345,-0.13180959570456285,0.2851816225512757,0.2939068100358423,0.1411192214111922,-0.2124151309408342,-0.13477478028900347,0.2836690692296089,0.2716845878136201,0.19337016574585636,0.22907120639486267,0.010519264348585966,0.36739504895717284,0.3720430107526882,0.07951807228915662,-0.23860329776915612,-0.14663551862676594,-0.0011784299927731778,-0.0007168458781361964,-0.00034419322295412
290,0.2637396723479573,0.26953405017921145,0.09767441860465116,-0.23630831643002026,-0.1625338263269297,0.2628109474245543,0.2709677419354839,0.0979020979020979,-0.23732251521298176,-0.15961337513061646,0.2810668257747397,0.2716845878136201,0.15542521994134897,0.4678837052062204,0.0973863301449509,0.3496234692067963,0.36057347670250894,0.046511627906976744,-0.242393509127789,-0.1625338263269297,-0.0009287249234030126,0.0014336917562724483,0.0002276792974467423
291,0.27150954399713223,0.2745519713261649,0.08962264150943396,-0.21890547263681592,-0.15776517738065732,0.2709499276622153,0.27813620071684586,0.09026128266033254,-0.21791044776119406,-0.14894377536448145,0.27734224126055407,0.2738351254480287,0.1416184971098266,0.2203498635852993,0.07159127503991725,0.34750609795244874,0.35913978494623655,0.04883720930232558,-0.2517412935323383,-0.17540798141300928,-0.0005596163349169125,0.003584229390680982,0.0006386411508985806
292,0.27094105662804413,0.27885304659498206,0.0906801007556675,-0.22081712062256809,-0.12125933654397592,0.269972524794874,0.27670250896057347,0.09296482412060302,-0.22470817120622566,-0.12427190503499697,0.2856429839100514,0.27741935483870966,0.15476190476190477,0.4292443170182266,0.06250734140830672,0.3540991980049264,0.36057347670250894,0.044444444444444446,-0.24513618677042803,-0.1453598844721441,-0.0009685318331701387,-0.002150537634408589,0.0022847233649355148
293,0.2765744622721416,0.2817204301075269,0.11352657004830918,-0.23023715415019763,-0.14367033404232532,0.27552668929003177,0.27956989247311825,0.11407766990291263,-0.2282608695652174,-0.1377399648734441,0.2978772251750282,0.2896057347670251,0.1695906432748538,0.39972956105679214,0.06982295603739808,0.36881864385833435,0.37777777777777777,0.057692307692307696,-0.2490118577075099,-0.14960070321120655,-0.0010477729821098403,-0.0021505376344086446,0.0005510998546034429
294,0.24055010786698847,0.24372759856630824,0.11428571428571428,-0.2297955209347614,-0.16929617867021818,0.23942963340985918,0.24587813620071686,0.11428571428571428,-0.2297955209347614,-0.16929617867021818,0.2546797811771208,0.24516129032258063,0.16231884057971013,0.3510764903169967,0.05404159409896525,0.323939829529024,0.33046594982078853,0.057692307692307696,-0.23076923076923073,-0.15738483078919507,-0.001120474457129289,0.002150537634408617,0.0
295,0.2686247228571842,0.26881720430107525,0.10874704491725769,-0.24337585868498524,-0.16774874870116196,0.2683660481895975,0.26738351254480286,0.10900473933649289,-0.24239450441609423,-0.1647877376109531,0.2756685287661136,0.27025089605734764,0.15789473684210525,0.43182313815287315,0.07209314960576452,0.34412473321865017,0.35268817204301073,0.04578313253012048,-0.24926398429833174,-0.14406065997949025,-0.0002586746675867224,-0.0014336917562723928,0.00025769441923520486
296,0.2725302958205311,0.27598566308243727,0.1048951048951049,-0.2271356783919598,-0.15452419920505034,0.2716656585139467,0.2752688172043011,0.1048951048951049,-0.2271356783919598,-0.15452419920505034,0.28511330649915856,0.27741935483870966,0.14565826330532214,0.42198492462311554,0.055182203814422626,0.3578607204537375,0.36917562724014336,0.06802721088435375,-0.24924623115577893,-0.18947526637496237,-0.000864637306584426,-0.0007168458781361964,0.0
297,0.2607249089837882,0.26666666666666666,0.1261904761904762,-0.21778221778221774,-0.12581243964555366,0.260540072992938,0.26594982078853047,0.12649164677804295,-0.21678321678321677,-0.12290375144058452,0.2807108547153302,0.2731182795698925,0.1837837837837838,0.43889443889443897,0.019621970602902272,0.3403623912789221,0.34982078853046594,0.06367924528301887,-0.23976023976023975,-0.13744719246543013,-0.000184835990850174,-0.0007168458781361964,0.0003011705875667625
298,0.2762455347892687,0.2860215053763441,0.13,-0.22050290135396522,-0.15404642139929514,0.2741857905910266,0.2838709677419355,0.13,-0.22243713733075432,-0.15404642139929514,0.2778458293128862,0.27025089605734764,0.1661721068249258,0.41870682508980384,0.038320327614552174,0.36001126373352327,0.36702508960573477,0.06060606060606061,-0.23017408123791105,-0.14183265955714608,-0.0020597441982421194,-0.002150537634408589,0.0
299,0.2834775607310913,0.2853046594982079,0.0987012987012987,-0.22960151802656548,-0.14559319091668854,0.28229972873330234,0.2867383512544803,0.10182767624020887,-0.23055028462998106,-0.13935105398696812,0.2934089016350212,0.2867383512544803,0.15950920245398773,0.37855787476280833,0.0385498485100656,0.37155096438073243,0.3878136200716846,0.05641025641025641,-0.24288425047438333,-0.16119853324098976,-0.0011778319977889806,0.0014336917562723928,0.003126377538910166
300,0.27322905482220117,0.27813620071684586,0.1,-0.23303834808259583,-0.1421028242733271,0.27142210215326823,0.2745519713261649,0.10436893203883495,-0.23697148475909535,-0.14806702198784927,0.2847167285247329,0.2716845878136201,0.14619883040935672,0.3771341735943506,0.060679898020426726,0.36388739720012053,0.36917562724014336,0.06190476190476191,-0.2468043264503441,-0.17192381284593794,-0.0018069526689329374,-0.003584229390680982,0.004368932038834941
301,0.28313535260249284,0.2931899641577061,0.12406947890818859,-0.20951417004048578,-0.10601120690385968,0.282252880348894,0.2939068100358423,0.12655086848635236,-0.21052631578947367,-0.10601120690385968,0.293082191555692,0.2896057347670251,0.18235294117647058,0.4389952153110048,0.08027093241101024,0.3608994700818845,0.37060931899641575,0.0761904761904762,-0.23886639676113364,-0.15627781592533252,-0.0008824722535988316,0.0007168458781361964,0.0024813895781637674
302,0.2731459553834121,0.2752688172043011,0.11886304909560723,-0.22232824427480913,-0.1409473307975866,0.27149054158574587,0.2738351254480287,0.11886304909560723,-0.22328244274809161,-0.1409473307975866,0.27489138764263255,0.2645161290322581,0.16666666666666666,0.31464694656488545,0.017214981888793446,0.3558316206396878,0.36129032258064514,0.06377551020408163,-0.24236641221374045,-0.15645343988448657,-0.0016554137976662053,-0.0014336917562723928,0.0
303,0.2840099686333175,0.2896057347670251,0.08418367346938775,-0.21946375372393245,-0.14830979434356306,0.2836345683837042,0.2896057347670251,0.08695652173913043,-0.22045680238331677,-0.1452231779406039,0.29066359389280805,0.2817204301075269,0.1303030303030303,0.3087011608396398,0.043060422639906504,0.3754385514294802,0.382078853046595,0.04020100502512563,-0.23435948361469716,-0.1668294927613182,-0.0003754002496133002,0.0,0.002772848269742681
304,0.2703239822758627,0.2745519713261649,0.11274509803921569,-0.23189823874755378,-0.14914021164021163,0.26921757206779806,0.2738351254480287,0.11302211302211303,-0.23189823874755378,-0.14613646384479717,0.2883071323516928,0.27956989247311825,0.1701492537313433,0.33899375039454577,0.07013337742504411,0.3582160659115748,0.3648745519713262,0.06763285024154589,-0.2651663405088063,-0.16716269841269848,-0.0011064102080646232,-0.0007168458781361964,0.00027701498289733895
305,0.26185850769624675,0.2623655913978495,0.08564814814814815,-0.2329603255340793,-0.15060843598357598,0.2617350227309377,0.2645161290322581,0.08564814814814815,-0.23499491353001012,-0.15060843598357598,0.2850552523674925,0.2824372759856631,0.14327485380116958,0.6215941271892442,0.1097872340425532,0.3490999385750283,0.3634408602150538,0.06473214285714286,-0.26551373346897256,-0.1969009995437767,-0.00012348496530906194,0.002150537634408589,0.0
306,0.2784349222587155,0.2831541218637993,0.0997624703087886,-0.22299999999999998,-0.12622588210212127,0.2781028890471694,0.2810035842293907,0.10023866348448687,-0.21899999999999997,-0.12041626692250285,0.297838160081607,0.2903225806451613,0.1652892561983471,0.32033333333333336,0.04225295810681173,0.3663281314225182,0.3741935483870968,0.04918032786885246,-0.257,-0.14365472764097642,-0.0003320332115461233,-0.002150537634408589,0.00047619317569827513
307,0.2813383455133491,0.2853046594982079,0.13711583924349882,-0.2311507936507936,-0.14970869378798957,0.28119943236065026,0.2853046594982079,0.13842482100238662,-0.22718253968253965,-0.13797909993526536,0.2974452870677266,0.2910394265232975,0.20054945054945056,0.31266149870801035,0.023302815539694155,0.3600830140020093,0.36774193548387096,0.06341463414634146,-0.24305555555555558,-0.11158751376663556,-0.00013891315269881632,0.0,0.0013089817588878006
308,0.28484020083006056,0.2960573476702509,0.13768115942028986,-0.23564356435643563,-0.164520040243871,0.2838457003097529,0.2946236559139785,0.13768115942028986,-0.23564356435643563,-0.164520040243871,0.3024226468204505,0.2946236559139785,0.19822485207100593,0.3676567656765677,0.06343225185096013,0.364251160082034,0.3734767025089606,0.0687960687960688,-0.2485148514851485,-0.1435244343930313,-0.0009945005203076396,-0.0014336917562723928,0.0
309,0.27786271066295026,0.27956989247311825,0.12781954887218044,-0.22928709055876684,-0.1143990410585396,0.27738226512790926,0.2810035842293907,0.12846347607052896,-0.23121387283236994,-0.1084176608481967,0.288191211448232,0.2824372759856631,0.19436619718309858,0.2735770452533458,0.017191323569004546,0.35626296731563684,0.36057347670250894,0.06218905472636816,-0.24470134874759153,-0.1233711113740541,-0.0004804455350410075,0.0014336917562724483,0.0006439271983485206
310,0.30818588253059387,0.3125448028673835,0.15167095115681234,-0.2166344294003868,-0.13636789343756794,0.3059617873889346,0.3089605734767025,0.15167095115681234,-0.218568665377176,-0.13636789343756794,0.31529391929762773,0.3060931899641577,0.19938650306748465,0.3775503837274599,0.0577855215469788,0.391112854703466,0.3978494623655914,0.0703125,-0.2398452611218569,-0.12095889224831813,-0.002224095141659277,-0.003584229390680982,0.0
311,0.2667181364425387,0.2752688172043011,0.11055276381909548,-0.2191780821917808,-0.12168332013819538,0.26607145739406785,0.2745519713261649,0.11083123425692695,-0.21819960861056753,-0.11867517364974067,0.2813856273168383,0.2738351254480287,0.1651376146788991,0.3425309849967384,0.09189508054208728,0.3507131303175401,0.35985663082437275,0.058823529411764705,-0.24461839530332685,-0.15176478502274227,-0.0006466790484708773,-0.0007168458781361964,0.0002784704378314684
312,0.27018424332772345,0.27741935483870966,0.13176470588235295,-0.2206025267249757,-0.1530187323272012,0.26988613955016305,0.27885304659498206,0.1330166270783848,-0.217687074829932,-0.14130515088624263,0.2786127829153312,0.26594982078853047,0.17086834733893558,0.3995977128392885,0.04611215216909459,0.3505285810594272,0.35698924731182796,0.07692307692307693,-0.24101068999028186,-0.16473231376815967,-0.00029810377756039896,0.0014336917562723928,0.0012519211960318466
313,0.2695308847598718,0.27670250896057347,0.1111111111111111,-0.22662601626016265,-0.14559723607987973,0.2678446559122051,0.27598566308243727,0.11981566820276497,-0.22865853658536583,-0.15136864016255236,0.2781523547944118,0.2709677419354839,0.1712707182320442,0.4111163227016886,0.056401906813665414,0.3484007008989674,0.36129032258064514,0.0774487471526196,-0.2479674796747967,-0.16579715036923426,-0.0016862288476667264,-0.0007168458781361964,0.008704557091653867
314,0.2691249570529852,0.27025089605734764,0.10843373493975904,-0.21734892787524362,-0.12624950608254093,0.26763436857524436,0.26666666666666666,0.10628019323671498,-0.2192982456140351,-0.12331710761935999,0.28542046121014886,0.2838709677419355,0.17955801104972377,0.45999365338410625,0.02916761246605637,0.35955105684829497,0.36845878136200716,0.050119331742243436,-0.2378167641325536,-0.13797909993526536,-0.0014905884777408618,-0.003584229390680982,-0.0021535417030440623
315,0.2601233554226025,0.26881720430107525,0.12614678899082568,-0.24294354838709675,-0.1571400442452251,0.2592703572674578,0.26810035842293906,0.12643678160919541,-0.24193548387096775,-0.15425434220388878,0.28279259784973365,0.27885304659498206,0.18333333333333332,0.41162634408602156,0.06217331089633804,0.3470635122892021,0.35770609318996416,0.06481481481481481,-0.24092741935483875,-0.14559723607987973,-0.0008529981551447241,-0.0007168458781361964,0.0002899926183697332
316,0.25972994293712487,0.2630824372759857,0.09389671361502347,-0.23611111111111116,-0.1662276880685617,0.2583880477918801,0.2645161290322581,0.09433962264150944,-0.23511904761904767,-0.16033862133706134,0.2718530814625917,0.25878136200716845,0.1452991452991453,0.3741151866151866,0.05461231436270442,0.3437662498970708,0.35627240143369177,0.06666666666666667,-0.25396825396825395,-0.19272848836031364,-0.0013418951452447425,0.0014336917562723928,0.0004429090264859714
317,0.2874428974323251,0.2931899641577061,0.12289156626506025,-0.23061825318940132,-0.1414935191543112,0.2865643221908694,0.2931899641577061,0.1234866828087167,-0.2296368989205103,-0.13557980044590257,0.29836939625131775,0.2917562724014337,0.1873198847262248,0.36698382898835175,0.05957291693158018,0.37389556631041987,0.382078853046595,0.0625,-0.23748773307163884,-0.1444503785085154,-0.0008785752414556813,0.0,0.0005951165436564598
318,0.25753547209020816,0.2637992831541219,0.1070559610705596,-0.22023809523809523,-0.1271231206826493,0.25699714150610736,0.2630824372759857,0.1070559610705596,-0.22023809523809523,-0.1271231206826493,0.26759779268759315,0.2645161290322581,0.17355371900826447,0.24781746031746033,0.014607882974400632,0.33573016254614174,0.34551971326164876,0.0660377358490566,-0.24404761904761907,-0.16550860083976704,-0.000538330584100799,-0.0007168458781361964,0.0
319,0.2595115132273014,0.26666666666666666,0.08816120906801007,-0.2201565557729941,-0.14488610001768332,0.25841346074080424,0.2637992831541219,0.0925,-0.2250489236790607,-0.15404642139929514,0.27777205950912726,0.26881720430107525,0.13793103448275862,0.43963243427210075,0.09328225590422279,0.3489644254797833,0.36200716845878134,0.051470588235294115,-0.24853228962818008,-0.17847394508359316,-0.001098052486497192,-0.0028673835125447855,0.004338790931989925
320,0.27953578596793754,0.28817204301075267,0.10831234256926953,-0.22714148219441765,-0.13957706036882844,0.27886128640879804,0.28817204301075267,0.11055276381909548,-0.2309913378248316,-0.14262124822175093,0.2993435454956049,0.2967741935483871,0.18597560975609756,0.4764540079747009,0.07047190148281968,0.3664268302339805,0.3741935483870968,0.059850374064837904,-0.23772858517805584,-0.15175381178051817,-0.0006744995591395075,0.0,0.002240421249825958
321,0.26218014106359616,0.27025089605734764,0.11212814645308924,-0.23772102161100195,-0.1600257462865614,0.26112295264023216,0.26810035842293906,0.11467889908256881,-0.23673870333988212,-0.1571400442452251,0.2808595372430117,0.2752688172043011,0.1810810810810811,0.3195189295385759,0.033316290482974575,0.3512591234158549,0.35913978494623655,0.06206896551724138,-0.2396856581532416,-0.15425434220388878,-0.0010571884233639972,-0.002150537634408589,0.002550752629479569
322,0.26814462160112146,0.2716845878136201,0.140625,-0.22427983539094654,-0.13234512471436854,0.2673537503596756,0.2724014336917563,0.1403118040089087,-0.22736625514403297,-0.13514563792768453,0.2769466590815554,0.26738351254480286,0.18814432989690721,0.21051133876192973,0.03568566808458706,0.3437867096152385,0.3541218637992832,0.0911062906724512,-0.25308641975308643,-0.16875179648747562,-0.0007908712414458341,0.0007168458781361964,-0.00031319599109130847
323,0.26815868486394934,0.2745519713261649,0.10672853828306264,-0.2298624754420432,-0.15274716683605494,0.26751364823500867,0.2731182795698925,0.10672853828306264,-0.2328094302554028,-0.15274716683605494,0.2864522771083998,0.27670250896057347,0.1766304347826087,0.4249125497148881,0.030012492036534555,0.3539045177884795,0.36200716845878134,0.06712962962962964,-0.24459724950884087,-0.1556481138022865,-0.000645036628940665,-0.0014336917562723928,0.0
324,0.28126957320340473,0.28817204301075267,0.13225058004640372,-0.24124513618677046,-0.14022024364287744,0.2804033243847844,0.2860215053763441,0.1325581395348837,-0.24027237354085607,-0.13733830401819058,0.293581711751056,0.2860215053763441,0.1935483870967742,0.3213654050229926,0.02981419421364684,0.35999576297493063,0.36989247311827955,0.06944444444444445,-0.2519455252918288,-0.1431021832675643,-0.0008662488186203521,-0.002150537634408589,0.0003075594884799915
325,0.2608166604169861,0.26666666666666666,0.14705882352941177,-0.22244289970208542,-0.13613862655880504,0.260150082200364,0.27025089605734764,0.14814814814814814,-0.2214498510427011,-0.12719232998702168,0.27920719332450605,0.27025089605734764,0.1977401129943503,0.32087154623517733,0.024894711733293717,0.34327492801164566,0.353405017921147,0.09420289855072464,-0.25422045680238337,-0.15403121970237144,-0.0006665782166220824,0.003584229390680982,0.0010893246187363703
326,0.27163131645625926,0.27598566308243727,0.16019417475728157,-0.23203883495145627,-0.14031001416584943,0.27075275047077685,0.2752688172043011,0.16058394160583941,-0.23009708737864076,-0.13734063419418108,0.2865798385859075,0.27956989247311825,0.2349570200573066,0.4474054235018413,0.04676092404925358,0.3477517258324271,0.3541218637992832,0.10218978102189781,-0.24077669902912624,-0.13734063419418108,-0.0008785659854824157,-0.0007168458781361964,0.0003897668485578487
327,0.2744359071226755,0.2810035842293907,0.12408759124087591,-0.23336643495531284,-0.14768212827748706,0.27361334210104027,0.27813620071684586,0.12408759124087591,-0.23336643495531284,-0.14768212827748706,0.29042370392335576,0.2817204301075269,0.19822485207100593,0.40347867954620686,0.07032384448889006,0.35426572240844595,0.35913978494623655,0.06862745098039216,-0.23733862959285001,-0.13872297871174544,-0.0008225650216352465,-0.002867383512544841,0.0
328,0.2837209599165539,0.2903225806451613,0.11832946635730858,-0.23207171314741037,-0.14771515076106345,0.2826933262368379,0.2924731182795699,0.11832946635730858,-0.22908366533864544,-0.14771515076106345,0.29000839561642816,0.2824372759856631,0.16574585635359115,0.4737634826547468,0.05192152959230223,0.3654100784229197,0.37849462365591396,0.0898876404494382,-0.24302788844621515,-0.18822114387623912,-0.001027633679715978,0.002150537634408589,0.0
329,0.2869823043451001,0.2924731182795699,0.13734939759036144,-0.21739130434782605,-0.10879703656326611,0.2860694915349286,0.2924731182795699,0.13768115942028986,-0.21739130434782605,-0.10589222897345696,0.28546605232684613,0.27813620071684586,0.19452054794520549,0.33615659702616224,0.0364433429271932,0.35821286320384266,0.3648745519713262,0.07925407925407925,-0.23814229249011853,-0.14946434282059484,-0.0009128128101714705,0.0,0.0003317618299284175
330,0.2713722572054958,0.2745519713261649,0.12529002320185614,-0.22331047992164543,-0.16034937706670238,0.27018528071522896,0.2745519713261649,0.125,-0.22624877571008817,-0.1632619659975283,0.2847544301050581,0.2810035842293907,0.17613636363636365,0.44366089890085975,0.06974514846855273,0.34937456930353505,0.35555555555555557,0.05647058823529412,-0.25269343780607245,-0.14287384348174625,-0.0011869764902668334,0.0,-0.0002900232018561433
331,0.26670032412108385,0.2716845878136201,0.11494252873563218,-0.233739837398374,-0.15425434220388878,0.26617129334115736,0.2716845878136201,0.11574074074074074,-0.23069105691056913,-0.14559723607987973,0.27345212773642646,0.26093189964157704,0.15934065934065933,0.2552845528455284,0.05063050273099268,0.34412630536034317,0.35268817204301073,0.07256235827664399,-0.25,-0.17156855445190689,-0.0005290307799264982,0.0,0.0007982120051085589
332,0.27700268845500253,0.2824372759856631,0.11448598130841121,-0.2334630350194552,-0.1465595352307857,0.27681426725904185,0.2838709677419355,0.11529411764705882,-0.23054474708171202,-0.1378451124613581,0.28975280588823715,0.2860215053763441,0.16809116809116809,0.5342711762945227,0.07711064918452193,0.3553344314002236,0.3648745519713262,0.053613053613053616,-0.25,-0.14946434282059484,-0.0001884211959606863,0.0014336917562723928,0.0008081363386476109
333,0.2706748363671675,0.27598566308243727,0.11538461538461539,-0.2311411992263056,-0.15297398961294317,0.2689208191134256,0.2724014336917563,0.11568123393316196,-0.23404255319148937,-0.14986784643114115,0.27077478152257284,0.25878136200716845,0.16822429906542055,0.404972858301616,0.06134988993139412,0.3554775284235787,0.36057347670250894,0.06683804627249357,-0.241779497098646,-0.14986784643114115,-0.001754017253741913,-0.003584229390680982,0.0002966185485465678
334,0.26519354014908747,0.2745519713261649,0.12331838565022421,-0.23122529644268774,-0.17584933736952746,0.26455186775476675,0.27598566308243727,0.12359550561797752,-0.2282608695652174,-0.17297856965315395,0.27409361513197517,0.26666666666666666,0.16759776536312848,0.3547430830039526,0.0767782216713333,0.3379154223433718,0.34121863799283153,0.05239179954441914,-0.2351778656126482,-0.15575396335491343,-0.0006416723943207248,0.0014336917562723928,0.00027711996775331427
335,0.25950161522376375,0.26594982078853047,0.11055276381909548,-0.23171889838556503,-0.14527610536547164,0.2588047514077427,0.26021505376344084,0.11055276381909548,-0.23171889838556503,-0.14527610536547164,0.2650244198099231,0.25878136200716845,0.16224188790560473,0.20855627359692408,0.03460320124189731,0.3368536323019857,0.34121863799283153,0.04785894206549118,-0.23646723646723644,-0.14222730355856705,-0.0006968638160210761,-0.0057347670250896265,0.0
336,0.27868327277743876,0.2824372759856631,0.13012048192771083,-0.23828125,-0.15701331855963263,0.27809693798200313,0.2810035842293907,0.13106796116504854,-0.2353515625,-0.14806702198784927,0.2941370553926964,0.28888888888888886,0.17971014492753623,0.3514539930555556,0.051733601448643474,0.36777037243026,0.3763440860215054,0.06796116504854369,-0.2509765625,-0.14806702198784927,-0.0005863347954356279,-0.0014336917562723928,0.0009474792373377061
337,0.2594328449901721,0.25878136200716845,0.11421319796954314,-0.24669187145557658,-0.15992244979121106,0.2586263946017799,0.25734767025089605,0.11450381679389313,-0.2457466918714556,-0.15682612277362729,0.26727976592966973,0.25878136200716845,0.16566265060240964,0.3006751282743721,0.03204982529898026,0.3423388742228084,0.34982078853046594,0.058673469387755105,-0.24196597353497162,-0.1537297957560435,-0.0008064503883922214,-0.0014336917562723928,0.00029061882434998354
338,0.2537921149598177,0.26093189964157704,0.10238095238095238,-0.2428711897738446,-0.13837675552600293,0.2522410293470959,0.26021505376344084,0.1021377672209026,-0.24582104228121926,-0.14130515088624263,0.2632172135543649,0.2537634408602151,0.15041782729805014,0.3529990167158309,0.04025536144861541,0.33429220675052534,0.34408602150537637,0.06422018348623854,-0.255653883972468,-0.18523108128983734,-0.0015510856127217698,-0.0007168458781361964,-0.00024318516004977198
339,0.2914858613473036,0.2960573476702509,0.1409921671018277,-0.23546511627906974,-0.17268368186937244,0.2897855299711589,0.2953405017921147,0.14360313315926893,-0.23740310077519378,-0.17268368186937244,0.2958794808390089,0.2845878136200717,0.18269230769230768,0.4459025470653377,0.05332902568707876,0.37183545993381284,0.37921146953405016,0.06756756756756757,-0.24224806201550386,-0.13130107344354336,-0.0017003313761446703,-0.0007168458781361964,0.0026109660574412386
340,0.2644760727194609,0.2709677419354839,0.11722488038277512,-0.2196078431372549,-0.11999506323561548,0.262812227837568,0.27025089605734764,0.11722488038277512,-0.22156862745098038,-0.11999506323561548,0.2666416771728844,0.2616487455197133,0.17597765363128492,0.4101651186790506,0.054526229062531795,0.3404906597863766,0.34838709677419355,0.06944444444444445,-0.24607843137254903,-0.16071669810518308,-0.001663844881892862,-0.0007168458781362519,0.0
341,0.279849538844113,0.28888888888888886,0.11528822055137844,-0.21841332027424099,-0.12210648148148151,0.27910767286948285,0.2867383512544803,0.1172069825436409,-0.2213516160626836,-0.12811397707231043,0.2861534228413051,0.27956989247311825,0.1749271137026239,0.428632060071825,0.04610339506172845,0.36549829696437625,0.37132616487455194,0.06829268292682927,-0.24485798237022527,-0.15514770723104054,-0.0007418659746301626,-0.002150537634408589,0.0019187619922624577
342,0.2860204647213707,0.2860215053763441,0.10875331564986737,-0.23426911907066794,-0.13419140199325952,0.2841903825758953,0.2838709677419355,0.10904255319148937,-0.23426911907066794,-0.13104490968268057,0.2945033689672625,0.2860215053763441,0.15789473684210525,0.31140775462373266,0.03571918277800634,0.37694312518200807,0.3878136200716846,0.057441253263707574,-0.24491771539206197,-0.15307035585673356,-0.0018300821454754201,-0.002150537634408589,0.000289237541621995
343,0.25184685014181846,0.25949820788530464,0.11325301204819277,-0.23625843780135003,-0.14406065997949025,0.2515171108318621,0.25734767025089605,0.11566265060240964,-0.23625843780135003,-0.14406065997949025,0.27538442046380146,0.26523297491039427,0.1880597014925373,0.3069752491160399,0.09282022723722727,0.3408042538880774,0.34623655913978496,0.07211538461538461,-0.23818707810993245,-0.1470216710696992,-0.00032973930995633394,-0.002150537634408589,0.0024096385542168725
344,0.285731522237081,0.2903225806451613,0.1187648456057007,-0.2282282282282282,-0.1387737922962511,0.28421514658479197,0.2917562724014337,0.12142857142857143,-0.2282282282282282,-0.13584937931682095,0.29940164511608935,0.2910394265232975,0.1807909604519774,0.5054732151506345,0.057161877325570765,0.3682340521182674,0.3727598566308244,0.05542168674698795,-0.24724724724724723,-0.12122731441967005,-0.0015163756522890148,0.0014336917562723928,0.0026637258228707217
345,0.2817414309328979,0.28888888888888886,0.10804020100502512,-0.21047430830039526,-0.09873869456249329,0.28081733166538264,0.2867383512544803,0.10858585858585859,-0.20948616600790515,-0.09279993461915659,0.2883096013277003,0.2817204301075269,0.18662952646239556,0.32187088274044795,0.017067124332570627,0.3606552437184751,0.36630824372759857,0.05623471882640587,-0.23122529644268774,-0.13140187425084449,-0.0009240992675152437,-0.002150537634408589,0.0005456575808334696
346,0.2813349477727077,0.2867383512544803,0.12781954887218044,-0.2245301681503462,-0.1246914666266501,0.2810347006583323,0.2845878136200717,0.12781954887218044,-0.2274975272007913,-0.1246914666266501,0.2943794341107454,0.2860215053763441,0.19207317073170732,0.3785502331496397,0.08888693405363268,0.3636671955575528,0.36702508960573477,0.055,-0.228486646884273,-0.1276996131151047,-0.00030024711437537377,-0.002150537634408589,0.0
347,0.259330903742164,0.2630824372759857,0.1011764705882353,-0.22870813397129186,-0.14539905514444584,0.2584067800745944,0.2623655913978495,0.1056338028169014,-0.2296650717703349,-0.14831556503198295,0.2794266997823518,0.26594982078853047,0.16101694915254236,0.537207993245145,0.06167314687068859,0.3478837336730778,0.35913978494623655,0.06880733944954129,-0.24114832535885167,-0.17748066390735395,-0.0009241236675696096,-0.0007168458781361964,0.004457332228666108
348,0.25994198183276906,0.26810035842293906,0.12529550827423167,-0.23023023023023026,-0.134538504260461,0.2591410213240494,0.26881720430107525,0.1261904761904762,-0.2272272272272272,-0.12581243964555366,0.27973949711580115,0.2724014336917563,0.1839080459770115,0.3679063679063679,0.08361311111222303,0.3495045146940007,0.36057347670250894,0.0958904109589041,-0.25125125125125125,-0.17816882733499784,-0.0008009605087196392,0.0007168458781361964,0.0008949679162445212
349,0.24212852240187185,0.2523297491039427,0.10093896713615023,-0.22564102564102562,-0.14074992005116727,0.2406955673356362,0.24946236559139784,0.1011764705882353,-0.2287179487179487,-0.1378451124613581,0.2585925534823541,0.24946236559139784,0.15342465753424658,0.5283760683760683,0.0364433429271932,0.3261239181794125,0.3333333333333333,0.052752293577981654,-0.24615384615384617,-0.16979799594925915,-0.0014329550662356416,-0.002867383512544841,0.00023750345208506385
350,0.26282051433856746,0.26666666666666666,0.10513447432762836,-0.22914669223394057,-0.1627096327096328,0.26089856538493095,0.26738351254480286,0.1048780487804878,-0.23106423777564722,-0.16573111573111576,0.2692963844620669,0.26594982078853047,0.14714714714714713,0.36131633861598333,0.06692307692307697,0.34410226076657896,0.35197132616487453,0.06506024096385542,-0.25119846596356665,-0.18083853083853085,-0.0019219489536365097,0.0007168458781361964,-0.00025642554714055965
351,0.252935216844277,0.25663082437275986,0.09951456310679611,-0.23291626564003853,-0.15327801242576866,0.25244884836223286,0.2530465949820789,0.09975669099756691,-0.233878729547642,-0.15028732232059716,0.28091884388028343,0.2709677419354839,0.16129032258064516,0.33446794525693085,0.05906098504140489,0.3404422116898874,0.34910394265232975,0.0392156862745098,-0.24157844080846969,-0.14131525200508277,-0.0004863684820441416,-0.003584229390680982,0.0002421278907707991
352,0.2717354304822578,0.27813620071684586,0.1315136476426799,-0.22665369649805445,-0.1263618014792255,0.271157840840258,0.27956989247311825,0.1315136476426799,-0.22568093385214005,-0.1263618014792255,0.2919701917801128,0.2867383512544803,0.20489296636085627,0.5176718547341115,0.10093064651380534,0.3528196408337987,0.36129032258064514,0.06157635467980296,-0.23929961089494167,-0.13533387179473988,-0.0005775896419997761,0.0014336917562723928,0.0
353,0.28019147699922337,0.28745519713261647,0.12853470437017994,-0.22547169811320755,-0.1553316180674672,0.27870906334296636,0.2838709677419355,0.12853470437017994,-0.23018867924528297,-0.1553316180674672,0.28389292750979844,0.27956989247311825,0.2126984126984127,0.384418746195983,0.07525728987993141,0.36557772117177995,0.37132616487455194,0.09254498714652956,-0.2349056603773585,-0.1553316180674672,-0.001482413656257009,-0.003584229390680982,0.0
354,0.27102283766662266,0.27670250896057347,0.12440191387559808,-0.2315175097276264,-0.14522801933510632,0.26919588481297524,0.27670250896057347,0.12440191387559808,-0.2334630350194552,-0.14522801933510632,0.2848847581519223,0.2752688172043011,0.19142857142857142,0.28737766772786233,0.05527818308161292,0.34965248318433034,0.3541218637992832,0.056372549019607844,-0.2480544747081712,-0.11574181309735354,-0.0018269528536474233,0.0,0.0
355,0.2626585926500081,0.26738351254480286,0.10465116279069768,-0.2336354481369587,-0.13733830401819058,0.2617181811968652,0.26810035842293906,0.10697674418604651,-0.23464249748237664,-0.13733830401819058,0.2839835864871333,0.27813620071684586,0.18055555555555555,0.2640188637535922,0.06439746970988913,0.34661210272827375,0.35268817204301073,0.04918032786885246,-0.23665659617321244,-0.12869248514413,-0.0009404114531429419,0.0007168458781361964,0.0023255813953488302
356,0.2736809417753315,0.27956989247311825,0.12200956937799043,-0.23493360572012256,-0.16072941798310292,0.2721331297181088,0.27670250896057347,0.12200956937799043,-0.23697650663942804,-0.16072941798310292,0.2949999588581865,0.2817204301075269,0.18518518518518517,0.4376596016343207,0.03850160700432226,0.36656902256590823,0.37921146953405016,0.07228915662650602,-0.23084780388151172,-0.15180862581948695,-0.0015478120572226528,-0.0028673835125447855,0.0
357,0.2760523309400334,0.28745519713261647,0.13043478260869565,-0.23484119345524546,-0.16431960170585003,0.2761292208562565,0.2853046594982079,0.13144329896907217,-0.23291626564003853,-0.15495639631126934,0.29456850692523656,0.2867383512544803,0.18892508143322476,0.31909580417761363,0.09785014934241021,0.3643655603463085,0.3763440860215054,0.07751937984496124,-0.23965351299326276,-0.15183532784640907,7.68899162231218e-05,-0.002150537634408589,0.0010085163603765213
358,0.2668433694853088,0.2709677419354839,0.12469437652811736,-0.2314540059347181,-0.1574101584362282,0.265992781408458,0.27025089605734764,0.12469437652811736,-0.2344213649851632,-0.1574101584362282,0.2836584374928432,0.27885304659498206,0.168141592920354,0.279760472638811,0.053469635935243676,0.35281696195474227,0.36129032258064514,0.07729468599033816,-0.24826904055390697,-0.17247300089133333,-0.000850588076850789,-0.0007168458781362519,0.0
359,0.2851849447853036,0.28817204301075267,0.1223529411764706,-0.23564356435643563,-0.15557349071435178,0.2839022166862311,0.28745519713261647,0.12850467289719625,-0.2396039603960396,-0.16437068610389505,0.2947261164369614,0.2896057347670251,0.17403314917127072,0.24371667936024377,0.02916761246605637,0.3727582522133853,0.385663082437276,0.0896551724137931,-0.2504950495049505,-0.18489747534616252,-0.0012827280990724832,-0.0007168458781361964,0.006151731720725653
360,0.27071337213715824,0.27885304659498206,0.1012987012987013,-0.2254616132167152,-0.1401507380814342,0.2695628524129947,0.27885304659498206,0.1012987012987013,-0.22448979591836737,-0.1401507380814342,0.27215016743103976,0.2630824372759857,0.1510574018126888,0.31057234924044813,0.02784819158899343,0.35435952325688813,0.3634408602150538,0.05612244897959184,-0.2419825072886297,-0.16192837711278596,-0.0011505197241635234,0.0,0.0
361,0.2739395603690581,0.2845878136200717,0.09090909090909091,-0.22571428571428576,-0.14716682911409085,0.27256680837931274,0.2817204301075269,0.09090909090909091,-0.2276190476190476,-0.14716682911409085,0.28714185334892794,0.2802867383512545,0.14511041009463724,0.29047619047619055,0.09479377958079782,0.3582458801920327,0.36845878136200716,0.04702970297029703,-0.23809523809523814,-0.17166916923509223,-0.0013727519897453466,-0.0028673835125447855,0.0
362,0.29063128502787305,0.2924731182795699,0.1407766990291262,-0.22957198443579763,-0.13262294109169825,0.290642819769649,0.2974910394265233,0.14250614250614252,-0.22470817120622566,-0.11783864432067681,0.3077010093220215,0.3039426523297491,0.2138728323699422,0.44994694021931375,0.06252977628578449,0.36684518481297196,0.37777777777777777,0.0825242718446602,-0.24027237354085607,-0.13262294109169825,1.1534741775953705e-05,0.005017921146953375,0.0017294434770163125
363,0.24386445937508583,0.24587813620071686,0.07710280373831775,-0.23349753694581277,-0.17211675480006217,0.24352384647585823,0.24731182795698925,0.07710280373831775,-0.23546798029556648,-0.17211675480006217,0.26759351978509505,0.2616487455197133,0.11428571428571428,0.3797482211275314,0.057556847728454597,0.3332680215025974,0.3419354838709677,0.02564102564102564,-0.2551724137931034,-0.17506128816581235,-0.0003406128992275992,0.0014336917562723928,0.0
364,0.2712782343205556,0.27956989247311825,0.12114014251781473,-0.22590361445783136,-0.14894377536448145,0.26980602266966097,0.27670250896057347,0.12056737588652482,-0.23092369477911645,-0.1548247100419321,0.2699592209562814,0.25806451612903225,0.16619718309859155,0.4931544359255203,0.04512706899138941,0.34289526408726406,0.34910394265232975,0.06807511737089202,-0.23694779116465858,-0.16364611205810797,-0.001472211650894617,-0.0028673835125447855,-0.0005727666312899116
365,0.2913621366334285,0.2953405017921147,0.13705583756345177,-0.21899224806201545,-0.1383792048929664,0.29013866501382124,0.2939068100358423,0.13924050632911392,-0.21996124031007747,-0.14143730886850148,0.2955153426400942,0.28745519713261647,0.19939577039274925,0.3996238030095759,0.05428134556574926,0.3704757076233787,0.37992831541218636,0.06870229007633588,-0.24127906976744184,-0.13532110091743121,-0.001223471619607286,-0.0014336917562723928,0.0021846687656621455
366,0.2532469272568201,0.26093189964157704,0.12984054669703873,-0.23697148475909535,-0.1734044320409316,0.2519163016451988,0.25663082437275986,0.13043478260869565,-0.23500491642084564,-0.16761021960862488,0.27470605503092976,0.26594982078853047,0.1846590909090909,0.3940046240931196,0.0786438087644108,0.3307865716123324,0.33978494623655914,0.06103286384976526,-0.2428711897738446,-0.13574205123093797,-0.0013306256116212833,-0.004301075268817178,0.0005942359116569151
367,0.2609686024598085,0.26523297491039427,0.08333333333333333,-0.23054474708171202,-0.14391550747037607,0.25977544819157805,0.26594982078853047,0.08292682926829269,-0.2344357976653697,-0.14990554696891634,0.2672435175125898,0.25878136200716845,0.1457725947521866,0.35357061112382693,0.05076077623218267,0.3453205498585335,0.3541218637992832,0.054502369668246446,-0.2519455252918288,-0.18584578396015805,-0.0011931542682304674,0.0007168458781361964,-0.0004065040650406415
368,0.27687116114857596,0.2824372759856631,0.15815085158150852,-0.21943887775551107,-0.11702586206896548,0.2760067234732094,0.2838709677419355,0.15815085158150852,-0.22144288577154314,-0.11702586206896548,0.2863999093459989,0.27956989247311825,0.20056497175141244,0.44972802748353846,0.05035021551724128,0.35251660445430616,0.35913978494623655,0.07107843137254902,-0.23947895791583163,-0.10821659482758617,-0.0008644376753665362,0.0014336917562723928,0.0
369,0.2676596843172918,0.2716845878136201,0.09653465346534654,-0.2263969171483622,-0.13973219906892342,0.266265508869134,0.26953405017921145,0.09701492537313433,-0.22543352601156075,-0.13371590609201411,0.2805675482633061,0.2716845878136201,0.1531791907514451,0.3226619238179932,0.03474029726144823,0.35808053655485184,0.36845878136200716,0.050970873786407765,-0.24470134874759153,-0.163797370976561,-0.0013941754481577862,-0.0021505376344086446,0.0004802719077877937
370,0.2628440172705179,0.2623655913978495,0.12439024390243902,-0.2275390625,-0.14469574508890648,0.2617587187159497,0.2637992831541219,0.12530712530712532,-0.2255859375,-0.13573659552316508,0.27616256837031683,0.26738351254480286,0.1924198250728863,0.2572798295454546,0.05539192854598751,0.34468095609864424,0.34982078853046594,0.07090464547677261,-0.244140625,-0.14170936190032601,-0.001085298554568237,0.0014336917562723928,0.0009168814046862928
371,0.25645755948096827,0.2616487455197133,0.11160714285714286,-0.22863027806385172,-0.10167663155230777,0.25577536916658405,0.26021505376344084,0.11160714285714286,-0.22863027806385172,-0.10167663155230777,0.26788251443111827,0.2623655913978495,0.1782178217821782,0.3242686558855457,0.019698839011736413,0.3314950093045098,0.33835125448028674,0.060215053763440864,-0.24922760041194647,-0.14857169972477935,-0.0006821903143842123,-0.0014336917562724483,0.0
372,0.25332052371413655,0.26523297491039427,0.08860759493670886,-0.2288461538461538,-0.14410403659896565,0.2529484141877163,0.26523297491039427,0.08860759493670886,-0.22980769230769227,-0.14410403659896565,0.27590558618495425,0.2709677419354839,0.15384615384615385,0.4224547511312218,0.07029143945979643,0.34482706346355013,0.3548387096774194,0.05223880597014925,-0.2519230769230769,-0.16554358420484172,-0.0003721095264202501,0.0,0.0
373,0.2660999504151963,0.2724014336917563,0.09876543209876543,-0.2288218111002921,-0.12462862411638154,0.2646431268244254,0.2738351254480287,0.10224438902743142,-0.22687439143135346,-0.11271727623535843,0.27779514772521324,0.27598566308243727,0.17579250720461095,0.4877312560856865,0.04808592015845381,0.351041120116158,0.35842293906810035,0.04878048780487805,-0.2297955209347614,-0.13951780896766042,-0.0014568235907708726,0.0014336917562723928,0.0034789569286659966
374,0.25706912804739457,0.26523297491039427,0.09468822170900693,-0.23274161735700194,-0.13359373332479563,0.256752128702009,0.2616487455197133,0.09468822170900693,-0.23570019723865876,-0.13359373332479563,0.27183035065946465,0.2645161290322581,0.15240641711229946,0.3258107426264851,0.03534773906804389,0.33947643210915907,0.34408602150537637,0.05605381165919283,-0.25345167652859957,-0.17081812554694675,-0.0003169993453855935,-0.003584229390680982,0.0
375,0.257972735942641,0.2630824372759857,0.11363636363636363,-0.24134520276953508,-0.17121517376666762,0.2571252299457648,0.26523297491039427,0.1141552511415525,-0.2393669634025717,-0.16543620602815257,0.2786092477174791,0.2752688172043011,0.17318435754189945,0.3849958152628776,0.06572250351244602,0.34087487039285164,0.34695340501792116,0.06192660550458716,-0.24629080118694358,-0.15965723828963763,-0.0008475059968761633,0.002150537634408589,0.0005188875051888725
376,0.2705953000250204,0.27741935483870966,0.1103448275862069,-0.2304648862512364,-0.15174800214162487,0.26887392893766743,0.27598566308243727,0.11059907834101383,-0.2294757665677547,-0.148866062516938,0.27771095830363224,0.26738351254480286,0.16666666666666666,0.31027785271108715,0.047105831961767985,0.34768711945874486,0.3548387096774194,0.05747126436781609,-0.24530168150346188,-0.15174800214162487,-0.0017213710873529853,-0.0014336917562723928,0.0002542507548069367
377,0.27120073201563316,0.27885304659498206,0.1206896551724138,-0.24705882352941178,-0.14574849204583273,0.27041489351069065,0.27813620071684586,0.12315270935960591,-0.24705882352941178,-0.14574849204583273,0.2707213876933599,0.2645161290322581,0.17302052785923755,0.4173453996983409,0.04978102970372178,0.35030935074538305,0.35627240143369177,0.05896805896805897,-0.24117647058823533,-0.14875663853428756,-0.0007858385049425154,-0.0007168458781361964,0.0024630541871921152
378,0.2737912733186983,0.2817204301075269,0.09699769053117784,-0.2331658291457287,-0.17129517991586962,0.27178609536558473,0.2817204301075269,0.09699769053117784,-0.2381909547738693,-0.17129517991586962,0.27513148409160154,0.26523297491039427,0.1444141689373297,0.2155061019382628,0.021454599040805933,0.35394990124660203,0.36702508960573477,0.05504587155963303,-0.25427135678391954,-0.18005653350480944,-0.002005177953113557,0.0,0.0
379,0.2731642471194229,0.2845878136200717,0.11510791366906475,-0.2291870714985309,-0.12959156944528394,0.2719210700687941,0.2831541218637993,0.11566265060240964,-0.22820763956905,-0.12373477872480476,0.2827965577972886,0.27670250896057347,0.1638418079096045,0.3923604309500489,0.054897338249813576,0.35478589847029296,0.36415770609319,0.05687203791469194,-0.2399608227228207,-0.1442335462464822,-0.0012431770506287632,-0.0014336917562723928,0.0005547369333448876
380,0.27567856056863466,0.2831541218637993,0.10023310023310024,-0.23464249748237664,-0.1419285803160384,0.27399646476647493,0.2824372759856631,0.10023310023310024,-0.23665659617321244,-0.1419285803160384,0.28611069612704826,0.2802867383512545,0.14681440443213298,0.2895266868076536,0.05481481481481476,0.3584618527438477,0.36989247311827955,0.0502283105022831,-0.2416918429003021,-0.16796814731865128,-0.001682095802159722,-0.0007168458781361964,0.0
381,0.2967239375591585,0.30824372759856633,0.1259259259259259,-0.2239532619279455,-0.15062370062370067,0.29562552543026827,0.30752688172043013,0.12686567164179105,-0.2239532619279455,-0.14155925155925153,0.3033073022256566,0.2989247311827957,0.19653179190751446,0.3746652872444012,0.027643797643797652,0.3813703801158125,0.38924731182795697,0.08333333333333333,-0.23661148977604674,-0.1596881496881497,-0.0010984121288902249,-0.0007168458781361964,0.0009397457158651368
382,0.2750348553374063,0.2802867383512545,0.1152073732718894,-0.22776148582600197,-0.16398838076964073,0.2741841128729415,0.27885304659498206,0.1152073732718894,-0.2297165200391007,-0.16398838076964073,0.2936538745576714,0.28745519713261647,0.18010752688172044,0.1430666108085462,0.016109689798528892,0.35860351916320643,0.36630824372759857,0.05868544600938967,-0.23949169110459434,-0.14074992005116727,-0.0008507424644648154,-0.0014336917562724483,0.0
383,0.28368728331103055,0.28745519713261647,0.11267605633802817,-0.22977022977022976,-0.13574205123093797,0.28311017805356403,0.28745519713261647,0.11058823529411765,-0.2287712287712288,-0.1328449450147846,0.3035330842015828,0.2924731182795699,0.17597765363128492,0.29920079920079923,0.06126117146749066,0.3636990246158972,0.3763440860215054,0.053488372093023255,-0.2407592407592407,-0.1473304760955514,-0.0005771052574665148,0.0,-0.0020878210439105177
384,0.26363470930613325,0.2645161290322581,0.10617283950617284,-0.23764258555133078,-0.16661771801380354,0.26314540322510127,0.2637992831541219,0.10617283950617284,-0.23859315589353614,-0.16661771801380354,0.2776011924038366,0.26953405017921145,0.168141592920354,0.3023085279739272,0.03460320124189731,0.3527773825830349,0.36200716845878134,0.07371007371007371,-0.23098859315589348,-0.1727153216276126,-0.0004893060810319816,-0.0007168458781361964,0.0
385,0.2763671367347338,0.2860215053763441,0.1278538812785388,-0.2311507936507936,-0.14791080725639227,0.2753033796999807,0.2853046594982079,0.1310344827586207,-0.22916666666666663,-0.13932056289743433,0.2814326282607303,0.2752688172043011,0.1827956989247312,0.3842771342771342,0.041074568640682485,0.35228482999558597,0.3627240143369176,0.0593607305936073,-0.24305555555555558,-0.14791080725639227,-0.0010637570347530878,-0.0007168458781361964,0.003180601480081896
386,0.2652651708134294,0.26738351254480286,0.12325581395348838,-0.2309197651663405,-0.15743678813587625,0.26395148804363294,0.26810035842293906,0.12325581395348838,-0.22896281800391394,-0.15743678813587625,0.28069734955852255,0.2716845878136201,0.20448179271708683,0.2974559686888454,0.055182203814422626,0.34467854900320427,0.35053763440860214,0.06190476190476191,-0.235812133072407,-0.12831089882761615,-0.0013136827697964315,0.0007168458781361964,0.0
387,0.25542965456433114,0.2616487455197133,0.12009803921568628,-0.2147058823529412,-0.10572271684027346,0.25420515222565926,0.26021505376344084,0.12224938875305623,-0.22058823529411764,-0.1086551153034544,0.2647573298560555,0.25663082437275986,0.19505494505494506,0.4079445571331981,0.023302815539694155,0.33387197647435,0.33835125448028674,0.0671462829736211,-0.23431372549019602,-0.13211430300890303,-0.0012245023386718845,-0.0014336917562724483,0.002151349537369951
388,0.2521989651006827,0.25878136200716845,0.11818181818181818,-0.23828920570264767,-0.16363966432043042,0.2506617237391052,0.25878136200716845,0.11845102505694761,-0.2372708757637475,-0.16076146781420453,0.269275034013904,0.25734767025089605,0.1797752808988764,0.494135824144954,0.07812884220254646,0.33189236913194353,0.33906810035842294,0.06636155606407322,-0.24949083503054992,-0.15500507480175274,-0.0015372413615774572,0.0,0.0002692068751294352
389,0.2666434217466584,0.27025089605734764,0.09557109557109557,-0.22941176470588232,-0.17506128816581235,0.2650281775373838,0.26953405017921145,0.09579439252336448,-0.22941176470588232,-0.17211675480006217,0.27557737895003903,0.2752688172043011,0.16129032258064516,0.30686274509803924,0.08405764802020643,0.3496568480782562,0.35698924731182796,0.06235565819861432,-0.25392156862745097,-0.18683942162881317,-0.0016152442092746133,-0.0007168458781361964,0.00022329695226891433
390,0.2701491965488829,0.27741935483870966,0.11267605633802817,-0.23053278688524592,-0.15339585719340199,0.2682328747197048,0.2802867383512545,0.11267605633802817,-0.23258196721311475,-0.15339585719340199,0.2802821323902566,0.2752688172043011,0.16997167138810199,0.28688524590163933,0.06008629030500079,0.3576778283974492,0.3655913978494624,0.06744186046511629,-0.24180327868852458,-0.16509350911112264,-0.0019163218291781137,0.002867383512544841,0.0
391,0.28534777473165274,0.28817204301075267,0.15384615384615385,-0.23580365736284892,-0.1626140442203896,0.2844230538951011,0.2903225806451613,0.15421686746987953,-0.23484119345524546,-0.15962766103180914,0.29707687127381843,0.2860215053763441,0.20056497175141244,0.31325794032723775,0.022541713471601943,0.3741518319705739,0.3849462365591398,0.09268292682926829,-0.24735322425409045,-0.14469574508890648,-0.0009247208365516513,0.0021505376344086446,0.00037071362372567696
392,0.2786320116035741,0.28745519713261647,0.11528822055137844,-0.22071636011616647,-0.12728447352601802,0.2774778452433664,0.28745519713261647,0.11528822055137844,-0.22168441432720232,-0.12728447352601802,0.2864014475727905,0.27956989247311825,0.17008797653958943,0.3517586318167151,0.047444498953201575,0.36192976741993493,0.37060931899641575,0.052109181141439205,-0.2391093901258471,-0.1393347474901021,-0.001154166360207709,0.0,0.0
393,0.27593952561836843,0.2831541218637993,0.09761904761904762,-0.21751968503937003,-0.1409114983984463,0.27535431206321376,0.2810035842293907,0.09785202863961814,-0.2165354330708661,-0.13797909993526536,0.2934410852912478,0.2831541218637993,0.1642651296829971,0.46883202099737536,0.07315358941377259,0.3635594654981936,0.3756272401433692,0.04728132387706856,-0.23523622047244097,-0.14970869378798957,-0.0005852135551546733,-0.002150537634408589,0.0002329810205705246
394,0.290637990408329,0.2953405017921147,0.15681233933161953,-0.22445081184336202,-0.14174089535306267,0.2896734202682666,0.2946236559139785,0.16153846153846155,-0.22636103151862463,-0.14483235395782923,0.2957536425455957,0.2903225806451613,0.24615384615384617,0.3631740623144635,0.05611245535199905,0.3729095173250981,0.38064516129032255,0.11627906976744186,-0.24068767908309452,-0.13555797814352943,-0.000964570140062404,-0.0007168458781361964,0.004726122206842015
395,0.26340449671265076,0.2745519713261649,0.1096938775510204,-0.2275280898876404,-0.13757695148978077,0.2621477881057388,0.2738351254480287,0.11282051282051282,-0.22846441947565543,-0.13144193900165335,0.2717799141727874,0.26810035842293906,0.17404129793510326,0.3531480919121368,0.02500087944559748,0.3497674855498041,0.35985663082437275,0.07231920199501247,-0.24344569288389517,-0.16518450768635462,-0.0012567086069119604,-0.0007168458781361964,0.003126635269492417
396,0.25349957648629295,0.25806451612903225,0.14383561643835616,-0.23847695390781565,-0.15537974683544298,0.25235042344315817,0.25734767025089605,0.14383561643835616,-0.23947895791583163,-0.15537974683544298,0.28066460912340135,0.2745519713261649,0.20215633423180593,0.26634519038076154,0.037209915611814304,0.3346681234096441,0.33548387096774196,0.054502369668246446,-0.22645290581162325,-0.10938818565400843,-0.0011491530431347874,-0.0007168458781361964,0.0
397,0.26917129515488586,0.2738351254480287,0.11611374407582939,-0.22422422422422428,-0.16219153463374114,0.2683226697121095,0.27598566308243727,0.1163895486935867,-0.22522522522522526,-0.15923467527953683,0.2880976808480524,0.2802867383512545,0.17391304347826086,0.462948662948663,0.0654866356399888,0.34823814749029985,0.35842293906810035,0.05542168674698795,-0.2432432432432432,-0.1414935191543112,-0.0008486254427763629,0.002150537634408589,0.00027580461775730813
398,0.26474513367277963,0.2724014336917563,0.10852713178294573,-0.22388059701492535,-0.1573351430833616,0.26368019209312726,0.26953405017921145,0.10852713178294573,-0.22574626865671643,-0.1573351430833616,0.27333214745193607,0.26594982078853047,0.1620795107033639,0.2747362326299536,0.030534145566381676,0.3530902869262315,0.3634408602150538,0.0641025641025641,-0.23880597014925375,-0.16672860751584873,-0.0010649415796523676,-0.002867383512544841,0.0
399,0.2718501851614183,0.2802867383512545,0.0951219512195122,-0.2180746561886051,-0.12163905434490407,0.2706376200891624,0.27956989247311825,0.09558823529411764,-0.21611001964636545,-0.11574181309735354,0.2713993629314401,0.2623655913978495,0.14204545454545456,0.36226304890352035,0.049380941834062386,0.3478359097685633,0.3541218637992832,0.04784688995215311,-0.24066797642436144,-0.14522801933510632,-0.0012125650722558667,-0.0007168458781362519,0.0004662840746054442
400,0.26212776385296055,0.26953405017921145,0.12098765432098765,-0.22232734153263956,-0.16931362370198144,0.262028583667514,0.26953405017921145,0.12098765432098765,-0.22232734153263956,-0.16931362370198144,0.28374657588515817,0.27813620071684586,0.1661721068249258,0.4994323557237465,0.038320327614552174,0.3484870419137447,0.35627240143369177,0.05037783375314862,-0.24030274361400195,-0.14488610001768332,-9.918018544652352e-05,0.0,0.0
401,0.27512132648973103,0.2831541218637993,0.1359447004608295,-0.22312373225152127,-0.15136864016255236,0.2743754725409296,0.2824372759856631,0.1382488479262673,-0.22413793103448276,-0.15136864016255236,0.2874561829480961,0.2817204301075269,0.1977715877437326,0.40499247529935223,0.06505901293767447,0.3564761751535879,0.36774193548387096,0.08237986270022883,-0.244421906693712,-0.1600257462865614,-0.0007458539488014448,-0.0007168458781361964,0.002304147465437806
402,0.2671771962290223,0.2716845878136201,0.09975669099756691,-0.2301665034280117,-0.16608973194592214,0.26606017293547085,0.2709677419354839,0.10218978102189781,-0.23310479921645444,-0.16608973194592214,0.28493478595842003,0.2738351254480287,0.15692307692307692,0.5077957487360034,0.09337346792260248,0.349417304168714,0.35913978494623655,0.05134474327628362,-0.24583741429970618,-0.16005570404200298,-0.0011170232935514557,-0.0007168458781361964,0.0024330900243308973
403,0.2659342330338201,0.26810035842293906,0.09558823529411764,-0.23699421965317924,-0.16234603352517507,0.26451858310857346,0.2645161290322581,0.09558823529411764,-0.23699421965317924,-0.16234603352517507,0.28213016322307777,0.27813620071684586,0.15030674846625766,0.2330030278007157,0.08578398627206363,0.3576478768051979,0.36845878136200716,0.05853658536585366,-0.24181117533718688,-0.1683979852275468,-0.0014156499252466204,-0.003584229390680982,0.0
404,0.2793634095126897,0.2867383512544803,0.13917525773195877,-0.22480620155038755,-0.14676170324933924,0.2786545767263059,0.2853046594982079,0.13917525773195877,-0.2277131782945736,-0.14676170324933924,0.2946209813653571,0.28745519713261647,0.205607476635514,0.4016032417195208,0.06134988993139412,0.36866944919556527,0.37706093189964157,0.08883248730964467,-0.24031007751937983,-0.16539856234015116,-0.000708832786383784,-0.0014336917562723928,0.0
405,0.2575278245264655,0.26523297491039427,0.09975669099756691,-0.22512077294685995,-0.13734063419418108,0.2574203972118988,0.26666666666666666,0.10024449877750612,-0.22318840579710142,-0.13140187425084449,0.2716074935741012,0.26523297491039427,0.15835777126099707,0.4091787439613526,0.07051596382259995,0.337693821935066,0.34408602150537637,0.03389830508474576,-0.2473429951690821,-0.14327939413751767,-0.0001074273145666993,0.0014336917562723928,0.0004878077799392033
406,0.27667189338750603,0.2817204301075269,0.11137440758293839,-0.22924901185770752,-0.16219153463374114,0.2759873673303596,0.2817204301075269,0.11190476190476191,-0.2272727272727273,-0.15627781592533252,0.2906334188025243,0.2845878136200717,0.17784256559766765,0.38525197628458496,0.07140035434839731,0.3577449545689941,0.36845878136200716,0.06635071090047394,-0.24604743083003955,-0.16219153463374114,-0.0006845260571464173,0.0,0.0005303543218235229
407,0.2674417597194221,0.2745519713261649,0.14018691588785046,-0.25269343780607245,-0.1747142255728592,0.2668248025305065,0.2731182795698925,0.14084507042253522,-0.25073457394711063,-0.16881698432530856,0.28446383929004854,0.2745519713261649,0.18181818181818182,0.3657478662375822,0.049380941834062386,0.3549142530147893,0.3634408602150538,0.08373205741626795,-0.24583741429970618,-0.14522801933510632,-0.0006169571889155789,-0.0014336917562723928,0.0006581545346847628
408,0.2555568623799929,0.25806451612903225,0.09905660377358491,-0.21987951807228912,-0.15519935344827596,0.2546172397336778,0.2623655913978495,0.09905660377358491,-0.22389558232931728,-0.15519935344827596,0.2647870151645929,0.26021505376344084,0.16857142857142857,0.44534660380653046,0.06209590517241381,0.33279486478551007,0.33835125448028674,0.06511627906976744,-0.24899598393574296,-0.17281788793103448,-0.0009396226463151414,0.004301075268817234,0.0
409,0.2842173819013728,0.28745519713261647,0.11959287531806616,-0.21463897131552923,-0.15410672977212891,0.2831521504449272,0.2845878136200717,0.11959287531806616,-0.21760633036597432,-0.15410672977212891,0.29661171884947374,0.28888888888888886,0.1619047619047619,0.35377514012528855,0.087027041399665,0.37537054268639086,0.38064516129032255,0.06940874035989718,-0.24925816023738867,-0.14174089535306267,-0.0010652314564456034,-0.0028673835125447855,0.0
410,0.2668492909308423,0.2731182795698925,0.11194029850746269,-0.2265084075173096,-0.14155925155925153,0.26598554520508283,0.2724014336917563,0.11471321695760599,-0.2255192878338279,-0.13853776853776856,0.29370010491710624,0.2896057347670251,0.1933534743202417,0.444289288415663,0.07296604296604292,0.35267557478081646,0.35913978494623655,0.05955334987593052,-0.2334322453016815,-0.14458073458073462,-0.0008637457257594794,-0.0007168458781361964,0.002772918450143297
411,0.27587933714047247,0.2845878136200717,0.09595959595959595,-0.23291626564003853,-0.14449541284403666,0.27529253774572077,0.2853046594982079,0.09595959595959595,-0.23291626564003853,-0.14449541284403666,0.28380591229686153,0.27741935483870966,0.16566265060240964,0.32288257940327236,0.051223241590214075,0.35629755142884617,0.36129032258064514,0.03316326530612245,-0.23291626564003853,-0.13226299694189603,-0.0005867993947517025,0.0007168458781361964,0.0
412,0.26114233110064367,0.2645161290322581,0.11375661375661375,-0.21223709369024857,-0.1318731117824774,0.2606230831911394,0.2630824372759857,0.11375661375661375,-0.2112810707456979,-0.1318731117824774,0.26823326801498715,0.26523297491039427,0.1893687707641196,0.5087954110898663,0.10961732124874113,0.3402078350875126,0.34767025089605735,0.07792207792207792,-0.23326959847036333,-0.15382678751258805,-0.0005192479095042501,-0.0014336917562723928,0.0
413,0.2788626556185787,0.2867383512544803,0.13615023474178403,-0.2343434343434343,-0.1559471276874409,0.27835365818575636,0.2896057347670251,0.13647058823529412,-0.23232323232323238,-0.1530187323272012,0.3008835613778728,0.2931899641577061,0.20056497175141244,0.4313131313131313,0.054897338249813576,0.35913563909765617,0.3634408602150538,0.04668304668304668,-0.23737373737373735,-0.10030761584288761,-0.0005089974328223446,0.002867383512544841,0.00032035349351008935
414,0.2644760373126313,0.26810035842293906,0.10854503464203233,-0.22442899702085406,-0.13605815704506452,0.26361749981009197,0.26953405017921145,0.1087962962962963,-0.22343594836146974,-0.1331910752214427,0.27868916925900267,0.26953405017921145,0.16032608695652173,0.4256061229927096,0.05030216149035649,0.3457846897896131,0.35268817204301073,0.06531531531531531,-0.24031777557100298,-0.16759605710490488,-0.000858537502539336,0.0014336917562723928,0.0002512616542639651
415,0.2581924109938526,0.2630824372759857,0.11463414634146342,-0.23168316831683167,-0.13694063888012686,0.25741921551793595,0.26594982078853047,0.11463414634146342,-0.23267326732673266,-0.13694063888012686,0.2710187507436135,0.26093189964157704,0.17717717717717718,0.34379461201934153,0.09202635998601871,0.3404656449914938,0.34767025089605735,0.07177033492822966,-0.24356435643564356,-0.16072941798310292,-0.0007731954759166437,0.0028673835125447855,0.0
416,0.2657847602906542,0.26881720430107525,0.09767441860465116,-0.2334322453016815,-0.13238396624472581,0.26453916968804586,0.26881720430107525,0.09813084112149532,-0.2314540059347181,-0.1266350210970465,0.28042992627876717,0.2716845878136201,0.15846994535519127,0.33415288964250395,0.05158227848101271,0.3516958508129709,0.36057347670250894,0.06981981981981981,-0.26508407517309596,-0.17262658227848104,-0.0012455906026083152,0.0,0.0004564225168441627
417,0.2543634938029581,0.25591397849462366,0.12406947890818859,-0.22342519685039375,-0.12894040872402546,0.25431668920028,0.25663082437275986,0.12437810945273632,-0.22440944881889768,-0.12594538897475527,0.2768586105794499,0.26666666666666666,0.20059880239520958,0.3860034322632748,0.07771595397561393,0.3416821034618884,0.34838709677419355,0.07389162561576355,-0.23523622047244097,-0.1379254679718359,-4.6804602678085505e-05,0.0007168458781361964,0.00030863054454773053
418,0.2577295900642355,0.2637992831541219,0.10426540284360189,-0.2272272272272272,-0.12167558375845056,0.25699786850208917,0.2623655913978495,0.10849056603773585,-0.22922922922922928,-0.12746215420347562,0.27502565052226235,0.26810035842293906,0.1792717086834734,0.5165477977977978,0.066387955704865,0.34034947386678144,0.34623655913978496,0.07093821510297482,-0.24724724724724723,-0.16507486209613875,-0.000731721562146348,-0.0014336917562723928,0.004225163194133963
419,0.3001150060535808,0.3118279569892473,0.11083743842364532,-0.2274975272007913,-0.1327502123345845,0.2993494527321927,0.3096774193548387,0.11302211302211303,-0.228486646884273,-0.13573659552316508,0.30458531222857427,0.2924731182795699,0.18155619596541786,0.3389147944044087,0.04344639579166554,0.38129103793954605,0.3992831541218638,0.07894736842105263,-0.24925816023738867,-0.16858681059755065,-0.0007655533213881127,-0.002150537634408589,0.0021846745984677035
420,0.27080920265878994,0.2752688172043011,0.1240506329113924,-0.227447216890595,-0.16575710533662658,0.2697239883276008,0.2745519713261649,0.1240506329113924,-0.23416506717850283,-0.16575710533662658,0.2892696785985492,0.2831541218637993,0.18849840255591055,0.442644236197358,0.08854308368853347,0.36241407876912546,0.3720430107526882,0.08542713567839195,-0.24664107485604603,-0.1750607707887667,-0.0010852143311891327,-0.0007168458781361964,0.0
421,0.2644229914084283,0.2630824372759857,0.11597938144329897,-0.21709233791748528,-0.1386494367482961,0.26302101194839017,0.2616487455197133,0.11627906976744186,-0.21709233791748528,-0.13555797814352943,0.28113249331419954,0.2738351254480287,0.19325153374233128,0.3356777996070727,0.053020996747232485,0.3533648744689614,0.3627240143369176,0.06217616580310881,-0.2396856581532416,-0.13246651953876287,-0.0014019794600381164,-0.0014336917562723928,0.0002996883241428855
422,0.27552919885482463,0.2831541218637993,0.12871287128712872,-0.22912621359223306,-0.13452631759981426,0.2746584411355217,0.2824372759856631,0.13054187192118227,-0.23106796116504857,-0.1405250621286256,0.29979210635875125,0.2931899641577061,0.19817073170731708,0.3753120665742025,0.09342597449501677,0.36116224489456383,0.36989247311827955,0.07560975609756097,-0.24466019417475726,-0.15252255118624825,-0.0008707577193029503,-0.0007168458781361964,0.001829000634053557
423,0.2662600747729437,0.27598566308243727,0.13002364066193853,-0.24110671936758898,-0.17035699530229076,0.2657256986285019,0.27741935483870966,0.13002364066193853,-0.23913043478260865,-0.17035699530229076,0.2731359511306553,0.26738351254480286,0.19827586206896552,0.5011345337432294,0.05203184853075438,0.3453858184164685,0.353405017921147,0.08747044917257683,-0.24011857707509876,-0.17035699530229076,-0.0005343761444417949,0.0014336917562723928,0.0
424,0.278869153053562,0.28745519713261647,0.12406947890818859,-0.23113658070678123,-0.16590214067278286,0.27793252906310334,0.28817204301075267,0.125,-0.23113658070678123,-0.1567278287461774,0.289412567819847,0.2824372759856631,0.16717325227963525,0.4852190928786078,0.060397553516819635,0.3690624454247571,0.37849462365591396,0.06930693069306931,-0.2435530085959885,-0.16896024464831805,-0.0009366239904586848,0.0007168458781361964,0.0009305210918114093
425,0.2542465803852562,0.26021505376344084,0.11192214111922141,-0.22308438409311349,-0.15552192345065396,0.252740033593588,0.25591397849462366,0.11192214111922141,-0.22599418040737151,-0.15552192345065396,0.2700897640826946,0.25806451612903225,0.14551083591331268,0.4315149290900988,0.10842283581704515,0.3375635824945498,0.34982078853046594,0.07311320754716981,-0.2473326867119302,-0.19451376288792765,-0.0015065467916682285,-0.004301075268817178,0.0
426,0.2586164581578494,0.26666666666666666,0.11633663366336634,-0.22958693563880883,-0.1662601832414442,0.2571006373707478,0.26523297491039427,0.11662531017369727,-0.22958693563880883,-0.16320674278090697,0.2673852868089461,0.25734767025089605,0.17857142857142858,0.3248008136972368,0.04137376807508941,0.34208236852488094,0.34480286738351257,0.053164556962025315,-0.22670509125840543,-0.13877921909660884,-0.0015158207871016072,-0.0014336917562723928,0.0002886765103309319
427,0.2842235483240614,0.2896057347670251,0.11138014527845036,-0.22862823061630222,-0.13302857916835975,0.28378223458697005,0.28817204301075267,0.11380145278450363,-0.22962226640159045,-0.13302857916835975,0.2906733460439102,0.2845878136200717,0.17052023121387283,0.35476032692732495,0.06480428010293915,0.3668498516597481,0.3763440860215054,0.07142857142857142,-0.2435387673956262,-0.15369768386834615,-0.00044131373709133115,-0.0014336917562724483,0.0024213075060532663
428,0.2751209816415198,0.2838709677419355,0.11685393258426967,-0.2361660079051383,-0.14813327850226665,0.27429355420170914,0.2867383512544803,0.11685393258426967,-0.2361660079051383,-0.14813327850226665,0.2927058264601155,0.2860215053763441,0.1726027397260274,0.46632411067193674,0.07864627947914815,0.3600718939734888,0.36917562724014336,0.05592841163310962,-0.24802371541501977,-0.1538027674518021,-0.0008274274398106796,0.0028673835125447855,0.0
429,0.2669200392567486,0.2738351254480287,0.11547344110854503,-0.2399598393574297,-0.16362538631015222,0.26654397811267194,0.2738351254480287,0.11547344110854503,-0.24096385542168675,-0.16362538631015222,0.2912143900188805,0.2838709677419355,0.16246498599439776,0.37751004016064255,0.05743491726750083,0.35087250152038063,0.3655913978494624,0.053738317757009345,-0.24899598393574296,-0.1490819452853066,-0.0003760611440766781,0.0,0.0
430,0.28465045177722903,0.2867383512544803,0.11270983213429256,-0.22077922077922074,-0.13972688777680975,0.28317526267392684,0.2845878136200717,0.11325301204819277,-0.22077922077922074,-0.13383782104530928,0.28472311990300686,0.27813620071684586,0.18233618233618235,0.3306105659046835,0.05461231436270442,0.3656378304004236,0.3720430107526882,0.06413301662707839,-0.2507492507492507,-0.15150502123981058,-0.001475189103302188,-0.002150537634408589,0.0005431799139002103
431,0.26100933042437396,0.26738351254480286,0.10411622276029056,-0.23069306930693068,-0.13302857916835975,0.25917774795709364,0.26594982078853047,0.10817307692307693,-0.23465346534653464,-0.14188676689692536,0.2630338939418658,0.25089605734767023,0.16620498614958448,0.21171617161716172,0.02051334146011108,0.3425070882903576,0.34551971326164876,0.05515587529976019,-0.24554455445544554,-0.14483949613978053,-0.0018315824672803238,-0.0014336917562723928,0.004056854162786366
432,0.27310001201688033,0.2817204301075269,0.12354312354312354,-0.24435721295387636,-0.15706509469459418,0.27099888039827386,0.27813620071684586,0.12383177570093458,-0.25024533856722275,-0.15414858480705718,0.2726157682753816,0.26523297491039427,0.16712328767123288,0.4566568531239778,0.02959153810778048,0.35731187627305827,0.36702508960573477,0.07175925925925926,-0.23945044160942097,-0.16581462435720562,-0.0021011316186064777,-0.0035842293906810374,0.00028865215781104236
433,0.27075079204289415,0.27598566308243727,0.10591133004926108,-0.23585810162991372,-0.15364518364518365,0.2700268021268389,0.2752688172043011,0.10617283950617284,-0.2348993288590604,-0.15062370062370067,0.2891139620815444,0.27885304659498206,0.16167664670658682,0.29578139980824547,0.06390159390159389,0.3533073761183395,0.3655913978494624,0.072992700729927,-0.23298178331735375,-0.16875259875259874,-0.0007239899160552676,-0.0007168458781361964,0.0002615094569117654
434,0.27737016404991993,0.2831541218637993,0.12322274881516587,-0.24035608308605338,-0.1778880105604601,0.2766435264779708,0.2824372759856631,0.12322274881516587,-0.24530168150346188,-0.1778880105604601,0.3041558365696868,0.3003584229390681,0.17592592592592593,0.32459165396850853,0.11435767745112624,0.3735207493624946,0.3870967741935484,0.08076009501187649,-0.24134520276953508,-0.17490591170319902,-0.0007266375719491291,-0.0007168458781361964,0.0
435,0.27561996694731017,0.2838709677419355,0.11058823529411765,-0.22975708502024295,-0.1530187323272012,0.27483293365315303,0.2845878136200717,0.1111111111111111,-0.22975708502024295,-0.1471619416067219,0.2866471722073162,0.2824372759856631,0.1742857142857143,0.289118065433855,0.06661091969077226,0.3592444908070172,0.36774193548387096,0.07407407407407407,-0.2510121457489879,-0.17351749984887865,-0.0007870332941571356,0.0007168458781361964,0.0005228758169934511
436,0.2769829721721795,0.2817204301075269,0.097799511002445,-0.22398414271556,-0.1339670414922549,0.27633641997216213,0.27956989247311825,0.097799511002445,-0.22893954410307238,-0.1339670414922549,0.29196609858340705,0.2838709677419355,0.16666666666666666,0.474614186606258,0.029580814840706182,0.3591910542461813,0.36774193548387096,0.048426150121065374,-0.24578790882061452,-0.14586143104374294,-0.0006465522000173585,-0.0021505376344086446,0.0
437,0.2644570117948164,0.26810035842293906,0.13023255813953488,-0.22376237623762374,-0.14984621986982327,0.26360084557799546,0.2709677419354839,0.13145539906103287,-0.21980198019801978,-0.13824243200489694,0.28912715389723675,0.2810035842293907,0.19293478260869565,0.3055927214343056,0.030012492036534555,0.35586787346797766,0.37132616487455194,0.08083140877598152,-0.2504950495049505,-0.15854906076851816,-0.0008561662168209416,0.002867383512544841,0.0012228409214979918
438,0.270927015637836,0.2731182795698925,0.14536340852130325,-0.2320075757575758,-0.14301450083658673,0.27004234696253476,0.2724014336917563,0.14898989898989898,-0.23011363636363635,-0.13389570552147245,0.2875417215954694,0.2817204301075269,0.2123076923076923,0.4289772727272727,0.0819157836029002,0.35784024733619607,0.3648745519713262,0.07808564231738035,-0.2320075757575758,-0.13693530395984377,-0.0008846686753012367,-0.0007168458781361964,0.0036264904685957278
439,0.2815306479500045,0.28888888888888886,0.12276214833759591,-0.2272727272727273,-0.12131193325129386,0.2796672594510191,0.2838709677419355,0.12276214833759591,-0.2272727272727273,-0.12131193325129386,0.282887791529903,0.27956989247311825,0.19533527696793002,0.33444148936170215,0.024809083688983158,0.36010676885211923,0.36702508960573477,0.06615776081424936,-0.23768939393939392,-0.12740030895713872,-0.0018633884989853744,-0.005017921146953375,0.0
440,0.26679997467341343,0.26810035842293906,0.12048192771084337,-0.22933070866141736,-0.17016644620811283,0.2658816691598421,0.2716845878136201,0.12106537530266344,-0.22637795275590555,-0.16415895061728392,0.2833323706145872,0.2752688172043011,0.19533527696793002,0.3834645669291339,0.04610339506172845,0.35100515833801266,0.35698924731182796,0.06388206388206388,-0.23523622047244097,-0.14613646384479717,-0.0009183055135713047,0.0035842293906810374,0.000583447591820066
441,0.26555451635797295,0.2731182795698925,0.10755148741418764,-0.2351778656126482,-0.1625467221588951,0.26409831135862566,0.2709677419354839,0.10779816513761468,-0.2351778656126482,-0.15965723828963763,0.28790489352118404,0.2817204301075269,0.16201117318435754,0.2934782608695652,0.06572250351244602,0.35864995813307077,0.37132616487455194,0.07013574660633484,-0.2519762845849802,-0.17699414150518256,-0.001456204999347288,-0.002150537634408589,0.0002466777234270412
442,0.2767147285022636,0.27813620071684586,0.10337078651685393,-0.2317948717948718,-0.13595947063689007,0.2751054641939391,0.27670250896057347,0.10762331838565023,-0.23487179487179488,-0.13877688172043012,0.2861933835255334,0.27598566308243727,0.16326530612244897,0.3437805605247466,0.013363316790736213,0.3601506482790574,0.36989247311827955,0.0556792873051225,-0.2594871794871795,-0.1472291149710505,-0.0016092643083244762,-0.0014336917562723928,0.004252531868796303
443,0.25329361181822646,0.25806451612903225,0.11407766990291263,-0.22958693563880883,-0.13007584992550458,0.2530272431009221,0.26021505376344084,0.11463414634146342,-0.2305475504322767,-0.12417039143979414,0.27809697431295477,0.2709677419354839,0.17391304347826086,0.3334463468384472,0.06775700934579443,0.34659057793618264,0.353405017921147,0.0671462829736211,-0.24111431316042264,-0.14483949613978053,-0.00026636871730434386,0.002150537634408589,0.0005564764385507931
444,0.2647641918934763,0.26523297491039427,0.12745098039215685,-0.22890397672162943,-0.14391550747037607,0.2642235530687657,0.26810035842293906,0.12776412776412777,-0.22793404461687683,-0.140920487721106,0.28124544640518084,0.27598566308243727,0.1921921921921922,0.4218266011701761,0.08071097372488412,0.3494762797881449,0.35698924731182796,0.0819277108433735,-0.2502424830261881,-0.16488064571526706,-0.0005406388247105598,0.0028673835125447855,0.00031314737197091214
445,0.2793559950995128,0.2867383512544803,0.1227154046997389,-0.21946375372393245,-0.07153950004729515,0.27844954102170866,0.2860215053763441,0.12532637075718014,-0.21946375372393245,-0.07153950004729515,0.2893400433375844,0.2860215053763441,0.20689655172413793,0.3832236842105263,0.03343852920690338,0.3634811445007541,0.3720430107526882,0.09359605911330049,-0.2562065541211519,-0.1405250621286256,-0.000906454077804153,-0.0007168458781361964,0.0026109660574412386
446,0.2660448695682827,0.27025089605734764,0.10714285714285714,-0.20812685827552035,-0.10363444120746723,0.2653072640675604,0.26738351254480286,0.10714285714285714,-0.20911793855302274,-0.10363444120746723,0.2833350169260167,0.2745519713261649,0.17751479289940827,0.32281962338949455,0.0588054691690858,0.3540065686964634,0.36630824372759857,0.07785888077858881,-0.23389494549058476,-0.16078922448810629,-0.000737605500722327,-0.0028673835125447855,0.0
447,0.27902354770444204,0.2853046594982079,0.1252847380410023,-0.22620266120777888,-0.13844366711913958,0.2776291435053691,0.2831541218637993,0.12128146453089245,-0.22620266120777888,-0.13275294977550378,0.27981251664229784,0.27598566308243727,0.18716577540106952,0.3406118503354941,0.04650464654902364,0.35405958833394174,0.35985663082437275,0.05922551252847381,-0.24462640736949848,-0.13844366711913958,-0.0013944041990729406,-0.002150537634408589,-0.004003273510109845
448,0.26163287074588676,0.2645161290322581,0.09170305676855896,-0.23037716615698267,-0.15550051824428124,0.2614199699273885,0.26523297491039427,0.09170305676855896,-0.23037716615698267,-0.15550051824428124,0.29291408702648464,0.2845878136200717,0.14175257731958762,0.3360661070987052,0.040070615789549624,0.3505618610428979,0.36630824372759857,0.04103671706263499,-0.25688073394495414,-0.16946988496098347,-0.00021290081849828502,0.0007168458781361964,0.0
449,0.26771063678421636,0.2731182795698925,0.13411764705882354,-0.23168316831683167,-0.13035543942598815,0.26709845925715897,0.2752688172043011,0.1347517730496454,-0.2287128712871287,-0.12456886898096309,0.28447239573669114,0.27670250896057347,0.20670391061452514,0.3903163487080416,0.06349467048235247,0.34532390296897725,0.35125448028673834,0.07276995305164319,-0.24059405940594059,-0.13324872464850068,-0.0006121775270573893,0.002150537634408589,0.0006341259908218544
450,0.28943347604564834,0.2917562724014337,0.13480392156862744,-0.2309197651663405,-0.13613862655880504,0.28827296186363305,0.2931899641577061,0.13513513513513514,-0.22798434442270055,-0.13315652770154396,0.289510134028161,0.27813620071684586,0.17681159420289855,0.35432255093818354,0.051733601448643474,0.3666244050978404,0.37060931899641575,0.06633906633906633,-0.2465753424657534,-0.13315652770154396,-0.001160514182015293,0.0014336917562723928,0.00033121356650769873
451,0.26620613363441453,0.2724014336917563,0.10681818181818181,-0.2218875502008032,-0.14620829980307104,0.26514202622649263,0.2752688172043011,0.1070615034168565,-0.21987951807228912,-0.14335577407472833,0.28152230354626445,0.2731182795698925,0.17486338797814208,0.45286551611852816,0.06487860409429036,0.34987063755899617,0.35842293906810035,0.049886621315192746,-0.24698795180722888,-0.14906082553141375,-0.0010641074079218993,0.0028673835125447855,0.00024332159867468395
452,0.2709329718520852,0.27956989247311825,0.1340909090909091,-0.23366336633663365,-0.15862473107128694,0.27055194125614135,0.27885304659498206,0.13439635535307518,-0.23267326732673266,-0.15575396335491343,0.2799113094030328,0.2731182795698925,0.17827298050139276,0.30990099009900995,0.0739074539549599,0.3542799492158688,0.35985663082437275,0.07954545454545454,-0.2396039603960396,-0.15862473107128694,-0.00038103059594385424,-0.0007168458781361964,0.0003054462621660814
453,0.2589082291727372,0.2645161290322581,0.13793103448275862,-0.21965317919075145,-0.13693280492410898,0.2583863360221573,0.2630824372759857,0.13793103448275862,-0.2186897880539499,-0.13693280492410898,0.27032977281638265,0.26021505376344084,0.19811320754716982,0.381609933633055,0.049015196283063944,0.3345550784575173,0.3426523297491039,0.07506702412868632,-0.2244701348747592,-0.12432616077447012,-0.0005218931505798774,-0.0014336917562723928,0.0
454,0.2704713986388691,0.2738351254480287,0.10952380952380952,-0.22758620689655173,-0.15369768386834615,0.2695982658759476,0.27741935483870966,0.11031175059952038,-0.22561576354679802,-0.14483949613978053,0.2791933042815348,0.2738351254480287,0.17002881844380405,0.47647058823529415,0.06185155086008398,0.3538555003363979,0.35913978494623655,0.05714285714285714,-0.24729064039408866,-0.15369768386834615,-0.0008731327629215024,0.003584229390680982,0.0007879410757108546
455,0.28037842679260444,0.2853046594982079,0.12077294685990338,-0.22960725075528698,-0.16188562596599698,0.278694462211388,0.2867383512544803,0.12048192771084337,-0.2316213494461229,-0.16488064571526706,0.2906914372194072,0.2853046594982079,0.16816816816816818,0.3571668345082243,0.08071097372488412,0.36014866144993307,0.36415770609319,0.06310679611650485,-0.2416918429003021,-0.1558955864674566,-0.001683964581216446,0.0014336917562723928,-0.0002910191490600039
456,0.2688105797428273,0.27025089605734764,0.1111111111111111,-0.22845691382765532,-0.12827626918536017,0.2678248956993599,0.2709677419354839,0.11162790697674418,-0.22645290581162325,-0.12255673619309981,0.2757150219227556,0.26810035842293906,0.17166212534059946,0.2833094760950473,0.05760855306309853,0.3474987440686561,0.35770609318996416,0.06741573033707865,-0.24448897795591185,-0.16545323363505182,-0.000985684043467383,0.0007168458781362519,0.0005167958656330796
457,0.27415582143538875,0.2802867383512545,0.1180722891566265,-0.23107177974434612,-0.14921815408085426,0.2724545804898261,0.27813620071684586,0.11864406779661017,-0.23008849557522126,-0.14327939413751767,0.27163212689818705,0.2637992831541219,0.15730337078651685,0.4235496558505408,0.025975264247575458,0.35070627840397783,0.35913978494623655,0.05995203836930456,-0.2379547689282202,-0.15515691402419096,-0.001701240945562621,-0.0021505376344086446,0.0005717786399836722
458,0.2920144261545605,0.2967741935483871,0.14146341463414633,-0.22309197651663404,-0.14990554696891634,0.2909653277616213,0.2953405017921147,0.14563106796116504,-0.22700587084148727,-0.1558955864674566,0.30680417642097235,0.2989247311827957,0.18823529411764706,0.29452054794520544,0.059745835479993126,0.3737471747753768,0.3813620071684588,0.0784313725490196,-0.23483365949119372,-0.14391550747037607,-0.0010490983929392073,-0.0014336917562723928,0.004167653327018711
459,0.27564394496905636,0.2838709677419355,0.1275,-0.22307692307692306,-0.16754177958446248,0.2744717389345237,0.27885304659498206,0.12814070351758794,-0.22499999999999998,-0.16138775971093045,0.2823298461297114,0.2752688172043011,0.17325227963525835,0.516445623342175,0.05092592592592593,0.36374574496123613,0.3734767025089606,0.0825,-0.2288461538461538,-0.16754177958446248,-0.0011722060345326635,-0.00501792114695343,0.0006407035175879372
460,0.27539165729002485,0.2824372759856631,0.12623762376237624,-0.22179363548698172,-0.13452631759981426,0.27406617129559663,0.27813620071684586,0.12839506172839507,-0.22275795564127288,-0.13752568986421987,0.2954351394576186,0.28745519713261647,0.18208955223880596,0.4281073948129727,0.07243036864417718,0.3605715508594691,0.3727598566308244,0.08495145631067962,-0.24108003857280613,-0.15852129571505968,-0.0013254859944282216,-0.004301075268817234,0.0021574379660188325
461,0.2786596173742502,0.28745519713261647,0.14726840855106887,-0.23580365736284892,-0.16442662613340953,0.2776803658033028,0.28888888888888886,0.14726840855106887,-0.23772858517805584,-0.16442662613340953,0.2927645086997612,0.2831541218637993,0.19941348973607037,0.5006270598185902,0.07278814062183869,0.36225630338747045,0.36989247311827955,0.08695652173913043,-0.23965351299326276,-0.14367033404232532,-0.0009792515709474148,0.0014336917562723928,0.0
462,0.27000397039374485,0.2752688172043011,0.11682242990654206,-0.2432432432432432,-0.1747142255728592,0.26924373654079914,0.27598566308243727,0.11737089201877934,-0.24524524524524527,-0.16881698432530856,0.2782215786002529,0.26953405017921145,0.17663817663817663,0.3292523292523293,0.0523295624578376,0.34710909626622943,0.35268817204301073,0.06588235294117648,-0.25225225225225223,-0.16586836370153335,-0.0007602338529457131,0.0007168458781361964,0.0005484621122372885
463,0.26828979670650765,0.2709677419354839,0.12814645308924486,-0.2426693629929222,-0.14752648433955196,0.26656802132614926,0.26881720430107525,0.1313364055299539,-0.24064711830131447,-0.13892523886868635,0.27501306463716874,0.26594982078853047,0.18333333333333332,0.39676440849342764,0.07323881607933136,0.3480468802418231,0.3541218637992832,0.08144796380090498,-0.24570273003033372,-0.16186189345766122,-0.0017217753803583924,-0.0021505376344086446,0.0031899524407090485
464,0.26836319477436016,0.26953405017921145,0.12098765432098765,-0.2295409181636726,-0.14012896825396826,0.26777887991791566,0.26953405017921145,0.12098765432098765,-0.2295409181636726,-0.14012896825396826,0.28342927621361397,0.27598566308243727,0.18235294117647058,0.39540918163672656,0.05511463844797182,0.3575110477625319,0.36630824372759857,0.07317073170731707,-0.2564870259481038,-0.15514770723104054,-0.0005843148564445011,0.0,0.0
465,0.2655885729407321,0.2637992831541219,0.08163265306122448,-0.22147001934235977,-0.11393041990620179,0.26482575501542266,0.2645161290322581,0.08184143222506395,-0.22243713733075432,-0.11090444405501587,0.27851132544140683,0.27025089605734764,0.14497041420118342,0.4329925393755181,0.049472276057833664,0.3477402209377876,0.35555555555555557,0.044226044226044224,-0.2456479690522244,-0.15932005767398927,-0.0007628179253094669,0.0007168458781361964,0.00020877916383946205
466,0.2689144605726773,0.27598566308243727,0.10843373493975904,-0.22704837117472854,-0.11623395626907473,0.26866400138033514,0.27741935483870966,0.11380145278450363,-0.22606120434353405,-0.11040093649400062,0.29193780666883595,0.2824372759856631,0.1807909604519774,0.1750220111523172,0.06167314687068859,0.3461403107876674,0.3541218637992832,0.05476190476190476,-0.2418558736426456,-0.1308165057067604,-0.0002504591923421784,0.0014336917562723928,0.005367717844744588
467,0.2485648648340726,0.2537634408602151,0.07560975609756097,-0.2300194931773879,-0.16573111573111576,0.2474138997654428,0.2523297491039427,0.07560975609756097,-0.23196881091617938,-0.16573111573111576,0.25887955582766686,0.2537634408602151,0.13190184049079753,0.33970427423572475,0.08807345807345801,0.33746958370123076,0.34767025089605735,0.050359712230215826,-0.2485380116959064,-0.1868814968814968,-0.0011509650686298,-0.0014336917562723928,0.0
468,0.27002700277407904,0.27598566308243727,0.13216957605985039,-0.2245098039215686,-0.17061878952122855,0.26942003324767494,0.2745519713261649,0.13216957605985039,-0.22352941176470587,-0.17061878952122855,0.2795101746543906,0.26810035842293906,0.17717717717717718,0.18305322128851542,0.03861788617886175,0.35358180110735454,0.35985663082437275,0.0663265306122449,-0.23627450980392162,-0.14292570009033423,-0.0006069695264040997,-0.0014336917562723928,0.0
469,0.2807255419845249,0.2896057347670251,0.11946902654867257,-0.24543610547667338,-0.1729409560123515,0.2799165447061406,0.28745519713261647,0.11946902654867257,-0.24746450304259637,-0.1729409560123515,0.3030788354973054,0.28817204301075267,0.17801047120418848,0.4309781383817895,0.025985220671506215,0.3691276913988337,0.3870967741935484,0.07760532150776053,-0.2565922920892495,-0.1700991534882963,-0.0008089972783842936,-0.0021505376344086446,0.0
470,0.2652471944021949,0.2738351254480287,0.12531969309462915,-0.22630560928433274,-0.13717469695928752,0.26438753516290364,0.2716845878136201,0.12564102564102564,-0.22533849129593808,-0.13410245163063295,0.2706285843178023,0.2630824372759857,0.18960244648318042,0.3935565764023211,0.05944900407460063,0.34004012662600225,0.3419354838709677,0.06905370843989769,-0.23597678916827858,-0.13717469695928752,-0.0008596592392912661,-0.002150537634408589,0.0003213325463964911
471,0.2779115772392055,0.2824372759856631,0.12682926829268293,-0.23828125,-0.15778107799965158,0.27674331577365335,0.2831541218637993,0.12776412776412777,-0.2353515625,-0.14875663853428756,0.27610341372325914,0.26594982078853047,0.16279069767441862,0.42239583333333336,0.04075659023835765,0.3544090052429392,0.36200716845878134,0.0661764705882353,-0.2373046875,-0.15176478502274227,-0.0011682614655521562,0.0007168458781361964,0.0009348594714448377
472,0.27433059590054515,0.27741935483870966,0.13378684807256236,-0.239,-0.1741046576359251,0.2736007222715141,0.2745519713261649,0.13378684807256236,-0.239,-0.1741046576359251,0.28569729526259646,0.27741935483870966,0.19667590027700832,0.40711111111111115,0.05705405190467361,0.3537464593897599,0.35913978494623655,0.06526806526806526,-0.241,-0.13943085120483523,-0.0007298736290310415,-0.0028673835125447855,0.0
473,0.28254530539479433,0.28745519713261647,0.11455847255369929,-0.22352941176470587,-0.14561595450831022,0.28163237601696645,0.28745519713261647,0.11483253588516747,-0.22254901960784312,-0.14267142114256004,0.29141264769913067,0.2845878136200717,0.17765042979942694,0.3806451612903226,0.060501381094204776,0.36451155951243736,0.3756272401433692,0.07511737089201878,-0.24607843137254903,-0.1662276880685617,-0.0009129293778278869,0.0,0.0002740633314681773
474,0.24362773272024843,0.24516129032258063,0.14087759815242495,-0.22613065326633164,-0.14349228877684894,0.24280012604657925,0.24587813620071686,0.14087759815242495,-0.2271356783919598,-0.14349228877684894,0.25973821656501145,0.24802867383512545,0.1903409090909091,0.43605527638190955,0.08964162822745014,0.3250240080708529,0.32831541218637994,0.08256880733944955,-0.2472361809045226,-0.15212687829552685,-0.0008276066736691845,0.0007168458781362241,0.0
475,0.2795823301660908,0.2810035842293907,0.12530120481927712,-0.22812192723697144,-0.12624950608254093,0.27917571891133325,0.2824372759856631,0.12530120481927712,-0.2291052114060964,-0.12624950608254093,0.29287103188885627,0.2845878136200717,0.18457300275482094,0.36064405113077685,0.026235214002875207,0.3635300242698654,0.3734767025089606,0.08254716981132075,-0.24090462143559488,-0.15264109225117073,-0.00040661125475754956,0.0014336917562723928,0.0
476,0.25794680451871876,0.26523297491039427,0.10891089108910891,-0.22630560928433274,-0.15821249302844398,0.25696155564695,0.26738351254480286,0.10918114143920596,-0.2292069632495164,-0.15517289459007244,0.2627938643795215,0.25591397849462366,0.1701492537313433,0.3478723404255319,0.0515197992191857,0.3366812644479711,0.33978494623655914,0.05472636815920398,-0.24274661508704065,-0.15213329615170113,-0.0009852488717687624,0.002150537634408589,0.00027025035009704823
477,0.2690962316952062,0.27741935483870966,0.13333333333333333,-0.21499999999999997,-0.13234318168956838,0.2681913321143579,0.27813620071684586,0.13366336633663367,-0.21399999999999997,-0.129352491584397,0.2781308388319865,0.2709677419354839,0.20285714285714285,0.35410256410256413,0.03214477409486183,0.34777870945813166,0.35125448028673834,0.07213930348258707,-0.237,-0.1233711113740541,-0.0009048995808482729,0.0007168458781361964,0.0003300330033003396
478,0.2854675180158709,0.28888888888888886,0.13367609254498714,-0.23495702005730656,-0.16915567163506995,0.2845175042386387,0.28888888888888886,0.13367609254498714,-0.2340019102196753,-0.16915567163506995,0.29360707246854684,0.28745519713261647,0.17088607594936708,0.19751671442215857,0.060163011662989097,0.3732597979799492,0.382078853046595,0.07493540051679587,-0.24450811843361986,-0.16287296798306838,-0.0009500137772321948,0.0,0.0
479,0.2550728247821628,0.25806451612903225,0.10989010989010989,-0.23564356435643563,-0.13753290632837922,0.253660897805035,0.25806451612903225,0.1130820399113082,-0.23366336633663365,-0.1264097302279007,0.26905394309173586,0.2616487455197133,0.1679790026246719,0.25634134842055634,0.06824585153047313,0.33373721744481066,0.34121863799283153,0.06896551724137931,-0.2504950495049505,-0.16256005255445594,-0.0014119269771278309,0.0,0.0031919300211983165
480,0.26647822308299834,0.26594982078853047,0.11793611793611794,-0.22705314009661837,-0.17001893889805286,0.2661396275094608,0.26666666666666666,0.11793611793611794,-0.22705314009661837,-0.17001893889805286,0.2789347581110004,0.26953405017921145,0.16224188790560473,0.3195525044495296,0.03698583510067288,0.35602169514558035,0.35985663082437275,0.05970149253731343,-0.2376811594202899,-0.15479799963344065,-0.0003385955735375479,0.0007168458781361964,0.0
481,0.2638508504630295,0.26881720430107525,0.10672853828306264,-0.23904382470119523,-0.16545427752324304,0.2629231718402718,0.2716845878136201,0.10722610722610723,-0.2350597609561753,-0.15961337513061646,0.2731098603807741,0.2623655913978495,0.15384615384615385,0.4579102943066444,0.06818181818181823,0.34503761972655284,0.3548387096774194,0.046511627906976744,-0.24203187250996017,-0.1625338263269297,-0.0009276786227576661,0.002867383512544841,0.0004975689430445907
482,0.2765797311130108,0.2831541218637993,0.08095238095238096,-0.22593320235756387,-0.16667661275884715,0.2762332645102557,0.2845878136200717,0.08133971291866028,-0.22593320235756387,-0.16072941798310292,0.2817118588661431,0.2745519713261649,0.11730205278592376,0.2689156164646126,0.06823758088304244,0.3586538860285977,0.37060931899641575,0.04449648711943794,-0.24361493123772104,-0.18749179447395115,-0.0003464666027551133,0.0014336917562723928,0.0003873319662793251
483,0.26683090484875055,0.2731182795698925,0.10426540284360189,-0.22817460317460314,-0.14677629532480851,0.26607613736531244,0.2724014336917563,0.1066350710900474,-0.2321428571428571,-0.14677629532480851,0.26979524858630294,0.25949820788530464,0.14772727272727273,0.3125,0.05849159709786711,0.34316784408236944,0.35197132616487453,0.05568445475638051,-0.2589285714285714,-0.1731678814934382,-0.0007547674834381124,-0.0007168458781361964,0.0023696682464455082
484,0.27779593174277256,0.2867383512544803,0.10344827586206896,-0.24124881740775783,-0.16697475104513038,0.2767765772131158,0.2845878136200717,0.10396039603960396,-0.24030274361400195,-0.16088637533928551,0.28479453933368576,0.27813620071684586,0.1467065868263473,0.4744323557237465,0.05220677436528509,0.3638285379513101,0.3763440860215054,0.05405405405405406,-0.25543992431409646,-0.17001893889805286,-0.0010193545296567352,-0.002150537634408589,0.0005121201775349915
485,0.2571982483254228,0.2645161290322581,0.0982367758186398,-0.2283236994219653,-0.1290602991621309,0.2563162502384983,0.26523297491039427,0.09923664122137404,-0.2244701348747592,-0.11695639575738759,0.2587870205516912,0.24802867383512545,0.13872832369942195,0.4263443685409003,0.02526446924834691,0.3390248220065033,0.34838709677419355,0.0671462829736211,-0.2543352601156069,-0.18957981618584763,-0.0008819980869245181,0.0007168458781361964,0.0009998654027342513
486,0.2782027444610068,0.2817204301075269,0.10594315245478036,-0.22634146341463413,-0.13555797814352943,0.2774036913576739,0.2817204301075269,0.10649350649350649,-0.224390243902439,-0.1293750609339963,0.2880215333517319,0.2860215053763441,0.1702127659574468,0.3024685883222469,0.04374662093293269,0.36986045162240944,0.37992831541218636,0.0707070707070707,-0.2448780487804878,-0.16338110558642882,-0.0007990531033328918,0.0,0.0005503540387261224
487,0.26798838668291247,0.27670250896057347,0.1141439205955335,-0.2161895360315893,-0.11612545716502265,0.26732891255370295,0.27670250896057347,0.11471321695760599,-0.21224086870681147,-0.11017826238927864,0.2826159176473398,0.2709677419354839,0.16997167138810199,0.25837446528463315,0.032554412228578244,0.36474874844491395,0.3763440860215054,0.08450704225352113,-0.25666337611056267,-0.1845181970860792,-0.0006594741292095252,0.0,0.0005692963620724939
488,0.26524703535003635,0.2709677419354839,0.09571788413098237,-0.23278370514064017,-0.15291448271009955,0.2643802389818096,0.27025089605734764,0.09547738693467336,-0.2347235693501455,-0.15598198895416338,0.2797592436152016,0.2716845878136201,0.14545454545454545,0.3932059639546162,0.0526084356421711,0.3507510825526229,0.36200716845878134,0.057356608478802994,-0.24248302618816686,-0.16518450768635462,-0.0008667963682267299,-0.0007168458781362519,-0.00024049719630900301
489,0.26769656383764895,0.2738351254480287,0.1506849315068493,-0.22941176470588232,-0.16039382101568544,0.26626815851404484,0.2745519713261649,0.1506849315068493,-0.22843137254901957,-0.16039382101568544,0.2728041759628625,0.26523297491039427,0.1842818428184282,0.2788370520622041,0.03846001308770752,0.3420676182807099,0.35268817204301073,0.07834101382488479,-0.25,-0.148866062516938,-0.0014284053236041094,0.0007168458781361964,0.0
490,0.25571835050159314,0.25878136200716845,0.12064965197215777,-0.24124124124124124,-0.1427115340385433,0.2545762879991913,0.25806451612903225,0.12093023255813953,-0.2442442442442443,-0.13982583199720688,0.2804072005156977,0.2745519713261649,0.18478260869565216,0.28068068068068075,0.0390876945656472,0.3460060279456706,0.35842293906810035,0.08009153318077804,-0.2482482482482482,-0.1600257462865614,-0.0011420625024018416,-0.0007168458781361964,0.0002805805859817656
491,0.293543431399701,0.2960573476702509,0.12219451371571072,-0.23681592039800992,-0.14644210203907604,0.2924848289686864,0.2989247311827957,0.12594458438287154,-0.23283582089552235,-0.13430196842103437,0.2929794516138329,0.28817204301075267,0.1880597014925373,0.3951153324287653,0.053870102658612695,0.38001489880998424,0.38853046594982077,0.08395061728395062,-0.254726368159204,-0.15858223565711782,-0.0010586024310146325,0.002867383512544841,0.003750070667160821
492,0.28949761717923905,0.2931899641577061,0.12903225806451613,-0.2392578125,-0.14985994397759106,0.28867899886881715,0.2939068100358423,0.12903225806451613,-0.2412109375,-0.14985994397759106,0.2819971380612105,0.27670250896057347,0.17052023121387283,0.228515625,0.022878133883826535,0.36658560062895834,0.3763440860215054,0.07654320987654321,-0.244140625,-0.15592092916571088,-0.0008186183104219036,0.0007168458781361964,0.0
493,0.2756613451982949,0.2824372759856631,0.1103448275862069,-0.22389558232931728,-0.11256680161943322,0.274830395038715,0.2802867383512545,0.11059907834101383,-0.22489959839357432,-0.10974251012145742,0.2714445036804545,0.26881720430107525,0.16062176165803108,0.42953632712668854,0.0258234817813765,0.3524548055896158,0.35913978494623655,0.07142857142857142,-0.2620481927710844,-0.18882267206477743,-0.0008309501595799018,-0.002150537634408589,0.0002542507548069367
494,0.25381760296577216,0.26093189964157704,0.0935412026726058,-0.23658051689860837,-0.17188103135815547,0.25337189978207614,0.26021505376344084,0.0975609756097561,-0.2405566600397614,-0.177586082814841,0.2824142973193641,0.27956989247311825,0.15966386554621848,0.44762535895736694,0.09055133564937479,0.3403131903651921,0.34910394265232975,0.05530973451327434,-0.2554671968190855,-0.18043860854318372,-0.00044570318369602235,-0.0007168458781361964,0.004019772937150307
495,0.2730123803210315,0.2810035842293907,0.14651162790697675,-0.22914572864321603,-0.15743678813587625,0.27223019462959297,0.27885304659498206,0.14754098360655737,-0.23115577889447236,-0.1486990213433983,0.28550385845267046,0.27741935483870966,0.21052631578947367,0.40661930341361985,0.04353184809111854,0.35147269916717444,0.36200716845878134,0.09433962264150944,-0.24020100502512565,-0.13996125455092012,-0.0007821856914385084,-0.0021505376344086446,0.0010293556995806252
496,0.2681051190419,0.2738351254480287,0.12949640287769784,-0.23007063572149344,-0.1422793987113311,0.26703148697468837,0.2752688172043011,0.13317191283292978,-0.2260343087790111,-0.13048491621622993,0.281245943741192,0.27885304659498206,0.21282798833819241,0.3147244115962582,0.07591852744803984,0.35117417965656916,0.3541218637992832,0.072992700729927,-0.23511604439959632,-0.1245876749686794,-0.0010736320672116162,0.0014336917562723928,0.0036755099552319426
497,0.2697248046800362,0.27598566308243727,0.11192214111922141,-0.23609756097560974,-0.15028732232059716,0.26862326240977247,0.2731182795698925,0.11246943765281174,-0.23609756097560974,-0.14430594211025427,0.27338660286109956,0.26953405017921145,0.1752873563218391,0.45886178861788623,0.03812615430520472,0.3524490606481508,0.35842293906810035,0.056372549019607844,-0.25073170731707317,-0.14131525200508277,-0.0011015422702637112,-0.0028673835125447855,0.0005472965335903274
498,0.27041690841122995,0.27670250896057347,0.10829493087557604,-0.23529411764705888,-0.14388185654008434,0.2691513982086331,0.2738351254480287,0.11059907834101383,-0.23728813559322037,-0.14388185654008434,0.284239330245882,0.27813620071684586,0.17318435754189945,0.4760235422763966,0.07457805907172999,0.348409022821977,0.36129032258064514,0.0547945205479452,-0.24925224327018947,-0.15537974683544298,-0.0012655102025968534,-0.0028673835125447855,0.002304147465437792
499,0.27558515059382765,0.2810035842293907,0.11547911547911548,-0.22962226640159045,-0.14875663853428756,0.2747116499192248,0.2817204301075269,0.11547911547911548,-0.23061630218687867,-0.14875663853428756,0.28317924914420495,0.2745519713261649,0.18584070796460178,0.4638833664678595,0.05579732268063109,0.3588987184195867,0.36845878136200716,0.06829268292682927,-0.2375745526838966,-0.15778107799965158,-0.0008735006746028451,0.0007168458781361964,0.0
500,0.261409150133545,0.26523297491039427,0.0954653937947494,-0.22332015810276684,-0.14817663995888153,0.26073987764843226,0.2630824372759857,0.09569377990430622,-0.22332015810276684,-0.14522801933510632,0.2856998048445055,0.2731182795698925,0.1642651296829971,0.3241106719367589,0.06412404495293877,0.3536987236278084,0.36200716845878134,0.06775700934579439,-0.25395256916996045,-0.1747142255728592,-0.0006692724851127263,-0.002150537634408589,0.00022838610955681904
501,0.2795944134029833,0.2860215053763441,0.12121212121212122,-0.23291626564003853,-0.14984697646603584,0.2777100180375114,0.2867383512544803,0.12151898734177215,-0.2386910490856593,-0.14677947022197202,0.29324001212399753,0.2867383512544803,0.17417417417417416,0.41649210213440524,0.04340591690997997,0.3700923973389143,0.3763440860215054,0.07537688442211055,-0.24157844080846969,-0.15598198895416338,-0.0018843953654719137,0.0007168458781361964,0.00030686612965093174
502,0.2810778683421965,0.2845878136200717,0.11547911547911548,-0.2343297974927676,-0.1435244343930313,0.28066030973387823,0.2860215053763441,0.11604938271604938,-0.2343297974927676,-0.13752568986421987,0.3107412996682232,0.3025089605734767,0.18624641833810887,0.44776599164255865,0.03043915694249777,0.3785337193005248,0.3870967741935484,0.07125307125307126,-0.24493731918997108,-0.1435244343930313,-0.0004175586083182692,0.0014336917562723928,0.0005702672369339024
503,0.26649355522207624,0.2738351254480287,0.10829493087557604,-0.23107971745711398,-0.15136864016255236,0.2654559687750732,0.2731182795698925,0.10854503464203233,-0.2290615539858728,-0.14848293812121593,0.2800466736781046,0.2724014336917563,0.16486486486486487,0.3514487530632839,0.033316290482974575,0.34571692288995065,0.35770609318996416,0.04861111111111111,-0.2512613521695257,-0.14559723607987973,-0.001037586447003025,-0.0007168458781361964,0.00025010376645628885
504,0.29341598618722187,0.2996415770609319,0.15566037735849056,-0.2151515151515152,-0.12251161974918878,0.2928756129002962,0.3003584229390681,0.15602836879432624,-0.2141414141414142,-0.11962591770785247,0.31119686625808934,0.3053763440860215,0.2418478260869565,0.3715617715617716,0.0390876945656472,0.37308082213543203,0.37992831541218636,0.08571428571428572,-0.22424242424242424,-0.11096881158384342,-0.0005403732869256883,0.0007168458781361964,0.00036799143583568505
505,0.2650629688504862,0.26953405017921145,0.1103448275862069,-0.2227926078028748,-0.13932056289743433,0.26332438326205077,0.26738351254480286,0.1103448275862069,-0.2227926078028748,-0.13932056289743433,0.28724634156679163,0.27956989247311825,0.1745152354570637,0.3225219339182378,0.07257213129019491,0.3563578048551634,0.36917562724014336,0.07207207207207207,-0.2464065708418891,-0.16509129597430805,-0.0017385855884354262,-0.002150537634408589,0.0
506,0.25924275376679096,0.2623655913978495,0.1026252983293556,-0.21919191919191916,-0.13544836016576323,0.2581994306654903,0.2630824372759857,0.10688836104513064,-0.22323232323232323,-0.14130515088624263,0.27357600760113676,0.26881720430107525,0.18478260869565216,0.17857522594364705,0.013899803206458672,0.3418687201075597,0.34695340501792116,0.052884615384615384,-0.22626262626262628,-0.12666317408504446,-0.001043323101300675,0.0007168458781361964,0.0042630627157750345
507,0.26055915605731894,0.26594982078853047,0.1044776119402985,-0.22873900293255134,-0.13111772486772488,0.2601553740269804,0.26594982078853047,0.10669975186104218,-0.2297165200391007,-0.13412147266313934,0.26934812529068125,0.26093189964157704,0.1743119266055046,0.4376654030469923,0.09416335978835977,0.338786658994312,0.3433691756272401,0.05609756097560976,-0.23460410557184752,-0.15514770723104054,-0.00040378203033852866,0.0,0.0022221399207436737
508,0.27407217479763474,0.27741935483870966,0.12672811059907835,-0.23237338629592852,-0.16653407451512137,0.27398722073720877,0.27885304659498206,0.12933025404157045,-0.2363455809334657,-0.16362538631015222,0.2865398512100438,0.2845878136200717,0.17732558139534885,0.4690499834491891,0.0952478639320995,0.35018007303777815,0.35770609318996416,0.0630841121495327,-0.24726911618669312,-0.1490819452853066,-8.495406042596798e-05,0.0014336917562723928,0.0026021434424920997
509,0.25512357092150817,0.25878136200716845,0.11711711711711711,-0.21818181818181814,-0.16010251959090427,0.25486689372177046,0.25734767025089605,0.11711711711711711,-0.2212121212121212,-0.16010251959090427,0.2750570061252892,0.26666666666666666,0.18157181571815717,0.3138888888888889,0.0541077438320382,0.3399915250021543,0.34767025089605735,0.08071748878923767,-0.24242424242424243,-0.16581479328218263,-0.0002566771997377093,-0.0014336917562723928,0.0
510,0.26359657380832946,0.26666666666666666,0.10628019323671498,-0.2255566311713456,-0.14109964888928128,0.2624823341440377,0.2637992831541219,0.10526315789473684,-0.2294288480154889,-0.15294369325011714,0.27341933299095994,0.25806451612903225,0.17101449275362318,0.3148665468123358,0.06321011633513751,0.34975768911301386,0.35770609318996416,0.07600950118764846,-0.249757986447241,-0.16182672652074404,-0.0011142396642917496,-0.0028673835125447855,-0.0010170353419781397
511,0.2883736316209519,0.2953405017921147,0.12335958005249344,-0.2271386430678466,-0.1331089170572476,0.287043918845335,0.2939068100358423,0.12335958005249344,-0.23107177974434612,-0.1331089170572476,0.30161864971409,0.2946236559139785,0.1875,0.4212031822651292,0.1072133547369909,0.37437297198032154,0.382078853046595,0.060526315789473685,-0.24188790560471973,-0.12998784859238732,-0.0013297127756169425,-0.0014336917562723928,0.0
512,0.2562859923841032,0.2623655913978495,0.10473815461346633,-0.23188405797101452,-0.13853776853776856,0.2555212257192028,0.2623655913978495,0.10552763819095477,-0.23091787439613531,-0.12947331947331941,0.26924477179076367,0.26021505376344084,0.16049382716049382,0.40128824476650565,0.09411642411642418,0.33627503889362254,0.3426523297491039,0.04691358024691358,-0.24251207729468593,-0.15062370062370067,-0.0007647666649003848,0.0,0.0007894835774884396
513,0.2817998141753794,0.2910394265232975,0.14832535885167464,-0.2273622047244095,-0.1581262939958592,0.2809835216096192,0.2896057347670251,0.15035799522673032,-0.22933070866141736,-0.16109567396752755,0.2934077842566593,0.28745519713261647,0.20057306590257878,0.22956229735988887,0.04676092404925358,0.3697812058305236,0.3849462365591398,0.10287081339712918,-0.24114173228346458,-0.1581262939958592,-0.0008162925657602127,-0.0014336917562723928,0.0020326363750556853
514,0.27706157578945606,0.2831541218637993,0.13902439024390245,-0.23123123123123124,-0.14469574508890648,0.27593706731847,0.2853046594982079,0.1393643031784841,-0.23123123123123124,-0.14170936190032601,0.2763542594737149,0.26810035842293906,0.1893491124260355,0.40586040586040584,0.07032384448889006,0.35290144952216884,0.36200716845878134,0.07542579075425791,-0.24224224224224222,-0.14768212827748706,-0.001124508470986052,0.002150537634408589,0.00033991293458165983
515,0.26623034840099796,0.2716845878136201,0.1388888888888889,-0.22683397683397688,-0.09029701152239444,0.26583850506014617,0.2724014336917563,0.13924050632911392,-0.22586872586872586,-0.08733182693795394,0.2795642577124341,0.2731182795698925,0.22058823529411764,0.2678249678249678,0.07575332520627931,0.34362565860122524,0.34982078853046594,0.09535452322738386,-0.24131274131274127,-0.12884441112012235,-0.00039184334085179406,0.0007168458781361964,0.0003516174402250216
516,0.2624353685173464,0.2731182795698925,0.11428571428571428,-0.22764227642276424,-0.1485604878740604,0.26145616773475994,0.2724014336917563,0.11483253588516747,-0.22560975609756095,-0.14267142114256004,0.2778659650685171,0.26881720430107525,0.16332378223495703,0.37655826558265587,0.060501381094204776,0.3440523195301458,0.35770609318996416,0.0611764705882353,-0.24390243902439024,-0.16328315470281152,-0.0009792007825864535,-0.0007168458781361964,0.0005468215994531844
517,0.2712279566912557,0.27670250896057347,0.14285714285714285,-0.22599999999999998,-0.1208367502075075,0.270228536054137,0.2802867383512545,0.14285714285714285,-0.22599999999999998,-0.1208367502075075,0.28212592913209295,0.2752688172043011,0.20810810810810812,0.3496666666666667,0.024210598104071446,0.34691806093854843,0.35555555555555557,0.07783018867924528,-0.247,-0.13244053807243394,-0.0009994206371187198,0.0035842293906810374,0.0
518,0.2869780188119765,0.2917562724014337,0.15935334872979215,-0.22519841269841268,-0.15350172120608852,0.2862551699681217,0.2939068100358423,0.16046511627906976,-0.2232142857142857,-0.14482186553855092,0.2978385435113204,0.2917562724014337,0.21067415730337077,0.3953373015873016,0.06928124092737753,0.3619530903820832,0.3727598566308244,0.0951276102088167,-0.23710317460317465,-0.14771515076106345,-0.000722848843854762,0.002150537634408589,0.0011117675492776091
519,0.2730131010893097,0.27741935483870966,0.10093896713615023,-0.23267326732673266,-0.1662276880685617,0.2715989346006843,0.27956989247311825,0.10093896713615023,-0.23267326732673266,-0.1662276880685617,0.28463173027500055,0.27956989247311825,0.14492753623188406,0.4980198019801981,0.07227951455720572,0.35675150636458586,0.36200716845878134,0.04470588235294118,-0.2485148514851485,-0.16328315470281152,-0.0014141664886254124,0.002150537634408589,0.0
520,0.3000040984295178,0.3089605734767025,0.10891089108910891,-0.23175542406311633,-0.16896024464831805,0.2993520979803658,0.3096774193548387,0.10918114143920596,-0.23471400394477315,-0.16590214067278286,0.2962822273554036,0.2903225806451613,0.1467065868263473,0.2899408284023669,0.04510703363914381,0.38076088035390143,0.3942652329749104,0.05707196029776675,-0.24852071005917165,-0.16590214067278286,-0.0006520004491519793,0.0007168458781361964,0.00027025035009704823
521,0.2801063690275809,0.28817204301075267,0.14953271028037382,-0.2222222222222222,-0.15414858480705718,0.2795776417781865,0.28888888888888886,0.1554524361948956,-0.22514619883040932,-0.1628981144696684,0.29271237160752533,0.2853046594982079,0.20277777777777778,0.30560271646859083,0.04417408754546592,0.35426233594044915,0.36200716845878134,0.08747044917257683,-0.2514619883040936,-0.13956603536937162,-0.0005287272493944006,0.0007168458781361964,0.005919725914521778
522,0.2920650020637948,0.3053763440860215,0.10874704491725769,-0.2190954773869347,-0.14970869378798957,0.29095085777340396,0.3046594982078853,0.10849056603773585,-0.2211055276381909,-0.15264109225117073,0.2948327138503999,0.2896057347670251,0.164804469273743,0.3741465950441864,0.04089720631878058,0.3769480053665736,0.38853046594982077,0.05660377358490566,-0.25427135678391954,-0.15264109225117073,-0.0011141442903908616,-0.0007168458781361964,-0.0002564788795218348
523,0.2703007419975332,0.2709677419354839,0.10723192019950124,-0.22643343051506315,-0.15709986185983238,0.26929023895545023,0.2709677419354839,0.105,-0.22643343051506315,-0.15404642139929514,0.2765131880530129,0.2731182795698925,0.1697530864197531,0.30461303062258344,0.07801505360153649,0.35705795799784795,0.3648745519713262,0.07352941176470588,-0.24489795918367352,-0.17847394508359316,-0.0010105030420829442,0.0,-0.002231920199501247
524,0.2966571469074891,0.3003584229390681,0.10817307692307693,-0.2314540059347181,-0.17051878477268234,0.29485172131252774,0.2967741935483871,0.11270983213429256,-0.2334322453016815,-0.17351815703708806,0.30373963337185345,0.2939068100358423,0.16332378223495703,0.2843719090009891,0.03043915694249777,0.38590016209685346,0.3971326164874552,0.06067961165048544,-0.24629080118694358,-0.15852129571505968,-0.001805425594961385,-0.0035842293906810374,0.004536755211215632
525,0.27417968397765935,0.2817204301075269,0.10722610722610723,-0.23406374501992033,-0.15199063349027575,0.27418316511312923,0.2824372759856631,0.10722610722610723,-0.2350597609561753,-0.15199063349027575,0.2986944267046596,0.28888888888888886,0.16857142857142857,0.47045152722443556,0.07779573470228485,0.3606657583131742,0.36774193548387096,0.06018518518518518,-0.2589641434262948,-0.16071669810518308,3.481135469884933e-06,0.0007168458781361964,0.0
526,0.28008992659112264,0.2810035842293907,0.11274509803921569,-0.22567703109327986,-0.13872297871174544,0.2794405069722839,0.2824372759856631,0.11274509803921569,-0.22668004012036114,-0.13872297871174544,0.3038177321615049,0.2967741935483871,0.18155619596541786,0.44043896395067555,0.04344639579166554,0.3730768377506638,0.3813620071684588,0.05378973105134474,-0.24874623871614843,-0.14170936190032601,-0.0006494196188387424,0.0014336917562723928,0.0
527,0.27204495075184676,0.27885304659498206,0.12224938875305623,-0.24239450441609423,-0.17610731460389772,0.27144684896272975,0.27741935483870966,0.12224938875305623,-0.2414131501472031,-0.17610731460389772,0.2767039653338556,0.26810035842293906,0.15606936416184972,0.4032139352306182,0.01567652013021581,0.3535373202050318,0.35698924731182796,0.04534005037783375,-0.2345436702649657,-0.13957706036882844,-0.0005981017891170115,-0.0014336917562723928,0.0
528,0.2696615808067443,0.27813620071684586,0.1291139240506329,-0.23964497041420119,-0.1494636782739055,0.26831127186627096,0.27956989247311825,0.12944162436548223,-0.23767258382642997,-0.14639143294525103,0.28238650568470863,0.27741935483870966,0.16408668730650156,0.3159404697866236,0.0717379853892186,0.3525037726959791,0.36415770609319,0.06329113924050633,-0.2406311637080868,-0.1494636782739055,-0.0013503089404733326,0.0014336917562723928,0.0003277003148493274
529,0.27675680862746793,0.2845878136200717,0.0954653937947494,-0.238423645320197,-0.15074495462549098,0.2765553595100499,0.2824372759856631,0.0963855421686747,-0.23448275862068968,-0.1389340376540702,0.29788864978563656,0.2960573476702509,0.1608187134502924,0.34826538098731796,0.07661519707435993,0.36577299825658577,0.3756272401433692,0.05176470588235294,-0.24236453201970443,-0.1684613300826222,-0.00020144911741803995,-0.002150537634408589,0.000920148373925303
530,0.26334989572148204,0.2716845878136201,0.1198044009779951,-0.22233104799216452,-0.1574101584362282,0.2631360789776548,0.2709677419354839,0.12254901960784313,-0.22331047992164543,-0.15439758994520714,0.26871264253062316,0.25949820788530464,0.17630057803468208,0.5600046090914328,0.032381656498096434,0.3470718538193934,0.3541218637992832,0.072992700729927,-0.24583741429970618,-0.1634352954182703,-0.00021381674382725535,-0.0007168458781361964,0.002744618629848025
531,0.26812249125010057,0.2752688172043011,0.12682926829268293,-0.21850393700787396,-0.12670922238328963,0.26700682688879984,0.2752688172043011,0.13317191283292978,-0.22145669291338588,-0.13557980044590257,0.2780631213484074,0.2724014336917563,0.1875,0.2728200641586469,0.044788620160558845,0.35155752064404583,0.35913978494623655,0.0979020979020979,-0.24311023622047245,-0.1828895501131711,-0.0011156643613007278,0.0,0.006342644540246856
532,0.28011666860281936,0.2860215053763441,0.12531328320802004,-0.22577519379844957,-0.16991610916427746,0.27916150850335897,0.28817204301075267,0.12846347607052896,-0.2267441860465116,-0.16374287635835894,0.28874536805254986,0.2817204301075269,0.17350157728706625,0.3380902043692741,0.08318643587837604,0.36474331694043055,0.37060931899641575,0.06887755102040816,-0.24321705426356588,-0.14830979434356306,-0.0009551600994603948,0.002150537634408589,0.0031501928625089215
533,0.26665851872942015,0.26810035842293906,0.12646370023419204,-0.22590068159688415,-0.1486990213433983,0.26560422017667334,0.26738351254480286,0.12910798122065728,-0.22492697176241483,-0.14578643241257216,0.2841697908479002,0.27598566308243727,0.19834710743801653,0.3341595113747013,0.03770667022946661,0.34566951107555155,0.35125448028673834,0.06855791962174941,-0.2297955209347614,-0.1370486656200942,-0.0010542985527468018,-0.0007168458781361964,0.0026442809864652417
534,0.2762914886998512,0.2867383512544803,0.1089588377723971,-0.22309197651663404,-0.1407051494578847,0.27507875071296317,0.2838709677419355,0.10679611650485436,-0.22113502935420748,-0.1377399648734441,0.27285464005197296,0.2623655913978495,0.15966386554621848,0.21093996591124298,0.02534518727078905,0.3576555842163193,0.3634408602150538,0.05980861244019139,-0.2475538160469667,-0.15553107238008768,-0.001212737986888035,-0.0028673835125447855,-0.0021627212675427304
535,0.26645643464808205,0.2716845878136201,0.09976798143851508,-0.22606120434353405,-0.1427115340385433,0.2657781615462808,0.2709677419354839,0.10070257611241218,-0.22211253701875622,-0.13116872587319783,0.27286179653192344,0.2645161290322581,0.1509433962264151,0.4093548574414959,0.03043058844163815,0.3470636097342414,0.35698924731182796,0.05429864253393665,-0.25074037512339586,-0.1744542564932433,-0.0006782731018012411,-0.0007168458781361964,0.0009345946738971017
536,0.26684984011370466,0.2752688172043011,0.15503875968992248,-0.22987390882638215,-0.1409473307975866,0.26586165540923723,0.27025089605734764,0.15584415584415584,-0.22793404461687683,-0.13474488716282662,0.26979376532380045,0.2637992831541219,0.20615384615384616,0.4629809246686066,0.05132842187997355,0.3422989850728171,0.34767025089605735,0.09114583333333333,-0.2366634335596508,-0.13164366534544658,-0.000988184704467432,-0.00501792114695343,0.0008053961542333621
537,0.2719040407361295,0.27813620071684586,0.12529002320185614,-0.23735408560311289,-0.15022758231170474,0.2714382177883602,0.27670250896057347,0.12731481481481483,-0.23832684824902728,-0.153124688527858,0.2778513465418173,0.26953405017921145,0.17270194986072424,0.32495392176940413,0.058364065251337305,0.34599579977982076,0.35197132616487453,0.07077625570776255,-0.2538910505836576,-0.17050732582477823,-0.0004658229477693121,-0.0014336917562723928,0.002024791612958682
538,0.27416023647996157,0.2802867383512545,0.10379746835443038,-0.23017408123791105,-0.13877921909660884,0.27291418321144856,0.2817204301075269,0.10406091370558376,-0.22630560928433274,-0.1357257786360716,0.2809793410950018,0.2731182795698925,0.1686746987951807,0.359815068170024,0.053587529917238474,0.35493742021668256,0.35985663082437275,0.07196029776674938,-0.2398452611218569,-0.16320674278090697,-0.0012460532685130143,0.0014336917562723928,0.0002634453511533852
539,0.28980599434386567,0.2939068100358423,0.11519607843137254,-0.22580645161290325,-0.17306312675097524,0.28861595632639736,0.2924731182795699,0.11519607843137254,-0.22675521821631883,-0.17306312675097524,0.29625506670127394,0.28745519713261647,0.16176470588235295,0.3969639468690702,0.033941647247750506,0.37377207585961725,0.3842293906810036,0.05472636815920398,-0.23719165085388993,-0.15479799963344065,-0.001190038017468309,-0.0014336917562723928,0.0
540,0.27350327288318743,0.2838709677419355,0.14187643020594964,-0.22708757637474541,-0.13519853502113022,0.2718093695617365,0.2810035842293907,0.1415525114155251,-0.22912423625254585,-0.13804746805976875,0.2930753783781376,0.2817204301075269,0.20215633423180593,0.4517990495587237,0.05283104552902107,0.35128231258563325,0.35770609318996416,0.053488372093023255,-0.23828920570264767,-0.11525600375065959,-0.001693903321450918,-0.0028673835125447855,-0.00032391879042453775
541,0.2659905567506383,0.27598566308243727,0.11538461538461539,-0.22351797862001943,-0.12088569091023516,0.2652277070250212,0.2745519713261649,0.11928934010152284,-0.22837706511175904,-0.1330808981378534,0.26612225387400057,0.2523297491039427,0.18155619596541786,0.27201479670209094,0.010212786786660821,0.34486483958872427,0.34982078853046594,0.06565656565656566,-0.2371234207968902,-0.13917850175166246,-0.0007628497256171318,-0.0014336917562723928,0.0039047247169074484
542,0.2634946210269672,0.27025089605734764,0.11645569620253164,-0.22718446601941744,-0.13612969994475788,0.2630785299313153,0.26953405017921145,0.11734693877551021,-0.22621359223300974,-0.12698329452404422,0.28093035712903147,0.2738351254480287,0.16216216216216217,0.3264991433466591,0.052896012083324506,0.35028155966452434,0.3548387096774194,0.07017543859649122,-0.23786407766990292,-0.14832490717237612,-0.0004160910956518826,-0.0007168458781361964,0.0008912425729785678
543,0.28203292670089697,0.28745519713261647,0.115,-0.2214498510427011,-0.13551628551628558,0.28166184032783065,0.28817204301075267,0.11528822055137844,-0.22542204568023838,-0.1324948024948025,0.2963295736431514,0.2860215053763441,0.1620795107033639,0.3301610945603002,0.08505197505197504,0.37108730672145634,0.3813620071684588,0.06829268292682927,-0.24428997020854026,-0.16573111573111576,-0.00037108637306632053,0.0007168458781361964,0.0002882205513784347
544,0.25953571896971994,0.26666666666666666,0.10426540284360189,-0.23287671232876717,-0.1778880105604601,0.2586085432502393,0.26594982078853047,0.10426540284360189,-0.23483365949119372,-0.1778880105604601,0.27157546128679,0.2630824372759857,0.15773809523809523,0.49483583387692975,0.07857249116399323,0.34417251320196,0.3541218637992832,0.06175771971496437,-0.2416829745596869,-0.17490591170319902,-0.000927175719480644,-0.0007168458781361964,0.0
545,0.26757139573052136,0.2731182795698925,0.12293144208037825,-0.2425149700598802,-0.15226293103448274,0.2674039236757104,0.27670250896057347,0.12351543942992874,-0.2425149700598802,-0.14639008620689653,0.288680710430479,0.27885304659498206,0.1786743515850144,0.5053892215568863,0.07090517241379313,0.35227254960102444,0.35842293906810035,0.05714285714285714,-0.25049900199600794,-0.14345366379310343,-0.0001674720548109354,0.003584229390680982,0.0005839973495504885
546,0.2641098559234122,0.2724014336917563,0.10361445783132531,-0.2315175097276264,-0.1414935191543112,0.26380260132501554,0.2731182795698925,0.10386473429951691,-0.2315175097276264,-0.13853665980010688,0.27092314282899255,0.2623655913978495,0.1724137931034483,0.29485224524135034,0.05661605757737598,0.3463053750196175,0.35555555555555557,0.06823529411764706,-0.24610894941634243,-0.17106211269635396,-0.0003072545983966446,0.0007168458781361964,0.0002502764681916042
547,0.29007876944555766,0.2967741935483871,0.11707317073170732,-0.2325581395348837,-0.15514770723104054,0.2890544631693594,0.2960573476702509,0.11735941320293398,-0.2325581395348837,-0.15214395943562609,0.315203453692495,0.3089605734767025,0.1871345029239766,0.42344961240310075,0.049107142857142905,0.38628796691856193,0.3985663082437276,0.08232445520581114,-0.25387596899224807,-0.16415895061728392,-0.0010243062761982613,-0.0007168458781361964,0.0002862424712266609
548,0.285777355286006,0.2910394265232975,0.10396039603960396,-0.22027290448343084,-0.13193542847329554,0.2843016228845729,0.28888888888888886,0.10421836228287841,-0.22124756335282647,-0.12894040872402546,0.2849277753767542,0.2731182795698925,0.16279069767441862,0.3795792162398333,0.04776575648291259,0.36191610233823673,0.36774193548387096,0.058823529411764705,-0.24951267056530213,-0.14391550747037607,-0.0014757324014331163,-0.0021505376344086446,0.0002579662432744545
549,0.2599660799238063,0.27025089605734764,0.13022113022113022,-0.22350674373795765,-0.16733128834355837,0.2586757540418293,0.2709677419354839,0.13054187192118227,-0.2244701348747592,-0.16429168990518683,0.2789159044414253,0.26953405017921145,0.19195046439628483,0.5544315992292871,0.08799498047964305,0.3496144310159303,0.35698924731182796,0.07692307692307693,-0.23988439306358378,-0.15517289459007244,-0.001290325881977028,0.0007168458781362519,0.0003207417000520574
550,0.27863829272780405,0.27741935483870966,0.1368909512761021,-0.23306772908366535,-0.16034937706670238,0.27685905455744236,0.27956989247311825,0.1368909512761021,-0.23207171314741037,-0.16034937706670238,0.2836911607304037,0.2724014336917563,0.17759562841530055,0.30014228799089354,0.028968903436988547,0.3586500745314831,0.36917562724014336,0.09610983981693363,-0.24900398406374502,-0.17782491065165829,-0.0017792381703616855,0.002150537634408589,0.0
551,0.2607168470112939,0.2630824372759857,0.11678832116788321,-0.22265246853823817,-0.13991423626799893,0.2581506259461022,0.25878136200716845,0.11893203883495146,-0.2236205227492739,-0.14288783365587088,0.2691977167189756,0.26093189964157704,0.1924198250728863,0.4805554628300564,0.06229038610729842,0.3412530734990274,0.34050179211469533,0.04239401496259352,-0.2294288480154889,-0.11017826238927864,-0.002566221065191665,-0.004301075268817234,0.002143717667068251
552,0.26850204555775786,0.27598566308243727,0.10831234256926953,-0.220616570327553,-0.13693530395984377,0.2675479580016686,0.2738351254480287,0.10831234256926953,-0.22350674373795765,-0.13693530395984377,0.2832238866849743,0.27670250896057347,0.17701863354037267,0.4492266833307295,0.09103457891801447,0.34967331113338856,0.35627240143369177,0.04336734693877551,-0.2341040462427746,-0.12173731176798663,-0.0009540875560892781,-0.002150537634408589,0.0
553,0.2737116619866735,0.2817204301075269,0.15099009900990099,-0.22122122122122123,-0.13193542847329554,0.2730579208553262,0.2817204301075269,0.15099009900990099,-0.22522522522522526,-0.13193542847329554,0.2825031577833451,0.2738351254480287,0.22028985507246376,0.2282282282282283,0.0447707367336424,0.3518051952733338,0.35770609318996416,0.08040201005025126,-0.23423423423423428,-0.11396530997767473,-0.0006537411313473074,0.0,0.0
554,0.2783118632586949,0.2824372759856631,0.13054187192118227,-0.23832684824902728,-0.16697475104513038,0.2768719327076584,0.2824372759856631,0.13054187192118227,-0.23832684824902728,-0.16697475104513038,0.278718289543671,0.2616487455197133,0.1592920353982301,0.37803569032604317,0.03698583510067288,0.35869171425374785,0.3655913978494624,0.07635467980295567,-0.24124513618677046,-0.16697475104513038,-0.0014399305510364724,0.0,0.0
555,0.25966796211025395,0.26523297491039427,0.1079136690647482,-0.2302504816955684,-0.17351815703708806,0.2581994433045738,0.26594982078853047,0.10843373493975904,-0.2302504816955684,-0.16751941250827662,0.26841263505245105,0.25949820788530464,0.15339233038348082,0.4233140655105973,0.06043287958655441,0.3446653424683738,0.3548387096774194,0.06904761904761905,-0.23795761078998068,-0.182516273830305,-0.0014685188056801635,0.0007168458781361964,0.0005200658750108417
556,0.25166515203648443,0.25591397849462366,0.12037037037037036,-0.23038728897715988,-0.14559723607987973,0.25061827801281494,0.25519713261648747,0.12268518518518519,-0.23038728897715988,-0.14559723607987973,0.26039017107325607,0.2537634408602151,0.1850828729281768,0.38859021333424654,0.056401906813665414,0.33169595079187825,0.33835125448028674,0.06422018348623854,-0.24230387288977162,-0.1571400442452251,-0.0010468740236694862,-0.0007168458781361964,0.002314814814814825
557,0.25745843226499254,0.2630824372759857,0.1234866828087167,-0.22754491017964074,-0.13557980044590257,0.25693526240000053,0.2637992831541219,0.12408759124087591,-0.22754491017964074,-0.12966608173749394,0.2718133934561346,0.2645161290322581,0.18823529411764706,0.3886344957144535,0.08027093241101024,0.3348232621786121,0.3433691756272401,0.08393285371702638,-0.25149700598802394,-0.1474072378627197,-0.0005231698649920125,0.0007168458781361964,0.0006009084321592084
558,0.25732789046841165,0.2630824372759857,0.11951219512195121,-0.22687439143135346,-0.1630727179939625,0.25649882169758637,0.2616487455197133,0.1198044009779951,-0.22590068159688415,-0.16005570404200298,0.2764624823925031,0.2645161290322581,0.17313432835820897,0.33805435071257856,0.06320332840300669,0.3422692229606573,0.35125448028673834,0.05707196029776675,-0.2336903602726388,-0.1419536203302454,-0.0008290687708252809,-0.0014336917562723928,0.00029220585604389226
559,0.2652346209706004,0.2752688172043011,0.15048543689320387,-0.2301665034280117,-0.15327801242576866,0.26471945829176724,0.2738351254480287,0.15085158150851583,-0.23114593535749262,-0.15028732232059716,0.29354101952425615,0.2845878136200717,0.20699708454810495,0.35757782225439677,0.053079604831062,0.35300929701182265,0.36129032258064514,0.08641975308641975,-0.2399608227228207,-0.13234318168956838,-0.0005151626788331698,-0.0014336917562723928,0.00036614461531195297
560,0.2629365856593834,0.26738351254480286,0.10776942355889724,-0.2317682317682318,-0.16718589581606746,0.2622566178670153,0.26666666666666666,0.10804020100502512,-0.23276723276723277,-0.16410409557821748,0.29290078442879175,0.28817204301075267,0.1712538226299694,0.40019980019980017,0.05470372130912893,0.3527305197833694,0.36630824372759857,0.06091370558375635,-0.23976023976023975,-0.15177689462681765,-0.0006799677923680636,-0.0007168458781361964,0.00027077744612788446
561,0.2772280628467048,0.2838709677419355,0.12165450121654502,-0.23535062439961574,-0.14768212827748706,0.2769087611633712,0.2838709677419355,0.12408759124087591,-0.2363112391930836,-0.14768212827748706,0.2930829758567313,0.2924731182795699,0.19298245614035087,0.39331590822777746,0.05837831173456809,0.3587887697347823,0.36630824372759857,0.0691358024691358,-0.23535062439961574,-0.12976382914600404,-0.000319301683333606,0.0,0.0024330900243308973
562,0.2966191416611197,0.3010752688172043,0.14823529411764705,-0.21704658077304262,-0.12046671672704168,0.2952552368907972,0.2967741935483871,0.14823529411764705,-0.21704658077304262,-0.12046671672704168,0.3028223403561119,0.2953405017921147,0.21179624664879357,0.34247329589252284,0.029199501596705923,0.3738654828750478,0.382078853046595,0.09839816933638444,-0.24479682854311202,-0.15500507480175274,-0.0013639047703224993,-0.004301075268817234,0.0
563,0.25361079254252683,0.2637992831541219,0.09009009009009009,-0.2332332332332332,-0.16509129597430805,0.2523150277018707,0.2623655913978495,0.0945945945945946,-0.23523523523523526,-0.16509129597430805,0.26435037585390747,0.2637992831541219,0.12771739130434784,0.4229351302522034,0.05252822778595978,0.3376886426940624,0.34767025089605735,0.04434589800443459,-0.2542542542542543,-0.1851351994785433,-0.0012957648406561328,-0.0014336917562723928,0.004504504504504514
564,0.2996678930189795,0.3046594982078853,0.15529411764705883,-0.241,-0.17106211269635396,0.29741325364092613,0.3039426523297491,0.15566037735849056,-0.241,-0.16810525334214965,0.3023347087272178,0.3003584229390681,0.22157434402332363,0.36800000000000005,0.07140035434839731,0.38121259546509784,0.38924731182795697,0.08980582524271845,-0.23299999999999998,-0.13262294109169825,-0.002254639378053369,-0.0007168458781361964,0.00036625971143172675
565,0.2611920184786787,0.26523297491039427,0.10648148148148148,-0.21259029927760575,-0.14809930281260764,0.26046397153071976,0.2637992831541219,0.10672853828306264,-0.21362229102167185,-0.14520981894335017,0.27769894616188945,0.2716845878136201,0.16756756756756758,0.21052631578947367,0.031048697081356158,0.34597036124531816,0.353405017921147,0.05542725173210162,-0.22497420020639836,-0.15098878668186522,-0.0007280469479589158,-0.0014336917562723928,0.00024705680158115806
566,0.2693645308077572,0.27885304659498206,0.1029082774049217,-0.23780487804878048,-0.17117276662731207,0.26821396230872835,0.2810035842293907,0.1029082774049217,-0.2357723577235772,-0.17117276662731207,0.27251550117559264,0.26666666666666666,0.13896457765667575,0.45592334494773523,0.05760855306309853,0.34615852723974105,0.35698924731182796,0.04899777282850779,-0.24593495934959353,-0.1768922996195723,-0.0011505684990288367,0.0021505376344086446,0.0
567,0.2953360161896819,0.3039426523297491,0.12967581047381546,-0.22577519379844957,-0.14379895878947113,0.29334784196345653,0.3010752688172043,0.1275,-0.2277131782945736,-0.14076846619541117,0.30423235250080116,0.2946236559139785,0.19428571428571428,0.28100775193798455,0.01075616350758668,0.3868817315779564,0.3971326164874552,0.07960199004975124,-0.2335271317829457,-0.1468294513835311,-0.001988174226225381,-0.0028673835125447855,-0.0021758104738154593
568,0.28029749964250855,0.28745519713261647,0.1,-0.24392712550607287,-0.14345366379310343,0.2790678367603964,0.28817204301075267,0.10336538461538461,-0.23987854251012142,-0.131707974137931,0.2803521875269128,0.27813620071684586,0.15864022662889518,0.4180451127819549,0.0532866379310345,0.3613042873914309,0.36702508960573477,0.04739336492890995,-0.2408906882591093,-0.14932650862068964,-0.0012296628821121258,0.0007168458781361964,0.0033653846153846034
569,0.2709491527311973,0.27885304659498206,0.13768115942028986,-0.22687439143135346,-0.14109964888928128,0.27014590410584394,0.2817204301075269,0.13801452784503632,-0.2288218111002921,-0.13813863779907232,0.28543908157522807,0.2831541218637993,0.19705882352941176,0.51759632772291,0.07801517178618245,0.34967414109752043,0.35913978494623655,0.0831353919239905,-0.24926971762414796,-0.16182672652074404,-0.0008032486253533588,0.002867383512544841,0.0003333684247464608
570,0.2530577054202059,0.25734767025089605,0.12114014251781473,-0.22763419483101388,-0.12125652015017119,0.25178403797999216,0.25878136200716845,0.12171837708830549,-0.22664015904572565,-0.11546230771786437,0.2724181780732649,0.26093189964157704,0.18206521739130435,0.3246403929364987,0.032290109305957104,0.3347489805456799,0.34910394265232975,0.06791569086651054,-0.23956262425447317,-0.1386391574470912,-0.0012736674402137327,0.0014336917562723928,0.0005782345704907627
571,0.2755831403287162,0.27741935483870966,0.11616161616161616,-0.23883495145631073,-0.14449541284403666,0.27452078472773433,0.2752688172043011,0.11616161616161616,-0.24271844660194175,-0.14449541284403666,0.280258298235334,0.2752688172043011,0.17220543806646527,0.3085035152326749,0.05428134556574926,0.36183381074338117,0.36630824372759857,0.06582278481012659,-0.23106796116504857,-0.14143730886850148,-0.0010623556009818902,-0.002150537634408589,0.0
572,0.29255841470497007,0.3032258064516129,0.13126491646778043,-0.2477522477522478,-0.1559047043403261,0.29197202773129494,0.3032258064516129,0.13189448441247004,-0.24675324675324672,-0.14998268215990818,0.2916526637538123,0.2831541218637993,0.19327731092436976,0.23422918544869764,0.027677983252629934,0.3703443530558789,0.3741935483870968,0.06372549019607843,-0.2317682317682318,-0.12333358234802738,-0.0005863869736751348,0.0,0.0006295679446896019
573,0.2924926054106975,0.2953405017921147,0.095,-0.21958456973293772,-0.14076846619541117,0.2909104475451713,0.2910394265232975,0.095,-0.21958456973293772,-0.14076846619541117,0.30156184446720635,0.2953405017921147,0.15204678362573099,0.2853610286844708,0.03500010426006628,0.379642301587137,0.3899641577060932,0.049019607843137254,-0.24530168150346188,-0.16501240694789088,-0.0015821578655261792,-0.004301075268817178,0.0
574,0.26921736050908096,0.2745519713261649,0.11270983213429256,-0.23333333333333328,-0.13211430300890303,0.2675452284702475,0.2745519713261649,0.11352657004830918,-0.23039215686274506,-0.12331710761935999,0.27614553891758165,0.2709677419354839,0.16944444444444445,0.25392156862745097,0.03503240939241847,0.34956612974436085,0.35985663082437275,0.06557377049180328,-0.2568627450980392,-0.161438287640714,-0.0016721320388334848,0.0,0.0008167379140166242
575,0.2678759435657095,0.2709677419354839,0.09319899244332494,-0.22599418040737151,-0.14488610001768332,0.2667896992703138,0.26738351254480286,0.09319899244332494,-0.22987390882638215,-0.14488610001768332,0.2819060693736154,0.2724014336917563,0.14040114613180515,0.4019156159068865,0.0016790420881050983,0.3542530061649499,0.36630824372759857,0.04975124378109453,-0.2366634335596508,-0.16015330232036962,-0.0010862442953956664,-0.0035842293906810374,0.0
576,0.2678479387459133,0.2731182795698925,0.12106537530266344,-0.22178988326848248,-0.13302857916835975,0.26710428452256385,0.2724014336917563,0.12106537530266344,-0.22373540856031127,-0.13302857916835975,0.27746787817719154,0.2731182795698925,0.17455621301775148,0.30252918287937747,0.08842611404578082,0.34893954768070173,0.3548387096774194,0.06682577565632458,-0.24319066147859925,-0.15074495462549098,-0.0007436542233494325,-0.0007168458781361964,0.0
577,0.2643748394064999,0.26523297491039427,0.11278195488721804,-0.22286821705426352,-0.12210648148148151,0.26238428634687466,0.2637992831541219,0.11278195488721804,-0.22383720930232553,-0.12210648148148151,0.2749883814217247,0.2630824372759857,0.15451895043731778,0.31406115417743324,0.04610339506172845,0.3434469685758307,0.353405017921147,0.058823529411764705,-0.2451550387596899,-0.14914021164021163,-0.001990553059625255,-0.0014336917562723928,0.0
578,0.2890060423666779,0.2924731182795699,0.10623556581986143,-0.24144869215291753,-0.15854906076851816,0.28752140894774364,0.2903225806451613,0.10648148148148148,-0.24044265593561365,-0.1556481138022865,0.2992197621292804,0.2924731182795699,0.15254237288135594,0.3596283583856078,0.07062574956377676,0.37213381703828696,0.37921146953405016,0.05491990846681922,-0.2535211267605634,-0.17015284863344438,-0.0014846334189342336,-0.002150537634408589,0.00024591566162004974
579,0.258229307733671,0.26594982078853047,0.11286681715575621,-0.2407221664994985,-0.140023117483571,0.25758042539100834,0.26523297491039427,0.11363636363636363,-0.2367101303911735,-0.13152939037377587,0.2719144075510774,0.2709677419354839,0.1856763925729443,0.28736208625877635,0.04683887893192029,0.33889896386306334,0.34551971326164876,0.06711409395973154,-0.24674022066198598,-0.15134808696329782,-0.0006488823426626378,-0.0007168458781361964,0.0007695464806074248
580,0.26916475824520286,0.27741935483870966,0.13411764705882354,-0.22255489021956087,-0.13035543942598815,0.26887114063656675,0.27885304659498206,0.13443396226415094,-0.22255489021956087,-0.12746215420347562,0.2879669670960431,0.2817204301075269,0.2,0.42331615838091263,0.05770810003732729,0.3489035545686088,0.35698924731182796,0.06744186046511629,-0.2455089820359282,-0.14482186553855092,-0.00029361760863610975,0.0014336917562723928,0.0003163152053274054
581,0.27777743101387425,0.27813620071684586,0.10679611650485436,-0.22526934378060726,-0.14806702198784927,0.2768087126785122,0.27670250896057347,0.10679611650485436,-0.2291870714985309,-0.14806702198784927,0.2838716226622746,0.27741935483870966,0.15864022662889518,0.27133232422164844,0.0278768105905548,0.36880956917067426,0.37992831541218636,0.07582938388625593,-0.24975514201762983,-0.1778880105604601,-0.000968718335362051,-0.0014336917562723928,0.0
582,0.26755052723045764,0.2738351254480287,0.10476190476190476,-0.23201621073961498,-0.1409114983984463,0.26671152567402523,0.2731182795698925,0.10311750599520383,-0.2299898682877406,-0.13211430300890303,0.28079064154295563,0.2709677419354839,0.1681159420289855,0.3044579533941236,0.0790183863401347,0.3466128304771568,0.3548387096774194,0.0539906103286385,-0.2401215805471124,-0.15850588917753283,-0.000839001556432406,-0.0007168458781361964,-0.0016443987667009302
583,0.2585603012311317,0.26523297491039427,0.12614678899082568,-0.2230290456431535,-0.15212687829552685,0.2579852917282585,0.2645161290322581,0.12442396313364056,-0.22095435684647302,-0.14637048528307484,0.27511690806509537,0.2637992831541219,0.16338028169014085,0.3553480866758876,0.08100703870877246,0.33541374000590973,0.34623655913978496,0.06407322654462243,-0.2406639004149378,-0.15500507480175274,-0.0005750095028732027,-0.0007168458781361964,-0.0017228258571851257
584,0.2538978698866936,0.25949820788530464,0.09644670050761421,-0.2167630057803468,-0.08436664235351321,0.25347968429710666,0.25806451612903225,0.09693877551020408,-0.21579961464354525,-0.07843627318463209,0.26056452153309995,0.25448028673835127,0.15615615615615616,0.3063583815028902,0.09650961729736351,0.330035082768,0.3347670250896057,0.0477326968973747,-0.24277456647398843,-0.1584962569645283,-0.0004181855895869502,-0.0014336917562723928,0.0004920750025898674
585,0.2752266263796359,0.2853046594982079,0.10779816513761468,-0.2355250245338567,-0.16471311339247152,0.27434930701734866,0.2860215053763441,0.10854503464203233,-0.23258096172718357,-0.15602179474401134,0.2826769371056413,0.2731182795698925,0.16138328530259366,0.2753025842329081,0.09312933984517757,0.35821138430281635,0.36702508960573477,0.052752293577981654,-0.24926398429833174,-0.16471311339247152,-0.0008773193622872433,0.0007168458781361964,0.0007468695044176438
586,0.2756876965134174,0.2853046594982079,0.13348946135831383,-0.23641851106639844,-0.1411433789711286,0.27521820977724476,0.2860215053763441,0.13348946135831383,-0.23742454728370221,-0.1411433789711286,0.2961716368278418,0.2845878136200717,0.1693548387096774,0.4167505030181087,0.018408704171608337,0.3584811880198173,0.36774193548387096,0.058823529411764705,-0.2434607645875252,-0.1353414850386654,-0.0004694867361726418,0.0007168458781361964,0.0
587,0.2764208863950969,0.2802867383512545,0.09466019417475728,-0.220703125,-0.15066851146606752,0.27511553328629934,0.2802867383512545,0.09903381642512077,-0.2236328125,-0.15664127784322857,0.282150992075611,0.2745519713261649,0.16666666666666666,0.43226207386363635,0.05837831173456809,0.3550543916518898,0.3634408602150538,0.06235011990407674,-0.248046875,-0.16560042740897019,-0.0013053531087975356,0.0,0.0043736222503634875
588,0.25932757932365685,0.26881720430107525,0.12844036697247707,-0.23216080402010053,-0.14963080168776366,0.2586761735757119,0.26810035842293906,0.12585812356979406,-0.2331658291457287,-0.15250527426160332,0.280043340352594,0.2752688172043011,0.19444444444444445,0.4255563531945441,0.06882911392405067,0.33650488220555924,0.34480286738351257,0.053613053613053616,-0.23517587939698492,-0.12950949367088616,-0.0006514057479449775,-0.0007168458781361964,-0.00258224340268301
589,0.26341806056584305,0.26881720430107525,0.1308641975308642,-0.22666666666666668,-0.12207265194076666,0.26224804513616506,0.26953405017921145,0.13366336633663367,-0.22666666666666668,-0.11909905455289471,0.2653263745484848,0.26021505376344084,0.19653179190751446,0.33285714285714285,0.05336959394368246,0.3436288816612949,0.35268817204301073,0.06845965770171149,-0.23238095238095235,-0.1339670414922549,-0.0011700154296779841,0.0007168458781361964,0.0027991688057694697
590,0.2756306427698038,0.2817204301075269,0.16666666666666666,-0.24035608308605338,-0.15142915684868352,0.2738375684724122,0.2817204301075269,0.16747572815533981,-0.2373887240356083,-0.14547348290817197,0.280464682952041,0.2724014336917563,0.2159090909090909,0.35391771593552,0.03319673530717482,0.354253664652505,0.35842293906810035,0.10024449877750612,-0.25618199802176067,-0.13653997199740464,-0.001793074297391617,0.0,0.0008090614886731573
591,0.2744761665968383,0.2810035842293907,0.11083123425692695,-0.222007722007722,-0.13693530395984377,0.2735858857949043,0.2810035842293907,0.11083123425692695,-0.22297297297297303,-0.13693530395984377,0.2805159614274168,0.27025089605734764,0.1572700296735905,0.2982625482625483,0.04544060234244285,0.3617691538230917,0.36774193548387096,0.05198019801980198,-0.24710424710424705,-0.15821249302844398,-0.0008902808019340402,0.0,0.0
592,0.27625438479818637,0.2853046594982079,0.11188811188811189,-0.23893805309734517,-0.13445636439350372,0.2752387784456689,0.2845878136200717,0.11188811188811189,-0.23992133726647003,-0.13445636439350372,0.2866446417729126,0.27741935483870966,0.17039106145251395,0.42133726647000985,0.07016134895926285,0.3567987598481585,0.3720430107526882,0.07918552036199095,-0.2497541789577188,-0.17192157951443288,-0.001015606352517462,-0.0007168458781361964,0.0
593,0.2560746354074082,0.26523297491039427,0.1179245283018868,-0.23517978620019442,-0.17594257382586898,0.255822827449056,0.26594982078853047,0.1179245283018868,-0.2371234207968902,-0.17594257382586898,0.26866243108696036,0.25949820788530464,0.15160349854227406,0.3865673253428356,0.06457720387926347,0.3335017819454614,0.3426523297491039,0.057007125890736345,-0.2400388726919339,-0.16703443391086414,-0.0002518079583522237,0.0007168458781361964,0.0
594,0.25979943955808804,0.2637992831541219,0.12224938875305623,-0.222007722007722,-0.14952317892184264,0.258427824075628,0.26881720430107525,0.12254901960784313,-0.22683397683397688,-0.14652380665743692,0.2718890728849323,0.2630824372759857,0.18840579710144928,0.4314671814671815,0.042436646000120426,0.3442831671235933,0.35125448028673834,0.06419753086419754,-0.2287644787644788,-0.13752568986421987,-0.0013716154824600646,0.005017921146953375,0.0002996308547869031
595,0.28080576167005006,0.2903225806451613,0.11363636363636363,-0.2359550561797753,-0.15363763682903087,0.28042160916698605,0.2910394265232975,0.11791383219954649,-0.23799795709908067,-0.1565010516153501,0.3023228127551731,0.2967741935483871,0.1880108991825613,0.33612381756006576,0.05539164257227902,0.363209502833824,0.374910394265233,0.06818181818181818,-0.24208375893769152,-0.15363763682903087,-0.00038415250306400583,0.0007168458781361964,0.004277468563182854
596,0.28230775926514257,0.28817204301075267,0.11597374179431072,-0.24417426545086118,-0.18966012321186176,0.28060500948254946,0.2867383512544803,0.11597374179431072,-0.2472137791286727,-0.18966012321186176,0.28995448051201883,0.2824372759856631,0.16393442622950818,0.39297352063309504,0.06926751592356684,0.361050547491354,0.37132616487455194,0.0625,-0.25025329280648434,-0.16405189516550067,-0.0017027497825931048,-0.0014336917562723928,0.0
597,0.2726513833133719,0.27741935483870966,0.12826603325415678,-0.22497522299306238,-0.16442662613340953,0.2721255151941415,0.27741935483870966,0.12949640287769784,-0.222001982160555,-0.15256588779564706,0.29803982273794427,0.2910394265232975,0.2028985507246377,0.4810390694277815,0.060927402284076226,0.35989167938511374,0.3741935483870968,0.081145584725537,-0.23785926660059464,-0.1584962569645283,-0.0005258681192303882,0.0,0.001230369623541061
598,0.24930804184493527,0.2537634408602151,0.08177570093457943,-0.2327235772357723,-0.13903529509352575,0.24877685611217365,0.2523297491039427,0.08196721311475409,-0.23170731707317072,-0.13614200987101321,0.2748803441438477,0.26881720430107525,0.1484593837535014,0.38649155722326456,0.066387955704865,0.3422663954936553,0.35555555555555557,0.05203619909502263,-0.25914634146341464,-0.1795412882087014,-0.0005311857327616187,-0.0014336917562723928,0.00019151218017465776
599,0.2794926039250573,0.2845878136200717,0.11342592592592593,-0.22430830039525695,-0.14559723607987973,0.2792165471634041,0.2845878136200717,0.11600928074245939,-0.22332015810276684,-0.1427115340385433,0.2987493839766765,0.2931899641577061,0.20108695652173914,0.2601139269937224,0.0390876945656472,0.3690193933129554,0.38064516129032255,0.08486238532110092,-0.24604743083003955,-0.1571400442452251,-0.00027605676165320947,0.0,0.002583354816533462
600,0.2756078823809047,0.27956989247311825,0.0979020979020979,-0.23971915747241723,-0.1673030845670761,0.27497958287513635,0.27813620071684586,0.10232558139534884,-0.23971915747241723,-0.17023548303025715,0.3044035648023219,0.2996415770609319,0.17002881844380405,0.2911838965171376,0.07315358941377259,0.3625274985900344,0.374910394265233,0.0380952380952381,-0.24272818455366096,-0.1409114983984463,-0.0006282995057683705,-0.0014336917562723928,0.004423483493250932
601,0.27870957504744626,0.2853046594982079,0.1291759465478842,-0.22557172557172556,-0.14479983348366066,0.2775074702718215,0.2867383512544803,0.12946428571428573,-0.22557172557172556,-0.1419858364299672,0.2803273327735209,0.26953405017921145,0.1903485254691689,0.417953667953668,0.06906394259704174,0.3491694283082456,0.35555555555555557,0.08222222222222222,-0.24740124740124736,-0.1476138305373541,-0.0012021047756247683,0.0014336917562723928,0.00028833916640153
602,0.2747550185756291,0.2824372759856631,0.10401891252955082,-0.25175526579739216,-0.1835187265404531,0.27331212253156517,0.27813620071684586,0.10638297872340426,-0.25175526579739216,-0.1835187265404531,0.29083202465328933,0.28888888888888886,0.15472779369627507,0.33692970804304806,0.037473629414504495,0.3643584502213619,0.3756272401433692,0.050359712230215826,-0.23470411233701105,-0.16560042740897019,-0.001442896044063946,-0.004301075268817234,0.0023640661938534313
603,0.2561298943383533,0.2637992831541219,0.10238095238095238,-0.2338056680161943,-0.15627781592533252,0.25437718984907914,0.2616487455197133,0.10238095238095238,-0.2338056680161943,-0.15627781592533252,0.26372794439429165,0.26021505376344084,0.1489971346704871,0.2904858299595142,0.05365919822317167,0.33681975842808926,0.34408602150537637,0.06293706293706294,-0.2591093117408907,-0.1828895501131711,-0.0017527044892741706,-0.002150537634408589,0.0
604,0.24467936323739636,0.24874551971326164,0.1187648456057007,-0.22342519685039375,-0.14384389686162746,0.24372873652026644,0.24946236559139784,0.1187648456057007,-0.22539370078740162,-0.14384389686162746,0.2546191794707963,0.24659498207885305,0.16897506925207756,0.1946358267716536,0.03210001092923742,0.3269990467368459,0.33691756272401435,0.0794392523364486,-0.2440944881889764,-0.16437068610389505,-0.000950626717129921,0.0007168458781361964,0.0
605,0.29596970807877115,0.3032258064516129,0.13189448441247004,-0.2127450980392157,-0.13211430300890303,0.2951691818647592,0.3039426523297491,0.13189448441247004,-0.21372549019607845,-0.13211430300890303,0.30566512740443536,0.2989247311827957,0.18699186991869918,0.2954901960784314,0.008640823223788674,0.37706842546259306,0.3878136200716846,0.07783018867924528,-0.24705882352941178,-0.15264109225117073,-0.0008005262140119429,0.0007168458781361964,0.0
606,0.25021535114815796,0.25734767025089605,0.11325301204819277,-0.21669980119284293,-0.12373477872480476,0.2490780184449072,0.25591397849462366,0.11566265060240964,-0.2186878727634195,-0.12373477872480476,0.260129280150844,0.25089605734767023,0.16434540389972144,0.3519549370444003,0.04025536144861541,0.3312755109652411,0.33835125448028674,0.06791569086651054,-0.24552683896620275,-0.15887552304768038,-0.001137332703250754,-0.0014336917562723928,0.0024096385542168725
607,0.27412049245268755,0.27670250896057347,0.10232558139534884,-0.23440643863179078,-0.14482186553855092,0.2732917481772021,0.27598566308243727,0.10232558139534884,-0.23742454728370221,-0.14482186553855092,0.2821613028422674,0.2716845878136201,0.15258855585831063,0.22206572769953048,0.03745510347973946,0.35522932888657743,0.3634408602150538,0.059496567505720827,-0.25553319919517103,-0.16507486209613875,-0.0008287442754854601,-0.0007168458781361964,0.0
608,0.2807165915779132,0.2802867383512545,0.11085450346420324,-0.22965116279069764,-0.15854906076851816,0.27998976739317877,0.27885304659498206,0.1111111111111111,-0.22965116279069764,-0.1556481138022865,0.3072997301641609,0.3053763440860215,0.18911174785100288,0.46528239202657806,0.08513048439493465,0.36888723339837987,0.3763440860215054,0.07110091743119266,-0.2451550387596899,-0.16725190166721282,-0.0007268241847344092,-0.0014336917562724483,0.0002566076469078665
609,0.2660003472112003,0.2752688172043011,0.12839506172839507,-0.2321772639691715,-0.12207265194076666,0.2648989190450272,0.2738351254480287,0.1308641975308642,-0.2321772639691715,-0.12207265194076666,0.26961874439603334,0.26021505376344084,0.1791907514450867,0.3768235617946601,0.05336959394368246,0.3414834887051872,0.35053763440860214,0.07673860911270983,-0.24951830443159928,-0.15775582059523097,-0.0011014281661730907,-0.0014336917562723928,0.00246913580246913
610,0.2803635765017744,0.2838709677419355,0.13126491646778043,-0.23725490196078436,-0.1559047043403261,0.27922806807068173,0.2867383512544803,0.1342925659472422,-0.23529411764705888,-0.14998268215990818,0.2996754613252224,0.2896057347670251,0.1906158357771261,0.38482972136222915,0.07505416069597337,0.3691656870509158,0.37921146953405016,0.07021791767554479,-0.24019607843137258,-0.13813863779907232,-0.0011355084310926689,0.0028673835125447855,0.003027649479461769
611,0.26027711705081064,0.2645161290322581,0.11316397228637413,-0.2407221664994985,-0.15602179474401134,0.25858277823073744,0.2616487455197133,0.11778290993071594,-0.2417251755265798,-0.15602179474401134,0.26650423051036876,0.2645161290322581,0.1501416430594901,0.46706787027749913,0.07574670254825744,0.343463382735251,0.35268817204301073,0.0654627539503386,-0.24774322968906726,-0.184992856905545,-0.0016943388200731935,-0.0028673835125447855,0.004618937644341806
612,0.2671572500690254,0.27598566308243727,0.12100456621004566,-0.23715415019762842,-0.16543620602815257,0.26596548946462084,0.27598566308243727,0.12100456621004566,-0.23715415019762842,-0.16543620602815257,0.2690635997753196,0.2616487455197133,0.17647058823529413,0.4680500658761529,0.06861198738170349,0.3431857583450265,0.34695340501792116,0.05324074074074074,-0.24011857707509876,-0.14809930281260764,-0.001191760604404568,0.0,0.0
613,0.27649347648109546,0.2831541218637993,0.1387434554973822,-0.22553588070829456,-0.1416793690292164,0.27614444676851874,0.2867383512544803,0.1387434554973822,-0.22553588070829456,-0.1416793690292164,0.28824646168751417,0.27956989247311825,0.21241830065359477,0.3489462766437183,0.09628839659379196,0.3564223019412231,0.35842293906810035,0.07671957671957672,-0.22739981360671013,-0.12915474978590014,-0.00034902971257672055,0.003584229390680982,0.0
614,0.26483329020549545,0.2716845878136201,0.10599078341013825,-0.22593320235756387,-0.15639500642860105,0.26361769727321943,0.26810035842293906,0.10623556581986143,-0.22888015717092336,-0.15350172120608852,0.27683554891886897,0.2709677419354839,0.14824797843665768,0.2278259619531362,0.025881962589689445,0.35029540370606144,0.36129032258064514,0.05491990846681922,-0.24754420432220037,-0.16507486209613875,-0.0012155929322760217,-0.0035842293906810374,0.0002447824097231849
615,0.27205453427431026,0.27598566308243727,0.09919571045576407,-0.22976744186046516,-0.14643736893675086,0.2708526276370914,0.27956989247311825,0.09919571045576407,-0.23162790697674418,-0.14643736893675086,0.2861847584731024,0.2752688172043011,0.16887417218543047,0.615813953488372,0.08034028369183999,0.36460414917138334,0.36917562724014336,0.05585106382978723,-0.2493023255813953,-0.15601952327317015,-0.0012019066372188636,0.003584229390680982,0.0
616,0.2799262868089538,0.2867383512544803,0.1496437054631829,-0.2391732283464567,-0.1387737922962511,0.278239297993992,0.28817204301075267,0.15035799522673032,-0.23818897637795278,-0.1329249663373907,0.2880390895885314,0.27741935483870966,0.20056497175141244,0.1785752287720792,0.057161877325570765,0.3604843589067989,0.36774193548387096,0.09154929577464789,-0.25098425196850394,-0.15339585719340199,-0.0016869888149618206,0.0014336917562723928,0.0007142897635474266
617,0.26650942521647114,0.27025089605734764,0.12325581395348838,-0.23303834808259583,-0.1473304760955514,0.2655451974810318,0.26953405017921145,0.12121212121212122,-0.23303834808259583,-0.14443336987939803,0.2838330230225473,0.2802867383512545,0.18873239436619718,0.25788862072047913,0.06995249011595073,0.3485933404819181,0.35627240143369177,0.06279069767441861,-0.2468043264503441,-0.1473304760955514,-0.0009642277354393602,-0.0007168458781361964,-0.002043692741367162
618,0.28696719535505594,0.2953405017921147,0.14,-0.22788461538461535,-0.13551628551628558,0.28585242794175514,0.2924731182795699,0.14463840399002495,-0.2288461538461538,-0.13853776853776856,0.30078712224807697,0.2903225806451613,0.21367521367521367,0.30677767354596625,0.012536382536382451,0.37336190237703165,0.37849462365591396,0.06377551020408163,-0.22499999999999998,-0.11134442134442135,-0.001114767413300799,-0.0028673835125447855,0.004638403990024936
619,0.2793269933275367,0.28745519713261647,0.1,-0.23182711198428296,-0.1513737089792807,0.2784411860531214,0.2867383512544803,0.10050251256281408,-0.2298624754420432,-0.14527610536547164,0.289552876350508,0.2824372759856631,0.15853658536585366,0.30157170923379173,0.06814002111784745,0.3647548168801635,0.374910394265233,0.056790123456790124,-0.24361493123772104,-0.16661771801380354,-0.0008858072744152845,-0.0007168458781361964,0.0005025125628140698
620,0.2759302050925545,0.2824372759856631,0.11970074812967581,-0.22933070866141736,-0.1490936977133296,0.2745577682709282,0.2802867383512545,0.1188118811881188,-0.23228346456692917,-0.15821249302844398,0.27896895496735474,0.2724014336917563,0.16863905325443787,0.40216535433070866,0.04240100390407142,0.3563847068297135,0.3648745519713262,0.06419753086419754,-0.2440944881889764,-0.1612520914668154,-0.0013724368216262994,-0.002150537634408589,-0.0008888669415570011
621,0.2825514712324778,0.2924731182795699,0.11864406779661017,-0.23191278493557976,-0.14586143104374294,0.28162084964618955,0.2924731182795699,0.11864406779661017,-0.23092170465807726,-0.14586143104374294,0.2806564056266298,0.2724014336917563,0.15819209039548024,0.21646845061116615,0.029580814840706182,0.3614210188883026,0.3655913978494624,0.05555555555555555,-0.24281466798810702,-0.1488350284316149,-0.0009306215862882605,0.0,0.0
622,0.26860551747154526,0.2716845878136201,0.12259615384615384,-0.22512077294685995,-0.14960070321120655,0.2680187283121079,0.2716845878136201,0.12289156626506025,-0.22415458937198063,-0.14663551862676594,0.28414801374445564,0.2724014336917563,0.15,0.49424005945745075,0.07575332520627931,0.3556026541802007,0.3648745519713262,0.06823529411764706,-0.25120772946859904,-0.17628736447117188,-0.0005867891594373842,0.0,0.00029541241890640446
623,0.29022839230450803,0.2960573476702509,0.15207373271889402,-0.22686567164179106,-0.15639500642860105,0.2898181186729783,0.2974910394265233,0.1527777777777778,-0.2258706467661692,-0.15060843598357598,0.3014994073466996,0.2974910394265233,0.19241192411924118,0.21551700954686037,0.0316685330347144,0.3736992995568268,0.3842293906810036,0.08796296296296297,-0.24278606965174132,-0.15060843598357598,-0.00041027363152973395,0.0014336917562723928,0.0007040450588837732
624,0.2769139162547114,0.2860215053763441,0.12470023980815348,-0.2286555446516192,-0.12206697604414896,0.27582788781277573,0.2845878136200717,0.12470023980815348,-0.2286555446516192,-0.12206697604414896,0.27563375518056077,0.26523297491039427,0.18478260869565216,0.25370894186919124,0.020842008445169147,0.35379646357035727,0.36129032258064514,0.07075471698113207,-0.2463199214916585,-0.14248254525690873,-0.0010860284419356714,-0.0014336917562723928,0.0
625,0.2639496398143687,0.26738351254480286,0.09951456310679611,-0.23694390715667313,-0.16115520282186946,0.2622631489184516,0.26594982078853047,0.09732360097323602,-0.23791102514506768,-0.158151455026455,0.26797685667604354,0.25949820788530464,0.15789473684210525,0.4026186579378069,0.049107142857142905,0.3418307070809327,0.34551971326164876,0.04411764705882353,-0.2456479690522244,-0.14914021164021163,-0.0016864908959171032,-0.0014336917562723928,-0.002190962133560098
626,0.27352136079931477,0.2838709677419355,0.1445221445221445,-0.23758519961051605,-0.14443336987939803,0.27250938205642633,0.2838709677419355,0.1445221445221445,-0.23758519961051605,-0.14443336987939803,0.2740615878454887,0.2637992831541219,0.17857142857142858,0.21356702369360592,0.04387853417057053,0.34847043714113596,0.3541218637992832,0.07476635514018691,-0.23076923076923073,-0.14153626366324457,-0.001011978742888442,0.0,0.0
627,0.27134336065368037,0.2817204301075269,0.13793103448275862,-0.24028629856850714,-0.16181600717631817,0.27072331717713904,0.2817204301075269,0.13793103448275862,-0.23926380368098155,-0.16181600717631817,0.29012549704865875,0.2831541218637993,0.2,0.46111221056797935,0.11340908335825106,0.351799205237531,0.3634408602150538,0.09153318077803203,-0.24744376278118607,-0.16761021960862488,-0.000620043476541321,0.0,0.0
628,0.27661011799848706,0.27670250896057347,0.11491442542787286,-0.2255566311713456,-0.14170936190032601,0.274867310322476,0.2738351254480287,0.11735941320293398,-0.22652468538238146,-0.14170936190032601,0.28045581206614584,0.2716845878136201,0.18529411764705883,0.42350066841838385,0.06435107811172913,0.3639376861848359,0.3727598566308244,0.08333333333333333,-0.249757986447241,-0.17455957697471158,-0.0017428076760110378,-0.0028673835125447855,0.002444987775061122
629,0.2873452725168726,0.2939068100358423,0.14659685863874344,-0.23188405797101452,-0.14441806934254064,0.28635588543645873,0.2967741935483871,0.14659685863874344,-0.23091787439613531,-0.14441806934254064,0.2953765572402621,0.2853046594982079,0.20253164556962025,0.46666666666666673,0.06257373039850378,0.37090093096433074,0.37921146953405016,0.07427055702917772,-0.24541062801932367,-0.12873687239246157,-0.0009893870804138505,0.0028673835125447855,0.0
630,0.2606429812766356,0.26738351254480286,0.13394919168591224,-0.2250489236790607,-0.1410073839662448,0.2602582622879626,0.2637992831541219,0.13394919168591224,-0.22798434442270055,-0.1410073839662448,0.2658574227822178,0.25591397849462366,0.1864864864864865,0.4005811540058115,0.04008438818565396,0.33590736031910806,0.3419354838709677,0.08200455580865604,-0.2514677103718199,-0.15825421940928264,-0.00038471898867298293,-0.003584229390680982,0.0
631,0.26292570235859875,0.26881720430107525,0.12135922330097088,-0.22637795275590555,-0.14547348290817197,0.2613241984577382,0.26953405017921145,0.12165450121654502,-0.22637795275590555,-0.1424956459379162,0.28757122871445784,0.27885304659498206,0.1826086956521739,0.1962598425196851,0.05404159409896525,0.35370179419521985,0.3627240143369176,0.06796116504854369,-0.23720472440944884,-0.14547348290817197,-0.001601503900860557,0.0007168458781361964,0.00029527791557414085
632,0.24976438083298114,0.25519713261648747,0.10874704491725769,-0.22985074626865676,-0.14970869378798957,0.24824701129006943,0.2537634408602151,0.10900473933649289,-0.22885572139303478,-0.14677629532480851,0.2607191017340359,0.25161290322580643,0.14325068870523416,0.45472636815920403,0.026235214002875207,0.33406668563542385,0.3433691756272401,0.047058823529411764,-0.24875621890547261,-0.15557349071435178,-0.0015173695429117062,-0.0014336917562723928,0.00025769441923520486
633,0.2863471081571581,0.2896057347670251,0.1323529411764706,-0.2152777777777778,-0.12079550367488101,0.2855781509768707,0.2903225806451613,0.1323529411764706,-0.21726190476190477,-0.12079550367488101,0.29589388558046353,0.2917562724014337,0.18840579710144928,0.34104090354090355,0.0654866356399888,0.3661992738848728,0.37777777777777777,0.08095238095238096,-0.2410714285714286,-0.15627781592533252,-0.0007689571802873552,0.0007168458781361964,0.0
634,0.27539092179270636,0.2817204301075269,0.1187648456057007,-0.22820763956905,-0.15665041311120143,0.274624711404739,0.2817204301075269,0.1187648456057007,-0.2301665034280117,-0.15665041311120143,0.2950160747044265,0.2838709677419355,0.1671388101983003,0.28354554358472084,0.04413517540295275,0.35604593014501984,0.36845878136200716,0.052884615384615384,-0.2399608227228207,-0.14188676689692536,-0.0007662103879673698,0.0,0.0
635,0.27493021795613365,0.2831541218637993,0.11486486486486487,-0.2401215805471124,-0.1956209565648126,0.27415738253391425,0.2831541218637993,0.11486486486486487,-0.2421479229989868,-0.1956209565648126,0.28562269798154294,0.27956989247311825,0.16666666666666666,0.29533941236068895,0.048708852652593504,0.35842674347500825,0.36702508960573477,0.0684931506849315,-0.2492401215805471,-0.17816882733499784,-0.0007728354222193978,0.0,0.0
636,0.27498963291409173,0.27670250896057347,0.12826603325415678,-0.2403940886699507,-0.16182672652074404,0.27423295147253013,0.27598566308243727,0.12796208530805686,-0.2403940886699507,-0.1647877376109531,0.29423320557734156,0.28817204301075267,0.1786743515850144,0.1921182266009852,0.05728809415471958,0.3553643843427058,0.3655913978494624,0.08095238095238096,-0.24827586206896557,-0.15886571543053507,-0.0007566814415616019,-0.0007168458781361964,-0.0003039479460999195
637,0.26310539258853133,0.26953405017921145,0.11386138613861387,-0.224976167778837,-0.1476022176022176,0.26266344823957893,0.2709677419354839,0.11358024691358025,-0.22688274547187803,-0.15062370062370067,0.2805037881745622,0.2731182795698925,0.17073170731707318,0.2147476361013062,0.08203049203049206,0.3531768959874552,0.36129032258064514,0.06845965770171149,-0.24880838894184942,-0.1627096327096328,-0.00044194434895239443,0.0014336917562724483,-0.00028113922503361644
638,0.27061950391503253,0.27598566308243727,0.12468827930174564,-0.23828125,-0.14379895878947113,0.2688205225132932,0.2731182795698925,0.12437810945273632,-0.2392578125,-0.1468294513835311,0.27398591054389954,0.26881720430107525,0.18507462686567164,0.37318638392857145,0.056213552418486024,0.35502567418062886,0.35770609318996416,0.07692307692307693,-0.236328125,-0.14985994397759106,-0.0017989814017393413,-0.0028673835125447855,-0.0003101698490093202
639,0.26684375670617755,0.2709677419354839,0.13970588235294118,-0.22718253968253965,-0.12333358234802738,0.26628047716627884,0.2745519713261649,0.14004914004914004,-0.22619047619047616,-0.12037257125781853,0.282164503441541,0.2731182795698925,0.19710144927536233,0.48253000387146733,0.06321011633513751,0.3504308989134012,0.35555555555555557,0.07710843373493977,-0.2490079365079365,-0.14406065997949025,-0.0005632795398987089,0.003584229390680982,0.00034325769619886204
640,0.26100555414746207,0.26523297491039427,0.11395348837209303,-0.22787385554425232,-0.12745691157419892,0.25986396962204805,0.2637992831541219,0.1136890951276102,-0.2309257375381485,-0.13032399339782075,0.2861520117586095,0.2817204301075269,0.20385674931129477,0.3369955917260088,0.06463757060846576,0.3460496990187828,0.35197132616487453,0.06960556844547564,-0.2451678535096643,-0.13032399339782075,-0.0011415845254140189,-0.0014336917562723928,-0.00026439324448282453
641,0.27111913828583806,0.27956989247311825,0.11981566820276497,-0.2326530612244898,-0.13154115113451192,0.2698777093782297,0.27741935483870966,0.11981566820276497,-0.23673469387755097,-0.13154115113451192,0.27726968802405116,0.2709677419354839,0.18716577540106952,0.4290443006470881,0.03982705960384203,0.34630379231312053,0.3548387096774194,0.0654627539503386,-0.2510204081632653,-0.15724638274526503,-0.0012414289076083662,-0.002150537634408589,0.0
642,0.26036101721839255,0.26523297491039427,0.1076923076923077,-0.22799999999999998,-0.13144193900165335,0.2600334925292939,0.26810035842293906,0.11168831168831168,-0.22599999999999998,-0.11610440778133468,0.2813963371054951,0.2716845878136201,0.16927899686520376,0.44800000000000006,0.08635100432687237,0.3436687308675186,0.35125448028673834,0.05793450881612091,-0.252,-0.15291448271009955,-0.00032752468909863497,0.0028673835125447855,0.003996003996003986
643,0.2772691593173752,0.2838709677419355,0.1180722891566265,-0.22767419038272818,-0.1287715517241379,0.27725484192010913,0.2853046594982079,0.1180722891566265,-0.2286555446516192,-0.1287715517241379,0.291821198429503,0.2831541218637993,0.1807909604519774,0.36141875788588257,0.05035021551724128,0.35438079333451006,0.35985663082437275,0.06220095693779904,-0.2345436702649657,-0.13758081896551722,-1.4317397266094822e-05,0.0014336917562723928,0.0
644,0.25886767779561154,0.26594982078853047,0.10552763819095477,-0.2186897880539499,-0.12686855057044744,0.257394439252171,0.26523297491039427,0.10552763819095477,-0.21965317919075145,-0.12686855057044744,0.26490344572054636,0.25519713261648747,0.16417910447761194,0.3802598048356019,0.06320332840300669,0.333697636984652,0.34121863799283153,0.04714640198511166,-0.23795761078998068,-0.1419536203302454,-0.0014732385434405582,-0.0007168458781361964,0.0
645,0.2705385250897061,0.2731182795698925,0.12151898734177215,-0.20966183574879227,-0.13085610708310091,0.2694391018829051,0.2752688172043011,0.12151898734177215,-0.2115942028985507,-0.13085610708310091,0.27633100866795685,0.26594982078853047,0.18208092485549132,0.426432022084196,0.018084216397099784,0.3583354784622164,0.36415770609319,0.08353808353808354,-0.24541062801932367,-0.16733128834355837,-0.001099423206801009,0.002150537634408589,0.0
646,0.2720305759619647,0.2752688172043011,0.1070559610705596,-0.2283236994219653,-0.16608973194592214,0.27148530221388734,0.2745519713261649,0.1048780487804878,-0.22736030828516374,-0.1630727179939625,0.29628282675157297,0.2903225806451613,0.15501519756838905,0.4071559797463817,0.08130541211476416,0.36022363886076664,0.36989247311827955,0.05867970660146699,-0.23314065510597304,-0.16005570404200298,-0.0005452737480773906,-0.0007168458781361964,-0.002177912290071804
647,0.2856171670894508,0.2931899641577061,0.14388489208633093,-0.22529644268774707,-0.1346443965517241,0.2850976281238897,0.28888888888888886,0.14423076923076922,-0.22628458498023718,-0.131707974137931,0.3007626343490003,0.2924731182795699,0.21727019498607242,0.24407114624505932,0.03566810344827587,0.3712759848367418,0.38064516129032255,0.1018957345971564,-0.25296442687747034,-0.14932650862068964,-0.0005195389655610616,-0.004301075268817234,0.0003458771444382891
648,0.25848199612237066,0.26523297491039427,0.09558823529411764,-0.22801932367149758,-0.15176478502274227,0.2565383708759521,0.26594982078853047,0.09582309582309582,-0.22512077294685995,-0.14875663853428756,0.2571416147010808,0.24946236559139784,0.13864306784660768,0.4491990846681922,0.05579732268063109,0.34157634481562515,0.34767025089605735,0.06428571428571428,-0.24154589371980673,-0.18786254288419846,-0.0019436252464185566,0.0007168458781361964,0.0002348605289781841
649,0.2822243491387487,0.2896057347670251,0.1232876712328767,-0.2198142414860681,-0.11863551447218379,0.2814316486144002,0.2853046594982079,0.1232876712328767,-0.22187822497420018,-0.11863551447218379,0.29090501986996214,0.2867383512544803,0.20844327176781002,0.4128851540616246,0.047794194951921054,0.3516219940160134,0.35770609318996416,0.05922551252847381,-0.2445820433436533,-0.12145635700479585,-0.0007927005243485441,-0.004301075268817234,0.0
650,0.28333090794965904,0.2931899641577061,0.13539192399049882,-0.22890397672162943,-0.15923467527953683,0.2821780617357038,0.2924731182795699,0.13539192399049882,-0.23375363724539278,-0.15923467527953683,0.2896388220441405,0.27813620071684586,0.18075801749271136,0.46067043599630947,0.07140035434839731,0.35607233422877366,0.36129032258064514,0.06235011990407674,-0.23763336566440352,-0.1474072378627197,-0.0011528462139552276,-0.0007168458781361964,0.0
651,0.2644944219796778,0.2709677419354839,0.11162790697674418,-0.23006134969325154,-0.13238396624472581,0.2630400586939274,0.26881720430107525,0.11954022988505747,-0.23619631901840488,-0.146756329113924,0.2778413027115738,0.2731182795698925,0.18548387096774194,0.38936605316973416,0.034335443037974644,0.34044748133870606,0.34695340501792116,0.04439252336448598,-0.23824130879345606,-0.1266350210970465,-0.0014543632857504374,-0.0021505376344086446,0.007912322908313285
652,0.27738947935262326,0.2824372759856631,0.12082262210796915,-0.2142857142857143,-0.12572728150821455,0.2763918403857717,0.2802867383512545,0.1211340206185567,-0.21814671814671815,-0.12266448899308946,0.2803790683104744,0.2716845878136201,0.1761194029850746,0.3658301158301159,0.039663514308544756,0.36857641556024484,0.37849462365591396,0.08415841584158416,-0.24517374517374513,-0.17166916923509223,-0.0009976389668515662,-0.002150537634408589,0.00031139851058754886
653,0.26725814574999013,0.2716845878136201,0.14186046511627906,-0.22314911366006251,-0.14984621986982327,0.2659657542822559,0.26810035842293906,0.14186046511627906,-0.22523461939520328,-0.14984621986982327,0.2784840054397032,0.2724014336917563,0.19886363636363635,0.4518704379562044,0.07642764349623987,0.34993736149001115,0.35842293906810035,0.08101851851851852,-0.2450469238790407,-0.1556481138022865,-0.001292391467734244,-0.0035842293906810374,0.0
654,0.27621095057305395,0.2845878136200717,0.08470588235294117,-0.23767258382642997,-0.1530187323272012,0.27583772499116227,0.2867383512544803,0.0855106888361045,-0.23372781065088755,-0.14130515088624263,0.29306218008390544,0.2853046594982079,0.1452513966480447,0.353563622794392,0.04318375680885511,0.36414865791777873,0.3756272401433692,0.05733944954128441,-0.2554240631163708,-0.18523108128983734,-0.00037322558189167854,0.002150537634408589,0.0008048064831633339
655,0.2769308048339836,0.27956989247311825,0.1275626423690205,-0.2287968441814595,-0.1408964010984074,0.2761844245107811,0.27598566308243727,0.1278538812785388,-0.23076923076923073,-0.13804746805976875,0.29626409995934816,0.28817204301075267,0.1945945945945946,0.5104663739899471,0.055679978567659716,0.36076878540905494,0.37060931899641575,0.06636155606407322,-0.24556213017751483,-0.13519853502113022,-0.0007463803232024557,-0.003584229390680982,0.00029123890951829323
656,0.2942778772104375,0.2974910394265233,0.12039312039312039,-0.21442885771543085,-0.09783201058422863,0.2931468257042567,0.2946236559139785,0.12098765432098765,-0.217434869739479,-0.09198318462536825,0.2926197037588399,0.28817204301075267,0.19382022471910113,0.29058116232464926,0.05131305136671038,0.3763231029786542,0.385663082437276,0.0761904761904762,-0.23647294589178358,-0.13584937931682095,-0.0011310515061808135,-0.0028673835125447855,0.0005945339278672634
657,0.25901903963973527,0.2645161290322581,0.09535452322738386,-0.24732229795520932,-0.14430594211025427,0.2573023948875657,0.26523297491039427,0.10049019607843138,-0.24634858812074,-0.14131525200508277,0.2674253424930097,0.26523297491039427,0.14242424242424243,0.39305420318078543,0.09195857619829095,0.34624716531850314,0.35698924731182796,0.0591016548463357,-0.24829600778967864,-0.18617560358265461,-0.0017166447521695938,0.0007168458781361964,0.005135672851047518
658,0.2830279187584129,0.2939068100358423,0.11510791366906475,-0.21599999999999997,-0.14483949613978053,0.28279596500101695,0.2917562724014337,0.11510791366906475,-0.21699999999999997,-0.14483949613978053,0.29000080029617137,0.2831541218637993,0.17681159420289855,0.4126470588235295,0.06775700934579443,0.36066495672545107,0.36702508960573477,0.05476190476190476,-0.236,-0.15369768386834615,-0.00023195375739593072,-0.002150537634408589,0.0
659,0.2622745552548447,0.26953405017921145,0.125,-0.23278370514064017,-0.1567278287461774,0.2613001223487321,0.26738351254480286,0.12903225806451613,-0.2356935014548982,-0.16590214067278286,0.2770892219696027,0.2623655913978495,0.17664670658682635,0.12752402786350414,0.04510703363914381,0.3541849955629545,0.36845878136200716,0.07518796992481203,-0.23957322987390883,-0.15366972477064222,-0.0009744329061125989,-0.002150537634408589,0.0040322580645161255
660,0.247172764839056,0.24874551971326164,0.07785888077858881,-0.23615160349854225,-0.17948968209704408,0.246666419907213,0.25161290322580643,0.07862407862407862,-0.23420796890184647,-0.16733128834355837,0.2726134009318752,0.27025089605734764,0.13043478260869565,0.5160349854227405,0.09103457891801447,0.3408866461806671,0.35053763440860214,0.0412621359223301,-0.25267249757045673,-0.1825292805354155,-0.0005063449318430113,0.0028673835125447855,0.0007651978454898123
661,0.2644862443121779,0.27025089605734764,0.11442786069651742,-0.23809523809523814,-0.18469306593188084,0.26340992387759177,0.2716845878136201,0.11471321695760599,-0.23809523809523814,-0.18159673891429706,0.2694148172980629,0.2623655913978495,0.16023738872403562,0.41116584564860426,0.016568190211061595,0.3466523489158042,0.353405017921147,0.07052896725440806,-0.24952380952380948,-0.16921143084396217,-0.0010763204345861088,0.0014336917562724483,0.00028535626108856793
662,0.2697201819753521,0.2731182795698925,0.10784313725490197,-0.2197265625,-0.14391550747037607,0.2683865892261042,0.2724014336917563,0.10784313725490197,-0.224609375,-0.14391550747037607,0.2910725979151216,0.2838709677419355,0.16224188790560473,0.24556107954545459,0.06274085522926331,0.36010796032563447,0.37132616487455194,0.06746987951807229,-0.251953125,-0.16488064571526706,-0.0013335927492478805,-0.0007168458781361964,0.0
663,0.26988723376917584,0.27670250896057347,0.12121212121212122,-0.23785926660059464,-0.15452419920505034,0.26771106673526657,0.27741935483870966,0.12441314553990611,-0.23488602576808726,-0.14578643241257216,0.2766509270008601,0.26666666666666666,0.19154929577464788,0.3412920082890351,0.06100738167607467,0.35485967143400776,0.35913978494623655,0.08120649651972157,-0.2537165510406343,-0.16034937706670238,-0.002176167033909271,0.0007168458781361964,0.003201024327784893
664,0.2902199230105504,0.3025089605734767,0.13451776649746192,-0.22477522477522482,-0.11738738738738741,0.2891007423325613,0.3010752688172043,0.1388888888888889,-0.22677322677322675,-0.12343035343035347,0.29393183253459465,0.2845878136200717,0.1826086956521739,0.24275724275724275,0.030665280665280736,0.3650496095985571,0.36774193548387096,0.060759493670886074,-0.22977022977022976,-0.12040887040887038,-0.0011191806779891067,-0.0014336917562723928,0.004371122391426979
665,0.270599544843331,0.27598566308243727,0.10275689223057644,-0.2304761904761905,-0.14832490717237612,0.27008453977593916,0.27813620071684586,0.11306532663316583,-0.2304761904761905,-0.14527610536547164,0.28889963879642777,0.2831541218637993,0.17522658610271905,0.36380952380952386,0.05899361569713368,0.3623005015225876,0.3734767025089606,0.06683168316831684,-0.23904761904761906,-0.16356891620689895,-0.0005150050673918272,0.002150537634408589,0.010308434402589398
666,0.2777611711662394,0.2824372759856631,0.1259259259259259,-0.22123893805309736,-0.15326810597161766,0.27581683561836184,0.27956989247311825,0.12561576354679804,-0.22418879056047203,-0.15629408182280347,0.2813848164658294,0.2731182795698925,0.1831831831831832,0.37415548577409835,0.06460215531376279,0.3590198344599804,0.36702508960573477,0.06516290726817042,-0.24090462143559488,-0.13511225086450263,-0.0019443355478775404,-0.002867383512544841,-0.0003101623791278707
667,0.29305964896757214,0.2939068100358423,0.13333333333333333,-0.23585810162991372,-0.15326810597161766,0.29129739997632514,0.2931899641577061,0.13399503722084366,-0.23394055608820707,-0.14721615426924595,0.29104742970307795,0.2860215053763441,0.1826086956521739,0.33619367209971235,0.028290445099532824,0.37520485207186466,0.37992831541218636,0.0812807881773399,-0.24736337488015336,-0.15629408182280347,-0.0017622489912469952,-0.0007168458781361964,0.0006617038875103287
668,0.2680735011157449,0.27813620071684586,0.11217183770883055,-0.226027397260274,-0.13797909993526536,0.267122855989817,0.2745519713261649,0.11848341232227488,-0.22896281800391394,-0.14677629532480851,0.27729982395560615,0.2724014336917563,0.1643059490084986,0.3942793428298366,0.05555919863468606,0.3489820512407871,0.35770609318996416,0.05620608899297424,-0.24461839530332685,-0.161438287640714,-0.000950645125927907,-0.003584229390680982,0.006311574613444337
669,0.2649785099783404,0.2738351254480287,0.12761020881670534,-0.22536585365853656,-0.13773589576439715,0.26384976251392506,0.2709677419354839,0.12790697674418605,-0.22536585365853656,-0.13485769925817126,0.28057337373806934,0.26810035842293906,0.19382022471910113,0.27194554736245047,0.07812884220254646,0.3467557118129559,0.35125448028673834,0.06960556844547564,-0.23609756097560974,-0.13773589576439715,-0.001128747464415325,-0.0028673835125447855,0.0002967679274807067
670,0.286657192016577,0.2924731182795699,0.10218978102189781,-0.2184466019417476,-0.13734063419418108,0.28560116029656446,0.2939068100358423,0.10218978102189781,-0.2203883495145631,-0.13734063419418108,0.28618303716889054,0.27885304659498206,0.16901408450704225,0.5225180081428125,0.028944644219243698,0.36840379071063367,0.37921146953405016,0.06666666666666667,-0.24757281553398058,-0.1640650539391958,-0.0010560317200125624,0.0014336917562723928,0.0
671,0.2848060279206309,0.2910394265232975,0.12436548223350254,-0.22562141491395793,-0.15448302714948148,0.28412700212507247,0.2903225806451613,0.125,-0.22466539196940727,-0.14830979434356306,0.3071973906804018,0.2974910394265233,0.1798780487804878,0.4014716959267629,0.04923365544582492,0.37800454156601726,0.38924731182795697,0.0707070707070707,-0.2409177820267686,-0.16065625995539978,-0.0006790257955584522,-0.0007168458781361964,0.0006345177664974638
672,0.2740962429414742,0.27885304659498206,0.10050251256281408,-0.22758620689655173,-0.1399749023982153,0.2728408245045663,0.27741935483870966,0.10075566750629723,-0.22660098522167482,-0.13693530395984377,0.2862402311160747,0.2802867383512545,0.15479876160990713,0.3882352941176471,0.08799498047964305,0.35791394804721505,0.37132616487455194,0.05896805896805897,-0.2364532019704434,-0.16733128834355837,-0.0012554184369079069,-0.0014336917562723928,0.00025315494348315815
673,0.261218336697827,0.26738351254480286,0.11538461538461539,-0.22634146341463413,-0.1470216710696992,0.25958147919203434,0.26810035842293906,0.11538461538461539,-0.2273170731707317,-0.1470216710696992,0.27401232856288316,0.2709677419354839,0.19767441860465115,0.3058536585365854,0.06617112742534659,0.34841865452881426,0.3548387096774194,0.07913669064748201,-0.23414634146341462,-0.14998268215990818,-0.001636857505792677,0.0007168458781361964,0.0
674,0.24306890233831424,0.24659498207885305,0.12356979405034325,-0.23587710604558965,-0.1752601391300287,0.24261519961132813,0.24874551971326164,0.12385321100917432,-0.23290386521308226,-0.17235145092505955,0.2587774068841118,0.25161290322580643,0.1744186046511628,0.5777750247770069,0.0952478639320995,0.3217241853765443,0.33046594982078853,0.0684931506849315,-0.2477700693756194,-0.17816882733499784,-0.00045370272698611047,0.002150537634408589,0.00028341695883106477
675,0.27636035084052785,0.2824372759856631,0.13138686131386862,-0.22499999999999998,-0.14508492313058818,0.27606034657425055,0.2817204301075269,0.13202933985330073,-0.22596153846153844,-0.13912072541606602,0.2959232979986916,0.28745519713261647,0.20348837209302326,0.3306623931623932,0.05471570030590456,0.3563509626025227,0.36630824372759857,0.06435643564356436,-0.2432692307692308,-0.1242102311297606,-0.00030000426627729837,-0.0007168458781361964,0.000642478539432112
676,0.25184096767396846,0.2523297491039427,0.11864406779661017,-0.23420796890184647,-0.14327939413751767,0.25056764133517545,0.25089605734767023,0.12077294685990338,-0.23615160349854225,-0.14624877410918602,0.27318770757115,0.26953405017921145,0.18786127167630057,0.3130135170951497,0.055669063964258414,0.3413252796240916,0.34838709677419355,0.08591885441527446,-0.24489795918367352,-0.16109567396752755,-0.0012733263387930127,-0.0014336917562724483,0.002128879063293204
677,0.27745862287812495,0.2853046594982079,0.12085308056872038,-0.2294757665677547,-0.13162981605549195,0.27646718970808287,0.2831541218637993,0.1187648456057007,-0.228486646884273,-0.1287211278505228,0.2749360928952575,0.26953405017921145,0.16893732970027248,0.28733926805143417,0.02834803521780971,0.35257344852935674,0.36129032258064514,0.06944444444444445,-0.23837784371909,-0.16071669810518308,-0.0009914331700420775,-0.002150537634408589,-0.0020882349630196723
678,0.28940085983913777,0.2931899641577061,0.1362530413625304,-0.2239532619279455,-0.14508492313058818,0.28758838052289665,0.2917562724014337,0.1362530413625304,-0.2239532619279455,-0.14508492313058818,0.28841089981031787,0.27956989247311825,0.2,0.3404291038511903,0.036823107162338053,0.37167786255865476,0.38064516129032255,0.09397590361445783,-0.2453748782862707,-0.15701331855963263,-0.0018124793162411224,-0.0014336917562723928,0.0
679,0.29309340147581553,0.2931899641577061,0.12105263157894737,-0.22616822429906547,-0.13814559056250897,0.291649147762985,0.2946236559139785,0.12105263157894737,-0.22523364485981312,-0.13814559056250897,0.2926035346353866,0.2867383512544803,0.18153846153846154,0.39701537533916187,0.03434757588836135,0.3800310449637712,0.3849462365591398,0.07068062827225131,-0.23831775700934577,-0.14441806934254064,-0.0014442537128305233,0.0014336917562723928,0.0
680,0.2558202144573571,0.2616487455197133,0.09647058823529411,-0.23511904761904767,-0.1530187323272012,0.25459429750041934,0.2630824372759857,0.09692671394799054,-0.2321428571428571,-0.1471619416067219,0.26559877090835693,0.25878136200716845,0.14488636363636365,0.3051801801801801,0.060754128970292864,0.3417427978960498,0.34910394265232975,0.05336426914153132,-0.25,-0.17058910448863907,-0.0012259169569377448,0.0014336917562723928,0.0004561257126964313
681,0.26802293600010385,0.27598566308243727,0.14908256880733944,-0.23585810162991372,-0.1621815768736261,0.26697193807177944,0.2745519713261649,0.14908256880733944,-0.23777564717162036,-0.1621815768736261,0.27839405784607063,0.2731182795698925,0.2231638418079096,0.4024928092042186,0.07506781137240259,0.3408027432688444,0.3426523297491039,0.07801418439716312,-0.24640460210930004,-0.12456886898096309,-0.0010509979283244153,-0.0014336917562723928,0.0
682,0.2835256126924944,0.2924731182795699,0.13711583924349882,-0.2435897435897436,-0.13956603536937162,0.2829419604549298,0.2910394265232975,0.13711583924349882,-0.2435897435897436,-0.13956603536937162,0.2932831784231642,0.2860215053763441,0.2062146892655367,0.32185762954993724,0.06167314687068859,0.3609785249774823,0.36845878136200716,0.07363420427553444,-0.24556213017751483,-0.1337330155942974,-0.0005836522375645692,-0.0014336917562723928,0.0
683,0.2839097147533388,0.2903225806451613,0.08542713567839195,-0.22233104799216452,-0.11910273368606694,0.2820937399327418,0.2910394265232975,0.09045226130653267,-0.22428991185112634,-0.11910273368606694,0.2991998325765979,0.2974910394265233,0.16954022988505746,0.30854554358472086,0.031084656084656048,0.37245009498990966,0.385663082437276,0.06326034063260341,-0.24877571008814892,-0.158151455026455,-0.0018159748205970327,0.0007168458781361964,0.005025125628140711
684,0.2984713224194183,0.3025089605734767,0.13176470588235295,-0.22507403751233956,-0.1253973217905252,0.2974099543664182,0.3010752688172043,0.13317757009345793,-0.22803553800592302,-0.13405442791453426,0.2997991595296046,0.2924731182795699,0.18716577540106952,0.40351295230963,0.0217734823176291,0.37124560846445814,0.382078853046595,0.08597285067873303,-0.2606120434353406,-0.1744542564932433,-0.0010613680530001113,-0.0014336917562723928,0.0014128642111049805
685,0.265827915427226,0.2738351254480287,0.11678832116788321,-0.2347328244274809,-0.17410388473007077,0.2654288057133258,0.2724014336917563,0.11707317073170732,-0.23377862595419852,-0.1710733921360108,0.2783039693992637,0.26810035842293906,0.1641337386018237,0.2390267175572519,0.0743965079828457,0.3505531953899405,0.35627240143369177,0.04534005037783375,-0.24141221374045807,-0.13167698841323128,-0.0003991097139002253,-0.0014336917562723928,0.0002848495638241161
686,0.26303236828940535,0.2709677419354839,0.13537117903930132,-0.23553299492385782,-0.16522522957561714,0.26244420677500185,0.26810035842293906,0.13566739606126915,-0.23553299492385782,-0.16241800870817946,0.2804026921356472,0.27670250896057347,0.20105820105820105,0.3095563893180313,0.05935243981939786,0.33925731808852644,0.34982078853046594,0.07111111111111111,-0.24162436548223354,-0.14276746263611562,-0.0005881615144034957,-0.002867383512544841,0.00029621702196783173
687,0.2752114004955568,0.2831541218637993,0.1431924882629108,-0.22200392927308443,-0.15339585719340199,0.27408434874886317,0.2824372759856631,0.14386792452830188,-0.2210216110019646,-0.1475470312345416,0.28111778954499483,0.27813620071684586,0.2,0.4285363457760314,0.0834815941404422,0.3505924559298229,0.35913978494623655,0.0892018779342723,-0.24656188605108054,-0.15339585719340199,-0.0011270517466936414,-0.0007168458781361964,0.0006754362653910717
688,0.27282643122191924,0.27813620071684586,0.1323529411764706,-0.23379174852652262,-0.12587922653568162,0.27080627622775816,0.27885304659498206,0.1323529411764706,-0.23379174852652262,-0.12587922653568162,0.2826218033244302,0.2745519713261649,0.1729106628242075,0.368713163064833,0.054997033115195104,0.3542155264669847,0.3648745519713262,0.07194244604316546,-0.24950884086444003,-0.15256588779564706,-0.002020154994161083,0.0007168458781361964,0.0
689,0.2564231824104181,0.25949820788530464,0.11491442542787286,-0.2203883495145631,-0.13912072541606602,0.2561074364158307,0.25806451612903225,0.11793611793611794,-0.2184466019417476,-0.13315652770154396,0.2684526199907349,0.25949820788530464,0.17857142857142858,0.31515815847165674,0.07857249116399323,0.3476771639472559,0.35555555555555557,0.07673860911270983,-0.2504854368932039,-0.1629775162741548,-0.00031574599458739083,-0.0014336917562723928,0.0030216925082450774
690,0.2659363624606322,0.26953405017921145,0.14386792452830188,-0.2297955209347614,-0.13744719246543013,0.264331348851173,0.2738351254480287,0.14523809523809525,-0.22590068159688415,-0.12581243964555366,0.2720707742166556,0.26523297491039427,0.19047619047619047,0.3679232160244819,0.05743491726750083,0.34589743331609524,0.3548387096774194,0.07962529274004684,-0.23661148977604674,-0.14617325708033757,-0.0016050136094591938,0.004301075268817234,0.0013701707097933669
691,0.25948957926676286,0.26738351254480286,0.12646370023419204,-0.2218875502008032,-0.1336518834663203,0.258191107439843,0.2645161290322581,0.1288056206088993,-0.2218875502008032,-0.1336518834663203,0.25888498669179716,0.24874551971326164,0.17857142857142858,0.33076207268096774,0.0483856002969012,0.3361629603183808,0.34050179211469533,0.07029478458049887,-0.2530120481927711,-0.1741046576359251,-0.0012984718269198336,-0.0028673835125447855,0.0023419203747072626
692,0.26396755611084477,0.26953405017921145,0.11274509803921569,-0.22309197651663404,-0.1107176999610523,0.2625832765003021,0.27025089605734764,0.11707317073170732,-0.22798434442270055,-0.11659863463850295,0.2772135733293919,0.26810035842293906,0.18867924528301888,0.3558219178082192,-0.0019204084282157252,0.34782545728604286,0.35770609318996416,0.06698564593301436,-0.235812133072407,-0.14012237334830546,-0.0013842796105426602,0.0007168458781361964,0.004328072692491636
693,0.2690906715007548,0.27741935483870966,0.11778846153846154,-0.2327935222672065,-0.14188676689692536,0.2678266826106941,0.2745519713261649,0.11778846153846154,-0.23481781376518218,-0.14188676689692536,0.28568017201844764,0.27813620071684586,0.16045845272206305,0.33897681266102325,0.055946092374373646,0.35638796166909764,0.36702508960573477,0.05687203791469194,-0.25506072874493924,-0.1596031423540567,-0.0012639888900606855,-0.0028673835125447855,0.0
694,0.27015020851581234,0.2817204301075269,0.1259259259259259,-0.2287968441814595,-0.12976382914600404,0.2687547125138169,0.2810035842293907,0.12561576354679804,-0.23076923076923073,-0.1327502123345845,0.2837567718133005,0.27741935483870966,0.1834319526627219,0.47381656804733724,0.07032384448889006,0.35106984630064264,0.35770609318996416,0.07932692307692307,-0.24556213017751483,-0.1626140442203896,-0.0013954960019954554,-0.0007168458781361964,-0.0003101623791278707
695,0.26058007503079383,0.26666666666666666,0.09443099273607748,-0.21407035175879396,-0.13302857916835975,0.2598176410390132,0.26666666666666666,0.0948905109489051,-0.21507537688442213,-0.1271231206826493,0.274211600702468,0.2645161290322581,0.16184971098265896,0.30920117830531973,0.06480428010293915,0.34032529143429774,0.34695340501792116,0.05687203791469194,-0.2472361809045226,-0.1596031423540567,-0.0007624339917806089,0.0,0.0004595182128276226
696,0.3075796191875017,0.3139784946236559,0.13267813267813267,-0.22987390882638215,-0.13832456189991138,0.30673549856448373,0.3103942652329749,0.13267813267813267,-0.22987390882638215,-0.13832456189991138,0.31458130825340136,0.30752688172043013,0.192090395480226,0.35998337259248997,0.020182013674175936,0.38934771031416876,0.4007168458781362,0.08068459657701711,-0.2463627546071775,-0.14430594211025427,-0.0008441206230179743,-0.003584229390680982,0.0
697,0.25425699931400675,0.2623655913978495,0.11547344110854503,-0.2328629032258065,-0.16362538631015222,0.2536820255120965,0.2616487455197133,0.11778290993071594,-0.2348790322580645,-0.16362538631015222,0.2707857700871491,0.2645161290322581,0.20114942528735633,0.47009408602150543,0.08361311111222303,0.33433433872682394,0.3419354838709677,0.07476635514018691,-0.22177419354838712,-0.1490819452853066,-0.0005749738019102391,-0.0007168458781361964,0.0023094688221709098
698,0.26116488180854575,0.2645161290322581,0.09592326139088729,-0.22941176470588232,-0.17883810341883433,0.26047410562804496,0.2645161290322581,0.09569377990430622,-0.23235294117647054,-0.18184624990728904,0.2794537540097609,0.26881720430107525,0.1588235294117647,0.3715914272685818,0.05278917619217638,0.34644370398348334,0.35698924731182796,0.053268765133171914,-0.25392156862745097,-0.1668055174650156,-0.000690776180500785,0.0,-0.0002294814865810707
699,0.26837893658248263,0.2752688172043011,0.09685230024213075,-0.2258706467661692,-0.13302857916835975,0.2669529372504737,0.2709677419354839,0.09685230024213075,-0.22786069651741292,-0.13302857916835975,0.27823933551291735,0.2738351254480287,0.15542521994134897,0.23143740755681053,0.07956792631721521,0.3458353519915523,0.353405017921147,0.0585480093676815,-0.2457711442786069,-0.17436678856833265,-0.0014259993320089315,-0.004301075268817178,0.0
700,0.2622103288534668,0.26594982078853047,0.13501144164759726,-0.21529175050301808,-0.14504739247007292,0.2614740279258874,0.26738351254480286,0.135632183908046,-0.21529175050301808,-0.13932056289743433,0.283397800213684,0.27670250896057347,0.18,0.44351292942842235,0.10406969393970744,0.34156329471850916,0.34910394265232975,0.06818181818181818,-0.23943661971830987,-0.15363763682903087,-0.0007363009275793697,0.0014336917562723928,0.0006207422604487256
701,0.28487518679718904,0.2867383512544803,0.11363636363636363,-0.22113502935420748,-0.13917850175166246,0.2843297982602042,0.2831541218637993,0.11363636363636363,-0.22211350293542076,-0.13917850175166246,0.30362766265199165,0.2953405017921147,0.15976331360946747,0.3531066536203522,0.037652003048801785,0.3795192846841594,0.3913978494623656,0.07142857142857142,-0.24951076320939336,-0.16966651982070813,-0.0005453885369848255,-0.003584229390680982,0.0
702,0.2745192327691443,0.2817204301075269,0.11027568922305764,-0.22482893450635388,-0.14037203523005515,0.2737551893509516,0.2802867383512545,0.10579345088161209,-0.22482893450635388,-0.13430196842103437,0.28947064942177,0.27885304659498206,0.1710914454277286,0.49755620723362654,0.041729969040571024,0.3627229119533122,0.3720430107526882,0.06218905472636816,-0.23460410557184752,-0.14947713544358654,-0.0007640434181926947,-0.0014336917562723928,-0.004482238341445552
703,0.27517549771247485,0.27885304659498206,0.12195121951219512,-0.2468168462291871,-0.1421028242733271,0.27453325794184896,0.2802867383512545,0.12195121951219512,-0.24583741429970618,-0.1421028242733271,0.29173159716105207,0.2824372759856631,0.1871345029239766,0.29431929480901076,0.060679898020426726,0.3592632139914088,0.36702508960573477,0.059113300492610835,-0.24387855044074436,-0.13017442884428287,-0.0006422397706258853,0.0014336917562724483,0.0
704,0.27902069027778953,0.2810035842293907,0.1087962962962963,-0.2404040404040404,-0.16071669810518308,0.2778109370988986,0.27885304659498206,0.10904872389791183,-0.2404040404040404,-0.15780800990021404,0.29050518417819277,0.28745519713261647,0.175,0.355050505050505,0.048708852652593504,0.35931271379162505,0.37132616487455194,0.06046511627906977,-0.26363636363636367,-0.1548993216952449,-0.0012097531788909377,-0.0021505376344086446,0.0002524276016155347
705,0.26344075494006536,0.2724014336917563,0.0794044665012407,-0.24019138755980862,-0.1393347474901021,0.262450719442299,0.2738351254480287,0.0794044665012407,-0.2421052631578947,-0.1393347474901021,0.264240800153397,0.25663082437275986,0.13256484149855907,0.2325640303968477,0.029369088007075383,0.3445368178587949,0.35053763440860214,0.04784688995215311,-0.2516746411483254,-0.18452327485541753,-0.0009900354977663839,0.0014336917562723928,0.0
706,0.27538901111099173,0.2824372759856631,0.09762532981530343,-0.2225433526011561,-0.10554989105906842,0.2743737521004439,0.2817204301075269,0.10263157894736842,-0.22543352601156075,-0.10863169129691841,0.2792474304991105,0.2752688172043011,0.16467065868263472,0.4767180475272961,0.03313111964417925,0.3582801730796676,0.36630824372759857,0.07035175879396985,-0.2504816955684007,-0.16410409557821748,-0.001015259010547831,-0.0007168458781361964,0.005006249132064988
707,0.2731172969163493,0.27813620071684586,0.1345707656612529,-0.2400398406374502,-0.15780800990021404,0.2729357180625928,0.2802867383512545,0.1351981351981352,-0.23705179282868527,-0.15199063349027575,0.2992308553025405,0.28817204301075267,0.18904109589041096,0.3758011432530746,0.03416541162774789,0.35685588935707846,0.36702508960573477,0.07226107226107226,-0.24203187250996017,-0.15199063349027575,-0.00018157885375646998,0.0021505376344086446,0.0006273695368823051
708,0.27008821239750386,0.27813620071684586,0.10361445783132531,-0.22983870967741937,-0.15180862581948695,0.26939636156379687,0.27741935483870966,0.10436893203883495,-0.22782258064516125,-0.14288783365587088,0.28424817404070307,0.27598566308243727,0.1657142857142857,0.25690136476426806,0.04147520439219421,0.3553529757803861,0.3648745519713262,0.053268765133171914,-0.24092741935483875,-0.14586143104374294,-0.0006918508337069862,-0.0007168458781361964,0.0007544742075096394
709,0.2658820848350961,0.26953405017921145,0.11085450346420324,-0.22199383350462487,-0.11411634480505439,0.2649129195526071,0.2716845878136201,0.11162790697674418,-0.2189105858170607,-0.10561211138075144,0.2688272886983709,0.2623655913978495,0.17989417989417988,0.2990486731493926,0.04179460130716828,0.3451351107294141,0.34982078853046594,0.07158836689038031,-0.2476875642343268,-0.1538027674518021,-0.0009691652824890262,0.0021505376344086446,0.0007734035125409461
710,0.27874241024153606,0.2845878136200717,0.13231552162849872,-0.23007968127490042,-0.1406444577338446,0.2775206661534164,0.2838709677419355,0.13231552162849872,-0.23406374501992033,-0.1406444577338446,0.2879867116929214,0.27885304659498206,0.19254658385093168,0.4000838750262109,0.07714848559468113,0.36150407195339135,0.36989247311827955,0.07537688442211055,-0.23705179282868527,-0.15598198895416338,-0.0012217440881196473,-0.0007168458781361964,0.0
711,0.24770704935822513,0.2523297491039427,0.09662921348314607,-0.24380574826560952,-0.1629586564365434,0.24779996254363876,0.25017921146953404,0.09887640449438202,-0.24479682854311202,-0.1629586564365434,0.27024362904125826,0.2616487455197133,0.16120218579234974,0.33633660690152273,0.0626761543689559,0.3292781317101649,0.33906810035842294,0.060674157303370786,-0.2527254707631318,-0.1629586564365434,9.291318541362892e-05,-0.0021505376344086446,0.0022471910112359522
712,0.2696362700358201,0.2724014336917563,0.12165450121654502,-0.22807017543859653,-0.1322166156186544,0.2689443284465895,0.27025089605734764,0.12590799031476999,-0.23391812865497075,-0.13813863779907232,0.28785367446160615,0.2831541218637993,0.19710144927536233,0.3489950930967265,0.06321011633513751,0.35995721228895666,0.36845878136200716,0.08333333333333333,-0.24269005847953218,-0.15886571543053507,-0.0006919415892305825,-0.0021505376344086446,0.004253489098224969
713,0.290915424128783,0.3010752688172043,0.13399503722084366,-0.22410358565737054,-0.1393347474901021,0.29032513939398463,0.2996415770609319,0.13466334164588528,-0.22410358565737054,-0.13330961050806,0.2916233552015184,0.2860215053763441,0.20481927710843373,0.4065688465649596,0.0745576153723907,0.36319554981711105,0.36917562724014336,0.06982543640897755,-0.2360557768924303,-0.13330961050806,-0.0005902847347983853,-0.0014336917562723928,0.0006683044250416215
714,0.27808406256792695,0.2853046594982079,0.10891089108910891,-0.22745490981963923,-0.13193542847329554,0.27694254087365755,0.2860215053763441,0.10918114143920596,-0.22745490981963923,-0.12894040872402546,0.30042751061668516,0.2967741935483871,0.1880597014925373,0.4042868345386425,0.07472093422634374,0.3626837292672731,0.37060931899641575,0.061124694376528114,-0.2404809619238477,-0.14691052721964615,-0.0011415216942693984,0.0007168458781361964,0.00027025035009704823
715,0.25415851369081394,0.26021505376344084,0.09927360774818401,-0.23223223223223222,-0.1615206679794653,0.2523557107195828,0.25949820788530464,0.09927360774818401,-0.23223223223223222,-0.1615206679794653,0.25964304463125365,0.25591397849462366,0.14803625377643503,0.4578897078897079,0.08442785770179984,0.33322861980955615,0.34121863799283153,0.06413301662707839,-0.25725725725725723,-0.18551564609471072,-0.0018028029712311433,-0.0007168458781361964,0.0
716,0.26564665209790284,0.2716845878136201,0.1134020618556701,-0.23791469194312798,-0.16046629789419065,0.2650565607879952,0.2709677419354839,0.11398963730569948,-0.23601895734597156,-0.15420398827253246,0.28855803718984924,0.27813620071684586,0.15789473684210525,0.3568127962085308,0.04305876480969795,0.3603097618945084,0.37060931899641575,0.06788511749347259,-0.2398104265402844,-0.14481052384004545,-0.0005900913099076144,-0.0007168458781361964,0.0005875754500293817
717,0.28253873015943903,0.28888888888888886,0.1111111111111111,-0.22287390029325516,-0.1548247100419321,0.28145736489450673,0.2838709677419355,0.1111111111111111,-0.22287390029325516,-0.1548247100419321,0.27998604167005614,0.2709677419354839,0.14594594594594595,0.2649071358748778,0.0010200589105096025,0.3607651529654264,0.36917562724014336,0.05176470588235294,-0.24144672531769307,-0.16070564471938265,-0.0010813652649322991,-0.005017921146953375,0.0
718,0.27506549565821675,0.27956989247311825,0.11666666666666667,-0.22333000997008978,-0.1614614415489689,0.2745501172561556,0.2802867383512545,0.11694510739856802,-0.22333000997008978,-0.1584962569645283,0.2790149232511148,0.2709677419354839,0.17183098591549295,0.3906281156530409,0.03127555643967017,0.3542018913562731,0.35698924731182796,0.046341463414634146,-0.23130608175473577,-0.13180959570456285,-0.0005153784020611729,0.0007168458781362519,0.0002784407319013499
719,0.274039665843568,0.2824372759856631,0.09487179487179487,-0.22091886608015643,-0.13410245163063295,0.27441187187410493,0.2831541218637993,0.09487179487179487,-0.22385141739980452,-0.13410245163063295,0.29674885757987385,0.2896057347670251,0.1441717791411043,0.29863147605083085,0.0625212494032551,0.3587291458227239,0.3648745519713262,0.04773869346733668,-0.25219941348973607,-0.158680414259869,0.0003722060305369479,0.0007168458781361964,0.0
720,0.2619686370431447,0.26523297491039427,0.08872901678657075,-0.22448979591836737,-0.12959156944528394,0.2607183767842259,0.2637992831541219,0.09090909090909091,-0.226530612244898,-0.13251996480552364,0.28147414780337776,0.27670250896057347,0.14124293785310735,0.44285714285714284,0.054897338249813576,0.34348621677000435,0.35555555555555557,0.037825059101654845,-0.23571428571428577,-0.1471619416067219,-0.0012502602589188339,-0.0014336917562723928,0.0021800741225201647
721,0.29244290402169465,0.3017921146953405,0.12,-0.22873900293255134,-0.13813822671568843,0.2914251911835797,0.2974910394265233,0.12,-0.23167155425219943,-0.13813822671568843,0.297371471769744,0.2903225806451613,0.1906158357771261,0.3411534701857282,0.040394348504276145,0.3777801822590628,0.3863799283154122,0.075,-0.24437927663734116,-0.13813822671568843,-0.0010177128381149703,-0.004301075268817234,0.0
722,0.24691444975465193,0.25519713261648747,0.09178743961352658,-0.23053589484327608,-0.14367033404232532,0.2463223021671621,0.25519713261648747,0.09443099273607748,-0.22952477249747216,-0.1407051494578847,0.2642499714411803,0.2616487455197133,0.16167664670658682,0.4278311425682507,0.0935444327129229,0.32808073785443204,0.33691756272401435,0.052256532066508314,-0.25176946410515677,-0.16442662613340953,-0.0005921475874898219,0.0,0.002643553122550907
723,0.2575828908440693,0.26093189964157704,0.11294117647058824,-0.2403940886699507,-0.16586836370153335,0.2570832552481179,0.26021505376344084,0.11294117647058824,-0.238423645320197,-0.16586836370153335,0.27403706709597014,0.26738351254480286,0.17270194986072424,0.2950738916256158,0.028740597467635243,0.34092434012661754,0.34623655913978496,0.059665871121718374,-0.24137931034482762,-0.14817663995888153,-0.0004996355959513976,-0.0007168458781361964,0.0
724,0.2745231707769582,0.2810035842293907,0.13670886075949368,-0.22490347490347495,-0.15215672990063234,0.27301151012904845,0.2831541218637993,0.1432225063938619,-0.222007722007722,-0.13984869015356816,0.28417031559187744,0.27598566308243727,0.1834319526627219,0.3253773253773254,0.023232836495031606,0.3607622182520762,0.3634408602150538,0.06201550387596899,-0.2345559845559846,-0.12754065040650409,-0.0015116606479097516,0.002150537634408589,0.006513645634368209
725,0.25928991392269035,0.26953405017921145,0.09898477157360407,-0.21342685370741488,-0.1278165086447296,0.2587674036051223,0.26881720430107525,0.10632911392405063,-0.21442885771543085,-0.13085610708310091,0.2730774144661458,0.2630824372759857,0.17417417417417416,0.4239144956579826,0.057598996095928556,0.342173980197444,0.34623655913978496,0.055415617128463476,-0.22545090180360716,-0.13693530395984377,-0.000522510317568059,-0.0007168458781361964,0.007344342350446564
726,0.26865464819963897,0.26953405017921145,0.10952380952380952,-0.2282608695652174,-0.12581243964555366,0.2686314085422608,0.2716845878136201,0.1108433734939759,-0.22430830039525695,-0.11126899862070805,0.2770268101682853,0.26953405017921145,0.1794871794871795,0.5563241106719368,0.0748870464973157,0.3483773883846312,0.35268817204301073,0.0735632183908046,-0.24802371541501977,-0.1694427627200905,-2.323965737816014e-05,0.0021505376344086446,0.0013195639701663736
727,0.2785623156218425,0.27956989247311825,0.11848341232227488,-0.23046092184368738,-0.1596031423540567,0.2780508559928104,0.27885304659498206,0.11848341232227488,-0.23046092184368738,-0.1596031423540567,0.280329269417328,0.2738351254480287,0.1833810888252149,0.3730317778413971,0.055946092374373646,0.3614060909426801,0.36630824372759857,0.06872037914691943,-0.24549098196392782,-0.1596031423540567,-0.0005114596290321516,-0.0007168458781361964,0.0
728,0.25961631348357245,0.26738351254480286,0.10218978102189781,-0.21015936254980083,-0.12966608173749394,0.25867829262297093,0.26738351254480286,0.10462287104622871,-0.2121513944223108,-0.12966608173749394,0.2688429634294864,0.2616487455197133,0.16909620991253643,0.34844831201509746,0.07140035434839731,0.3333704479593026,0.33906810035842294,0.05250596658711217,-0.23207171314741037,-0.15332095657112832,-0.0009380208606015183,0.0,0.0024330900243308973
729,0.28256856529903784,0.2917562724014337,0.11961722488038277,-0.2222222222222222,-0.12748841197117067,0.281121308790863,0.2917562724014337,0.11961722488038277,-0.22318840579710142,-0.12748841197117067,0.2914356065424706,0.27956989247311825,0.18,0.4061191626409018,0.07110226937813147,0.3624740456997409,0.3734767025089606,0.06338028169014084,-0.25410628019323667,-0.15085202154167665,-0.0014472565081748434,0.0,0.0
730,0.2710701099649658,0.27813620071684586,0.11475409836065574,-0.2309257375381485,-0.1336518834663203,0.27046174931653066,0.27813620071684586,0.11502347417840375,-0.22990844354018314,-0.13076239959706282,0.2805615872135942,0.26953405017921145,0.18232044198895028,0.4540522210918955,0.05416456803541614,0.35267905199913585,0.35913978494623655,0.07373271889400922,-0.23601220752797558,-0.1538782705511227,-0.0006083606484351134,0.0,0.00026937581774801045
731,0.2831279305523383,0.28888888888888886,0.09562841530054644,-0.2236205227492739,-0.09690457963705146,0.28228436875260166,0.2896057347670251,0.09615384615384616,-0.22168441432720232,-0.09062187598504978,0.28886675402606066,0.2802867383512545,0.1751592356687898,0.25316553727008706,0.06644571531499077,0.3627014705597746,0.3727598566308244,0.06476683937823834,-0.25266214908034845,-0.15973161615706766,-0.0008435617997366585,0.0007168458781362519,0.000525430853299716
732,0.2748244617400941,0.2910394265232975,0.11244019138755981,-0.22745490981963923,-0.1350467014720842,0.27414018216622155,0.28888888888888886,0.11057692307692307,-0.22545090180360716,-0.1291819045457221,0.2950138332962156,0.2917562724014337,0.1897590361445783,0.361623246492986,0.1171395663614887,0.35634315092806196,0.3655913978494624,0.052256532066508314,-0.23747494989979956,-0.14384389686162746,-0.0006842795738725704,-0.0021505376344086446,-0.0018632683106367398
733,0.2699085387915839,0.2745519713261649,0.12832929782082325,-0.22383720930232553,-0.15626870253094016,0.2680153700379405,0.2745519713261649,0.13106796116504854,-0.22480620155038755,-0.15327801242576866,0.27716229793782443,0.26666666666666666,0.16666666666666666,0.39825581395348836,0.0560702949362335,0.3550230240033844,0.36630824372759857,0.05825242718446602,-0.24321705426356588,-0.15327801242576866,-0.0018931687536433706,0.0,0.0027386633442252895
734,0.2821197182885148,0.2910394265232975,0.10526315789473684,-0.22695035460992907,-0.1600257462865614,0.28100653125991415,0.28888888888888886,0.10574712643678161,-0.22593718338399194,-0.15425434220388878,0.28532233439954197,0.27670250896057347,0.1523545706371191,0.3251572771612356,0.05928760885500173,0.3683206754388968,0.374910394265233,0.05656108597285068,-0.25531914893617025,-0.1744542564932433,-0.0011131870286006373,-0.0021505376344086446,0.00048396854204477147
735,0.2585008287183586,0.26738351254480286,0.09701492537313433,-0.2239685658153242,-0.11569511320561421,0.25718736710684803,0.26594982078853047,0.09725685785536159,-0.2239685658153242,-0.11271727623535843,0.2679793359999328,0.26021505376344084,0.15588235294117647,0.3206524974697863,0.06893077895024413,0.3416141057009737,0.35125448028673834,0.07042253521126761,-0.25049115913555997,-0.18716320049175283,-0.0013134616115105802,-0.0014336917562723928,0.00024193248222725838
736,0.26861911519669657,0.2738351254480287,0.11238532110091744,-0.24275724275724275,-0.14218397768375357,0.26729361739065693,0.2709677419354839,0.11161731207289294,-0.24575424575424576,-0.15077422204271151,0.2850929775095903,0.27741935483870966,0.16573033707865167,0.3461007078028354,0.08688920522179144,0.3511628971235293,0.35985663082437275,0.060674157303370786,-0.2667332667332667,-0.1679547107606274,-0.0013254978060396327,-0.0028673835125447855,-0.0007680090280244994
737,0.2567305637125135,0.2623655913978495,0.10722610722610723,-0.22718253968253965,-0.14443336987939803,0.2556425216042729,0.26093189964157704,0.10772833723653395,-0.22519841269841268,-0.1386391574470912,0.2687091840333597,0.2623655913978495,0.17027027027027028,0.39186507936507936,0.026495896873650282,0.33367608136241494,0.34121863799283153,0.06666666666666667,-0.25,-0.16181600717631817,-0.0010880421082405944,-0.0014336917562724483,0.0005022300104267213
738,0.27648426237832063,0.2802867383512545,0.1444954128440367,-0.23287671232876717,-0.17235145092505955,0.27511365036238644,0.27813620071684586,0.14482758620689656,-0.23287671232876717,-0.1694427627200905,0.2965824803651197,0.2910394265232975,0.2111111111111111,0.32523507231158416,0.048708852652593504,0.3662006482388036,0.374910394265233,0.08215962441314555,-0.23776908023483367,-0.14326456887536843,-0.0013706120159341917,-0.0021505376344086446,0.0003321733628598722
739,0.28298944335864507,0.28745519713261647,0.1354679802955665,-0.23546511627906974,-0.15364518364518365,0.2816666585007665,0.28745519713261647,0.13970588235294118,-0.2383720930232558,-0.1596881496881497,0.2842825038599029,0.2745519713261649,0.1887905604719764,0.4025722339675828,0.0487941787941788,0.3652407351551519,0.37060931899641575,0.07960199004975124,-0.24709302325581395,-0.14155925155925153,-0.0013227848578785673,0.0,0.004237902057374676
740,0.2785887729096576,0.2802867383512545,0.136986301369863,-0.2190669371196755,-0.13071965628356597,0.2771401997199197,0.2802867383512545,0.136986301369863,-0.2210953346855984,-0.13071965628356597,0.291246845170151,0.2824372759856631,0.1935483870967742,0.4411201262114041,0.056605800214822755,0.3601572850664776,0.36845878136200716,0.08089887640449438,-0.23529411764705888,-0.1505875077303649,-0.0014485731897379006,0.0,0.0
741,0.25563835682374403,0.25878136200716845,0.10623556581986143,-0.22645290581162325,-0.15098878668186522,0.2547104643181178,0.25949820788530464,0.10648148148148148,-0.22745490981963923,-0.14809930281260764,0.27049825938928945,0.2637992831541219,0.1623931623931624,0.3066132264529058,0.0859488905972483,0.3342929458778937,0.3419354838709677,0.03953488372093023,-0.24849699398797598,-0.1423203350740927,-0.0009278925056262488,0.0007168458781361964,0.00024591566162004974
742,0.28570195003937915,0.2896057347670251,0.1412037037037037,-0.23636363636363633,-0.14809930281260764,0.28383926183408126,0.2860215053763441,0.1412037037037037,-0.23737373737373735,-0.14809930281260764,0.29831888017462077,0.2939068100358423,0.21944444444444444,0.35882352941176476,0.05994353577393108,0.3654183379365783,0.374910394265233,0.0911214953271028,-0.23939393939393938,-0.13654136733557776,-0.001862688205297891,-0.0035842293906810374,0.0
743,0.26403190550868455,0.26738351254480286,0.0982367758186398,-0.22628458498023718,-0.13167698841323128,0.26304079823661347,0.26738351254480286,0.09898477157360407,-0.22332015810276684,-0.1225855106310515,0.2886296083992421,0.2838709677419355,0.1550632911392405,0.5930265386787126,0.11379291170562511,0.35278865593704245,0.36630824372759857,0.05853658536585366,-0.24407114624505932,-0.1710733921360108,-0.000991107272071079,0.0,0.000747995754964273
744,0.2628150100556991,0.26738351254480286,0.12558139534883722,-0.2349397590361446,-0.1625338263269297,0.260040894353722,0.26523297491039427,0.12850467289719625,-0.23293172690763053,-0.15669292393430323,0.26801364438297137,0.2637992831541219,0.18873239436619718,0.24156626506024093,0.056500013396565185,0.3437569758166173,0.34551971326164876,0.07092198581560284,-0.2419678714859438,-0.14209066795273695,-0.002774115701977109,-0.002150537634408589,0.0029232775483590268
745,0.27126878446502706,0.27956989247311825,0.14948453608247422,-0.2186897880539499,-0.11478808729642598,0.27012648866141065,0.27813620071684586,0.14910025706940874,-0.22157996146435455,-0.11783688910333068,0.2803087801592494,0.2752688172043011,0.22356495468277945,0.48711464354527934,0.05899361569713368,0.3461785771009982,0.35197132616487453,0.09390862944162437,-0.2263969171483622,-0.1330808981378534,-0.001142295803616411,-0.0014336917562723928,-0.0003842790130654805
746,0.2494552969471134,0.2530465949820789,0.0825,-0.21974830590513073,-0.12511022927689597,0.24818245874913591,0.25448028673835127,0.08270676691729323,-0.21878025169409487,-0.12210648148148151,0.2602800516156601,0.2537634408602151,0.1510574018126888,0.3910566684041999,0.08214836860670194,0.3333249160335984,0.33763440860215055,0.046228710462287104,-0.24588576960309783,-0.158151455026455,-0.0012728381979774939,0.0014336917562723928,0.0002067669172932246
747,0.27498088231911205,0.27670250896057347,0.14832535885167464,-0.23449612403100772,-0.1477922253826358,0.27456703900705043,0.27741935483870966,0.1497584541062802,-0.23062015503875966,-0.13598130841121503,0.2883124875329634,0.27741935483870966,0.20930232558139536,0.36114911080711354,0.0707097385886496,0.35969676808845036,0.37132616487455194,0.0963855421686747,-0.2393410852713178,-0.1389340376540702,-0.0004138433120616236,0.0007168458781361964,0.0014330952546055542
748,0.2462728914387129,0.25161290322580643,0.08775981524249422,-0.23152709359605916,-0.12624061970467204,0.24649539782139115,0.25448028673835127,0.08816705336426914,-0.22758620689655173,-0.12053556824798661,0.2710789597949677,0.2645161290322581,0.15384615384615385,0.2876847290640394,0.07058365555097579,0.32935356030783747,0.33691756272401435,0.05803571428571429,-0.2541871921182266,-0.16902850562981286,0.0002225063826782614,0.002867383512544841,0.0004072381217749138
749,0.2805925807648212,0.2867383512544803,0.11267605633802817,-0.23423423423423428,-0.13824243200489694,0.27946330314371987,0.28745519713261647,0.11374407582938388,-0.23223223223223222,-0.12663864413997072,0.28639470493291297,0.27885304659498206,0.17297297297297298,0.3365089227158192,0.024210598104071446,0.35777797470994865,0.36845878136200716,0.06451612903225806,-0.2592592592592593,-0.1614500077347496,-0.0011292776211013211,0.0007168458781361964,0.0010680194913557095
750,0.25218460166907497,0.2530465949820789,0.09808612440191387,-0.22922922922922928,-0.14267142114256004,0.25209936638271035,0.25591397849462366,0.09832134292565947,-0.2282282282282282,-0.13972688777680975,0.2793081183602159,0.2731182795698925,0.1585014409221902,0.2625437937937938,0.06639044782570513,0.3393126553450612,0.34838709677419355,0.045454545454545456,-0.23723723723723722,-0.14267142114256004,-8.523528636461553e-05,0.0028673835125447855,0.00023521852374559782
751,0.2604138074650536,0.26810035842293906,0.11063829787234042,-0.24661810613943813,-0.18168089548998445,0.25993507498606444,0.26666666666666666,0.11016949152542373,-0.24973985431841828,-0.18724897354524384,0.28219000532826655,0.2745519713261649,0.16010498687664043,0.4101324192528208,0.06609857796905627,0.3401094596883901,0.3541218637992832,0.05387931034482758,-0.25806451612903225,-0.16497666132420652,-0.0004787324789891634,-0.0014336917562723928,-0.000468806346916692
752,0.2673908378768862,0.2709677419354839,0.11764705882352941,-0.231006160164271,-0.14452293077180034,0.2671347061045033,0.26738351254480286,0.11791383219954649,-0.22997946611909648,-0.14168112824774526,0.2876577234569856,0.27670250896057347,0.18351063829787234,0.31892622827665645,0.043036035815836926,0.35239877833274025,0.3634408602150538,0.07366071428571429,-0.242299794661191,-0.16157374591613094,-0.00025613177238292817,-0.0035842293906810374,0.0002667733760170765
753,0.278029880236303,0.2817204301075269,0.11750599520383694,-0.22823984526112184,-0.16823146295162583,0.2761612882905127,0.2810035842293907,0.1180722891566265,-0.2272727272727273,-0.16225008274128305,0.2966477381718391,0.2917562724014337,0.16285714285714287,0.320859991072757,0.03214477409486183,0.3647693984584648,0.3842293906810036,0.058394160583941604,-0.23694390715667313,-0.15028732232059716,-0.00186859194579031,-0.0007168458781361964,0.000566293952789565
754,0.282544906618353,0.28817204301075267,0.1360381861575179,-0.23406374501992033,-0.17421284316196883,0.28236010273874995,0.2896057347670251,0.13734939759036144,-0.23207171314741037,-0.16225008274128305,0.29290271871570944,0.2824372759856631,0.1867816091954023,0.29802004104792945,0.03812615430520472,0.36503855751598296,0.3720430107526882,0.0703883495145631,-0.2410358565737052,-0.15327801242576866,-0.0001848038796030682,0.0014336917562724483,0.0013112114328435454
755,0.2495671642593235,0.25734767025089605,0.10287081339712918,-0.23158914728682167,-0.1477922253826358,0.24872413318560913,0.25734767025089605,0.10336538461538461,-0.22965116279069764,-0.14188676689692536,0.27314627004460307,0.2645161290322581,0.13994169096209913,0.311766334440753,0.07366246783150476,0.33695458132577627,0.34551971326164876,0.06060606060606061,-0.2548449612403101,-0.180272247054043,-0.000843031073714362,0.0,0.0004945712182554268
756,0.2785451230712932,0.2860215053763441,0.11899313501144165,-0.22952477249747216,-0.15250527426160332,0.2772764045834479,0.2853046594982079,0.11926605504587157,-0.23154701718907988,-0.14963080168776366,0.28557862506076653,0.27598566308243727,0.175,0.3320588978766431,0.06882911392405067,0.36165884495203665,0.36989247311827955,0.06436781609195402,-0.24165824064711827,-0.146756329113924,-0.0012687184878453217,-0.0007168458781361964,0.0002729200344299132
757,0.2804673834417558,0.2867383512544803,0.12,-0.22448979591836737,-0.1487096239275958,0.2793063596309994,0.2860215053763441,0.12090680100755667,-0.2225461613216715,-0.13957706036882844,0.2934042491752957,0.2910394265232975,0.17956656346749225,0.4825956356568602,0.08569284074743189,0.3623853166238424,0.37132616487455194,0.05289672544080604,-0.24295432458697763,-0.13957706036882844,-0.0011610238107563897,-0.0007168458781361964,0.0009068010075566763
758,0.27093372395081405,0.2745519713261649,0.13513513513513514,-0.22376237623762374,-0.11279319247357822,0.270152978987493,0.2709677419354839,0.13447432762836187,-0.2267326732673267,-0.11869043372112875,0.2792756033400827,0.2709677419354839,0.20821114369501467,0.2714394516374715,0.08181576869559049,0.35051103317001664,0.35268817204301073,0.07281553398058252,-0.2386138613861386,-0.1275362955924546,-0.0007807449633210339,-0.003584229390680982,-0.0006608075067732755
759,0.275385758981453,0.2802867383512545,0.09828009828009827,-0.23116089613034618,-0.13573659552316508,0.2740836338877048,0.2802867383512545,0.09828009828009827,-0.2342158859470469,-0.13573659552316508,0.26919862281833035,0.26666666666666666,0.16231884057971013,0.36216904276985745,0.04941916216882647,0.35974498277999184,0.36630824372759857,0.0645933014354067,-0.2505091649694501,-0.16858681059755065,-0.0013021250937482187,0.0,0.0
760,0.2671698068102523,0.27025089605734764,0.1103448275862069,-0.23228346456692917,-0.16689318835944988,0.266464629633624,0.2709677419354839,0.11085450346420324,-0.2332677165354331,-0.16108357317983157,0.2818605720758855,0.27885304659498206,0.18333333333333332,0.3548228346456693,0.0509673808762392,0.3435024999716747,0.34982078853046594,0.05827505827505827,-0.24901574803149606,-0.14946434282059484,-0.0007051771766283244,0.0007168458781362519,0.0005096758779963434
761,0.26824455725173446,0.2810035842293907,0.1407766990291262,-0.22084130019120463,-0.13517762670886335,0.26762258821452484,0.2802867383512545,0.14527845036319612,-0.2217973231357553,-0.13813863779907232,0.2854404591352358,0.27670250896057347,0.20408163265306123,0.2503717867006585,0.06913213851555544,0.3504385480448613,0.35913978494623655,0.08695652173913043,-0.23518164435946465,-0.14109964888928128,-0.0006219690372096243,-0.0007168458781361964,0.004501751334069909
762,0.2604657754153122,0.26523297491039427,0.10526315789473684,-0.23204994797086365,-0.1620510936200661,0.2593557668275121,0.2637992831541219,0.10526315789473684,-0.23204994797086365,-0.1620510936200661,0.27789904435516294,0.2709677419354839,0.15748031496062992,0.3795458790255877,0.04874393239087982,0.3449386596847541,0.3548387096774194,0.05054945054945055,-0.2476586888657648,-0.15924049327325351,-0.001110008587800082,-0.0014336917562723928,0.0
763,0.2736796890834179,0.27885304659498206,0.11031175059952038,-0.2409177820267686,-0.15515691402419096,0.2726340608985733,0.27956989247311825,0.11057692307692307,-0.2390057361376673,-0.1521875340525226,0.28616838698255403,0.2810035842293907,0.18895348837209303,0.29923518164435947,0.061607823907595116,0.3605709028595334,0.36630824372759857,0.06779661016949153,-0.23996175908221795,-0.14327939413751767,-0.0010456281848446047,0.0007168458781361964,0.0002651724774026948
764,0.2807655308588568,0.2853046594982079,0.13801452784503632,-0.2309197651663405,-0.12289870689655169,0.27947511483567355,0.28745519713261647,0.1386861313868613,-0.22896281800391394,-0.11702586206896548,0.3025349014230364,0.2996415770609319,0.2122905027932961,0.263281872870914,0.03860452586206897,0.3669521502371657,0.3727598566308244,0.0819277108433735,-0.24266144814090018,-0.1287715517241379,-0.0012904160231832495,0.002150537634408589,0.0006716035418249944
765,0.25591321694552804,0.26093189964157704,0.12080536912751678,-0.2224469160768453,-0.16368786540751668,0.254933299150404,0.26093189964157704,0.12080536912751678,-0.22548028311425683,-0.16368786540751668,0.27508195963559356,0.26953405017921145,0.17344173441734417,0.4113081736944224,0.05852891160629836,0.33588723271235965,0.34121863799283153,0.05429864253393665,-0.2446916076845298,-0.14944320021432345,-0.000979917795124019,0.0,0.0
766,0.2710471386067148,0.2810035842293907,0.11392405063291139,-0.2198443579766537,-0.12561600322511146,0.2695275014143895,0.27885304659498206,0.11392405063291139,-0.2198443579766537,-0.12561600322511146,0.27248793627387896,0.27025089605734764,0.18529411764705883,0.46341157273754235,0.041061089448186205,0.35048058275856997,0.35555555555555557,0.07196029776674938,-0.2344357976653697,-0.14985994397759106,-0.001519637192325285,-0.0021505376344086446,0.0
767,0.2694111925852202,0.2716845878136201,0.12826603325415678,-0.22583732057416273,-0.17490591170319902,0.26773000667113683,0.2716845878136201,0.12826603325415678,-0.22679425837320577,-0.17490591170319902,0.2826738034536722,0.27741935483870966,0.20298507462686566,0.3881180223285486,0.08155459002125431,0.35021368280957754,0.35770609318996416,0.06403940886699508,-0.2334928229665072,-0.13017442884428287,-0.001681185914083394,0.0,0.0
768,0.27370286772885505,0.2745519713261649,0.14210526315789473,-0.23205506391347097,-0.1436308789249966,0.2721357583596726,0.27025089605734764,0.14210526315789473,-0.23303834808259583,-0.1436308789249966,0.28277113514184565,0.27670250896057347,0.19745222929936307,0.26182175739697866,0.06403761357321724,0.35911616505344623,0.36415770609319,0.064343163538874,-0.23107177974434612,-0.1216054327509436,-0.0015671093691824733,-0.004301075268817234,0.0
769,0.2684006551285241,0.27598566308243727,0.11943793911007025,-0.22199999999999998,-0.14365472764097642,0.2670598169127978,0.27025089605734764,0.11943793911007025,-0.22299999999999998,-0.14365472764097642,0.27752488219239296,0.26810035842293906,0.1685082872928177,0.4135714285714286,0.04515776569662089,0.3509308158051308,0.3655913978494624,0.0730593607305936,-0.257,-0.17560761112887746,-0.0013408382157263365,-0.0057347670250896265,0.0
770,0.27999738253256395,0.28888888888888886,0.13404825737265416,-0.22778827977315685,-0.1492456263942703,0.27905846291439584,0.2867383512544803,0.13440860215053763,-0.22873345935727785,-0.14604614300810137,0.27967315150712907,0.26666666666666666,0.18181818181818182,0.27462192816635156,0.058720793706704244,0.36223073422131574,0.36630824372759857,0.07277628032345014,-0.2457466918714556,-0.14284665962193255,-0.0009389196181681103,-0.002150537634408589,0.00036034477788346453
771,0.2537349081647184,0.25949820788530464,0.0891089108910891,-0.23523898781630737,-0.17984981933152666,0.25235184034485003,0.25878136200716845,0.0891089108910891,-0.23711340206185572,-0.17984981933152666,0.263074896356184,0.25878136200716845,0.14241486068111456,0.45849929709465786,0.06938798554652204,0.338635364881006,0.34480286738351257,0.04271356783919598,-0.24461105904404878,-0.16138775971093045,-0.0013830678198683555,-0.0007168458781361964,0.0
772,0.25720385439793797,0.2623655913978495,0.11298076923076923,-0.23152709359605916,-0.13933077808755578,0.25653257080880054,0.26093189964157704,0.11298076923076923,-0.23251231527093597,-0.13933077808755578,0.26926226036552275,0.25734767025089605,0.17663817663817663,0.3764367816091954,0.0523295624578376,0.3426437844731567,0.35125448028673834,0.07728337236533958,-0.24827586206896557,-0.17176560494908388,-0.000671283589137428,-0.0014336917562724483,0.0
773,0.2724695138428368,0.2731182795698925,0.13170731707317074,-0.23804971319311663,-0.16042272692724924,0.2714462967238955,0.27670250896057347,0.1323529411764706,-0.23804971319311663,-0.15439758994520714,0.27983232826892884,0.2709677419354839,0.18862275449101795,0.31830101065282707,0.0685324783903487,0.354087708094304,0.35770609318996416,0.06483790523690773,-0.23231357552581267,-0.13330961050806,-0.001023217118941322,0.003584229390680982,0.0006456241032998522
774,0.2811711970884751,0.2896057347670251,0.12559241706161137,-0.22277722277722278,-0.15444955460556087,0.2797590607850529,0.28817204301075267,0.12826603325415678,-0.22177822177822182,-0.15150502123981058,0.2876908474657983,0.27956989247311825,0.17231638418079095,0.4023476523476524,0.04577871426545366,0.35837111816549094,0.36774193548387096,0.07311320754716981,-0.24575424575424576,-0.16033862133706134,-0.0014121363034221845,-0.0014336917562724483,0.002673616192545414
775,0.2650800381152306,0.2709677419354839,0.13800904977375567,-0.24402390438247012,-0.1795412882087014,0.2641797837270389,0.26881720430107525,0.13769751693002258,-0.2450199203187251,-0.18243457343121394,0.26631244252775776,0.25949820788530464,0.17379679144385027,0.2502961128459136,0.01720210692215174,0.3457245420594128,0.35268817204301073,0.06728538283062645,-0.24203187250996017,-0.14771515076106345,-0.0009002543881917457,-0.0021505376344086446,-0.00031153284373308665
776,0.2737815245308391,0.2824372759856631,0.11891891891891893,-0.21598477640342528,-0.1340732072987897,0.2725590518789654,0.2810035842293907,0.12129380053908356,-0.21788772597526163,-0.13726185687643988,0.2796274953160431,0.26810035842293906,0.14779874213836477,0.3968901797786569,0.0317365707390207,0.3617893397978809,0.37060931899641575,0.060526315789473685,-0.24357754519505237,-0.16595970307529162,-0.0012224726518736961,-0.0014336917562723928,0.0023748816201646372
777,0.2565772289959728,0.2637992831541219,0.11165048543689321,-0.22786069651741292,-0.13517762670886335,0.25547783300884325,0.2623655913978495,0.11165048543689321,-0.22985074626865676,-0.13517762670886335,0.2614036164447441,0.24946236559139784,0.1810344827586207,0.43770337501680784,0.05432708306451062,0.33568240404177785,0.34050179211469533,0.07380952380952381,-0.24378109452736318,-0.15886571543053507,-0.0010993959871295478,-0.0014336917562723928,0.0
778,0.27753993348069944,0.2860215053763441,0.09112709832134293,-0.22256097560975607,-0.1474072378627197,0.276129332889078,0.2853046594982079,0.09134615384615384,-0.22357723577235777,-0.1444503785085154,0.29280047286940075,0.2860215053763441,0.16332378223495703,0.43963414634146347,0.05365919822317167,0.36862805191779396,0.37706093189964157,0.0477326968973747,-0.24186991869918695,-0.15332095657112832,-0.0014106005916214581,-0.0007168458781361964,0.00021905552481091273
779,0.2863075681662125,0.2910394265232975,0.12351543942992874,-0.228486646884273,-0.14894377536448145,0.28557274188723486,0.2924731182795699,0.12440191387559808,-0.2274975272007913,-0.14012237334830546,0.30116039301856645,0.2989247311827957,0.18497109826589594,0.33096651123357357,0.07159127503991725,0.3694028152905763,0.382078853046595,0.07582938388625593,-0.24530168150346188,-0.15188424270320677,-0.0007348262789776405,0.0014336917562723928,0.0008864744456693469
780,0.2737018414587254,0.27885304659498206,0.10501193317422435,-0.22786069651741292,-0.1559047043403261,0.2728388271381525,0.27885304659498206,0.10817307692307693,-0.22686567164179106,-0.1470216710696992,0.2900651299091855,0.27885304659498206,0.17094017094017094,0.41762615493958777,0.045444049793883834,0.3573867287088007,0.36989247311827955,0.05301204819277108,-0.24179104477611946,-0.14406065997949025,-0.0008630143205728968,0.0,0.0031611437488525823
781,0.2776890438750178,0.2853046594982079,0.1198044009779951,-0.22532402791625128,-0.13912072541606602,0.2767244727762034,0.28745519713261647,0.12039312039312039,-0.22333000997008978,-0.13315652770154396,0.2915566918711046,0.28745519713261647,0.19822485207100593,0.6075772681954137,0.07260829344947095,0.36047328003848966,0.3734767025089606,0.08393285371702638,-0.24925224327018947,-0.1629775162741548,-0.0009645710988144263,0.002150537634408589,0.0005887194151252828
782,0.24924967900011838,0.25663082437275986,0.09828009828009827,-0.21739130434782605,-0.1280198467165108,0.24774180779896923,0.25519713261648747,0.09876543209876543,-0.21640316205533594,-0.12207265194076666,0.2550789176399307,0.24874551971326164,0.1565217391304348,0.19446640316205532,0.05634319133155441,0.3291403920015305,0.33978494623655914,0.043795620437956206,-0.24011857707509876,-0.13991423626799893,-0.0015078712011491469,-0.0014336917562723928,0.0004853338186671524
783,0.2663984792635307,0.27741935483870966,0.13064133016627077,-0.23702252693437809,-0.14130515088624263,0.2637856893858208,0.2745519713261649,0.13711583924349882,-0.2389813907933399,-0.1471619416067219,0.26811760481586394,0.2645161290322581,0.19101123595505617,0.3319326403589144,0.04904054752933429,0.3422378691041956,0.34695340501792116,0.07380952380952381,-0.24191968658178253,-0.13837675552600293,-0.002612789877709909,-0.0028673835125447855,0.006474509077228047
784,0.26472664756301956,0.26953405017921145,0.12293144208037825,-0.23735408560311289,-0.15739408797131105,0.2637737775512204,0.26738351254480286,0.11904761904761904,-0.2354085603112841,-0.1485604878740604,0.2896536475947267,0.2838709677419355,0.19186046511627908,0.42526403557531955,0.0752240479229559,0.3501733529803443,0.35985663082437275,0.06413301662707839,-0.23054474708171202,-0.15150502123981058,-0.0009528700117991673,-0.002150537634408589,-0.0038838230327592066
785,0.2616557016093175,0.2630824372759857,0.10396039603960396,-0.2321772639691715,-0.17711388623179591,0.2602439250894326,0.26021505376344084,0.09950248756218906,-0.23314065510597304,-0.17096939557448698,0.2805549014719411,0.2731182795698925,0.14461538461538462,0.30346820809248554,0.06559349473190967,0.3508914499244621,0.36415770609319,0.0475,-0.2504816955684007,-0.16482490491717794,-0.0014117765198848886,-0.002867383512544841,-0.004457908477414896
786,0.29809915019822464,0.30752688172043013,0.1318407960199005,-0.2246520874751491,-0.13893660637828587,0.2967848873525944,0.3068100358422939,0.1318407960199005,-0.22564612326043743,-0.13893660637828587,0.2939366287887143,0.2810035842293907,0.17478510028653296,0.3378617185774244,0.02096513307557235,0.3750021672627732,0.3827956989247312,0.06297229219143577,-0.23658051689860837,-0.12385153661848791,-0.001314262845630243,-0.0007168458781362519,0.0
787,0.28632419089289257,0.2903225806451613,0.13734939759036144,-0.2274052478134111,-0.1414935191543112,0.2862754641661034,0.2924731182795699,0.13734939759036144,-0.22448979591836737,-0.1414935191543112,0.297047364006555,0.2860215053763441,0.21470588235294116,0.5517492711370262,0.08027093241101024,0.35830395989782937,0.36057347670250894,0.07823960880195599,-0.23323615160349853,-0.12375236302908532,-4.872672678918333e-05,0.002150537634408589,0.0
788,0.2896630420119699,0.2924731182795699,0.11764705882352941,-0.22448979591836737,-0.13984869015356816,0.28827011573201555,0.2917562724014337,0.11764705882352941,-0.2254616132167152,-0.13984869015356816,0.28678304952744965,0.27956989247311825,0.18289085545722714,0.3734636711827588,0.020155826558265644,0.3773417274723079,0.382078853046595,0.0707070707070707,-0.24586977648202135,-0.1552337398373983,-0.001392926279954354,-0.0007168458781361964,0.0
789,0.26427658064126824,0.2724014336917563,0.1103448275862069,-0.2430830039525692,-0.14179232069230818,0.2637810515695479,0.2709677419354839,0.11161731207289294,-0.24703557312252966,-0.15326064798679562,0.287343464076405,0.27741935483870966,0.18032786885245902,0.5373900293255132,0.05603632513760026,0.3471830175125152,0.35555555555555557,0.06605922551252848,-0.24407114624505932,-0.15326064798679562,-0.0004955290717203464,-0.0014336917562723928,0.001272484486686043
790,0.2604070156988132,0.26594982078853047,0.12441314553990611,-0.22924901185770752,-0.17141405932547749,0.2592086592517046,0.2645161290322581,0.12441314553990611,-0.2282608695652174,-0.17141405932547749,0.2686728021718258,0.25806451612903225,0.17796610169491525,0.21273605621431713,0.041182446160097474,0.3396251280477122,0.34838709677419355,0.07582938388625593,-0.24110671936758898,-0.1596031423540567,-0.001198356447108584,-0.0014336917562723928,0.0
791,0.27211204757247404,0.27670250896057347,0.08545034642032333,-0.2426326129666012,-0.16873113424474262,0.27055892315264063,0.27741935483870966,0.09216589861751152,-0.24361493123772104,-0.17164764413227973,0.28204304497166977,0.2724014336917563,0.13279132791327913,0.3333567218635981,0.017925498557632036,0.3578791657531931,0.36917562724014336,0.04827586206896552,-0.2396856581532416,-0.17456415401981684,-0.001553124419833407,0.0007168458781361964,0.006715552197188196
792,0.26115822934358374,0.26523297491039427,0.12652068126520682,-0.23563777994157742,-0.1714239610787326,0.2599783720733738,0.26666666666666666,0.12682926829268293,-0.2336903602726388,-0.1683979852275468,0.2743280339870559,0.26523297491039427,0.16167664670658682,0.2881943619825682,0.061576179462576985,0.3430688123073434,0.34767025089605735,0.05486284289276808,-0.24342745861733206,-0.14116420256687423,-0.0011798572702099164,0.0014336917562723928,0.0003085870274761038
793,0.2833228310697243,0.2910394265232975,0.13647058823529412,-0.22745098039215683,-0.12787291572780535,0.28243766410441773,0.28888888888888886,0.13947990543735225,-0.22549019607843135,-0.1220939479892903,0.2968426095228947,0.28888888888888886,0.21236559139784947,0.09673202614379084,0.02526972934284122,0.3636830072173172,0.37132616487455194,0.08604651162790698,-0.24117647058823533,-0.1423203350740927,-0.0008851669653065497,-0.0021505376344086446,0.0030093172020581316
794,0.26949033965066466,0.2731182795698925,0.1024390243902439,-0.22298624754420437,-0.15778107799965158,0.2687048988501035,0.2724014336917563,0.1024390243902439,-0.22298624754420437,-0.15778107799965158,0.27723173222402375,0.26953405017921145,0.14327485380116958,0.2143824944109478,0.04677288321526707,0.3559347748030453,0.36415770609319,0.060240963855421686,-0.2455795677799607,-0.17282181044192502,-0.0007854408005611435,-0.0007168458781361964,0.0
795,0.2872577836720051,0.2946236559139785,0.11848341232227488,-0.22022022022022025,-0.1341360766892682,0.28659191447628624,0.2960573476702509,0.12264150943396226,-0.22522522522522526,-0.13996125455092012,0.2938687367046621,0.2838709677419355,0.19047619047619047,0.4291291291291292,0.055182203814422626,0.36523195388912755,0.3720430107526882,0.08139534883720931,-0.2432432432432432,-0.15743678813587625,-0.0006658691957188712,0.0014336917562723928,0.004158097111687381
796,0.29288779263092884,0.3046594982078853,0.13176470588235295,-0.221256038647343,-0.15557349071435178,0.2914629201175881,0.3032258064516129,0.1358313817330211,-0.22318840579710142,-0.161438287640714,0.30938515423444657,0.3046594982078853,0.19428571428571428,0.3336868151290208,0.06435639402422932,0.37351377855572415,0.382078853046595,0.05995203836930456,-0.23381642512077294,-0.13211430300890303,-0.0014248725133407247,-0.0014336917562723928,0.004066675850668139
797,0.27408901612639824,0.2810035842293907,0.12962962962962962,-0.23650637880274783,-0.15060843598357598,0.273221746707352,0.27885304659498206,0.12873563218390804,-0.23945044160942097,-0.15928829165111358,0.2863610409227656,0.2738351254480287,0.17066666666666666,0.29369015728191383,0.014308821699639207,0.36000311320837014,0.37132616487455194,0.06697459584295612,-0.2404317958783121,-0.15350172120608852,-0.000867269419046246,-0.0021505376344086446,-0.0008939974457215782
798,0.2624347496323132,0.2716845878136201,0.09718670076726342,-0.23430178069353325,-0.15063346873845973,0.26138904394181667,0.27025089605734764,0.09718670076726342,-0.23430178069353325,-0.15063346873845973,0.2768359205156711,0.2731182795698925,0.16049382716049382,0.24756326148078722,0.05682044143965004,0.3553701835930356,0.36129032258064514,0.06313131313131314,-0.25585754451733833,-0.1661151038263784,-0.0010457056904965567,-0.0014336917562724483,0.0
799,0.24750578904355147,0.25949820788530464,0.10513447432762836,-0.23195380173243507,-0.14170936190032601,0.24690175046678645,0.25591397849462366,0.10513447432762836,-0.22810394610202123,-0.14170936190032601,0.2734461897322099,0.26594982078853047,0.1623931623931624,0.4158669049910628,0.03150086303734345,0.341420990679883,0.34910394265232975,0.06280193236714976,-0.24254090471607315,-0.15664127784322857,-0.0006040385767650258,-0.003584229390680982,0.0
800,0.2520242777578362,0.25519713261648747,0.08888888888888889,-0.23131313131313136,-0.1747335570864983,0.25157114491813265,0.25734767025089605,0.08908685968819599,-0.2343434343434343,-0.17188103135815547,0.27780512991130923,0.2709677419354839,0.14929577464788732,0.35045368943674027,0.09625638710606033,0.33867086490257964,0.34910394265232975,0.051224944320712694,-0.2585858585858586,-0.17188103135815547,-0.00045313283970355167,0.002150537634408589,0.00019797079930709838
801,0.26249933857587393,0.26810035842293906,0.11441647597254005,-0.22899999999999998,-0.14752648433955196,0.26186870316989114,0.26810035842293906,0.11441647597254005,-0.23199999999999998,-0.14752648433955196,0.2689977893981336,0.26021505376344084,0.15489130434782608,0.38975000000000004,0.05030216149035649,0.34431777453497736,0.3548387096774194,0.0779510022271715,-0.255,-0.18193146622301426,-0.0006306354059827934,0.0,0.0
802,0.2848617264309296,0.2939068100358423,0.13043478260869565,-0.23995880535530378,-0.15001242792216662,0.2836083978106349,0.2917562724014337,0.13013698630136986,-0.24201853759011327,-0.15288319563854014,0.29924365847718903,0.2910394265232975,0.18055555555555555,0.42551779379791743,0.07103668623858639,0.36600289945583525,0.3741935483870968,0.06192660550458716,-0.2523171987641607,-0.14714166020579322,-0.0012533286202947025,-0.002150537634408589,-0.00029779630732579276
803,0.2764723539040674,0.2831541218637993,0.12530120481927712,-0.2382352941176471,-0.16225008274128305,0.2753650698438291,0.2824372759856631,0.12530120481927712,-0.24117647058823533,-0.16225008274128305,0.2853672210187417,0.2731182795698925,0.18457300275482094,0.2473389355742297,-0.006734197272367237,0.3658044376051292,0.37706093189964157,0.07352941176470588,-0.24019607843137258,-0.14131525200508277,-0.0011072840602383005,-0.0007168458781361964,0.0
804,0.26971860429848127,0.27598566308243727,0.10602409638554217,-0.22277722277722278,-0.1389340376540702,0.2678657616100522,0.2745519713261649,0.10628019323671498,-0.22177822177822182,-0.13598130841121503,0.2822608056289744,0.2752688172043011,0.1875,0.33960157489569254,0.09433157253149127,0.35364079765225515,0.35913978494623655,0.05569007263922518,-0.23776223776223782,-0.13302857916835975,-0.0018528426884290572,-0.0014336917562723928,0.0002560968511728101
805,0.26794488415941964,0.26594982078853047,0.11363636363636363,-0.2275390625,-0.14183265955714608,0.26605077327893495,0.26594982078853047,0.11363636363636363,-0.2275390625,-0.14183265955714608,0.2696248328496029,0.26594982078853047,0.17159763313609466,0.467109375,0.035266887154014936,0.3566931861758189,0.36200716845878134,0.08168316831683169,-0.2451171875,-0.1662601832414442,-0.0018941108804846896,0.0,0.0
806,0.27219711725763895,0.2817204301075269,0.11650485436893204,-0.2302504816955684,-0.14547348290817197,0.2711536550599822,0.2802867383512545,0.11650485436893204,-0.2341040462427746,-0.14547348290817197,0.2809977156954172,0.2731182795698925,0.19020172910662825,0.16253784750894573,0.04808592015845381,0.35671200474406567,0.3634408602150538,0.06829268292682927,-0.24951830443159928,-0.13951780896766042,-0.0010434621976567748,-0.0014336917562723928,0.0
807,0.25436261117535647,0.2645161290322581,0.10073710073710074,-0.22309197651663404,-0.1435244343930313,0.25409187882227185,0.26594982078853047,0.1100244498777506,-0.226027397260274,-0.14952317892184264,0.27034721947608653,0.25949820788530464,0.14492753623188406,0.3238136007827789,0.042436646000120426,0.3353353774887395,0.34551971326164876,0.050970873786407765,-0.24363992172211346,-0.15852129571505968,-0.00027073235308461285,0.0014336917562723928,0.009287349140649867
808,0.27345827777037734,0.2745519713261649,0.12679425837320574,-0.2267441860465116,-0.16595961513141588,0.2728021419439697,0.2731182795698925,0.13012048192771083,-0.22383720930232553,-0.15701331855963263,0.27774180859772085,0.27025089605734764,0.17478510028653296,0.43366129994036967,0.039805206019599026,0.3543821864390832,0.3648745519713262,0.0831353919239905,-0.24031007751937983,-0.17490591170319902,-0.0006561358264076667,-0.0014336917562723928,0.0033262235545050978
809,0.26293224013895095,0.27025089605734764,0.10978520286396182,-0.21664994984954866,-0.12041626692250285,0.2618211745500289,0.26738351254480286,0.10978520286396182,-0.21664994984954866,-0.12041626692250285,0.2950980264971953,0.28888888888888886,0.18384401114206128,0.32362713139418253,0.053872188466048465,0.34849166648891494,0.35985663082437275,0.0498812351543943,-0.23771313941825478,-0.12622588210212127,-0.0011110655889220444,-0.0028673835125447855,0.0
810,0.26448385086176157,0.26953405017921145,0.12903225806451613,-0.2326530612244898,-0.14637048528307484,0.2637184176462796,0.26953405017921145,0.12993039443155452,-0.22959183673469385,-0.13773589576439715,0.28133812502428646,0.2752688172043011,0.1994459833795014,0.3445839874411303,0.06373785967141699,0.34651433835490997,0.35268817204301073,0.07159353348729793,-0.24897959183673468,-0.14349228877684894,-0.0007654332154819476,0.0,0.0008981363670383935
811,0.2664587152549843,0.2745519713261649,0.11056511056511056,-0.2168316831683168,-0.13573659552316508,0.26520185265662205,0.2724014336917563,0.11056511056511056,-0.2168316831683168,-0.13573659552316508,0.2796172508979282,0.2745519713261649,0.1831831831831832,0.48933739527798936,0.08525576043179273,0.34780114042250176,0.3541218637992832,0.06954436450839328,-0.24257425742574257,-0.16560042740897019,-0.0012568625983622739,-0.002150537634408589,0.0
812,0.26779279817669255,0.2745519713261649,0.10396039603960396,-0.22857142857142854,-0.13973219906892342,0.26712911602223793,0.2724014336917563,0.10421836228287841,-0.23152709359605916,-0.1367240525804687,0.28146342682632414,0.2738351254480287,0.1574074074074074,0.6059113300492611,0.10091952000745141,0.3562702498690318,0.36630824372759857,0.07177033492822966,-0.2541871921182266,-0.18184624990728904,-0.0006636821544546145,-0.002150537634408589,0.0002579662432744545
813,0.26006632434093524,0.2623655913978495,0.13842482100238662,-0.2374384236453202,-0.17421284316196883,0.25974404028009473,0.2630824372759857,0.13842482100238662,-0.2394088669950739,-0.17421284316196883,0.28491786940235736,0.2817204301075269,0.20058997050147492,0.2866995073891626,0.06504236525174778,0.3468327973606933,0.35197132616487453,0.08048780487804878,-0.2403940886699507,-0.14729663221542566,-0.0003222840608405053,0.0007168458781361964,0.0
814,0.29262408742746115,0.2996415770609319,0.13533834586466165,-0.22936660268714015,-0.1377379736013512,0.29134745294625025,0.2989247311827957,0.135678391959799,-0.23032629558541262,-0.13470748100729124,0.3054502097182338,0.2989247311827957,0.19642857142857142,0.39317102737650267,0.05318305982442606,0.3744173804994731,0.382078853046595,0.0773067331670823,-0.2312859884836852,-0.14379895878947113,-0.0012766344812109032,-0.0007168458781361964,0.00034004609513735296
815,0.27567413993418877,0.2853046594982079,0.11421911421911422,-0.2211934156378601,-0.12214007417951833,0.2737406798235367,0.2845878136200717,0.11448598130841121,-0.22325102880658432,-0.11927665939319898,0.28300999051852394,0.27670250896057347,0.17886178861788618,0.1554967666078777,0.04966481299964043,0.35567628894081066,0.3648745519713262,0.08314606741573034,-0.24485596707818935,-0.1679547107606274,-0.001933460110652041,-0.0007168458781361964,0.00026686708929699043
816,0.2791235298037553,0.2917562724014337,0.11904761904761904,-0.2440944881889764,-0.13837675552600293,0.27819535546105495,0.2903225806451613,0.11904761904761904,-0.24507874015748032,-0.13837675552600293,0.2842040787943324,0.2745519713261649,0.17134831460674158,0.35625984251968507,0.04904054752933429,0.35943679738586515,0.36917562724014336,0.0765661252900232,-0.25393700787401574,-0.17058910448863907,-0.0009281743427003719,-0.0014336917562723928,0.0
817,0.27842435987165903,0.2845878136200717,0.11576354679802955,-0.23076923076923073,-0.1199488573668005,0.27795413649210715,0.2831541218637993,0.11604938271604938,-0.23076923076923073,-0.11698367278235988,0.29011737686414685,0.2867383512544803,0.18208955223880596,0.560126582278481,0.09057924812848228,0.35701592873855614,0.3627240143369176,0.06904761904761905,-0.2512171372930867,-0.1614614415489689,-0.00047022337955188176,-0.0014336917562723928,0.000285835918019825
818,0.2749747404736351,0.2824372759856631,0.13189448441247004,-0.2194174757281553,-0.12707614037853032,0.2735050478658157,0.2824372759856631,0.13526570048309178,-0.21650485436893208,-0.11830290144023992,0.28378461361771357,0.27885304659498206,0.20612813370473537,0.3945835462442514,0.042539812428419754,0.3546767009255195,0.3648745519713262,0.08018867924528301,-0.24563106796116507,-0.1475470312345416,-0.0014696926078194283,0.0,0.003371216070621741
819,0.2545667057645136,0.2630824372759857,0.10462287104622871,-0.242603550295858,-0.1821956903097426,0.2548283884048663,0.2645161290322581,0.10462287104622871,-0.242603550295858,-0.1821956903097426,0.27039927864134417,0.26093189964157704,0.14153846153846153,0.3365384615384615,0.07960446504158702,0.3302827415502189,0.33906810035842294,0.03940886699507389,-0.25049309664694275,-0.16697475104513038,0.0002616826403527006,0.0014336917562723928,0.0
820,0.27042699386684593,0.2716845878136201,0.11643835616438356,-0.23330009970089727,-0.15788327130797863,0.26947039813220613,0.2724014336917563,0.11643835616438356,-0.23330009970089727,-0.15788327130797863,0.29725491003459004,0.2917562724014337,0.1856763925729443,0.40665503489531407,0.017686715571802236,0.3557978969018342,0.3648745519713262,0.06046511627906977,-0.23429710867397802,-0.13485769925817126,-0.000956595734639798,0.0007168458781361964,0.0
821,0.2869057858784483,0.2931899641577061,0.117096018735363,-0.23130608175473577,-0.15377247273799,0.2852910275992661,0.2917562724014337,0.117096018735363,-0.23429710867397802,-0.15377247273799,0.30208905586519463,0.2960573476702509,0.17464788732394365,0.42876249300877856,0.056500013396565185,0.37439961014797574,0.3835125448028674,0.06976744186046512,-0.2542372881355932,-0.1625338263269297,-0.0016147582791821713,-0.0014336917562723928,0.0
822,0.275366141259045,0.27813620071684586,0.1089588377723971,-0.22499999999999998,-0.12542003665467893,0.27479497663230357,0.27885304659498206,0.10948905109489052,-0.22403846153846152,-0.11953910197722828,0.28872103971739327,0.28888888888888886,0.18,0.35848662207357856,0.059829405685015935,0.3597691454485517,0.37132616487455194,0.06698564593301436,-0.23557692307692313,-0.14012237334830546,-0.0005711646267414494,0.0007168458781361964,0.0005302133224934225
823,0.2678740167167701,0.2745519713261649,0.1315136476426799,-0.212180746561886,-0.11867295017586998,0.2662218500580986,0.27598566308243727,0.1318407960199005,-0.21414538310412579,-0.11569511320561421,0.2758199414868827,0.26666666666666666,0.1794871794871795,0.5050519225371878,0.036174572277430594,0.35106213230104655,0.35770609318996416,0.08767772511848342,-0.2455795677799607,-0.17525185261072973,-0.0016521666586714612,0.0014336917562723928,0.0003271483772206152
824,0.25707955198238164,0.2645161290322581,0.09557109557109557,-0.24113475177304966,-0.16988146551724137,0.2557014073289966,0.26523297491039427,0.09579439252336448,-0.2401215805471124,-0.16694504310344827,0.26656942626180263,0.2616487455197133,0.14619883040935672,0.38445795339412364,0.08558728448275865,0.33445551095500237,0.34408602150537637,0.03981264637002342,-0.2563323201621074,-0.16400862068965516,-0.0013781446533850383,0.0007168458781361964,0.00022329695226891433
825,0.27481709314474595,0.27956989247311825,0.13285024154589373,-0.2313725490196078,-0.12080638336456506,0.2737919837540942,0.27670250896057347,0.13285024154589373,-0.2313725490196078,-0.12080638336456506,0.2814590843372517,0.2745519713261649,0.2237960339943343,0.35323757409940715,0.057825733610053276,0.3481389052312416,0.353405017921147,0.08851674641148326,-0.24117647058823533,-0.13251996480552364,-0.0010251093906517572,-0.0028673835125447855,0.0
826,0.2683776473670391,0.2752688172043011,0.14102564102564102,-0.2236084452975048,-0.13144193900165335,0.2675739257144935,0.2745519713261649,0.14066496163682865,-0.22456813819577737,-0.13450944524571717,0.2757400486520599,0.2637992831541219,0.20783132530120482,0.4641714651311581,0.04647342315404368,0.3465925698691896,0.35197132616487453,0.08505154639175258,-0.2312859884836852,-0.12530692651352593,-0.0008037216525456081,-0.0007168458781361964,-0.0003606793888123738
827,0.27648771093058033,0.2810035842293907,0.13253012048192772,-0.22873900293255134,-0.16225008274128305,0.2762160194672204,0.2831541218637993,0.13253012048192772,-0.22776148582600197,-0.16225008274128305,0.2942305138206022,0.2867383512544803,0.20527859237536658,0.48319892473118276,0.05906098504140489,0.36421345443833564,0.3741935483870968,0.10023866348448687,-0.2482893450635386,-0.17421284316196883,-0.00027169146335992433,0.002150537634408589,0.0
828,0.28035722036068084,0.2831541218637993,0.1261682242990654,-0.23015873015873012,-0.13903529509352575,0.2785937105375037,0.2831541218637993,0.1261682242990654,-0.23015873015873012,-0.13903529509352575,0.2890467758374789,0.2845878136200717,0.1907356948228883,0.3458379475821336,0.03745510347973946,0.35924101076567777,0.36630824372759857,0.06088992974238876,-0.23313492063492058,-0.13614200987101321,-0.001763509823177134,0.0,0.0
829,0.2605775262147907,0.2616487455197133,0.11166253101736973,-0.224609375,-0.15784218748636314,0.26015688697705125,0.2616487455197133,0.11386138613861387,-0.2255859375,-0.16088637533928551,0.26939551659121974,0.2616487455197133,0.17142857142857143,0.25379136029411764,0.003499768718526086,0.33975827955728466,0.34623655913978496,0.0625,-0.2451171875,-0.1487096239275958,-0.0004206392377394397,0.0,0.0021988551212441393
830,0.27642087720483777,0.2845878136200717,0.11822660098522167,-0.2271386430678466,-0.1616172690616282,0.2751225130915567,0.2853046594982079,0.11910669975186104,-0.22812192723697144,-0.15251216884809693,0.28636231167818815,0.2745519713261649,0.15501519756838905,0.34879771162957,0.07208030308567526,0.36288281699180497,0.37060931899641575,0.0681265206812652,-0.2566371681415929,-0.1767924360841805,-0.0012983641132810475,0.0007168458781361964,0.0008800987666393728
831,0.26109076459263764,0.26594982078853047,0.11750599520383694,-0.22972972972972971,-0.1474072378627197,0.25998311575109956,0.26881720430107525,0.11778846153846154,-0.22972972972972971,-0.1444503785085154,0.2794628580144897,0.2716845878136201,0.17045454545454544,0.35188760188760193,0.044788620160558845,0.34712249505316023,0.35770609318996416,0.057692307692307696,-0.24034749034749037,-0.1444503785085154,-0.001107648841538078,0.0028673835125447855,0.0002824663346246009
832,0.2677830254508638,0.2709677419354839,0.11735941320293398,-0.22492697176241483,-0.16005570404200298,0.2670549061563313,0.2731182795698925,0.11735941320293398,-0.22492697176241483,-0.16005570404200298,0.28373766135595613,0.2745519713261649,0.15644171779141106,0.35169771021138924,0.09035645397064296,0.3555139130548982,0.36200716845878134,0.058823529411764705,-0.2453748782862707,-0.15703869009004334,-0.000728119294532481,0.002150537634408589,0.0
833,0.2925521845256394,0.2967741935483871,0.1517412935323383,-0.23129921259842523,-0.1233711113740541,0.29228099504867733,0.2960573476702509,0.1525,-0.22834645669291342,-0.11738973116371121,0.29618202624598217,0.2903225806451613,0.2034383954154728,0.27422529845059695,0.03513546420003333,0.3679821348080815,0.3763440860215054,0.08823529411764706,-0.24803149606299213,-0.14131525200508277,-0.00027118947696208595,-0.0007168458781361964,0.000758706467661685
834,0.2761870652827159,0.2817204301075269,0.12910798122065728,-0.2232232232232232,-0.13824243200489694,0.27491148643846275,0.2824372759856631,0.13002364066193853,-0.22022022022022025,-0.12953959110620228,0.28846853641044107,0.2838709677419355,0.19166666666666668,0.3252075605016782,0.053220067766387325,0.363892492633138,0.3741935483870968,0.08564814814814815,-0.2532532532532532,-0.1556481138022865,-0.0012755788442531668,0.0007168458781361964,0.0009156594412812469
835,0.2829450385213506,0.2860215053763441,0.10757946210268948,-0.2222222222222222,-0.14170936190032601,0.2819268175796995,0.2860215053763441,0.1073170731707317,-0.22718253968253965,-0.14469574508890648,0.29090984218700766,0.2845878136200717,0.16091954022988506,0.42427248677248675,0.04046001260308507,0.36577158611044946,0.3756272401433692,0.0625,-0.24603174603174605,-0.1626140442203896,-0.0010182209416511045,0.0,-0.00026238893195777713
836,0.2637751555097837,0.26738351254480286,0.09592326139088729,-0.22574257425742572,-0.13972688777680975,0.26301128575334526,0.26810035842293906,0.09592326139088729,-0.22574257425742572,-0.13972688777680975,0.28433539686580817,0.27741935483870966,0.16569767441860464,0.42033511043412036,0.0752240479229559,0.3546471672408272,0.3655913978494624,0.06775700934579439,-0.2514851485148515,-0.17211675480006217,-0.00076386975643844,0.0007168458781361964,0.0
837,0.2715078356472096,0.27741935483870966,0.12195121951219512,-0.21890547263681592,-0.15514770723104054,0.27133539971265114,0.2745519713261649,0.12195121951219512,-0.22189054726368163,-0.15514770723104054,0.28718159745364386,0.27598566308243727,0.1746987951807229,0.5161777320295077,0.07914462081128748,0.3561573492613214,0.3648745519713262,0.07090464547677261,-0.2378109452736319,-0.15214395943562609,-0.00017243593455845696,-0.0028673835125447855,0.0
838,0.26918395297914127,0.27813620071684586,0.10864197530864197,-0.2296650717703349,-0.1453598844721441,0.26810730692364754,0.2802867383512545,0.10864197530864197,-0.2296650717703349,-0.1453598844721441,0.27495683171259616,0.2645161290322581,0.16766467065868262,0.4553472132419501,0.0685324783903487,0.35604460392469434,0.36774193548387096,0.0681265206812652,-0.23827751196172253,-0.1634352954182703,-0.0010766460554937352,0.0021505376344086446,0.0
839,0.26137352393331664,0.2716845878136201,0.12412177985948478,-0.2299196787148594,-0.1411433789711286,0.2606138711245698,0.2731182795698925,0.12470588235294118,-0.22590361445783136,-0.1353414850386654,0.268306706034205,0.2623655913978495,0.1726027397260274,0.4207355738744452,0.03871533293522944,0.33938201351080793,0.34695340501792116,0.0625,-0.2349397590361446,-0.1556481138022865,-0.0007596528087468468,0.0014336917562723928,0.0005841024934564037
840,0.2696127538254149,0.2724014336917563,0.09905660377358491,-0.226027397260274,-0.16033862133706134,0.26759836332925574,0.2724014336917563,0.0995260663507109,-0.22700587084148727,-0.15444955460556087,0.2832631374106327,0.27741935483870966,0.15426997245179064,0.1928482476427682,0.01927791397370182,0.3543999183312659,0.36845878136200716,0.05620608899297424,-0.235812133072407,-0.16917222143431188,-0.0020143904961591463,0.0,0.0004694625771259897
841,0.26409423160681644,0.2724014336917563,0.08542713567839195,-0.23716153127917838,-0.158680414259869,0.2635278176691179,0.2724014336917563,0.08564231738035265,-0.23622782446311863,-0.15560816893121443,0.2743342426927086,0.26953405017921145,0.13149847094801223,0.41807527608744655,0.05944900407460063,0.3504278274588985,0.36702508960573477,0.04218362282878412,-0.2427637721755369,-0.17404164090314145,-0.0005664139376985178,0.0,0.00021518170196069275
842,0.27391306282035527,0.2802867383512545,0.09068627450980392,-0.2291052114060964,-0.1596881496881497,0.2724302134956908,0.2817204301075269,0.09068627450980392,-0.22812192723697144,-0.1596881496881497,0.2720620322402186,0.2616487455197133,0.14749262536873156,0.34130132573831073,0.0487941787941788,0.35880199187115325,0.36989247311827955,0.05314009661835749,-0.2428711897738446,-0.17781704781704788,-0.0014828493246644703,0.0014336917562723928,0.0
843,0.2703130847174089,0.27598566308243727,0.10026385224274406,-0.21709894332372714,-0.14048438661441753,0.2695135985256525,0.2752688172043011,0.10263157894736842,-0.21902017291066278,-0.1436308789249966,0.28853970974465865,0.2810035842293907,0.14241486068111456,0.24801327394987338,0.03571918277800634,0.3685158573763195,0.38064516129032255,0.059431524547803614,-0.2459173871277618,-0.1656563250990496,-0.0007994861917564045,-0.0007168458781361964,0.0023677267046243594
844,0.2696261591930381,0.2752688172043011,0.09156626506024096,-0.22687439143135346,-0.16751941250827662,0.26972090055382664,0.27741935483870966,0.09156626506024096,-0.22590068159688415,-0.16751941250827662,0.29151868818445986,0.2831541218637993,0.14705882352941177,0.4087262948022442,0.0574335073221488,0.36006057118252893,0.3727598566308244,0.05515587529976019,-0.24926971762414796,-0.17351815703708806,9.474136078851947e-05,0.002150537634408589,0.0
845,0.2754122250320288,0.2802867383512545,0.12158808933002481,-0.224976167778837,-0.13152694533540865,0.2739488233835708,0.27598566308243727,0.12189054726368159,-0.22688274547187803,-0.12852757307100293,0.2845482760056436,0.27670250896057347,0.18208955223880596,0.4203162675937868,0.07243036864417718,0.35850216704752086,0.3634408602150538,0.06633906633906633,-0.24499523355576736,-0.1435244343930313,-0.0014634016484579848,-0.004301075268817234,0.00030245793365678286
846,0.2560568707404096,0.26523297491039427,0.12037037037037036,-0.22937625754527158,-0.13813291139240513,0.255149283958458,0.2623655913978495,0.12240184757505773,-0.23038229376257546,-0.1410073839662448,0.271346278546873,0.2637992831541219,0.17886178861788618,0.31613208663747194,0.04295886075949362,0.33306219717206903,0.34050179211469533,0.07322654462242563,-0.2434607645875252,-0.15250527426160332,-0.0009075867819516303,-0.0028673835125447855,0.002031477204687368
847,0.27450808864944276,0.27885304659498206,0.13365155131264916,-0.23122529644268774,-0.15332095657112832,0.274310205150753,0.2802867383512545,0.1342925659472422,-0.23221343873517786,-0.1474072378627197,0.28648229762399713,0.27885304659498206,0.2057142857142857,0.3139994484787205,0.050702338868967356,0.35341713607161745,0.35985663082437275,0.08393285371702638,-0.25395256916996045,-0.1474072378627197,-0.00019788349868976596,0.0014336917562724483,0.0006410146345930401
848,0.26716216020226446,0.2709677419354839,0.08068459657701711,-0.2127450980392157,-0.12121766219693886,0.26592818768882076,0.27025089605734764,0.08068459657701711,-0.21372549019607845,-0.12121766219693886,0.2671775180458137,0.2645161290322581,0.14763231197771587,0.4374680306905371,0.026418799945821414,0.35368489330463165,0.36129032258064514,0.04964539007092199,-0.25,-0.16255587159691187,-0.001233972513443704,-0.0007168458781362519,0.0
849,0.2594692566223018,0.2645161290322581,0.13647058823529412,-0.22736418511066403,-0.1378451124613581,0.2584006586779784,0.2630824372759857,0.13679245283018868,-0.22535211267605637,-0.13494030487154896,0.27214960524278037,0.2637992831541219,0.19444444444444445,0.4087860496311201,0.0509673808762392,0.33765968710909544,0.3433691756272401,0.07058823529411765,-0.24547283702213285,-0.1378451124613581,-0.0010685979443234017,-0.0014336917562723928,0.0003218645948945553
850,0.2642810225785125,0.26810035842293906,0.08352668213457076,-0.22929292929292933,-0.16034937706670238,0.2632877449205889,0.26666666666666666,0.08139534883720931,-0.22929292929292933,-0.15743678813587625,0.2735651054746086,0.26523297491039427,0.1348314606741573,0.35656565656565664,0.05809479274524865,0.34522907390217966,0.3541218637992832,0.04367816091954023,-0.24242424242424243,-0.17199973279000624,-0.000993277657923619,-0.0014336917562723928,-0.002131333297361454
851,0.27132800731118795,0.2810035842293907,0.11369509043927649,-0.2301957129543336,-0.16009926629261972,0.2706553187008693,0.2802867383512545,0.1134020618556701,-0.22926374650512582,-0.16323550568263567,0.27798845075834433,0.26523297491039427,0.16467065868263472,0.2980033324860911,0.006121421378219027,0.3580343386427264,0.3655913978494624,0.059431524547803614,-0.23951537744641194,-0.16009926629261972,-0.0006726886103186613,-0.0007168458781361964,-0.00029302858360638617
852,0.2820148073789917,0.2845878136200717,0.09326424870466321,-0.21364985163204753,-0.13246651953876287,0.28075495649127336,0.2838709677419355,0.09560723514211886,-0.21661721068249262,-0.13555797814352943,0.2895697104913765,0.2838709677419355,0.16358024691358025,0.274755467633806,0.05920391395676572,0.3766392869472032,0.3835125448028674,0.06818181818181818,-0.23837784371909,-0.16338110558642882,-0.00125985088771835,-0.0007168458781361964,0.0023429864374556464
853,0.2802397874543779,0.2824372759856631,0.13283208020050125,-0.22275795564127288,-0.14301450083658673,0.27880371834922424,0.2802867383512545,0.13316582914572864,-0.2246865959498554,-0.1399749023982153,0.28547163586929136,0.27670250896057347,0.20180722891566266,0.4142532740224594,0.060638594534300094,0.36097169078432145,0.36702508960573477,0.07556675062972293,-0.24397299903567982,-0.13693530395984377,-0.0014360691051536478,-0.002150537634408589,0.0003337489452273912
854,0.26656681907074514,0.2637992831541219,0.11734693877551021,-0.22383720930232553,-0.12961889771499702,0.26560763070995347,0.2645161290322581,0.12213740458015267,-0.22480620155038755,-0.13267233817553425,0.2858774271157116,0.2817204301075269,0.19756838905775076,0.5094476744186046,0.06274785129885019,0.3570171070193029,0.3655913978494624,0.07537688442211055,-0.2335271317829457,-0.14793954047822055,-0.000959188360791674,0.0007168458781361964,0.0047904658046424575
855,0.2665496352868762,0.26881720430107525,0.1079136690647482,-0.24059405940594059,-0.15515691402419096,0.26574885048706687,0.26953405017921145,0.10843373493975904,-0.24059405940594059,-0.14921815408085426,0.2759662243020823,0.26666666666666666,0.1608187134502924,0.3513573938038966,0.06754658385093171,0.35440791978726893,0.3655913978494624,0.06839622641509434,-0.2485148514851485,-0.17594257382586898,-0.0008007847998093287,0.0007168458781361964,0.0005200658750108417
856,0.26167882322387487,0.2623655913978495,0.10849056603773585,-0.2391732283464567,-0.16291974307775803,0.26035736679851273,0.25949820788530464,0.10849056603773585,-0.2391732283464567,-0.16291974307775803,0.2864243883063342,0.27670250896057347,0.18208092485549132,0.4895517867958813,0.06707266557671399,0.34955498825181297,0.36415770609319,0.06428571428571428,-0.24606299212598426,-0.15112526058265696,-0.001321456425362133,-0.002867383512544841,0.0
857,0.2603499164213686,0.26810035842293906,0.12993039443155452,-0.23511904761904767,-0.16034937706670238,0.25948484033275265,0.26953405017921145,0.12993039443155452,-0.23412698412698407,-0.16034937706670238,0.26871076247524384,0.2630824372759857,0.17548746518105848,0.25618131868131866,0.04935702595277058,0.3377248611857113,0.34480286738351257,0.06960556844547564,-0.25,-0.16034937706670238,-0.0008650760886159681,0.0014336917562723928,0.0
858,0.25913164924150595,0.26953405017921145,0.1232876712328767,-0.24275724275724275,-0.16291144832789783,0.25804873320542016,0.26810035842293906,0.1232876712328767,-0.24275724275724275,-0.16291144832789783,0.2687895512715305,0.2623655913978495,0.14887640449438203,0.2607392607392608,0.07371611906168352,0.33489119868961287,0.34408602150537637,0.07709750566893424,-0.24675324675324672,-0.17156855445190689,-0.0010829160360857903,-0.0014336917562723928,0.0
859,0.25870266970110223,0.2645161290322581,0.12100456621004566,-0.23847695390781565,-0.1503935661631738,0.2576852598444971,0.26523297491039427,0.12211981566820276,-0.23446893787575152,-0.13892523886868635,0.27462502107713477,0.2645161290322581,0.1856763925729443,0.2551573735706707,0.02449842507775979,0.3389350233292207,0.34480286738351257,0.06651376146788991,-0.2404809619238477,-0.14465940251593,-0.0010174098566051448,0.0007168458781361964,0.0011152494581571082
860,0.27450557107230444,0.27670250896057347,0.13138686131386862,-0.22767419038272818,-0.13991423626799893,0.2733383126034625,0.27670250896057347,0.13447432762836187,-0.22669283611383706,-0.1339670414922549,0.29547980363889925,0.2867383512544803,0.21005917159763313,0.2958783120706575,0.07715837304665851,0.3579878642782504,0.3627240143369176,0.07560975609756097,-0.23159960745829244,-0.13694063888012686,-0.0011672584688419696,0.0,0.003087466314493248
861,0.2671668769600684,0.2745519713261649,0.10144927536231885,-0.22320550639134706,-0.13343353684000525,0.2651437563485097,0.2716845878136201,0.10386473429951691,-0.22320550639134706,-0.13343353684000525,0.2735781849453009,0.2630824372759857,0.18435754189944134,0.4635939036381514,0.031689218091410676,0.3513254091048263,0.35913978494623655,0.06872037914691943,-0.24582104228121926,-0.15702250183020738,-0.0020231206115587375,-0.0028673835125447855,0.0024154589371980645
862,0.2567773610899406,0.26594982078853047,0.1066350710900474,-0.22731804586241278,-0.12167558375845056,0.25673264295292053,0.26594982078853047,0.10874704491725769,-0.22931206380857427,-0.12456886898096309,0.263418577771237,0.25878136200716845,0.1553672316384181,0.4496011964107677,0.07506781137240259,0.3280469226202448,0.33763440860215055,0.07207207207207207,-0.2562313060817547,-0.18532785865372658,-4.471813702006111e-05,0.0,0.0021119738272102895
863,0.29042135597723995,0.2996415770609319,0.13725490196078433,-0.23705179282868527,-0.15703869009004334,0.28873478434674166,0.2982078853046595,0.13793103448275862,-0.23705179282868527,-0.15100466218612418,0.2944098736588466,0.28888888888888886,0.20241691842900303,0.3733444599978464,0.075271384210845,0.3662806487022575,0.36917562724014336,0.06297229219143577,-0.2360557768924303,-0.12385153661848791,-0.0016865716304982903,-0.0014336917562723928,0.0006761325219742931
864,0.25502388405711657,0.25949820788530464,0.09582309582309582,-0.23906705539358597,-0.13573659552316508,0.254074825492961,0.25734767025089605,0.09582309582309582,-0.23906705539358597,-0.13573659552316508,0.27203473135493544,0.26666666666666666,0.16666666666666666,0.312347332755496,0.0762966108660511,0.33920734912145645,0.34695340501792116,0.06280193236714976,-0.25072886297376096,-0.15664127784322857,-0.0009490585641555582,-0.002150537634408589,0.0
865,0.27237213582511416,0.27598566308243727,0.1240506329113924,-0.2228855721393035,-0.14677947022197202,0.27102978418656265,0.2731182795698925,0.1240506329113924,-0.22686567164179106,-0.14677947022197202,0.2869273252451478,0.27956989247311825,0.16,0.32731081434930615,0.06794596686248988,0.36417533778727545,0.36917562724014336,0.06030150753768844,-0.2467661691542289,-0.15598198895416338,-0.0013423516385515089,-0.0028673835125447855,0.0
866,0.2600036728844749,0.26666666666666666,0.1037037037037037,-0.2216748768472906,-0.12207265194076666,0.25890659832730045,0.2616487455197133,0.1037037037037037,-0.2236453201970443,-0.12207265194076666,0.27313968929781896,0.2616487455197133,0.15895953757225434,0.2960591133004926,0.05336959394368246,0.3452138364611375,0.3548387096774194,0.05741626794258373,-0.22955665024630545,-0.16072941798310292,-0.001097074557174449,-0.005017921146953375,0.0
867,0.2673676121902678,0.27741935483870966,0.07380952380952381,-0.22939424031777556,-0.12831089882761615,0.2663751896678328,0.2752688172043011,0.07398568019093078,-0.2274081429990069,-0.12539830989679013,0.2766160939362254,0.2709677419354839,0.14168937329700274,0.4674875868917577,0.026056314506162526,0.35246132954216475,0.36415770609319,0.0481651376146789,-0.25422045680238337,-0.17491232172083238,-0.000992422522434977,-0.002150537634408589,0.0001761563814069722
868,0.26225360101270573,0.26953405017921145,0.0845771144278607,-0.22598870056497178,-0.13893660637828587,0.2613050390795738,0.26666666666666666,0.0845771144278607,-0.22693032015065917,-0.13893660637828587,0.28272740304790417,0.27813620071684586,0.15634218289085547,0.3762257289434379,0.05113527259516826,0.35125214607677685,0.36415770609319,0.03217821782178218,-0.24293785310734461,-0.14497063428220502,-0.0009485619331319195,-0.0028673835125447855,0.0
869,0.26214127365692597,0.26810035842293906,0.1095890410958904,-0.22658610271903323,-0.1282900671788928,0.2603715254550457,0.26666666666666666,0.1095890410958904,-0.22860020140986903,-0.1282900671788928,0.2742698701662803,0.2645161290322581,0.1724137931034483,0.37736885471024445,0.044629345781936,0.34033619034339274,0.34551971326164876,0.045662100456621,-0.2457200402819738,-0.1282900671788928,-0.0017697482018802502,-0.0014336917562723928,0.0
870,0.27803988264881413,0.2853046594982079,0.13399503722084366,-0.22076612903225812,-0.15517289459007244,0.2771444327866132,0.2853046594982079,0.13399503722084366,-0.22379032258064513,-0.15517289459007244,0.2870815981679361,0.2810035842293907,0.1746987951807229,0.3934331797235023,0.060638594534300094,0.3584370083811909,0.36845878136200716,0.06766917293233082,-0.23790322580645162,-0.14301450083658673,-0.0008954498622009144,0.0,0.0
871,0.283086772574128,0.2903225806451613,0.11380145278450363,-0.23529411764705888,-0.15104912084511035,0.2830076912460694,0.28888888888888886,0.11380145278450363,-0.23529411764705888,-0.15104912084511035,0.2846545118904042,0.2802867383512545,0.16954022988505746,0.35509325681492104,0.04278730487686011,0.36423057610222365,0.3756272401433692,0.05825242718446602,-0.25392156862745097,-0.14806702198784927,-7.908132805861667e-05,-0.0014336917562724483,0.0
872,0.2627659743202501,0.26666666666666666,0.13895216400911162,-0.2242063492063492,-0.13355792077596584,0.26091682181208997,0.26953405017921145,0.13895216400911162,-0.22619047619047616,-0.13355792077596584,0.27530162302430927,0.26738351254480286,0.1940700808625337,0.5225793650793651,0.05944406470722263,0.3363543235239855,0.33906810035842294,0.07322654462242563,-0.23313492063492058,-0.1278813917911663,-0.0018491525081601456,0.0028673835125447855,0.0
873,0.2650802931237708,0.2709677419354839,0.109375,-0.22081712062256809,-0.13703964679124114,0.2640646101296938,0.27025089605734764,0.10966057441253264,-0.2198443579766537,-0.13392855550104799,0.2608788933866076,0.25017921146953404,0.14375,0.3082605952255757,0.06207019578111761,0.34612369724590836,0.34982078853046594,0.04896907216494845,-0.2324902723735408,-0.14948401195201355,-0.0010156829940770051,-0.0007168458781362519,0.0002855744125326437
874,0.26947424391963476,0.2731182795698925,0.12529550827423167,-0.22398414271556,-0.17035699530229076,0.268023139679145,0.2709677419354839,0.12529550827423167,-0.22398414271556,-0.17035699530229076,0.2854827882477538,0.2745519713261649,0.1661807580174927,0.48161996576268135,0.06685777145295746,0.363448781327552,0.37706093189964157,0.08430913348946135,-0.2556987115956393,-0.18221773364005311,-0.0014511042404897756,-0.002150537634408589,0.0
875,0.2965321944173096,0.3060931899641577,0.15873015873015872,-0.22930542340627968,-0.16808873876936703,0.2955082728470498,0.3010752688172043,0.15873015873015872,-0.22930542340627968,-0.16808873876936703,0.29891698961158686,0.2860215053763441,0.19811320754716982,0.4390435609978075,0.02420799802998752,0.3784473936942752,0.3835125448028674,0.07458563535911603,-0.23025689819219786,-0.11680960895620585,-0.0010239215702598226,-0.005017921146953375,0.0
876,0.26176414408433224,0.2616487455197133,0.1445221445221445,-0.22495088408644404,-0.15199063349027575,0.26090260258877673,0.25949820788530464,0.1445221445221445,-0.22593320235756387,-0.15199063349027575,0.28607438782946104,0.27956989247311825,0.22349570200573066,0.3888343156516045,0.08070442290725388,0.3483145628035646,0.3548387096774194,0.0911214953271028,-0.23673870333988212,-0.1490819452853066,-0.0008615414955555067,-0.0021505376344086446,0.0
877,0.2674596193324577,0.2731182795698925,0.11778846153846154,-0.22103213242453745,-0.11915046615661196,0.26642052784140263,0.2716845878136201,0.11778846153846154,-0.2239532619279455,-0.11915046615661196,0.27808944484808706,0.2716845878136201,0.18681318681318682,0.2706323212652326,0.03250804799531748,0.3417644193248405,0.34623655913978496,0.05250596658711217,-0.22590068159688415,-0.12789999581922318,-0.0010390914910550775,-0.0014336917562723928,0.0
878,0.2525105036522446,0.2630824372759857,0.11529411764705882,-0.22410358565737054,-0.1530187323272012,0.2517055492272182,0.2623655913978495,0.11583924349881797,-0.22410358565737054,-0.1471619416067219,0.2716848117272349,0.26523297491039427,0.16521739130434782,0.42087206728640986,0.08125289649197043,0.33412136646659557,0.3419354838709677,0.07226107226107226,-0.25,-0.16473231376815967,-0.0008049544250263718,-0.0007168458781361964,0.0005451258517591429
879,0.2763288065329882,0.2867383512544803,0.1018957345971564,-0.2245098039215686,-0.14932650862068964,0.27476655587561305,0.2860215053763441,0.1021377672209026,-0.2264705882352941,-0.14639008620689653,0.28416653682132154,0.27885304659498206,0.1676300578034682,0.5352941176470589,0.07384159482758623,0.3577630360878643,0.3634408602150538,0.06323185011709602,-0.24117647058823533,-0.16400862068965516,-0.0015622506573751416,-0.0007168458781361964,0.0002420326237462106
880,0.287769909206905,0.2974910394265233,0.11083743842364532,-0.22781065088757402,-0.1276064610866372,0.2864440565716858,0.2960573476702509,0.11056511056511056,-0.23175542406311633,-0.1305842980568931,0.29296914305872757,0.2860215053763441,0.15072463768115943,0.3211908284023669,0.05404159409896525,0.36984392070740296,0.38064516129032255,0.043583535108958835,-0.242603550295858,-0.14845131987842775,-0.0013258526352191713,-0.0014336917562723928,-0.00027232785853475994
881,0.29321423711633854,0.3053763440860215,0.12694300518134716,-0.2269076305220884,-0.10869048368261691,0.2925186806440319,0.3017921146953405,0.12467532467532468,-0.2269076305220884,-0.10564168187571243,0.29840586137263375,0.2939068100358423,0.19287833827893175,0.28915662650602414,0.040700804855706374,0.3758373954894262,0.3849462365591398,0.08208955223880597,-0.2349397590361446,-0.15747131259308988,-0.0006955564723066243,-0.003584229390680982,-0.002267680506022482
882,0.2787926296396104,0.2867383512544803,0.14108910891089108,-0.2254616132167152,-0.1528904365716509,0.27798887733196975,0.2845878136200717,0.14108910891089108,-0.22643343051506315,-0.1528904365716509,0.2919678237106069,0.2838709677419355,0.19881305637982197,0.3275771847200418,0.050152567230366096,0.36810959267591314,0.37777777777777777,0.10294117647058823,-0.24586977648202135,-0.16501240694789088,-0.0008037523076406261,-0.002150537634408589,0.0
883,0.2811454430064002,0.28817204301075267,0.12910798122065728,-0.2301665034280117,-0.16107219827586206,0.27984040980304353,0.2903225806451613,0.12971698113207547,-0.22624877571008817,-0.15519935344827596,0.2939167066439826,0.2860215053763441,0.17796610169491525,0.379546759431254,0.05035021551724128,0.36616297562499306,0.37777777777777777,0.08391608391608392,-0.24485798237022527,-0.16988146551724137,-0.0013050332033566758,0.0021505376344086446,0.0006089999114181899
884,0.28128390084527416,0.2917562724014337,0.09498680738786279,-0.22138836772983117,-0.12148419034027558,0.27962506821886063,0.28817204301075267,0.09549071618037135,-0.22232645403377116,-0.11526200775988937,0.28921644004520686,0.2824372759856631,0.16498316498316498,0.18453497721790402,0.133625295455559,0.36102971339100604,0.36917562724014336,0.05412371134020619,-0.24484052532833023,-0.14948401195201355,-0.0016588326264135311,-0.0035842293906810374,0.0005039087925085561
885,0.26348718405806504,0.26881720430107525,0.11267605633802817,-0.21868583162217659,-0.1184339830420591,0.2626557089471456,0.26881720430107525,0.11347517730496454,-0.21765913757700206,-0.10982167989293878,0.27930555660249384,0.2724014336917563,0.1726027397260274,0.5427568391071074,0.05668284765671938,0.33954394627934936,0.34480286738351257,0.05747126436781609,-0.24024640657084184,-0.14427089248941982,-0.0008314751109194107,0.0,0.0007991209669363647
886,0.26956657783697446,0.2745519713261649,0.12345679012345678,-0.23754789272030652,-0.15858223565711782,0.26822119733139244,0.2745519713261649,0.12376237623762376,-0.23659003831417624,-0.15554720225260732,0.28772994693189824,0.2831541218637993,0.1761194029850746,0.4386973180076628,0.053870102658612695,0.3597259794073257,0.37132616487455194,0.0661764705882353,-0.2423371647509579,-0.1676873358706491,-0.0013453805055820278,0.0,0.000305586114166978
887,0.2948992430461187,0.2974910394265233,0.12468827930174564,-0.2235410484668645,-0.1203804212688826,0.29377371083509113,0.2982078853046595,0.125,-0.2225519287833828,-0.11738973116371121,0.30264590966912736,0.2960573476702509,0.19263456090651557,0.322650840751731,0.023172703779347437,0.37399561826591543,0.3849462365591398,0.07579462102689487,-0.24530168150346188,-0.14430594211025427,-0.001125532211027569,0.0007168458781362519,0.00031172069825435855
888,0.25705748529522665,0.26093189964157704,0.11574074074074074,-0.24951267056530213,-0.16581462435720562,0.25632231626344826,0.2616487455197133,0.11574074074074074,-0.24951267056530213,-0.16581462435720562,0.2764665659470661,0.26738351254480286,0.17647058823529413,0.3388354398541156,0.052923617208077256,0.3455681407055737,0.35698924731182796,0.08525345622119816,-0.24463937621832355,-0.17164764413227973,-0.0007351690317783932,0.0007168458781362519,0.0
889,0.2844556266936703,0.2860215053763441,0.112565445026178,-0.23359073359073357,-0.1610511786713159,0.28352847238973067,0.2845878136200717,0.11286089238845144,-0.23166023166023164,-0.15788384003486977,0.2881608861668883,0.2824372759856631,0.15161290322580645,0.39683880308880304,0.06699720315280955,0.37538376829780035,0.37777777777777777,0.05026455026455026,-0.23745173745173742,-0.14838182412553114,-0.0009271543039396368,-0.0014336917562723928,0.0002954473622734377
890,0.25844005951045446,0.26523297491039427,0.09395973154362416,-0.23863636363636365,-0.18633127763786717,0.2572379632583627,0.26523297491039427,0.09438202247191012,-0.23657024793388426,-0.18056739838849334,0.271685639609002,0.2623655913978495,0.12903225806451613,0.2892561983471075,0.02981419421364684,0.3404402999281114,0.35555555555555557,0.05333333333333334,-0.2592975206611571,-0.19497709651192763,-0.0012020962520917777,0.0,0.0004222909282859538
891,0.26361674216129793,0.2731182795698925,0.12018140589569161,-0.23833167825223434,-0.17156855445190689,0.26325991543259963,0.26881720430107525,0.12018140589569161,-0.23833167825223434,-0.17156855445190689,0.28792612591581723,0.27670250896057347,0.17142857142857143,0.3432253296690608,0.09103033130970162,0.34253354938302183,0.3541218637992832,0.07077625570776255,-0.2512413108242304,-0.16291144832789783,-0.0003568267286983007,-0.004301075268817234,0.0
892,0.27251790503803236,0.2745519713261649,0.13286713286713286,-0.2386138613861386,-0.15961337513061646,0.27144483889071763,0.2738351254480287,0.13286713286713286,-0.2396039603960396,-0.15961337513061646,0.2773002646049194,0.26523297491039427,0.19337016574585636,0.2777934936350779,0.036056855022372214,0.35219674843398785,0.35698924731182796,0.07177033492822966,-0.24257425742574257,-0.12748841197117067,-0.0010730661473147274,-0.0007168458781361964,0.0
893,0.27175350426118744,0.2752688172043011,0.12410501193317422,-0.23865877712031558,-0.17421284316196883,0.2705156974831777,0.27598566308243727,0.12410501193317422,-0.23865877712031558,-0.17421284316196883,0.29091108897728923,0.2860215053763441,0.17699115044247787,0.4408284023668639,0.06504236525174778,0.3593311321367888,0.37132616487455194,0.06310679611650485,-0.24556213017751483,-0.15327801242576866,-0.0012378067780097202,0.0007168458781361964,0.0
894,0.28668017144793584,0.2960573476702509,0.1240506329113924,-0.21068249258160232,-0.11523419956193381,0.2859453579161664,0.2953405017921147,0.12846347607052896,-0.21266073194856583,-0.12125933654397592,0.2915667790075274,0.2845878136200717,0.2063953488372093,0.33217465027554055,0.038406793480138424,0.3640184573403128,0.36702508960573477,0.07960199004975124,-0.2334322453016815,-0.13632217899908106,-0.0007348135317694626,-0.0007168458781361964,0.004412843159136565
895,0.26007027029642726,0.26523297491039427,0.11894273127753303,-0.2492401215805471,-0.15399634610586632,0.2596474739168241,0.2645161290322581,0.11920529801324503,-0.24822695035460995,-0.15118912523842865,0.2724524998934082,0.26666666666666666,0.17941952506596306,0.1813576494427558,0.056545218951960186,0.3364609722956946,0.34623655913978496,0.06828193832599119,-0.25531914893617025,-0.15399634610586632,-0.0004227963796031853,-0.0007168458781361964,0.00026256673571199707
896,0.25472657603045046,0.2623655913978495,0.10843373493975904,-0.2274081429990069,-0.13383782104530928,0.2535474548981777,0.2616487455197133,0.1108433734939759,-0.22840119165839123,-0.13383782104530928,0.2596426976007232,0.25017921146953404,0.1531791907514451,0.31964817704638954,0.06933498119145554,0.3339320482820178,0.34050179211469533,0.06338028169014084,-0.24826216484607744,-0.1662276880685617,-0.0011791211322727535,-0.0007168458781361964,0.0024096385542168586
897,0.2719758310759662,0.2802867383512545,0.09653465346534654,-0.22402287893231654,-0.17438702641854575,0.27154389552712754,0.2802867383512545,0.09925558312655088,-0.22592945662535746,-0.17131952017448204,0.2716678117651926,0.2616487455197133,0.14114114114114115,0.26467784444569054,0.04340591690997997,0.3483308441844951,0.35627240143369177,0.04975124378109453,-0.2411820781696854,-0.16825201393041822,-0.0004319355488386356,0.0,0.002720929661204338
898,0.27482378687075804,0.27741935483870966,0.11325301204819277,-0.23921568627450984,-0.17282181044192502,0.273826142392133,0.2802867383512545,0.11407766990291263,-0.23529411764705888,-0.163797370976561,0.29656578859227134,0.28745519713261647,0.17391304347826086,0.34044639132248644,0.03774844374990294,0.3648950480412543,0.37921146953405016,0.07004830917874397,-0.25,-0.1698136639534703,-0.0009976444786250482,0.002867383512544841,0.0008246578547198569
899,0.25869599411597877,0.26738351254480286,0.11188811188811189,-0.23146292585170336,-0.11969696969696964,0.2572060940041978,0.26594982078853047,0.11188811188811189,-0.23246492985971945,-0.11969696969696964,0.2669437396547092,0.25663082437275986,0.18933333333333333,0.24512661687010384,0.03473042109405744,0.33575697644453756,0.3419354838709677,0.0835214446952596,-0.23947895791583163,-0.15973370064279158,-0.0014899001117809618,-0.0014336917562723928,0.0
900,0.2774749601150294,0.2824372759856631,0.12926829268292683,-0.21850393700787396,-0.13694063888012686,0.2754721857776436,0.2810035842293907,0.13349514563106796,-0.22145669291338588,-0.14288783365587088,0.2784826043418261,0.26666666666666666,0.18994413407821228,0.3970814789455666,0.017686425289218155,0.35683101997872785,0.3655913978494624,0.0883054892601432,-0.24901574803149606,-0.16370301537097498,-0.0020027743373858264,-0.0014336917562723928,0.004226852948141124
901,0.26754970282803703,0.27598566308243727,0.12165450121654502,-0.23362658846529816,-0.15552192345065396,0.2677744218563692,0.27885304659498206,0.12315270935960591,-0.2297165200391007,-0.1405250621286256,0.29121932471740103,0.2853046594982079,0.17341040462427745,0.4306623338881403,0.039437273735714706,0.3571186358304947,0.36415770609319,0.05185185185185185,-0.24144672531769307,-0.13752568986421987,0.0002247190283321543,0.0028673835125447855,0.0014982081430608973
902,0.2721142438310086,0.27956989247311825,0.1056338028169014,-0.2294757665677547,-0.1792525490556125,0.2704937284535622,0.2752688172043011,0.10772833723653395,-0.2304648862512364,-0.18221773364005311,0.27998941600139965,0.2709677419354839,0.14447592067988668,0.13810157235922105,0.037205925608551405,0.3574150734412199,0.3655913978494624,0.06791569086651054,-0.24826904055390697,-0.18221773364005311,-0.0016205153774463965,-0.004301075268817178,0.002094534419632546
903,0.26682335217779574,0.2709677419354839,0.12471655328798185,-0.23718592964824126,-0.1392344497607656,0.2661437926517157,0.27025089605734764,0.12669683257918551,-0.23919597989949748,-0.14207271425316548,0.2847772383974531,0.27956989247311825,0.1918918918918919,0.5119125036949452,0.06228232919962251,0.3473980662892432,0.35842293906810035,0.06407322654462243,-0.24924623115577893,-0.1278813917911663,-0.0006795595260800091,-0.0007168458781362519,0.00198027929120366
904,0.27524641921132276,0.2838709677419355,0.13170731707317074,-0.22178988326848248,-0.1630727179939625,0.27389008508110424,0.2817204301075269,0.13170731707317074,-0.22373540856031127,-0.1630727179939625,0.27418082462750687,0.2623655913978495,0.17595307917888564,0.37884683409975234,0.0451012446912491,0.3556833383141386,0.35842293906810035,0.0691358024691358,-0.2354085603112841,-0.14798764823416455,-0.0013563341302185172,-0.002150537634408589,0.0
905,0.2772174559899827,0.27956989247311825,0.1466992665036675,-0.2210109018830525,-0.15477293151119698,0.2761184591750813,0.2838709677419355,0.1466992665036675,-0.21902874132804762,-0.15477293151119698,0.2756005240201576,0.26738351254480286,0.1930835734870317,0.28592666005946477,0.03173215077299363,0.3545061145140458,0.3627240143369176,0.10194174757281553,-0.2477700693756194,-0.163797370976561,-0.0010989968149013873,0.004301075268817234,0.0
906,0.25590410065317065,0.25663082437275986,0.10375275938189846,-0.23747494989979956,-0.17329362366956347,0.25541338846928585,0.25734767025089605,0.10816777041942605,-0.23947895791583163,-0.17329362366956347,0.2636252028857109,0.26021505376344084,0.16486486486486487,0.25292251169004676,0.06228232919962251,0.3372464895480763,0.34551971326164876,0.06593406593406594,-0.24849699398797598,-0.17897015265436322,-0.0004907121838848005,0.0007168458781361964,0.004415011037527589
907,0.2761137350503508,0.27598566308243727,0.0893719806763285,-0.2272272272272272,-0.14109964888928128,0.27546479991797435,0.2752688172043011,0.08958837772397095,-0.2282282282282282,-0.13813863779907232,0.2910018089826329,0.2802867383512545,0.14782608695652175,0.2618789001767725,0.06321011633513751,0.36151021835324154,0.3734767025089606,0.054373522458628844,-0.2482482482482482,-0.16774874870116196,-0.0006489351323764603,-0.0007168458781361964,0.0002163970476424526
908,0.26394561853122556,0.2709677419354839,0.12303664921465969,-0.22892720306513414,-0.15546802594995357,0.2633718005747836,0.26666666666666666,0.12368421052631579,-0.22892720306513414,-0.14915430954587583,0.28178836701767,0.2731182795698925,0.1830065359477124,0.3170498084291188,0.08445319740500457,0.3525495653490253,0.3648745519713262,0.08072916666666667,-0.24137931034482762,-0.16178174235403153,-0.0005738179564419577,-0.004301075268817234,0.0006475613116560947
909,0.28561024277130037,0.2939068100358423,0.14795918367346939,-0.2242366412213741,-0.12961889771499702,0.28428276900618676,0.28888888888888886,0.14795918367346939,-0.22805343511450382,-0.12961889771499702,0.29383334271404715,0.2838709677419355,0.21194029850746268,0.34821587076158356,0.04442720853562676,0.3737656861797455,0.385663082437276,0.10918114143920596,-0.2395038167938931,-0.16320674278090697,-0.001327473765113607,-0.00501792114695343,0.0
910,0.28270826819155315,0.28817204301075267,0.10565110565110565,-0.22383720930232553,-0.13315652770154396,0.2812591910229971,0.2845878136200717,0.10810810810810811,-0.22577519379844957,-0.13315652770154396,0.2829687924261108,0.27813620071684586,0.15517241379310345,0.38819924575738524,0.04278730487686011,0.3643108688133174,0.3741935483870968,0.04807692307692308,-0.24903100775193798,-0.15999541741689371,-0.0014490771685560233,-0.003584229390680982,0.0024570024570024634
911,0.26735880463643336,0.2724014336917563,0.1291139240506329,-0.2225405921680993,-0.15215672990063234,0.2652647898031703,0.26738351254480286,0.13131313131313133,-0.2292263610315186,-0.1552337398373983,0.2747894999906288,0.26810035842293906,0.182370820668693,0.5135552126956139,0.05092592592592593,0.3522610684058944,0.36200716845878134,0.07808564231738035,-0.24450811843361986,-0.15831074977416448,-0.002094014833263047,-0.00501792114695343,0.0021992072624984205
912,0.27141850528039874,0.2716845878136201,0.1244343891402715,-0.23839009287925694,-0.14944320021432345,0.27140249701142993,0.2709677419354839,0.12837837837837837,-0.24148606811145512,-0.15514106629160063,0.30110644117801566,0.2953405017921147,0.20540540540540542,0.5053430540297612,0.055679978567659716,0.3542903681988289,0.3634408602150538,0.07972665148063782,-0.25180598555211553,-0.1408964010984074,-1.6008268968803474e-05,-0.0007168458781361964,0.003943989238106876
913,0.27618258865644163,0.27956989247311825,0.12432432432432433,-0.21566731141199225,-0.09348436872853771,0.2759209356706796,0.2810035842293907,0.125,-0.2147001934235977,-0.0872621861481514,0.2844300033207162,0.2738351254480287,0.20359281437125748,0.33365570599613154,0.01851491771841407,0.3656908706453144,0.37132616487455194,0.07611548556430446,-0.23791102514506768,-0.12770637292066178,-0.00026165298576202867,0.0014336917562724483,0.0006756756756756688
914,0.27318083338352045,0.27670250896057347,0.10810810810810811,-0.22310756972111556,-0.1305842980568931,0.27251380057333946,0.27741935483870966,0.10891089108910891,-0.22011952191235062,-0.12165078714612576,0.27394841808929415,0.26666666666666666,0.17971014492753623,0.22265483520463591,0.05404159409896525,0.3482415721769121,0.3541218637992832,0.06082725060827251,-0.2400398406374502,-0.1424956459379162,-0.0006670328101809897,0.0007168458781361964,0.0008027829810007964
915,0.2735191716936516,0.2838709677419355,0.12980769230769232,-0.22758620689655173,-0.12415172739910019,0.2731569561483595,0.2824372759856631,0.13012048192771083,-0.22955665024630545,-0.12122731441967005,0.29675849174139995,0.28817204301075267,0.1977077363896848,0.48374384236453205,0.07178394222272155,0.3562892597515439,0.36702508960573477,0.08254716981132075,-0.2512315270935961,-0.1475470312345416,-0.0003622155452920883,-0.0014336917562723928,0.0003127896200185165
916,0.26076189978060416,0.26666666666666666,0.0891089108910891,-0.220616570327553,-0.12165078714612576,0.2601263727364653,0.27025089605734764,0.08933002481389578,-0.2186897880539499,-0.11867295017586998,0.2757032254615364,0.2645161290322581,0.1497175141242938,0.3193924968831463,0.027241061366663266,0.34783553927209676,0.36057347670250894,0.04807692307692308,-0.2341040462427746,-0.15738483078919507,-0.0006355270441388838,0.003584229390680982,0.0002211139228066733
917,0.29489054856228386,0.3025089605734767,0.15254237288135594,-0.22934888241010687,-0.15626870253094016,0.29344316463945713,0.3039426523297491,0.1529126213592233,-0.2303206997084548,-0.15327801242576866,0.294370409236929,0.2939068100358423,0.1893491124260355,0.33105563654033043,0.06803305535691939,0.37346279778624436,0.3813620071684588,0.06683168316831684,-0.24101068999028186,-0.129352491584397,-0.0014473839228267282,0.0014336917562723928,0.0003702484778673465
918,0.270921295578474,0.27813620071684586,0.11380145278450363,-0.22736030828516374,-0.16946043240031228,0.2707494441644952,0.27956989247311825,0.11380145278450363,-0.2302504816955684,-0.16946043240031228,0.28732881998407717,0.2810035842293907,0.16568047337278108,0.4653179190751446,0.056482204426264615,0.3569775755830661,0.3655913978494624,0.05596107055961071,-0.24759152215799618,-0.1634352954182703,-0.00017185141397879633,0.0014336917562723928,0.0
919,0.259905146432269,0.2623655913978495,0.10185185185185185,-0.22860020140986903,-0.1683747287195564,0.2594078093511963,0.25878136200716845,0.10232558139534884,-0.22658610271903323,-0.1625338263269297,0.2691460689886288,0.26523297491039427,0.17134831460674158,0.2834681480037683,0.05357956220025184,0.3385302023312457,0.34767025089605735,0.06046511627906977,-0.24773413897280971,-0.1625338263269297,-0.0004973370810726907,-0.0035842293906810374,0.0004737295434969896
920,0.2727355720289811,0.27670250896057347,0.10551558752997602,-0.2303206997084548,-0.14998268215990818,0.27131434928933273,0.27670250896057347,0.1076555023923445,-0.23323615160349853,-0.15294369325011714,0.2769083153682989,0.26738351254480286,0.138328530259366,0.3906401846452867,0.05728809415471958,0.35688613392759194,0.3655913978494624,0.06572769953051644,-0.24878522837706507,-0.17663178197178886,-0.0014212227396483423,0.0,0.002139914862368489
921,0.26484332911712805,0.2709677419354839,0.11085972850678733,-0.23469387755102045,-0.16436626650403374,0.26394491267813025,0.2709677419354839,0.11085972850678733,-0.23469387755102045,-0.16436626650403374,0.28192009897389625,0.2709677419354839,0.1766304347826087,0.40102040816326523,0.04807054450759907,0.35277181564994736,0.3627240143369176,0.08240534521158129,-0.2387755102040816,-0.18446164051864766,-0.0008984164389977956,0.0,0.0
922,0.2675608489585879,0.27813620071684586,0.12590799031476999,-0.23175542406311633,-0.1536548946546481,0.26703099242193074,0.27741935483870966,0.12682926829268293,-0.22781065088757402,-0.14469574508890648,0.2741338296135343,0.26881720430107525,0.17994100294985252,0.3375246548323471,0.0673374613003096,0.3408803842241851,0.34838709677419355,0.07073170731707316,-0.242603550295858,-0.14469574508890648,-0.0005298565366571584,-0.0007168458781361964,0.0009212779779129432
923,0.2777959634925404,0.2802867383512545,0.11697247706422019,-0.2332332332332332,-0.14714166020579322,0.27709684444421134,0.2838709677419355,0.11697247706422019,-0.23223223223223222,-0.14714166020579322,0.27742041929144673,0.26881720430107525,0.17379679144385027,0.26397826397826396,0.030845938209358548,0.3490970314648559,0.35555555555555557,0.06150341685649203,-0.24524524524524527,-0.15575396335491343,-0.0006991190483290333,0.003584229390680982,0.0
924,0.24329361883858813,0.25161290322580643,0.10047846889952153,-0.22993062438057488,-0.12748841197117067,0.24307350582338946,0.25161290322580643,0.10096153846153846,-0.22794846382556988,-0.12164750957854398,0.2581491323069145,0.25017921146953404,0.15193370165745856,0.26790882061446974,0.036056855022372214,0.3241116990339239,0.32903225806451614,0.06279069767441861,-0.2487611496531219,-0.1625338263269297,-0.00022011301519866966,0.0,0.00048306956201693563
925,0.2849579940219432,0.2924731182795699,0.11306532663316583,-0.220703125,-0.158680414259869,0.2837331224422629,0.2910394265232975,0.11083123425692695,-0.2216796875,-0.15560816893121443,0.29956174997788027,0.2939068100358423,0.1702127659574468,0.25813802083333337,0.0533045134172917,0.37167497849957076,0.382078853046595,0.05555555555555555,-0.2392578125,-0.15253592360255996,-0.00122487157968032,-0.0014336917562723928,-0.0022340923762388804
926,0.27318414536602165,0.27813620071684586,0.11061946902654868,-0.24848484848484853,-0.16057975708502026,0.2718311700380947,0.27741935483870966,0.1145374449339207,-0.25151515151515147,-0.16622834008097165,0.29308946778577233,0.2853046594982079,0.1711229946524064,0.40808080808080804,0.05971497975708495,0.3550817143570459,0.36630824372759857,0.06430155210643015,-0.2656565656565657,-0.15775546558704456,-0.0013529753279269419,-0.0007168458781361964,0.003917975907372029
927,0.2709602686629946,0.27741935483870966,0.1328125,-0.22337417530631476,-0.13164366534544658,0.2695242549744599,0.27956989247311825,0.13838120104438642,-0.22431668237511782,-0.12854244352806654,0.2792489101258661,0.2738351254480287,0.1873015873015873,0.40301602262016967,0.0823406400537734,0.35555856201410724,0.3634408602150538,0.07692307692307693,-0.2422243166823751,-0.1502509962497266,-0.0014360136885346875,0.002150537634408589,0.0055687010443864204
928,0.28592683176738,0.2924731182795699,0.11139896373056994,-0.2300194931773879,-0.1652977542607964,0.2848561855412549,0.2917562724014337,0.11139896373056994,-0.23196881091617938,-0.1652977542607964,0.2957658011476342,0.2810035842293907,0.165625,0.34761321909424725,0.042711874208244516,0.37223710835352153,0.3827956989247312,0.07216494845360824,-0.24463937621832355,-0.17160107633561572,-0.0010706462261250715,-0.0007168458781361964,0.0
929,0.2685710365235172,0.26881720430107525,0.10653753026634383,-0.22126436781609193,-0.14586143104374294,0.2677679047295678,0.26810035842293906,0.10679611650485436,-0.21934865900383138,-0.14288783365587088,0.2837082820676713,0.2724014336917563,0.17101449275362318,0.3531586919718436,0.05634319133155441,0.36020521313901,0.374910394265233,0.06746987951807229,-0.2346743295019157,-0.15180862581948695,-0.0008031317939494187,-0.0007168458781361964,0.00025858623851053586
930,0.27630398372320736,0.2802867383512545,0.12351543942992874,-0.2359223300970874,-0.16182672652074404,0.2751276522650813,0.27813620071684586,0.12142857142857143,-0.2359223300970874,-0.15886571543053507,0.2911931139023005,0.2817204301075269,0.1897590361445783,0.4347087378640777,0.10170326050785417,0.3593696740689879,0.36702508960573477,0.07637231503579953,-0.25533980582524274,-0.1559047043403261,-0.0011763314581260675,-0.0021505376344086446,-0.0020868680013573088
931,0.25435430443940765,0.25806451612903225,0.10361445783132531,-0.22888015717092336,-0.16751941250827662,0.2536542290874975,0.25448028673835127,0.10361445783132531,-0.2298624754420432,-0.16751941250827662,0.2731808863950986,0.26881720430107525,0.1531791907514451,0.36846441472843655,0.039437273735714706,0.3444795567439547,0.353405017921147,0.05783132530120482,-0.2426326129666012,-0.16751941250827662,-0.0007000753519101344,-0.003584229390680982,0.0
932,0.2716002592843379,0.27670250896057347,0.15085158150851583,-0.23045685279187822,-0.11702586206896548,0.27013985283942166,0.27598566308243727,0.15085158150851583,-0.2294416243654822,-0.11702586206896548,0.28956445803936937,0.28745519713261647,0.21865889212827988,0.33851008368774865,0.08265086206896555,0.35446846676565724,0.36415770609319,0.0997624703087886,-0.23654822335025383,-0.14639008620689653,-0.0014604064449162402,-0.0007168458781361964,0.0
933,0.26576181090057255,0.26881720430107525,0.12468193384223919,-0.2238095238095238,-0.1460027100271003,0.26429636186858196,0.27025089605734764,0.12531969309462915,-0.22285714285714286,-0.13984869015356816,0.26734066559246045,0.2616487455197133,0.17073170731707318,0.5291774891774892,0.05400293586269189,0.3486246177130664,0.3548387096774194,0.08436724565756824,-0.24571428571428566,-0.1767728093947606,-0.0014654490319905844,0.0014336917562723928,0.0006377592523899578
934,0.27783556431200285,0.2831541218637993,0.0997624703087886,-0.2373046875,-0.18019422337231172,0.2772182603491749,0.2817204301075269,0.1,-0.236328125,-0.17720353326714033,0.2938219682481888,0.28745519713261647,0.15072463768115943,0.3377821180555556,0.04709822462071911,0.36060169714654033,0.37132616487455194,0.05755395683453238,-0.24609375,-0.16823146295162583,-0.000617303962827942,-0.0014336917562723928,0.00023752969121140777
935,0.2727976663618444,0.2802867383512545,0.1087962962962963,-0.2335692618806876,-0.13565858934029962,0.27184182960762904,0.27956989247311825,0.10930232558139535,-0.2335692618806876,-0.12991705390755282,0.28881080273717263,0.2845878136200717,0.15902964959568733,0.2603977081226828,0.03945824135847886,0.35409665071412716,0.3648745519713262,0.0651685393258427,-0.24873609706774524,-0.17297856965315395,-0.0009558367542153445,-0.0007168458781362519,0.0005060292850990605
936,0.26107576635086366,0.26594982078853047,0.11954022988505747,-0.22931206380857427,-0.16435095470098116,0.26009627632131843,0.26666666666666666,0.11981566820276497,-0.22831505483549352,-0.1614500077347496,0.2778596862278891,0.2716845878136201,0.1652892561983471,0.2906281156530409,0.04451722686769255,0.3470008624341393,0.35770609318996416,0.06407322654462243,-0.24925224327018947,-0.17015284863344438,-0.000979490029545227,0.0007168458781361964,0.00027543831770750205
937,0.2620124328772752,0.26594982078853047,0.10757946210268948,-0.23939393939393938,-0.14952317892184264,0.2617138919787694,0.26523297491039427,0.11029411764705882,-0.23939393939393938,-0.14652380665743692,0.27048924406976255,0.2630824372759857,0.18235294117647058,0.40869565217391307,0.0574335073221488,0.3507522114052609,0.35770609318996416,0.0746987951807229,-0.23535353535353531,-0.16751941250827662,-0.0002985408985058391,-0.0007168458781361964,0.0027146555443693376
938,0.27566808733106235,0.2817204301075269,0.11793611793611794,-0.22843137254901957,-0.15666666666666662,0.27460446133821187,0.2810035842293907,0.11793611793611794,-0.22941176470588232,-0.15666666666666662,0.2875588959111487,0.2824372759856631,0.17337461300309598,0.30741272118603535,0.09713790713790715,0.3554498289799488,0.36200716845878134,0.06356968215158924,-0.24803921568627452,-0.1627096327096328,-0.001063625992850481,-0.0007168458781361964,0.0
939,0.2600010016336341,0.26738351254480286,0.09047619047619047,-0.21899224806201545,-0.1614614415489689,0.2590156259439406,0.26666666666666666,0.09047619047619047,-0.21996124031007747,-0.1614614415489689,0.28272766911120223,0.27813620071684586,0.15634218289085547,0.31417710196779963,0.07871850979071982,0.3492458228412301,0.35913978494623655,0.0539906103286385,-0.24709302325581395,-0.1792525490556125,-0.0009853756896934796,-0.0007168458781361964,0.0
940,0.2896032189031921,0.2974910394265233,0.12020460358056266,-0.212890625,-0.1160917679939717,0.28846851900688464,0.2989247311827957,0.12339331619537275,-0.2119140625,-0.11002170118495092,0.29129364808199104,0.2831541218637993,0.17751479289940827,0.35296875,0.0447650024450813,0.3680694701605254,0.3741935483870968,0.06265664160401002,-0.2421875,-0.14037203523005515,-0.001134699896307434,0.0014336917562724483,0.003188712614810088
941,0.2900003291305709,0.2967741935483871,0.15602836879432624,-0.24144672531769307,-0.17297319385420074,0.28954034123685524,0.2974910394265233,0.15676959619952494,-0.24144672531769307,-0.16703443391086414,0.3037086130975983,0.2931899641577061,0.19533527696793002,0.3839368933142376,0.06457720387926347,0.36930149898923265,0.37706093189964157,0.08495145631067962,-0.25024437927663734,-0.14031001416584943,-0.0004599878937156521,0.0007168458781361964,0.0007412274051986911
942,0.2878231495042481,0.2946236559139785,0.11733333333333333,-0.2137476459510358,-0.1333700185356812,0.2872232623778706,0.2931899641577061,0.11733333333333333,-0.2137476459510358,-0.1333700185356812,0.2831677132638012,0.27025089605734764,0.15806451612903225,0.45756826741996237,0.07182576459684886,0.3733087037725627,0.382078853046595,0.07792207792207792,-0.23634651600753298,-0.16493860055607046,-0.0005998871263774852,-0.0014336917562723928,0.0
943,0.2715930829085687,0.2752688172043011,0.11421911421911422,-0.22933070866141736,-0.13694012995587057,0.27022511835963636,0.2716845878136201,0.11421911421911422,-0.22834645669291342,-0.13694012995587057,0.2780742269362266,0.2724014336917563,0.17534246575342466,0.35476815398075245,0.04774480068965625,0.34855137648367757,0.3541218637992832,0.06436781609195402,-0.25196850393700787,-0.15425434220388878,-0.0013679645489323433,-0.003584229390680982,0.0
944,0.2524624995569642,0.25806451612903225,0.1025,-0.21442307692307694,-0.13551628551628558,0.2518058300250143,0.25663082437275986,0.1025,-0.21442307692307694,-0.13551628551628558,0.2691908684471524,0.25878136200716845,0.16470588235294117,0.25520361990950224,0.045772695772695826,0.34082658094714485,0.35125448028673834,0.06142506142506143,-0.24615384615384617,-0.15666666666666662,-0.0006566695319499272,-0.0014336917562723928,0.0
945,0.25222093633660525,0.2616487455197133,0.1366742596810934,-0.22502522704339056,-0.16832568989741015,0.2510539281945847,0.2616487455197133,0.13729977116704806,-0.2230070635721494,-0.1625467221588951,0.2579426967066398,0.24874551971326164,0.18059299191374664,0.3386029823971297,0.028159213212098688,0.32675417144009733,0.3333333333333333,0.0867579908675799,-0.2371342078708375,-0.16543620602815257,-0.0011670081420205314,0.0,0.0006255114859546607
946,0.2670870957041044,0.2738351254480287,0.12530120481927712,-0.2373887240356083,-0.13130097133212948,0.26734111621683254,0.2724014336917563,0.12560386473429952,-0.2373887240356083,-0.12836050399340426,0.29676579816558124,0.28888888888888886,0.1855072463768116,0.5204182563233009,0.07453174237864246,0.34869860663875857,0.3548387096774194,0.06904761904761905,-0.24530168150346188,-0.14600330802575612,0.0002540205127281592,-0.0014336917562723928,0.00030265991502240186
947,0.24902078329881258,0.25448028673835127,0.10328638497652583,-0.2274975272007913,-0.1559471276874409,0.24813137856011294,0.2537634408602151,0.1053864168618267,-0.2294757665677547,-0.15887552304768038,0.26681609110788457,0.25878136200716845,0.15561959654178675,0.5001454587769827,0.07539610577149114,0.33653472472993384,0.35053763440860214,0.06192660550458716,-0.255192878338279,-0.18523108128983734,-0.0008894047386996395,-0.0007168458781361964,0.0021000318853008765
948,0.2792570865437494,0.2853046594982079,0.11352657004830918,-0.22898550724637678,-0.15403121970237144,0.27838104626474497,0.28745519713261647,0.11352657004830918,-0.23285024154589373,-0.15403121970237144,0.2944862654465757,0.2838709677419355,0.17647058823529413,0.3432924563359345,0.0666440957349489,0.3601344363418865,0.36630824372759857,0.058823529411764705,-0.25024154589371983,-0.13613862655880504,-0.000876040279004453,0.002150537634408589,0.0
949,0.2690712228808834,0.27813620071684586,0.10297482837528604,-0.2551724137931034,-0.1933728448275862,0.26861632184205037,0.27670250896057347,0.10321100917431193,-0.2551724137931034,-0.1904364224137931,0.28578420253476206,0.2810035842293907,0.14366197183098592,0.5141625615763546,0.04741379310344829,0.3518571736559676,0.3648745519713262,0.03537735849056604,-0.2561576354679803,-0.15519935344827596,-0.00045490103883305544,-0.0014336917562723928,0.00023618079902588962
950,0.26540414907650495,0.27025089605734764,0.13316582914572864,-0.22827125119388725,-0.12947331947331941,0.26391597822926116,0.2716845878136201,0.13383838383838384,-0.227316141356256,-0.12343035343035347,0.2728175359667211,0.26738351254480286,0.187683284457478,0.4027798723168954,0.04275121275121274,0.35045816778319255,0.3541218637992832,0.07178217821782178,-0.24164278892072588,-0.1476022176022176,-0.001488170847243786,0.0014336917562724483,0.0006725546926552028
951,0.2996964716380987,0.3068100358422939,0.11633663366336634,-0.22619047619047616,-0.11655497439250295,0.2985740421504639,0.30824372759856633,0.11691542288557213,-0.22519841269841268,-0.11061621444916636,0.3049613585641322,0.2982078853046595,0.1791907514450867,0.48083751044277356,0.055669063964258414,0.37886529483958464,0.3878136200716846,0.06053268765133172,-0.23710317460317465,-0.14327939413751767,-0.0011224294876348018,0.0014336917562724483,0.0005787892222057917
952,0.258755837884108,0.27025089605734764,0.14357682619647355,-0.21629485935984483,-0.13430196842103437,0.25772444697249014,0.26810035842293906,0.1457286432160804,-0.22114451988360817,-0.13733700182554476,0.2748552858920797,0.26594982078853047,0.2088235294117647,0.36395085677335914,0.03869493563606052,0.338005801564486,0.34121863799283153,0.06459948320413436,-0.23278370514064017,-0.10395163437592991,-0.0010313909116178577,-0.002150537634408589,0.0021518170196068442
953,0.28506231840643775,0.2917562724014337,0.12598425196850394,-0.21462945139557266,-0.15231116774791476,0.2839912413942641,0.2910394265232975,0.12631578947368421,-0.21655437921077958,-0.14915430954587583,0.2902421344011325,0.2817204301075269,0.18037974683544303,0.2711453320500481,0.05288461538461542,0.36788714389063487,0.3763440860215054,0.08333333333333333,-0.24542829643888353,-0.16178174235403153,-0.0010710770121736268,-0.0007168458781361964,0.00033153750518027936
954,0.28932277950421315,0.2953405017921147,0.12342569269521411,-0.22972972972972971,-0.13430196842103437,0.28810392499085585,0.2939068100358423,0.12373737373737374,-0.23166023166023164,-0.13126693501652387,0.2966838028046269,0.2910394265232975,0.20180722891566266,0.30818730818730816,0.06297520287214398,0.36842513342174366,0.37777777777777777,0.058673469387755105,-0.24806949806949807,-0.11912680139848209,-0.0012188545133572926,-0.0014336917562723928,0.0003116810421596311
955,0.2684673463038937,0.2745519713261649,0.10786516853932585,-0.23147208121827412,-0.1629586564365434,0.26763523592193594,0.2745519713261649,0.10810810810810811,-0.23350253807106602,-0.16010251959090427,0.28674352506293205,0.2752688172043011,0.16310160427807488,0.33455490900086665,0.03982705960384203,0.3542450051235139,0.36415770609319,0.06292134831460675,-0.24670050761421325,-0.1629586564365434,-0.0008321103819577402,0.0,0.00024293956878226886
956,0.25833091591239227,0.26810035842293906,0.12171837708830549,-0.2355250245338567,-0.13797909993526536,0.2574349794182164,0.26594982078853047,0.12322274881516587,-0.23846908734052996,-0.14677629532480851,0.27295107038747174,0.2637992831541219,0.18571428571428572,0.382677839007574,0.06435639402422932,0.338023641226619,0.34121863799283153,0.06382978723404255,-0.23846908734052996,-0.14970869378798957,-0.000895936494175853,-0.002150537634408589,0.0015043717268603818
957,0.27766667264317424,0.2860215053763441,0.1315136476426799,-0.2192982456140351,-0.16590214067278286,0.2769364530625061,0.28888888888888886,0.1315136476426799,-0.22027290448343084,-0.16590214067278286,0.28829422723957765,0.2745519713261649,0.1661721068249258,0.37914230019493184,0.03593272171253825,0.3597263123305902,0.3720430107526882,0.06716417910447761,-0.253411306042885,-0.16284403669724778,-0.0007302195806681566,0.0028673835125447855,0.0
958,0.28099577585062224,0.2853046594982079,0.13043478260869565,-0.21862745098039216,-0.15403121970237144,0.2801713748869006,0.2860215053763441,0.13075060532687652,-0.21764705882352942,-0.15104912084511035,0.2980477187709146,0.28745519713261647,0.17664670658682635,0.43338632750397454,0.0845366888785154,0.3689575478182598,0.37777777777777777,0.07932692307692307,-0.2529411764705882,-0.15999541741689371,-0.0008244009637216609,0.0007168458781361964,0.00031582271818086927
959,0.281923555146301,0.28888888888888886,0.13012048192771083,-0.2362204724409449,-0.13130097133212948,0.2813535099552271,0.2896057347670251,0.13012048192771083,-0.23720472440944884,-0.13130097133212948,0.2938208861722852,0.28745519713261647,0.18611111111111112,0.4012890525781052,0.03042473229776277,0.3634726716446297,0.3741935483870968,0.0665083135391924,-0.2549212598425197,-0.14894377536448145,-0.000570045191073898,0.0007168458781362519,0.0
960,0.2692076075712225,0.2709677419354839,0.12093023255813953,-0.24019607843137258,-0.19641258663756722,0.2677331209612607,0.2709677419354839,0.12149532710280374,-0.2382352941176471,-0.1904653918618232,0.28255169958368626,0.2802867383512545,0.18285714285714286,0.31323529411764706,0.04147520439219421,0.3605806262843828,0.37060931899641575,0.08076009501187649,-0.2568627450980392,-0.1696502101467191,-0.0014744866099618004,0.0,0.0005650945446642047
961,0.26888773177129716,0.26953405017921145,0.12039312039312039,-0.23024390243902437,-0.13832456189991138,0.26699442816590124,0.2630824372759857,0.12039312039312039,-0.2321951219512195,-0.13832456189991138,0.2748067152838628,0.2616487455197133,0.1925287356321839,0.2246689895470384,0.03812615430520472,0.35336730303808633,0.36129032258064514,0.07579462102689487,-0.24,-0.14430594211025427,-0.001893303605395913,-0.006451612903225767,0.0
962,0.2818410450853149,0.2910394265232975,0.12780269058295965,-0.23619631901840488,-0.1363578423225802,0.281676021544359,0.2924731182795699,0.12780269058295965,-0.23619631901840488,-0.1363578423225802,0.30388751707072104,0.2953405017921147,0.211340206185567,0.3266359918200409,0.026853986791639972,0.3679690851803914,0.3763440860215054,0.06997742663656885,-0.23619631901840488,-0.12791585116149984,-0.00016502354095587757,0.0014336917562723928,0.0
963,0.2861756848182838,0.2917562724014337,0.12276214833759591,-0.22873900293255134,-0.13717469695928752,0.2853297792664519,0.2903225806451613,0.12371134020618557,-0.2267839687194526,-0.12795796097332401,0.2968865431378209,0.2946236559139785,0.2018348623853211,0.35027696318018897,0.05944900407460063,0.3690959845405229,0.37921146953405016,0.06426735218508997,-0.24242424242424243,-0.13103020630197848,-0.0008459055518318936,-0.0014336917562723928,0.0009491918685896605
964,0.27167450888056893,0.27598566308243727,0.13138686131386862,-0.22696411251212412,-0.15028732232059716,0.2710253954134134,0.27670250896057347,0.13170731707317074,-0.22599418040737151,-0.14729663221542566,0.2853569550107397,0.2745519713261649,0.1786743515850144,0.45813126414484323,0.04111684441037622,0.3588581867921235,0.3741935483870968,0.09047619047619047,-0.24054316197866155,-0.17720353326714033,-0.0006491134671555154,0.0007168458781361964,0.00032045575930211845
965,0.26520127938063437,0.27598566308243727,0.11928934010152284,-0.22458857696030976,-0.1383792048929664,0.264543539323827,0.2745519713261649,0.1189873417721519,-0.22652468538238146,-0.14143730886850148,0.2743252045581195,0.26666666666666666,0.1656441717791411,0.2581041835640093,0.06957186544342508,0.34534293575121644,0.3541218637992832,0.06965174129353234,-0.24878993223620527,-0.16284403669724778,-0.0006577400568073544,-0.0014336917562723928,-0.00030199832937094495
966,0.2803382022235155,0.28817204301075267,0.12200435729847495,-0.23824130879345606,-0.15346294920048908,0.27956396140939355,0.28817204301075267,0.12200435729847495,-0.23926380368098155,-0.15346294920048908,0.2955561727333707,0.28745519713261647,0.16414141414141414,0.3271107215892492,0.022136983674154287,0.3586411905503416,0.37132616487455194,0.058315334773218146,-0.2556237218813906,-0.16461215128776807,-0.0007742408141219737,0.0,0.0
967,0.24799996254619858,0.2537634408602151,0.10675381263616558,-0.25330620549338756,-0.17048289466050404,0.2464362357439121,0.2530465949820789,0.10675381263616558,-0.25330620549338756,-0.17048289466050404,0.26715941977874597,0.26021505376344084,0.15691489361702127,0.412855274357963,0.0627969341249428,0.3304294746234261,0.3419354838709677,0.06060606060606061,-0.2522889114954222,-0.17891469570094176,-0.0015637268022864748,-0.0007168458781361964,0.0
968,0.29145704218513535,0.2967741935483871,0.12903225806451613,-0.23823246878001925,-0.18502131581979497,0.2907749087705468,0.2939068100358423,0.1311881188118812,-0.239193083573487,-0.18811277442456142,0.30105083737556343,0.2982078853046595,0.17901234567901234,0.40452267829789446,0.05920391395676572,0.3794716908749818,0.3935483870967742,0.07788944723618091,-0.239193083573487,-0.16956402279596194,-0.0006821334145885594,-0.0028673835125447855,0.002155860747365068
969,0.2565429898717521,0.2616487455197133,0.10904872389791183,-0.2223350253807107,-0.12053556824798661,0.25552719226868065,0.26093189964157704,0.10930232558139535,-0.2223350253807107,-0.11768304251964379,0.26419805316841544,0.25663082437275986,0.15258855585831063,0.2454083987078911,0.062026078365947646,0.33539614504545406,0.33978494623655914,0.05630630630630631,-0.25380710659898476,-0.1576184027164419,-0.0010157976030714666,-0.0007168458781362519,0.00025360168348352585
970,0.26710537525210115,0.2724014336917563,0.10617283950617284,-0.22082931533269046,-0.15326810597161766,0.26584883713101515,0.27025089605734764,0.10617283950617284,-0.22275795564127288,-0.15326810597161766,0.2745749150283299,0.2637992831541219,0.15915915915915915,0.3239211668273867,0.06460215531376279,0.3495088026739439,0.35698924731182796,0.0661764705882353,-0.2545805207328833,-0.16234603352517507,-0.0012565381210860038,-0.0021505376344086446,0.0
971,0.29148697503409615,0.2953405017921147,0.1282051282051282,-0.21830314585319355,-0.12351201679392254,0.29078262688676465,0.2939068100358423,0.1282051282051282,-0.219256434699714,-0.12351201679392254,0.3003141184056099,0.2924731182795699,0.1952662721893491,0.47491658722592944,0.035266887154014936,0.37482589142378187,0.3827956989247312,0.09203980099502487,-0.22974261201143942,-0.16015330232036962,-0.0007043481473315016,-0.0014336917562723928,0.0
972,0.2698733430899673,0.2738351254480287,0.09069212410501193,-0.23952095808383234,-0.16109567396752755,0.2692177029214061,0.2731182795698925,0.09330143540669857,-0.24151696606786432,-0.1581262939958592,0.2839379580728339,0.2745519713261649,0.14124293785310735,0.39034833558689075,0.03191402419091205,0.35552838048058066,0.36630824372759857,0.052132701421800945,-0.26247504990019965,-0.17000381388253238,-0.0006556401685611779,-0.0007168458781361964,0.002609311301686637
973,0.2569386745735748,0.2637992831541219,0.1288056206088993,-0.2332332332332332,-0.15377247273799,0.2561657970819457,0.2616487455197133,0.12910798122065728,-0.23023023023023026,-0.15085202154167665,0.27737138510930565,0.2716845878136201,0.1864406779661017,0.3754399560851173,0.05942046459287842,0.343214755657384,0.353405017921147,0.08314087759815242,-0.25225225225225223,-0.17129517991586962,-0.0007728774916290759,-0.002150537634408589,0.0003023606117579791
974,0.2665388506222562,0.2709677419354839,0.12155963302752294,-0.2349457058242843,-0.1372534248257904,0.2654706474918863,0.26666666666666666,0.12268518518518519,-0.23099703849950637,-0.12582887744323357,0.282524631007406,0.2738351254480287,0.1774193548387097,0.34503072954813235,0.04553933329512039,0.3501624919663705,0.36129032258064514,0.06981981981981981,-0.24580454096742355,-0.16010251959090427,-0.0010682031303698714,-0.004301075268817234,0.0011255521576622463
975,0.2615355841863388,0.2724014336917563,0.12864077669902912,-0.21890547263681592,-0.13262294109169825,0.2604327729082165,0.2709677419354839,0.1280193236714976,-0.22089552238805965,-0.13853665980010688,0.26732082100963467,0.2537634408602151,0.17732558139534885,0.3803837953091685,0.06844349499419311,0.3378312406609574,0.33978494623655914,0.056372549019607844,-0.23283582089552235,-0.12079550367488101,-0.0011028112781223398,-0.0014336917562723928,-0.0006214530275315266
976,0.26991421398406035,0.27670250896057347,0.12658227848101267,-0.24106230847803878,-0.17821631493506496,0.2691601727495502,0.27670250896057347,0.12896405919661733,-0.24310520939734426,-0.17545150162337664,0.2961568977946611,0.28888888888888886,0.17447916666666666,0.5171457755727419,0.07061688311688308,0.34702194740897,0.3541218637992832,0.05627705627705628,-0.2471910112359551,-0.14503855519480524,-0.0007540412345101721,0.0,0.002381780715604659
977,0.25759278864275903,0.26881720430107525,0.13013698630136986,-0.2371342078708375,-0.14296569851706886,0.25663822391304175,0.26953405017921145,0.13043478260869565,-0.24117053481331985,-0.14010956167142963,0.27553449059168694,0.26666666666666666,0.20833333333333334,0.35473809742225487,0.07981297544279131,0.3364374447621253,0.34408602150537637,0.0774487471526196,-0.2512613521695257,-0.1458218353627081,-0.0009545647297172777,0.0007168458781361964,0.00029779630732579276
978,0.26067185090466366,0.26523297491039427,0.12589073634204276,-0.22398414271556,-0.14639008620689653,0.26031200385495784,0.2637992831541219,0.12826603325415678,-0.22596630327056488,-0.14639008620689653,0.27407974368200333,0.26666666666666666,0.16761363636363635,0.39751538479267984,0.0562230603448276,0.3410316219531479,0.34623655913978496,0.05952380952380952,-0.24083250743310203,-0.14345366379310343,-0.00035984704970581927,-0.0014336917562723928,0.002375296912114022
979,0.2763902404180081,0.2831541218637993,0.1198044009779951,-0.22645290581162325,-0.11869043372112875,0.2755220313935446,0.2817204301075269,0.1198044009779951,-0.22745490981963923,-0.11869043372112875,0.28539561462134866,0.2810035842293907,0.1907514450867052,0.3409722671148749,0.06707266557671399,0.3596752133662147,0.36774193548387096,0.06666666666666667,-0.24549098196392782,-0.15112526058265696,-0.0008682090244634955,-0.0014336917562723928,0.0
980,0.29512150779207613,0.3032258064516129,0.15594059405940594,-0.23362658846529816,-0.16356891620689895,0.2937974989895391,0.3017921146953405,0.15594059405940594,-0.23460410557184752,-0.16356891620689895,0.2918232707394976,0.27598566308243727,0.19469026548672566,0.2839687194525904,0.03460320124189731,0.3712976069231394,0.37849462365591396,0.08816120906801007,-0.2482893450635386,-0.14222730355856705,-0.0013240088025370245,-0.0014336917562723928,0.0
981,0.27284632379383184,0.27813620071684586,0.13902439024390245,-0.22442899702085406,-0.12925560452844542,0.2718262637086958,0.2802867383512545,0.13902439024390245,-0.22840119165839123,-0.12925560452844542,0.29296534613147884,0.2802867383512545,0.1836734693877551,0.3515854137317844,0.06913213851555544,0.35514966951747384,0.36129032258064514,0.0665024630541872,-0.2462760675273088,-0.11741156016760945,-0.0010200600851360542,0.0021505376344086446,0.0
982,0.2545497540518223,0.2616487455197133,0.09069212410501193,-0.21798631476050834,-0.16370301537097498,0.25359461908772973,0.26093189964157704,0.09134615384615384,-0.21505376344086025,-0.1547822232073589,0.2609543389149508,0.25161290322580643,0.14655172413793102,0.3591764418377321,0.047422399167938445,0.33988652351751236,0.34910394265232975,0.05673758865248227,-0.25024437927663734,-0.17559740492246312,-0.0009551349640925522,-0.0007168458781362519,0.0006540297411419121
983,0.26826274131995925,0.27598566308243727,0.11298076923076923,-0.2258382642998028,-0.1342414386708548,0.26760568783840266,0.27741935483870966,0.11270983213429256,-0.2258382642998028,-0.13718190600958013,0.2828007760120735,0.27741935483870966,0.18028169014084508,0.4040105193951348,0.04512706899138941,0.35289392907044004,0.35555555555555557,0.03414634146341464,-0.2416173570019724,-0.11659863463850295,-0.0006570534815565909,0.0014336917562723928,-0.00027093709647667275
984,0.2597682361860848,0.26738351254480286,0.1111111111111111,-0.2286555446516192,-0.1465942671756848,0.25873612359563963,0.26594982078853047,0.1111111111111111,-0.23061825318940132,-0.1465942671756848,0.270825742412235,0.26881720430107525,0.17032967032967034,0.3792363694456489,0.0727735767994917,0.3373620970412068,0.34551971326164876,0.056433408577878104,-0.2463199214916585,-0.1522921332529621,-0.0010321125904451667,-0.0014336917562723928,0.0
985,0.2602108307999777,0.2630824372759857,0.09468822170900693,-0.2359550561797753,-0.15854906076851816,0.2591502011100648,0.2645161290322581,0.09468822170900693,-0.23493360572012256,-0.15854906076851816,0.27334066632945764,0.2637992831541219,0.15517241379310345,0.5383043922369766,0.0880314313611662,0.34885926621927893,0.35770609318996416,0.060948081264108354,-0.2522982635342186,-0.18755853043083381,-0.0010606296899128842,0.0014336917562723928,0.0
986,0.27722743479883394,0.2810035842293907,0.15789473684210525,-0.22924901185770752,-0.13251996480552364,0.2758230937992967,0.2817204301075269,0.15827338129496402,-0.22924901185770752,-0.12959156944528394,0.29458686515019855,0.28745519713261647,0.20348837209302326,0.42695759000106825,0.08418129185221002,0.3556970558354966,0.36630824372759857,0.09692671394799054,-0.23814229249011853,-0.1471619416067219,-0.0014043409995372347,0.0007168458781361964,0.0003786444528587618
987,0.28258799983805327,0.28888888888888886,0.12376237623762376,-0.22407045009784732,-0.12677744595742346,0.28123910619257425,0.2860215053763441,0.1259259259259259,-0.226027397260274,-0.12976382914600404,0.2875988477243684,0.27741935483870966,0.17696629213483145,0.2969509500662837,0.0165689470944409,0.3668052464932138,0.3741935483870968,0.05665024630541872,-0.24266144814090018,-0.1327502123345845,-0.0013488936454790212,-0.0028673835125447855,0.002163549688302152
988,0.28328948713309876,0.2917562724014337,0.09898477157360407,-0.22599418040737151,-0.14907971996386638,0.28268730904936423,0.2903225806451613,0.09898477157360407,-0.22890397672162943,-0.14907971996386638,0.29067231015187234,0.2802867383512545,0.15915915915915915,0.18952473326867125,0.03861788617886175,0.3685164761165689,0.3763440860215054,0.05612244897959184,-0.24054316197866155,-0.14292570009033423,-0.0006021780837345281,-0.0014336917562723928,0.0
989,0.26442266667103825,0.2752688172043011,0.1572769953051643,-0.2255192878338279,-0.15850588917753283,0.263107981052271,0.2738351254480287,0.15529411764705883,-0.2255192878338279,-0.15557349071435178,0.27294146233820954,0.2637992831541219,0.21508379888268156,0.5078970039245716,0.04089720631878058,0.34632288697365565,0.35125448028673834,0.09004739336492891,-0.228486646884273,-0.14677629532480851,-0.0013146856187672418,-0.0014336917562723928,-0.0019828776581054808
990,0.2517802025612887,0.26093189964157704,0.1048951048951049,-0.2382382382382382,-0.1673030845670761,0.2510439133392853,0.2623655913978495,0.1048951048951049,-0.2392392392392393,-0.1673030845670761,0.26480915013740336,0.25949820788530464,0.13920454545454544,0.2218534323797482,0.05849159709786711,0.3382649581047657,0.34623655913978496,0.06004618937644342,-0.2542542542542543,-0.17903267841980042,-0.0007362892220034167,0.0014336917562724483,0.0
991,0.2799649335336594,0.2903225806451613,0.14221218961625282,-0.23571428571428577,-0.1522921332529621,0.2789654999328288,0.2910394265232975,0.14221218961625282,-0.2387755102040816,-0.1522921332529621,0.29162420319392773,0.2853046594982079,0.19480519480519481,0.33426423200859295,0.012945982988079918,0.3588246958086658,0.36415770609319,0.06046511627906977,-0.23367346938775513,-0.11525600375065959,-0.0009994336008306015,0.0007168458781361964,0.0
992,0.2777670671540704,0.2831541218637993,0.11809045226130653,-0.23702252693437809,-0.13470748100729124,0.2773779328877103,0.2853046594982079,0.11838790931989925,-0.23408423114593535,-0.13167698841323128,0.2876150522228607,0.2824372759856631,0.18429003021148035,0.49376878651761286,0.06833552279472588,0.3555492761284343,0.36057347670250894,0.05778894472361809,-0.24191968658178253,-0.13470748100729124,-0.00038913426636011383,0.002150537634408589,0.000297457058592715
993,0.2672646266871753,0.2709677419354839,0.10948905109489052,-0.23518164435946465,-0.1767924360841805,0.266235091699452,0.2716845878136201,0.10975609756097561,-0.23518164435946465,-0.17375740267967,0.2840590096223084,0.2817204301075269,0.16923076923076924,0.42603401429002724,0.08422043670371704,0.3511673578768776,0.35770609318996416,0.061274509803921566,-0.248565965583174,-0.1676873358706491,-0.0010295349877233462,0.0007168458781361964,0.0002670464660850941
994,0.265211619239355,0.27025089605734764,0.1446700507614213,-0.2230997038499506,-0.1278165086447296,0.26451859241596,0.2716845878136201,0.14936708860759493,-0.22507403751233956,-0.13085610708310091,0.26696573870236345,0.26093189964157704,0.19692307692307692,0.39664363277393877,0.0819157836029002,0.3370641439847655,0.34050179211469533,0.07481296758104738,-0.2428430404738401,-0.1490936977133296,-0.0006930268233950043,0.0014336917562724483,0.004697037846173618
995,0.254001495393371,0.25734767025089605,0.08270676691729323,-0.2232916265640038,-0.10676160229484677,0.2530498904556432,0.25806451612903225,0.08270676691729323,-0.22714148219441765,-0.10676160229484677,0.2626784220087358,0.25161290322580643,0.14245014245014245,0.29307025986525503,0.036174572277430594,0.3347194259429878,0.33906810035842294,0.052256532066508314,-0.24831568816169391,-0.17227401564047395,-0.0009516049377278346,0.0007168458781361964,0.0
996,0.27381847709027196,0.2838709677419355,0.11219512195121951,-0.23620522749273964,-0.15252255118624825,0.27202894067013406,0.2810035842293907,0.11246943765281174,-0.23620522749273964,-0.14952317892184264,0.2895325019021826,0.2845878136200717,0.17804154302670624,0.5505808325266215,0.06643162411536574,0.3564878647770412,0.36917562724014336,0.04914004914004914,-0.24007744433688283,-0.1435244343930313,-0.001789536420137905,-0.0028673835125447855,0.00027431570159222596
997,0.2679328684881544,0.2738351254480287,0.11822660098522167,-0.23062200956937795,-0.12249373433583954,0.26688527705812737,0.2716845878136201,0.12098765432098765,-0.23062200956937795,-0.1195243543641713,0.27155876880746804,0.2645161290322581,0.17415730337078653,0.24061669324827217,0.025975264247575458,0.34355807198191796,0.35197132616487453,0.06746987951807229,-0.23253588516746415,-0.14921815408085426,-0.0010475914300270284,-0.002150537634408589,0.002761053335765984
998,0.26832982416270895,0.27598566308243727,0.11392405063291139,-0.22497522299306238,-0.15215672990063234,0.2673046970787839,0.27670250896057347,0.11421319796954314,-0.2229930624380575,-0.14907971996386638,0.27962400180765096,0.2716845878136201,0.182370820668693,0.2978196233894945,0.05092592592592593,0.3554996832811792,0.36129032258064514,0.06905370843989769,-0.23488602576808726,-0.13984869015356816,-0.0010251270839250481,0.0007168458781361964,0.00028914733663175374
999,0.2844995167148774,0.28817204301075267,0.11981566820276497,-0.22438524590163933,-0.13645714811111498,0.28371202519243255,0.2896057347670251,0.11981566820276497,-0.22643442622950816,-0.13645714811111498,0.2950377101646695,0.28888888888888886,0.17819148936170212,0.26759468626342564,0.0296209094954053,0.37359269228648573,0.3813620071684588,0.07029478458049887,-0.2561475409836066,-0.1565010516153501,-0.0007874915224448387,0.0014336917562724483,0.0
1000,0.24906554367553604,0.25878136200716845,0.10955710955710955,-0.23626943005181344,-0.1419285803160384,0.2477022400007972,0.25734767025089605,0.10981308411214953,-0.23834196891191706,-0.13903529509352575,0.2713183789582392,0.26594982078853047,0.1643059490084986,0.3555555555555556,0.07796109659491512,0.33019675099936613,0.3340501792114695,0.053117782909930716,-0.244559585492228,-0.15350172120608852,-0.0013633036747388305,-0.0014336917562723928,0.00025597455503997835
1001,0.2752182592629291,0.27813620071684586,0.1076555023923445,-0.22987390882638215,-0.13000055335796057,0.27381860454829865,0.27885304659498206,0.1076555023923445,-0.23084384093113486,-0.13000055335796057,0.28559346891105536,0.27670250896057347,0.16893732970027248,0.20716133204009046,0.019144508592978338,0.36170143489365897,0.3741935483870968,0.06542056074766354,-0.2463627546071775,-0.15924468315226237,-0.0013996547146304383,0.0007168458781361964,0.0
1002,0.2641595136245909,0.27025089605734764,0.1261904761904762,-0.23140495867768596,-0.1485604878740604,0.26303026685071557,0.26738351254480286,0.12649164677804295,-0.22830578512396693,-0.14561595450831022,0.27486120634728245,0.2637992831541219,0.19578313253012047,0.39298736023334957,0.11055844831195849,0.3400490964070727,0.34623655913978496,0.07380952380952381,-0.24173553719008267,-0.1485604878740604,-0.0011292467738753253,-0.0028673835125447855,0.0003011705875667625
1003,0.2694900335155054,0.2709677419354839,0.12149532710280374,-0.24236453201970443,-0.16437068610389505,0.26912188271632564,0.26881720430107525,0.12149532710280374,-0.24137931034482762,-0.16437068610389505,0.2764469781890421,0.26738351254480286,0.16758241758241757,0.22329572540918474,0.023302815539694155,0.35429621535637096,0.36630824372759857,0.07621247113163972,-0.2571428571428571,-0.17903267841980042,-0.0003681507991797339,-0.0021505376344086446,0.0
1004,0.27021647295627216,0.27670250896057347,0.12771084337349398,-0.22854387656702024,-0.1389340376540702,0.2698094689533617,0.27670250896057347,0.1280193236714976,-0.22661523625843782,-0.13598130841121503,0.2918329215557616,0.2845878136200717,0.1875,0.4436183780757147,0.04708790464580792,0.3576958354192512,0.36630824372759857,0.08076009501187649,-0.24975891996142718,-0.15665041311120143,-0.00040700400291043826,0.0,0.00030848029800362164
1005,0.28131828009447046,0.2860215053763441,0.12296983758700696,-0.23684210526315785,-0.17058910448863907,0.2801787763251493,0.28817204301075267,0.12383177570093458,-0.23391812865497075,-0.16180391840792008,0.2898599492405869,0.2824372759856631,0.19444444444444445,0.4480431848852901,0.037326966088375824,0.37233820511307847,0.3827956989247312,0.08411214953271028,-0.2543859649122807,-0.16180391840792008,-0.0011395037693211485,0.002150537634408589,0.0008619381139276239
1006,0.270009596371904,0.27885304659498206,0.1275,-0.2384615384615385,-0.16754177958446248,0.26877661584366,0.27813620071684586,0.12814070351758794,-0.2365384615384616,-0.16138775971093045,0.2823368409005849,0.2752688172043011,0.20364741641337386,0.39070512820512826,0.05092592592592593,0.3577995660260301,0.36774193548387096,0.09476309226932668,-0.24230769230769234,-0.17061878952122855,-0.0012329805282439987,-0.0007168458781361964,0.0006407035175879372
1007,0.27291227385774897,0.2817204301075269,0.11458333333333333,-0.21988527724665397,-0.13703964679124114,0.27255280479261124,0.27741935483870966,0.11458333333333333,-0.2189292543021033,-0.13703964679124114,0.2912352121388802,0.2817204301075269,0.17065868263473055,0.2697433223245843,0.01851491771841407,0.3591467805455782,0.36702508960573477,0.047493403693931395,-0.23709369024856597,-0.12148419034027558,-0.0003594690651377297,-0.004301075268817234,0.0
1008,0.2603762591563945,0.26810035842293906,0.11352657004830918,-0.2109375,-0.12331710761935999,0.2602320099075967,0.26881720430107525,0.11352657004830918,-0.2109375,-0.12331710761935999,0.28099171949846385,0.2738351254480287,0.17681159420289855,0.4904017857142857,0.0790183863401347,0.3415502779023344,0.34623655913978496,0.054373522458628844,-0.240234375,-0.14970869378798957,-0.00014424924879780088,0.0007168458781361964,0.0
1009,0.2572635160651027,0.25806451612903225,0.1089588377723971,-0.22870813397129186,-0.1536548946546481,0.25681963977656413,0.25949820788530464,0.10922330097087378,-0.22775119617224882,-0.15066851146606752,0.2854680562121578,0.27741935483870966,0.17391304347826086,0.36244019138755984,0.04941916216882647,0.35103996564271867,0.3634408602150538,0.06521739130434782,-0.24880382775119614,-0.15664127784322857,-0.0004438762885385916,0.0014336917562723928,0.000264463198476686
1010,0.28361275117382745,0.28888888888888886,0.11734693877551021,-0.23181377303588746,-0.12435612110421634,0.282698772930558,0.28817204301075267,0.11764705882352941,-0.23084384093113486,-0.12131193325129386,0.28575554550979515,0.27956989247311825,0.191044776119403,0.4287981659465655,0.049162586512362605,0.36204304916503727,0.36845878136200716,0.07035175879396985,-0.23763336566440352,-0.14262124822175093,-0.0009139782432694421,-0.0007168458781361964,0.00030012004801920067
1011,0.26321226786852236,0.2709677419354839,0.08962264150943396,-0.23046875,-0.12994783879863114,0.2613659266785722,0.26881720430107525,0.09198113207547169,-0.2294921875,-0.12994783879863114,0.26522981273477775,0.25734767025089605,0.13333333333333333,0.3076171875,0.05546695903518384,0.34727425481967206,0.353405017921147,0.045351473922902494,-0.25390625,-0.1791986444732383,-0.0018463411899501403,-0.0021505376344086446,0.0023584905660377353
1012,0.2749298286247713,0.27741935483870966,0.13349514563106796,-0.23054474708171202,-0.14547348290817197,0.2740473824743903,0.2817204301075269,0.13414634146341464,-0.2315175097276264,-0.13951780896766042,0.29039517509912616,0.2831541218637993,0.21159420289855072,0.24529831387808043,0.05404159409896525,0.3578162798607086,0.3655913978494624,0.08048780487804878,-0.2324902723735408,-0.13951780896766042,-0.0008824461503809666,0.004301075268817234,0.0006511958323466849
1013,0.27499800402957286,0.27956989247311825,0.11933174224343675,-0.2314540059347181,-0.12539830989679013,0.27401200456722496,0.27813620071684586,0.11961722488038277,-0.2334322453016815,-0.1224857209659641,0.2841950029891834,0.27956989247311825,0.1896551724137931,0.4215171574222019,0.08139550419185682,0.3546035941632648,0.35842293906810035,0.057007125890736345,-0.2393669634025717,-0.13122348775844217,-0.0009859994623478974,-0.0014336917562723928,0.00028548263694602727
1014,0.2631516724010571,0.26810035842293906,0.11197916666666667,-0.2225433526011561,-0.1479416786508745,0.26189371652567806,0.26738351254480286,0.11428571428571428,-0.2244701348747592,-0.15107283346170353,0.269350613852413,0.26021505376344084,0.17295597484276728,0.39449206032821743,0.05871453886384326,0.3422949304636637,0.34767025089605735,0.0625,-0.23506743737957614,-0.1479416786508745,-0.0012579558753790243,-0.0007168458781361964,0.002306547619047611
1015,0.269805454612801,0.27670250896057347,0.11818181818181818,-0.2418558736426456,-0.1611286919831223,0.2684910538045455,0.27598566308243727,0.12155963302752294,-0.23790720631786777,-0.14963080168776366,0.27887195216141436,0.2709677419354839,0.17166212534059946,0.39089456118083954,0.04870780590717305,0.34769625098610824,0.35555555555555557,0.06864988558352403,-0.23790720631786777,-0.15250527426160332,-0.001314400808255456,-0.0007168458781361964,0.003377814845704763
1016,0.27330209031204744,0.27598566308243727,0.13333333333333333,-0.23203883495145627,-0.15297398961294317,0.2720182124510551,0.27741935483870966,0.13367609254498714,-0.23106796116504857,-0.14986784643114115,0.2739651987078229,0.2645161290322581,0.1686746987951807,0.37109783420463033,0.027182314931572193,0.3599213219961498,0.3627240143369176,0.05526315789473684,-0.23203883495145627,-0.12191255779492327,-0.0012838778609923218,0.0014336917562723928,0.00034275921165380363
1017,0.2823823079531461,0.2896057347670251,0.10204081632653061,-0.21965317919075145,-0.12961889771499702,0.28133061293557626,0.28817204301075267,0.10204081632653061,-0.21965317919075145,-0.12961889771499702,0.29197846005589195,0.2860215053763441,0.16770186335403728,0.2619642764151434,0.08412193452261107,0.3717295904548258,0.3842293906810036,0.06172839506172839,-0.24759152215799618,-0.16931362370198144,-0.0010516950175698536,-0.0014336917562724483,0.0
1018,0.2627188044539773,0.26953405017921145,0.12009803921568628,-0.23751178133836004,-0.1757641234345172,0.26187126827111534,0.27025089605734764,0.12009803921568628,-0.24128180961357215,-0.1757641234345172,0.2776631802019951,0.2724014336917563,0.17575757575757575,0.491805424651796,0.06204241750403827,0.3519877818163537,0.35913978494623655,0.06,-0.2422243166823751,-0.1513737089792807,-0.0008475361828619299,0.0007168458781361964,0.0
1019,0.2886553238833307,0.2953405017921147,0.11311053984575835,-0.2173076923076923,-0.13103020630197848,0.28769031127311817,0.2946236559139785,0.11369509043927649,-0.2173076923076923,-0.12488571564466955,0.29504526060734515,0.2903225806451613,0.18042813455657492,0.1784429280397022,0.05944900407460063,0.3699829621940719,0.37777777777777777,0.06598984771573604,-0.23750000000000004,-0.14639143294525103,-0.0009650126102125345,-0.0007168458781361964,0.0005845505935181405
1020,0.2581114967221057,0.26738351254480286,0.08904109589041095,-0.22422422422422428,-0.16543620602815257,0.2576094766586412,0.26738351254480286,0.08924485125858124,-0.2222222222222222,-0.1625467221588951,0.2803686849814957,0.27670250896057347,0.13649025069637882,0.39705494968652866,0.06283301964318855,0.34215736737869096,0.3548387096774194,0.04740406320541761,-0.24524524524524527,-0.17988362537444003,-0.0005020200634645033,0.0,0.00020375536817028583
1021,0.26321913949456544,0.26881720430107525,0.11989795918367346,-0.2191780821917808,-0.13757695148978077,0.26244653627213194,0.26738351254480286,0.12213740458015267,-0.22113502935420748,-0.1406444577338446,0.2648955695601929,0.2530465949820789,0.1716867469879518,0.4719504240052185,0.04647342315404368,0.3434344392678923,0.35125448028673834,0.07673267326732673,-0.25048923679060664,-0.17438702641854575,-0.0007726032224334989,-0.0014336917562723928,0.0022394453964792033
1022,0.2740762946499512,0.2810035842293907,0.12718204488778054,-0.2270114942528736,-0.13591959242632612,0.2731754813008384,0.2810035842293907,0.1275,-0.22605363984674332,-0.1329025784743666,0.29789065297859546,0.2910394265232975,0.20359281437125748,0.4664750957854406,0.06622034235496621,0.3589468799322221,0.36989247311827955,0.07268170426065163,-0.24137931034482762,-0.12988556452240707,-0.0009008133491127945,0.0,0.0003179551122194646
1023,0.2684648678213324,0.2709677419354839,0.12098765432098765,-0.24277456647398843,-0.14798764823416455,0.2678308544387726,0.27025089605734764,0.12098765432098765,-0.24470134874759153,-0.14798764823416455,0.28370667645043235,0.2738351254480287,0.17151162790697674,0.31545038535645475,0.036050202835370304,0.3553028353489651,0.36057347670250894,0.06172839506172839,-0.23314065510597304,-0.14798764823416455,-0.000634013382559806,-0.0007168458781362519,0.0
1024,0.30166767732531335,0.30824372759856633,0.1330049261083744,-0.22517207472959688,-0.14574849204583273,0.30046756721389,0.3089605734767025,0.1330049261083744,-0.22418879056047203,-0.14574849204583273,0.31839639863687125,0.3154121863799283,0.19461077844311378,0.3576128885863399,0.07083805512290453,0.39737185810716963,0.4114695340501792,0.08333333333333333,-0.2517207472959685,-0.15176478502274227,-0.001200110111423347,0.0007168458781361964,0.0
1025,0.26761075526634165,0.2752688172043011,0.11383928571428571,-0.2418848167539267,-0.17403253312344225,0.26683951800405764,0.2738351254480287,0.11409395973154363,-0.24083769633507857,-0.17117276662731207,0.27960503469568004,0.26881720430107525,0.14673913043478262,0.27398560209424083,0.054748786566968355,0.35339412950094823,0.36774193548387096,0.06637168141592921,-0.25130890052356025,-0.18547159910796274,-0.000771237262284008,-0.0014336917562723928,0.0002546740172579137
1026,0.277282948116491,0.2845878136200717,0.10823529411764705,-0.23558648111332003,-0.1328449450147846,0.27611676342765834,0.2802867383512545,0.10823529411764705,-0.23658051689860837,-0.1328449450147846,0.2948380715823068,0.2860215053763441,0.1889763779527559,0.381408518585457,-0.00537227150403663,0.3629145042844867,0.3734767025089606,0.06074766355140187,-0.2435387673956262,-0.14153626366324457,-0.0011661846888326721,-0.004301075268817178,0.0
1027,0.2558160182428114,0.25949820788530464,0.1159090909090909,-0.22833843017329258,-0.15115440115440115,0.2545239037034247,0.25949820788530464,0.1159090909090909,-0.23037716615698267,-0.15115440115440115,0.27881200000163314,0.2745519713261649,0.17073170731707318,0.3571457696228338,0.05188902007083829,0.34735328674743465,0.35268817204301073,0.05668934240362812,-0.25688073394495414,-0.15401416765053133,-0.0012921145393867128,0.0,0.0
1028,0.28301496151606104,0.2924731182795699,0.12410501193317422,-0.23627450980392162,-0.15332095657112832,0.2818832229437187,0.2939068100358423,0.12410501193317422,-0.23725490196078436,-0.15332095657112832,0.291180420986293,0.2845878136200717,0.17366946778711484,0.29640522875816994,0.030004323389537402,0.36498579879939363,0.3720430107526882,0.06235011990407674,-0.24607843137254903,-0.1474072378627197,-0.0011317385723423334,0.0014336917562723928,0.0
1029,0.2886257023853029,0.2931899641577061,0.11528822055137844,-0.23874755381604695,-0.14301450083658673,0.2879358890870746,0.2924731182795699,0.11838790931989925,-0.23776908023483367,-0.13693530395984377,0.29850785430956134,0.2896057347670251,0.1749271137026239,0.32319735059461085,0.027203011712214176,0.37171442256668114,0.37992831541218636,0.06965174129353234,-0.24070450097847362,-0.15213329615170113,-0.000689813298228259,-0.0007168458781361964,0.0030996887685208058
1030,0.27539149136538876,0.2817204301075269,0.11380145278450363,-0.24134615384615388,-0.1774759127811043,0.2744673810894843,0.2831541218637993,0.11864406779661017,-0.24230769230769234,-0.1774759127811043,0.27580518939523213,0.2645161290322581,0.16374269005847952,0.44855769230769227,0.03736837265309034,0.35800109806705865,0.3648745519713262,0.05925925925925926,-0.24038461538461542,-0.15326810597161766,-0.0009241102759044439,0.0014336917562723928,0.0048426150121065464
1031,0.2815332371815049,0.2853046594982079,0.08684863523573201,-0.2236453201970443,-0.13152694533540865,0.28066204776208425,0.2845878136200717,0.08684863523573201,-0.2226600985221675,-0.13152694533540865,0.2884924057450007,0.2831541218637993,0.15178571428571427,0.34432449428781053,0.06943099637977146,0.3713560893036525,0.382078853046595,0.06921241050119331,-0.2502463054187192,-0.17951690156589928,-0.0008711894194206593,-0.0007168458781361964,0.0
1032,0.26327840504976757,0.26523297491039427,0.13443396226415094,-0.22440944881889768,-0.13996125455092012,0.2627634533727568,0.2645161290322581,0.1347517730496454,-0.22342519685039375,-0.1370486656200942,0.28665188015228477,0.27956989247311825,0.19722222222222222,0.3498756734355574,0.04644443702194467,0.34924973016230637,0.35842293906810035,0.07962529274004684,-0.25,-0.1486990213433983,-0.0005149516770107665,-0.0007168458781361964,0.00031781078549444897
1033,0.27145191261269086,0.27670250896057347,0.12135922330097088,-0.2174776564051638,-0.13517762670886335,0.26995286139927727,0.27670250896057347,0.12135922330097088,-0.22045680238331677,-0.13517762670886335,0.27735912060689466,0.26738351254480286,0.17464788732394365,0.3188854489164087,0.033600005433047864,0.3553391561191588,0.3655913978494624,0.07177033492822966,-0.24031777557100298,-0.15294369325011714,-0.0014990512134135936,0.0,0.0
1034,0.2530527745624898,0.25591397849462366,0.08733624454148471,-0.22442899702085406,-0.15550051824428124,0.2529239956749437,0.2530465949820789,0.08733624454148471,-0.22442899702085406,-0.15550051824428124,0.2817286316067612,0.2745519713261649,0.1347708894878706,0.40456388613042044,0.08756646262633705,0.34213084912139824,0.3541218637992832,0.05708245243128964,-0.25918570009930486,-0.19740861839438795,-0.00012877888754608824,-0.0028673835125447855,0.0
1035,0.2756652571385219,0.27956989247311825,0.13002364066193853,-0.22310756972111556,-0.1270507325824778,0.2740539763778095,0.27670250896057347,0.13002364066193853,-0.2260956175298805,-0.1270507325824778,0.2919824821091227,0.2817204301075269,0.19008264462809918,0.4018773391283351,0.04677564038672388,0.3630587064769356,0.37132616487455194,0.07294117647058823,-0.24800796812749004,-0.1328449450147846,-0.0016112807607124302,-0.0028673835125447855,0.0
1036,0.25719776361383995,0.25949820788530464,0.12761020881670534,-0.2180746561886051,-0.13773589576439715,0.25693334703946236,0.2630824372759857,0.12790697674418605,-0.22200392927308443,-0.13485769925817126,0.2802640293244327,0.2738351254480287,0.19346049046321526,0.3089811956216671,0.0464686806340614,0.3372487517106379,0.34767025089605735,0.09070294784580499,-0.25049115913555997,-0.16651786082665632,-0.0002644165743775906,0.0035842293906810374,0.0002967679274807067
1037,0.2828050344501034,0.2924731182795699,0.07673860911270983,-0.2164846077457795,-0.11708637503064634,0.2802863246193369,0.28817204301075267,0.07673860911270983,-0.2214498510427011,-0.11708637503064634,0.293179484709785,0.28888888888888886,0.1589041095890411,0.4031485483965185,0.03416541162774789,0.3693626140877677,0.37777777777777777,0.03747072599531616,-0.2512413108242304,-0.14617325708033757,-0.002518709830766519,-0.004301075268817234,0.0
1038,0.2719744281027894,0.2731182795698925,0.12121212121212122,-0.21167161226508413,-0.14183265955714608,0.27153900187238944,0.2709677419354839,0.12121212121212122,-0.21463897131552923,-0.14183265955714608,0.28450098054760353,0.27885304659498206,0.18944099378881987,0.3835311572700297,0.08412193452261107,0.3533261376374331,0.35627240143369177,0.05597964376590331,-0.22057368941641942,-0.13267233817553425,-0.0004354262303999379,-0.002150537634408589,0.0
1039,0.27773741314605926,0.2838709677419355,0.10218978102189781,-0.22924901185770752,-0.13991423626799893,0.27632021013101526,0.2817204301075269,0.1024390243902439,-0.2282608695652174,-0.13694063888012686,0.2811993791841661,0.26881720430107525,0.15864022662889518,0.3047907864249693,0.032554412228578244,0.3585234703217963,0.36630824372759857,0.06220095693779904,-0.2579051383399209,-0.16072941798310292,-0.0014172030150439996,-0.002150537634408589,0.00024924336834608596
1040,0.26964171879690085,0.2724014336917563,0.14192139737991266,-0.2445109780439122,-0.17505236512442268,0.26866130240931557,0.2716845878136201,0.1422319474835886,-0.24650698602794407,-0.17223152259181074,0.2940444384532133,0.2867383512544803,0.2047872340425532,0.52874251497006,0.056256722549757,0.34877714281087996,0.35627240143369177,0.06636155606407322,-0.23752495009980035,-0.11581467193957184,-0.0009804163875852812,-0.0007168458781361964,0.0003105501036759495
1041,0.2802285978940202,0.2838709677419355,0.12345679012345678,-0.22178988326848248,-0.12976382914600404,0.27976626814775546,0.2860215053763441,0.12376237623762376,-0.22373540856031127,-0.12677744595742346,0.2963545830186101,0.2896057347670251,0.20679886685552407,0.2679176603489394,0.02552809666018241,0.36442668390148,0.3741935483870968,0.0893719806763285,-0.24513618677042803,-0.15664127784322857,-0.00046232974626475576,0.002150537634408589,0.000305586114166978
1042,0.2515311773447688,0.25663082437275986,0.09750566893424037,-0.22830578512396693,-0.1392344497607656,0.2506077456103887,0.25806451612903225,0.1004566210045662,-0.22933884297520657,-0.13071965628356597,0.2579097073914681,0.25089605734767023,0.1554959785522788,0.4072767587180004,0.05376753572242288,0.32829758918664725,0.33835125448028674,0.06359649122807018,-0.2520661157024794,-0.181808417146763,-0.0009234317343801424,0.0014336917562723928,0.002950952070325835
1043,0.2597574873945566,0.26953405017921145,0.11082474226804123,-0.21671525753158405,-0.12795796097332401,0.2589229089439006,0.26810035842293906,0.11168831168831168,-0.2157434402332361,-0.1187412249873605,0.2784659372608506,0.2724014336917563,0.17417417417417416,0.3026291597720169,0.0410155321026735,0.3452782550792031,0.3548387096774194,0.05597964376590331,-0.2274052478134111,-0.14331918761659646,-0.0008345784506560427,-0.0014336917562723928,0.0008635694202704519
1044,0.2805196426944882,0.2845878136200717,0.09405940594059406,-0.22341463414634144,-0.16356891620689895,0.2790589571571925,0.2831541218637993,0.09405940594059406,-0.224390243902439,-0.16356891620689895,0.2875516392399185,0.2802867383512545,0.15273775216138327,0.3867265725288832,0.010212786786660821,0.3624751694334266,0.3763440860215054,0.059113300492610835,-0.2546341463414634,-0.16966651982070813,-0.001460685537295725,-0.0014336917562723928,0.0
1045,0.27563055305522305,0.2853046594982079,0.10236220472440945,-0.22753346080305925,-0.12770637292066178,0.2746866775260208,0.2845878136200717,0.10209424083769633,-0.2284894837476099,-0.13081746421085494,0.2778273139614085,0.26953405017921145,0.1619047619047619,0.3136084921210523,0.07762565223208306,0.364484349459954,0.374910394265233,0.07518796992481203,-0.2437858508604207,-0.18370601614413773,-0.000943875529202276,-0.0007168458781361964,-0.00026796388671311566
1046,0.3054076970396475,0.3103942652329749,0.1424731182795699,-0.21579961464354525,-0.09442900353688655,0.3052293796219165,0.3103942652329749,0.14363143631436315,-0.2148362235067437,-0.08512533808474654,0.3121562031043291,0.3046594982078853,0.21846153846153846,0.2832369942196532,0.05132842187997355,0.38876947315961824,0.396415770609319,0.08376963350785341,-0.22928709055876684,-0.1254412217106866,-0.00017831741773099985,0.0,0.0011583180347932431
1047,0.2793663147785278,0.2817204301075269,0.1272264631043257,-0.20723362658846534,-0.13532110091743121,0.27841162344103304,0.2867383512544803,0.1278772378516624,-0.20723362658846534,-0.12920489296636084,0.289217498046161,0.27670250896057347,0.18694362017804153,0.3560287305027838,0.03593272171253825,0.35923336982600657,0.36917562724014336,0.0707070707070707,-0.2512218963831867,-0.14449541284403666,-0.0009546913374947619,0.005017921146953375,0.0006507747473367131
1048,0.2661831351283732,0.2731182795698925,0.10945273631840796,-0.24248120300751874,-0.16284403669724778,0.2641466587706192,0.2716845878136201,0.10945273631840796,-0.2443609022556391,-0.16284403669724778,0.26844803086138025,0.26021505376344084,0.15743440233236153,0.439946849883329,0.01758409785932724,0.3585185243631668,0.36200716845878134,0.06435643564356436,-0.24624060150375937,-0.16896024464831805,-0.0020364763577540024,-0.0014336917562723928,0.0
1049,0.25430424449082684,0.25591397849462366,0.11407766990291263,-0.23471400394477315,-0.15327801242576866,0.2528665380472714,0.25519713261648747,0.11435523114355231,-0.23471400394477315,-0.15028732232059716,0.2658275126992103,0.26093189964157704,0.14202898550724638,0.5280616819078358,0.04709822462071911,0.33397955049953676,0.3433691756272401,0.057971014492753624,-0.24852071005917165,-0.15925939263611155,-0.0014377064435554532,-0.0007168458781361964,0.00027756124063968435
1050,0.26974771273298565,0.2738351254480287,0.1261904761904762,-0.23008849557522126,-0.16929617867021818,0.2686286755011436,0.27598566308243727,0.12709832134292565,-0.22812192723697144,-0.16036266775945096,0.2762207048352745,0.26881720430107525,0.1826086956521739,0.37782694198623396,0.05404159409896525,0.3473624161806792,0.35627240143369177,0.081145584725537,-0.24582104228121926,-0.1663183416999624,-0.001119037231842035,0.002150537634408589,0.0009078451524494602
1051,0.2699308680217021,0.27741935483870966,0.10952380952380952,-0.23529411764705888,-0.15886571543053507,0.27006591179421463,0.27885304659498206,0.11031175059952038,-0.23143683702989393,-0.14998268215990818,0.28659619784447454,0.2810035842293907,0.164804469273743,0.23612542812489612,0.02471697216242097,0.3515699244974732,0.35770609318996416,0.043689320388349516,-0.2391513982642237,-0.13517762670886335,0.00013504377251255528,0.0014336917562723928,0.0007879410757108546
1052,0.25207444620778663,0.26021505376344084,0.12142857142857143,-0.23728813559322037,-0.14345366379310343,0.25140389135169566,0.26093189964157704,0.12200956937799043,-0.23629112662013962,-0.13758081896551722,0.2662784177874904,0.25806451612903225,0.16620498614958448,0.36205668708161237,0.029795258620689657,0.33281362918791896,0.33763440860215055,0.06382978723404255,-0.24725822532402797,-0.15226293103448274,-0.0006705548560909658,0.0007168458781361964,0.0005809979494190015
1053,0.27436790217277623,0.2845878136200717,0.13443396226415094,-0.22525252525252526,-0.1005678881495875,0.2731383971489183,0.2838709677419355,0.1405152224824356,-0.2282828282828283,-0.10912546533461576,0.2868647057031093,0.27598566308243727,0.2099737532808399,0.3489510489510489,0.022090718169149537,0.3512019736282113,0.35555555555555557,0.07058823529411765,-0.23232323232323238,-0.10342041387793022,-0.0012295050238579353,-0.0007168458781361964,0.006081260218284645
1054,0.2718344889610869,0.2724014336917563,0.13551401869158877,-0.231610337972167,-0.13157442476881687,0.2710533124397353,0.2731182795698925,0.13752913752913754,-0.23260437375745524,-0.13445636439350372,0.2774360499131853,0.2630824372759857,0.20485175202156333,0.4549370444002651,0.032696133838333696,0.3486328078304891,0.3548387096774194,0.07494145199063232,-0.24254473161033796,-0.12869248514413,-0.0007811765213516231,0.0007168458781361964,0.0020151188375487628
1055,0.27135051178606573,0.2802867383512545,0.1339712918660287,-0.22277722277722278,-0.14522801933510632,0.2706950467969209,0.27885304659498206,0.1339712918660287,-0.22277722277722278,-0.14522801933510632,0.27968922017271797,0.2731182795698925,0.18658892128279883,0.31683210406614665,0.07591852744803984,0.3481519671572585,0.35698924731182796,0.07894736842105263,-0.22977022977022976,-0.14522801933510632,-0.0006554649891448161,-0.0014336917562724483,0.0
1056,0.2709950732959441,0.2752688172043011,0.09350649350649351,-0.22201138519924102,-0.11347611144771386,0.26966052544041375,0.2731182795698925,0.09399477806788512,-0.22201138519924102,-0.10735052641746345,0.27926657272698263,0.27025089605734764,0.18128654970760233,0.31465166711846027,0.01822396670266846,0.3622720133724931,0.36774193548387096,0.058823529411764705,-0.23055028462998106,-0.13185286653846484,-0.0013345478555303325,-0.002150537634408589,0.0004882845613916054
1057,0.2627243433532741,0.26594982078853047,0.10416666666666667,-0.22745490981963923,-0.153124688527858,0.26155629422402116,0.26523297491039427,0.10321100917431193,-0.23146292585170336,-0.16471311339247152,0.27275148160625073,0.26594982078853047,0.15921787709497207,0.3242914400229029,0.06126117146749066,0.3482453543150328,0.36057347670250894,0.06164383561643835,-0.2474949899799599,-0.17050732582477823,-0.001168049129252946,-0.0007168458781361964,-0.000955657492354739
1058,0.2698276095587046,0.2745519713261649,0.11298076923076923,-0.23333333333333328,-0.1547822232073589,0.2692880329649237,0.27598566308243727,0.11380145278450363,-0.2313725490196078,-0.14586143104374294,0.2917691690873722,0.28745519713261647,0.17220543806646527,0.3505602240896359,0.09797355476176273,0.3530521641681575,0.36415770609319,0.06490384615384616,-0.25,-0.1547822232073589,-0.0005395765937808994,0.0014336917562723928,0.0008206835537343943
1059,0.2684025189894871,0.2752688172043011,0.10632911392405063,-0.23656927426955698,-0.16028964698166226,0.26846946697547486,0.2724014336917563,0.10632911392405063,-0.23751178133836004,-0.16028964698166226,0.28495646813144787,0.2802867383512545,0.15294117647058825,0.3091161378154781,0.00974057628050018,0.3623195288457652,0.37132616487455194,0.06,-0.2478793590951932,-0.17574694000549507,6.69479859877753e-05,-0.0028673835125447855,0.0
1060,0.28348905819978276,0.2903225806451613,0.11548556430446194,-0.2184235517568851,-0.10383438280507973,0.28143817612007305,0.28817204301075267,0.11780104712041885,-0.2203228869895536,-0.10690188904914333,0.28471133416523564,0.27813620071684586,0.18518518518518517,0.3713200379867047,-0.01180919548316739,0.3668017858489256,0.36917562724014336,0.05897435897435897,-0.23171889838556503,-0.13144193900165335,-0.002050882079709715,-0.0021505376344086446,0.002315482815956907
1061,0.26163434190469737,0.26881720430107525,0.12557077625570776,-0.23992133726647003,-0.16543620602815257,0.26038682781900646,0.26810035842293906,0.12585812356979406,-0.24090462143559488,-0.1625467221588951,0.2696463966241737,0.2637992831541219,0.17355371900826447,0.5026094849103698,0.05127508416615867,0.34002588923699656,0.34910394265232975,0.06004618937644342,-0.24385447394296955,-0.15098878668186522,-0.001247514085690904,-0.0007168458781361964,0.00028734731408630587
1062,0.2633705131026981,0.2709677419354839,0.14251781472684086,-0.2360308285163777,-0.1696502101467191,0.2618943724616954,0.2716845878136201,0.14285714285714285,-0.23699421965317924,-0.16667661275884715,0.27488619072646925,0.2645161290322581,0.1813031161473088,0.2748292170257488,0.032554412228578244,0.3486091377122362,0.35770609318996416,0.08373205741626795,-0.2504816955684007,-0.16072941798310292,-0.00147614064100271,0.0007168458781361964,0.00033932813030199127
1063,0.24850659171325262,0.2537634408602151,0.07913669064748201,-0.222001982160555,-0.14483949613978053,0.246285417024806,0.25017921146953404,0.07932692307692307,-0.22398414271556,-0.14188676689692536,0.2589236907282677,0.2537634408602151,0.125,0.4744863793426727,0.0707097385886496,0.33869012030484436,0.34910394265232975,0.05491990846681922,-0.2527254707631318,-0.20389408099688466,-0.0022211746884466255,-0.0035842293906810374,0.00019023242944106455
1064,0.26856766888103434,0.2745519713261649,0.0947867298578199,-0.21678321678321677,-0.14169820527568133,0.266821720307045,0.2745519713261649,0.09905660377358491,-0.2187812187812188,-0.1475470312345416,0.27202688400427455,0.2623655913978495,0.13850415512465375,0.40146695409853306,0.03669098646955948,0.3530626559522988,0.35770609318996416,0.048723897911832945,-0.24575424575424576,-0.16801792209055277,-0.0017459485739893532,0.0,0.004269873915765013
1065,0.28470748521594547,0.2931899641577061,0.13333333333333333,-0.23484119345524546,-0.1584476843910806,0.28370354080364246,0.2946236559139785,0.1329923273657289,-0.23676612127045238,-0.1615637507146941,0.28671784817832696,0.2745519713261649,0.1838006230529595,0.21454924606993897,0.056560891938250424,0.36593910189105416,0.37060931899641575,0.058355437665782495,-0.23580365736284892,-0.11793882218410523,-0.001003944412303004,0.0014336917562723928,-0.0003410059676044186
1066,0.26482037475776543,0.2738351254480287,0.1111111111111111,-0.22736418511066403,-0.1370486656200942,0.2639523412624654,0.27025089605734764,0.11320754716981132,-0.22937625754527158,-0.13996125455092012,0.2755133351630041,0.26523297491039427,0.16991643454038996,0.20049710024855005,0.04935702595277058,0.34678641831101564,0.35268817204301073,0.06526806526806526,-0.24547283702213285,-0.15452419920505034,-0.0008680334953000135,-0.0035842293906810374,0.0020964360587002184
1067,0.26827932030202134,0.2738351254480287,0.14719626168224298,-0.2317682317682318,-0.17731951781118782,0.26702737314964087,0.2738351254480287,0.14719626168224298,-0.23376623376623373,-0.17731951781118782,0.27743557023733445,0.2731182795698925,0.19714285714285715,0.20029970029970023,0.052993363131518256,0.34385855108945107,0.35268817204301073,0.0703883495145631,-0.22777222777222772,-0.13007584992550458,-0.0012519471523804726,0.0,0.0
1068,0.2639830164248998,0.26881720430107525,0.10961968680089486,-0.23427991886409738,-0.173681540333266,0.26302697280540566,0.26738351254480286,0.11160714285714286,-0.23630831643002026,-0.17654495511958535,0.2736108409223252,0.26666666666666666,0.14698162729658792,0.4042145593869732,0.015303835563808654,0.3446136565930273,0.3541218637992832,0.06473214285714286,-0.26064908722109537,-0.17654495511958535,-0.0009560436194941402,-0.0014336917562723928,0.001987456056248005
1069,0.261340523308546,0.26953405017921145,0.11888111888111888,-0.23076923076923073,-0.15452419920505034,0.26029156417957877,0.26881720430107525,0.11888111888111888,-0.23175542406311633,-0.15452419920505034,0.27664579946432466,0.26953405017921145,0.17613636363636365,0.3959276018099548,0.06974514846855273,0.3405067412935904,0.34623655913978496,0.06542056074766354,-0.24950690335305725,-0.1516116102742242,-0.0010489591289672417,-0.0007168458781361964,0.0
1070,0.26005155843149913,0.2709677419354839,0.12121212121212122,-0.22463054187192122,-0.15452419920505034,0.25912668035959263,0.27025089605734764,0.12354312354312354,-0.22561576354679802,-0.15452419920505034,0.27547650905790594,0.26594982078853047,0.1751412429378531,0.3763546798029557,0.06391997060690069,0.33771100588299274,0.34695340501792116,0.06775700934579439,-0.238423645320197,-0.1516116102742242,-0.0009248780719064986,-0.0007168458781362519,0.0023310023310023215
1071,0.26943192464006727,0.27025089605734764,0.12561576354679804,-0.228515625,-0.15629408182280347,0.26806211572960703,0.27025089605734764,0.12561576354679804,-0.2294921875,-0.15629408182280347,0.2864489621330348,0.27741935483870966,0.1831831831831832,0.3806340144230769,0.06460215531376279,0.35668410156555064,0.3655913978494624,0.08068459657701711,-0.2412109375,-0.16537200937636098,-0.0013698089104602351,0.0,0.0
1072,0.2906861580323451,0.2996415770609319,0.13506493506493505,-0.22118088097469546,-0.13744327370393328,0.2897290696920649,0.2996415770609319,0.13989637305699482,-0.2230552952202437,-0.1405494168857352,0.29104274370726374,0.2845878136200717,0.2066869300911854,0.4756326148078725,0.03650074447697815,0.37433318618003086,0.3827956989247312,0.078125,-0.22586691658856606,-0.13433713052213125,-0.0009570883402801877,0.0,0.004831437992059762
1073,0.272408215248344,0.2724014336917563,0.11508951406649616,-0.2226487523992322,-0.12920489296636084,0.2716498542258592,0.2716845878136201,0.11538461538461539,-0.22168905950095974,-0.12614678899082565,0.2734234643495928,0.26523297491039427,0.18235294117647058,0.3096420910014678,0.02675840978593269,0.35332340673022905,0.35985663082437275,0.08,-0.236084452975048,-0.1567278287461774,-0.0007583610224848325,-0.0007168458781361964,0.00029510131811923135
1074,0.2715635688252315,0.27956989247311825,0.13163972286374134,-0.23131313131313136,-0.15350172120608852,0.2710179705819522,0.2817204301075269,0.13163972286374134,-0.23030303030303034,-0.15350172120608852,0.2849010429304279,0.27598566308243727,0.18181818181818182,0.30202020202020197,0.0490282443697897,0.35380213110320313,0.35985663082437275,0.06279069767441861,-0.24444444444444446,-0.14482186553855092,-0.0005455982432793216,0.0021505376344086446,0.0
1075,0.27846153842240695,0.2824372759856631,0.10747663551401869,-0.22463054187192122,-0.1490819452853066,0.27697540176387553,0.27813620071684586,0.10772833723653395,-0.22660098522167482,-0.14617325708033757,0.2766484956737232,0.26093189964157704,0.1774193548387097,0.380295566502463,0.013804594192964093,0.35759246352264545,0.36630824372759857,0.06526806526806526,-0.24334975369458123,-0.15199063349027575,-0.0014861366585314228,-0.004301075268817234,0.0002517017225152629
1076,0.26391805652949973,0.26953405017921145,0.125,-0.2143549951503395,-0.1596881496881497,0.2635313060468925,0.26881720430107525,0.1271393643031785,-0.21726479146459743,-0.1627096327096328,0.27749826601013056,0.2709677419354839,0.17846153846153845,0.4562476278834394,0.0910949410949411,0.34996439926868655,0.35627240143369177,0.07125307125307126,-0.2347235693501455,-0.15666666666666662,-0.0003867504826072232,-0.0007168458781361964,0.002139364303178487
1077,0.2740438050433446,0.2824372759856631,0.12268518518518519,-0.2230070635721494,-0.1431021832675643,0.2731879711446954,0.2824372759856631,0.12296983758700696,-0.22704339051463174,-0.14022024364287744,0.28136218034238314,0.27598566308243727,0.1783783783783784,0.2921291624621595,0.035578073463020665,0.3498135328415151,0.3541218637992832,0.060324825986078884,-0.23511604439959632,-0.14022024364287744,-0.0008558338986491831,0.0,0.00028465240182176665
1078,0.2759211661871452,0.2802867383512545,0.11352657004830918,-0.2165354330708661,-0.15925939263611155,0.27472730279725366,0.2817204301075269,0.11380145278450363,-0.21456692913385822,-0.15626870253094016,0.2848636273269686,0.27598566308243727,0.1787878787878788,0.5628591189614811,0.09195857619829095,0.35364148386439487,0.35913978494623655,0.06097560975609756,-0.2303149606299213,-0.14729663221542566,-0.0011938633898915252,0.0014336917562723928,0.0002748827361944428
1079,0.26526784776741336,0.27813620071684586,0.13157894736842105,-0.23460410557184752,-0.1477922253826358,0.2642925557815963,0.27813620071684586,0.13221153846153846,-0.23362658846529816,-0.14188676689692536,0.27392948260763966,0.26738351254480286,0.17391304347826086,0.35524319951461214,0.06775700934579443,0.3418294094047941,0.35053763440860214,0.07434052757793765,-0.25219941348973607,-0.14483949613978053,-0.0009752919858170839,0.0,0.0006325910931174183
1080,0.27899300362405804,0.2860215053763441,0.11990407673860912,-0.2288218111002921,-0.13972688777680975,0.2781113599999204,0.2824372759856631,0.11990407673860912,-0.22784810126582278,-0.13972688777680975,0.2873683675564759,0.27813620071684586,0.1746031746031746,0.28535599421675373,-0.024890086512551424,0.3660227886780821,0.37706093189964157,0.07764705882352942,-0.23855890944498537,-0.16328315470281152,-0.000881643624137618,-0.003584229390680982,0.0
1081,0.2689734375366658,0.27598566308243727,0.09183673469387756,-0.2246865959498554,-0.140246942287942,0.2675344255861777,0.27885304659498206,0.09183673469387756,-0.22372227579556414,-0.140246942287942,0.2761475861189842,0.26523297491039427,0.1529051987767584,0.3214216834274694,0.05944900407460063,0.35973870603903224,0.36917562724014336,0.05970149253731343,-0.24783027965284476,-0.17096939557448698,-0.0014390119504881227,0.0028673835125447855,0.0
1082,0.2741125911617411,0.27956989247311825,0.10327455919395466,-0.21899224806201545,-0.1290602991621309,0.2738569121913322,0.27885304659498206,0.10379746835443038,-0.21996124031007747,-0.12300834745975919,0.29174418609980723,0.2817204301075269,0.1585014409221902,0.2839147286821705,0.022238493397161108,0.362740708391759,0.3720430107526882,0.061124694376528114,-0.24127906976744184,-0.16537200937636098,-0.0002556789704089013,-0.0007168458781361964,0.000522909160475718
1083,0.27090086099090904,0.2738351254480287,0.12144702842377261,-0.22830188679245278,-0.1545805221157086,0.26973541231619447,0.2738351254480287,0.12144702842377261,-0.23113207547169812,-0.1545805221157086,0.28404310493255036,0.2716845878136201,0.17252396166134185,0.47574123989218325,0.07675072237239278,0.3584226550003224,0.36845878136200716,0.06923076923076923,-0.24056603773584906,-0.16395881581117222,-0.0011654486747145754,0.0,0.0
1084,0.2621492693871119,0.2724014336917563,0.10501193317422435,-0.23408423114593535,-0.1430628406870308,0.26114201185574587,0.2709677419354839,0.10739856801909307,-0.23506366307541626,-0.1430628406870308,0.26896822994555186,0.2637992831541219,0.15428571428571428,0.3657478662375822,0.059829405685015935,0.3397628449707131,0.34838709677419355,0.07407407407407407,-0.2556317335945152,-0.18128891609045994,-0.001007257531366046,-0.0014336917562723928,0.002386634844868729
1085,0.2797803103631774,0.2896057347670251,0.12098765432098765,-0.22318840579710142,-0.13234318168956838,0.27865229642052075,0.28817204301075267,0.12098765432098765,-0.22415458937198063,-0.13234318168956838,0.28132047457138,0.26666666666666666,0.1752873563218391,0.44319408922989484,0.03812615430520472,0.36917449231662364,0.37777777777777777,0.08133971291866028,-0.25410628019323667,-0.17122215305679744,-0.0011280139426566582,-0.0014336917562724483,0.0
1086,0.2856083155846981,0.2946236559139785,0.12373737373737374,-0.23091787439613531,-0.14984697646603584,0.2854004577310719,0.2960573476702509,0.1240506329113924,-0.22898550724637678,-0.14677947022197202,0.29829182442158775,0.2924731182795699,0.1981981981981982,0.5403381642512077,0.04340591690997997,0.3677453483616333,0.3734767025089606,0.061696658097686374,-0.2376811594202899,-0.12837443275758953,-0.00020785785362620324,0.0014336917562723928,0.0003132591740186569
1087,0.2622182589312336,0.26810035842293906,0.12048192771084337,-0.22473012757605493,-0.15180862581948695,0.26109618501007054,0.26738351254480286,0.12106537530266344,-0.22473012757605493,-0.14586143104374294,0.27492640023369486,0.26523297491039427,0.18,0.3767268060692987,0.04147520439219421,0.3484395468941288,0.35770609318996416,0.07582938388625593,-0.2473012757605496,-0.17262380753459117,-0.0011220739211630915,-0.0007168458781361964,0.000583447591820066
1088,0.26593259103266226,0.2724014336917563,0.12009237875288684,-0.23559670781893005,-0.15854906076851816,0.26511161233380204,0.2709677419354839,0.11954022988505747,-0.23765432098765427,-0.16435095470098116,0.27455566598010334,0.26738351254480286,0.1620879120879121,0.23942812544345116,0.041616279901460884,0.3464503670469071,0.35125448028673834,0.05116279069767442,-0.25,-0.14984621986982327,-0.0008209786988602197,-0.0014336917562723928,-0.0005521488678293662
1089,0.3006151895792927,0.3096774193548387,0.0948509485094851,-0.22543352601156075,-0.14205085157613373,0.2997366478170123,0.3039426523297491,0.0948509485094851,-0.22736030828516374,-0.14205085157613373,0.308489954045037,0.3046594982078853,0.14429530201342283,0.3729699972474539,0.08589027075187583,0.3938650414317724,0.4028673835125448,0.06084656084656084,-0.24855491329479773,-0.17094479665996598,-0.0008785417622803604,-0.0057347670250896265,0.0
1090,0.2681871619419106,0.2724014336917563,0.10817307692307693,-0.23181377303588746,-0.16787566546453714,0.267836991143474,0.2745519713261649,0.1089588377723971,-0.22890397672162943,-0.1588906062167268,0.2844366604052186,0.27956989247311825,0.16332378223495703,0.32798627173020967,0.03279065773656187,0.3569760325980828,0.37060931899641575,0.060240963855421686,-0.24539282250242478,-0.16488064571526706,-0.0003501707984366331,0.002150537634408589,0.0007857608493201662
1091,0.2666763016137465,0.26881720430107525,0.11084905660377359,-0.2404692082111437,-0.17070975979137104,0.26543978313547795,0.2709677419354839,0.11084905660377359,-0.23851417399804498,-0.17070975979137104,0.27655808120658715,0.26810035842293906,0.17191977077363896,0.4414150220601833,0.051366071974301764,0.35089870991475103,0.35842293906810035,0.061611374407582936,-0.24437927663734116,-0.1647877376109531,-0.0012365184782685557,0.0021505376344086446,0.0
1092,0.26113749625908733,0.26953405017921145,0.11778846153846154,-0.24110671936758898,-0.15738483078919507,0.2598175103180836,0.26810035842293906,0.1180722891566265,-0.24011857707509876,-0.1544069938189393,0.28216769754717613,0.27741935483870966,0.1696969696969697,0.322463768115942,0.098709148652802,0.34304542590529535,0.34910394265232975,0.04390243902439024,-0.23221343873517786,-0.13951780896766042,-0.0013199859410037429,-0.0014336917562723928,0.00028382761816496405
1093,0.274775610534859,0.2831541218637993,0.10948905109489052,-0.23587710604558965,-0.14508492313058818,0.273178798554769,0.2838709677419355,0.11219512195121951,-0.23290386521308226,-0.1421028242733271,0.2728458652464758,0.2645161290322581,0.1724137931034483,0.3064273391329883,0.04278730487686011,0.3557254686756772,0.3655913978494624,0.06490384615384616,-0.2527254707631318,-0.15999541741689371,-0.001596811980089985,0.0007168458781361964,0.0027060708563289987
1094,0.2604206955419269,0.26523297491039427,0.10218978102189781,-0.23506366307541626,-0.13734063419418108,0.2596441331024409,0.2645161290322581,0.10319410319410319,-0.23212536728697353,-0.125463114307508,0.2835880465984672,0.27670250896057347,0.17302052785923755,0.3957699129099716,0.07051596382259995,0.34840501668549545,0.353405017921147,0.05339805825242718,-0.24387855044074436,-0.14031001416584943,-0.0007765624394860393,-0.0007168458781361964,0.001004322172205377
1095,0.2769104289171495,0.27885304659498206,0.11170212765957446,-0.21890067502410804,-0.11750357473294637,0.2761112685322399,0.27813620071684586,0.11170212765957446,-0.22082931533269046,-0.11750357473294637,0.2926059230138093,0.2845878136200717,0.20625,0.32141326475945575,0.057276259299227084,0.36578670156371434,0.3741935483870968,0.09020618556701031,-0.2295081967213115,-0.15495639631126934,-0.0007991603849096252,-0.0007168458781361964,0.0
1096,0.2709092720373307,0.27741935483870966,0.10869565217391304,-0.23404255319148937,-0.15664127784322857,0.2692758303258037,0.27670250896057347,0.11165048543689321,-0.23404255319148937,-0.15066851146606752,0.28525016315932017,0.27741935483870966,0.15789473684210525,0.4265499338287692,0.05837831173456809,0.3584750697937493,0.36774193548387096,0.06872037914691943,-0.24468085106382975,-0.18053234335187263,-0.0016334417115269617,-0.0007168458781361964,0.0029548332629801694
1097,0.26759341120641544,0.2731182795698925,0.09181141439205956,-0.23187022900763354,-0.14985994397759106,0.2668552107646166,0.2716845878136201,0.09876543209876543,-0.23377862595419852,-0.15592092916571088,0.28343321825198087,0.2731182795698925,0.1411764705882353,0.5022264631043256,0.041061089448186205,0.35533276007087444,0.36702508960573477,0.04176904176904177,-0.23282442748091603,-0.1619819143538308,-0.0007382004417988419,-0.0014336917562723928,0.006954017706705867
1098,0.23812227255393664,0.25161290322580643,0.10386473429951691,-0.23069207622868604,-0.14624877410918602,0.23624694117900988,0.24874551971326164,0.10361445783132531,-0.2326980942828486,-0.14921815408085426,0.25653333867121264,0.25017921146953404,0.15384615384615385,0.34086876012653344,0.07942410373760489,0.321400193259505,0.32974910394265233,0.06338028169014084,-0.24473420260782353,-0.18188133376920568,-0.0018753313749267642,-0.0028673835125447855,-0.0002502764681916042
1099,0.2606497473117837,0.2630824372759857,0.11274509803921569,-0.22934888241010687,-0.13872297871174544,0.2592121820567253,0.2623655913978495,0.11386138613861387,-0.2254616132167152,-0.12677744595742346,0.26891760650121965,0.25878136200716845,0.17142857142857143,0.43038966738769235,0.03448724622592403,0.34502092013628766,0.35268817204301073,0.06280193236714976,-0.24975704567541301,-0.15664127784322857,-0.0014375652550583928,-0.0007168458781361964,0.0011162880993981772
1100,0.29073358682239897,0.2967741935483871,0.1486146095717884,-0.2373887240356083,-0.15560816893121443,0.2897259576150114,0.2960573476702509,0.1486146095717884,-0.2363996043521266,-0.15560816893121443,0.3033108011414735,0.2989247311827957,0.19756838905775076,0.1509912699436632,0.0533045134172917,0.37391099472922473,0.3813620071684588,0.07532467532467532,-0.2363996043521266,-0.1187412249873605,-0.0010076292073875615,-0.0007168458781361964,0.0
1101,0.2901739804081417,0.2982078853046595,0.09476309226932668,-0.224609375,-0.13853776853776856,0.2889960352477855,0.2974910394265233,0.09476309226932668,-0.2255859375,-0.13853776853776856,0.29551193283870736,0.28888888888888886,0.147239263803681,0.3037109375,0.08807345807345801,0.3738446310358201,0.3813620071684588,0.04207920792079208,-0.248046875,-0.1476022176022176,-0.0011779451603561863,-0.0007168458781362519,0.0
1102,0.28465688391608773,0.2939068100358423,0.10576923076923077,-0.2359328726554788,-0.1521875340525226,0.28283853994826014,0.2953405017921147,0.10628019323671498,-0.23395853899308983,-0.14624877410918602,0.28397263712150056,0.2738351254480287,0.16379310344827586,0.3602625330167285,0.04973030402092182,0.36593873796501897,0.3741935483870968,0.061611374407582936,-0.2546890424481737,-0.17000381388253238,-0.0018183439678275959,0.0014336917562723928,0.0005109624674842078
1103,0.3030276245561437,0.3139784946236559,0.14987714987714987,-0.2239685658153242,-0.1540216761380837,0.3018484184521715,0.3118279569892473,0.1506172839506173,-0.22298624754420437,-0.14798764823416455,0.305452423704743,0.3010752688172043,0.20630372492836677,0.27996070726915523,0.02096513307557235,0.3795662775908513,0.3899641577060932,0.09226932668329177,-0.23870333988212178,-0.13591959242632612,-0.001179206103972208,-0.002150537634408589,0.00074013407346743
1104,0.27118891938915607,0.2738351254480287,0.1037037037037037,-0.233878729547642,-0.15062370062370067,0.2702984770261992,0.2738351254480287,0.10396039603960396,-0.233878729547642,-0.1476022176022176,0.2745918826750478,0.26881720430107525,0.15625,0.34947311270699144,0.009514899514899477,0.35929405081606025,0.36845878136200716,0.06082725060827251,-0.25505293551491814,-0.16875259875259874,-0.0008904423629568781,0.0,0.00025669233590025486
1105,0.291817452116922,0.2996415770609319,0.13740458015267176,-0.2346743295019157,-0.16503946840297912,0.29114157857260464,0.2982078853046595,0.1377551020408163,-0.23371647509578541,-0.16192837711278596,0.2943339023084502,0.2810035842293907,0.1949685534591195,0.22491039426523296,0.06829237836150381,0.37158642263175623,0.37777777777777777,0.06753246753246753,-0.23946360153256707,-0.1401507380814342,-0.0006758735443173625,-0.0014336917562723928,0.00035052188814455043
1106,0.2693346113669128,0.27741935483870966,0.12064965197215777,-0.2246963562753036,-0.14771515076106345,0.26772237721360076,0.27598566308243727,0.12064965197215777,-0.2257085020242915,-0.14771515076106345,0.27927239933907355,0.2724014336917563,0.1853932584269663,0.46322537112010803,0.06928124092737753,0.3433938783094133,0.34982078853046594,0.06481481481481481,-0.23582995951417007,-0.15060843598357598,-0.00161223415331202,-0.0014336917562723928,0.0
1107,0.283870130439024,0.2867383512544803,0.1618798955613577,-0.217680608365019,-0.12854244352806654,0.282558650068281,0.28888888888888886,0.16272965879265092,-0.217680608365019,-0.12233999989330657,0.2893604784108256,0.2831541218637993,0.23564954682779457,0.2785747205899297,0.032721090975693534,0.36490200724443367,0.36989247311827955,0.1,-0.23098859315589348,-0.11923877807592653,-0.0013114803707429679,0.002150537634408589,0.0008497632312932102
1108,0.2922201902360645,0.3017921146953405,0.14527845036319612,-0.23314065510597304,-0.1774759127811043,0.29115732480586065,0.2996415770609319,0.14527845036319612,-0.23506743737957614,-0.1774759127811043,0.3012349791821666,0.2931899641577061,0.2063953488372093,0.32004749742348887,0.031316420950718626,0.37321632999227305,0.3863799283154122,0.09828009828009827,-0.24759152215799618,-0.15932005767398927,-0.001062865430203841,-0.002150537634408589,0.0
1109,0.2711745384847947,0.27885304659498206,0.07125307125307126,-0.22972972972972971,-0.15932005767398927,0.27011007034291906,0.27885304659498206,0.07371007371007371,-0.23069498069498073,-0.15932005767398927,0.270000933021551,0.26021505376344084,0.11641791044776119,0.44825009341138367,0.05855020361139118,0.35316824578689593,0.35985663082437275,0.03855421686746988,-0.2567567567567568,-0.18352786448347602,-0.001064468141875663,0.0,0.0024570024570024496
1110,0.2698629879610999,0.2724014336917563,0.11864406779661017,-0.23210831721470015,-0.14586143104374294,0.26848723381238043,0.27025089605734764,0.11835748792270531,-0.23500967117988392,-0.1488350284316149,0.2928055010466311,0.28888888888888886,0.1981981981981982,0.46624758220502904,0.09202635998601871,0.35191566191052776,0.35555555555555557,0.051470588235294115,-0.23694390715667313,-0.13099344410438285,-0.001375754148719488,-0.0021505376344086446,-0.0002865798739048603
1111,0.2785807692187514,0.28745519713261647,0.1187648456057007,-0.22497522299306238,-0.14894377536448145,0.2778888793540409,0.2860215053763441,0.11904761904761904,-0.22596630327056488,-0.14600330802575612,0.28852429148648945,0.2810035842293907,0.17151162790697674,0.4782545327347985,0.07747220971736779,0.36187534085761625,0.36989247311827955,0.05687203791469194,-0.24182358771060453,-0.15188424270320677,-0.0006918898647105265,-0.0014336917562723928,0.0002827734419183353
1112,0.28625089276925203,0.2960573476702509,0.14454976303317535,-0.22355289421157687,-0.14932650862068964,0.2855730765988986,0.2960573476702509,0.14523809523809525,-0.22355289421157687,-0.14345366379310343,0.2942574018333926,0.2860215053763441,0.2056338028169014,0.3861651696606786,0.04741379310344829,0.3614969387205958,0.37060931899641575,0.09198113207547169,-0.24051896207584833,-0.15519935344827596,-0.0006778161703534513,0.0,0.0006883322049199003
1113,0.29102202746286066,0.2896057347670251,0.12177985948477751,-0.22955665024630545,-0.14617325708033757,0.28993852693207084,0.2853046594982079,0.12206572769953052,-0.23054187192118225,-0.14326456887536843,0.29200222789660335,0.2860215053763441,0.17438692098092642,0.2384236453201971,0.02834803521780971,0.37421747201768246,0.3835125448028674,0.07373271889400922,-0.24137931034482762,-0.16653407451512137,-0.001083500530789816,-0.004301075268817234,0.0002858682147530017
1114,0.2732796045460939,0.2802867383512545,0.1076923076923077,-0.22243346007604559,-0.1367716802168022,0.2719521190566465,0.27813620071684586,0.10997442455242967,-0.2243346007604563,-0.13984869015356816,0.28664046857121844,0.2752688172043011,0.17592592592592593,0.5422686945500634,0.06631097560975607,0.36104092873928195,0.36917562724014336,0.06091370558375635,-0.24619771863117867,-0.14907971996386638,-0.0013274854894473886,-0.0021505376344086446,0.0022821168601219743
1115,0.282700495438782,0.2867383512544803,0.1411764705882353,-0.23310479921645444,-0.15557349071435178,0.28070557663152346,0.28745519713261647,0.1411764705882353,-0.23506366307541626,-0.15557349071435178,0.2944745144382632,0.28817204301075267,0.20391061452513967,0.36517971091918205,0.04089720631878058,0.3697404640896587,0.3813620071684588,0.10023310023310024,-0.2389813907933399,-0.1673030845670761,-0.00199491880725855,0.0007168458781361964,0.0
1116,0.25704820628818276,0.2645161290322581,0.11556603773584906,-0.2295409181636726,-0.16033862133706134,0.25516835778349956,0.2623655913978495,0.11502347417840375,-0.2315369261477046,-0.1662276880685617,0.26383645423452284,0.25519713261648747,0.1544943820224719,0.3258189503346248,0.0398896475339533,0.33758667626823086,0.34695340501792116,0.07259953161592506,-0.23353293413173648,-0.16917222143431188,-0.0018798485046832014,-0.002150537634408589,-0.000542563557445308
1117,0.2630044194995986,0.26523297491039427,0.1163895486935867,-0.22893954410307238,-0.16182672652074404,0.26167263035904503,0.2637992831541219,0.11666666666666667,-0.22993062438057488,-0.15886571543053507,0.27066149550141516,0.2637992831541219,0.16761363636363635,0.3333079210185256,0.04248303870367476,0.349134926826174,0.35770609318996416,0.061611374407582936,-0.2527254707631318,-0.1647877376109531,-0.001331789140553541,-0.0014336917562723928,0.0002771179730799711
1118,0.2799536379687035,0.2831541218637993,0.11187214611872145,-0.230009871668312,-0.15788327130797863,0.27917858127153167,0.2838709677419355,0.11389521640091116,-0.23198420533070085,-0.16076146781420453,0.28765384514855663,0.27885304659498206,0.16711590296495957,0.3433522107341404,0.03495589460915771,0.3605750191395522,0.37132616487455194,0.06363636363636363,-0.2477788746298124,-0.16363966432043042,-0.0007750566971718165,0.0007168458781361964,0.002023070282189704
1119,0.2934469786088628,0.2960573476702509,0.1368909512761021,-0.23636363636363633,-0.15780800990021404,0.29180941163132956,0.2939068100358423,0.1368909512761021,-0.23737373737373735,-0.15780800990021404,0.31108949167800437,0.3010752688172043,0.20698924731182797,0.2333333333333334,0.013804594192964093,0.37686028616782835,0.38924731182795697,0.06490384615384616,-0.23333333333333328,-0.1141776868256772,-0.0016375669775332558,-0.002150537634408589,0.0
1120,0.2620304474390829,0.2738351254480287,0.12530712530712532,-0.21871921182266008,-0.12291404195124112,0.2619371291121218,0.2745519713261649,0.13267813267813267,-0.219704433497537,-0.12291404195124112,0.27764582747519134,0.26594982078853047,0.1896551724137931,0.38817733990147785,0.05203184853075438,0.33360242334443735,0.34050179211469533,0.05853658536585366,-0.22955665024630545,-0.13180959570456285,-9.331832696107822e-05,0.0007168458781361964,0.007371007371007349
1121,0.26305146787769446,0.27025089605734764,0.13238770685579196,-0.23069207622868604,-0.134538504260461,0.26242789312938014,0.26953405017921145,0.1320754716981132,-0.23169508525576732,-0.13744719246543013,0.2873638853943459,0.27813620071684586,0.17983651226158037,0.20179457290791292,0.02834803521780971,0.350211040532766,0.35842293906810035,0.08333333333333333,-0.23871614844533606,-0.16071669810518308,-0.000623574748314315,-0.0007168458781361964,-0.000312235157678753
1122,0.25934303893492194,0.26738351254480286,0.08944954128440367,-0.23092369477911645,-0.15212687829552685,0.25775285481620214,0.26594982078853047,0.09403669724770643,-0.23092369477911645,-0.15212687829552685,0.2654104417576193,0.25734767025089605,0.14366197183098592,0.4584143023707734,0.08100703870877246,0.34777547328619546,0.35555555555555557,0.05417607223476298,-0.2580321285140562,-0.17227425383910822,-0.0015901841187198062,-0.0014336917562723928,0.0045871559633027525
1123,0.268310212382631,0.2738351254480287,0.11502347417840375,-0.2210953346855984,-0.13324872464850068,0.26742676639145346,0.27598566308243727,0.11583924349881797,-0.218052738336714,-0.12456886898096309,0.2698192767927353,0.25663082437275986,0.15424164524421594,0.17849898580121704,-0.026197171415536458,0.34780648438676953,0.35913978494623655,0.059770114942528735,-0.25050709939148075,-0.15928829165111358,-0.0008834459911775117,0.002150537634408589,0.0008157693204142169
1124,0.2622369551752136,0.2731182795698925,0.09948979591836735,-0.23287671232876717,-0.15101527116736246,0.262249285264368,0.2716845878136201,0.09974424552429667,-0.23189823874755378,-0.1479238125625958,0.2798976627090573,0.2724014336917563,0.1650485436893204,0.3627962600565341,0.10557579302826448,0.3506260334146383,0.35770609318996416,0.06313131313131314,-0.2583170254403131,-0.16338110558642882,1.2330089154410917e-05,-0.0014336917562723928,0.0002544496059293244
1125,0.2751053029097726,0.2810035842293907,0.12356979405034325,-0.25125628140703515,-0.1855643999671338,0.2733802553050075,0.2853046594982079,0.12471131639722864,-0.25125628140703515,-0.17386674804941316,0.28912527401253846,0.2810035842293907,0.1712707182320442,0.504679648241206,0.03376657349012935,0.3628508683664308,0.36989247311827955,0.06496519721577726,-0.2552763819095477,-0.16801792209055277,-0.0017250476047651064,0.004301075268817178,0.0011415223468853875
1126,0.26402857881552827,0.2716845878136201,0.116751269035533,-0.22914669223394057,-0.1437119639779083,0.2626889562199983,0.26881720430107525,0.116751269035533,-0.23298178331735375,-0.1437119639779083,0.26547454271244486,0.25806451612903225,0.1661721068249258,0.35828139980824547,0.031135891933724902,0.3530722900050452,0.36129032258064514,0.0812807881773399,-0.24928092042186,-0.18052203890667318,-0.0013396225955299434,-0.002867383512544841,0.0
1127,0.2597926680874339,0.2616487455197133,0.1079136690647482,-0.22718253968253965,-0.15775582059523097,0.25898022535825627,0.25878136200716845,0.10817307692307693,-0.22619047619047616,-0.1547822232073589,0.2697670530749041,0.2630824372759857,0.1752873563218391,0.1854114452798663,0.047422399167938445,0.3431440717183283,0.34910394265232975,0.06490384615384616,-0.24603174603174605,-0.1547822232073589,-0.0008124427291776315,-0.002867383512544841,0.0002594078583287307
1128,0.26492388975178904,0.2716845878136201,0.14354066985645933,-0.23665659617321244,-0.16334050472970674,0.2630257312053651,0.2731182795698925,0.14527845036319612,-0.23262839879154074,-0.14845131987842775,0.26376898471535104,0.25089605734767023,0.17543859649122806,0.359214501510574,0.06297510500973269,0.3419922934287539,0.34838709677419355,0.0815347721822542,-0.2336354481369587,-0.16036266775945096,-0.0018981585464239448,0.0014336917562723928,0.0017377805067367857
1129,0.2671742263026247,0.27025089605734764,0.1048951048951049,-0.22502522704339056,-0.16473231376815967,0.2658555378531052,0.26810035842293906,0.10440835266821345,-0.2290615539858728,-0.17058910448863907,0.2871330454106887,0.27956989247311825,0.15517241379310345,0.47191389169189374,0.07246771041125144,0.3521301484112155,0.3634408602150538,0.0625,-0.25227043390514636,-0.17351749984887865,-0.001318688449519545,-0.002150537634408589,-0.00048675222689144315
1130,0.2882183467795588,0.2953405017921147,0.15892420537897312,-0.22376237623762374,-0.1574101584362282,0.28756785679076086,0.2953405017921147,0.1597051597051597,-0.22574257425742572,-0.1513850214541861,0.3056171826256866,0.3032258064516129,0.22289156626506024,0.4079527307569467,0.0745576153723907,0.3737165536781021,0.3863799283154122,0.09925558312655088,-0.24158415841584158,-0.1393347474901021,-0.0006504899887979643,0.0,0.0007809543261865781
1131,0.2644180091391867,0.26810035842293906,0.09237875288683603,-0.22812192723697144,-0.13113603568149024,0.26339272707941175,0.26666666666666666,0.09237875288683603,-0.23107177974434612,-0.13113603568149024,0.2822633072775688,0.27741935483870966,0.16712328767123288,0.3148901113502883,0.06332808605535878,0.34872876306621403,0.35555555555555557,0.0367816091954023,-0.23893805309734517,-0.13685556867375048,-0.001025282059774979,-0.0014336917562723928,0.0
1132,0.28097936622903635,0.2867383512544803,0.12371134020618557,-0.2068292682926829,-0.12266448899308946,0.2797024294284887,0.2860215053763441,0.12371134020618557,-0.2068292682926829,-0.12266448899308946,0.29251149299591483,0.28817204301075267,0.18711656441717792,0.26569105691056916,0.06722864694467123,0.3717230591712321,0.3835125448028674,0.0728643216080402,-0.24195121951219511,-0.15329241414434114,-0.0012769368005476345,-0.0007168458781361964,0.0
1133,0.27592034475117,0.2853046594982079,0.1111111111111111,-0.21760633036597432,-0.1453598844721441,0.27528579785457213,0.28745519713261647,0.1111111111111111,-0.21958456973293772,-0.1453598844721441,0.2819240824623977,0.2716845878136201,0.17302052785923755,0.5184010368702889,0.047444498953201575,0.3587841671908987,0.36415770609319,0.05432098765432099,-0.24332344213649848,-0.1453598844721441,-0.0006345468965978651,0.002150537634408589,0.0
1134,0.2839279433481388,0.2946236559139785,0.15099009900990099,-0.2277131782945736,-0.15024213012043175,0.28298659320516995,0.2960573476702509,0.1571072319201995,-0.22577519379844957,-0.14116420256687423,0.29785077258764503,0.28888888888888886,0.20238095238095238,0.4329242032730405,0.05552422776020527,0.3613192872449479,0.3648745519713262,0.05912596401028278,-0.23449612403100772,-0.10485249235264416,-0.0009413501429688664,0.0014336917562723928,0.006117132910298528
1135,0.26070768052594284,0.26810035842293906,0.11576354679802955,-0.2294921875,-0.1405250621286256,0.2595593121526779,0.26523297491039427,0.11576354679802955,-0.236328125,-0.1405250621286256,0.2735398684457313,0.26666666666666666,0.17857142857142858,0.4965025436046512,0.06943099637977146,0.3378725142691176,0.34408602150537637,0.05896805896805897,-0.236328125,-0.1435244343930313,-0.0011483683732649297,-0.0028673835125447855,0.0
1136,0.3046253487947234,0.3089605734767025,0.15571776155717762,-0.23823246878001925,-0.15290056671818653,0.3037974244857138,0.3111111111111111,0.15724815724815724,-0.23823246878001925,-0.140920487721106,0.3046122824422431,0.3025089605734767,0.21508379888268156,0.4993027795853862,0.005835479993130721,0.3862562665014461,0.396415770609319,0.09582309582309582,-0.24783861671469742,-0.140920487721106,-0.0008279243090096311,0.002150537634408589,0.0015303956909796246
1137,0.29236942366851654,0.3017921146953405,0.11274509803921569,-0.22904483430799216,-0.15176478502274227,0.29238445278929304,0.3017921146953405,0.11547911547911548,-0.2300194931773879,-0.14875663853428756,0.30992980891844807,0.3003584229390681,0.17151162790697674,0.4238880028353712,0.04075659023835765,0.37710649545074915,0.38853046594982077,0.06569343065693431,-0.24366471734892792,-0.16078922448810629,1.502912077649965e-05,0.0,0.0027340174398997885
1138,0.26435461795582227,0.26810035842293906,0.12345679012345678,-0.22549019607843135,-0.15062370062370067,0.263042904975366,0.26881720430107525,0.12623762376237624,-0.22549019607843135,-0.1476022176022176,0.2791519097283086,0.2731182795698925,0.18072289156626506,0.4265720081135903,0.06994455994455995,0.3522399394487866,0.35985663082437275,0.08292682926829269,-0.25098039215686274,-0.16573111573111576,-0.0013117129804562921,0.0007168458781361964,0.0027808336389194555
1139,0.27584152405384404,0.27956989247311825,0.10199004975124377,-0.2261790182868142,-0.12852757307100293,0.27516929629169684,0.2802867383512545,0.10199004975124377,-0.22810394610202123,-0.12852757307100293,0.2891318322416054,0.2810035842293907,0.1686046511627907,0.5235162014757779,0.045436018264526035,0.3631877000717211,0.37132616487455194,0.04926108374384237,-0.24254090471607315,-0.1405250621286256,-0.0006722277621472039,0.0007168458781362519,0.0
1140,0.2940442278643209,0.3017921146953405,0.13286713286713286,-0.23833167825223434,-0.15706509469459418,0.2924222834915764,0.2982078853046595,0.13286713286713286,-0.24031777557100298,-0.15706509469459418,0.295435924639221,0.2917562724014337,0.19398907103825136,0.4095084409136047,0.026675028220243258,0.3750572065968001,0.3849462365591398,0.08037825059101655,-0.24925521350546176,-0.13956603536937162,-0.0016219443727444882,-0.003584229390680982,0.0
1141,0.2644274463842358,0.2716845878136201,0.12206572769953052,-0.22564612326043743,-0.15339585719340199,0.2650147592575188,0.2716845878136201,0.1223529411764706,-0.2246520874751491,-0.15047144421397174,0.2817909458122106,0.2752688172043011,0.17134831460674158,0.3765738899933731,0.05131305136671038,0.3445564173659761,0.35268817204301073,0.05841121495327103,-0.25149105367793245,-0.15924468315226237,0.0005873128732829525,0.0,0.00028721347694007915
1142,0.2567035642176458,0.2616487455197133,0.12264150943396226,-0.23107971745711398,-0.12994783879863114,0.2556635378708901,0.25949820788530464,0.12293144208037825,-0.23208879919273462,-0.1270507325824778,0.2705250898118328,0.26093189964157704,0.1787709497206704,0.3931290707274561,0.06126117146749066,0.3345501563619076,0.34408602150537637,0.0625,-0.26034308779011095,-0.153124688527858,-0.001040026346755707,-0.0021505376344086446,0.00028993264641598293
1143,0.2662503949646195,0.26881720430107525,0.1108433734939759,-0.21595330739299612,-0.12624950608254093,0.2647589607810723,0.2731182795698925,0.11165048543689321,-0.21498054474708173,-0.11745231069299766,0.2667864341700359,0.25591397849462366,0.1634349030470914,0.35043774319066145,0.03210001092923742,0.34524770482132633,0.3548387096774194,0.0665083135391924,-0.2334630350194552,-0.14384389686162746,-0.0014914341835471912,0.004301075268817234,0.0008071119429173129
1144,0.26967941263658507,0.2752688172043011,0.13231552162849872,-0.2142857142857143,-0.13797845156871524,0.26908398038985637,0.27885304659498206,0.13231552162849872,-0.21330724070450102,-0.13797845156871524,0.27448763087403383,0.26666666666666666,0.16184971098265896,0.42068928027832136,0.005972796642167877,0.3512817176532512,0.35770609318996416,0.0773067331670823,-0.23874755381604695,-0.16248079168971663,-0.0005954322467286999,0.003584229390680982,0.0
1145,0.28710084905967087,0.2924731182795699,0.12332439678284182,-0.2270114942528736,-0.12979593316833926,0.2864993428252413,0.2917562724014337,0.12332439678284182,-0.22988505747126442,-0.12979593316833926,0.29676317526508944,0.28888888888888886,0.20189274447949526,0.3950941196068632,0.04728077093928762,0.3747900440257013,0.37849462365591396,0.0673854447439353,-0.2222222222222222,-0.12347176516449543,-0.0006015062344295607,-0.0007168458781361964,0.0
1146,0.2684469443067806,0.2738351254480287,0.14074074074074075,-0.22072936660268716,-0.15062370062370067,0.2671697309698424,0.2731182795698925,0.14074074074074075,-0.22168905950095974,-0.15062370062370067,0.2676289884635421,0.2616487455197133,0.1871345029239766,0.4273110024147111,0.03972972972972977,0.344040180616061,0.34910394265232975,0.07654320987654321,-0.23320537428023036,-0.15062370062370067,-0.0012772133369381988,-0.0007168458781361964,0.0
1147,0.26734109013323243,0.2731182795698925,0.10864197530864197,-0.21924603174603174,-0.12719232998702168,0.2668519241739283,0.2716845878136201,0.10864197530864197,-0.22023809523809523,-0.12719232998702168,0.28506012448238277,0.27598566308243727,0.15056818181818182,0.24725274725274726,0.030858909447815885,0.35174992928239956,0.35913978494623655,0.05542168674698795,-0.2420634920634921,-0.15701331855963263,-0.0004891659593041497,-0.0014336917562723928,0.0
1148,0.27743458734181464,0.2838709677419355,0.13838120104438642,-0.21135029354207435,-0.0892500920963919,0.2761884400403736,0.2831541218637993,0.13838120104438642,-0.2142857142857143,-0.0892500920963919,0.2753513304407501,0.26738351254480286,0.22608695652173913,0.28767123287671237,0.025908626477886387,0.35626122943683347,0.36057347670250894,0.09319899244332494,-0.23483365949119372,-0.13167698841323128,-0.0012461473014410696,-0.0007168458781361964,0.0
1149,0.2778222760718722,0.2824372759856631,0.11666666666666667,-0.23009708737864076,-0.1485604878740604,0.27733692492351847,0.2831541218637993,0.1187648456057007,-0.23300970873786409,-0.15150502123981058,0.2826451030138883,0.2745519713261649,0.17002881844380405,0.3788648244958925,0.06639044782570513,0.35242295106843335,0.36057347670250894,0.057692307692307696,-0.24466019417475726,-0.13678235441105957,-0.00048535114835374094,0.0007168458781361964,0.002098178939034037
1150,0.2872773888835032,0.2946236559139785,0.13544018058690746,-0.238430583501006,-0.14982510180641118,0.2867921015385129,0.2946236559139785,0.13544018058690746,-0.23943661971830987,-0.14982510180641118,0.2982683924004345,0.2917562724014337,0.17819148936170212,0.37897976091845187,0.040813929205387955,0.3712837633725516,0.38064516129032255,0.08849557522123894,-0.2535211267605634,-0.17543332985277227,-0.0004852873449902595,0.0,0.0
1151,0.2560630849509299,0.2623655913978495,0.10022779043280182,-0.23963599595551066,-0.13844366711913958,0.25462294472695896,0.2637992831541219,0.10091743119266056,-0.23660262891809913,-0.12990759110368588,0.27106605419182583,0.2645161290322581,0.15789473684210525,0.37088460874497525,0.08349430928265633,0.3346559109124428,0.3433691756272401,0.04932735426008968,-0.24974721941354905,-0.15836117782186487,-0.0014401402239709316,0.0014336917562723928,0.0006896407598587367
1152,0.2613358324417146,0.26594982078853047,0.10831234256926953,-0.22857142857142854,-0.16921143084396217,0.2610491415439109,0.26666666666666666,0.10858585858585859,-0.22955665024630545,-0.1661151038263784,0.2810145123133215,0.2716845878136201,0.1498371335504886,0.47060755336617405,0.10945800073857337,0.34859432457794676,0.3541218637992832,0.058524173027989825,-0.24236453201970443,-0.15682612277362729,-0.0002866908978036986,0.0007168458781361964,0.0002735160165890649
1153,0.26884290655869064,0.27598566308243727,0.1108433734939759,-0.22912621359223306,-0.14406065997949025,0.26808141946168873,0.27885304659498206,0.1108433734939759,-0.23106796116504857,-0.14406065997949025,0.28036705898838893,0.2731182795698925,0.15056818181818182,0.24056094929881333,0.04248303870367476,0.35360400042105034,0.36200716845878134,0.04116222760290557,-0.23980582524271843,-0.13813863779907232,-0.0007614870970019116,0.0028673835125447855,0.0
1154,0.2686619492927003,0.27670250896057347,0.09900990099009901,-0.2186559679037111,-0.1528904365716509,0.2676882156909966,0.27741935483870966,0.09900990099009901,-0.22066198595787367,-0.1528904365716509,0.27803937644682303,0.2716845878136201,0.1411042944785276,0.4270753436780931,0.08348798576502559,0.3554205964696354,0.36057347670250894,0.04926108374384237,-0.2457372116349047,-0.15895142175977084,-0.000973733601703719,0.0007168458781361964,0.0
1155,0.2729320576990408,0.27741935483870966,0.10672853828306264,-0.2305389221556886,-0.14771515076106345,0.27179385990874827,0.27741935483870966,0.10697674418604651,-0.23453093812375247,-0.14482186553855092,0.2866750954595727,0.2745519713261649,0.16298342541436464,0.2954091816367266,0.05192152959230223,0.36096031246695054,0.3727598566308244,0.07289293849658314,-0.2564870259481038,-0.17086143254116382,-0.0011381977902925056,0.0,0.0002482059029838696
1156,0.2683619454134138,0.2724014336917563,0.12293144208037825,-0.2277131782945736,-0.16255587159691187,0.2672899082995679,0.26738351254480286,0.12293144208037825,-0.22868217054263562,-0.16255587159691187,0.2769294086131999,0.26881720430107525,0.1752873563218391,0.4739309827456864,0.058898821617228814,0.3543128035717706,0.36200716845878134,0.06190476190476191,-0.2383720930232558,-0.15369768386834615,-0.0010720371138459028,-0.00501792114695343,0.0
1157,0.2825587427836539,0.2860215053763441,0.14603960396039603,-0.22113502935420748,-0.13193542847329554,0.2810337294680536,0.2838709677419355,0.14676616915422885,-0.22113502935420748,-0.12594538897475527,0.27815321051143244,0.27025089605734764,0.20689655172413793,0.37125181491067477,0.03578567748583206,0.36080012357300967,0.36774193548387096,0.07881773399014778,-0.23483365949119372,-0.1379254679718359,-0.0015250133156002876,-0.002150537634408589,0.0007265651938328233
1158,0.2687356641962285,0.2738351254480287,0.10256410256410256,-0.22562141491395793,-0.13144193900165335,0.2676315816540599,0.2731182795698925,0.10335917312661498,-0.22275334608030595,-0.1222394202694621,0.27211073101600836,0.2637992831541219,0.1606060606060606,0.3334881180005463,0.0526084356421711,0.3509710516361708,0.35698924731182796,0.06265664160401002,-0.2437858508604207,-0.15904949519822698,-0.001104082542168594,-0.0007168458781361964,0.0007950705625124205
1159,0.25802228631050933,0.26021505376344084,0.0892018779342723,-0.2309197651663405,-0.14074992005116727,0.2568232695795189,0.26021505376344084,0.0892018779342723,-0.22994129158512722,-0.14074992005116727,0.26816316271919927,0.26093189964157704,0.1518624641833811,0.3526759125329703,0.08292026436414024,0.3416558886697022,0.34982078853046594,0.05694760820045558,-0.24461839530332685,-0.17851241871868662,-0.001199016730990432,0.0,0.0
1160,0.2650758724953543,0.26594982078853047,0.1261682242990654,-0.22444889779559118,-0.13157442476881687,0.26356516639938127,0.26594982078853047,0.1261682242990654,-0.2234468937875751,-0.13157442476881687,0.2663345682691352,0.2616487455197133,0.19452054794520549,0.4252208119943591,0.049987771586454954,0.34770415687828554,0.353405017921147,0.08275862068965517,-0.23446893787575152,-0.15174800214162487,-0.0015107060959730356,0.0,0.0
1161,0.2898936305494735,0.2953405017921147,0.12594458438287154,-0.22978303747534512,-0.10080592835433533,0.28957367002536044,0.2939068100358423,0.12594458438287154,-0.2287968441814595,-0.10080592835433533,0.2897226015056621,0.27956989247311825,0.16666666666666666,0.24742790127405512,0.00937403954512861,0.3693755800870228,0.38064516129032255,0.07710843373493977,-0.24457593688362922,-0.1544069938189393,-0.00031996052411303877,-0.0014336917562723928,0.0
1162,0.2815133767365322,0.2860215053763441,0.11421319796954314,-0.21478521478521484,-0.09187241744356789,0.2801070076658258,0.2838709677419355,0.11450381679389313,-0.2157842157842158,-0.08889458047331211,0.28226278354697104,0.2724014336917563,0.19658119658119658,0.34558989397699075,0.036174572277430594,0.362882865711122,0.36702508960573477,0.09375,-0.24275724275724275,-0.15738483078919507,-0.0014063690707064036,-0.002150537634408589,0.00029061882434998354
1163,0.2702948339002363,0.27598566308243727,0.0975,-0.2290664100096247,-0.1621170014422908,0.26951698590504053,0.2745519713261649,0.09725685785536159,-0.23002887391722815,-0.16518450768635462,0.28410326633079824,0.27885304659498206,0.14749262536873156,0.33279518147101744,0.02500087944559748,0.36575265787662614,0.3763440860215054,0.047619047619047616,-0.24254090471607315,-0.15904949519822698,-0.0007778479951957573,-0.0014336917562723928,-0.0002431421446384141
1164,0.2637866520874709,0.27025089605734764,0.10981308411214953,-0.22753346080305925,-0.16180391840792008,0.2628855917546828,0.26953405017921145,0.11007025761124122,-0.2265774378585086,-0.15887552304768038,0.28356360948243503,0.2752688172043011,0.16666666666666666,0.3810506188990641,0.07246771041125144,0.3461281741356956,0.35555555555555557,0.04295942720763723,-0.24569789674952203,-0.13544836016576323,-0.000901060332788084,-0.0007168458781361964,0.0002571734990916841
1165,0.26715418664136936,0.2738351254480287,0.12556053811659193,-0.2351738241308794,-0.168313000131182,0.26633307259387434,0.27885304659498206,0.1258426966292135,-0.23108384458077713,-0.16545323363505182,0.2761374221941371,0.26881720430107525,0.1863013698630137,0.5689745836985101,0.06332808605535878,0.3409577453527414,0.34910394265232975,0.05747126436781609,-0.23926380368098155,-0.13685556867375048,-0.0008211140474950196,0.005017921146953375,0.0002821585126215609
1166,0.2633013783778451,0.26594982078853047,0.1044776119402985,-0.2347908745247148,-0.16284403669724778,0.26181328846551777,0.26594982078853047,0.11138613861386139,-0.23764258555133078,-0.16896024464831805,0.26353754713473115,0.25519713261648747,0.14739884393063585,0.3177017321504013,0.00840978593272168,0.34125726455938094,0.34767025089605735,0.056790123456790124,-0.24904942965779464,-0.17201834862385323,-0.0014880899123273506,0.0,0.006908526673562884
1167,0.27388272676725445,0.2817204301075269,0.11510791366906475,-0.23370110330992977,-0.15256588779564706,0.27364925240372023,0.2817204301075269,0.11594202898550725,-0.23169508525576732,-0.14367033404232532,0.29014916320770345,0.2817204301075269,0.1786743515850144,0.42974377678490017,0.054997033115195104,0.358650746153658,0.36917562724014336,0.08056872037914692,-0.25275827482447344,-0.16739181071785014,-0.00023347436353421402,0.0,0.0008341153164424936
1168,0.2841776362204573,0.2910394265232975,0.145679012345679,-0.22687439143135346,-0.12719232998702168,0.2839469437271097,0.2939068100358423,0.14603960396039603,-0.22492697176241483,-0.1242102311297606,0.295086117470303,0.2838709677419355,0.1903409090909091,0.38395577472751824,0.030858909447815885,0.3613396471644838,0.37132616487455194,0.0889423076923077,-0.2453748782862707,-0.15999541741689371,-0.0002306924933475618,0.0028673835125447855,0.0003605916147170207
1169,0.27393481212154386,0.27885304659498206,0.12206572769953052,-0.23130608175473577,-0.15339585719340199,0.27351700584761585,0.27813620071684586,0.12206572769953052,-0.23429710867397802,-0.15339585719340199,0.29389516183229386,0.2924731182795699,0.18207282913165265,0.21620851730522717,0.048388638387280136,0.35341094332758377,0.37060931899641575,0.06666666666666667,-0.23330009970089727,-0.13584937931682095,-0.00041780627392801195,-0.0007168458781361964,0.0
1170,0.2534555668925817,0.25663082437275986,0.11750599520383694,-0.22705314009661837,-0.14998268215990818,0.25201871036185236,0.25519713261648747,0.11778846153846154,-0.22512077294685995,-0.1470216710696992,0.27087958519057254,0.26021505376344084,0.1797752808988764,0.3617667356797792,0.0306389943428389,0.33563253588167946,0.33978494623655914,0.07398568019093078,-0.24154589371980673,-0.1559047043403261,-0.0014368565307293357,-0.0014336917562723928,0.0002824663346246009
1171,0.2704133434046742,0.27670250896057347,0.11682242990654206,-0.2487660414610069,-0.16694504310344827,0.2702758949530125,0.27813620071684586,0.11682242990654206,-0.2487660414610069,-0.16694504310344827,0.2928885471389029,0.2860215053763441,0.17045454545454544,0.47422789451417285,0.0562230603448276,0.3558558290774592,0.3655913978494624,0.07226107226107226,-0.25271470878578484,-0.16988146551724137,-0.0001374484516616925,0.0014336917562723928,0.0
1172,0.2712500468645957,0.2817204301075269,0.12442396313364056,-0.23681592039800992,-0.1614500077347496,0.27068894532094406,0.2824372759856631,0.12442396313364056,-0.23880597014925375,-0.1614500077347496,0.2876691704951832,0.27741935483870966,0.16981132075471697,0.33724401249566127,0.02130965113783989,0.3599782542675782,0.37132616487455194,0.07534246575342465,-0.25373134328358204,-0.17305379559967604,-0.000561101543651632,0.0007168458781361964,0.0
1173,0.27350744243945263,0.27813620071684586,0.12926829268292683,-0.2267326732673267,-0.14729663221542566,0.272523421548511,0.27956989247311825,0.12990196078431374,-0.22574257425742572,-0.14131525200508277,0.28755056111798294,0.2853046594982079,0.18452380952380953,0.46270627062706277,0.07401443556726228,0.35346856385088377,0.36129032258064514,0.0748792270531401,-0.2524752475247525,-0.15925939263611155,-0.0009840208909416281,0.0014336917562723928,0.0006336681013869028
1174,0.2535702416094585,0.26093189964157704,0.08933002481389578,-0.22425409047160727,-0.1393347474901021,0.25308871362021407,0.25806451612903225,0.08955223880597014,-0.22425409047160727,-0.13632217899908106,0.25927172460736614,0.24946236559139784,0.13609467455621302,0.456419164769126,0.056482204426264615,0.3353687344774001,0.3426523297491039,0.05995203836930456,-0.246390760346487,-0.18151070636439648,-0.00048152798924444573,-0.0028673835125447855,0.00022221399207436598
1175,0.29220265531787903,0.3003584229390681,0.12980769230769232,-0.23278370514064017,-0.15738483078919507,0.2916574887023086,0.2989247311827957,0.13189448441247004,-0.2347235693501455,-0.16036266775945096,0.307065258194489,0.3003584229390681,0.199438202247191,0.2360860930211075,0.021285387426151714,0.37589822207269186,0.3827956989247312,0.08009708737864078,-0.2483026188166828,-0.14547348290817197,-0.0005451666155704138,-0.0014336917562723928,0.0020867921047777183
1176,0.29142720515620074,0.2989247311827957,0.11421319796954314,-0.22840119165839123,-0.1357257786360716,0.29054469323925647,0.2974910394265233,0.11421319796954314,-0.22939424031777556,-0.1357257786360716,0.2952144753583157,0.2831541218637993,0.1782477341389728,0.45812644819596166,0.05664097037777571,0.3695429719921123,0.374910394265233,0.05128205128205128,-0.24031777557100298,-0.12351201679392254,-0.000882511916944273,-0.0014336917562724483,0.0
1177,0.27179122006085865,0.27885304659498206,0.10526315789473684,-0.22040423484119342,-0.14832490717237612,0.27081864216273416,0.27885304659498206,0.10552763819095477,-0.22040423484119342,-0.14527610536547164,0.2778516450999385,0.26738351254480286,0.1632047477744807,0.27118149736051567,0.040700804855706374,0.35507955590470214,0.3634408602150538,0.05486284289276808,-0.233878729547642,-0.1544225107861853,-0.0009725778981244937,0.0,0.00026448029621793656
1178,0.25886039589235893,0.26594982078853047,0.09534883720930233,-0.23362658846529816,-0.1423203350740927,0.2575284331751582,0.2645161290322581,0.10185185185185185,-0.23558162267839688,-0.14809930281260764,0.269982235952175,0.25949820788530464,0.14565826330532214,0.39228513422061806,0.06861198738170349,0.3408443444922013,0.3541218637992832,0.05057471264367816,-0.2482893450635386,-0.15676775442038016,-0.0013319627172007076,-0.0014336917562723928,0.006503014642549515
1179,0.25914127787235164,0.2623655913978495,0.13189448441247004,-0.23586744639376223,-0.15256588779564706,0.2579618302307222,0.2623655913978495,0.13285024154589373,-0.23586744639376223,-0.14367033404232532,0.26988917861744205,0.26093189964157704,0.1623931623931624,0.30926349690651744,0.04313629477743264,0.33966761761426334,0.35053763440860214,0.08037825059101655,-0.2485380116959064,-0.17035699530229076,-0.0011794476416294164,0.0,0.0009557571334236903
1180,0.273878310208837,0.27813620071684586,0.12106537530266344,-0.22512077294685995,-0.14845131987842775,0.2730606667172798,0.2817204301075269,0.12135922330097088,-0.22415458937198063,-0.14547348290817197,0.28205141988967797,0.2716845878136201,0.1694915254237288,0.3627329192546584,0.027241061366663266,0.35849807791286786,0.36415770609319,0.06265060240963856,-0.24927536231884062,-0.1544069938189393,-0.0008176434915572184,0.0035842293906810374,0.0002938479983074366
1181,0.2507391529126392,0.25519713261648747,0.08353808353808354,-0.22686567164179106,-0.13832456189991138,0.25010154016859143,0.25519713261648747,0.08415841584158416,-0.22388059701492535,-0.129352491584397,0.27009125763480535,0.26738351254480286,0.13623188405797101,0.42636815920398013,0.04709822462071911,0.33722476194045586,0.34982078853046594,0.05673758865248227,-0.254726368159204,-0.18617560358265461,-0.0006376127440477775,0.0,0.0006203323035006286
1182,0.272966466273286,0.27598566308243727,0.11529933481152993,-0.23216080402010053,-0.15530646739613907,0.2716836728080725,0.27885304659498206,0.11555555555555555,-0.23216080402010053,-0.15248562486352712,0.28165949364697596,0.27741935483870966,0.16666666666666666,0.4515014094864566,0.050615037484533,0.3486471945678028,0.353405017921147,0.05739514348785872,-0.24924623115577893,-0.16094815246136307,-0.0012827934652135387,0.0028673835125447855,0.00025622074402562034
1183,0.26682508888223105,0.2738351254480287,0.12771084337349398,-0.22896281800391394,-0.16488064571526706,0.2662290064522804,0.2752688172043011,0.12771084337349398,-0.2309197651663405,-0.16488064571526706,0.29077074150282756,0.28745519713261647,0.20298507462686566,0.4221008774698567,0.07472093422634374,0.35078216866157336,0.36057347670250894,0.06,-0.24461839530332685,-0.119955349476215,-0.0005960824299506284,0.0014336917562723928,0.0
1184,0.2704515772812111,0.2802867383512545,0.12910798122065728,-0.23069306930693068,-0.14326456887536843,0.26959046588052415,0.2824372759856631,0.12971698113207547,-0.22970297029702968,-0.13744719246543013,0.28615438383774644,0.27885304659498206,0.20334261838440112,0.35973597359735976,0.05161754085756265,0.34671320758786317,0.35627240143369177,0.06190476190476191,-0.2386138613861386,-0.12581243964555366,-0.0008611114006869536,0.002150537634408589,0.0006089999114181899
1185,0.2759646475535983,0.2802867383512545,0.13349514563106796,-0.23054187192118225,-0.1558955864674566,0.2760540001123465,0.27956989247311825,0.13349514563106796,-0.23152709359605916,-0.1558955864674566,0.2976329735702697,0.2931899641577061,0.17771084337349397,0.35038065382892974,0.0837059934741542,0.3575342829974376,0.3648745519713262,0.06403940886699508,-0.24236453201970443,-0.1379254679718359,8.935255874820136e-05,-0.0007168458781362519,0.0
1186,0.2797244667247074,0.2817204301075269,0.12378640776699029,-0.23723723723723722,-0.13517762670886335,0.27858009527636657,0.2838709677419355,0.12378640776699029,-0.24024024024024027,-0.13517762670886335,0.29758851954801074,0.2931899641577061,0.2,0.31203617410513956,0.07801517178618245,0.36203217578860364,0.36774193548387096,0.061274509803921566,-0.24124124124124124,-0.12333358234802738,-0.0011443714483408418,0.002150537634408589,0.0
1187,0.2646233230794901,0.2716845878136201,0.08816705336426914,-0.23320158102766797,-0.12297274059759422,0.2630221782729539,0.2709677419354839,0.09259259259259259,-0.2351778656126482,-0.12582887744323357,0.2767409776544939,0.2709677419354839,0.15616438356164383,0.3916899643304734,0.06553229121459514,0.3421047950748417,0.34767025089605735,0.04504504504504504,-0.25,-0.16010251959090427,-0.0016011448065362255,-0.0007168458781361964,0.00442553922832345
1188,0.26432533611697573,0.26666666666666666,0.09582309582309582,-0.22675521821631883,-0.13315652770154396,0.26389399352654896,0.26881720430107525,0.0967741935483871,-0.2229601518026565,-0.12122813227249951,0.27154806677974996,0.2623655913978495,0.14958448753462603,0.29788396296935193,0.004020019732466129,0.35052821767366404,0.35913978494623655,0.04854368932038835,-0.24098671726755216,-0.14806702198784927,-0.00043134259042676426,0.002150537634408589,0.0009510977252912695
1189,0.26357663199551207,0.2709677419354839,0.12608695652173912,-0.23833671399594325,-0.15384050521368775,0.2624202419490641,0.26953405017921145,0.12636165577342048,-0.23833671399594325,-0.15105646618605806,0.27464464163235536,0.26523297491039427,0.1815856777493606,0.3777760441046445,0.03825818769275957,0.34256089868579154,0.35125448028673834,0.06768558951965066,-0.24543610547667338,-0.14827242715842837,-0.0011563900464479637,-0.0014336917562724483,0.00027469925168135956
1190,0.26967032836028765,0.27885304659498206,0.10297482837528604,-0.2316326530612245,-0.15001242792216662,0.2686867080759126,0.27741935483870966,0.10321100917431193,-0.23061224489795917,-0.14714166020579322,0.2837610367496175,0.2745519713261649,0.15489130434782608,0.37140686061658706,0.04807054450759907,0.3499936482204358,0.3634408602150538,0.06040268456375839,-0.263265306122449,-0.17872010508590086,-0.000983620284375042,-0.0014336917562723928,0.00023618079902588962
1191,0.26651932061969835,0.27598566308243727,0.11306532663316583,-0.2314453125,-0.15061162079510704,0.2649147348093375,0.2724014336917563,0.11306532663316583,-0.232421875,-0.15061162079510704,0.27490447619132624,0.2709677419354839,0.1723076923076923,0.2720269097222222,0.07262996941896027,0.35759346351830346,0.36917562724014336,0.05513784461152882,-0.248046875,-0.15366972477064222,-0.0016045858103608257,-0.003584229390680982,0.0
1192,0.2539594485473887,0.25878136200716845,0.09313725490196079,-0.22051773729626079,-0.12587922653568162,0.2525762733620343,0.25949820788530464,0.09313725490196079,-0.21955896452540746,-0.12587922653568162,0.27108745856158906,0.26594982078853047,0.15568862275449102,0.5354998233839632,0.0935444327129229,0.33907583438386046,0.34982078853046594,0.05411764705882353,-0.2531160115052733,-0.17628736447117188,-0.0013831751853544128,0.0007168458781361964,0.0
1193,0.26997253693043094,0.2745519713261649,0.11210762331838565,-0.24291497975708498,-0.16332345417312744,0.26895099709777937,0.2752688172043011,0.116331096196868,-0.24493927125506076,-0.16617597990147004,0.2865806669058855,0.2838709677419355,0.1652892561983471,0.3266194331983806,0.0734361812793185,0.34677002610360147,0.353405017921147,0.04318181818181818,-0.25202429149797567,-0.14620829980307104,-0.0010215398326515746,0.0007168458781361964,0.004223472878482348
1194,0.2949039982059765,0.3046594982078853,0.12039312039312039,-0.22531160115052729,-0.13573659552316508,0.29400667440210965,0.3025089605734767,0.12009803921568628,-0.22818791946308725,-0.13872297871174544,0.29295002629212685,0.2853046594982079,0.16853932584269662,0.3354833086376711,0.0165689470944409,0.3749875926289057,0.3813620071684588,0.07004830917874397,-0.24544582933844683,-0.15664127784322857,-0.0008973238038668674,-0.002150537634408589,-0.00029508117743411166
1195,0.28123440199392624,0.28745519713261647,0.1552511415525114,-0.23282051282051286,-0.1454348681621409,0.28033354958528983,0.2845878136200717,0.1552511415525114,-0.23282051282051286,-0.1454348681621409,0.29052658993583286,0.27885304659498206,0.2204724409448819,0.4359724828017511,0.017571822117276703,0.3593885533097089,0.37132616487455194,0.09027777777777778,-0.24410256410256415,-0.12827626918536017,-0.00090085240863641,-0.0028673835125447855,0.0
1196,0.26562803831264536,0.26523297491039427,0.08629441624365482,-0.2315175097276264,-0.1357257786360716,0.2647539944971438,0.26523297491039427,0.09090909090909091,-0.2344357976653697,-0.14183265955714608,0.2828867541853013,0.2745519713261649,0.15895953757225434,0.2821011673151751,0.010839363469716812,0.3579176767506518,0.36845878136200716,0.055,-0.24124513618677046,-0.15404642139929514,-0.0008740438155015462,0.0,0.004614674665436094
1197,0.2811476435523161,0.2903225806451613,0.13493975903614458,-0.22385141739980452,-0.14921815408085426,0.2808535772085275,0.2896057347670251,0.13526570048309178,-0.22580645161290325,-0.14624877410918602,0.29008840746165626,0.2817204301075269,0.19767441860465115,0.42737446884912317,0.061607823907595116,0.35342457777342995,0.36057347670250894,0.059113300492610835,-0.22776148582600197,-0.12249373433583954,-0.0002940663437885904,-0.0007168458781361964,0.00032594144694719773
1198,0.2628462253090103,0.2630824372759857,0.11809045226130653,-0.22598870056497178,-0.15598198895416338,0.26093860876277614,0.25949820788530464,0.12030075187969924,-0.22881355932203384,-0.15904949519822698,0.2788162917596701,0.2724014336917563,0.18670886075949367,0.45024603608529246,0.09555352305906362,0.3485312040540714,0.3548387096774194,0.056265984654731455,-0.22693032015065917,-0.13450944524571717,-0.0019076165462341699,-0.0035842293906810374,0.002210299618392711
1199,0.2599542597422487,0.26021505376344084,0.12342569269521411,-0.2079601990049751,-0.12645183645183644,0.2579344329667999,0.25878136200716845,0.12342569269521411,-0.2079601990049751,-0.12645183645183644,0.25957989820062743,0.2530465949820789,0.17751479289940827,0.3137789314298075,0.05181566181566177,0.3408757342972611,0.34480286738351257,0.07598039215686274,-0.23681592039800992,-0.1596881496881497,-0.002019826775448763,-0.0014336917562723928,0.0
1200,0.275124516844448,0.2845878136200717,0.1330049261083744,-0.2344213649851632,-0.15364518364518365,0.27403494151796504,0.2853046594982079,0.13333333333333333,-0.2344213649851632,-0.15062370062370067,0.280617514528147,0.27670250896057347,0.17846153846153845,0.34964044162857216,0.0910949410949411,0.35257065323701764,0.36057347670250894,0.07407407407407407,-0.24233432245301678,-0.15062370062370067,-0.001089575326482961,0.0007168458781361964,0.00032840722495894314
1201,0.2631738702001769,0.26738351254480286,0.12796208530805686,-0.22613065326633164,-0.16739181071785014,0.261603828376967,0.26666666666666666,0.13238770685579196,-0.22814070351758797,-0.17035699530229076,0.2692654610621277,0.2616487455197133,0.1925287356321839,0.3801767457979553,0.05203184853075438,0.34273762352703496,0.34838709677419355,0.07913669064748201,-0.24522613065326637,-0.15256588779564706,-0.0015700418232099111,-0.0007168458781361964,0.004425621547735098
1202,0.2785164131706898,0.2838709677419355,0.12530120481927712,-0.23460410557184752,-0.17016644620811283,0.27733223067479107,0.2824372759856631,0.12560386473429952,-0.23362658846529816,-0.16716269841269848,0.29554300869875216,0.2860215053763441,0.17522658610271905,0.5724090597117364,0.08214836860670194,0.36838595835648613,0.37849462365591396,0.08173076923076923,-0.2482893450635386,-0.1731701940035274,-0.0011841824958987446,-0.0014336917562723928,0.00030265991502240186
1203,0.2683065544859514,0.27956989247311825,0.12240184757505773,-0.24801587301587302,-0.14349228877684894,0.26716114101120964,0.27670250896057347,0.12183908045977011,-0.2509920634920635,-0.14924868178930084,0.28160579844546296,0.27741935483870966,0.17647058823529413,0.4565018315018315,0.07525064569632056,0.34974642107118187,0.36129032258064514,0.06802721088435375,-0.2678571428571429,-0.16651786082665632,-0.0011454134747417855,-0.0028673835125447855,-0.0005627671152876185
1204,0.2632405410348033,0.26881720430107525,0.0954653937947494,-0.24066797642436144,-0.16894171398867686,0.26223673956270777,0.26666666666666666,0.0954653937947494,-0.24361493123772104,-0.16894171398867686,0.2709008595994862,0.26594982078853047,0.1373134328358209,0.4920478997099822,0.08155459002125431,0.3443460413331036,0.3548387096774194,0.04275534441805225,-0.2514734774066798,-0.17490591170319902,-0.0010038014720955557,-0.002150537634408589,0.0
1205,0.2745783758479109,0.2824372759856631,0.11083743842364532,-0.23092170465807726,-0.10733702075355744,0.2733227311816301,0.2810035842293907,0.1111111111111111,-0.23191278493557976,-0.10439248738780726,0.27798850228641936,0.26594982078853047,0.18207282913165265,0.39297834639757334,0.03694511416820312,0.3527646607413885,0.35842293906810035,0.057692307692307696,-0.24182358771060453,-0.13678235441105957,-0.0012556446662808085,-0.0014336917562723928,0.00027367268746578133
1206,0.26295063317844514,0.26738351254480286,0.11168831168831168,-0.21948912015137179,-0.1320555066329574,0.2626806714431429,0.26594982078853047,0.11168831168831168,-0.2185430463576159,-0.1320555066329574,0.28004956519871627,0.26881720430107525,0.1557632398753894,0.1813308104698833,0.06610942249240126,0.35518787882322417,0.3648745519713262,0.0759493670886076,-0.2516556291390728,-0.16301877680879462,-0.00026996173530224876,-0.0014336917562723928,0.0
1207,0.2875340805633934,0.2917562724014337,0.11793611793611794,-0.23120837297811603,-0.1435244343930313,0.28664878791498116,0.28888888888888886,0.11793611793611794,-0.23120837297811603,-0.1435244343930313,0.3076881263122126,0.2974910394265233,0.1804733727810651,0.4515568096066144,0.06343225185096013,0.37542371574718497,0.385663082437276,0.07524271844660194,-0.24738344433872506,-0.15852129571505968,-0.0008852926484122503,-0.002867383512544841,0.0
1208,0.26690448893001956,0.2709677419354839,0.12219451371571072,-0.22859922178988323,-0.1307077596035594,0.26639272831721633,0.27025089605734764,0.1225,-0.22859922178988323,-0.1276996131151047,0.2845411219714557,0.2810035842293907,0.17933130699088146,0.25664162082382935,0.08587878756517797,0.3477357148164665,0.35985663082437275,0.08088235294117647,-0.23929961089494167,-0.15176478502274227,-0.0005117606128032248,-0.0007168458781362519,0.00030548628428928026
1209,0.2668258252170995,0.2738351254480287,0.11224489795918367,-0.2321772639691715,-0.1537297957560435,0.2655440358969112,0.2716845878136201,0.11224489795918367,-0.23314065510597304,-0.1537297957560435,0.276607663130657,0.26810035842293906,0.15772870662460567,0.3300578034682081,0.07849473056273615,0.3579273916337881,0.3627240143369176,0.07213930348258707,-0.25337186897880537,-0.18469306593188084,-0.001281789320188298,-0.002150537634408589,0.0
1210,0.26113054335689434,0.26666666666666666,0.12142857142857143,-0.21875,-0.14600330802575612,0.25968700017869867,0.26523297491039427,0.12114014251781473,-0.22265625,-0.14894377536448145,0.2748224375282058,0.26810035842293906,0.15598885793871867,0.4048887310606061,0.033365199636488097,0.33925286245120073,0.35053763440860214,0.052256532066508314,-0.251953125,-0.14894377536448145,-0.001443543178195672,-0.0014336917562723928,-0.0002884289107566995
1211,0.28202148320774995,0.2853046594982079,0.10526315789473684,-0.2388201712654615,-0.15635520665946623,0.2810638056665926,0.2831541218637993,0.10526315789473684,-0.2388201712654615,-0.15635520665946623,0.29720329140113483,0.2953405017921147,0.16923076923076924,0.4611481129083413,0.07029143945979643,0.37047486373293526,0.3763440860215054,0.05764411027568922,-0.24643196955280688,-0.15635520665946623,-0.0009576775411573313,-0.002150537634408589,0.0
1212,0.2910992881271239,0.2996415770609319,0.12990196078431374,-0.22211155378486058,-0.13872297871174544,0.2911418681914852,0.2996415770609319,0.13022113022113022,-0.22509960159362552,-0.13573659552316508,0.3012808853897995,0.2946236559139785,0.1871345029239766,0.4039556061468412,0.05837831173456809,0.3740372396840991,0.3827956989247312,0.07598039215686274,-0.23705179282868527,-0.13872297871174544,4.2580064361308345e-05,0.0,0.0003191694368164799
1213,0.28471332788015835,0.2896057347670251,0.12351543942992874,-0.22331047992164543,-0.14894377536448145,0.28342236193740583,0.28817204301075267,0.12351543942992874,-0.22331047992164543,-0.14894377536448145,0.28707825151349214,0.2752688172043011,0.16761363636363635,0.30215475024485794,0.05394847100756528,0.36796796230430145,0.3734767025089606,0.07276995305164319,-0.23604309500489717,-0.16364611205810797,-0.00129096594275252,-0.0014336917562724483,0.0
1214,0.26228003883493306,0.26810035842293906,0.12121212121212122,-0.24165824064711827,-0.17645411304536784,0.2622606820483291,0.26881720430107525,0.12200435729847495,-0.23963599595551066,-0.16803245044305481,0.2781739487622175,0.26523297491039427,0.17447916666666666,0.36938758779001446,0.04250911461477169,0.3382099469627284,0.34480286738351257,0.05309734513274336,-0.25075834175935285,-0.14838190437099097,-1.9356786603974552e-05,0.0007168458781361964,0.0007922360863537314
1215,0.25980358068617204,0.26738351254480286,0.12051282051282051,-0.21999999999999997,-0.12088569091023516,0.257708318556188,0.26810035842293906,0.11989795918367346,-0.21904761904761905,-0.12698329452404422,0.26390700168730463,0.25448028673835127,0.17647058823529413,0.34977443609022557,0.08338403015237017,0.3389416439057935,0.34767025089605735,0.075,-0.24,-0.1513737089792807,-0.0020952621299840657,0.0007168458781361964,-0.0006148613291470512
1216,0.29335228813217484,0.3017921146953405,0.13821138211382114,-0.21634615384615385,-0.1308845577211395,0.29118794197866116,0.2982078853046595,0.13821138211382114,-0.2173076923076923,-0.1308845577211395,0.2912651709226897,0.2824372759856631,0.1861198738170347,0.25625,0.03492522031667089,0.37898760097581585,0.3842293906810036,0.0851063829787234,-0.2201923076923077,-0.15320510476469085,-0.0021643461535136854,-0.003584229390680982,0.0
1217,0.27416482965841,0.2802867383512545,0.11325301204819277,-0.21812749003984067,-0.1414935191543112,0.2737023769467392,0.27885304659498206,0.11325301204819277,-0.21812749003984067,-0.1414935191543112,0.289026776289029,0.2802867383512545,0.17679558011049723,0.4673686207550749,0.015220026618515958,0.35881502646712843,0.36774193548387096,0.05542168674698795,-0.23804780876494025,-0.1414935191543112,-0.00046245271167077995,-0.0014336917562724483,0.0
1218,0.2810547534794973,0.28888888888888886,0.12325581395348838,-0.23306772908366535,-0.1423203350740927,0.27945984505160715,0.28817204301075267,0.12558139534883722,-0.23406374501992033,-0.1423203350740927,0.27941958193945476,0.2738351254480287,0.16129032258064516,0.40687250996015933,0.02526972934284122,0.3614470568847634,0.37132616487455194,0.06018518518518518,-0.24402390438247012,-0.14809930281260764,-0.0015949084278901737,-0.0007168458781361964,0.002325581395348844
1219,0.2606025198830026,0.2637992831541219,0.11221945137157108,-0.21624266144814086,-0.12811397707231043,0.2593687567073205,0.26523297491039427,0.11278195488721804,-0.2142857142857143,-0.12210648148148151,0.26564857408755366,0.25448028673835127,0.17771084337349397,0.4995483968086708,0.07914462081128748,0.341417179208978,0.34408602150537637,0.07090464547677261,-0.24070450097847362,-0.15214395943562609,-0.0012337631756820788,0.0014336917562723928,0.0005625035156469615
1220,0.27524051039659536,0.2810035842293907,0.11793611793611794,-0.22286821705426352,-0.140920487721106,0.2742333230853465,0.2817204301075269,0.12469437652811736,-0.22480620155038755,-0.14691052721964615,0.27424793098438044,0.2637992831541219,0.1810344827586207,0.2583333333333333,0.03578567748583206,0.35808852409829534,0.3634408602150538,0.06896551724137931,-0.24127906976744184,-0.1379254679718359,-0.0010071873112488805,0.0007168458781361964,0.006758258591999425
1221,0.28268502998538697,0.28888888888888886,0.1026252983293556,-0.23168316831683167,-0.1584962569645283,0.2818563432964491,0.28888888888888886,0.1026252983293556,-0.23564356435643563,-0.1584962569645283,0.3038765242888115,0.2989247311827957,0.1623931623931624,0.39922992299229926,0.04313629477743264,0.3619060158855869,0.37132616487455194,0.024630541871921183,-0.2396039603960396,-0.1199488573668005,-0.0008286866889378741,0.0,0.0
1222,0.27403727379645443,0.2817204301075269,0.1111111111111111,-0.22980769230769227,-0.14798764823416455,0.2727927765988188,0.2817204301075269,0.11194029850746269,-0.22788461538461535,-0.13893660637828587,0.2797479888795665,0.2709677419354839,0.16923076923076924,0.5702182952182953,0.09337346792260248,0.3616105320772506,0.36774193548387096,0.07263922518159806,-0.25096153846153846,-0.1721237598498413,-0.0012444971976356412,0.0,0.0008291873963515856
1223,0.29388009179689295,0.3003584229390681,0.10455764075067024,-0.21276595744680848,-0.10547455688965124,0.29244382770075017,0.2953405017921147,0.10483870967741936,-0.21179883945841393,-0.10235849056603774,0.2969380135105089,0.2867383512544803,0.17337461300309598,0.37637008381689235,0.05032875929102343,0.3810923635149721,0.38853046594982077,0.07197943444730077,-0.24274661508704065,-0.1553316180674672,-0.0014362640961427808,-0.00501792114695343,0.0002810689267491173
1224,0.24750980632914937,0.24802867383512545,0.07728337236533958,-0.21997981836528757,-0.14617325708033757,0.24691790488338403,0.24802867383512545,0.08,-0.2179616548940464,-0.14035588067039928,0.2526750567602791,0.24157706093189965,0.11813186813186813,0.23151698620921635,0.03707409983271703,0.3300942605790034,0.33763440860215055,0.04081632653061224,-0.25428859737638754,-0.18689489194990516,-0.0005919014457653471,0.0,0.0027166276346604207
1225,0.2653072860368639,0.2724014336917563,0.07268170426065163,-0.23260437375745524,-0.1246914666266501,0.2647523363555658,0.2716845878136201,0.075,-0.23558648111332003,-0.1276996131151047,0.29003982800766603,0.2853046594982079,0.15076923076923077,0.5098762265118963,0.0979113735189967,0.35755641147915784,0.3648745519713262,0.04830917874396135,-0.2495029821073559,-0.1698136639534703,-0.0005549496812981003,-0.0007168458781361964,0.002318295739348372
1226,0.2505228649296214,0.25519713261648747,0.12259615384615384,-0.23198420533070085,-0.13933077808755578,0.24857435456011706,0.2537634408602151,0.1223021582733813,-0.23198420533070085,-0.1422793987113311,0.2548844687663605,0.24157706093189965,0.19130434782608696,0.35910935614785566,0.07002128620048931,0.3244137090389696,0.32831541218637994,0.08333333333333333,-0.24383020730503457,-0.15112526058265696,-0.0019485103695043304,-0.0014336917562723928,-0.00029399557277254296
1227,0.2754894677166364,0.2824372759856631,0.13202933985330073,-0.2189638318670577,-0.1627096327096328,0.2744290469701467,0.2817204301075269,0.1323529411764706,-0.2160312805474096,-0.1596881496881497,0.28278410344944305,0.2709677419354839,0.18862275449101795,0.5063538611925709,0.06390159390159389,0.3523417942470089,0.35985663082437275,0.07881773399014778,-0.2297165200391007,-0.15364518364518365,-0.0010604207464897097,-0.0007168458781361964,0.0003236013231698587
1228,0.2733619330403995,0.27598566308243727,0.10810810810810811,-0.23246492985971945,-0.12037257125781853,0.2722570836136383,0.2745519713261649,0.10810810810810811,-0.23246492985971945,-0.12037257125781853,0.29745099318714024,0.2903225806451613,0.19420289855072465,0.44358717434869743,0.06321011633513751,0.3585854168608583,0.3627240143369176,0.05365853658536585,-0.23446893787575152,-0.12925560452844542,-0.0011048494267612008,-0.0014336917562723928,0.0
1229,0.25961934653066304,0.26594982078853047,0.10232558139534884,-0.23138832997987924,-0.14984621986982327,0.2590275258566803,0.26666666666666666,0.102803738317757,-0.22937625754527158,-0.14404432593736016,0.2700999933993084,0.26523297491039427,0.1352112676056338,0.3703844689760183,0.06772480259754521,0.33927920335030154,0.34695340501792116,0.04772727272727273,-0.2525150905432596,-0.17885568953213915,-0.0005918206739827236,0.0007168458781361964,0.0004781569224081711
1230,0.28743064975096794,0.2960573476702509,0.12239583333333333,-0.22448979591836737,-0.12628360232922975,0.2853961066321116,0.2974910394265233,0.12239583333333333,-0.2254616132167152,-0.12628360232922975,0.2854590311942308,0.27885304659498206,0.19519519519519518,0.40782181598508127,0.03138078651386633,0.3695253724282002,0.3734767025089606,0.07455012853470437,-0.23420796890184647,-0.14174089535306267,-0.0020345431188563134,0.0014336917562723928,0.0
1231,0.2907945466699703,0.2974910394265233,0.15223097112860892,-0.21755725190839692,-0.13040308747855922,0.28937743580341324,0.2939068100358423,0.15223097112860892,-0.21564885496183206,-0.13040308747855922,0.2910339677250233,0.2838709677419355,0.2088607594936709,0.27218511450381677,0.07214122355631791,0.36888846157725724,0.37921146953405016,0.09921671018276762,-0.22805343511450382,-0.1366352201257861,-0.0014171108665570475,-0.003584229390680982,0.0
1232,0.26943588356376863,0.26881720430107525,0.13414634146341464,-0.23362658846529816,-0.15514770723104054,0.26902407892396896,0.26881720430107525,0.13414634146341464,-0.23558162267839688,-0.15514770723104054,0.28806572740429287,0.27885304659498206,0.19411764705882353,0.3986314760508308,0.05511463844797182,0.35486635602400063,0.36129032258064514,0.07407407407407407,-0.24731182795698925,-0.14012896825396826,-0.0004118046397996733,0.0,0.0
1233,0.2841658819754414,0.2924731182795699,0.15267175572519084,-0.22115384615384615,-0.1406444577338446,0.2830659742217782,0.2896057347670251,0.15267175572519084,-0.22307692307692306,-0.1406444577338446,0.29241913871806696,0.2845878136200717,0.20795107033639143,0.4831885856079405,0.06181095437436235,0.36744935766179865,0.37132616487455194,0.08163265306122448,-0.2365384615384616,-0.13757695148978077,-0.0010999077536631985,-0.0028673835125447855,0.0
1234,0.2863499914845013,0.28817204301075267,0.13253012048192772,-0.22200584225900677,-0.14663551862676594,0.2849707727519258,0.2903225806451613,0.13253012048192772,-0.2229795520934762,-0.14663551862676594,0.29499554995028254,0.28745519713261647,0.20396600566572237,0.3171048360921778,0.037205925608551405,0.3692728105928465,0.374910394265233,0.07334963325183375,-0.23953261927945468,-0.12884441112012235,-0.0013792187325755156,0.0021505376344086446,0.0
1235,0.2707413052371224,0.2752688172043011,0.12694300518134716,-0.22403846153846152,-0.13246651953876287,0.26899748222124265,0.2752688172043011,0.12694300518134716,-0.22499999999999998,-0.13246651953876287,0.2914078661379252,0.2810035842293907,0.1755485893416928,0.39294871794871794,0.07466120698059864,0.35749206827698476,0.36702508960573477,0.07848101265822785,-0.2432692307692308,-0.16028964698166226,-0.0017438230158797752,0.0,0.0
1236,0.2702183371081738,0.27741935483870966,0.1084070796460177,-0.23673469387755097,-0.14113914711524267,0.26922018805926917,0.27956989247311825,0.1091314031180401,-0.23673469387755097,-0.13274759256051472,0.2709519230955729,0.2637992831541219,0.16321243523316062,0.37701080432172873,0.0434750530887722,0.3437780235719696,0.3548387096774194,0.045951859956236324,-0.24693877551020404,-0.1551250713731226,-0.0009981490489046063,0.002150537634408589,0.0007243234720223923
1237,0.2626590833192956,0.26738351254480286,0.12832929782082325,-0.24174757281553394,-0.15104912084511035,0.26255369921527644,0.26594982078853047,0.12864077669902912,-0.24174757281553394,-0.14806702198784927,0.276876861461713,0.26881720430107525,0.1826086956521739,0.2561719833564494,0.051733601448643474,0.34353069964437616,0.35125448028673834,0.07729468599033816,-0.25631067961165044,-0.15403121970237144,-0.00010538410401916831,-0.0014336917562723928,0.00031147887820587306
1238,0.2747370363941337,0.27956989247311825,0.09828009828009827,-0.21386138613861383,-0.140920487721106,0.27393028276172193,0.2802867383512545,0.09852216748768473,-0.2158415841584158,-0.1379254679718359,0.2847093304007024,0.27741935483870966,0.1844380403458213,0.3822947000582412,0.038780697235102246,0.36372851184948707,0.3720430107526882,0.07228915662650602,-0.24356435643564356,-0.16488064571526706,-0.000806753632411783,0.0007168458781362519,0.00024206920758645945
1239,0.2878148903071537,0.2939068100358423,0.11600928074245939,-0.23372781065088755,-0.15274716683605494,0.2859932654961962,0.2931899641577061,0.11547344110854503,-0.23964497041420119,-0.15854906076851816,0.2839074574301383,0.27813620071684586,0.1652892561983471,0.3617536309844002,0.04451722686769255,0.36231376485203987,0.36917562724014336,0.06221198156682028,-0.23865877712031558,-0.1614500077347496,-0.0018216248109574895,-0.0007168458781361964,-0.0005358396339143617
1240,0.2644669271453273,0.2716845878136201,0.13658536585365855,-0.22437137330754353,-0.13437125422251284,0.2634258423342774,0.2716845878136201,0.13658536585365855,-0.22437137330754353,-0.13437125422251284,0.28393976340342225,0.27885304659498206,0.19830028328611898,0.3034539928156949,0.03488340416258029,0.3565523383790119,0.3634408602150538,0.08851674641148326,-0.23017408123791105,-0.1581262939958592,-0.0010410848110499193,0.0,0.0
1241,0.28230742722225477,0.2931899641577061,0.11084905660377359,-0.22023182297154897,-0.1475470312345416,0.282102832111297,0.2924731182795699,0.11294117647058824,-0.2223393045310853,-0.15047144421397174,0.2971580446911607,0.2960573476702509,0.17403314917127072,0.3480857042500878,0.03376657349012935,0.36521740760623156,0.3727598566308244,0.06557377049180328,-0.2349841938883035,-0.15632027017283212,-0.0002045951109577726,-0.0007168458781361964,0.0020921198668146512
1242,0.2689967946473949,0.2716845878136201,0.10952380952380952,-0.22342519685039375,-0.1640650539391958,0.2687295999971124,0.2731182795698925,0.11190476190476191,-0.22342519685039375,-0.1640650539391958,0.29467837026864935,0.2903225806451613,0.16819571865443425,0.5522309711286089,0.1120872834259562,0.35918225068782894,0.3741935483870968,0.0660377358490566,-0.25196850393700787,-0.17594257382586898,-0.00026719465028252065,0.0014336917562723928,0.0023809523809523864
1243,0.3005370978058334,0.3039426523297491,0.12944162436548223,-0.23597678916827858,-0.15448302714948148,0.2992384249481242,0.3046594982078853,0.1297709923664122,-0.23597678916827858,-0.15139641074652221,0.30219960208410396,0.2960573476702509,0.1831831831831832,0.2249180052140275,0.033800573431029046,0.3878928459951046,0.3935483870967742,0.06459948320413436,-0.2456479690522244,-0.1328767123287672,-0.0012986728577091822,0.0007168458781361964,0.00032936800092997487
1244,0.2618026961052937,0.2630824372759857,0.12322274881516587,-0.22891566265060237,-0.14677629532480851,0.25996856533349405,0.2630824372759857,0.12351543942992874,-0.2299196787148594,-0.14384389686162746,0.27479664036749757,0.26594982078853047,0.1839080459770115,0.2474013701866289,0.07022119095059143,0.3442604841596392,0.35197132616487453,0.07092198581560284,-0.24397590361445787,-0.14970869378798957,-0.001834130771799669,0.0,0.00029269061476286384
1245,0.2770370525903655,0.2824372759856631,0.13539192399049882,-0.22341463414634144,-0.15665041311120143,0.2759411935179984,0.2824372759856631,0.13539192399049882,-0.22243902439024388,-0.15665041311120143,0.29265859378388576,0.27885304659498206,0.18156424581005587,0.3014929785661493,0.029371529188676693,0.36399873946481853,0.3763440860215054,0.09026128266033254,-0.23121951219512193,-0.15665041311120143,-0.0010958590723670891,0.0,0.0
1246,0.2583323537591407,0.26738351254480286,0.14184397163120568,-0.23336643495531284,-0.16514839398794534,0.25762145645093204,0.26738351254480286,0.14588235294117646,-0.2363455809334657,-0.17106211269635396,0.28389931860411266,0.2752688172043011,0.20821114369501467,0.4114230688212813,0.07731407305680593,0.3384007146679767,0.34408602150537637,0.061124694376528114,-0.23237338629592852,-0.12375236302908532,-0.0007108973082086689,0.0,0.004038381309970779
1247,0.2725860424638541,0.2845878136200717,0.13856812933025403,-0.2360248447204969,-0.15098878668186522,0.2715113042059457,0.2831541218637993,0.13394919168591224,-0.2360248447204969,-0.15098878668186522,0.2766382865624466,0.26594982078853047,0.19293478260869565,0.4732142857142857,0.0368276648198711,0.35173164726716316,0.3627240143369176,0.08120649651972157,-0.24016563146997927,-0.14520981894335017,-0.0010747382579083808,-0.0014336917562723928,-0.004618937644341792
1248,0.2844931897824636,0.28888888888888886,0.12406947890818859,-0.24282982791586993,-0.1393347474901021,0.28397100951676696,0.2903225806451613,0.12437810945273632,-0.24187380497131927,-0.13632217899908106,0.3083945168526836,0.3032258064516129,0.18475073313782991,0.34660177298800626,0.047444498953201575,0.3751730550629588,0.3878136200716846,0.06965174129353234,-0.24569789674952203,-0.13632217899908106,-0.0005221802656966146,0.0014336917562724483,0.00030863054454773053
1249,0.2775906592624984,0.27956989247311825,0.13947990543735225,-0.21819960861056753,-0.1471619416067219,0.27604904759157506,0.27885304659498206,0.13947990543735225,-0.21819960861056753,-0.1471619416067219,0.2957626333510564,0.28888888888888886,0.19273743016759776,0.2680365296803653,0.04318375680885511,0.364126885703211,0.374910394265233,0.08530805687203792,-0.24559686888454013,-0.1442335462464822,-0.0015416116709233152,-0.0007168458781361964,0.0
1250,0.28141325669309314,0.28745519713261647,0.10776942355889724,-0.21311475409836067,-0.13511225086450263,0.2806332744283638,0.2867383512544803,0.10858585858585859,-0.210221793635487,-0.1260343233109451,0.28724746583001454,0.27956989247311825,0.17365269461077845,0.38126173679135156,0.061576179462576985,0.3649406516037651,0.37777777777777777,0.06796116504854369,-0.24493731918997108,-0.1744499369299185,-0.0007799822647293619,-0.0007168458781361964,0.0008164350269613541
1251,0.2652211586799837,0.2745519713261649,0.11883408071748879,-0.231237322515213,-0.15096802297703438,0.26366431242368105,0.27813620071684586,0.11910112359550562,-0.2302231237322515,-0.14813327850226665,0.27961250371974417,0.2745519713261649,0.17989417989417988,0.3545892494929006,0.04179460130716828,0.3497483136059946,0.36057347670250894,0.07760532150776053,-0.242393509127789,-0.16514174535087278,-0.0015568462563026464,0.003584229390680982,0.0002670428780168349
1252,0.28207931167764494,0.2853046594982079,0.10628019323671498,-0.2297955209347614,-0.14109964888928128,0.2816792670674068,0.2867383512544803,0.1073170731707317,-0.22687439143135346,-0.12925560452844542,0.3017190783933224,0.2946236559139785,0.1642651296829971,0.4826525905806386,0.05728809415471958,0.3708376055405061,0.38853046594982077,0.057007125890736345,-0.25316455696202533,-0.16182672652074404,-0.0004000446102381261,0.0014336917562723928,0.0010368799340167295
1253,0.27117464852787143,0.2731182795698925,0.10948905109489052,-0.22342519685039375,-0.09717780620402938,0.27024065969048383,0.27670250896057347,0.11029411764705882,-0.22047244094488194,-0.08846338343460192,0.27060048111451984,0.26594982078853047,0.1620879120879121,0.28110832736816993,0.039348150517002356,0.34916792277196074,0.35770609318996416,0.05555555555555555,-0.2470472440944882,-0.15817876559002242,-0.0009339888373876004,0.003584229390680982,0.0008050665521683043
1254,0.2432480481166129,0.2523297491039427,0.0779816513761468,-0.22860020140986903,-0.16471311339247152,0.24188339767392958,0.2523297491039427,0.08695652173913043,-0.23464249748237664,-0.16761021960862488,0.2463277735892876,0.23440860215053763,0.11989100817438691,0.3107962634996701,0.03518721552211035,0.32241302637222413,0.33046594982078853,0.04044943820224719,-0.25478348439073517,-0.19078706933785172,-0.0013646504426833295,0.0,0.008974870362983639
1255,0.27280521283997383,0.27741935483870966,0.12949640287769784,-0.21146245059288538,-0.14483949613978053,0.27154227278554177,0.27598566308243727,0.12949640287769784,-0.2134387351778656,-0.14483949613978053,0.2749014988966983,0.26666666666666666,0.17341040462427745,0.41713234291944934,0.06480428010293915,0.34911443052442065,0.35627240143369177,0.06954436450839328,-0.2420948616600791,-0.14483949613978053,-0.0012629400544320601,-0.0014336917562723928,0.0
1256,0.27254568148871366,0.2802867383512545,0.08928571428571429,-0.210172744721689,-0.11393041990620179,0.2713526266628353,0.27670250896057347,0.09620253164556962,-0.21305182341650675,-0.12300834745975919,0.2868252272560789,0.2752688172043011,0.1694915254237288,0.3304833362414937,0.0010566624388601564,0.36747455198909273,0.3756272401433692,0.06666666666666667,-0.2351247600767754,-0.15326810597161766,-0.0011930548258783924,-0.0035842293906810374,0.006916817359855332
1257,0.2750557093875687,0.2802867383512545,0.11835748792270531,-0.21828908554572268,-0.14367033404232532,0.2737520327909859,0.2810035842293907,0.11864406779661017,-0.21730580137659783,-0.1407051494578847,0.2883813261763895,0.2824372759856631,0.20116618075801748,0.527173190890005,0.06685777145295746,0.35715903297358254,0.36774193548387096,0.07894736842105263,-0.2340216322517208,-0.15553107238008768,-0.001303676596582759,0.0007168458781361964,0.0002865798739048603
1258,0.27456863161126266,0.2802867383512545,0.1191588785046729,-0.22912423625254585,-0.15669292393430323,0.27272335707494566,0.27741935483870966,0.11971830985915492,-0.23014256619144602,-0.15085202154167665,0.2830684651590226,0.2752688172043011,0.16761363636363635,0.45153947526057264,0.06526136698550489,0.35599179011399334,0.36415770609319,0.07192575406032482,-0.24236252545824843,-0.16545427752324304,-0.0018452745363169987,-0.002867383512544841,0.0005594313544820262
1259,0.2943294510677616,0.3017921146953405,0.1411764705882353,-0.22745098039215683,-0.14793157034536342,0.292990046327863,0.3010752688172043,0.1411764705882353,-0.2313725490196078,-0.14793157034536342,0.2973404410945488,0.2946236559139785,0.1912568306010929,0.29117647058823526,0.024375050237119167,0.3755663202593652,0.382078853046595,0.07600950118764846,-0.2382352941176471,-0.13624976556011037,-0.0013394047398985753,-0.0007168458781361964,0.0
1260,0.27861636947656293,0.2860215053763441,0.11138613861386139,-0.22757955641272898,-0.129352491584397,0.2777091552106873,0.2853046594982079,0.11166253101736973,-0.22854387656702024,-0.1263618014792255,0.28893026215478723,0.2831541218637993,0.17302052785923755,0.3599927675988428,0.05906098504140489,0.36462492468903357,0.3763440860215054,0.0673076923076923,-0.2468659594985535,-0.16524077284645444,-0.0009072142658756444,-0.0007168458781361964,0.00027639240350833816
1261,0.26293822545946904,0.2716845878136201,0.1186046511627907,-0.22574257425742572,-0.19641258663756722,0.2612989068551418,0.2745519713261649,0.11971830985915492,-0.22277227722772275,-0.1845181970860792,0.27711852720914965,0.26810035842293906,0.1691842900302115,0.44780763790664785,0.09797355476176273,0.34477115700562094,0.353405017921147,0.05314009661835749,-0.2376237623762376,-0.1488350284316149,-0.0016393186043272556,0.0028673835125447855,0.0011136586963642198
1262,0.262660067858992,0.27025089605734764,0.10891089108910891,-0.22762645914396884,-0.14234731598112305,0.2614932137041449,0.26953405017921145,0.10891089108910891,-0.22859922178988323,-0.14234731598112305,0.2732861415875641,0.26594982078853047,0.17971014492753623,0.2298832684824902,0.035394224989117484,0.3470498029647824,0.353405017921147,0.05665024630541872,-0.24319066147859925,-0.14837245296316515,-0.0011668541548470746,-0.0007168458781361964,0.0
1263,0.28676271809463105,0.2910394265232975,0.13766233766233765,-0.21793635486981677,-0.10304680613375927,0.28565890689083545,0.2924731182795699,0.14025974025974025,-0.2198649951783992,-0.10304680613375927,0.2949566372072418,0.2838709677419355,0.20738636363636365,0.40171711201667337,-0.0025886069873187756,0.36931380938653585,0.3734767025089606,0.07197943444730077,-0.22661523625843782,-0.115223557545449,-0.0011038112037956016,0.0014336917562723928,0.0025974025974025983
1264,0.27768026733033496,0.2838709677419355,0.11298076923076923,-0.22896281800391394,-0.14188676689692536,0.2759111556661796,0.2838709677419355,0.11961722488038277,-0.23189823874755378,-0.1477922253826358,0.28860652368432305,0.27741935483870966,0.17765042979942694,0.3090125350399323,0.055946092374373646,0.3638680532767649,0.374910394265233,0.06009615384615385,-0.23776908023483367,-0.14188676689692536,-0.0017691116641553872,0.0,0.006636455649613543
1265,0.27560750531096856,0.2845878136200717,0.10761154855643044,-0.2202898550724638,-0.11700922651492995,0.27475173991351143,0.2824372759856631,0.10761154855643044,-0.2202898550724638,-0.11700922651492995,0.2749667522472483,0.26093189964157704,0.1536231884057971,0.2524959742351047,-0.005716716743332628,0.3598928591380024,0.36774193548387096,0.058524173027989825,-0.23091787439613531,-0.15410672977212891,-0.0008557653974571311,-0.002150537634408589,0.0
1266,0.2632363452156879,0.26523297491039427,0.10263157894736842,-0.229951690821256,-0.1436308789249966,0.26125226679399166,0.2637992831541219,0.10526315789473684,-0.23188405797101452,-0.1436308789249966,0.27060498351680695,0.2623655913978495,0.16279069767441862,0.28861283643892344,0.10494201361074418,0.35099382992718986,0.35698924731182796,0.07512953367875648,-0.24927536231884062,-0.16250983278847064,-0.0019840784216962337,-0.0014336917562723928,0.0026315789473684154
1267,0.2659913924623544,0.2745519713261649,0.11455847255369929,-0.2250489236790607,-0.14051724137931043,0.26455224452364384,0.2731182795698925,0.11848341232227488,-0.22798434442270055,-0.14932650862068964,0.273722567089604,0.2716845878136201,0.16619718309859155,0.25433789954337904,0.04741379310344829,0.34869317287725454,0.36057347670250894,0.05673758865248227,-0.2465753424657534,-0.15226293103448274,-0.0014391479387105832,-0.0014336917562723928,0.003924939768575594
1268,0.2454755879169589,0.2523297491039427,0.09263657957244656,-0.23233301064859635,-0.16442662613340953,0.24516379781686656,0.24946236559139784,0.09285714285714286,-0.2352371732817038,-0.1614614415489689,0.26832720515102026,0.26093189964157704,0.1377245508982036,0.3837614055323268,0.0935444327129229,0.334966529265588,0.34767025089605735,0.05568445475638051,-0.25459825750242016,-0.19407847197781547,-0.00031179010009232955,-0.002867383512544841,0.00022056328469630126
1269,0.2640110410564895,0.2716845878136201,0.09951456310679611,-0.23114593535749262,-0.1377399648734441,0.26354536565685593,0.2716845878136201,0.09975669099756691,-0.2301665034280117,-0.13477478028900347,0.260156432667584,0.25017921146953404,0.14484679665738162,0.3147966771864911,0.019414818101907816,0.34140040974282787,0.34623655913978496,0.05200945626477541,-0.2546523016650343,-0.17035699530229076,-0.0004656753996335472,0.0,0.0002421278907707991
1270,0.2594923186773568,0.26594982078853047,0.09777777777777778,-0.244421906693712,-0.15738322121207704,0.25879969987676954,0.2645161290322581,0.09821428571428571,-0.242393509127789,-0.1517277050570497,0.28643679441517234,0.27813620071684586,0.1514360313315927,0.3502287843766215,0.032076569981337455,0.3488318392384493,0.3648745519713262,0.05458515283842795,-0.26369168356997974,-0.18000528583218622,-0.0006926188005872413,-0.0014336917562723928,0.0004365079365079294
1271,0.27172941946211715,0.27741935483870966,0.09844559585492228,-0.2277131782945736,-0.11129825495177359,0.27137018864383133,0.27741935483870966,0.10594315245478036,-0.22965116279069764,-0.11435169541231083,0.27309635976860575,0.2645161290322581,0.16715542521994134,0.23126614987080096,0.026106565772403112,0.35443468479846085,0.36200716845878134,0.06516290726817042,-0.24612403100775193,-0.1509929809387578,-0.00035923081828581616,0.0,0.007497556599858082
1272,0.2633218901843142,0.26810035842293906,0.12211981566820276,-0.22430830039525695,-0.16398838076964073,0.262867616820788,0.26881720430107525,0.12268518518518519,-0.22430830039525695,-0.15817876559002242,0.2768236793352784,0.27025089605734764,0.1807909604519774,0.21409749670619227,0.06839622641509435,0.33830139311495366,0.3426523297491039,0.06088992974238876,-0.2361660079051383,-0.14365472764097642,-0.00045427336352615866,0.0007168458781361964,0.0005653695169824252
1273,0.2778838137841071,0.2860215053763441,0.1271393643031785,-0.2368932038834951,-0.14430594211025427,0.27734865795815006,0.2831541218637993,0.1271393643031785,-0.2368932038834951,-0.14430594211025427,0.29157356197912215,0.2817204301075269,0.18895348837209303,0.39931099279674287,0.05008891472589061,0.36076174754842044,0.3720430107526882,0.07710843373493977,-0.2504854368932039,-0.16225008274128305,-0.0005351558259570344,-0.0028673835125447855,0.0
1274,0.27562108434175214,0.2845878136200717,0.09873417721518987,-0.22114451988360817,-0.12561600322511146,0.2734198765445728,0.2831541218637993,0.09873417721518987,-0.22114451988360817,-0.12561600322511146,0.273048825068267,0.26594982078853047,0.15454545454545454,0.3753443258971872,0.07136601538878573,0.3596466351750163,0.36774193548387096,0.051597051597051594,-0.23278370514064017,-0.1619819143538308,-0.002201207797179361,-0.0014336917562723928,0.0
1275,0.2743994372847178,0.2802867383512545,0.13225058004640372,-0.2332332332332332,-0.15274716683605494,0.2734193747526592,0.2802867383512545,0.13225058004640372,-0.23423423423423428,-0.15274716683605494,0.2909263935403414,0.2838709677419355,0.18820224719101122,0.3906355334926763,0.06482385563131365,0.35888347725759234,0.37132616487455194,0.08045977011494253,-0.25225225225225223,-0.16435095470098116,-0.0009800625320585676,0.0,0.0
1276,0.2751806585087167,0.27956989247311825,0.12135922330097088,-0.23069306930693068,-0.12500422094805874,0.2747109671379637,0.27885304659498206,0.12165450121654502,-0.2287128712871287,-0.12205968758230845,0.282055788302487,0.2738351254480287,0.1671388101983003,0.3456545654565457,0.04872324763120395,0.35429110189524354,0.3634408602150538,0.06588235294117648,-0.24554455445544554,-0.16328315470281152,-0.0004696913707529782,-0.0007168458781361964,0.00029527791557414085
1277,0.29324049621318293,0.2960573476702509,0.13970588235294118,-0.21992110453648916,-0.1132260874850578,0.2920745301499172,0.2953405017921147,0.14390243902439023,-0.2238658777120316,-0.11911515421655827,0.30223801587304155,0.2924731182795699,0.20380434782608695,0.35562130177514795,0.004555247144950703,0.3759970357750079,0.3835125448028674,0.1,-0.24556213017751483,-0.1485604878740604,-0.0011659660632657443,-0.0007168458781361964,0.004196556671449053
1278,0.26644594678204686,0.2745519713261649,0.11910669975186104,-0.22784810126582278,-0.1419536203302454,0.2655098523146629,0.2745519713261649,0.11970074812967581,-0.22590068159688415,-0.13591959242632612,0.27874735693060493,0.27598566308243727,0.17365269461077845,0.4113186391667405,0.06622034235496621,0.349404482132339,0.35770609318996416,0.06142506142506143,-0.2453748782862707,-0.1540216761380837,-0.0009360944673839633,0.0,0.0005940483778147654
1279,0.26944840466707165,0.2731182795698925,0.09468822170900693,-0.22507403751233956,-0.13113603568149024,0.26891343630796355,0.2738351254480287,0.09699769053117784,-0.22507403751233956,-0.13113603568149024,0.286157982316106,0.2802867383512545,0.16486486486486487,0.47957046204223147,0.04902925357470811,0.3523723752895147,0.36200716845878134,0.06306306306306306,-0.25074037512339586,-0.16259346713892175,-0.0005349683591081011,0.0007168458781361964,0.0023094688221709098
1280,0.2634605437255022,0.26594982078853047,0.1411192214111922,-0.22398414271556,-0.1322166156186544,0.2617410910041171,0.2645161290322581,0.14180929095354522,-0.22497522299306238,-0.12629459343823646,0.2712438040077433,0.2616487455197133,0.19420289855072465,0.44781962338949455,0.06321011633513751,0.344736349488083,0.3548387096774194,0.09219858156028368,-0.23984142715559964,-0.16774874870116196,-0.0017194527213851285,-0.0014336917562723928,0.0006900695423530112
1281,0.2852172398678196,0.2931899641577061,0.10432569974554708,-0.22147001934235977,-0.11178348081064948,0.28455452465621844,0.2917562724014337,0.10606060606060606,-0.22437137330754353,-0.12083452266652828,0.28461111465882405,0.2738351254480287,0.15056818181818182,0.276595744680851,0.011914091219693668,0.36734059992449614,0.3756272401433692,0.045,-0.23597678916827858,-0.1329025784743666,-0.0006627152116011614,-0.0014336917562723928,0.0017349063150589872
1282,0.2754975975434054,0.27885304659498206,0.09216589861751152,-0.22903885480572594,-0.13399580217762042,0.27373183682236263,0.27670250896057347,0.09174311926605505,-0.2331288343558282,-0.13971533516988066,0.2876835177342557,0.2810035842293907,0.17534246575342466,0.43993386416046637,0.06332808605535878,0.3627790817588161,0.3734767025089606,0.066815144766147,-0.24744376278118607,-0.1768922996195723,-0.0017657607210427861,-0.002150537634408589,-0.00042277935145647316
1283,0.2768761936612015,0.2867383512544803,0.14454976303317535,-0.23017408123791105,-0.1647877376109531,0.2761688251603982,0.2824372759856631,0.14489311163895488,-0.2292069632495164,-0.16182672652074404,0.2800662985518562,0.26594982078853047,0.19505494505494506,0.3024392864818397,0.0069509056211671805,0.35675200257813483,0.36630824372759857,0.09112709832134293,-0.23017408123791105,-0.14998268215990818,-0.0007073685008032737,-0.004301075268817178,0.00034334860577953097
1284,0.2734496464945474,0.2838709677419355,0.12,-0.22899999999999998,-0.18418536352149706,0.2729437638151888,0.2824372759856631,0.12,-0.23099999999999998,-0.18418536352149706,0.28863967181572675,0.27956989247311825,0.17971014492753623,0.3368571428571429,0.05404159409896525,0.3563801499396399,0.37060931899641575,0.07380952380952381,-0.245,-0.16929617867021818,-0.0005058826793585824,-0.0014336917562723928,0.0
1285,0.27306472460919495,0.2752688172043011,0.12219451371571072,-0.22211445198836077,-0.1307077596035594,0.27184983580920535,0.27598566308243727,0.1225,-0.22211445198836077,-0.1276996131151047,0.2927114027944509,0.2896057347670251,0.19117647058823528,0.3308960680444676,0.05278917619217638,0.35962880234316513,0.36989247311827955,0.05970149253731343,-0.24151309408341415,-0.13371590609201411,-0.0012148887999895996,0.0007168458781361964,0.00030548628428928026
1286,0.2653909628782705,0.2752688172043011,0.12941176470588237,-0.2313803376365442,-0.1736707708815799,0.2648586174097132,0.2731182795698925,0.12941176470588237,-0.23535253227408148,-0.1736707708815799,0.290081175543966,0.2810035842293907,0.19830028328611898,0.4225549359610929,0.03952202761346579,0.345885918391618,0.3548387096774194,0.07228915662650602,-0.2413108242303873,-0.14406065997949025,-0.0005323454685572937,-0.002150537634408589,0.0
1287,0.2804832983557257,0.28745519713261647,0.11392405063291139,-0.22412155745489082,-0.14143730886850148,0.27948176195864216,0.2896057347670251,0.11479591836734694,-0.2212725546058879,-0.13226299694189603,0.2962408657914209,0.28817204301075267,0.1676829268292683,0.4172716968415894,0.06345565749235471,0.36883746321759237,0.37921146953405016,0.05793450881612091,-0.24691358024691357,-0.14755351681957185,-0.0010015363970835578,0.0021505376344086446,0.0008718677344355524
1288,0.25994912864726055,0.26738351254480286,0.10653753026634383,-0.22525252525252526,-0.13813863779907232,0.258914821188511,0.26810035842293906,0.1108433734939759,-0.2282828282828283,-0.14406065997949025,0.26904027170738043,0.2637992831541219,0.15789473684210525,0.4185913185913186,0.07209314960576452,0.3417148861745354,0.34767025089605735,0.06132075471698113,-0.2585858585858586,-0.17070975979137104,-0.0010343074587495504,0.0007168458781361964,0.00430584322763207
1289,0.2556600864060879,0.25734767025089605,0.11475409836065574,-0.2363455809334657,-0.12622310973949347,0.25431110467056905,0.25806451612903225,0.1191588785046729,-0.23733862959285001,-0.12910130624571936,0.2662627521659379,0.25949820788530464,0.18783068783068782,0.2956877614275827,0.014808519065576342,0.3384005027285347,0.34050179211469533,0.0585480093676815,-0.2274081429990069,-0.12622310973949347,-0.0013489817355188394,0.0007168458781361964,0.004404780144017156
1290,0.2791743630799412,0.2896057347670251,0.08767772511848342,-0.23038229376257546,-0.10452025698522405,0.2787391815966339,0.28817204301075267,0.08767772511848342,-0.23038229376257546,-0.10452025698522405,0.2858425416334685,0.27741935483870966,0.15718157181571815,0.4624413145539907,0.04743507966673466,0.3615303475839527,0.3720430107526882,0.060948081264108354,-0.2625754527162978,-0.16472897528128305,-0.0004351814833072898,-0.0014336917562724483,0.0
1291,0.258357124036861,0.2616487455197133,0.10669975186104218,-0.2225519287833828,-0.13412147266313934,0.2571608634165433,0.2616487455197133,0.10723192019950124,-0.22156280909990111,-0.12811397707231043,0.2669177440963215,0.2630824372759857,0.18072289156626506,0.5271760633036597,0.07914462081128748,0.34401140171205435,0.35125448028673834,0.07932692307692307,-0.25914935707220577,-0.1731701940035274,-0.0011962606203176906,0.0,0.0005321683384590659
1292,0.2759412912596777,0.27885304659498206,0.14136125654450263,-0.2269230769230769,-0.1254412217106866,0.274629827906238,0.27741935483870966,0.14360313315926893,-0.23076923076923073,-0.12854244352806654,0.29240294673215106,0.2853046594982079,0.21428571428571427,0.5181318681318682,0.06063208733211356,0.3665806366977882,0.3756272401433692,0.09186351706036745,-0.23750000000000004,-0.12233999989330657,-0.0013114633534396791,-0.0014336917562723928,0.002241876614766297
1293,0.25650955225913996,0.2623655913978495,0.09977827050997783,-0.231610337972167,-0.14074666435431638,0.2547226733275615,0.26021505376344084,0.1,-0.23061630218687867,-0.1379461511410004,0.2558556066329716,0.24659498207885305,0.15206185567010308,0.42183739667259607,0.03568566808458706,0.32877111347760984,0.33835125448028674,0.05240174672489083,-0.2465208747514911,-0.1603502568475278,-0.0017868789315784728,-0.0021505376344086446,0.00022172949002217945
1294,0.26280497826648197,0.26953405017921145,0.10948905109489052,-0.25,-0.16875259875259874,0.2626701389704628,0.27025089605734764,0.11246943765281174,-0.2480544747081712,-0.1627096327096328,0.28065776324786046,0.27025089605734764,0.15634218289085547,0.3948489901797295,0.0487941787941788,0.35074598821707037,0.3634408602150538,0.06506024096385542,-0.25583657587548636,-0.18083853083853085,-0.00013483929601915134,0.0007168458781361964,0.0029803865579212246
1295,0.27866520157355734,0.2853046594982079,0.11392405063291139,-0.21287128712871284,-0.11009149029982368,0.27800320452319854,0.2860215053763441,0.11838790931989925,-0.2178217821782178,-0.1160989858906526,0.28636121431713163,0.2752688172043011,0.166189111747851,0.3823668081093824,0.0280809082892417,0.36342949203114594,0.37132616487455194,0.06506024096385542,-0.24554455445544554,-0.17016644620811283,-0.000661997050358798,0.0007168458781361964,0.004463858686987857
1296,0.28509066888278406,0.2967741935483871,0.11832946635730858,-0.22750252780586455,-0.14520981894335017,0.28382604899914454,0.2967741935483871,0.11805555555555555,-0.22851365015166836,-0.14809930281260764,0.2810617924413052,0.2752688172043011,0.1763085399449036,0.28457864091210205,0.05127508416615867,0.359883303582281,0.37060931899641575,0.08333333333333333,-0.24873609706774524,-0.1827731092436975,-0.0012646198836395173,0.0,-0.0002739108017530273
1297,0.2578342697632052,0.26523297491039427,0.12941176470588237,-0.23167155425219943,-0.17628736447117188,0.25663367106888785,0.26523297491039427,0.13002364066193853,-0.23069403714565007,-0.17035699530229076,0.27013104969664475,0.2637992831541219,0.17796610169491525,0.30216450216450214,0.0342407410241109,0.3457542315658674,0.35268817204301073,0.08470588235294117,-0.24437927663734116,-0.17628736447117188,-0.0012005986943173785,0.0,0.0006118759560561626
1298,0.27156230098926565,0.27598566308243727,0.10628019323671498,-0.22699999999999998,-0.14109964888928128,0.2699402761837853,0.2738351254480287,0.10628019323671498,-0.22799999999999998,-0.14109964888928128,0.2700703386455716,0.26523297491039427,0.16265060240963855,0.5897837837837838,0.10170326050785417,0.35225353562809264,0.35913978494623655,0.06791569086651054,-0.257,-0.17959279306199782,-0.0016220248054803488,-0.002150537634408589,0.0
1299,0.2741861348063883,0.27598566308243727,0.1053921568627451,-0.2206896551724138,-0.13872297871174544,0.27282089332510456,0.2731182795698925,0.1053921568627451,-0.2216748768472906,-0.13872297871174544,0.2848443108524538,0.27813620071684586,0.17002881844380405,0.3156186612576065,0.04344639579166554,0.353706583600093,0.3627240143369176,0.06521739130434782,-0.24630541871921185,-0.15664127784322857,-0.0013652414812837521,-0.0028673835125447855,0.0
1300,0.27766447298397073,0.2838709677419355,0.08333333333333333,-0.22970297029702968,-0.13099344410438285,0.2768324693888984,0.2824372759856631,0.08374384236453201,-0.2277227722772277,-0.12504624932863884,0.2815169247217327,0.2709677419354839,0.12605042016806722,0.39508144362823383,0.020660022677090217,0.3660519770800169,0.38064516129032255,0.04929577464788732,-0.25643564356435644,-0.1845181970860792,-0.0008320035950723503,-0.0014336917562723928,0.00041050903119868587
1301,0.2732163315694311,0.2724014336917563,0.12594458438287154,-0.23546798029556648,-0.17195954897138666,0.27126079493865357,0.2738351254480287,0.12594458438287154,-0.23546798029556648,-0.17195954897138666,0.27650597976752955,0.27025089605734764,0.1691842900302115,0.383725597518701,0.032721090975693534,0.3598464179737938,0.36845878136200716,0.07360406091370558,-0.2394088669950739,-0.16265588351924665,-0.0019555366307775213,0.0014336917562723928,0.0
1302,0.2782700382783883,0.28745519713261647,0.10643564356435643,-0.2335271317829457,-0.16088637533928551,0.27757630837597164,0.2853046594982079,0.10643564356435643,-0.23740310077519378,-0.16088637533928551,0.2938212432695278,0.2845878136200717,0.15868263473053892,0.39844961240310073,0.05220677436528509,0.3668685160458622,0.3756272401433692,0.06388206388206388,-0.24806201550387597,-0.17001893889805286,-0.0006937299024166732,-0.002150537634408589,0.0
1303,0.2886621542206822,0.2917562724014337,0.10739856801909307,-0.23860329776915612,-0.17157319378613123,0.2868964932888334,0.28817204301075267,0.10739856801909307,-0.23860329776915612,-0.17157319378613123,0.29170403694803715,0.2860215053763441,0.16620498614958448,0.17497575169738122,0.0016370311515384595,0.376332566988768,0.3870967741935484,0.05825242718446602,-0.24345295829291946,-0.15066851146606752,-0.0017656609318488226,-0.0035842293906810374,0.0
1304,0.2610938482570678,0.26523297491039427,0.09977827050997783,-0.23594377510040165,-0.1455746835035533,0.26040832887104876,0.2637992831541219,0.09977827050997783,-0.23393574297188757,-0.1455746835035533,0.27618519553536464,0.2724014336917563,0.14213197969543148,0.2827347124346442,0.014436905940394817,0.341417564227607,0.35197132616487453,0.03938730853391685,-0.2419678714859438,-0.16241800870817946,-0.0006855193860190179,-0.0014336917562723928,0.0
1305,0.26947963421854665,0.2752688172043011,0.14713216957605985,-0.2311411992263056,-0.16248079168971663,0.2684882491311184,0.2745519713261649,0.14925373134328357,-0.23404255319148937,-0.16554358420484172,0.27374506183838565,0.26953405017921145,0.18042813455657492,0.2191614151119985,0.06416585442954614,0.34830168248304993,0.353405017921147,0.07360406091370558,-0.22823984526112184,-0.14104124408384044,-0.0009913850874282426,-0.0007168458781361964,0.002121561767223723
1306,0.2630293981034202,0.26594982078853047,0.12846347607052896,-0.23285024154589373,-0.14755351681957185,0.26175644210288357,0.2623655913978495,0.12846347607052896,-0.23285024154589373,-0.14755351681957185,0.26462825537938606,0.25663082437275986,0.19705882352941176,0.3406576281751597,0.02675840978593269,0.3418619166507894,0.34695340501792116,0.09405940594059406,-0.25217391304347825,-0.16896024464831805,-0.001272956000536618,-0.003584229390680982,0.0
1307,0.2773846990054449,0.2817204301075269,0.13766233766233765,-0.22740247383444334,-0.11347611144771386,0.27687920795686527,0.2831541218637993,0.14728682170542637,-0.23025689819219786,-0.11960169647796426,0.2892116599003209,0.2838709677419355,0.20426829268292682,0.3125730596710616,0.06110306191442094,0.35605713684794155,0.36415770609319,0.07455012853470437,-0.23120837297811603,-0.12572728150821455,-0.0005054910485796094,0.0014336917562723928,0.009624484043088716
1308,0.25650792773854747,0.26666666666666666,0.09655172413793103,-0.24373119358074224,-0.146756329113924,0.25617247295209394,0.26738351254480286,0.0967741935483871,-0.24473420260782353,-0.14388185654008434,0.27302237056740347,0.26666666666666666,0.12568306010928962,0.34601171936863223,0.05158227848101271,0.33891665718633485,0.34767025089605735,0.038636363636363635,-0.24473420260782353,-0.1611286919831223,-0.0003354547864535262,0.0007168458781361964,0.00022246941045606095
1309,0.2604611917714822,0.26523297491039427,0.0963855421686747,-0.23852295409181634,-0.16488064571526706,0.2599659854907721,0.2645161290322581,0.0963855421686747,-0.23852295409181634,-0.16488064571526706,0.2751528647299948,0.26523297491039427,0.13583815028901733,0.42240518962075846,0.041775716984372324,0.34832679237108294,0.3541218637992832,0.038834951456310676,-0.24850299401197606,-0.1558955864674566,-0.0004952062807100921,-0.0007168458781361964,0.0
1310,0.27594762071994805,0.2810035842293907,0.11704834605597965,-0.22413793103448276,-0.11436590436590433,0.2751478176521973,0.2802867383512545,0.1189873417721519,-0.22796934865900387,-0.12040887040887038,0.28421421506364564,0.27598566308243727,0.1702127659574468,0.24080459770114948,0.07900900900900898,0.3630199841757187,0.3727598566308244,0.07371007371007371,-0.24808429118773945,-0.15666666666666662,-0.0007998030677507373,-0.0007168458781361964,0.0019389957161722454
1311,0.267808694534669,0.2716845878136201,0.10972568578553615,-0.22063037249283668,-0.12295036922548508,0.2669743100211245,0.2724014336917563,0.10972568578553615,-0.22063037249283668,-0.12295036922548508,0.2755980675437104,0.26594982078853047,0.1565217391304348,0.39593644178171405,0.0447707367336424,0.35266187052057374,0.35627240143369177,0.05811138014527845,-0.24737344794651384,-0.1588906062167268,-0.000834384513544506,0.0007168458781361964,0.0
1312,0.26163188924181197,0.26738351254480286,0.1358313817330211,-0.2297955209347614,-0.16917222143431188,0.2613509391221597,0.2709677419354839,0.1377672209026128,-0.22492697176241483,-0.15150502123981058,0.27885165527350486,0.26953405017921145,0.17630057803468208,0.40817916260954235,0.06933498119145554,0.3439987857878716,0.35268817204301073,0.07511737089201878,-0.2502434274586174,-0.1662276880685617,-0.0002809501196522901,0.0035842293906810374,0.0019358391695917243
1313,0.2869249826177435,0.2974910394265233,0.10052910052910052,-0.2122958693563881,-0.10773485070063016,0.28585103274522744,0.2960573476702509,0.10052910052910052,-0.2122958693563881,-0.10773485070063016,0.2901882257004155,0.2824372759856631,0.15644171779141106,0.3086647454370798,0.053020996747232485,0.3694486262726454,0.3741935483870968,0.060759493670886074,-0.24015369836695488,-0.16028964698166226,-0.0010739498725160779,-0.0014336917562723928,0.0
1314,0.2658265305108393,0.2724014336917563,0.10319410319410319,-0.230009871668312,-0.1435244343930313,0.26492487556690025,0.2724014336917563,0.10319410319410319,-0.2290227048371175,-0.1435244343930313,0.27101033617085285,0.2623655913978495,0.16012084592145015,0.4172521920910517,0.08442785770179984,0.35154217911782065,0.35985663082437275,0.06295399515738499,-0.2349457058242843,-0.1615206679794653,-0.0009016549439390675,0.0,0.0
1315,0.2654543520192386,0.2716845878136201,0.15365853658536585,-0.2254616132167152,-0.14469574508890648,0.2643145508361607,0.2716845878136201,0.15441176470588236,-0.2254616132167152,-0.13872297871174544,0.26934076262809914,0.2630824372759857,0.20402298850574713,0.29980563654033043,0.04046001260308507,0.3449005692722487,0.35125448028673834,0.09024390243902439,-0.23420796890184647,-0.14469574508890648,-0.0011398011830779375,0.0,0.0007532281205165081
1316,0.2633775132313048,0.26738351254480286,0.1122715404699739,-0.227316141356256,-0.12586285259778995,0.2623346447457603,0.2645161290322581,0.1122715404699739,-0.227316141356256,-0.12586285259778995,0.2676147394348862,0.25878136200716845,0.17065868263473055,0.23910680762770475,0.025857171263812706,0.3504160542920835,0.35555555555555557,0.07455012853470437,-0.24068767908309452,-0.1444408147032924,-0.0010428684855445236,-0.0028673835125447855,0.0
1317,0.26506790845668915,0.2645161290322581,0.11662531017369727,-0.21743388834476007,-0.1367240525804687,0.2649404143427179,0.2616487455197133,0.11691542288557213,-0.21743388834476007,-0.13371590609201411,0.2831454475185703,0.2810035842293907,0.1834319526627219,0.28197507514607045,0.0588054691690858,0.35542458894891865,0.3627240143369176,0.07785888077858881,-0.2389813907933399,-0.16078922448810629,-0.00012749411397122712,-0.0028673835125447855,0.00029011271187485976
1318,0.2704913459473779,0.27956989247311825,0.11395348837209303,-0.24412665985699689,-0.152369150410404,0.26966713154524186,0.27956989247311825,0.11395348837209303,-0.24514811031664963,-0.152369150410404,0.286678106196386,0.2810035842293907,0.17595307917888564,0.45352400408580185,0.10615872508261381,0.35058347944588203,0.35770609318996416,0.06060606060606061,-0.2390194075587334,-0.14946434282059484,-0.0008242144021360365,0.0,0.0
1319,0.2682694097808798,0.2724014336917563,0.09414758269720101,-0.2438095238095238,-0.16229241915834913,0.2674664224513179,0.2724014336917563,0.09438775510204081,-0.2438095238095238,-0.1591862759765471,0.2817625746756422,0.2752688172043011,0.14331210191082802,0.4508683473389356,0.08309289220400806,0.35647932929489073,0.3648745519713262,0.04081632653061224,-0.2438095238095238,-0.1591862759765471,-0.0008029873295619105,0.0,0.0002401724048397974
1320,0.27256521204577067,0.27885304659498206,0.10835214446952596,-0.22910216718266252,-0.15476587698809918,0.27193567967458265,0.27813620071684586,0.10835214446952596,-0.2311661506707946,-0.15476587698809918,0.2879205864229835,0.27956989247311825,0.1595744680851064,0.3770317337461301,0.03635334681086311,0.3557891230694484,0.36917562724014336,0.06444444444444444,-0.26109391124871006,-0.1747335570864983,-0.000629532371188013,-0.0007168458781361964,0.0
1321,0.2605032550039761,0.2645161290322581,0.1,-0.23251231527093597,-0.16509350911112264,0.25949425302908374,0.26523297491039427,0.10328638497652583,-0.22955665024630545,-0.15339585719340199,0.2721086589944497,0.26093189964157704,0.16056338028169015,0.3952380952380953,0.05423746434614052,0.3368647517856292,0.3433691756272401,0.037825059101654845,-0.24827586206896557,-0.14462261825511136,-0.0010090019748923429,0.0007168458781361964,0.003286384976525822
1322,0.2704517886736391,0.27670250896057347,0.1018957345971564,-0.2374384236453202,-0.14932650862068964,0.2696345090831173,0.2752688172043011,0.0997624703087886,-0.2374384236453202,-0.14639008620689653,0.29169009765615034,0.2903225806451613,0.15743440233236153,0.41295715778474396,0.08265086206896555,0.36113748909427384,0.36774193548387096,0.05841121495327103,-0.24729064039408866,-0.16694504310344827,-0.0008172795905218022,-0.0014336917562723928,-0.0021332642883677977
1323,0.2579428330611232,0.2637992831541219,0.12259615384615384,-0.23759541984732824,-0.16787566546453714,0.25744274234069553,0.26523297491039427,0.12289156626506025,-0.23759541984732824,-0.16488064571526706,0.26980486703731915,0.26523297491039427,0.18235294117647058,0.46055979643765904,0.059745835479993126,0.3318713150852801,0.34050179211469533,0.05405405405405406,-0.24236641221374045,-0.140920487721106,-0.0005000907204276706,0.0014336917562723928,0.00029541241890640446
1324,0.2814107466191459,0.28817204301075267,0.12646370023419204,-0.23186925434116445,-0.1336518834663203,0.28162055128780183,0.2939068100358423,0.12796208530805686,-0.22880490296220635,-0.11920446412003283,0.2990623741233956,0.2910394265232975,0.1880108991825613,0.3832829852433008,0.03971714868912857,0.36280144181665536,0.3741935483870968,0.07339449541284404,-0.24923391215526047,-0.15965723828963763,0.00020980466865594405,0.0057347670250896265,0.001498385073864822
1325,0.2863029503683537,0.2838709677419355,0.12224938875305623,-0.22457200402819744,-0.17341048522030122,0.28562456231696426,0.2838709677419355,0.12254901960784313,-0.22457200402819744,-0.1703708867819297,0.30527284691976336,0.2953405017921147,0.18397626112759644,0.36078637418450893,0.04544060234244285,0.3792398418207085,0.3949820788530466,0.09223300970873786,-0.2537764350453172,-0.1825292805354155,-0.0006783880513894225,0.0,0.0002996308547869031
1326,0.2825768457264265,0.28817204301075267,0.12048192771084337,-0.2378167641325536,-0.16488064571526706,0.28125009277387075,0.28888888888888886,0.12106537530266344,-0.23586744639376223,-0.1588906062167268,0.29220361874045314,0.28817204301075267,0.1804733727810651,0.4914230019493177,0.0657358749785335,0.36955442348476825,0.37849462365591396,0.07211538461538461,-0.23976608187134507,-0.16787566546453714,-0.001326752952555743,0.0007168458781361964,0.000583447591820066
1327,0.27130688256492297,0.2752688172043011,0.11483253588516747,-0.2294921875,-0.17122215305679744,0.2695688255924048,0.2738351254480287,0.11566265060240964,-0.228515625,-0.16225008274128305,0.27840185218239555,0.26810035842293906,0.15988372093023256,0.4713541666666667,0.05008891472589061,0.35326205080043566,0.36415770609319,0.06038647342995169,-0.25390625,-0.15925939263611155,-0.001738056972518165,-0.0014336917562723928,0.0008301147172421752
1328,0.25031459603548367,0.25161290322580643,0.10070257611241218,-0.23470411233701105,-0.17176560494908388,0.24914419298419338,0.2523297491039427,0.10328638497652583,-0.23370110330992977,-0.16881698432530856,0.2642550888967503,0.25591397849462366,0.15229885057471265,0.24591957691255584,0.06117542432916345,0.33181421062110683,0.33978494623655914,0.0425531914893617,-0.24473420260782353,-0.15997112245398282,-0.0011704030512902919,0.0007168458781362519,0.0025838088641136486
1329,0.2718523798592278,0.2709677419354839,0.12041884816753927,-0.22007722007722008,-0.10428773390233836,0.27095766212030753,0.2738351254480287,0.12073490813648294,-0.22007722007722008,-0.10122494138721316,0.2885923372133252,0.2810035842293907,0.22388059701492538,0.38332528957528955,0.039663514308544756,0.35717451756659735,0.36057347670250894,0.07512953367875648,-0.24131274131274127,-0.11653890396283906,-0.0008947177389202476,0.0028673835125447855,0.00031605996894366883
1330,0.26479212900098303,0.2738351254480287,0.0891566265060241,-0.21924603174603174,-0.14406065997949025,0.2646214199574772,0.2745519713261649,0.09200968523002422,-0.21825396825396826,-0.13813863779907232,0.2781743401050885,0.2716845878136201,0.15428571428571428,0.3234126984126984,0.04840506088409269,0.3534124956925318,0.36415770609319,0.06088992974238876,-0.251984126984127,-0.17959279306199782,-0.0001707090435058567,0.0007168458781361964,0.0028530587240001154
1331,0.258840575456214,0.2645161290322581,0.10679611650485436,-0.21953675730110778,-0.1377399648734441,0.2580093133545207,0.26523297491039427,0.10757946210268948,-0.22054380664652573,-0.12884441112012235,0.2799638537652447,0.2716845878136201,0.17151162790697674,0.35709425437522113,0.06389258686851684,0.34135877982881396,0.3548387096774194,0.07311320754716981,-0.24471299093655585,-0.17332217988673126,-0.0008312621016932642,0.0007168458781361964,0.0007833455978351195
1332,0.2564859742012605,0.2623655913978495,0.08398950131233596,-0.22688274547187803,-0.15231116774791476,0.2553286037049893,0.25949820788530464,0.08398950131233596,-0.22974261201143942,-0.15231116774791476,0.27033849526451975,0.2630824372759857,0.13141025641025642,0.4502153117911969,0.06551204819277112,0.3487679168167794,0.35770609318996416,0.05154639175257732,-0.24976167778836988,-0.17440917516218724,-0.0011573704962712372,-0.002867383512544841,0.0
1333,0.2589057394126684,0.2623655913978495,0.11306532663316583,-0.23604309500489717,-0.12686855057044744,0.2572788458532349,0.2623655913978495,0.11363636363636363,-0.23604309500489717,-0.12083452266652828,0.271447669523965,0.2630824372759857,0.18154761904761904,0.40902805784409746,0.06018631445104705,0.3420088890900378,0.34551971326164876,0.055,-0.23604309500489717,-0.1329025784743666,-0.0016268935594335177,0.0,0.0005710370031977996
1334,0.2736845823326582,0.2810035842293907,0.10392609699769054,-0.22929292929292933,-0.17129517991586962,0.27196208869780336,0.2810035842293907,0.10416666666666667,-0.22929292929292933,-0.1683747287195564,0.2842037041943813,0.27885304659498206,0.14942528735632185,0.4348484848484849,0.07694317177075793,0.3598210477222237,0.3734767025089606,0.06422018348623854,-0.24747474747474751,-0.18005653350480944,-0.001722493634854827,0.0,0.0002405696689761344
1335,0.26750217245067587,0.27885304659498206,0.12440191387559808,-0.2363813229571985,-0.1581262939958592,0.2663356454240012,0.27741935483870966,0.12826603325415678,-0.23929961089494167,-0.16703443391086414,0.2812437127092988,0.2731182795698925,0.14942528735632185,0.30712464779283505,0.04973030402092182,0.3546508693265058,0.3655913978494624,0.06235011990407674,-0.2509727626459144,-0.15515691402419096,-0.0011665270266746908,-0.0014336917562723928,0.0038641193785586975
1336,0.2736303800910554,0.2817204301075269,0.10688836104513064,-0.23728813559322037,-0.16182672652074404,0.2722591367682568,0.27956989247311825,0.1076555023923445,-0.23529411764705888,-0.15294369325011714,0.27633714944542653,0.27025089605734764,0.13559322033898305,0.31904287138584253,0.03656101652325683,0.3483455779281204,0.35770609318996416,0.0514018691588785,-0.26520438683948155,-0.1825538041522068,-0.0013712433227985876,-0.0021505376344086446,0.0007671413472138677
1337,0.26254666932515985,0.26810035842293906,0.12217194570135746,-0.24479682854311202,-0.16186189345766122,0.26176496631255486,0.26666666666666666,0.12272727272727273,-0.24380574826560952,-0.15612772981041745,0.27828972202678404,0.2738351254480287,0.18361581920903955,0.403959601680117,0.09044130702106246,0.33741367457233523,0.34480286738351257,0.05922551252847381,-0.24479682854311202,-0.15326064798679562,-0.0007817030126049951,-0.0014336917562723928,0.0005553270259152643
1338,0.29338227062077227,0.2996415770609319,0.10869565217391304,-0.21823472356935014,-0.13343353684000525,0.2930487802200446,0.3010752688172043,0.1089588377723971,-0.22017458777885546,-0.13048491621622993,0.2928969221298451,0.2831541218637993,0.15027322404371585,0.2769156159068865,0.008100253101208321,0.3746141406312367,0.3827956989247312,0.06791569086651054,-0.2483026188166828,-0.17176560494908388,-0.0003334904007276651,0.0014336917562723928,0.0002631855984840531
1339,0.2661362001184241,0.2745519713261649,0.13399503722084366,-0.2277992277992278,-0.12122813227249951,0.26441663000213445,0.2724014336917563,0.13333333333333333,-0.22972972972972971,-0.12719232998702168,0.281869779615342,0.27025089605734764,0.20441988950276244,0.4762548262548263,0.001037920875205045,0.3516616310349625,0.3548387096774194,0.07178217821782178,-0.23069498069498073,-0.1242102311297606,-0.0017195701162896482,-0.002150537634408589,-0.0006617038875103287
1340,0.27880877659462316,0.2853046594982079,0.11434977578475336,-0.23641851106639844,-0.17333022075214866,0.2782808601785067,0.2867383512544803,0.11883408071748879,-0.23641851106639844,-0.17333022075214866,0.2943676080442226,0.2831541218637993,0.16804407713498623,0.3466800804828974,0.06463757060846576,0.3613983254951342,0.3741935483870968,0.04861111111111111,-0.24446680080482897,-0.1331910752214427,-0.0005279164161164918,0.0014336917562723928,0.004484304932735425
1341,0.2843496248412553,0.2931899641577061,0.12646370023419204,-0.22492697176241483,-0.13614200987101321,0.2833489802204496,0.2910394265232975,0.12646370023419204,-0.22784810126582278,-0.13614200987101321,0.2946888392746975,0.2824372759856631,0.1742627345844504,0.4743860218543763,0.02009539214466427,0.366899560658846,0.37777777777777777,0.06864988558352403,-0.24245374878286274,-0.16507486209613875,-0.0010006446208057351,-0.002150537634408589,0.0
1342,0.2724522949380798,0.27956989247311825,0.11791383219954649,-0.23761375126390294,-0.15401416765053133,0.2713892392983073,0.27670250896057347,0.11791383219954649,-0.23862487360970674,-0.15401416765053133,0.27393369912222326,0.26594982078853047,0.1769436997319035,0.3809552132278594,0.040449954086317685,0.3507870264524569,0.35698924731182796,0.08035714285714286,-0.25985844287158744,-0.17403253312344225,-0.0010630556397724922,-0.0028673835125447855,0.0
1343,0.2694059507764952,0.2731182795698925,0.13114754098360656,-0.2233400402414487,-0.13614200987101321,0.2684886199087765,0.2731182795698925,0.13551401869158877,-0.22434607645875249,-0.13903529509352575,0.28036603671446464,0.2716845878136201,0.20053475935828877,0.2771044873894529,0.01720210692215174,0.35108577586632694,0.3548387096774194,0.07294117647058823,-0.24044265593561365,-0.13035543942598815,-0.0009173308677187242,0.0,0.004366477707982208
1344,0.2820235116433738,0.2903225806451613,0.11302211302211303,-0.23587710604558965,-0.13573659552316508,0.2816003654129748,0.2903225806451613,0.11330049261083744,-0.23686818632309214,-0.1327502123345845,0.3028487179881599,0.2974910394265233,0.18911174785100288,0.4361654203081359,0.037473629414504495,0.3718450800691651,0.37849462365591396,0.06796116504854369,-0.24281466798810702,-0.15066851146606752,-0.00042314623039901855,0.0,0.0002783795887244117
1345,0.2875057126427502,0.2931899641577061,0.10723192019950124,-0.21921921921921927,-0.14116420256687423,0.2862403641543394,0.2960573476702509,0.10723192019950124,-0.22422422422422428,-0.14116420256687423,0.2819815548163589,0.2709677419354839,0.15988372093023256,0.30709657025446496,0.031316420950718626,0.36461610810464656,0.36989247311827955,0.05392156862745098,-0.2432432432432432,-0.16234603352517507,-0.0012653484884108113,0.0028673835125447855,0.0
1346,0.2654225988790641,0.27598566308243727,0.11442786069651742,-0.2359882005899705,-0.15213329615170113,0.26452080552104357,0.2745519713261649,0.11442786069651742,-0.2359882005899705,-0.15213329615170113,0.26653148848642394,0.25878136200716845,0.16138328530259366,0.2642642642642643,0.015044617958728357,0.3474934298953515,0.35555555555555557,0.07125307125307126,-0.24188790560471973,-0.16733128834355837,-0.0009017933580205417,-0.0014336917562723928,0.0
1347,0.25753777730196187,0.26093189964157704,0.07658643326039387,-0.23983315954118878,-0.15270664490094088,0.256447944544399,0.26021505376344084,0.08278867102396514,-0.24191866527632955,-0.1582943915876217,0.2766750159161186,0.2724014336917563,0.14627659574468085,0.43406958005498153,0.07359709590963481,0.34536488010606864,0.3627240143369176,0.05919661733615222,-0.26068821689259647,-0.19740861839438795,-0.0010898327575628586,-0.0007168458781361964,0.006202237763571275
1348,0.266061061469649,0.26666666666666666,0.11330049261083744,-0.22596153846153844,-0.13533387179473988,0.2648217952561186,0.27025089605734764,0.11358024691358025,-0.22499999999999998,-0.13234318168956838,0.281433755239669,0.2731182795698925,0.17751479289940827,0.39711538461538465,0.06803305535691939,0.34928023317938955,0.35985663082437275,0.05867970660146699,-0.24134615384615388,-0.14430594211025427,-0.0012392662135303767,0.003584229390680982,0.0002797543027428101
1349,0.2789244085821906,0.2860215053763441,0.11253196930946291,-0.22630560928433274,-0.12393449271713974,0.27862857610288794,0.2853046594982079,0.11479591836734694,-0.2272727272727273,-0.12698329452404422,0.29500568893868695,0.2867383512544803,0.1906158357771261,0.3447238340855362,0.02850559762808813,0.3632015985013798,0.36917562724014336,0.05822784810126582,-0.24081237911025144,-0.13612969994475788,-0.000295832479302649,-0.0007168458781361964,0.002263949057884032
1350,0.25116074217375506,0.25878136200716845,0.11352657004830918,-0.2225433526011561,-0.14109964888928128,0.24940646329832075,0.26021505376344084,0.11352657004830918,-0.22543352601156075,-0.14109964888928128,0.25685485742012737,0.24731182795698925,0.1615598885793872,0.45891266989532886,0.021755961072212004,0.3326731964479039,0.3426523297491039,0.059665871121718374,-0.24084778420038533,-0.1559047043403261,-0.0017542788754343064,0.0014336917562723928,0.0
1351,0.25818593826307934,0.2623655913978495,0.11302211302211303,-0.24526420737786636,-0.1619819143538308,0.25753752795140705,0.2623655913978495,0.11330049261083744,-0.2462612163509471,-0.15895142175977084,0.27531662075950775,0.26666666666666666,0.18769230769230769,0.36512684169713083,0.08651847835908555,0.33897617586366874,0.3433691756272401,0.0575,-0.24925224327018947,-0.14076846619541117,-0.0006484103116722872,0.0,0.0002783795887244117
1352,0.3157579185234875,0.3139784946236559,0.1725,-0.22265246853823817,-0.15404642139929514,0.31508574976131715,0.3146953405017921,0.17336683417085427,-0.22071636011616647,-0.14793954047822055,0.3150831628107932,0.30824372759856633,0.2392638036809816,0.4662794449822523,0.07190817268046201,0.392682725180826,0.3978494623655914,0.0968586387434555,-0.2313649564375605,-0.09908449310962442,-0.0006721687621703554,0.0007168458781361964,0.0008668341708542859
1353,0.2716847437166152,0.27813620071684586,0.13381995133819952,-0.19862340216322516,-0.1070452535969777,0.2704542702106808,0.27813620071684586,0.14043583535108958,-0.20157325467059983,-0.11288615598960428,0.2925939938130395,0.28745519713261647,0.20604395604395603,0.3301177283478168,0.030215952629745746,0.35300751605078035,0.35985663082437275,0.06921241050119331,-0.22615535889872174,-0.1304088631674839,-0.0012304735059344152,0.0,0.0066158840128900664
1354,0.27072312048731256,0.2752688172043011,0.09601873536299765,-0.22489959839357432,-0.14365472764097642,0.2693682462403574,0.27025089605734764,0.09601873536299765,-0.2299196787148594,-0.14365472764097642,0.2806820059011009,0.26881720430107525,0.15819209039548024,0.41283315078495797,0.06839622641509435,0.35599889423824865,0.3655913978494624,0.06605922551252848,-0.24096385542168675,-0.17851241871868662,-0.0013548742469551844,-0.00501792114695343,0.0
1355,0.27338749632559695,0.2817204301075269,0.11059907834101383,-0.23852295409181634,-0.148866062516938,0.2732796783458662,0.2817204301075269,0.11085450346420324,-0.23752495009980035,-0.14598412289225116,0.2892606890684851,0.27813620071684586,0.17897727272727273,0.2327280922026913,0.087452986707384,0.35320736893528554,0.36200716845878134,0.06880733944954129,-0.23952095808383234,-0.15462994176631173,-0.00010781797973075102,0.0,0.0002554251231894067
1356,0.284698902709821,0.28888888888888886,0.11750599520383694,-0.24054316197866155,-0.16823146295162583,0.28293672049905433,0.2896057347670251,0.11750599520383694,-0.24054316197866155,-0.16823146295162583,0.2868331116343632,0.2853046594982079,0.1783625730994152,0.20851053246785545,0.0560702949362335,0.3672810465214631,0.3763440860215054,0.07228915662650602,-0.25315227934044615,-0.16225008274128305,-0.001762182210766683,0.0007168458781362519,0.0
1357,0.24943658753256776,0.25448028673835127,0.12206572769953052,-0.2315369261477046,-0.16107219827586206,0.24822294724713803,0.25591397849462366,0.12293144208037825,-0.22854291417165673,-0.15226293103448274,0.264123438202469,0.2537634408602151,0.17751479289940827,0.3827925544260316,0.09733297413793107,0.3276309037347269,0.3347670250896057,0.06398104265402843,-0.23752495009980035,-0.14932650862068964,-0.0012136402854297235,0.0014336917562723928,0.0008657143808477319
1358,0.2731791956499859,0.27956989247311825,0.12807881773399016,-0.2222222222222222,-0.1327502123345845,0.2723072457894647,0.2802867383512545,0.12839506172839507,-0.22126436781609193,-0.12976382914600404,0.2701762299069037,0.2630824372759857,0.17681159420289855,0.2969348659003831,0.04941916216882647,0.34693854628222054,0.3548387096774194,0.07951807228915662,-0.24521072796934862,-0.15962766103180914,-0.0008719498605211928,0.0007168458781362519,0.00031624399440491335
1359,0.27087674273485934,0.27813620071684586,0.10421836228287841,-0.2291870714985309,-0.13412147266313934,0.26992660575707067,0.27670250896057347,0.1044776119402985,-0.2291870714985309,-0.13111772486772488,0.2714993229903035,0.26093189964157704,0.15028901734104047,0.33500652954619653,0.03709215167548496,0.3524658903883447,0.35985663082437275,0.06053268765133172,-0.24289911851126345,-0.16415895061728392,-0.0009501369777886737,-0.0014336917562723928,0.00025924965742009365
1360,0.2718798323868485,0.2810035842293907,0.10275689223057644,-0.23776908023483367,-0.16446476964769652,0.27038759423408804,0.2802867383512545,0.1025,-0.24070450097847362,-0.16754177958446248,0.27395296229411303,0.26523297491039427,0.153125,0.2858280617121012,0.07861901535682025,0.3562139095763477,0.3648745519713262,0.06683168316831684,-0.24853228962818008,-0.17984981933152666,-0.00149223815276045,-0.0007168458781361964,-0.0002568922305764415
1361,0.27179364077338175,0.2752688172043011,0.10837438423645321,-0.22106261859582543,-0.1379254679718359,0.2704378402865017,0.2724014336917563,0.10837438423645321,-0.22106261859582543,-0.1379254679718359,0.2731723978345335,0.2645161290322581,0.15819209039548024,0.3109457704983522,0.017815558990211255,0.35164743270684096,0.35770609318996416,0.05121951219512195,-0.24288425047438333,-0.14990554696891634,-0.0013558004868800544,-0.0028673835125447855,0.0
1362,0.24105733932622847,0.24372759856630824,0.0997624703087886,-0.2260956175298805,-0.12622588210212127,0.2402819844995694,0.24014336917562723,0.09905660377358491,-0.23007968127490042,-0.13494030487154896,0.26251168368315053,0.2537634408602151,0.18384401114206128,0.24321760576740648,0.053872188466048465,0.329846572041301,0.33835125448028674,0.07407407407407407,-0.24601593625498008,-0.15817876559002242,-0.0007753548266590804,-0.0035842293906810097,-0.0007058665352036864
1363,0.29088833807266573,0.2960573476702509,0.09307875894988067,-0.22666666666666668,-0.13544836016576323,0.28939392641611056,0.2939068100358423,0.09307875894988067,-0.2287179487179487,-0.13544836016576323,0.2915753547433598,0.2845878136200717,0.16531165311653118,0.29976689976689974,0.010971407846218972,0.3711322236483913,0.37777777777777777,0.04275534441805225,-0.24307692307692308,-0.14130515088624263,-0.0014944116565551724,-0.002150537634408589,0.0
1364,0.291683605638639,0.3003584229390681,0.09115281501340483,-0.21785028790786953,-0.12705630213160335,0.2901589190981856,0.2982078853046595,0.09164420485175202,-0.21593090211132437,-0.1207425857275255,0.3007085188338148,0.2946236559139785,0.15548780487804878,0.2292706333973128,0.01500231696014831,0.3838135063747848,0.3956989247311828,0.047244094488188976,-0.236084452975048,-0.15231116774791476,-0.0015246865404534016,-0.002150537634408589,0.0004913898383471921
1365,0.27088418328060065,0.27813620071684586,0.11848341232227488,-0.24065196548418022,-0.14169820527568133,0.27031476407221006,0.27670250896057347,0.12056737588652482,-0.2444870565675935,-0.14462261825511136,0.2933026176794408,0.2910394265232975,0.18518518518518517,0.3450710363462041,0.06593511626386117,0.3588180943258596,0.3648745519713262,0.07728337236533958,-0.24065196548418022,-0.15632027017283212,-0.000569419208390598,-0.0014336917562723928,0.0020839635642499327
1366,0.2746986946275167,0.27741935483870966,0.1044776119402985,-0.22007722007722008,-0.13632217899908106,0.27370379388623145,0.27670250896057347,0.10669975186104218,-0.221042471042471,-0.1393347474901021,0.29142101320632785,0.28745519713261647,0.1696969696969697,0.5382882882882882,0.0805827523544328,0.3630245145982011,0.37060931899641575,0.061124694376528114,-0.23745173745173742,-0.1574101584362282,-0.0009949007412852762,-0.0007168458781361964,0.0022221399207436737
1367,0.2587695605338914,0.25878136200716845,0.10738255033557047,-0.24116424116424118,-0.15134808696329782,0.2580095680451792,0.25949820788530464,0.10786516853932585,-0.24116424116424118,-0.1456856022234343,0.28049613044928384,0.2709677419354839,0.15968586387434555,0.4076678488443195,0.032682667082261974,0.34794176106695524,0.35842293906810035,0.06208425720620843,-0.2567567567567568,-0.16267305644302443,-0.000759992488712169,0.0007168458781361964,0.0004826182037553778
1368,0.2794220412681343,0.2824372759856631,0.14356435643564355,-0.23084200567644275,-0.14497063428220502,0.2787412021672281,0.2810035842293907,0.14356435643564355,-0.23273415326395464,-0.14497063428220502,0.2864674810690649,0.2810035842293907,0.20797720797720798,0.2185430463576159,0.014931105171653192,0.3599243544595827,0.36845878136200716,0.08478802992518704,-0.22327341532639544,-0.13591959242632612,-0.0006808391009062165,-0.0014336917562723928,0.0
1369,0.2758597615367301,0.2853046594982079,0.11566265060240964,-0.2279635258358662,-0.15701331855963263,0.2748994763030064,0.2845878136200717,0.11650485436893204,-0.23100303951367784,-0.14806702198784927,0.2789591511596176,0.26810035842293906,0.17696629213483145,0.20119447555057857,0.018930514018771438,0.354689069864946,0.36200716845878134,0.07021791767554479,-0.24113475177304966,-0.15104912084511035,-0.0009602852337237122,-0.0007168458781361964,0.0008422037665224008
1370,0.27837807317679614,0.28745519713261647,0.12686567164179105,-0.21506442021803762,-0.11061621444916636,0.2772149055910622,0.28888888888888886,0.12846347607052896,-0.21110009910802774,-0.09576931459082483,0.29216238422881785,0.28745519713261647,0.19658119658119658,0.35537307093303133,0.04082216410591699,0.36216905713889197,0.36917562724014336,0.06862745098039216,-0.23984142715559964,-0.12843249427917625,-0.0011631675857339263,0.0014336917562723928,0.0015978044287379145
1371,0.2586701070347764,0.25878136200716845,0.10232558139534884,-0.22255790533736153,-0.152369150410404,0.257694064472805,0.25949820788530464,0.10256410256410256,-0.22155085599194357,-0.14946434282059484,0.26413438123214644,0.25949820788530464,0.16147308781869688,0.6066465256797582,0.07130103400490351,0.3356422342225285,0.33906810035842294,0.06605922551252848,-0.2557905337361531,-0.17851241871868662,-0.0009760425619713686,0.0007168458781361964,0.00023852116875372475
1372,0.2662393811220987,0.27025089605734764,0.1382716049382716,-0.22243902439024388,-0.14274034555737813,0.2654343942951575,0.26881720430107525,0.13895781637717122,-0.22243902439024388,-0.1367240525804687,0.2818983548308344,0.2731182795698925,0.18674698795180722,0.41636022514071297,0.07685434809981384,0.34817463776185303,0.35770609318996416,0.07635467980295567,-0.24292682926829268,-0.14574849204583273,-0.0008049868269411897,-0.0014336917562723928,0.000686211438899631
1373,0.27312733081373486,0.27670250896057347,0.11409395973154363,-0.22794846382556988,-0.15873194339207597,0.2722977750642291,0.27598566308243727,0.11409395973154363,-0.23389494549058476,-0.15873194339207597,0.2718560090634595,0.26666666666666666,0.17232375979112272,0.45294621137039376,0.023143418147451134,0.3490884482197661,0.36057347670250894,0.07317073170731707,-0.25966303270564917,-0.1700991534882963,-0.0008295557495057726,-0.0007168458781361964,0.0
1374,0.2752777702773813,0.2802867383512545,0.10565110565110565,-0.23269230769230764,-0.14613646384479717,0.27378138861959317,0.27813620071684586,0.1100244498777506,-0.23557692307692313,-0.15214395943562609,0.29095768693033164,0.27670250896057347,0.14326647564469913,0.32980769230769225,0.0280809082892417,0.35715724385570646,0.3634408602150538,0.034653465346534656,-0.23557692307692313,-0.1371252204585538,-0.0014963816577881484,-0.0021505376344086446,0.004373344226644954
1375,0.28422936463895765,0.2953405017921147,0.10837438423645321,-0.21927236971484754,-0.1327502123345845,0.2830827124864655,0.2960573476702509,0.10864197530864197,-0.21730580137659783,-0.12976382914600404,0.2901633176408634,0.28888888888888886,0.19767441860465115,0.2935103244837758,0.052405545357407046,0.3667776276740546,0.3763440860215054,0.0819277108433735,-0.24778761061946908,-0.15962766103180914,-0.0011466521524921558,0.0007168458781361964,0.00026759107218876643
1376,0.28414469479343424,0.2910394265232975,0.10804020100502512,-0.2275390625,-0.1399749023982153,0.2837004831664898,0.28888888888888886,0.10804020100502512,-0.2294921875,-0.1399749023982153,0.30240704264125856,0.2974910394265233,0.17302052785923755,0.379296875,0.03328220858895703,0.37249407186049316,0.3842293906810036,0.05037783375314862,-0.2431640625,-0.13693530395984377,-0.00044421162694441296,-0.0021505376344086446,0.0
1377,0.26712377169432705,0.27025089605734764,0.13043478260869565,-0.22434607645875249,-0.14367033404232532,0.2662193042488377,0.26881720430107525,0.13075060532687652,-0.22434607645875249,-0.1407051494578847,0.28529986246976846,0.27741935483870966,0.2023121387283237,0.3887323943661971,0.05796221769963561,0.34692337446836446,0.35555555555555557,0.08232445520581114,-0.23943661971830987,-0.1407051494578847,-0.000904467445489332,-0.0014336917562723928,0.00031582271818086927
1378,0.26295781556787706,0.26738351254480286,0.10722610722610723,-0.23092170465807726,-0.16473231376815967,0.26179259291112067,0.26953405017921145,0.10849056603773585,-0.22794846382556988,-0.1500903369669615,0.2720698353605379,0.26093189964157704,0.15406162464985995,0.400792864222002,0.04611215216909459,0.3466828233475975,0.3548387096774194,0.06018518518518518,-0.25867195242814667,-0.17351749984887865,-0.0011652226567563928,0.002150537634408589,0.0012644588116286215
1379,0.28045575808790035,0.2860215053763441,0.11538461538461539,-0.21785028790786953,-0.12614678899082565,0.280213241433838,0.2831541218637993,0.11568123393316196,-0.21689059500959695,-0.12308868501529058,0.2928946074570134,0.2845878136200717,0.18597560975609756,0.32941969208151267,0.06345565749235471,0.36638642906134805,0.3734767025089606,0.059278350515463915,-0.2351247600767754,-0.12003058103975539,-0.00024251665406233025,-0.0028673835125447855,0.0002966185485465678
1380,0.24670991972997522,0.24731182795698925,0.09803921568627451,-0.218562874251497,-0.12843249427917625,0.24546383659410878,0.24516129032258063,0.09828009828009827,-0.217564870259481,-0.125463114307508,0.25224725225876504,0.24229390681003585,0.16147308781869688,0.5106453759148369,0.03488340416258029,0.32935927109712315,0.3318996415770609,0.04807692307692308,-0.22754491017964074,-0.1521875340525226,-0.0012460831358664382,-0.002150537634408617,0.00024088259382376576
1381,0.2741591066171715,0.2853046594982079,0.09296482412060302,-0.22156862745098038,-0.1037837653245911,0.27329656855741263,0.2831541218637993,0.09343434343434344,-0.22058823529411764,-0.09782809138407955,0.27496149978536094,0.2716845878136201,0.1391304347826087,0.3993808049535603,0.05404159409896525,0.3512491072728653,0.35770609318996416,0.05,-0.24803921568627452,-0.16929617867021818,-0.0008625380597588883,-0.002150537634408589,0.0004695193137404241
1382,0.25669521960383285,0.25949820788530464,0.10093896713615023,-0.2322643343051506,-0.16107219827586206,0.2554554014824303,0.25806451612903225,0.10093896713615023,-0.2322643343051506,-0.16107219827586206,0.2643570942232751,0.25161290322580643,0.14560439560439561,0.402556627046423,0.020985991379310343,0.3360304344334991,0.34695340501792116,0.06496519721577726,-0.24975704567541301,-0.17575431034482758,-0.0012398181214025583,-0.0014336917562723928,0.0
1383,0.26027775097918526,0.26810035842293906,0.11735941320293398,-0.2283236994219653,-0.12375236302908532,0.259818077449219,0.26523297491039427,0.11951219512195121,-0.22928709055876684,-0.12670922238328963,0.2829219359538591,0.27813620071684586,0.2005813953488372,0.3979681205114731,0.06844349499419311,0.3423226612595004,0.35197132616487453,0.06521739130434782,-0.23795761078998068,-0.13853665980010688,-0.00045967352996628685,-0.0028673835125447855,0.00215278191901723
1384,0.26695291701395457,0.2716845878136201,0.12072892938496584,-0.22970297029702968,-0.1408964010984074,0.2663945448781894,0.2709677419354839,0.12045454545454545,-0.23168316831683167,-0.14374533413704604,0.28347195656699553,0.2738351254480287,0.18333333333333332,0.45198019801980205,0.08416930895404628,0.34954927811075076,0.36057347670250894,0.08240534521158129,-0.25643564356435644,-0.16938573148479397,-0.0005583721357651505,-0.0007168458781361964,-0.00027438393042038267
1385,0.28199554316357434,0.2903225806451613,0.11835748792270531,-0.2274052478134111,-0.15664127784322857,0.28031326902599285,0.2896057347670251,0.11835748792270531,-0.23129251700680276,-0.15664127784322857,0.290452340876046,0.2838709677419355,0.16434540389972144,0.2961052552889288,0.007609797528699502,0.3721824014582988,0.3835125448028674,0.07416267942583732,-0.25850340136054417,-0.16858681059755065,-0.0016822741375814854,-0.0007168458781361964,0.0
1386,0.2959301855917502,0.3003584229390681,0.1162227602905569,-0.23189823874755378,-0.14845131987842775,0.29474231469811346,0.3017921146953405,0.1162227602905569,-0.235812133072407,-0.14845131987842775,0.3063336671048356,0.2982078853046595,0.16986301369863013,0.322340931929973,-0.005515145306150382,0.3864001644803122,0.3978494623655914,0.05623471882640587,-0.23483365949119372,-0.13653997199740464,-0.0011878708936367555,0.0014336917562723928,0.0
1387,0.26101428576334695,0.26881720430107525,0.14512471655328799,-0.22654690618762474,-0.16149549878766034,0.2604072774279527,0.26738351254480286,0.14831460674157304,-0.2315369261477046,-0.17297856965315395,0.2834988964355193,0.27670250896057347,0.18611111111111112,0.378050350911081,0.07103668623858639,0.3444675065881943,0.35268817204301073,0.08466819221967964,-0.2455089820359282,-0.15001242792216662,-0.0006070083353942324,-0.0014336917562723928,0.003189890188285055
1388,0.24818453071981084,0.25161290322580643,0.11190476190476191,-0.22244289970208542,-0.10120937674381858,0.246662820493451,0.24874551971326164,0.11137440758293839,-0.22442899702085406,-0.10695091217656538,0.269261433856617,0.2616487455197133,0.1771117166212534,0.36912579684146457,0.05094131222397258,0.3339747441813448,0.3419354838709677,0.06666666666666667,-0.2462760675273088,-0.14427089248941982,-0.0015217102263598292,-0.0028673835125447855,-0.0005303543218235229
1389,0.2648821177675576,0.26738351254480286,0.09178743961352658,-0.23353293413173648,-0.14367033404232532,0.2642840321494133,0.26881720430107525,0.09178743961352658,-0.2325349301397206,-0.14367033404232532,0.26904032349022433,0.26093189964157704,0.15942028985507245,0.37478701134316733,0.060927402284076226,0.3419694996121635,0.35053763440860214,0.04976303317535545,-0.25249500998003993,-0.16739181071785014,-0.000598085618144284,0.0014336917562723928,0.0
1390,0.27048661413514197,0.27956989247311825,0.11845102505694761,-0.24769703172978508,-0.15825421940928264,0.26901683674680565,0.27813620071684586,0.11926605504587157,-0.2466734902763562,-0.14963080168776366,0.27901850874158685,0.2738351254480287,0.16573033707865167,0.2963152507676561,0.0803270042194093,0.348153979982844,0.35842293906810035,0.05707762557077625,-0.2528147389969294,-0.15537974683544298,-0.001469777388336313,-0.0014336917562723928,0.0008150299889239515
1391,0.2727498556119152,0.27956989247311825,0.12048192771084337,-0.21638018200202225,-0.13383782104530928,0.2721516985080677,0.27885304659498206,0.12048192771084337,-0.21840242669362997,-0.13383782104530928,0.28266841606276893,0.2731182795698925,0.1871345029239766,0.40809430046298756,0.08111311465445625,0.3514986956512725,0.35842293906810035,0.08430913348946135,-0.243680485338726,-0.16917222143431188,-0.0005981571038475297,-0.0007168458781361964,0.0
1392,0.2784063573951517,0.2853046594982079,0.117096018735363,-0.23038728897715988,-0.14365472764097642,0.27698450955343407,0.2824372759856631,0.11737089201877934,-0.2274081429990069,-0.14074992005116727,0.28892601763231457,0.27741935483870966,0.19008264462809918,0.4384437145112418,0.04225295810681173,0.36257509566507945,0.3734767025089606,0.07852193995381063,-0.24826216484607744,-0.16108357317983157,-0.0014218478417176161,-0.0028673835125447855,0.0002748732834163409
1393,0.2779075793098639,0.2845878136200717,0.1175,-0.23024390243902437,-0.13813822671568843,0.2776365657764987,0.2817204301075269,0.11809045226130653,-0.22829268292682925,-0.1320862750133167,0.30153952880563817,0.2960573476702509,0.20186335403726707,0.48915351506456234,0.09788788967680706,0.36119625897348717,0.36774193548387096,0.058524173027989825,-0.23024390243902437,-0.11695639575738759,-0.000271013533365172,-0.0028673835125447855,0.0005904522613065372
1394,0.25918355474194005,0.26666666666666666,0.09424083769633508,-0.21647509578544066,-0.12276652558020629,0.25770332025225867,0.26738351254480286,0.09424083769633508,-0.2155172413793104,-0.12276652558020629,0.2767521657456414,0.2709677419354839,0.16300940438871472,0.2173202614379085,0.07230207652756859,0.3477580186827257,0.35125448028673834,0.05808080808080808,-0.24042145593869735,-0.1661151038263784,-0.0014802344896813757,0.0007168458781361964,0.0
1395,0.28696083425203484,0.2896057347670251,0.10891089108910891,-0.21934865900383138,-0.14497063428220502,0.28563582411653227,0.2845878136200717,0.10891089108910891,-0.22030651340996166,-0.14497063428220502,0.2962617713119542,0.28888888888888886,0.16516516516516516,0.31881102459522925,0.06923735630692585,0.37329783979039854,0.385663082437276,0.0746987951807229,-0.24808429118773945,-0.17815778775376045,-0.001325010135502569,-0.00501792114695343,0.0
1396,0.265242428648169,0.26810035842293906,0.1108433734939759,-0.21787148594377514,-0.12122731441967005,0.2645320039747151,0.26523297491039427,0.1111111111111111,-0.21987951807228912,-0.11830290144023992,0.2871841737373577,0.27956989247311825,0.17647058823529413,0.1832815131493717,0.048388638387280136,0.35286391459085714,0.36129032258064514,0.07441860465116279,-0.23393574297188757,-0.16509350911112264,-0.000710424673453891,-0.0028673835125447855,0.00026773761713520805
1397,0.2587777658545427,0.26594982078853047,0.07971014492753623,-0.23084479371316302,-0.14624877410918602,0.25690606157366314,0.2637992831541219,0.0819277108433735,-0.23379174852652262,-0.14921815408085426,0.2593555368690037,0.25448028673835127,0.1239193083573487,0.3411323450616182,0.052699683992590174,0.3381185058006099,0.34623655913978496,0.04225352112676056,-0.24656188605108054,-0.18188133376920568,-0.0018717042808795714,-0.002150537634408589,0.002217565915837272
1398,0.2671710261306054,0.2724014336917563,0.09278350515463918,-0.209279368213228,-0.10698666778044041,0.2663674351065204,0.27025089605734764,0.09326424870466321,-0.21125370187561698,-0.10091660097141952,0.2739073190441109,0.2623655913978495,0.15963855421686746,0.2511890873193934,0.06297520287214398,0.34829413787567576,0.35555555555555557,0.05263157894736842,-0.24481737413622906,-0.14037203523005515,-0.0008035910240850042,-0.0021505376344086446,0.000480743550024032
1399,0.2852887919497209,0.2910394265232975,0.12408759124087591,-0.22539370078740162,-0.13477478028900347,0.2847980047734529,0.2917562724014337,0.12439024390243902,-0.22539370078740162,-0.13180959570456285,0.3025000832862259,0.2953405017921147,0.18820224719101122,0.5762646146504414,0.028310371855229666,0.37520847516073463,0.3835125448028674,0.06067961165048544,-0.2470472440944882,-0.1377399648734441,-0.0004907871762679927,0.0007168458781361964,0.0003026526615631103
1400,0.27833196453312653,0.2817204301075269,0.11219512195121951,-0.2146439317953862,-0.13694063888012686,0.27728196025491153,0.27885304659498206,0.11246943765281174,-0.2186559679037111,-0.1339670414922549,0.29397958544697633,0.28745519713261647,0.17681159420289855,0.5127333219169705,0.05634319133155441,0.36598787889894724,0.3741935483870968,0.07177033492822966,-0.24674022066198598,-0.16072941798310292,-0.0010500042782149999,-0.002867383512544841,0.00027431570159222596
1401,0.26784706945535985,0.27741935483870966,0.11219512195121951,-0.23039215686274506,-0.17375740267967,0.26772425228976343,0.2802867383512545,0.11274509803921569,-0.22843137254901957,-0.1676873358706491,0.28217101035642306,0.2709677419354839,0.14759036144578314,0.33890608875128997,0.06297520287214398,0.3530927104494916,0.36129032258064514,0.059113300492610835,-0.24117647058823533,-0.1616172690616282,-0.00012281716559642275,0.002867383512544841,0.0005499760879961735
1402,0.2894902325889423,0.2989247311827957,0.10796915167095116,-0.23828125,-0.1580774647761295,0.28932954869879235,0.2960573476702509,0.10796915167095116,-0.23828125,-0.1580774647761295,0.29760471437243713,0.2953405017921147,0.15432098765432098,0.33842615927419356,0.04479198543978613,0.3769129083143503,0.38853046594982077,0.05398457583547558,-0.2431640625,-0.1580774647761295,-0.00016068389014994855,-0.002867383512544841,0.0
1403,0.2637652300583257,0.2724014336917563,0.11380145278450363,-0.22860020140986903,-0.1615206679794653,0.26295100027564206,0.2724014336917563,0.11380145278450363,-0.22860020140986903,-0.1615206679794653,0.2733234954919962,0.26594982078853047,0.16568047337278108,0.29456193353474325,0.06343225185096013,0.3439686777934478,0.34982078853046594,0.04668304668304668,-0.2517623363544814,-0.1435244343930313,-0.0008142297826836398,0.0,0.0
1404,0.28152395934863905,0.28888888888888886,0.11084905660377359,-0.22885572139303478,-0.13996125455092012,0.28119931043599267,0.2838709677419355,0.1066350710900474,-0.22985074626865676,-0.1341360766892682,0.2868193592464936,0.2802867383512545,0.16620498614958448,0.43919114106884927,0.04353184809111854,0.3595171326846159,0.36702508960573477,0.053738317757009345,-0.24179104477611946,-0.1516116102742242,-0.00032464891264638585,-0.005017921146953375,-0.00421398551372619
1405,0.2516102727932242,0.26021505376344084,0.11816192560175055,-0.23943661971830987,-0.14548838813079878,0.2516895166072272,0.26093189964157704,0.12691466083150985,-0.24044265593561365,-0.14548838813079878,0.27371886540595736,0.26523297491039427,0.18134715025906736,0.3119036801453885,0.05217838283090792,0.3305048203658367,0.33906810035842294,0.07158351409978309,-0.2565392354124748,-0.15662454424131744,7.924381400303826e-05,0.0007168458781361964,0.008752735229759293
1406,0.25992233481634963,0.26738351254480286,0.13012048192771083,-0.2187812187812188,-0.10142258720086272,0.2590761975249555,0.26523297491039427,0.13043478260869565,-0.2187812187812188,-0.09852930197835008,0.27162737558920574,0.26810035842293906,0.21022727272727273,0.37762237762237766,0.08085438181742766,0.3335141925155391,0.3340501792114695,0.08584686774941995,-0.2447552447552448,-0.14771515076106345,-0.0008461372913941556,-0.002150537634408589,0.0003143006809848137
1407,0.2729004601898982,0.2817204301075269,0.11961722488038277,-0.23203883495145627,-0.16595961513141588,0.271642950324506,0.27885304659498206,0.11990407673860912,-0.23300970873786409,-0.1629775162741548,0.27854137486711344,0.26953405017921145,0.166189111747851,0.3268110530246452,0.039805206019599026,0.3531494820101029,0.35985663082437275,0.06521739130434782,-0.2359223300970874,-0.15403121970237144,-0.0012575098653921923,-0.002867383512544841,0.00028685185822634185
1408,0.2839176415617361,0.2896057347670251,0.1561771561771562,-0.24327018943170486,-0.1621690961316925,0.2824614901933916,0.2924731182795699,0.15654205607476634,-0.24127617148554337,-0.15924468315226237,0.2889129236473248,0.2802867383512545,0.1977401129943503,0.4494593143645985,0.057161877325570765,0.36081354112963315,0.37060931899641575,0.08571428571428572,-0.24327018943170486,-0.13584937931682095,-0.0014561513683444827,0.0028673835125447855,0.00036489989761015473
1409,0.25090982799996425,0.2537634408602151,0.10501193317422435,-0.2389813907933399,-0.15332095657112832,0.2501455112422542,0.25161290322580643,0.10501193317422435,-0.2389813907933399,-0.15332095657112832,0.2704837145335735,0.25734767025089605,0.16568047337278108,0.4433235390140386,0.08618465111941875,0.3322889502253247,0.33835125448028674,0.05995203836930456,-0.25171400587659154,-0.1474072378627197,-0.0007643167577100485,-0.0021505376344086446,0.0
1410,0.26796467733211976,0.2738351254480287,0.11566265060240964,-0.22332015810276684,-0.14663551862676594,0.26721175392972396,0.2752688172043011,0.11650485436893204,-0.2203557312252964,-0.1377399648734441,0.28743441212544046,0.2810035842293907,0.16034985422740525,0.44251336898395716,0.06685777145295746,0.3500885800843373,0.36057347670250894,0.05755395683453238,-0.24802371541501977,-0.15256588779564706,-0.0007529234023957998,0.0014336917562723928,0.0008422037665224008
1411,0.2851642752619181,0.2903225806451613,0.14482758620689656,-0.24658869395711502,-0.16181600717631817,0.28370360626736457,0.2924731182795699,0.14549653579676675,-0.24561403508771928,-0.15602179474401134,0.3120865590584465,0.3025089605734767,0.22038567493112948,0.4111288321814638,0.04677564038672388,0.37266739552624467,0.38064516129032255,0.07857142857142857,-0.2407407407407407,-0.11835941393401772,-0.001460668994553549,0.002150537634408589,0.0006689495898701825
1412,0.26527744915596707,0.2724014336917563,0.11990950226244344,-0.23980099502487562,-0.1693960573328822,0.2638173595743801,0.2724014336917563,0.11990950226244344,-0.24179104477611946,-0.1693960573328822,0.271841988941961,0.26738351254480286,0.16172506738544473,0.427753126260589,0.03495589460915771,0.3445382021228397,0.34982078853046594,0.059496567505720827,-0.2457711442786069,-0.15500507480175274,-0.0014600895815869985,0.0,0.0
1413,0.2632815604206124,0.2709677419354839,0.11538461538461539,-0.22137404580152675,-0.14483235395782923,0.2625893030366162,0.27025089605734764,0.11764705882352941,-0.2242366412213741,-0.1479238125625958,0.28783836021960435,0.27813620071684586,0.18541033434650456,0.4860918343742771,0.04374662093293269,0.3530517283128857,0.3627240143369176,0.07633587786259542,-0.24236641221374045,-0.15410672977212891,-0.0006922573839961976,-0.0007168458781362519,0.002262443438914019
1414,0.28635870079710174,0.2946236559139785,0.11165048543689321,-0.22885572139303478,-0.14288783365587088,0.2859470722428199,0.2939068100358423,0.11192214111922141,-0.23084577114427862,-0.13991423626799893,0.30408111085200057,0.2946236559139785,0.18072289156626506,0.5861338468945594,0.09499995737389066,0.3732506777178801,0.3813620071684588,0.06763285024154589,-0.23880597014925375,-0.1488350284316149,-0.00041162855428183986,-0.0007168458781361964,0.0002716556823282035
1415,0.26382362595956904,0.2738351254480287,0.11529933481152993,-0.2329603255340793,-0.17508359756207126,0.26268444849116657,0.2731182795698925,0.11607142857142858,-0.23194303153611395,-0.16653679844615532,0.2768065081976152,0.26953405017921145,0.1712707182320442,0.4773033460724203,0.07847144287676888,0.33905952244832294,0.3433691756272401,0.05191873589164785,-0.25127161749745675,-0.1522921332529621,-0.0011391774684024747,-0.0007168458781361964,0.0007720937598986455
1416,0.2566750637165159,0.2645161290322581,0.12971698113207547,-0.22265246853823817,-0.13996125455092012,0.25531474749806204,0.26093189964157704,0.13002364066193853,-0.22071636011616647,-0.1370486656200942,0.27306395322019683,0.25949820788530464,0.1787709497206704,0.30154888673765734,0.052269614883596605,0.33998641206217584,0.34838709677419355,0.07042253521126761,-0.23426911907066794,-0.14578643241257216,-0.0013603162184538387,-0.0035842293906810374,0.000306659529863057
1417,0.2770502624308388,0.28817204301075267,0.1276595744680851,-0.2166199813258637,-0.10948798506771529,0.2758206344413615,0.28745519713261647,0.129973474801061,-0.21942110177404295,-0.11259412824951731,0.27893669761005313,0.2745519713261649,0.18541033434650456,0.24566148298399826,0.03650074447697815,0.3625271749615708,0.36702508960573477,0.07216494845360824,-0.24649859943977592,-0.14676170324933924,-0.0012296279894772888,-0.0007168458781361964,0.0023139003329759045
1418,0.26532134591345075,0.26953405017921145,0.13526570048309178,-0.22754491017964074,-0.1308932876795591,0.2648617717502256,0.26881720430107525,0.13559322033898305,-0.2315369261477046,-0.12794875431380892,0.27234076498371806,0.26523297491039427,0.18926553672316385,0.2761334473909325,0.04577871426545366,0.3451688115437558,0.35197132616487453,0.09411764705882353,-0.24850299401197606,-0.16328315470281152,-0.00045957416322511824,-0.0007168458781361964,0.00032751985589127286
1419,0.24695411001422377,0.24874551971326164,0.08796296296296297,-0.2338056680161943,-0.14559723607987973,0.24646749456583747,0.24802867383512545,0.08796296296296297,-0.2327935222672065,-0.14559723607987973,0.26447803291482397,0.2530465949820789,0.12222222222222222,0.30465587044534415,0.06217331089633804,0.33674679991913203,0.34838709677419355,0.060267857142857144,-0.2560728744939271,-0.1917684687412614,-0.0004866154483862961,-0.0007168458781361964,0.0
1420,0.26311791579011623,0.2645161290322581,0.11611374407582939,-0.2272727272727273,-0.1366495254818345,0.26150747672168534,0.2637992831541219,0.11583924349881797,-0.22823984526112184,-0.13956603536937162,0.26850667954021396,0.25878136200716845,0.17287234042553193,0.40806852721746334,-0.0024900706551277407,0.3462057348334725,0.35842293906810035,0.09276018099547512,-0.2562862669245648,-0.19497972323257662,-0.0016104390684308911,-0.0007168458781361964,-0.0002745005770114217
1421,0.28047478282264643,0.2853046594982079,0.12436548223350254,-0.24466019417475726,-0.16539856234015116,0.27935164642199006,0.2838709677419355,0.12436548223350254,-0.24368932038834956,-0.16539856234015116,0.28082407675613347,0.26881720430107525,0.16417910447761194,0.27600554785020814,0.017863885386166234,0.3650113243453729,0.3734767025089606,0.05670103092783505,-0.23883495145631073,-0.14676170324933924,-0.001123136400656366,-0.0014336917562723928,0.0
1422,0.2573453837417027,0.26594982078853047,0.10669975186104218,-0.23449612403100772,-0.1367240525804687,0.25680514694169043,0.2630824372759857,0.10669975186104218,-0.23449612403100772,-0.1367240525804687,0.28198205380402036,0.2724014336917563,0.18100890207715134,0.3969201759899434,0.06181361565754051,0.3445987247744626,0.35842293906810035,0.07021791767554479,-0.25290697674418605,-0.1668055174650156,-0.0005402368000122504,-0.0028673835125447855,0.0
1423,0.29246606739988207,0.3017921146953405,0.15403422982885084,-0.22590068159688415,-0.14430594211025427,0.29091429695976456,0.2982078853046595,0.15403422982885084,-0.22590068159688415,-0.14430594211025427,0.29374464095040204,0.2867383512544803,0.21428571428571427,0.5625879043600562,0.03214477409486183,0.3762604192739577,0.3813620071684588,0.10218978102189781,-0.23271665043816947,-0.15028732232059716,-0.0015517704401175059,-0.003584229390680982,0.0
1424,0.26900399918250645,0.2745519713261649,0.11491442542787286,-0.23557692307692313,-0.14430594211025427,0.267101307521564,0.2709677419354839,0.11491442542787286,-0.2365384615384616,-0.14430594211025427,0.28103847031341045,0.27670250896057347,0.17352941176470588,0.5010746606334842,0.06205167514657639,0.3568695200450052,0.36630824372759857,0.06763285024154589,-0.2528846153846154,-0.15925939263611155,-0.0019026916609424238,-0.003584229390680982,0.0
1425,0.2714565596106606,0.27813620071684586,0.12085308056872038,-0.22985074626865676,-0.14169820527568133,0.27013976121723093,0.27885304659498206,0.12085308056872038,-0.22985074626865676,-0.14169820527568133,0.2873515729209056,0.2838709677419355,0.18803418803418803,0.3396766169154229,0.06593511626386117,0.35650638090698133,0.36845878136200716,0.07511737089201878,-0.2378109452736319,-0.15339585719340199,-0.0013167983934296856,0.0007168458781361964,0.0
1426,0.2729676319499741,0.27670250896057347,0.11764705882352941,-0.22011385199240985,-0.13450944524571717,0.2720330160100082,0.27813620071684586,0.11794871794871795,-0.21916508538899426,-0.13144193900165335,0.2806054987732137,0.2709677419354839,0.18125,0.4921179389870092,0.08328349808280855,0.35327524441417435,0.35842293906810035,0.06598984771573604,-0.2343453510436433,-0.1437119639779083,-0.0009346159399659104,0.0014336917562723928,0.0003016591251885359
1427,0.27231617353496057,0.27885304659498206,0.12090680100755667,-0.22972972972972971,-0.15560816893121443,0.2714537136776889,0.27956989247311825,0.12090680100755667,-0.23166023166023164,-0.15560816893121443,0.2794576554098906,0.2709677419354839,0.1834862385321101,0.29729729729729726,0.05944900407460063,0.353437400365653,0.3541218637992832,0.05612244897959184,-0.24613899613899615,-0.140246942287942,-0.0008624598572716802,0.0007168458781361964,0.0
1428,0.27502384000204677,0.2853046594982079,0.13164556962025317,-0.21220930232558144,-0.12823190161201337,0.2742184186435171,0.2853046594982079,0.13164556962025317,-0.21220930232558144,-0.12823190161201337,0.2865010152351323,0.2810035842293907,0.20118343195266272,0.29263565891472865,0.0447650024450813,0.35943745937884725,0.36917562724014336,0.075,-0.24224806201550386,-0.14340706863456565,-0.0008054213585296788,0.0,0.0
1429,0.3019727846873057,0.3060931899641577,0.1259259259259259,-0.22255790533736153,-0.15592092916571088,0.30182108410730174,0.3053763440860215,0.12376237623762376,-0.22356495468277948,-0.1528904365716509,0.32028380638017356,0.3089605734767025,0.18154761904761904,0.39518489894376924,0.05318305982442606,0.38659126585541725,0.4007168458781362,0.0675,-0.25075528700906347,-0.14076846619541117,-0.00015170058000396613,-0.0007168458781361964,-0.002163549688302152
1430,0.27928939048264767,0.2867383512544803,0.11724137931034483,-0.2222222222222222,-0.14924868178930084,0.2783262587165819,0.2867383512544803,0.12128146453089245,-0.22522522522522526,-0.15500507480175274,0.2843610305290614,0.2724014336917563,0.1657754010695187,0.28978978978978975,0.02632130509048003,0.3591501350940608,0.37060931899641575,0.06621004566210045,-0.23723723723723722,-0.15788327130797863,-0.0009631317660657723,0.0,0.004040085220547621
1431,0.2682274379409019,0.2724014336917563,0.12410501193317422,-0.2164846077457795,-0.15332095657112832,0.26695406872129773,0.2724014336917563,0.12410501193317422,-0.21847070506454813,-0.15332095657112832,0.2723497640929392,0.26523297491039427,0.18579234972677597,0.19223766964581257,0.0033925892016988257,0.3573714849496548,0.36845878136200716,0.0936768149882904,-0.24329692154915594,-0.17697583140476247,-0.0012733692196041924,0.0,0.0
1432,0.27867169162951977,0.2860215053763441,0.11137440758293839,-0.22758620689655173,-0.13917021675642371,0.2789628607703185,0.2860215053763441,0.11004784688995216,-0.22463054187192122,-0.12748841197117067,0.29868630937009355,0.28817204301075267,0.18232044198895028,0.24173975729905084,0.036056855022372214,0.36314220595028546,0.374910394265233,0.07459207459207459,-0.24926108374384237,-0.15961337513061646,0.00029116914079874157,0.0,-0.0013265606929862284
1433,0.2799652244272883,0.2860215053763441,0.12200956937799043,-0.2435897435897436,-0.1738657049630774,0.2787103661896088,0.28817204301075267,0.12200956937799043,-0.24457593688362922,-0.1738657049630774,0.2965891881896145,0.28888888888888886,0.15269461077844312,0.42077580539119,0.07771595397561393,0.3635443519402041,0.37132616487455194,0.0488997555012225,-0.2435897435897436,-0.14691052721964615,-0.001254858237679457,0.002150537634408589,0.0
1434,0.2500331405914314,0.2523297491039427,0.12080536912751678,-0.22448979591836737,-0.15626403671516453,0.24958021504874792,0.2530465949820789,0.12162162162162163,-0.2255102040816327,-0.147749243237965,0.2672507815798883,0.26093189964157704,0.17073170731707318,0.2827586206896552,0.06512059369202228,0.32830201138562876,0.33763440860215055,0.06711409395973154,-0.2510204081632653,-0.15626403671516453,-0.0004529255426834744,0.0007168458781361964,0.0008162524941048438
1435,0.269729002362787,0.27670250896057347,0.12183908045977011,-0.23558648111332003,-0.14924868178930084,0.2690606095066706,0.27598566308243727,0.12183908045977011,-0.23558648111332003,-0.14924868178930084,0.28433215714899096,0.27598566308243727,0.17391304347826086,0.41160727940051994,0.043590484127835505,0.35327462685225974,0.3634408602150538,0.07077625570776255,-0.2534791252485089,-0.15788327130797863,-0.0006683928561164176,-0.0007168458781361964,0.0
1436,0.25930655132146446,0.26523297491039427,0.1451990632318501,-0.22968906720160487,-0.1411433789711286,0.25882275743640704,0.26738351254480286,0.1451990632318501,-0.23069207622868604,-0.1411433789711286,0.27339985043650716,0.2623655913978495,0.2011173184357542,0.3149076860210261,0.059021961698850434,0.3388532098929529,0.35053763440860214,0.09813084112149532,-0.23871614844533606,-0.14404432593736016,-0.0004837938850574264,0.002150537634408589,0.0
1437,0.2529173581914741,0.2530465949820789,0.08968609865470852,-0.22337125129265767,-0.13877688172043012,0.2516196372129793,0.25161290322580643,0.0894854586129754,-0.22543950361944154,-0.1415942928039703,0.2618185003955813,0.25519713261648747,0.15846994535519127,0.5080614835009871,0.0866160049627791,0.3292992293722122,0.33548387096774196,0.06086956521739131,-0.2543950361944157,-0.17822063688999168,-0.0012977209784947874,-0.0014336917562724483,-0.0002006400417331189
1438,0.2691497350433957,0.2738351254480287,0.12439024390243902,-0.23649906890130357,-0.1630727179939625,0.26850869460976867,0.2738351254480287,0.12439024390243902,-0.23743016759776536,-0.1630727179939625,0.2662905499952249,0.2616487455197133,0.18313953488372092,0.3247982619491,0.036050202835370304,0.34025778825167174,0.3426523297491039,0.059850374064837904,-0.23929236499068907,-0.13591959242632612,-0.0006410404336270048,0.0,0.0
1439,0.2663326643475515,0.2731182795698925,0.13022113022113022,-0.22507403751233956,-0.140920487721106,0.26573389489667515,0.2716845878136201,0.13054187192118227,-0.22507403751233956,-0.1379254679718359,0.27924913961920084,0.27025089605734764,0.1880597014925373,0.17491133779386492,0.07472093422634374,0.346507542690772,0.35627240143369177,0.09397590361445783,-0.24975320829220138,-0.16488064571526706,-0.0005987694508763353,-0.0014336917562723928,0.0003207417000520574
1440,0.26397637440719673,0.26810035842293906,0.10900473933649289,-0.22854291417165673,-0.1442335462464822,0.26284146844904505,0.27025089605734764,0.10900473933649289,-0.2295409181636726,-0.1442335462464822,0.27706202499232035,0.27025089605734764,0.1585014409221902,0.3652107549606669,0.07539610577149114,0.35067359444919094,0.35913978494623655,0.05411764705882353,-0.24151696606786432,-0.1530187323272012,-0.0011349059581516885,0.002150537634408589,0.0
1441,0.273303759386897,0.2802867383512545,0.13493975903614458,-0.22808764940239046,-0.14663551862676594,0.2725326361632508,0.27741935483870966,0.13526570048309178,-0.23207171314741037,-0.14367033404232532,0.30061015755603326,0.2939068100358423,0.19484240687679083,0.3262245137098664,0.04906666394631387,0.3617615725257423,0.36845878136200716,0.07246376811594203,-0.2410358565737052,-0.14367033404232532,-0.0007711232236461973,-0.002867383512544841,0.00032594144694719773
1442,0.252833193049781,0.2630824372759857,0.09466019417475728,-0.22799999999999998,-0.14031001416584943,0.2521755555180367,0.2637992831541219,0.09951456310679611,-0.22799999999999998,-0.14031001416584943,0.2641042650915226,0.25806451612903225,0.1274787535410765,0.23954545454545462,0.03488340416258029,0.33103335104840914,0.33835125448028674,0.047619047619047616,-0.255,-0.1640650539391958,-0.000657637531744304,0.0007168458781361964,0.004854368932038833
1443,0.2924549051210422,0.2982078853046595,0.12590799031476999,-0.23484119345524546,-0.1588906062167268,0.29191011891534757,0.3003584229390681,0.12590799031476999,-0.233878729547642,-0.1588906062167268,0.2937706280254071,0.2896057347670251,0.17784256559766765,0.3918926569665403,0.05076077623218267,0.37296147066429763,0.37921146953405016,0.08133971291866028,-0.2540904716073147,-0.1738657049630774,-0.0005447862056946473,0.002150537634408589,0.0
1444,0.2568475130376172,0.2616487455197133,0.11491442542787286,-0.22211445198836077,-0.14430594211025427,0.2554960684751415,0.26093189964157704,0.11707317073170732,-0.22114451988360817,-0.14729663221542566,0.2635455983186111,0.25734767025089605,0.18181818181818182,0.45726593256119125,0.026163393884518826,0.3349153975240392,0.34050179211469533,0.07021791767554479,-0.25218234723569355,-0.15626870253094016,-0.001351444562475712,-0.0007168458781362519,0.002158745303834461
1445,0.2688557456843597,0.26953405017921145,0.11294117647058824,-0.2274081429990069,-0.16328315470281152,0.2675783821733608,0.27025089605734764,0.12177985948477751,-0.23038728897715988,-0.16917222143431188,0.2801663632962264,0.2731182795698925,0.1797752808988764,0.368421052631579,0.0398896475339533,0.3540112369288482,0.36200716845878134,0.06220095693779904,-0.2413108242303873,-0.14267142114256004,-0.0012773635109989412,0.0007168458781361964,0.008838683014189275
1446,0.27511102685621075,0.2802867383512545,0.11697247706422019,-0.2371342078708375,-0.16979799594925915,0.27396357307525476,0.2802867383512545,0.11724137931034483,-0.2371342078708375,-0.16689318835944988,0.2920815242920938,0.2867383512544803,0.16332378223495703,0.5405987218298016,0.08292026436414024,0.363412672402611,0.374910394265233,0.055299539170506916,-0.25731584258324924,-0.16398838076964073,-0.001147453780955987,0.0,0.000268902246124636
1447,0.27683169919492384,0.2845878136200717,0.13861386138613863,-0.21442885771543085,-0.16088637533928551,0.2761925006493913,0.2831541218637993,0.14074074074074075,-0.21643286573146292,-0.163930563192208,0.29107306053938553,0.2838709677419355,0.19148936170212766,0.32315851214624364,0.0674277136298973,0.3614838127375873,0.37060931899641575,0.07711442786069651,-0.23346693386773543,-0.15479799963344065,-0.0006391985455325155,-0.0014336917562723928,0.0021268793546021236
1448,0.2484471040637811,0.2537634408602151,0.10579345088161209,-0.23196881091617938,-0.11867517364974067,0.2471287957979246,0.2537634408602151,0.10552763819095477,-0.23684210526315785,-0.12168332013819538,0.25721315224163893,0.24874551971326164,0.1540785498489426,0.40896686159844053,0.07986249458826855,0.33173387578818964,0.34121863799283153,0.06971153846153846,-0.2573099415204678,-0.17582995693037962,-0.0013183082658564937,0.0,-0.0002658126906573133
1449,0.27843648093778034,0.2853046594982079,0.0982367758186398,-0.2324902723735408,-0.13957706036882844,0.27817820296417956,0.2860215053763441,0.09923664122137404,-0.22859922178988323,-0.12740030895713872,0.2948176500644199,0.2860215053763441,0.1559633027522936,0.3264159100734977,0.07351608933574216,0.37196541349003187,0.3813620071684588,0.06403940886699508,-0.2480544747081712,-0.16697475104513038,-0.00025827797360078453,0.0007168458781361964,0.0009998654027342513
1450,0.2722126050079147,0.27741935483870966,0.12259615384615384,-0.2262703739213806,-0.1444503785085154,0.27162552759486147,0.27741935483870966,0.12318840579710146,-0.22818791946308725,-0.13853665980010688,0.2906517444488341,0.2867383512544803,0.18285714285714286,0.5495220663005898,0.050702338868967356,0.3574868041884092,0.3648745519713262,0.06490384615384616,-0.24161073825503354,-0.1444503785085154,-0.0005870774130532497,0.0,0.0005922519509476143
1451,0.283057492086569,0.2903225806451613,0.11778846153846154,-0.23279924599434498,-0.15738483078919507,0.2822348691021808,0.2903225806451613,0.11778846153846154,-0.23468426013195098,-0.15738483078919507,0.28989739603567416,0.2838709677419355,0.1742857142857143,0.4214184731385485,0.03915240924768637,0.37274017415123234,0.385663082437276,0.0761904761904762,-0.25918944392082943,-0.16929617867021818,-0.0008226229843881772,0.0,0.0
1452,0.2828171861180624,0.28817204301075267,0.12652068126520682,-0.22952380952380957,-0.13477478028900347,0.2821460319538826,0.28888888888888886,0.12745098039215685,-0.22666666666666668,-0.12587922653568162,0.29119077351098843,0.27956989247311825,0.19710144927536233,0.4381684981684982,0.060927402284076226,0.35896799504558824,0.36917562724014336,0.07004830917874397,-0.24476190476190474,-0.14367033404232532,-0.000671154164179788,0.0007168458781361964,0.0009302991269500294
1453,0.30920997997383165,0.31684587813620074,0.13110539845758354,-0.21751412429378536,-0.1390499451346855,0.3079827421937551,0.3154121863799283,0.12886597938144329,-0.21657250470809797,-0.13596332873172623,0.3119779409352687,0.3025089605734767,0.18731117824773413,0.49937225360954174,0.03997380623694735,0.39756856902360843,0.407168458781362,0.07653061224489796,-0.23822975517890776,-0.14830979434356306,-0.001227237780076551,-0.0014336917562724483,-0.0022394190761402533
1454,0.26395749080966213,0.26666666666666666,0.13602015113350127,-0.2238095238095238,-0.15831074977416448,0.26259628359277365,0.26523297491039427,0.13636363636363635,-0.22285714285714286,-0.1552337398373983,0.27836472232848464,0.27598566308243727,0.191044776119403,0.4417042606516291,0.032463866305329825,0.35311974161413195,0.3655913978494624,0.08771929824561403,-0.24857142857142855,-0.16446476964769652,-0.0013612072168884826,-0.0014336917562723928,0.00034348523013508214
1455,0.2574479711034328,0.2645161290322581,0.10204081632653061,-0.22403846153846152,-0.13757695148978077,0.2575503194042504,0.2645161290322581,0.10230179028132992,-0.2221153846153846,-0.13450944524571717,0.2793097494878516,0.2752688172043011,0.1536050156739812,0.510434472934473,0.08635100432687237,0.3471441840351779,0.35698924731182796,0.06716417910447761,-0.24230769230769234,-0.16825201393041822,0.0001023483008175674,0.0,0.00026097395479930674
1456,0.27006360221284115,0.27741935483870966,0.1345707656612529,-0.235812133072407,-0.15527395800021315,0.2690847916675407,0.2752688172043011,0.13488372093023257,-0.23385518590998045,-0.152369150410404,0.277221694655142,0.26881720430107525,0.17166212534059946,0.38666973638770574,0.03063372774757489,0.3504176111030191,0.35913978494623655,0.07816091954022988,-0.2524461839530333,-0.16689318835944988,-0.000978810545300468,-0.002150537634408589,0.0003129552689796755
1457,0.28688193717131966,0.2896057347670251,0.13785557986870897,-0.24273858921161828,-0.1599807073954984,0.285220206549176,0.2896057347670251,0.13846153846153847,-0.24481327800829877,-0.15437299035369778,0.3049163630750365,0.2960573476702509,0.20052083333333334,0.40584104691988504,0.044700964630225104,0.3692440051248305,0.38064516129032255,0.07158836689038031,-0.24688796680497926,-0.13194212218649515,-0.0016617306221436423,0.0,0.0006059585928294975
1458,0.27822446033727694,0.2853046594982079,0.13658536585365855,-0.2243346007604563,-0.13694063888012686,0.27741654088406376,0.2867383512544803,0.13658536585365855,-0.22338403041825095,-0.13694063888012686,0.28557342821232956,0.27813620071684586,0.1897018970189702,0.30786596958174905,-0.015023145977374086,0.36402008762227156,0.3756272401433692,0.08393285371702638,-0.2395437262357415,-0.15775582059523097,-0.0008079194532131795,0.0014336917562723928,0.0
1459,0.26655230033883454,0.2716845878136201,0.12919896640826872,-0.21597633136094674,-0.12488571564466955,0.2655925299690447,0.2724014336917563,0.13402061855670103,-0.21992110453648916,-0.12795796097332401,0.2846832592380143,0.27741935483870966,0.20238095238095238,0.23561054330285103,0.03179879611670999,0.35268635927049113,0.36057347670250894,0.07712082262210797,-0.23668639053254437,-0.13103020630197848,-0.0009597703697898363,0.0007168458781361964,0.004821652148432304
1460,0.28155415997728817,0.2838709677419355,0.1206896551724138,-0.21227364185110664,-0.10483676528360175,0.28047044954500666,0.2817204301075269,0.12098765432098765,-0.21327967806841042,-0.10189629794487642,0.286299543285503,0.27956989247311825,0.19889502762430938,0.4716592236344898,0.024543797620312113,0.3629101383112224,0.37060931899641575,0.08530805687203792,-0.23641851106639844,-0.15188424270320677,-0.0010837104322815039,-0.002150537634408589,0.0002979991485738548
1461,0.2717395955774156,0.27598566308243727,0.11137440758293839,-0.23913043478260865,-0.18318491347748322,0.2708425618809055,0.27670250896057347,0.11137440758293839,-0.23814229249011853,-0.18318491347748322,0.2893153657423271,0.2802867383512545,0.13702623906705538,0.4211046390680258,0.053079604831062,0.3557057058219387,0.36702508960573477,0.05275779376498801,-0.25,-0.16823146295162583,-0.0008970336965101189,0.0007168458781361964,0.0
1462,0.2644039588280502,0.26738351254480286,0.10955710955710955,-0.23076923076923073,-0.15452419920505034,0.26368359829290683,0.26523297491039427,0.11162790697674418,-0.2327935222672065,-0.15743678813587625,0.2937098152877986,0.2896057347670251,0.17280453257790368,0.375506072874494,0.06683255953772671,0.351311756076134,0.3634408602150538,0.05411764705882353,-0.2560728744939271,-0.14287384348174625,-0.0007203605351433495,-0.002150537634408589,0.002070797419634632
1463,0.27055513016268573,0.27025089605734764,0.116751269035533,-0.20517928286852594,-0.1225855106310515,0.26928946717869623,0.2724014336917563,0.116751269035533,-0.2071713147410359,-0.1225855106310515,0.27381433013538975,0.26738351254480286,0.19484240687679083,0.461283896671379,0.013786656101646644,0.35542189146962955,0.36415770609319,0.08663366336633663,-0.22908366533864544,-0.1528904365716509,-0.0012656629839895017,0.0021505376344086446,0.0
1464,0.26209413309374374,0.25949820788530464,0.11161731207289294,-0.22865853658536583,-0.15825421940928264,0.26074509367678866,0.25663082437275986,0.11161731207289294,-0.22662601626016265,-0.15825421940928264,0.2867627416655649,0.27741935483870966,0.1766304347826087,0.3291613179289688,0.04583333333333328,0.35752663350919117,0.36917562724014336,0.06997742663656885,-0.2489837398373984,-0.16975210970464139,-0.001349039416955078,-0.0028673835125447855,0.0
1465,0.25138096520945796,0.25591397849462366,0.1018957345971564,-0.23389494549058476,-0.17262380753459117,0.2503865620091273,0.25448028673835127,0.10613207547169812,-0.23785926660059464,-0.17857100231033518,0.26996618026176683,0.2630824372759857,0.16666666666666666,0.41367690782953415,0.11878873647686683,0.33520477260104525,0.34050179211469533,0.05952380952380952,-0.2467789890981169,-0.16667661275884715,-0.0009944032003306735,-0.0014336917562723928,0.004236340874541722
1466,0.26297692041200965,0.26594982078853047,0.12322274881516587,-0.2240543161978662,-0.15444955460556087,0.2623496503334243,0.26523297491039427,0.12351543942992874,-0.22211445198836077,-0.15150502123981058,0.290939351790743,0.2867383512544803,0.1844380403458213,0.46007112835434855,0.06639044782570513,0.3491628408243577,0.35913978494623655,0.06220095693779904,-0.24539282250242478,-0.14267142114256004,-0.0006272700785853735,-0.0007168458781361964,0.00029269061476286384
1467,0.26282992883830586,0.2709677419354839,0.13176470588235295,-0.23558162267839688,-0.16586836370153335,0.2610450615908185,0.26881720430107525,0.1358313817330211,-0.2375366568914956,-0.17176560494908388,0.280508033689953,0.2731182795698925,0.18285714285714286,0.33513798029927055,0.05527818308161292,0.3459499213963499,0.35698924731182796,0.0761904761904762,-0.2434017595307918,-0.15112526058265696,-0.0017848672474873872,-0.0021505376344086446,0.004066675850668139
1468,0.285208647645583,0.3003584229390681,0.10471204188481675,-0.23011363636363635,-0.1780409768697898,0.28407651906740167,0.2967741935483871,0.10471204188481675,-0.23011363636363635,-0.1780409768697898,0.29666860424392855,0.28888888888888886,0.14144736842105263,0.3779936461388074,0.07151872725137953,0.3748457856356644,0.38853046594982077,0.0427807486631016,-0.2320075757575758,-0.15244510978043913,-0.0011321285781813462,-0.0035842293906810374,0.0
1469,0.2830168351894765,0.28745519713261647,0.11778846153846154,-0.23152709359605916,-0.1444503785085154,0.2827091297930892,0.2896057347670251,0.11864406779661017,-0.22857142857142854,-0.13557980044590257,0.30872033038015373,0.2982078853046595,0.1749271137026239,0.24605911330049257,0.07140035434839731,0.3740001826044323,0.3863799283154122,0.0673076923076923,-0.2374384236453202,-0.1444503785085154,-0.0003077053963873033,0.0021505376344086446,0.0008556062581486362
1470,0.2794256057682322,0.2845878136200717,0.12531328320802004,-0.23039215686274506,-0.1509929809387578,0.2775861715339888,0.2838709677419355,0.12531328320802004,-0.22941176470588232,-0.1509929809387578,0.28557361800688413,0.27670250896057347,0.16422287390029325,0.24573396926338098,0.026106565772403112,0.3633575166633056,0.374910394265233,0.06030150753768844,-0.24215686274509807,-0.14793954047822055,-0.0018394342342434311,-0.0007168458781361964,0.0
1471,0.2766315433193118,0.2845878136200717,0.13691931540342298,-0.22123015873015872,-0.11115301724137938,0.2760118660599282,0.2860215053763441,0.13725490196078433,-0.22023809523809523,-0.10821659482758617,0.28825161408353744,0.27741935483870966,0.20949720670391062,0.3322202864885791,0.03860452586206897,0.35652641477183844,0.3634408602150538,0.07729468599033816,-0.23015873015873012,-0.1258351293103449,-0.0006196772593835553,0.0014336917562723928,0.00033558655736135035
1472,0.28462069204145324,0.28745519713261647,0.10810810810810811,-0.2313725490196078,-0.15932005767398927,0.2834567177770729,0.2853046594982079,0.10810810810810811,-0.23333333333333328,-0.15932005767398927,0.30475829904194657,0.3025089605734767,0.1651376146788991,0.3913165266106442,0.08275801042087783,0.37194575436654004,0.3827956989247312,0.04702970297029703,-0.25784313725490193,-0.15024213012043175,-0.001163974264380363,-0.002150537634408589,0.0
1473,0.2634713920049018,0.26523297491039427,0.12077294685990338,-0.24212598425196852,-0.14624877410918602,0.2614105328623212,0.2630824372759857,0.12318840579710146,-0.2470472440944882,-0.14624877410918602,0.2738240678831394,0.2645161290322581,0.16761363636363635,0.2752095504191009,0.03785278413424875,0.35021087087245634,0.35842293906810035,0.06490384615384616,-0.2470472440944882,-0.1521875340525226,-0.00206085914258064,-0.002150537634408589,0.0024154589371980784
1474,0.2757955761091698,0.2810035842293907,0.09326424870466321,-0.2321951219512195,-0.12979009592580792,0.27353325027953046,0.27956989247311825,0.09585492227979274,-0.23414634146341462,-0.12979009592580792,0.27383901460941035,0.2630824372759857,0.14792899408284024,0.2683855981416957,0.01836749141623306,0.35693604692798653,0.3655913978494624,0.05303030303030303,-0.2448780487804878,-0.16065625995539978,-0.0022623258296393667,-0.0014336917562724483,0.002590673575129529
1475,0.280248889812566,0.2867383512544803,0.1111111111111111,-0.2288218111002921,-0.12719232998702168,0.2797706114242658,0.2845878136200717,0.11138613861386139,-0.22784810126582278,-0.1242102311297606,0.2997143604811579,0.2924731182795699,0.17784256559766765,0.36570491467226984,0.05769779916316564,0.3634687974468617,0.374910394265233,0.058394160583941604,-0.23953261927945468,-0.14508492313058818,-0.00047827838830022396,-0.002150537634408589,0.000275027502750283
1476,0.26074978761594675,0.2637992831541219,0.12322274881516587,-0.23814133591481124,-0.15188424270320677,0.2596581723500309,0.26594982078853047,0.12440191387559808,-0.2352371732817038,-0.14012237334830546,0.2767674140253446,0.2716845878136201,0.15451895043731778,0.36004940414594255,0.08041267705609312,0.3382303218196653,0.34910394265232975,0.06572769953051644,-0.255566311713456,-0.16364611205810797,-0.0010916152659158351,0.002150537634408589,0.0011791650604322107
1477,0.26013892451740855,0.2630824372759857,0.09865470852017937,-0.22502522704339056,-0.148516844593366,0.2593282361652235,0.2623655913978495,0.09887640449438202,-0.22401614530776992,-0.1456856022234343,0.2677051328335428,0.25591397849462366,0.13953488372093023,0.3569493865845239,0.018526455232603434,0.33718108002000524,0.34480286738351257,0.044543429844097995,-0.25428859737638754,-0.15701057170316113,-0.0008106883521850627,-0.0007168458781361964,0.00022169597420265696
1478,0.24387434901563818,0.25089605734767023,0.10173697270471464,-0.22168905950095974,-0.11867295017586998,0.24285304422898077,0.24946236559139784,0.10173697270471464,-0.22456813819577737,-0.11867295017586998,0.25317440443548284,0.24946236559139784,0.16071428571428573,0.41291830092631227,0.08084212683126735,0.32290745294681494,0.3254480286738351,0.048426150121065374,-0.24184261036468335,-0.14845131987842775,-0.0010213047866574065,-0.0014336917562723928,0.0
1479,0.26843914415513787,0.2716845878136201,0.11463414634146342,-0.23189823874755378,-0.14729663221542566,0.2673656176815618,0.2709677419354839,0.11519607843137254,-0.2309197651663405,-0.14131525200508277,0.28284210779071006,0.2745519713261649,0.17804154302670624,0.4821917808219178,0.07102374546209078,0.3519735211546739,0.36200716845878134,0.055825242718446605,-0.2465753424657534,-0.15327801242576866,-0.0010735264735760586,-0.0007168458781361964,0.0005619320899091229
1480,0.2657065073427962,0.2716845878136201,0.10565110565110565,-0.23362658846529816,-0.1305842980568931,0.26521297517383546,0.2709677419354839,0.10784313725490197,-0.23558162267839688,-0.13356213502714886,0.2954176952163633,0.2910394265232975,0.16176470588235295,0.3551731234243967,0.06893077895024413,0.35783507864665276,0.36774193548387096,0.07142857142857142,-0.24437927663734116,-0.16929617867021818,-0.000493532168960753,-0.0007168458781361964,0.0021920316037963156
1481,0.2765309866789462,0.2817204301075269,0.12028301886792453,-0.238001958863859,-0.15519935344827596,0.27575501271124636,0.2810035842293907,0.12085308056872038,-0.238001958863859,-0.14932650862068964,0.28369062677569695,0.2802867383512545,0.18,0.3498891695448219,0.06209590517241381,0.3574297507725311,0.36702508960573477,0.08391608391608392,-0.24877571008814892,-0.16988146551724137,-0.00077597396769985,-0.0007168458781361964,0.0005700617007958486
1482,0.2860018670071826,0.2896057347670251,0.13075060532687652,-0.21968190854870773,-0.13557980044590257,0.284649829574606,0.2867383512544803,0.13075060532687652,-0.21968190854870773,-0.13557980044590257,0.2917719194392073,0.2867383512544803,0.2,0.3805500331345261,0.08027093241101024,0.3625193289211633,0.36845878136200716,0.07451923076923077,-0.25149105367793245,-0.1444503785085154,-0.0013520374325766138,-0.002867383512544841,0.0
1483,0.2789649665069857,0.2853046594982079,0.12380952380952381,-0.23123123123123124,-0.15627781592533252,0.2787559004391484,0.2824372759856631,0.12410501193317422,-0.23123123123123124,-0.15332095657112832,0.2837663215009588,0.27598566308243727,0.18435754189944134,0.4530467967967968,0.02704746403533309,0.3555085987517593,0.36057347670250894,0.06265060240963856,-0.24624624624624625,-0.1414935191543112,-0.00020906606783732684,-0.0028673835125447855,0.0002954881236504059
1484,0.26931175211155456,0.27885304659498206,0.08542713567839195,-0.232943469785575,-0.1399749023982153,0.26888850097465955,0.2738351254480287,0.08564231738035265,-0.23196881091617938,-0.13693530395984377,0.2720086758536983,0.2637992831541219,0.13513513513513514,0.34207741576162626,0.057598996095928556,0.3508299644134344,0.35985663082437275,0.046228710462287104,-0.24269005847953218,-0.17948968209704408,-0.0004232511368950087,-0.005017921146953375,0.00021518170196069275
1485,0.25515315533083033,0.2623655913978495,0.1021377672209026,-0.22958693563880883,-0.15923467527953683,0.2546239799653573,0.26523297491039427,0.1026252983293556,-0.2247838616714697,-0.15332095657112832,0.27417056966709225,0.26738351254480286,0.16467065868263472,0.502105963201064,0.09801208853623589,0.3419377720606119,0.3541218637992832,0.07834101382488479,-0.25936599423631124,-0.19767384688419254,-0.0005291753654730336,0.0028673835125447855,0.00048753110845299596
1486,0.2799263947712461,0.2824372759856631,0.13333333333333333,-0.22873900293255134,-0.1409114983984463,0.27944185629196916,0.2831541218637993,0.1360381861575179,-0.2297165200391007,-0.13797909993526536,0.28591203816510574,0.2853046594982079,0.18786127167630057,0.5662699097234201,0.07608598787695353,0.35673229085492114,0.36774193548387096,0.08196721311475409,-0.24242424242424243,-0.161438287640714,-0.0004845384792769303,0.0007168458781361964,0.0027048528241845615
1487,0.2620890359676168,0.26881720430107525,0.1065989847715736,-0.22612085769980506,-0.1278165086447296,0.2610102494556353,0.26738351254480286,0.10687022900763359,-0.2241715399610137,-0.12477691020635806,0.26574306710397516,0.26021505376344084,0.16199376947040497,0.48883319409635195,0.09407417735638601,0.3403329449285317,0.34838709677419355,0.06633906633906633,-0.24658869395711502,-0.16733128834355837,-0.001078786511981511,-0.0014336917562723928,0.00027124423605998094
1488,0.268988352833424,0.2738351254480287,0.13053613053613053,-0.24165029469548138,-0.19343898924969516,0.26765476767645574,0.26881720430107525,0.12850467289719625,-0.2396856581532416,-0.1904653918618232,0.28112430729099025,0.2745519713261649,0.1620795107033639,0.3627289435325433,0.10986794431325075,0.35380939456468324,0.3634408602150538,0.06921241050119331,-0.24066797642436144,-0.16370301537097498,-0.0013335851569682422,-0.00501792114695343,-0.002031457638934281
1489,0.27964230134572327,0.2860215053763441,0.11374407582938388,-0.22745490981963923,-0.12913068969193042,0.27954374766863826,0.2817204301075269,0.11401425178147269,-0.22645290581162325,-0.12622588210212127,0.29236484798724793,0.2838709677419355,0.19113573407202217,0.3855711422845691,0.048062573286430044,0.36101524617284286,0.36774193548387096,0.06588235294117648,-0.24348697394789576,-0.1378451124613581,-9.85536770850004e-05,-0.004301075268817178,0.00027017595208880807
1490,0.2612883129102191,0.2738351254480287,0.09313725490196079,-0.21884200196270853,-0.14131525200508277,0.259893234443587,0.2738351254480287,0.09359605911330049,-0.21884200196270853,-0.13533387179473988,0.27816042935584384,0.27598566308243727,0.1378299120234604,0.47529296311262487,0.05906098504140489,0.3481812560126686,0.35842293906810035,0.05476190476190476,-0.26202158979391565,-0.17720353326714033,-0.0013950784666321159,0.0,0.00045880421133970284
1491,0.26530362889692743,0.2738351254480287,0.1282051282051282,-0.22356495468277948,-0.16473231376815967,0.2648380274272098,0.27670250896057347,0.12910798122065728,-0.21953675730110778,-0.1559471276874409,0.29086060996224017,0.2810035842293907,0.2050561797752809,0.3560548841893253,0.04904054752933429,0.3513273782456598,0.3627240143369176,0.07819905213270142,-0.23061430010070494,-0.1442335462464822,-0.00046560146971763583,0.0028673835125447855,0.000902853015529087
1492,0.25999968218187935,0.26810035842293906,0.11655011655011654,-0.2406311637080868,-0.15452419920505034,0.25890641086292615,0.26738351254480286,0.11655011655011654,-0.2406311637080868,-0.15452419920505034,0.2734158310838027,0.26594982078853047,0.17079889807162535,0.3487643578141316,0.03770667022946661,0.34612609181653886,0.3548387096774194,0.05813953488372093,-0.257396449704142,-0.15743678813587625,-0.001093271318953204,-0.0007168458781361964,0.0
1493,0.2887165334702141,0.2974910394265233,0.11940298507462686,-0.23823246878001925,-0.14419017841806014,0.28714806444463237,0.2939068100358423,0.11970074812967581,-0.24015369836695488,-0.14116420256687423,0.30053594587660487,0.2931899641577061,0.18584070796460178,0.29538904899135443,0.04644630020664775,0.3760593667997701,0.3842293906810036,0.06982543640897755,-0.24111431316042264,-0.14116420256687423,-0.0015684690255817202,-0.003584229390680982,0.00029776305504894407
1494,0.26953070892220377,0.2709677419354839,0.10714285714285714,-0.23652694610778446,-0.15663751192656972,0.2682849106858666,0.2709677419354839,0.10714285714285714,-0.23652694610778446,-0.15663751192656972,0.27864669798971275,0.2709677419354839,0.17105263157894737,0.41088411412469183,0.03612511235763294,0.34593444794850936,0.35698924731182796,0.07268722466960352,-0.2564870259481038,-0.17364597877517585,-0.0012457982363371922,0.0,0.0
1495,0.27519911060826024,0.2824372759856631,0.11502347417840375,-0.24094025465230162,-0.1662276880685617,0.2737762174653892,0.2824372759856631,0.11583924349881797,-0.238001958863859,-0.15739408797131105,0.28489835159296023,0.2810035842293907,0.16524216524216523,0.38563966232918245,0.05461231436270442,0.36053363881978245,0.36989247311827955,0.07042253521126761,-0.24877571008814892,-0.1662276880685617,-0.001422893142871029,0.0,0.0008157693204142169
1496,0.2550609958449099,0.2616487455197133,0.11025641025641025,-0.21965317919075145,-0.13944969367541793,0.25433084261173644,0.2630824372759857,0.11053984575835475,-0.21965317919075145,-0.13636789343756794,0.2660463380028381,0.25734767025089605,0.16257668711656442,0.25122754677108583,0.0577855215469788,0.3440243615461964,0.35268817204301073,0.0675,-0.24566473988439308,-0.17026769605391734,-0.0007301532331734362,0.0014336917562723928,0.0002834355019444984
1497,0.2674278543068341,0.27598566308243727,0.1073170731707317,-0.2364532019704434,-0.15514770723104054,0.26623119216362334,0.2716845878136201,0.10784313725490197,-0.23546798029556648,-0.14914021164021163,0.27679785729634304,0.26594982078853047,0.14414414414414414,0.3381465517241379,0.07614087301587302,0.3569759623631739,0.36917562724014336,0.0673076923076923,-0.24137931034482762,-0.1731701940035274,-0.001196662143210736,-0.004301075268817178,0.0005260640841702607
1498,0.2653017941261028,0.2716845878136201,0.11442786069651742,-0.2303370786516854,-0.16284403669724778,0.2638662904080284,0.27025089605734764,0.11442786069651742,-0.22940074906367036,-0.16284403669724778,0.2728034865531452,0.26738351254480286,0.1588785046728972,0.3343682239306131,0.08486238532110091,0.34734106852886454,0.353405017921147,0.0691358024691358,-0.24812734082397003,-0.17201834862385323,-0.0014355037180743824,-0.0014336917562724483,0.0
1499,0.2615014016230803,0.26881720430107525,0.08986175115207373,-0.22389558232931728,-0.13892523886868635,0.2603008366783093,0.26810035842293906,0.09216589861751152,-0.22590361445783136,-0.13892523886868635,0.2750261602236681,0.26810035842293906,0.14594594594594595,0.2578313253012048,0.04456799784311272,0.34893345901641654,0.35913978494623655,0.05357142857142857,-0.24096385542168675,-0.17906438439939243,-0.0012005649447709987,-0.0007168458781361964,0.002304147465437792
1500,0.2841032903098803,0.2931899641577061,0.1111111111111111,-0.22624877571008817,-0.14012896825396826,0.28332136365428323,0.2931899641577061,0.11166253101736973,-0.22526934378060726,-0.13412147266313934,0.2760072531847006,0.2645161290322581,0.14202898550724638,0.3259248097641829,0.04009589947089953,0.358660613906621,0.36630824372759857,0.057971014492753624,-0.24583741429970618,-0.16716269841269848,-0.000781926655597065,0.0,0.0005514199062586211
1501,0.2714015979485811,0.2745519713261649,0.11188811188811189,-0.24051896207584833,-0.13694012995587057,0.27010130776730684,0.2731182795698925,0.11267605633802817,-0.23852295409181634,-0.12828302383186152,0.2752998063430337,0.27025089605734764,0.1652892561983471,0.1884939797823707,0.05351620477232899,0.35014539420710894,0.35842293906810035,0.07256235827664399,-0.2544910179640718,-0.17156855445190689,-0.001300290181274255,-0.0014336917562723928,0.0007879444499162835
1502,0.26646327562346656,0.26953405017921145,0.1234866828087167,-0.23972602739726023,-0.1615206679794653,0.26556330779272314,0.2724014336917563,0.13526570048309178,-0.24070450097847362,-0.164520040243871,0.28228434867032404,0.2716845878136201,0.1924198250728863,0.4740704500978474,0.048435390528931754,0.3532874422549241,0.35698924731182796,0.06419753086419754,-0.24266144814090018,-0.13752568986421987,-0.00089996783074342,0.002867383512544841,0.011779017674375072
1503,0.27645987508299913,0.2824372759856631,0.10829493087557604,-0.24419778002018167,-0.1614500077347496,0.27482935884445003,0.2810035842293907,0.10983981693363844,-0.24823410696266401,-0.17015284863344438,0.2850236245692147,0.27741935483870966,0.15263157894736842,0.43155062226707036,-0.004798871558244322,0.36187477972213955,0.37060931899641575,0.05542725173210162,-0.2532795156407669,-0.15854906076851816,-0.0016305162385490957,-0.0014336917562723928,0.0015448860580623974
1504,0.24534301639856973,0.25017921146953404,0.10377358490566038,-0.2222222222222222,-0.13494030487154896,0.2443880093772608,0.25017921146953404,0.10377358490566038,-0.2222222222222222,-0.13494030487154896,0.2786201538732,0.26953405017921145,0.17746478873239438,0.4411684411684411,0.0654914188252852,0.33720826116414276,0.34695340501792116,0.05827505827505827,-0.23623623623623624,-0.14946434282059484,-0.0009550070213089346,0.0,0.0
1505,0.27564093078479845,0.2853046594982079,0.11893203883495146,-0.24090462143559488,-0.15327801242576866,0.2753161352873579,0.2845878136200717,0.1192214111922141,-0.23992133726647003,-0.15028732232059716,0.29924361858241766,0.2931899641577061,0.17888563049853373,0.3682846160722267,0.05906098504140489,0.3552381616571573,0.36630824372759857,0.059113300492610835,-0.23500491642084564,-0.13533387179473988,-0.00032479549744057756,-0.0007168458781361964,0.0002893723572626461
1506,0.2741176217043213,0.27741935483870966,0.10784313725490197,-0.22389558232931728,-0.11574181309735354,0.2727027145869714,0.27670250896057347,0.11246943765281174,-0.22791164658634533,-0.11869043372112875,0.28964472674507585,0.2853046594982079,0.20454545454545456,0.5073627844712182,0.049380941834062386,0.3607152747998026,0.36917562724014336,0.06987951807228916,-0.23895582329317266,-0.13638215746378046,-0.0014149071173499284,-0.0007168458781361964,0.004626300397909774
1507,0.26749789135334573,0.2738351254480287,0.12106537530266344,-0.21968190854870773,-0.14586143104374294,0.26714537620306505,0.27670250896057347,0.12224938875305623,-0.21968190854870773,-0.1339670414922549,0.2844496245525195,0.2752688172043011,0.1834319526627219,0.33055003313452613,0.07715837304665851,0.34912254489730055,0.35698924731182796,0.07004830917874397,-0.24155069582504973,-0.1488350284316149,-0.0003525151502806745,0.0028673835125447855,0.0011840134503927902
1508,0.2872790791735319,0.2917562724014337,0.12469437652811736,-0.23887814313346223,-0.16005570404200298,0.28635337630556856,0.2931899641577061,0.125,-0.241779497098646,-0.15703869009004334,0.2958678195095677,0.2867383512544803,0.1761194029850746,0.5169936446532192,0.06320332840300669,0.3753766103345863,0.3835125448028674,0.06516290726817042,-0.24661508704061896,-0.12988556452240707,-0.0009257028679633406,0.0014336917562723928,0.00030562347188263506
1509,0.2668047746979206,0.2716845878136201,0.1070559610705596,-0.2272727272727273,-0.14768212827748706,0.26560386340704806,0.26953405017921145,0.1070559610705596,-0.2272727272727273,-0.14768212827748706,0.2691134323346366,0.2637992831541219,0.16101694915254236,0.35286737414396985,0.022541713471601943,0.34626095158723613,0.35268817204301073,0.05555555555555555,-0.23210831721470015,-0.15664127784322857,-0.0012009112908725195,-0.0021505376344086446,0.0
1510,0.2640867661063408,0.2724014336917563,0.1108433734939759,-0.2274081429990069,-0.14921815408085426,0.2635330368146956,0.2716845878136201,0.1111111111111111,-0.2264150943396226,-0.14624877410918602,0.2744025071298978,0.2637992831541219,0.15759312320916904,0.30110159118727053,0.04676092404925358,0.34390128812318826,0.35268817204301073,0.057279236276849645,-0.23833167825223434,-0.16109567396752755,-0.0005537292916452108,-0.0007168458781361964,0.00026773761713520805
1511,0.270989454992844,0.2724014336917563,0.12530120481927712,-0.2300194931773879,-0.14663551862676594,0.2704668170029459,0.2716845878136201,0.12560386473429952,-0.22904483430799216,-0.14367033404232532,0.2728544979291859,0.26093189964157704,0.181058495821727,0.33723196881091616,0.019414818101907816,0.347441287742046,0.35770609318996416,0.07246376811594203,-0.23879142300194933,-0.14367033404232532,-0.0005226379898981004,-0.0007168458781361964,0.00030265991502240186
1512,0.26479329795135187,0.26594982078853047,0.09134615384615384,-0.23376623376623373,-0.16524077284645444,0.26289430882971504,0.2645161290322581,0.09156626506024096,-0.2347652347652348,-0.16225008274128305,0.2727521263988507,0.26738351254480286,0.13372093023255813,0.2739674118984463,0.05008891472589061,0.3540967937945749,0.36415770609319,0.05714285714285714,-0.2547452547452548,-0.17720353326714033,-0.0018989891216368293,-0.0014336917562723928,0.0002201112140871181
1513,0.2772172569244497,0.2810035842293907,0.10311750599520383,-0.22166499498495484,-0.12456796077485743,0.27603994006102617,0.27885304659498206,0.10361445783132531,-0.22066198595787367,-0.11872705838223074,0.2860410163570402,0.27885304659498206,0.16298342541436464,0.42300977005089346,0.036056855022372214,0.3633524841858422,0.36917562724014336,0.07322654462242563,-0.2537612838515546,-0.18297698470112267,-0.0011773168634235387,-0.0021505376344086446,0.0004969518361214731
1514,0.2719049234881751,0.2738351254480287,0.12244897959183673,-0.22722914669223393,-0.140246942287942,0.27012248106519715,0.2738351254480287,0.12244897959183673,-0.22722914669223393,-0.140246942287942,0.27903839873373315,0.2716845878136201,0.17159763313609466,0.3309683604985619,0.02565430545940106,0.3571445821636604,0.3634408602150538,0.054404145077720206,-0.22914669223394057,-0.12181347031601497,-0.0017824424229779257,0.0,0.0
1515,0.25583406206722764,0.2616487455197133,0.11031175059952038,-0.23069498069498073,-0.1474072378627197,0.2550772734586487,0.2637992831541219,0.11031175059952038,-0.23262548262548266,-0.1474072378627197,0.2599724063876381,0.25161290322580643,0.16666666666666666,0.3711243711243711,0.05661605757737598,0.33833913895816375,0.34121863799283153,0.061465721040189124,-0.2364864864864865,-0.16514839398794534,-0.0007567886085789177,0.002150537634408589,0.0
1516,0.2741093757735351,0.2853046594982079,0.10024449877750612,-0.2294921875,-0.14170936190032601,0.27343646268643956,0.2860215053763441,0.10024449877750612,-0.23046875,-0.14170936190032601,0.2936676466853402,0.2845878136200717,0.1536231884057971,0.4655052923387097,0.04941916216882647,0.36388555993925903,0.37777777777777777,0.0660377358490566,-0.2578125,-0.18650510972903367,-0.0006729130870955502,0.0007168458781361964,0.0
1517,0.26785736100108826,0.2724014336917563,0.10049019607843138,-0.23643410852713176,-0.14652380665743692,0.2664460247563768,0.27025089605734764,0.10319410319410319,-0.23643410852713176,-0.1435244343930313,0.28690804566182165,0.2824372759856631,0.1632047477744807,0.29531902206320815,0.06643162411536574,0.35497902843632534,0.3655913978494624,0.060240963855421686,-0.25,-0.16751941250827662,-0.0014113362447114586,-0.0021505376344086446,0.002703907115671811
1518,0.2611347120843681,0.26810035842293906,0.09135802469135802,-0.21875,-0.13493044822256572,0.25991811106319856,0.26738351254480286,0.09113300492610837,-0.220703125,-0.1379254679718359,0.2706355133579955,0.2616487455197133,0.15522388059701492,0.36744791666666665,0.07472093422634374,0.34331135978336674,0.35268817204301073,0.05555555555555555,-0.23828125,-0.16188562596599698,-0.00121660102116955,-0.0007168458781361964,-0.00022501976524964828
1519,0.2900680288486973,0.2946236559139785,0.12990196078431374,-0.22013820335636725,-0.12843249427917625,0.28937213098816783,0.2931899641577061,0.12990196078431374,-0.21816386969397827,-0.12843249427917625,0.2914870126487995,0.2853046594982079,0.2,0.5542771555979167,0.04379154407758523,0.37187731945664476,0.37777777777777777,0.07107843137254902,-0.23692003948667328,-0.12843249427917625,-0.0006958978605294819,-0.0014336917562723928,0.0
1520,0.2582507012073361,0.26523297491039427,0.11409395973154363,-0.23919597989949748,-0.16120653649368277,0.25631831029556224,0.26021505376344084,0.11409395973154363,-0.24221105527638187,-0.16120653649368277,0.2842587881254832,0.2817204301075269,0.1912568306010929,0.3399088465583732,0.06926751592356684,0.3404090224791632,0.34838709677419355,0.06320541760722348,-0.24623115577889443,-0.14982510180641118,-0.0019323909117738847,-0.00501792114695343,0.0
1521,0.27868969467393784,0.2845878136200717,0.10784313725490197,-0.2290227048371175,-0.15439758994520714,0.2776429221015118,0.2860215053763441,0.10810810810810811,-0.2290227048371175,-0.1513850214541861,0.2909808711754786,0.2810035842293907,0.18100890207715134,0.3750774811175646,0.059494772917285665,0.3642394567178493,0.3720430107526882,0.06601466992665037,-0.23297137216189534,-0.1574101584362282,-0.0010467725724260246,0.0014336917562723928,0.0002649708532061479
1522,0.2551262397710748,0.25591397849462366,0.0812807881773399,-0.23233301064859635,-0.16966651982070813,0.2543088066178077,0.25663082437275986,0.0812807881773399,-0.23233301064859635,-0.16966651982070813,0.2640397010824665,0.25806451612903225,0.13353115727002968,0.43186834462729917,0.040700804855706374,0.3457601486672912,0.35268817204301073,0.041463414634146344,-0.24588576960309783,-0.18186172704832626,-0.0008174331532670998,0.0007168458781361964,0.0
1523,0.2839697001840021,0.2910394265232975,0.1388888888888889,-0.22190476190476194,-0.1661151038263784,0.2822081667960411,0.2910394265232975,0.13924050632911392,-0.2238095238095238,-0.16301877680879462,0.2929888236401583,0.28817204301075267,0.18429003021148035,0.34954703832752615,0.03514615231656393,0.36985540703482883,0.37921146953405016,0.06426735218508997,-0.2304761904761905,-0.1444408147032924,-0.0017615333879609785,0.0,0.0003516174402250216
1524,0.2661138740754495,0.26738351254480286,0.0891566265060241,-0.22535211267605637,-0.13130097133212948,0.2660145807355547,0.2716845878136201,0.09024390243902439,-0.22132796780684105,-0.11659863463850295,0.2808645827340993,0.27670250896057347,0.16272189349112426,0.45382293762575454,0.09511501374971976,0.34987098551942736,0.35698924731182796,0.053864168618266976,-0.24949698189134806,-0.1665865793968333,-9.92933398948348e-05,0.004301075268817234,0.0010872759330002868
1525,0.26269834902108924,0.26594982078853047,0.11007025761124122,-0.23290386521308226,-0.161438287640714,0.26224152484212787,0.26523297491039427,0.11241217798594848,-0.23290386521308226,-0.161438287640714,0.2795993168899751,0.2745519713261649,0.15606936416184972,0.296828543111992,0.07608598787695353,0.34743838414788425,0.35913978494623655,0.06728538283062645,-0.26263627353815655,-0.1731678814934382,-0.00045682417896136807,-0.0007168458781361964,0.0023419203747072626
1526,0.2568831499994841,0.2623655913978495,0.11809045226130653,-0.23356231599607458,-0.14262124822175093,0.2562973116882364,0.2616487455197133,0.11809045226130653,-0.23356231599607458,-0.14262124822175093,0.27700183512071613,0.27025089605734764,0.16467065868263472,0.5622862580664347,0.05220677436528509,0.34940500728205603,0.36057347670250894,0.06483790523690773,-0.254170755642787,-0.15175381178051817,-0.0005858383112476995,-0.0007168458781361964,0.0
1527,0.27551105345947197,0.2845878136200717,0.11084905660377359,-0.2347652347652348,-0.1500903369669615,0.2739185293344316,0.2838709677419355,0.11163895486935867,-0.23376623376623373,-0.14130515088624263,0.27163946692376817,0.2616487455197133,0.16111111111111112,0.34676434676434675,0.037326966088375824,0.34979839115356054,0.3541218637992832,0.05868544600938967,-0.23776223776223782,-0.1559471276874409,-0.001592524125040351,-0.0007168458781361964,0.0007898982655850789
1528,0.2802950677094125,0.28745519713261647,0.14640198511166252,-0.23809523809523814,-0.14985994397759106,0.2794068225538535,0.2867383512544803,0.14603960396039603,-0.23906705539358597,-0.1528904365716509,0.28975637079072675,0.2802867383512545,0.19476744186046513,0.19160559976886504,0.02893911907194635,0.3656529911532472,0.3727598566308244,0.07341772151898734,-0.2371234207968902,-0.12561600322511146,-0.0008882451555589643,-0.0007168458781361964,-0.0003623811512664943
1529,0.29113639264598895,0.3017921146953405,0.12910798122065728,-0.23449612403100772,-0.14831556503198295,0.29016375731534844,0.2989247311827957,0.13114754098360656,-0.23546511627906974,-0.15123207491952007,0.3069926343788484,0.3032258064516129,0.19047619047619047,0.3915298677610579,0.052923617208077256,0.37488830542670426,0.3863799283154122,0.07058823529411765,-0.24127906976744184,-0.14539905514444584,-0.0009726353306405144,-0.0028673835125447855,0.0020395597629492834
1530,0.28487841520964946,0.2924731182795699,0.09462915601023018,-0.23114593535749262,-0.1452231779406039,0.2845074767149919,0.2939068100358423,0.09487179487179487,-0.23310479921645444,-0.14213656153764465,0.2844072524396844,0.27670250896057347,0.1466275659824047,0.383882903471542,0.009107642207355493,0.37182379399718446,0.3827956989247312,0.06896551724137931,-0.24485798237022527,-0.19152242398499164,-0.00037093849465758,0.0014336917562723928,0.00024263886156468406
1531,0.2630519934306194,0.26666666666666666,0.09923664122137404,-0.22859922178988323,-0.1460027100271003,0.26127095760795654,0.2630824372759857,0.09923664122137404,-0.23054474708171202,-0.1460027100271003,0.275174961632429,0.26738351254480286,0.16923076923076924,0.25517930381743603,0.06323396567299011,0.3549737939015518,0.3655913978494624,0.06313131313131314,-0.24221789883268485,-0.1552337398373983,-0.0017810358226628686,-0.003584229390680982,0.0
1532,0.28206364136939593,0.2824372759856631,0.12468827930174564,-0.2222222222222222,-0.12811397707231043,0.2804951794727463,0.2824372759856631,0.12468827930174564,-0.22320550639134706,-0.12811397707231043,0.2861760782639324,0.27956989247311825,0.18128654970760233,0.42299821945839644,0.049107142857142905,0.3650683614176818,0.3741935483870968,0.07598039215686274,-0.23697148475909535,-0.14914021164021163,-0.0015684618966496089,0.0,0.0
1533,0.2700882697757239,0.27885304659498206,0.09595959595959595,-0.22599418040737151,-0.14449541284403666,0.2690874426562333,0.27670250896057347,0.09547738693467336,-0.22793404461687683,-0.15061162079510704,0.2746072469911435,0.26810035842293906,0.1458966565349544,0.47763450676099733,0.060397553516819635,0.35572603702180583,0.36845878136200716,0.05853658536585366,-0.2677012609117362,-0.18730886850152906,-0.0010008271194906215,-0.002150537634408589,-0.0004822090249225891
1534,0.2679568160104989,0.27025089605734764,0.11217183770883055,-0.21650485436893208,-0.14051724137931043,0.2669281412002357,0.26881720430107525,0.11217183770883055,-0.2184466019417476,-0.14051724137931043,0.28713349001619426,0.27813620071684586,0.17280453257790368,0.3209816612729234,0.0532866379310345,0.3542072794908463,0.3634408602150538,0.057279236276849645,-0.23203883495145627,-0.14051724137931043,-0.001028674810263197,-0.0014336917562723928,0.0
1535,0.27602203165574185,0.27885304659498206,0.12444444444444444,-0.23053278688524592,-0.15738322121207704,0.2751737096811235,0.2752688172043011,0.12472160356347439,-0.23360655737704916,-0.15455546313456325,0.28870116160928927,0.27956989247311825,0.18489583333333334,0.3031020350480497,0.02924881190382378,0.35909808763468526,0.3634408602150538,0.056433408577878104,-0.23770491803278693,-0.13758891466948142,-0.0008483219746183712,-0.003584229390680982,0.0002771591190299516
1536,0.24979272053632823,0.25734767025089605,0.08027522935779817,-0.23299999999999998,-0.1571400442452251,0.24972532203708045,0.25734767025089605,0.08045977011494253,-0.23399999999999999,-0.15425434220388878,0.2658710889602251,0.25734767025089605,0.10684931506849316,0.32400000000000007,0.04774480068965625,0.3359663735212043,0.34982078853046594,0.04212860310421286,-0.262,-0.20042557486527057,-6.73984992477783e-05,0.0,0.00018454075714435803
1537,0.25502618088279555,0.26021505376344084,0.11564625850340136,-0.22301425661914465,-0.1465942671756848,0.2544666183777667,0.26093189964157704,0.11670480549199085,-0.22199592668024437,-0.13519853502113022,0.2738179403492805,0.26881720430107525,0.18457300275482094,0.4077071497480973,0.07562250983813024,0.33413998050835736,0.33978494623655914,0.07207207207207207,-0.24541751527494904,-0.15514106629160063,-0.0005595625050288655,0.0007168458781361964,0.0010585469885894816
1538,0.2820429555772226,0.28745519713261647,0.14180929095354522,-0.22047244094488194,-0.12121766219693886,0.28093417882165556,0.2853046594982079,0.14215686274509803,-0.219488188976378,-0.11826493295408369,0.292713042652524,0.2867383512544803,0.1936416184971098,0.3304496477414008,0.06480428010293915,0.3634685441631916,0.3727598566308244,0.07913669064748201,-0.24114173228346458,-0.14483949613978053,-0.0011087767555670314,-0.002150537634408589,0.00034757179155281426
1539,0.2659403095149619,0.27885304659498206,0.11648351648351649,-0.2497441146366428,-0.1715220115996453,0.2654325912615624,0.27885304659498206,0.1162280701754386,-0.2538382804503583,-0.17434976967715887,0.2772278497253493,0.2709677419354839,0.14960629921259844,0.26945841306572915,0.037732086136364695,0.34566417539190997,0.35555555555555557,0.05506607929515418,-0.2538382804503583,-0.16869425352213152,-0.0005077182533995139,0.0,-0.00025544630807788904
1540,0.27638766421092775,0.2845878136200717,0.10152284263959391,-0.2398452611218569,-0.1304444968100612,0.27518212304376083,0.2845878136200717,0.10152284263959391,-0.241779497098646,-0.1304444968100612,0.28072935501801655,0.27598566308243727,0.1504424778761062,0.28046421663442944,0.03698583510067288,0.36593437313498417,0.3741935483870968,0.05172413793103448,-0.241779497098646,-0.16697475104513038,-0.0012055411671669236,0.0,0.0
1541,0.27697556078588914,0.2824372759856631,0.125,-0.24011857707509876,-0.16071669810518308,0.2759349072409913,0.2817204301075269,0.1261682242990654,-0.2361660079051383,-0.1490819452853066,0.2863301312778939,0.2802867383512545,0.1908831908831909,0.5406455862977602,0.0748870464973157,0.3567896797249429,0.36630824372759857,0.07294117647058823,-0.24505928853754944,-0.14035588067039928,-0.0010406535448978516,-0.0007168458781361964,0.0011682242990654068
1542,0.28271143736799603,0.28817204301075267,0.1188118811881188,-0.23323615160349853,-0.1371252204585538,0.28126638758326,0.2896057347670251,0.11940298507462686,-0.23420796890184647,-0.13111772486772488,0.2869480098813004,0.27741935483870966,0.17183098591549295,0.4206889104848289,0.010058421516754845,0.36665489617755537,0.36989247311827955,0.0687960687960688,-0.23906705539358597,-0.14613646384479717,-0.00144504978473603,0.0014336917562724483,0.000591103886508057
1543,0.27449305820544734,0.2853046594982079,0.14105793450881612,-0.24011571841851498,-0.13430196842103437,0.2733846030987198,0.2845878136200717,0.14177215189873418,-0.23818707810993245,-0.12823190161201337,0.2811110069330952,0.26738351254480286,0.1924198250728863,0.3059925609588097,0.029589835422529243,0.35689061705161407,0.36415770609319,0.07323232323232323,-0.2391513982642237,-0.13126693501652387,-0.001108455106727524,-0.0007168458781361964,0.0007142173899180593
1544,0.29788153717736016,0.3046594982078853,0.12280701754385964,-0.2222222222222222,-0.14301450083658673,0.2971089571293726,0.3039426523297491,0.12718204488778054,-0.2241715399610137,-0.1490936977133296,0.2976676723231697,0.2910394265232975,0.1781609195402299,0.44931773879142306,0.01200501952035693,0.37860530521175534,0.3870967741935484,0.06265664160401002,-0.24269005847953218,-0.14301450083658673,-0.0007725800479875811,-0.0007168458781361964,0.004375027343920895
1545,0.2836206308153529,0.2845878136200717,0.10606060606060606,-0.220616570327553,-0.1552337398373983,0.2828144465669961,0.2831541218637993,0.10606060606060606,-0.2225433526011561,-0.1552337398373983,0.29318779860759203,0.2853046594982079,0.1798780487804878,0.4379050621825188,0.05400293586269189,0.3706172418482767,0.37921146953405016,0.07088607594936709,-0.24759152215799618,-0.15215672990063234,-0.0008061842483567672,-0.0014336917562723928,0.0
1546,0.2612158160692037,0.2630824372759857,0.13839285714285715,-0.2477522477522478,-0.17403253312344225,0.2606343919383211,0.2630824372759857,0.13870246085011187,-0.24675324675324672,-0.17117276662731207,0.27755555107066276,0.26881720430107525,0.20526315789473684,0.11255411255411263,0.02043158861340677,0.33638635005224693,0.34121863799283153,0.06928406466512702,-0.23576423576423577,-0.13113603568149024,-0.0005814241308825796,0.0,0.00030960370725471864
1547,0.2555950094890264,0.25949820788530464,0.11138014527845036,-0.20833333333333337,-0.13557980044590257,0.2549090606327481,0.25734767025089605,0.11165048543689321,-0.20934959349593496,-0.13262294109169825,0.2688020149142623,0.2623655913978495,0.17478510028653296,0.47611788617886175,0.05365919822317167,0.3365266305556822,0.3419354838709677,0.06666666666666667,-0.24390243902439024,-0.15627781592533252,-0.0006859488562783178,-0.002150537634408589,0.00027034015844285
1548,0.27854516164818144,0.28888888888888886,0.12085308056872038,-0.2178217821782178,-0.14169820527568133,0.2777191736295037,0.28888888888888886,0.12114014251781473,-0.22079207920792077,-0.1387737922962511,0.29219684114401645,0.28817204301075267,0.19498607242339833,0.48141660319878143,0.042539812428419754,0.36298189181274654,0.3727598566308244,0.07311320754716981,-0.23465346534653464,-0.1475470312345416,-0.0008259880186777258,0.0,0.0002870619490943499
1549,0.2836728194805789,0.28888888888888886,0.12028301886792453,-0.22677322677322675,-0.17070975979137104,0.28248746130741276,0.2896057347670251,0.12142857142857143,-0.22377622377622375,-0.15886571543053507,0.28942845631129765,0.27956989247311825,0.1657142857142857,0.3808083808083808,0.04840506088409269,0.3660979635780495,0.37706093189964157,0.06904761904761905,-0.24275724275724275,-0.15886571543053507,-0.0011853581731661178,0.0007168458781362519,0.001145552560646898
1550,0.27732396487252564,0.2910394265232975,0.11835748792270531,-0.22011952191235062,-0.13343353684000525,0.2768664243292769,0.28888888888888886,0.11893203883495146,-0.2211155378486056,-0.1275362955924546,0.2900971163884715,0.27885304659498206,0.16470588235294117,0.43575697211155373,0.0847643893193657,0.3568878556282643,0.36057347670250894,0.0412621359223301,-0.23306772908366535,-0.1275362955924546,-0.0004575405432487578,-0.0021505376344086446,0.0005745509122461467
1551,0.27325700888601384,0.2802867383512545,0.10648148148148148,-0.23686818632309214,-0.16581462435720562,0.2714753610390185,0.2745519713261649,0.10648148148148148,-0.23785926660059464,-0.16581462435720562,0.2810343094458036,0.2731182795698925,0.1452513966480447,0.39088206144697724,0.050007107320540145,0.35341433724272703,0.35985663082437275,0.052873563218390804,-0.2537165510406343,-0.17456415401981684,-0.00178164784699536,-0.0057347670250896265,0.0
1552,0.2734812097146852,0.2731182795698925,0.12189054726368159,-0.23146292585170336,-0.15213329615170113,0.2727014753873837,0.27598566308243727,0.12219451371571072,-0.23246492985971945,-0.1490936977133296,0.28792310160097245,0.2824372759856631,0.17699115044247787,0.41097579774934484,0.039361405465699884,0.3550752170893843,0.36415770609319,0.060453400503778336,-0.2354709418837675,-0.13693530395984377,-0.0007797343273014956,0.0028673835125447855,0.0003039664520291252
1553,0.2516879451809119,0.25734767025089605,0.06818181818181818,-0.23029682702149434,-0.15115440115440115,0.25127271586013034,0.25949820788530464,0.0683371298405467,-0.22927328556806548,-0.14829463465827109,0.27215275148290674,0.26594982078853047,0.13370473537604458,0.33989449649633885,0.08048668503213952,0.33872095359553767,0.35197132616487453,0.05263157894736842,-0.2599795291709315,-0.19691066509248323,-0.0004152293207815849,0.002150537634408589,0.00015531165872852137
1554,0.25206154885736315,0.25519713261648747,0.11138613861386139,-0.2234468937875751,-0.15554720225260732,0.25104547950733636,0.25448028673835127,0.11166253101736973,-0.2234468937875751,-0.15251216884809693,0.27560162983643666,0.26666666666666666,0.15339233038348082,0.31188090466647583,0.041729969040571024,0.3389345566641557,0.34910394265232975,0.04962779156327544,-0.25050100200400804,-0.15251216884809693,-0.0010160693500267937,-0.0007168458781361964,0.00027639240350833816
1555,0.2534524804379866,0.2623655913978495,0.11574074074074074,-0.23303834808259583,-0.13813291139240513,0.2522285932034508,0.2623655913978495,0.12183908045977011,-0.2359882005899705,-0.146756329113924,0.2707787505522789,0.26810035842293906,0.17174515235457063,0.4969769242034352,0.06595464135021101,0.33271803214155776,0.3426523297491039,0.05909090909090909,-0.24877089478859393,-0.1611286919831223,-0.0012238872345358143,0.0,0.006098339719029372
1556,0.2710320339463758,0.27741935483870966,0.09925558312655088,-0.23054187192118225,-0.14985994397759106,0.27000852384238644,0.2745519713261649,0.09925558312655088,-0.23251231527093597,-0.14985994397759106,0.28240188810060207,0.2724014336917563,0.15428571428571428,0.232870577698164,0.01075616350758668,0.35734364510823485,0.36989247311827955,0.05185185185185185,-0.2403940886699507,-0.15592092916571088,-0.001023510103989378,-0.0028673835125447855,0.0
1557,0.2491434473417789,0.24874551971326164,0.10268948655256724,-0.2246520874751491,-0.14691052721964615,0.24756052203378529,0.24444444444444444,0.10268948655256724,-0.2246520874751491,-0.14691052721964615,0.2645467695279197,0.26021505376344084,0.17751479289940827,0.3120252841922822,0.0657358749785335,0.3364248620758638,0.3426523297491039,0.07637231503579953,-0.2554671968190855,-0.1768607247123476,-0.0015829253079936156,-0.004301075268817206,0.0
1558,0.27277535637141176,0.2810035842293907,0.09951456310679611,-0.2353515625,-0.1558955864674566,0.2716205279651766,0.27956989247311825,0.09951456310679611,-0.2353515625,-0.1558955864674566,0.278387473428843,0.26953405017921145,0.13411078717201166,0.4130859375,0.05076077623218267,0.3590486986969972,0.36774193548387096,0.05502392344497608,-0.2470703125,-0.1738657049630774,-0.0011548284062351533,-0.0014336917562724483,0.0
1559,0.26844418936324316,0.2716845878136201,0.10185185185185185,-0.2234580384226491,-0.14559723607987973,0.26637711146496895,0.2731182795698925,0.10232558139534884,-0.22446916076845302,-0.13982583199720688,0.2724874517667628,0.26594982078853047,0.1440443213296399,0.38076738864349957,0.05928760885500173,0.3483735858603443,0.35627240143369177,0.0518018018018018,-0.2568250758341759,-0.18022566057591594,-0.0020670778982742055,0.0014336917562723928,0.0004737295434969896
1560,0.24574256035046677,0.2523297491039427,0.10023866348448687,-0.22442899702085406,-0.12789999581922318,0.24421939808136672,0.24802867383512545,0.10023866348448687,-0.2264150943396226,-0.12789999581922318,0.26523434620676467,0.2637992831541219,0.18309859154929578,0.39611094431999266,0.05875663698315148,0.3289963118295073,0.33763440860215055,0.06744186046511629,-0.24528301886792447,-0.1599816045821314,-0.0015231622691000424,-0.004301075268817234,0.0
1561,0.2731867236586089,0.2817204301075269,0.12796208530805686,-0.23287671232876717,-0.1596031423540567,0.2722690323047898,0.2802867383512545,0.12941176470588237,-0.2367906066536204,-0.1684613300826222,0.2890836097446495,0.2817204301075269,0.18518518518518517,0.36790606653620356,0.05004063388866309,0.36122635471488684,0.3741935483870968,0.09198113207547169,-0.2514677103718199,-0.16550860083976704,-0.0009176913538190834,-0.0014336917562723928,0.001449679397825504
1562,0.2605851921576627,0.26523297491039427,0.0741687979539642,-0.22669283611383706,-0.11090444405501587,0.25993154464513846,0.26810035842293906,0.07435897435897436,-0.22669283611383706,-0.10787846820383007,0.2759717109041318,0.26738351254480286,0.11931818181818182,0.28508341511285573,0.007108614141231873,0.3509272310835452,0.35913978494623655,0.04589371980676329,-0.253189401373896,-0.1805018886322901,-0.0006536475125242247,0.0028673835125447855,0.00019017640501016453
1563,0.27473745373452707,0.2831541218637993,0.14285714285714285,-0.2248520710059172,-0.1456654360746733,0.273000352365926,0.2802867383512545,0.14285714285714285,-0.2248520710059172,-0.1456654360746733,0.28238580670014823,0.2752688172043011,0.19469026548672566,0.28402366863905326,0.03698583510067288,0.36000047104937377,0.36845878136200716,0.08663366336633663,-0.23076923076923073,-0.16088637533928551,-0.0017371013686010572,-0.0028673835125447855,0.0
1564,0.2774535136389107,0.2817204301075269,0.09669811320754718,-0.21961184882533202,-0.1500903369669615,0.2772597348439451,0.27885304659498206,0.09692671394799054,-0.21961184882533202,-0.1471619416067219,0.29640968700508097,0.2917562724014337,0.15774647887323945,0.30171533232362363,0.05196894288957399,0.3677534576332407,0.37706093189964157,0.0514018691588785,-0.2553626149131767,-0.16180391840792008,-0.00019377879496557116,-0.002867383512544841,0.00022860074044336876
1565,0.2735729043133328,0.27813620071684586,0.10904872389791183,-0.2328094302554028,-0.16801792209055277,0.2721786200327825,0.27741935483870966,0.10930232558139535,-0.2328094302554028,-0.16509350911112264,0.289879202991549,0.2853046594982079,0.1642651296829971,0.3045186640471512,0.07763276818158193,0.3577293149742801,0.36702508960573477,0.0625,-0.2514734774066798,-0.17094233506998302,-0.0013942842805503286,-0.0007168458781361964,0.00025360168348352585
1566,0.266916525810868,0.2731182795698925,0.1324200913242009,-0.2466539196940727,-0.18073749958248442,0.2656490994872524,0.2716845878136201,0.13272311212814644,-0.24569789674952203,-0.17782491065165829,0.28767244947491033,0.2824372759856631,0.17280453257790368,0.24027182057774799,0.06683255953772671,0.35205340057931495,0.35770609318996416,0.05673758865248227,-0.24187380497131927,-0.1370486656200942,-0.0012674263236155947,-0.0014336917562723928,0.0003030208039455362
1567,0.269657963672333,0.27885304659498206,0.09268292682926829,-0.2229795520934762,-0.12670922238328963,0.2684454495086726,0.27885304659498206,0.09290953545232274,-0.22200584225900677,-0.12375236302908532,0.2842262901854981,0.2752688172043011,0.14124293785310735,0.16605986198721479,0.03887490145215022,0.3533773055806851,0.36630824372759857,0.06074766355140187,-0.252190847127556,-0.17993269075896678,-0.0012125141636604164,0.0,0.0002266086230544445
1568,0.2719882626654197,0.2731182795698925,0.1267605633802817,-0.23481781376518218,-0.12581054551944326,0.27083720551437884,0.2731182795698925,0.1267605633802817,-0.23684210526315785,-0.12581054551944326,0.28752407413353553,0.2831541218637993,0.18528610354223432,0.289504355293829,0.04422389233708113,0.3470491925094788,0.35913978494623655,0.06775700934579439,-0.24291497975708498,-0.13157442476881687,-0.0011510571510408574,0.0,0.0
1569,0.28884854083390565,0.2896057347670251,0.1284153005464481,-0.22953904045155216,-0.14937500000000004,0.28829787763227416,0.28888888888888886,0.12876712328767123,-0.22953904045155216,-0.1461309523809523,0.2885786630564144,0.2824372759856631,0.17891373801916932,0.2955110114094122,0.022559523809523863,0.3771471155678414,0.3863799283154122,0.07967032967032966,-0.23047977422389465,-0.1428869047619048,-0.0005506632016314961,-0.0007168458781362519,0.00035182274122314006
1570,0.2769321521705186,0.2860215053763441,0.12468193384223919,-0.2288218111002921,-0.15139641074652221,0.27597689818486854,0.2853046594982079,0.125,-0.22784810126582278,-0.14830979434356306,0.28480640754011527,0.2824372759856631,0.17846153846153845,0.20731905225576108,0.05849350465470249,0.35997516848103595,0.36774193548387096,0.061224489795918366,-0.24732229795520932,-0.14830979434356306,-0.0009552539856500508,-0.0007168458781361964,0.00031806615776081015
1571,0.27045236162778163,0.2752688172043011,0.10550458715596331,-0.23833671399594325,-0.15212687829552685,0.26858471596585404,0.2738351254480287,0.10550458715596331,-0.24036511156186613,-0.15212687829552685,0.2780176250047921,0.26666666666666666,0.14864864864864866,0.42283866016117533,0.037834091115383606,0.3507990019226742,0.35842293906810035,0.05442176870748299,-0.2525354969574036,-0.16651786082665632,-0.0018676456619275972,-0.0014336917562723928,0.0
1572,0.27682694058987917,0.2824372759856631,0.11764705882352941,-0.22308438409311349,-0.1479238125625958,0.2754564346834618,0.2845878136200717,0.12307692307692308,-0.22308438409311349,-0.14483235395782923,0.27806502569016617,0.26953405017921145,0.17404129793510326,0.4304139250792985,0.012832034885266852,0.3635037675324788,0.37060931899641575,0.0639386189258312,-0.23957322987390883,-0.1479238125625958,-0.001370505906417352,0.002150537634408589,0.005429864253393674
1573,0.26358968891169965,0.26594982078853047,0.10178117048346055,-0.22308438409311349,-0.13267233817553425,0.2625307257914639,0.2637992831541219,0.10632911392405063,-0.2250242483026188,-0.13877921909660884,0.2748732620065211,0.26810035842293906,0.17647058823529413,0.45134173941157457,0.02916000623294035,0.3501125067506297,0.35555555555555557,0.07407407407407407,-0.25218234723569355,-0.16931362370198144,-0.0010589631202357341,-0.002150537634408589,0.004547943440590077
1574,0.2640608737880787,0.26881720430107525,0.0975,-0.20932539682539686,-0.1225288285421916,0.2628110771852797,0.26881720430107525,0.09774436090225563,-0.21031746031746035,-0.11952945627778588,0.2710550367119752,0.26021505376344084,0.16326530612244897,0.20545977011494254,0.048435390528931754,0.3478674317230538,0.35698924731182796,0.05121951219512195,-0.24503968253968256,-0.15252255118624825,-0.0012497966027990026,0.0,0.00024436090225563034
1575,0.2699023834937105,0.27741935483870966,0.1324200913242009,-0.2179616548940464,-0.1454348681621409,0.26922823251636346,0.27741935483870966,0.13470319634703196,-0.21897073662966704,-0.1454348681621409,0.28346116767629165,0.27813620071684586,0.20113314447592068,0.48676322193862404,0.09764528400892036,0.34609009850467387,0.3548387096774194,0.0774487471526196,-0.24621594349142284,-0.14829463465827109,-0.0006741509773470211,0.0,0.00228310502283105
1576,0.2743679777142413,0.2752688172043011,0.11707317073170732,-0.23313492063492058,-0.15778107799965158,0.27350191089516945,0.2752688172043011,0.11735941320293398,-0.2321428571428571,-0.15477293151119698,0.2843675706110328,0.2745519713261649,0.18674698795180722,0.240079365079365,0.07685434809981384,0.35961228363136116,0.36917562724014336,0.07766990291262135,-0.23511904761904767,-0.163797370976561,-0.0008660668190718646,0.0,0.0002862424712266609
1577,0.2520421541545585,0.25806451612903225,0.09523809523809523,-0.21893491124260356,-0.1324948024948025,0.2514788466494816,0.25806451612903225,0.10421836228287841,-0.2248520710059172,-0.14458073458073462,0.27156442304115214,0.2645161290322581,0.15,0.4595660749506904,0.045772695772695826,0.33497123036371124,0.3433691756272401,0.032418952618453865,-0.242603550295858,-0.13853776853776856,-0.0005633075050768821,0.0,0.008980267044783177
1578,0.257638538852277,0.27025089605734764,0.10421836228287841,-0.23809523809523814,-0.17404164090314145,0.25708516176185703,0.2709677419354839,0.10421836228287841,-0.23809523809523814,-0.17404164090314145,0.2635511350761526,0.25734767025089605,0.13095238095238096,0.3991941391941392,0.03179879611670999,0.3396764494903076,0.34767025089605735,0.05432098765432099,-0.24857142857142855,-0.1801861315604505,-0.0005533770904199709,0.0007168458781362519,0.0
1579,0.2596985404526854,0.2616487455197133,0.11822660098522167,-0.22482893450635388,-0.1199488573668005,0.25911467286009887,0.26093189964157704,0.11822660098522167,-0.2267839687194526,-0.1199488573668005,0.27312407324776466,0.26594982078853047,0.17302052785923755,0.43991062700740113,0.07278814062183869,0.3475806466917812,0.35842293906810035,0.07328605200945626,-0.25513196480938416,-0.17035699530229076,-0.0005838675925865511,-0.0007168458781362519,0.0
1580,0.28401860809885093,0.2924731182795699,0.11830357142857142,-0.2497387669801463,-0.16902850562981286,0.2832369908324678,0.2953405017921147,0.1185682326621924,-0.2507836990595611,-0.16617597990147004,0.3003077279061352,0.2974910394265233,0.16032608695652173,0.5560646250301422,0.05917355263760493,0.3668433075297398,0.3763440860215054,0.05605381165919283,-0.25600835945663536,-0.16332345417312744,-0.00078161726638315,0.0028673835125447855,0.00026466123362096916
1581,0.2788207551190063,0.2824372759856631,0.11645569620253164,-0.22179363548698172,-0.11523419956193381,0.27784668947263863,0.2824372759856631,0.11959287531806616,-0.22082931533269046,-0.10920906257989182,0.2952855477558235,0.2903225806451613,0.17647058823529413,0.25100450016072007,0.050457067444222625,0.36575355258864467,0.3734767025089606,0.04,-0.23529411764705888,-0.13029704201703907,-0.00097406564636765,0.0,0.0031371791155345163
1582,0.2728274242456957,0.27670250896057347,0.1506172839506173,-0.2262703739213806,-0.13493044822256572,0.2712953807224503,0.27813620071684586,0.1506172839506173,-0.2262703739213806,-0.13493044822256572,0.2745841085490081,0.2716845878136201,0.20699708454810495,0.42256648332239993,0.05076077623218267,0.3529006211839887,0.36200716845878134,0.10361445783132531,-0.24544582933844683,-0.16488064571526706,-0.00153204352324543,0.0014336917562723928,0.0
1583,0.26162824195615475,0.26810035842293906,0.0988235294117647,-0.22931206380857427,-0.15813577586206895,0.2602618654760466,0.26738351254480286,0.0988235294117647,-0.23230309072781652,-0.15813577586206895,0.2699395987424989,0.26594982078853047,0.14080459770114942,0.43528872840936644,0.06796875000000002,0.34371408468069586,0.3548387096774194,0.050808314087759814,-0.2442671984047856,-0.1816271551724138,-0.0013663764801081224,-0.0007168458781361964,0.0
1584,0.29826762308249893,0.3032258064516129,0.1375921375921376,-0.21696252465483234,-0.1280198467165108,0.29673513515477734,0.3032258064516129,0.13725490196078433,-0.21794871794871795,-0.13099344410438285,0.3057938507249701,0.2960573476702509,0.20273972602739726,0.34056541748849445,-0.003128756425886059,0.3781022277407717,0.3863799283154122,0.09443099273607748,-0.2435897435897436,-0.14586143104374294,-0.001532487927721593,0.0,-0.0003372356313532665
1585,0.2405629017247717,0.24802867383512545,0.11556603773584906,-0.2416829745596869,-0.16291974307775803,0.240158109456837,0.24659498207885305,0.11556603773584906,-0.2416829745596869,-0.16291974307775803,0.2659565798591727,0.2530465949820789,0.17008797653958943,0.33861709067188517,0.08181576869559049,0.32778638109119396,0.33835125448028674,0.06398104265402843,-0.24853228962818008,-0.15702250183020738,-0.0004047922679347171,-0.0014336917562723928,0.0
1586,0.27773739900012484,0.27956989247311825,0.112,-0.2226487523992322,-0.14721746129963142,0.2761861266376416,0.2810035842293907,0.112,-0.2226487523992322,-0.14721746129963142,0.28482213449452176,0.2745519713261649,0.16339869281045752,0.42011383943345026,0.07242869111438444,0.37296105892969195,0.37921146953405016,0.07591623036649214,-0.24952015355086377,-0.16950040429815483,-0.001551272362483258,0.0014336917562724483,0.0
1587,0.29868281022631005,0.3103942652329749,0.12318840579710146,-0.2378109452736319,-0.15403121970237144,0.29744401180944235,0.3068100358422939,0.12771084337349398,-0.24079601990049748,-0.15701331855963263,0.3116135056976872,0.30824372759856633,0.18128654970760233,0.3033404406538735,0.060679898020426726,0.3832278713087166,0.3921146953405018,0.06569343065693431,-0.24477611940298505,-0.14508492313058818,-0.0012387984168676924,-0.0035842293906810374,0.004522437576392521
1588,0.27106754283403356,0.2731182795698925,0.12406947890818859,-0.23546798029556648,-0.16052011439999436,0.2701384421680772,0.26738351254480286,0.12437810945273632,-0.23448275862068968,-0.15747131259308988,0.28674221552650486,0.27813620071684586,0.1887905604719764,0.45582922824302136,0.03460320124189731,0.3621801516174634,0.36989247311827955,0.0875,-0.24334975369458123,-0.1513737089792807,-0.0009291006659563616,-0.0057347670250896265,0.00030863054454773053
1589,0.2647945956417625,0.26953405017921145,0.10858585858585859,-0.2277131782945736,-0.16338110558642882,0.2639680712036415,0.2709677419354839,0.10997442455242967,-0.22286821705426352,-0.1479238125625958,0.27376808742437453,0.26666666666666666,0.15568862275449102,0.24642218246869407,0.02828932790909977,0.3468656361468109,0.353405017921147,0.046153846153846156,-0.2393410852713178,-0.14483235395782923,-0.0008265244381209791,0.0014336917562724483,0.0013885659665710814
1590,0.26814285154600787,0.2738351254480287,0.13466334164588528,-0.22624877571008817,-0.12811397707231043,0.2676781312529847,0.2752688172043011,0.14108910891089108,-0.22820763956905,-0.1371252204585538,0.2799374817579671,0.26881720430107525,0.21621621621621623,0.44202307106322775,0.07614087301587302,0.34433055004224555,0.34767025089605735,0.0798004987531172,-0.24289911851126345,-0.12811397707231043,-0.00046472029302319084,0.0014336917562723928,0.006425767265005794
1591,0.2587149492119543,0.2630824372759857,0.12077294685990338,-0.2232232232232232,-0.13343353684000525,0.2583935698810574,0.26594982078853047,0.12106537530266344,-0.2222222222222222,-0.13048491621622993,0.27514605642168377,0.2637992831541219,0.18181818181818182,0.36354536354536354,0.049380941834062386,0.33744274962734255,0.34480286738351257,0.06682577565632458,-0.23623623623623624,-0.14817663995888153,-0.0003213793308969315,0.0028673835125447855,0.0002924284427600621
1592,0.2794388392856657,0.2831541218637993,0.11082474226804123,-0.2231800766283525,-0.1386494367482961,0.27852540937484854,0.2824372759856631,0.11082474226804123,-0.22413793103448276,-0.1386494367482961,0.2893460707126573,0.2831541218637993,0.1787878787878788,0.29118773946360155,0.04065516232816613,0.3708134928441188,0.38064516129032255,0.06870229007633588,-0.22988505747126442,-0.15410672977212891,-0.0009134299108171651,-0.0007168458781361964,0.0
1593,0.2845310945189419,0.2917562724014337,0.12951167728237792,-0.2331223628691983,-0.15086726998491706,0.28405514281760785,0.2896057347670251,0.13034188034188035,-0.2310126582278481,-0.14264705882352946,0.29679076205852456,0.2910394265232975,0.19458128078817735,0.2291463810451152,0.027237305178481663,0.36080194634464496,0.3720430107526882,0.0824524312896406,-0.259493670886076,-0.15634741075917546,-0.00047595170133402087,-0.002150537634408589,0.0008302030595024323
1594,0.2729576648466456,0.27956989247311825,0.13138686131386862,-0.23671497584541068,-0.158151455026455,0.27269074952719563,0.27885304659498206,0.13138686131386862,-0.23671497584541068,-0.158151455026455,0.28149880863044346,0.2745519713261649,0.17478510028653296,0.4201690821256039,0.0280809082892417,0.36135756864484114,0.3720430107526882,0.0774818401937046,-0.24927536231884062,-0.16415895061728392,-0.0002669153194499452,-0.0007168458781361964,0.0
1595,0.27708358177371034,0.2860215053763441,0.13425925925925927,-0.2187182095625636,-0.1307303185384764,0.27579422178454077,0.2853046594982079,0.1345707656612529,-0.2187182095625636,-0.12786690375215704,0.2908612441662241,0.2860215053763441,0.2032520325203252,0.3282081092864409,0.04966481299964043,0.35637347903104144,0.36702508960573477,0.08695652173913043,-0.22482197355035605,-0.14504739247007292,-0.0012893599891695695,-0.0007168458781361964,0.000311506401993622
1596,0.27493780387808264,0.2831541218637993,0.12926829268292683,-0.22352941176470587,-0.15514770723104054,0.2741421354432121,0.2831541218637993,0.1295843520782396,-0.2245098039215686,-0.15214395943562609,0.29514604448739934,0.2838709677419355,0.18155619596541786,0.3113590263691683,0.03408840388007062,0.36057966294216653,0.36630824372759857,0.05486284289276808,-0.23529411764705888,-0.12811397707231043,-0.0007956684348705556,0.0,0.00031605939531276217
1597,0.28999145865602954,0.2939068100358423,0.1261904761904762,-0.22502522704339056,-0.1485604878740604,0.28849977454623016,0.2939068100358423,0.12649164677804295,-0.22401614530776992,-0.14561595450831022,0.2948267407230511,0.28817204301075267,0.16531165311653118,0.29614921389277693,0.0016107137792005233,0.37739039516928363,0.385663082437276,0.07380952380952381,-0.23208879919273462,-0.1485604878740604,-0.001491684109799385,0.0,0.0003011705875667625
1598,0.2686491683003104,0.27741935483870966,0.0971563981042654,-0.218562874251497,-0.12663864413997072,0.2671594750587121,0.2752688172043011,0.09738717339667459,-0.220558882235529,-0.12373769717373906,0.27966236943004613,0.2738351254480287,0.1487603305785124,0.4649985742800114,0.04451722686769255,0.3505264030277691,0.35985663082437275,0.05057471264367816,-0.2425149700598802,-0.16435095470098116,-0.0014896932415982556,-0.002150537634408589,0.0002307752924091827
1599,0.2789555202321352,0.2853046594982079,0.14858490566037735,-0.24672708962739176,-0.1475470312345416,0.2782278458415786,0.2867383512544803,0.1572769953051643,-0.24874118831822756,-0.15339585719340199,0.29319676954482077,0.2817204301075269,0.1903409090909091,0.31877689279501964,0.06301070328443104,0.35467909791121327,0.36200716845878134,0.07857142857142857,-0.25276938569989926,-0.13584937931682095,-0.0007276743905565985,0.0014336917562723928,0.00869208964478696
1600,0.26002959028068157,0.26594982078853047,0.10392609699769054,-0.22107438016528924,-0.12624061970467204,0.2583537030960063,0.26666666666666666,0.10440835266821345,-0.22210743801652888,-0.12053556824798661,0.27612230102690133,0.26594982078853047,0.18256130790190736,0.4892561983471075,0.062026078365947646,0.3403083891172804,0.34838709677419355,0.06150341685649203,-0.24380165289256195,-0.14335577407472833,-0.001675887184675262,0.0007168458781361964,0.00048225567052291585
1601,0.28162262873366606,0.2896057347670251,0.13126491646778043,-0.2257742257742258,-0.16370301537097498,0.28026676006659657,0.2896057347670251,0.13126491646778043,-0.2287712287712288,-0.16370301537097498,0.27768058464526557,0.26810035842293906,0.18413597733711048,0.22838925780102248,0.032554412228578244,0.3607405310092579,0.36989247311827955,0.08393285371702638,-0.2317682317682318,-0.15775582059523097,-0.001355868667069493,0.0,0.0
1602,0.2776623638466526,0.2845878136200717,0.09424083769633508,-0.2210526315789474,-0.16950040429815483,0.27644124951819765,0.28745519713261647,0.09473684210526316,-0.22009569377990434,-0.1631338491557196,0.29184387405886514,0.2817204301075269,0.15217391304347827,0.4769736842105263,0.021496249974902404,0.37444243671794275,0.3842293906810036,0.06510416666666667,-0.2440191387559809,-0.17586695944059005,-0.001221114328454953,0.0028673835125447855,0.0004960044089280802
1603,0.2696161591873354,0.27885304659498206,0.15130023640661938,-0.23115577889447236,-0.1370486656200942,0.2679783260067512,0.27598566308243727,0.15130023640661938,-0.23417085427135675,-0.1370486656200942,0.27550097229192044,0.27025089605734764,0.21428571428571427,0.40654624473719947,0.03479408129864059,0.3439100954953043,0.34910394265232975,0.0851063829787234,-0.23417085427135675,-0.1370486656200942,-0.0016378331805841917,-0.0028673835125447855,0.0
1604,0.29181589458621915,0.2989247311827957,0.1345707656612529,-0.23460410557184752,-0.14520981894335017,0.2905233900598714,0.2953405017921147,0.1345707656612529,-0.23460410557184752,-0.14520981894335017,0.29739425029926964,0.2917562724014337,0.19452054794520549,0.42036028487641386,0.04549611642764351,0.36714613011280633,0.37132616487455194,0.07192575406032482,-0.2375366568914956,-0.14520981894335017,-0.0012925045263477708,-0.0035842293906810374,0.0
1605,0.263823757069148,0.26810035842293906,0.12266666666666666,-0.22148916116870876,-0.1143825062680861,0.26362306034045313,0.26881720430107525,0.12299465240641712,-0.2186616399622997,-0.11126143780322595,0.28299366382978836,0.2745519713261649,0.18495297805642633,0.4233034872761545,0.06039732776408735,0.35506276258818503,0.3655913978494624,0.07751937984496124,-0.2535344015080113,-0.15183532784640907,-0.00020069672869488242,0.0007168458781361964,0.0003279857397504582
1606,0.2848511014423147,0.2917562724014337,0.12010443864229765,-0.22020972354623447,-0.12586285259778995,0.2836825461699534,0.28745519713261647,0.12010443864229765,-0.2221163012392755,-0.12586285259778995,0.2823719003615306,0.2716845878136201,0.18787878787878787,0.4037385501720065,0.038242479334147594,0.36581117917162714,0.3727598566308244,0.07179487179487179,-0.22878932316491896,-0.14753714172087606,-0.0011685552723612602,-0.004301075268817234,0.0
1607,0.26851552079896784,0.2724014336917563,0.11943793911007025,-0.2258382642998028,-0.12869248514413,0.26684119656421157,0.27025089605734764,0.12558139534883722,-0.23274161735700194,-0.13733830401819058,0.27579385769912407,0.2637992831541219,0.20652173913043478,0.32908037475345164,0.04134195271239427,0.34599804981533533,0.35053763440860214,0.07009345794392523,-0.242603550295858,-0.13157442476881687,-0.0016743242347562748,-0.0021505376344086446,0.00614345623876697
1608,0.2772368881392461,0.2860215053763441,0.11779448621553884,-0.21268292682926826,-0.10170807453416153,0.27564828886878645,0.2810035842293907,0.12,-0.21463414634146338,-0.10467745450582977,0.29850948462388316,0.2946236559139785,0.1729106628242075,0.31804878048780494,0.052699683992590174,0.3645014377045442,0.3756272401433692,0.06954436450839328,-0.2526829268292683,-0.15515691402419096,-0.001588599270459623,-0.005017921146953375,0.002205513784461155
1609,0.26202160716578254,0.27025089605734764,0.07772020725388601,-0.20981713185755535,-0.10091660097141952,0.26103164467725604,0.26881720430107525,0.07772020725388601,-0.2107795957651588,-0.10091660097141952,0.27760196807864945,0.26810035842293906,0.13069908814589665,0.3007699711260827,0.07208030308567526,0.3492727935267552,0.36415770609319,0.048426150121065374,-0.25216554379210776,-0.18286250289320127,-0.000989962488526508,-0.0014336917562723928,0.0
1610,0.28871595987334925,0.2967741935483871,0.12871287128712872,-0.220703125,-0.15024213012043175,0.28802017691526755,0.2982078853046595,0.12935323383084577,-0.2236328125,-0.14419017841806014,0.29497995421179857,0.28745519713261647,0.17404129793510326,0.21061197916666663,0.04644630020664775,0.3741037752660145,0.3842293906810036,0.07444168734491315,-0.2333984375,-0.14721615426924595,-0.0006957829580817032,0.0014336917562724483,0.000640362543717049
1611,0.27785247625505366,0.2838709677419355,0.11910669975186104,-0.23269230769230764,-0.1367240525804687,0.276962486947596,0.2831541218637993,0.12219451371571072,-0.23173076923076918,-0.1307077596035594,0.28230484973726105,0.27741935483870966,0.19631901840490798,0.4676724137931034,0.09490322703054199,0.35460255502484717,0.35842293906810035,0.06699751861042183,-0.23269230769230764,-0.1367240525804687,-0.0008899893074576504,-0.0007168458781361964,0.0030878139638496754
1612,0.2708590430681852,0.2738351254480287,0.14492753623188406,-0.22509960159362552,-0.14367033404232532,0.2691111065646823,0.2724014336917563,0.14698795180722893,-0.22808764940239046,-0.14663551862676594,0.27889824292176213,0.27025089605734764,0.20679886685552407,0.4692520241614188,0.037205925608551405,0.35171466737454277,0.36129032258064514,0.08695652173913043,-0.24402390438247012,-0.14367033404232532,-0.0017479365035029115,-0.0014336917562723928,0.002060415575344865
1613,0.3009293166294212,0.3111111111111111,0.13106796116504854,-0.2487660414610069,-0.17982746948869077,0.2999484082614974,0.30752688172043013,0.13106796116504854,-0.24975320829220138,-0.17982746948869077,0.3147492371850656,0.3089605734767025,0.1810344827586207,0.17492596248766046,0.01441466839997707,0.3887590041130846,0.4021505376344086,0.0625,-0.24481737413622906,-0.14340706863456565,-0.000980908367923805,-0.003584229390680982,0.0
1614,0.2768825720582707,0.2838709677419355,0.12790697674418605,-0.2351778656126482,-0.152369150410404,0.2763668874326103,0.2831541218637993,0.1282051282051282,-0.23418972332015808,-0.14946434282059484,0.2959789260148436,0.2931899641577061,0.1875,0.45358554488989267,0.07420584159471266,0.3580211403884556,0.3634408602150538,0.05188679245283019,-0.2420948616600791,-0.13494030487154896,-0.0005156846256604286,-0.0007168458781361964,0.00029815146094214207
1615,0.2826995180520867,0.28817204301075267,0.13013698630136986,-0.23274161735700194,-0.17560761112887746,0.28186767324512424,0.28817204301075267,0.13043478260869565,-0.23076923076923073,-0.1727028035390683,0.286251612092061,0.27813620071684586,0.17438692098092642,0.3223111729899061,0.03063372774757489,0.3582216041386577,0.36989247311827955,0.07192575406032482,-0.25147928994082835,-0.15527395800021315,-0.0008318448069624673,0.0,0.00029779630732579276
1616,0.2707375148097308,0.2810035842293907,0.12470023980815348,-0.22266401590457252,-0.15515691402419096,0.26957079471870543,0.27813620071684586,0.12470023980815348,-0.22763419483101388,-0.15515691402419096,0.2774351241298655,0.26953405017921145,0.17714285714285713,0.3912524850894632,0.04379154407758523,0.34844831171211127,0.3541218637992832,0.06280193236714976,-0.2465208747514911,-0.14624877410918602,-0.001166720091025364,-0.002867383512544841,0.0
1617,0.2626002285667328,0.26594982078853047,0.10024449877750612,-0.2188715953307393,-0.10120435120435123,0.2608877392567531,0.2645161290322581,0.10679611650485436,-0.22276264591439687,-0.10996570479329093,0.2740823377707996,0.26881720430107525,0.18055555555555555,0.28988326848249024,0.04189775741499879,0.34524827763116256,0.34982078853046594,0.06976744186046512,-0.2529182879377432,-0.1625338263269297,-0.0017124893099796923,-0.0014336917562723928,0.006551617727348247
1618,0.27440491660041705,0.27813620071684586,0.1388888888888889,-0.2287712287712288,-0.14183265955714608,0.27394088830074503,0.2802867383512545,0.13924050632911392,-0.2287712287712288,-0.13877921909660884,0.28099641149133353,0.26881720430107525,0.18950437317784258,0.2445471195471196,0.019999684851328636,0.3590855152416354,0.3634408602150538,0.06887755102040816,-0.24575424575424576,-0.12961889771499702,-0.00046402829967201464,0.0021505376344086446,0.0003516174402250216
1619,0.27090364748420886,0.27598566308243727,0.12755102040816327,-0.23359073359073357,-0.1537297957560435,0.27008361610497494,0.27670250896057347,0.1278772378516624,-0.23262548262548266,-0.15063346873845973,0.2755443682995634,0.26810035842293906,0.18867924528301888,0.3325611325611325,0.07539840354515237,0.3517279199681343,0.3541218637992832,0.07908163265306123,-0.24034749034749037,-0.1537297957560435,-0.0008200313792339209,0.0007168458781361964,0.00032621744349914383
1620,0.2450018627439943,0.2530465949820789,0.12941176470588237,-0.23385518590998045,-0.17106211269635396,0.2438196458280766,0.24802867383512545,0.12941176470588237,-0.23483365949119372,-0.17106211269635396,0.2648648157461687,0.25591397849462366,0.1807909604519774,0.4181456238612592,0.03887490145215022,0.3347064235466,0.34623655913978496,0.08196721311475409,-0.2475538160469667,-0.17697583140476247,-0.0011822169159176887,-0.00501792114695343,0.0
1621,0.2679518792566717,0.2724014336917563,0.1330166270783848,-0.2269155206286837,-0.15407388120643217,0.26733558059382084,0.2731182795698925,0.1330166270783848,-0.2269155206286837,-0.15407388120643217,0.2695768058959532,0.26093189964157704,0.18487394957983194,0.34860741939211837,0.03463783871518589,0.341079076361302,0.35053763440860214,0.07875894988066826,-0.25049115913555997,-0.14817663995888153,-0.0006162986628508449,0.0007168458781361964,0.0
1622,0.2815003201731932,0.2845878136200717,0.0893719806763285,-0.2282282282282282,-0.14109964888928128,0.2812299945153024,0.28888888888888886,0.0893719806763285,-0.2272272272272272,-0.14109964888928128,0.29361590223074685,0.2896057347670251,0.14326647564469913,0.42767767767767767,0.051366071974301764,0.3725760089440616,0.3842293906810036,0.051643192488262914,-0.2482482482482482,-0.17663178197178886,-0.0002703256578908131,0.004301075268817178,0.0
1623,0.25749750681490546,0.26093189964157704,0.11320754716981132,-0.2344357976653697,-0.17070975979137104,0.2559611176343836,0.26021505376344084,0.11347517730496454,-0.2344357976653697,-0.16774874870116196,0.2726760061328368,0.26953405017921145,0.17630057803468208,0.5173881322957199,0.06024910524492866,0.3374737877950793,0.34551971326164876,0.0645933014354067,-0.24319066147859925,-0.15294369325011714,-0.0015363891805218466,-0.0007168458781361964,0.0002676301351532129
1624,0.2770143433676417,0.2853046594982079,0.13658536585365855,-0.23304680038204395,-0.16042272692724924,0.27551662309339636,0.2824372759856631,0.13658536585365855,-0.2368672397325693,-0.16042272692724924,0.29473935680454183,0.28888888888888886,0.19877675840978593,0.46045248328557786,0.08962045782749595,0.35617161244658246,0.36415770609319,0.0575,-0.2340019102196753,-0.13029704201703907,-0.0014977202742453288,-0.0028673835125447855,0.0
1625,0.2612901153296195,0.2616487455197133,0.12253829321663019,-0.23353293413173648,-0.14548838813079878,0.2602463764925843,0.26594982078853047,0.12389380530973451,-0.2295409181636726,-0.13156819299265032,0.2680470823220836,0.26093189964157704,0.17875647668393782,0.3176789278585686,0.05217838283090792,0.33793625011802136,0.34480286738351257,0.07142857142857142,-0.25149700598802394,-0.15940858326894702,-0.0010437388370351797,0.004301075268817178,0.001355512093104319
1626,0.25779665959897763,0.2645161290322581,0.11851851851851852,-0.2320916905444126,-0.12719232998702168,0.25671207349126907,0.25949820788530464,0.11851851851851852,-0.2320916905444126,-0.12719232998702168,0.278314200687016,0.2738351254480287,0.18562874251497005,0.49842039526853277,0.0845366888785154,0.34711240807581184,0.35555555555555557,0.07416267942583732,-0.25214899713467054,-0.16595961513141588,-0.0010845861077085628,-0.00501792114695343,0.0
1627,0.2757764425434048,0.2860215053763441,0.125,-0.23512195121951218,-0.14960070321120655,0.27555681308977237,0.2867383512544803,0.125,-0.23512195121951218,-0.14960070321120655,0.284369728490637,0.2724014336917563,0.17563739376770537,0.35878707976268953,0.037205925608551405,0.35429744013662345,0.36200716845878134,0.05339805825242718,-0.2448780487804878,-0.1377399648734441,-0.00021962945363240838,0.0007168458781361964,0.0
1628,0.2728919676710113,0.2802867383512545,0.11188811188811189,-0.236,-0.19609671140252027,0.27180473326899945,0.2810035842293907,0.11475409836065574,-0.235,-0.1901410374620086,0.28054493611282133,0.2731182795698925,0.16913946587537093,0.4408571428571429,0.07786428986101146,0.3533312815539945,0.35913978494623655,0.050724637681159424,-0.245,-0.15142915684868352,-0.0010872344020118607,0.0007168458781361964,0.002865986472543852
1629,0.27225177600438677,0.2810035842293907,0.10747663551401869,-0.23189823874755378,-0.15669292393430323,0.27144224076149154,0.27956989247311825,0.10747663551401869,-0.23287671232876717,-0.15669292393430323,0.2665007833185029,0.25591397849462366,0.14804469273743018,0.31560665362035223,0.04773865980762537,0.34124386326536005,0.34623655913978496,0.055299539170506916,-0.2534246575342466,-0.17421563111218286,-0.0008095352428952318,-0.0014336917562724483,0.0
1630,0.27556346712531526,0.2817204301075269,0.1076555023923445,-0.23189823874755378,-0.15294369325011714,0.27457960724909164,0.2817204301075269,0.11401425178147269,-0.23483365949119372,-0.16182672652074404,0.29958149875059636,0.2960573476702509,0.1810344827586207,0.4373776908023483,0.05432708306451062,0.3645237792871304,0.37706093189964157,0.07142857142857142,-0.2416829745596869,-0.15886571543053507,-0.000983859876223625,0.0,0.006358749389128185
1631,0.24481391198558608,0.24731182795698925,0.13986013986013987,-0.22064777327935226,-0.14694527290359172,0.24374651102464567,0.24874551971326164,0.1405152224824356,-0.2165991902834008,-0.1411433789711286,0.27292765329040763,0.26523297491039427,0.21606648199445982,0.3965587044534413,0.05031912080015566,0.3269662141112222,0.3347670250896057,0.08490566037735849,-0.25,-0.13244053807243394,-0.0010674009609404067,0.0014336917562723928,0.0006550826222957162
1632,0.27043379701909553,0.27598566308243727,0.12468827930174564,-0.22705314009661837,-0.13330961050806,0.2696396263255372,0.2745519713261649,0.125,-0.22512077294685995,-0.13029704201703907,0.2855809402277398,0.27885304659498206,0.18786127167630057,0.4265328874024526,0.032381656498096434,0.3585855748478922,0.36415770609319,0.06683168316831684,-0.2376811594202899,-0.14234731598112305,-0.0007941706935583603,-0.0014336917562723928,0.00031172069825435855
1633,0.28528098238913047,0.2924731182795699,0.10648148148148148,-0.2349397590361446,-0.153124688527858,0.2843328042945424,0.2931899641577061,0.10648148148148148,-0.23795180722891562,-0.153124688527858,0.2969139705707173,0.28745519713261647,0.1564245810055866,0.43749465948901983,0.06126117146749066,0.36529423632552527,0.38064516129032255,0.0502283105022831,-0.2620481927710844,-0.17050732582477823,-0.0009481780945880813,0.0007168458781361964,0.0
1634,0.2569557073309517,0.25878136200716845,0.11392405063291139,-0.2311411992263056,-0.11265888067283136,0.25636563456410016,0.26021505376344084,0.11421319796954314,-0.23210831721470015,-0.10965073418437665,0.27056065984938815,0.26021505376344084,0.17522658610271905,0.4152720544949962,0.07986249458826855,0.3393125287825674,0.34408602150537637,0.07281553398058252,-0.2475822050290135,-0.163797370976561,-0.0005900727668515238,0.0014336917562723928,0.00028914733663175374
1635,0.29255322998307953,0.2982078853046595,0.12048192771084337,-0.22341463414634144,-0.12373477872480476,0.291448929271553,0.2967741935483871,0.12048192771084337,-0.224390243902439,-0.12373477872480476,0.2974678184105198,0.28888888888888886,0.1907356948228883,0.556910569105691,0.01682819856669815,0.3752896098639366,0.385663082437276,0.0688836104513064,-0.23902439024390243,-0.14130515088624263,-0.0011043007115265069,-0.0014336917562724483,0.0
1636,0.2504144245067856,0.25806451612903225,0.11267605633802817,-0.22899999999999998,-0.14074992005116727,0.24935930977762455,0.25448028673835127,0.11294117647058824,-0.22799999999999998,-0.1378451124613581,0.27302963718039364,0.26523297491039427,0.1724137931034483,0.40575000000000006,0.0858250719539494,0.32951429892490486,0.33835125448028674,0.06060606060606061,-0.25,-0.14946434282059484,-0.001055114729161033,-0.003584229390680982,0.0002651201325600677
1637,0.26984787875757993,0.27813620071684586,0.11737089201877934,-0.2396226415094339,-0.17141405932547749,0.26901368575254475,0.27813620071684586,0.1179245283018868,-0.23773584905660372,-0.16550860083976704,0.2889574037348766,0.2817204301075269,0.16422287390029325,0.3685109637939826,0.07956792631721521,0.3544002817271825,0.36200716845878134,0.05476190476190476,-0.2396226415094339,-0.15369768386834615,-0.0008341930050351776,0.0,0.0005536362831074504
1638,0.28947451332140656,0.2982078853046595,0.14386792452830188,-0.23007063572149344,-0.11513713080168775,0.2881748078768878,0.2967741935483871,0.14622641509433962,-0.23309788092835515,-0.11513713080168775,0.2905743395348032,0.2831541218637993,0.21138211382113822,0.4788525299120657,0.04295886075949362,0.36277524453350257,0.36989247311827955,0.09006928406466513,-0.2452068617558022,-0.1410073839662448,-0.0012997054445187395,-0.0014336917562724483,0.0023584905660377353
1639,0.27485244617735954,0.27813620071684586,0.11166253101736973,-0.22342519685039375,-0.11867295017586998,0.2739451320691127,0.27956989247311825,0.11822660098522167,-0.22933070866141736,-0.1276064610866372,0.28540360862796693,0.27598566308243727,0.19186046511627908,0.3349268841394826,0.05701943106922103,0.36211412652019687,0.3655913978494624,0.06585365853658537,-0.24507874015748032,-0.13951780896766042,-0.0009073141082468483,0.0014336917562723928,0.006564069967851943
1640,0.2673824876174502,0.27956989247311825,0.12155963302752294,-0.24392712550607287,-0.1571400442452251,0.266378462331227,0.27885304659498206,0.12155963302752294,-0.24595141700404854,-0.1571400442452251,0.2794805026741265,0.2724014336917563,0.16761363636363635,0.4190283400809716,0.08525892722702899,0.3440842869141633,0.3541218637992832,0.0639269406392694,-0.25202429149797567,-0.16291144832789783,-0.0010040252862232313,-0.0007168458781361964,0.0
1641,0.2724223484427064,0.27813620071684586,0.1326530612244898,-0.221256038647343,-0.14292570009033423,0.27118067959232783,0.27741935483870966,0.13486005089058525,-0.22318840579710142,-0.1460027100271003,0.2861402914862457,0.27885304659498206,0.1751592356687898,0.3458937198067633,0.09708107497741647,0.3597116836936269,0.3655913978494624,0.07161125319693094,-0.24057971014492752,-0.13984869015356816,-0.0012416688503785744,-0.0007168458781361964,0.002206989666095449
1642,0.2794105461442382,0.2896057347670251,0.10843373493975904,-0.22427184466019412,-0.1287715517241379,0.2789490237337186,0.2910394265232975,0.11325301204819277,-0.22524271844660193,-0.1287715517241379,0.289939825151172,0.2867383512544803,0.16954022988505746,0.4734627831715211,0.06796875000000002,0.36489763083505805,0.3756272401433692,0.06542056074766354,-0.2504854368932039,-0.16694504310344827,-0.0004615224105196103,0.0014336917562723928,0.004819277108433731
1643,0.25590348783772654,0.26021505376344084,0.1038374717832957,-0.2260956175298805,-0.15973370064279158,0.2556574337341376,0.2616487455197133,0.10430839002267574,-0.22410358565737054,-0.15401416765053133,0.2705140026218162,0.2645161290322581,0.15135135135135136,0.2573342991669685,0.04902925357470811,0.3376973670436854,0.34982078853046594,0.058165548098434,-0.2639442231075697,-0.17117276662731207,-0.0002460541035889663,0.0014336917562724483,0.0004709182393800304
1644,0.3048080931215615,0.3103942652329749,0.13285024154589373,-0.232943469785575,-0.16188562596599698,0.30352549950052904,0.3111111111111111,0.13381995133819952,-0.232943469785575,-0.15290056671818653,0.31441243838971245,0.3068100358422939,0.1927710843373494,0.34424951267056525,0.0837059934741542,0.3855156259711518,0.3956989247311828,0.07389162561576355,-0.23684210526315785,-0.1379254679718359,-0.0012825936210324462,0.0007168458781361964,0.0009697097923057896
1645,0.2718645947390176,0.2752688172043011,0.11547911547911548,-0.22958693563880883,-0.1435244343930313,0.2702265739392745,0.2745519713261649,0.12039312039312039,-0.22958693563880883,-0.1435244343930313,0.2796741367383084,0.27670250896057347,0.1676300578034682,0.2223222862632085,0.039437273735714706,0.3567196518983212,0.36630824372759857,0.06506024096385542,-0.2603266090297791,-0.16751941250827662,-0.0016380207997430674,-0.0007168458781361964,0.004914004914004913
1646,0.2796499393820816,0.2867383512544803,0.12839506172839507,-0.23278370514064017,-0.13234318168956838,0.2786492284338409,0.2845878136200717,0.12871287128712872,-0.23084384093113486,-0.129352491584397,0.29549386903834296,0.28888888888888886,0.18475073313782991,0.3296475913352732,0.05906098504140489,0.36841008896354055,0.3835125448028674,0.07542579075425791,-0.23763336566440352,-0.15028732232059716,-0.001000710948240724,-0.002150537634408589,0.0003178095587336449
1647,0.2756286538144584,0.27956989247311825,0.12142857142857143,-0.2294288480154889,-0.1640650539391958,0.2740168792875767,0.2752688172043011,0.12200956937799043,-0.23039690222652465,-0.1581262939958592,0.2827006114945299,0.2738351254480287,0.1681159420289855,0.4439991895360093,0.058638443935926765,0.3583501073421526,0.36630824372759857,0.05755395683453238,-0.24491771539206197,-0.15515691402419096,-0.0016117745268817152,-0.004301075268817178,0.0005809979494190015
1648,0.2619578327341971,0.26810035842293906,0.09879518072289156,-0.2419825072886297,-0.17282181044192502,0.26108564658594574,0.2709677419354839,0.09927360774818401,-0.23906705539358597,-0.1668055174650156,0.26814199291087126,0.25806451612903225,0.1536144578313253,0.3784854601181131,0.07685434809981384,0.3441317531785068,0.35125448028673834,0.06428571428571428,-0.24586977648202135,-0.18786254288419846,-0.0008721861482513527,0.002867383512544841,0.0004784270252924522
1649,0.2663477762124628,0.2738351254480287,0.13947990543735225,-0.22189054726368163,-0.11716472664538258,0.2655025885496409,0.2724014336917563,0.13981042654028436,-0.22189054726368163,-0.11428278702069583,0.27844211142268216,0.26953405017921145,0.21703296703296704,0.3876174682144831,0.0528697112111417,0.34184187183239345,0.34408602150537637,0.07746478873239436,-0.2378109452736319,-0.12581054551944326,-0.000845187662821878,-0.0014336917562723928,0.00033052110293210757
1650,0.26344008092294513,0.2630824372759857,0.11435523114355231,-0.21550855991943607,-0.158151455026455,0.2623120751512528,0.26594982078853047,0.11463414634146342,-0.21550855991943607,-0.15514770723104054,0.2819487334907354,0.27885304659498206,0.17522658610271905,0.37320704390190795,0.08214836860670194,0.3511434947317406,0.36057347670250894,0.05867970660146699,-0.24874118831822756,-0.15214395943562609,-0.0011280057716923086,0.0028673835125447855,0.00027891519791110875
1651,0.2812461836143963,0.2903225806451613,0.1315136476426799,-0.21566731141199225,-0.1393347474901021,0.28070122100102024,0.2910394265232975,0.1315136476426799,-0.2166344294003868,-0.1393347474901021,0.2931746864386585,0.2824372759856631,0.21052631578947367,0.35747098646034814,0.044431930462180524,0.36443602947361864,0.36917562724014336,0.07920792079207921,-0.23404255319148937,-0.14234731598112305,-0.0005449626133760543,0.0007168458781361964,0.0
1652,0.2694752444854508,0.2731182795698925,0.12826603325415678,-0.23313492063492058,-0.15150502123981058,0.26836949493269313,0.2709677419354839,0.13095238095238096,-0.2321428571428571,-0.1485604878740604,0.2818336433506069,0.2745519713261649,0.17613636363636365,0.22499999999999998,0.05166778099695424,0.35043804737162176,0.3548387096774194,0.07398568019093078,-0.24404761904761907,-0.14561595450831022,-0.0011057495527576622,-0.002150537634408589,0.0026863476982241785
1653,0.2727449420464422,0.27813620071684586,0.10918114143920596,-0.23297137216189534,-0.1367240525804687,0.2719924509183177,0.27885304659498206,0.11,-0.23099703849950637,-0.1276996131151047,0.2771114389073322,0.27025089605734764,0.16224188790560473,0.29938703826993274,0.05579732268063109,0.3538761854955853,0.35913978494623655,0.06067961165048544,-0.24383020730503457,-0.163797370976561,-0.0007524911281244773,0.0007168458781361964,0.0008188585607940418
1654,0.26196865529363594,0.26666666666666666,0.12128712871287128,-0.23867924528301887,-0.17438702641854575,0.2618115136677596,0.26881720430107525,0.12219451371571072,-0.23679245283018868,-0.16518450768635462,0.2725488064848967,0.2645161290322581,0.16307692307692306,0.39070580013976247,0.06794596686248988,0.3409944616720959,0.34910394265232975,0.06281407035175879,-0.24716981132075466,-0.15598198895416338,-0.00015714162587632252,0.002150537634408589,0.0009073850028394337
1655,0.2661236756252796,0.27670250896057347,0.11428571428571428,-0.23535062439961574,-0.15112526058265696,0.2649003798465372,0.27598566308243727,0.1182033096926714,-0.239193083573487,-0.15997112245398282,0.2771770627255764,0.2731182795698925,0.15028901734104047,0.392507204610951,0.06707266557671399,0.3506378347497327,0.35985663082437275,0.04326923076923077,-0.23439000960614798,-0.13933077808755578,-0.001223295778742417,-0.0007168458781361964,0.003917595406957117
1656,0.2612201961781222,0.26810035842293906,0.12562814070351758,-0.2250470809792844,-0.15061162079510704,0.2602187607778216,0.2637992831541219,0.12562814070351758,-0.22693032015065917,-0.15061162079510704,0.28428913092644653,0.27741935483870966,0.19207317073170732,0.2739294194710554,0.06345565749235471,0.35127445638229765,0.36415770609319,0.07088607594936709,-0.24105461393596983,-0.14143730886850148,-0.001001435400300621,-0.004301075268817178,0.0
1657,0.26154089839405104,0.26738351254480286,0.11835748792270531,-0.23114593535749262,-0.15403121970237144,0.26071805681909643,0.26523297491039427,0.11835748792270531,-0.2301665034280117,-0.15403121970237144,0.27897284390699795,0.2745519713261649,0.18,0.43773852544834335,0.036823107162338053,0.34938361293328235,0.35627240143369177,0.06763285024154589,-0.25171400587659154,-0.15403121970237144,-0.0008228415749546025,-0.002150537634408589,0.0
1658,0.2786445559832701,0.2802867383512545,0.12990196078431374,-0.22699999999999998,-0.1676873358706491,0.278275603360699,0.2810035842293907,0.13022113022113022,-0.22499999999999998,-0.1646523024661387,0.2975357774061766,0.2953405017921147,0.21212121212121213,0.39159259259259266,0.06904526968116487,0.36677823520967934,0.37706093189964157,0.08270676691729323,-0.242,-0.14037203523005515,-0.00036895262257108374,0.0007168458781361964,0.0003191694368164799
1659,0.2595238243073501,0.2623655913978495,0.0851581508515815,-0.2364864864864865,-0.1634352954182703,0.2588481065858129,0.26093189964157704,0.08536585365853659,-0.2355212355212355,-0.16042272692724924,0.2737618931916734,0.26093189964157704,0.1348973607038123,0.4305019305019305,0.047444498953201575,0.3445988313079053,0.35197132616487453,0.05048076923076923,-0.22393822393822393,-0.17849813787337543,-0.0006757177215371835,-0.0014336917562724483,0.00020770280695509014
1660,0.2567380321321045,0.26594982078853047,0.11764705882352941,-0.24524714828897343,-0.16501240694789088,0.2557463913658018,0.2645161290322581,0.11735941320293398,-0.24619771863117867,-0.16804289954195084,0.25944535020359605,0.24946236559139784,0.15963855421686746,0.41534785736306645,0.06530503020066591,0.33780800107680964,0.34551971326164876,0.0705596107055961,-0.25095057034220536,-0.17410388473007077,-0.0009916407663027038,-0.0014336917562723928,-0.0002876456205954253
1661,0.2697175674059519,0.27956989247311825,0.11163895486935867,-0.24051896207584833,-0.1696502101467191,0.2684317627902827,0.27885304659498206,0.11190476190476191,-0.24051896207584833,-0.16667661275884715,0.2860316175540181,0.27598566308243727,0.1585014409221902,0.3693382465837555,0.050395996555810396,0.3557166801862137,0.3634408602150538,0.05741626794258373,-0.24750499001996007,-0.16072941798310292,-0.0012858046156691838,-0.0007168458781361964,0.0002658070354032427
1662,0.28958631658829176,0.2946236559139785,0.13613861386138615,-0.22480620155038755,-0.18259489700531717,0.2880244674539414,0.2924731182795699,0.13613861386138615,-0.22577519379844957,-0.18259489700531717,0.303372288342883,0.2924731182795699,0.19090909090909092,0.4876673713883016,0.04545832059557908,0.38306523254379615,0.3956989247311828,0.07633587786259542,-0.24321705426356588,-0.14869509438896777,-0.0015618491343503682,-0.002150537634408589,0.0
1663,0.2654282001100473,0.26953405017921145,0.1308411214953271,-0.2260956175298805,-0.1516116102742242,0.2648684364276621,0.26810035842293906,0.13176470588235295,-0.22410358565737054,-0.14287384348174625,0.27650192831240167,0.2731182795698925,0.18662952646239556,0.34346823233382257,0.04935702595277058,0.34560157037045236,0.35197132616487453,0.08120649651972157,-0.24302788844621515,-0.16034937706670238,-0.0005597636823851948,-0.0014336917562723928,0.0009235843870258609
1664,0.2719678299340599,0.27670250896057347,0.12280701754385964,-0.23228346456692917,-0.1377379736013512,0.2711444862250495,0.27741935483870966,0.12280701754385964,-0.23228346456692917,-0.1377379736013512,0.29368010663610916,0.2831541218637993,0.16379310344827586,0.401094680238141,0.016817148695706607,0.36636015792306004,0.37706093189964157,0.08737864077669903,-0.24606299212598426,-0.17713437732413062,-0.0008233437090103823,0.0007168458781361964,0.0
1665,0.26432153276998965,0.26666666666666666,0.11217183770883055,-0.2282282282282282,-0.1329249663373907,0.26266541140456545,0.26881720430107525,0.11217183770883055,-0.23123123123123124,-0.1329249663373907,0.2748601352318748,0.2630824372759857,0.16201117318435754,0.4278028028028028,0.04546422540785,0.34081698667194654,0.35125448028673834,0.05620608899297424,-0.24724724724724723,-0.15632027017283212,-0.0016561213654242013,0.002150537634408589,0.0
1666,0.29126607662993953,0.2967741935483871,0.12903225806451613,-0.22634146341463413,-0.10852852689698267,0.29032651769373685,0.3003584229390681,0.12967581047381546,-0.22341463414634144,-0.10260650471656463,0.29359473225548516,0.2802867383512545,0.18980169971671387,0.24312769010043045,0.03952202761346579,0.3707526411382128,0.38064516129032255,0.072992700729927,-0.23902439024390243,-0.1322166156186544,-0.0009395589362026779,0.0035842293906810374,0.0006435524092993361
1667,0.26856896038310357,0.2716845878136201,0.10913705583756345,-0.2388201712654615,-0.14907971996386638,0.2666358738329432,0.27025089605734764,0.10913705583756345,-0.23977164605137968,-0.14907971996386638,0.2739621653906113,0.26666666666666666,0.15522388059701492,0.28001645794224295,0.032463866305329825,0.35427997567024033,0.3648745519713262,0.07635467980295567,-0.24167459562321603,-0.1860038392050587,-0.00193308655016039,-0.0014336917562724483,0.0
1668,0.2603175205608361,0.26594982078853047,0.10681818181818181,-0.23983739837398377,-0.1611286919831223,0.26021023738454807,0.26523297491039427,0.1070615034168565,-0.23882113821138207,-0.15825421940928264,0.27958387436064497,0.26953405017921145,0.15041782729805014,0.2977642276422764,0.07170358649789033,0.33976429455763457,0.35125448028673834,0.060267857142857144,-0.2642276422764228,-0.18412447257383968,-0.00010728317628805328,-0.0007168458781361964,0.00024332159867468395
1669,0.2725437404642574,0.27741935483870966,0.08958837772397095,-0.22718253968253965,-0.12038470915617883,0.27182288847055786,0.2738351254480287,0.08958837772397095,-0.22916666666666663,-0.12038470915617883,0.2895637538354891,0.27956989247311825,0.1518624641833811,0.2464116852414725,0.06728879248741038,0.3589473830445479,0.36702508960573477,0.04672897196261682,-0.2420634920634921,-0.16437068610389505,-0.0007208519936995339,-0.003584229390680982,0.0
1670,0.2579038440089477,0.2645161290322581,0.10077519379844961,-0.21498054474708173,-0.1328767123287672,0.2567346716254825,0.2623655913978495,0.10103626943005181,-0.21400778210116733,-0.12979009592580792,0.2686233822302324,0.26093189964157704,0.15123456790123457,0.46538109407186995,0.06158012105766175,0.34501594319548956,0.3548387096774194,0.05778894472361809,-0.23832684824902728,-0.1668294927613182,-0.0011691723834652001,-0.002150537634408589,0.0002610756316022006
1671,0.26984539986630296,0.2752688172043011,0.09975062344139651,-0.23084577114427862,-0.16518450768635462,0.26841279745456764,0.2731182795698925,0.09975062344139651,-0.22885572139303478,-0.16518450768635462,0.278499051630799,0.2738351254480287,0.16109422492401215,0.4371085747731928,0.055675941886234925,0.35367644347296123,0.35627240143369177,0.0594059405940594,-0.23880597014925375,-0.17438702641854575,-0.0014326024117353175,-0.002150537634408589,0.0
1672,0.24935329597713082,0.2537634408602151,0.11057692307692307,-0.22868217054263562,-0.1521875340525226,0.24830480112972197,0.25519713261648747,0.1111111111111111,-0.22868217054263562,-0.14624877410918602,0.26361653535453045,0.26093189964157704,0.16964285714285715,0.3969201759899434,0.08536286368094148,0.3326379806264039,0.34121863799283153,0.046228710462287104,-0.2267441860465116,-0.13734063419418108,-0.0010484948474088485,0.0014336917562723928,0.0005341880341880323
1673,0.26105762888210887,0.26810035842293906,0.12,-0.23735408560311289,-0.17106211269635396,0.2596125170713724,0.26523297491039427,0.12028301886792453,-0.2363813229571985,-0.16810525334214965,0.2566113663580209,0.24802867383512545,0.15819209039548024,0.3263992816521999,0.03887490145215022,0.3409302727243675,0.34910394265232975,0.08944954128440367,-0.2519455252918288,-0.20358756559260105,-0.0014451118107364769,-0.0028673835125447855,0.0002830188679245338
1674,0.28117412010126996,0.28888888888888886,0.1366906474820144,-0.23425196850393704,-0.16560042740897019,0.27982715720404977,0.2896057347670251,0.1366906474820144,-0.23425196850393704,-0.16560042740897019,0.2918439814192737,0.2831541218637993,0.17151162790697674,0.21483099673516426,0.052405545357407046,0.36564142271128197,0.3734767025089606,0.0681265206812652,-0.2391732283464567,-0.14768212827748706,-0.0013469628972201941,0.0007168458781362519,0.0
1675,0.25225012388762863,0.26021505376344084,0.10752688172043011,-0.24481327800829877,-0.16534084657957548,0.251272655707573,0.25878136200716845,0.10752688172043011,-0.24481327800829877,-0.16534084657957548,0.26742969813742673,0.25591397849462366,0.15503875968992248,0.3577178423236515,0.0515610873797554,0.3308041629010231,0.3419354838709677,0.05793991416309013,-0.24896265560165975,-0.16812164060469514,-0.0009774681800556184,-0.0014336917562723928,0.0
1676,0.27089509172266285,0.2810035842293907,0.11961722488038277,-0.2309197651663405,-0.15553107238008768,0.2710806687638376,0.2810035842293907,0.11990407673860912,-0.22994129158512722,-0.15256588779564706,0.2928818088293362,0.27885304659498206,0.16853932584269662,0.3239323126510878,0.028310371855229666,0.3552164558171833,0.36774193548387096,0.06921241050119331,-0.25048923679060664,-0.1584962569645283,0.00018557704117472262,0.0,0.00028685185822634185
1677,0.287342146002834,0.2946236559139785,0.11358024691358025,-0.21958456973293772,-0.14274034555737813,0.28712732076408354,0.2953405017921147,0.11576354679802955,-0.2225519287833828,-0.14574849204583273,0.30142526005661435,0.2931899641577061,0.1855072463768116,0.25707838773491587,0.03774844374990294,0.3755575207936441,0.3878136200716846,0.07389162561576355,-0.24530168150346188,-0.14574849204583273,-0.0002148252387504379,0.0007168458781361964,0.002183299884449305
1678,0.25843329629284995,0.26666666666666666,0.13625866050808313,-0.2178217821782178,-0.11411634480505439,0.2584272319252089,0.26666666666666666,0.14351851851851852,-0.21881188118811878,-0.11128160033028667,0.2780547619866709,0.2709677419354839,0.20320855614973263,0.4432343234323433,0.05313357920623907,0.335114516977138,0.33906810035842294,0.06422018348623854,-0.2386138613861386,-0.12262057822935746,-6.064367641056556e-06,0.0,0.007259858010435383
1679,0.28291482697840653,0.2853046594982079,0.12682926829268293,-0.2267326732673267,-0.14990554696891634,0.28203392313352244,0.2845878136200717,0.1271393643031785,-0.22574257425742572,-0.14691052721964615,0.2941865481769712,0.2831541218637993,0.16857142857142857,0.3022802280228023,0.02979563798729179,0.36981155438251534,0.3756272401433692,0.07263922518159806,-0.24059405940594059,-0.1588906062167268,-0.0008809038448840956,-0.0007168458781361964,0.00031009601049555857
1680,0.2781745791992121,0.2924731182795699,0.14180929095354522,-0.2295409181636726,-0.12629459343823646,0.2778681452860106,0.2924731182795699,0.14215686274509803,-0.22854291417165673,-0.12333358234802738,0.2690187605548782,0.25734767025089605,0.1876750700280112,0.4669945822640433,0.027677983252629934,0.3450039417227138,0.35125448028673834,0.08133971291866028,-0.2544910179640718,-0.15294369325011714,-0.00030643391320150926,0.0,0.00034757179155281426
1681,0.29836796908745644,0.3096774193548387,0.14025974025974025,-0.228436018957346,-0.1401507380814342,0.29733719659817015,0.3060931899641577,0.14025974025974025,-0.228436018957346,-0.1401507380814342,0.3007046741963367,0.28888888888888886,0.20121951219512196,0.3612589622068295,0.03718146545957279,0.38080205756070296,0.3863799283154122,0.08093994778067885,-0.23412322274881514,-0.13392855550104799,-0.0010307724892862913,-0.0035842293906810374,0.0
1682,0.2732476378525428,0.27956989247311825,0.12378640776699029,-0.24011571841851498,-0.15066851146606752,0.2721588427441295,0.27813620071684586,0.12439024390243902,-0.23818707810993245,-0.14469574508890648,0.27386251358040054,0.26523297491039427,0.16857142857142857,0.32793314046930244,0.03448724622592403,0.35491086610843364,0.36702508960573477,0.08393285371702638,-0.25554484088717455,-0.16560042740897019,-0.0010887951084133096,-0.0014336917562723928,0.000603836135448732
1683,0.27633554367685553,0.27741935483870966,0.1186046511627907,-0.23293172690763053,-0.12991705390755282,0.27613628540821067,0.2802867383512545,0.1191588785046729,-0.23293172690763053,-0.1241755184748059,0.28637728340438473,0.27813620071684586,0.19788918205804748,0.4412794033275961,0.01649209962749154,0.3514644808986872,0.3634408602150538,0.08409090909090909,-0.24698795180722888,-0.15862473107128694,-0.00019925826864486407,0.002867383512544841,0.0005542273418821936
1684,0.27251550100729255,0.27741935483870966,0.10918114143920596,-0.2164846077457795,-0.123791062768843,0.2720171209162676,0.2745519713261649,0.10918114143920596,-0.2174776564051638,-0.123791062768843,0.28534096747121523,0.27813620071684586,0.17964071856287425,0.38029944236498353,0.08226937724321215,0.3506248627881839,0.3627240143369176,0.06779661016949153,-0.23435948361469716,-0.1536548946546481,-0.0004983800910249303,-0.0028673835125447855,0.0
1685,0.2670249604776765,0.27670250896057347,0.10070257611241218,-0.2416829745596869,-0.15377247273799,0.26605893655558743,0.2745519713261649,0.10093896713615023,-0.24070450097847362,-0.15085202154167665,0.27522905428741895,0.26810035842293906,0.14447592067988668,0.5559469449880409,0.06234091578919165,0.3531651796143266,0.3634408602150538,0.06787330316742081,-0.26027397260273977,-0.19757924068268895,-0.0009660239220890543,-0.002150537634408589,0.00023639102373805565
1686,0.2726123061297265,0.2802867383512545,0.102803738317757,-0.23570712136409233,-0.14153626366324457,0.27168933289629554,0.27956989247311825,0.10304449648711944,-0.23470411233701105,-0.1386391574470912,0.2748752011657935,0.2724014336917563,0.15466666666666667,0.43952788598353193,0.012010365792883504,0.3520897137287463,0.35913978494623655,0.041666666666666664,-0.24674022066198598,-0.153124688527858,-0.0009229732334309348,-0.0007168458781362519,0.00024075816936243444
1687,0.2746134835017074,0.27885304659498206,0.11274509803921569,-0.2202556538839725,-0.13099344410438285,0.27310763389699716,0.2802867383512545,0.11302211302211303,-0.21927236971484754,-0.1280198467165108,0.28290311862807965,0.27813620071684586,0.15988372093023256,0.4849434611602753,0.05931678871942647,0.3611050253983916,0.3734767025089606,0.06839622641509434,-0.24582104228121926,-0.17857100231033518,-0.0015058496047102299,0.0014336917562724483,0.00027701498289733895
1688,0.25927954971278727,0.2637992831541219,0.10473815461346633,-0.220558882235529,-0.11781829639168195,0.25783405623698935,0.2645161290322581,0.11221945137157108,-0.22455089820359286,-0.11781829639168195,0.2768995563314601,0.26810035842293906,0.1513353115727003,0.42140718562874246,0.07331022767747064,0.3491655506700157,0.36200716845878134,0.05980861244019139,-0.25149700598802394,-0.16858681059755065,-0.001445493475797921,0.0007168458781361964,0.007481296758104744
1689,0.2920222282742757,0.2953405017921147,0.12760416666666666,-0.21923076923076923,-0.13164366534544658,0.2899508676836436,0.2931899641577061,0.12760416666666666,-0.22115384615384615,-0.13164366534544658,0.2850672312994607,0.2745519713261649,0.1676300578034682,0.48653846153846153,-0.013797236285006509,0.3753100166436517,0.3827956989247312,0.0546875,-0.24423076923076925,-0.13164366534544658,-0.002071360590632121,-0.002150537634408589,0.0
1690,0.27486043488574646,0.2752688172043011,0.10224438902743142,-0.2191780821917808,-0.13591959242632612,0.2734985256833838,0.2731182795698925,0.1025,-0.2201565557729941,-0.1329025784743666,0.2766383885820026,0.26953405017921145,0.1642651296829971,0.37401556011646225,0.02699916097949162,0.35703163373777136,0.36702508960573477,0.07021791767554479,-0.24266144814090018,-0.1721237598498413,-0.0013619092023626767,-0.002150537634408589,0.0002556109725685707
1691,0.2780694149402144,0.2903225806451613,0.12941176470588237,-0.23076923076923073,-0.15813577586206895,0.27662278447775107,0.2896057347670251,0.12941176470588237,-0.23175542406311633,-0.15813577586206895,0.285332451499478,0.2738351254480287,0.18384401114206128,0.23632305616111282,0.03566810344827587,0.35773151866477126,0.3627240143369176,0.0535279805352798,-0.2268244575936884,-0.11702586206896548,-0.0014466304624633497,-0.0007168458781361964,0.0
1692,0.2719424049904602,0.27813620071684586,0.14055299539170507,-0.22596630327056488,-0.14637048528307484,0.27079791499159234,0.27598566308243727,0.1412037037037037,-0.22695738354806738,-0.14061409227062305,0.2888504036864718,0.2860215053763441,0.209366391184573,0.3924142179840891,0.057981466658964975,0.34814848226385625,0.35842293906810035,0.07906976744186046,-0.22993062438057488,-0.13485769925817126,-0.001144489998867848,-0.002150537634408589,0.0006507083119986212
1693,0.27649251377019296,0.27956989247311825,0.1026252983293556,-0.23166023166023164,-0.14561595450831022,0.2754597381810096,0.27670250896057347,0.1026252983293556,-0.2355212355212355,-0.14561595450831022,0.29074610308801496,0.2810035842293907,0.17261904761904762,0.30308880308880304,0.09878031484895755,0.3576625334631593,0.36129032258064514,0.054502369668246446,-0.2557915057915058,-0.15444955460556087,-0.0010327755891833545,-0.0028673835125447855,0.0
1694,0.25959306824697836,0.2645161290322581,0.07231920199501247,-0.23745173745173742,-0.12295036922548508,0.2582402975060699,0.2645161290322581,0.08188585607940446,-0.23938223938223935,-0.12894040872402546,0.27019415466457336,0.2645161290322581,0.14925373134328357,0.2876447876447876,0.07472093422634374,0.3444697756364856,0.35555555555555557,0.05263157894736842,-0.25386100386100385,-0.1738657049630774,-0.0013527707409084488,0.0,0.009566654084391987
1695,0.2792178687362916,0.2853046594982079,0.09923664122137404,-0.2322643343051506,-0.13003209633094892,0.2781169339907063,0.2853046594982079,0.10379746835443038,-0.23615160349854225,-0.13612969994475788,0.2851139434751157,0.27598566308243727,0.18397626112759644,0.5161690291880299,0.040700804855706374,0.3653898021562175,0.3720430107526882,0.06565656565656566,-0.24101068999028186,-0.13917850175166246,-0.0011009347455853136,0.0,0.004560827133056333
1696,0.27628404664447925,0.2810035842293907,0.107981220657277,-0.23201621073961498,-0.14326456887536843,0.2755998295858115,0.27956989247311825,0.10772833723653395,-0.23201621073961498,-0.14617325708033757,0.29063187417184816,0.2853046594982079,0.1620879120879121,0.26903073286052015,0.03707409983271703,0.3585385406475881,0.36630824372759857,0.04225352112676056,-0.2472137791286727,-0.14326456887536843,-0.0006842170586677798,-0.0014336917562724483,-0.00025288342074304693
1697,0.267125256770171,0.26810035842293906,0.14150943396226415,-0.23506366307541626,-0.16033862133706134,0.26631040382669785,0.26810035842293906,0.14150943396226415,-0.23702252693437809,-0.16033862133706134,0.28719381729292875,0.2824372759856631,0.21068249258160238,0.4283131168537632,0.09583578148320737,0.34791991872332395,0.35627240143369177,0.0815347721822542,-0.238001958863859,-0.13972688777680975,-0.0008148529434731655,0.0,0.0
1698,0.26517253159931664,0.26881720430107525,0.11085972850678733,-0.23178137651821862,-0.1568739341466614,0.26435907745629156,0.27025089605734764,0.11564625850340136,-0.23076923076923073,-0.15401416765053133,0.27827147545959163,0.2738351254480287,0.16266666666666665,0.2925101214574899,0.03473042109405744,0.3458434606067923,0.35627240143369177,0.0645879732739421,-0.25404858299595146,-0.1768922996195723,-0.000813454143025083,0.0014336917562723928,0.004786529996614039
1699,0.2636270376410158,0.2738351254480287,0.11029411764705882,-0.2317682317682318,-0.16234603352517507,0.26282779265244105,0.2716845878136201,0.11056511056511056,-0.2317682317682318,-0.15932005767398927,0.26438608293615606,0.25591397849462366,0.1572700296735905,0.35631035631035635,0.05249825190901947,0.3478335770066626,0.35627240143369177,0.07913669064748201,-0.2547452547452548,-0.18957981618584763,-0.0007992449885747543,-0.002150537634408589,0.0002709929180517434
1700,0.2734844774561905,0.2817204301075269,0.13202933985330073,-0.2203883495145631,-0.16537200937636098,0.2729909578004693,0.2845878136200717,0.1323529411764706,-0.22427184466019412,-0.16234603352517507,0.2811315925786875,0.2745519713261649,0.16905444126074498,0.3714199029126214,0.01618654169478939,0.3559120595479645,0.36702508960573477,0.07560975609756097,-0.2514563106796116,-0.1683979852275468,-0.0004935196557211974,0.0028673835125447855,0.0003236013231698587
1701,0.2727929300282801,0.2838709677419355,0.11031175059952038,-0.23362658846529816,-0.17087068521380733,0.2717469029772843,0.2831541218637993,0.11217183770883055,-0.23558162267839688,-0.1768607247123476,0.28909046688476336,0.2810035842293907,0.16467065868263472,0.279135440425763,0.07771595397561393,0.361751914364178,0.37132616487455194,0.07142857142857142,-0.2434017595307918,-0.17985574446161778,-0.001046027050995768,-0.0007168458781361964,0.0018600871093101684
1702,0.28419490249786006,0.28817204301075267,0.10648148148148148,-0.2255192878338279,-0.13813291139240513,0.28300658919353633,0.2867383512544803,0.11441647597254005,-0.2314540059347181,-0.15250527426160332,0.28379008556266266,0.2817204301075269,0.1876675603217158,0.27514414610021465,0.031460970464134985,0.3613471070299422,0.37060931899641575,0.0684931506849315,-0.24826904055390697,-0.15537974683544298,-0.0011883133043237293,-0.0014336917562723928,0.00793499449105857
1703,0.2725441079418267,0.27598566308243727,0.1342925659472422,-0.23615160349854225,-0.1474072378627197,0.27193397674253417,0.27598566308243727,0.13559322033898305,-0.23323615160349853,-0.13557980044590257,0.2874261868609711,0.27885304659498206,0.21098265895953758,0.3130135170951497,0.06252977628578449,0.35255354832988206,0.35770609318996416,0.06601466992665037,-0.24781341107871724,-0.12375236302908532,-0.0006101311992925407,0.0,0.0013006543917408464
1704,0.2756685525090999,0.2838709677419355,0.14878048780487804,-0.22840690978886757,-0.1630727179939625,0.2745405536493641,0.2831541218637993,0.14878048780487804,-0.23032629558541262,-0.1630727179939625,0.2811879074456297,0.27025089605734764,0.19767441860465115,0.3997266329320073,0.036050202835370304,0.347771839056944,0.35125448028673834,0.06153846153846154,-0.22552783109404995,-0.1027324389547708,-0.0011279988597358015,-0.0007168458781361964,0.0
1705,0.28679467775350953,0.28888888888888886,0.14216867469879518,-0.23748773307163884,-0.13383782104530928,0.28637254869458983,0.28888888888888886,0.14251207729468598,-0.23846908734052996,-0.1308932876795591,0.29597207677167137,0.2896057347670251,0.20221606648199447,0.4439156035328754,0.02516698070520218,0.3684435764425471,0.37777777777777777,0.0774818401937046,-0.2463199214916585,-0.12794875431380892,-0.00042212905891969577,0.0,0.0003434025958908016
1706,0.27453065324477216,0.28817204301075267,0.11748633879781421,-0.21636876763875823,-0.11037376048817704,0.27370097490743484,0.2824372759856631,0.11506849315068493,-0.2182502351834431,-0.1072064218517308,0.2837837789811969,0.2810035842293907,0.17834394904458598,0.3792454666363902,0.054327848607024776,0.36214632691082593,0.37132616487455194,0.07591623036649214,-0.24365004703668858,-0.1610511786713159,-0.0008296783373373251,-0.005734767025089571,-0.0024178456471292825
1707,0.2756118203485395,0.27885304659498206,0.1259259259259259,-0.2287644787644788,-0.17473196175021732,0.2748753265343205,0.27741935483870966,0.12623762376237624,-0.2287644787644788,-0.17166916923509223,0.2883920477704181,0.27813620071684586,0.1676470588235294,0.2876447876447876,0.02434955173291886,0.3688692517243132,0.38064516129032255,0.06345177664974619,-0.2422779922779923,-0.14104124408384044,-0.0007364938142189748,-0.0014336917562723928,0.00031169783645032534
1708,0.2750420909596206,0.2810035842293907,0.13930348258706468,-0.23414634146341462,-0.14155925155925153,0.27445758047192764,0.2810035842293907,0.14035087719298245,-0.23121951219512193,-0.1324948024948025,0.28318716506428754,0.2752688172043011,0.19461077844311378,0.28094413847364286,0.06390159390159389,0.35883927088123085,0.36415770609319,0.09113300492610837,-0.24780487804878049,-0.15364518364518365,-0.0005845104876929796,0.0,0.0010473946059177675
1709,0.26046045280753366,0.2637992831541219,0.1111111111111111,-0.23368421052631583,-0.16230700087610506,0.25916860743398995,0.2623655913978495,0.1130820399113082,-0.23578947368421055,-0.16514174535087278,0.28420908150644314,0.27741935483870966,0.17857142857142858,0.158204334365325,0.08148102395391588,0.3402672839841199,0.34695340501792116,0.0518018018018018,-0.2494736842105263,-0.14529853402749904,-0.0012918453735437097,-0.0014336917562723928,0.0019709288001971
1710,0.2635036627549632,0.26881720430107525,0.13365155131264916,-0.22757955641272898,-0.16894171398867686,0.263260563696569,0.27025089605734764,0.1339712918660287,-0.2295081967213115,-0.16595961513141588,0.27189581151221054,0.2630824372759857,0.1681159420289855,0.26705239472838316,0.051733601448643474,0.3421535350224414,0.34695340501792116,0.06067961165048544,-0.2420443587270974,-0.14806702198784927,-0.00024309905839414725,0.0014336917562723928,0.00031974055337954943
1711,0.27800398485416444,0.2824372759856631,0.09389671361502347,-0.23235294117647054,-0.14831556503198295,0.27645710144355784,0.2824372759856631,0.09433962264150944,-0.23039215686274506,-0.14248254525690873,0.28806871182553956,0.27885304659498206,0.16164383561643836,0.3566176470588235,0.02959153810778048,0.36712165115080114,0.37849462365591396,0.055299539170506916,-0.25,-0.17164764413227973,-0.0015468834106066032,0.0,0.0004429090264859714
1712,0.25470887849132673,0.25734767025089605,0.11294117647058824,-0.22495088408644404,-0.1253973217905252,0.25446137197757296,0.25878136200716845,0.11529411764705882,-0.22495088408644404,-0.1253973217905252,0.2669917103391753,0.2623655913978495,0.18435754189944134,0.2682383759004584,0.06794471497901089,0.33481436872551745,0.34408602150537637,0.08009153318077804,-0.25049115913555997,-0.1600257462865614,-0.0002475065137537702,0.0014336917562723928,0.0023529411764705854
1713,0.27484678096402426,0.27813620071684586,0.1192214111922141,-0.23129921259842523,-0.15290056671818653,0.27427530965044244,0.27956989247311825,0.1192214111922141,-0.2332677165354331,-0.15290056671818653,0.2828921772817981,0.2752688172043011,0.15634218289085547,0.2486407949006374,0.06274085522926331,0.35748907552618947,0.3720430107526882,0.0671462829736211,-0.24114173228346458,-0.17087068521380733,-0.0005714713135818172,0.0014336917562723928,0.0
1714,0.2868151639260205,0.2917562724014337,0.12354312354312354,-0.22977022977022976,-0.17506128816581235,0.2854428410924666,0.2917562724014337,0.12354312354312354,-0.2317682317682318,-0.17506128816581235,0.2997686684118701,0.2896057347670251,0.16761363636363635,0.34165834165834164,0.05166778099695424,0.3689623035339816,0.37992831541218636,0.05714285714285714,-0.24675324675324672,-0.1485604878740604,-0.0013723228335539295,0.0,0.0
1715,0.2718920256929228,0.2802867383512545,0.13110539845758354,-0.23591212989493793,-0.1444408147032924,0.2709683217171372,0.27741935483870966,0.13110539845758354,-0.23591212989493793,-0.1444408147032924,0.2886027981788475,0.2817204301075269,0.18885448916408668,0.34946786737617686,0.059916768457233816,0.3528986810833677,0.35770609318996416,0.05789473684210526,-0.23495702005730656,-0.11657387154503873,-0.0009237039757856169,-0.002867383512544841,0.0
1716,0.258442525546866,0.2623655913978495,0.13202933985330073,-0.22837706511175904,-0.14691052721964615,0.2571933450407283,0.2645161290322581,0.13202933985330073,-0.22643343051506315,-0.14691052721964615,0.27237496471425937,0.2645161290322581,0.18529411764705883,0.33000869520740633,0.059745835479993126,0.3462800975771669,0.3541218637992832,0.08495145631067962,-0.24586977648202135,-0.1558955864674566,-0.0012491805061376482,0.002150537634408589,0.0
1717,0.267439403905768,0.2724014336917563,0.13938053097345132,-0.24294354838709675,-0.15812730992875113,0.2666532388302076,0.2716845878136201,0.1403118040089087,-0.23891129032258063,-0.14966478233091518,0.2849512946815722,0.2802867383512545,0.19607843137254902,0.4052677832919769,0.10985273066938406,0.348118280787246,0.35913978494623655,0.08,-0.24193548387096775,-0.15248562486352712,-0.0007861650755603966,-0.0007168458781361964,0.0009312730354573695
1718,0.2825612555952615,0.28888888888888886,0.13202933985330073,-0.22807017543859653,-0.16537200937636098,0.28199771692316256,0.2867383512544803,0.12776412776412777,-0.22612085769980506,-0.15932005767398927,0.29666309131923224,0.2910394265232975,0.18541033434650456,0.6079922027290448,0.07670605871850611,0.3636538964233911,0.37132616487455194,0.0625,-0.22319688109161795,-0.13813822671568843,-0.0005635386720989621,-0.002150537634408589,-0.004265212089172965
1719,0.27425571844053226,0.2802867383512545,0.10669975186104218,-0.2206025267249757,-0.15251216884809693,0.2735169164136593,0.27885304659498206,0.10696517412935323,-0.22448979591836737,-0.14947713544358654,0.27859248148276283,0.27598566308243727,0.17302052785923755,0.41314382896015545,0.03565990223155002,0.3572116238412308,0.3648745519713262,0.07785888077858881,-0.2517006802721088,-0.1767924360841805,-0.0007388020268729867,-0.0014336917562724483,0.0002654222683110552
1720,0.2873699584802179,0.2917562724014337,0.1288782816229117,-0.22664015904572565,-0.13544836016576323,0.2859315047062447,0.28888888888888886,0.1330166270783848,-0.22862823061630222,-0.14130515088624263,0.2859134357127263,0.27741935483870966,0.18351063829787234,0.2528943983159865,-0.009527359675458591,0.36745943638454237,0.3741935483870968,0.08254716981132075,-0.23061630218687867,-0.1500903369669615,-0.001438453773973225,-0.002867383512544841,0.004138345455473091
1721,0.27602733074252583,0.2853046594982079,0.11864406779661017,-0.2349397590361446,-0.1668055174650156,0.27500368370314415,0.2860215053763441,0.1192214111922141,-0.2349397590361446,-0.16078922448810629,0.28166161694783326,0.2738351254480287,0.16863905325443787,0.19657006403994348,0.0588054691690858,0.3559090918108228,0.36200716845878134,0.05665024630541872,-0.2419678714859438,-0.14574849204583273,-0.001023647039381681,0.0007168458781361964,0.0005773433956039326
1722,0.2702916579774208,0.2817204301075269,0.10576923076923077,-0.21351616062683643,-0.12415172739910019,0.2689609257693347,0.2810035842293907,0.10551558752997602,-0.21449559255631734,-0.12707614037853032,0.2667616673379784,0.26093189964157704,0.15966386554621848,0.23059092393078684,0.048388638387280136,0.3416467410900644,0.34551971326164876,0.04018912529550828,-0.24877571008814892,-0.14462261825511136,-0.0013307322080860495,-0.0007168458781361964,-0.00025364323925475274
1723,0.25320919914225054,0.25949820788530464,0.11342592592592593,-0.22933070866141736,-0.14809930281260764,0.25213172619950175,0.25734767025089605,0.11421911421911422,-0.22637795275590555,-0.13943085120483523,0.27476876805400796,0.26810035842293906,0.17941176470588235,0.5123578302712161,0.1177332131590807,0.3358684626340659,0.3433691756272401,0.06004618937644342,-0.24901574803149606,-0.15098878668186522,-0.0010774729427487917,-0.002150537634408589,0.0007931882931882933
1724,0.2988761323530259,0.3053763440860215,0.1477832512315271,-0.22705314009661837,-0.16697475104513038,0.29754696278823417,0.3039426523297491,0.14814814814814814,-0.23091787439613531,-0.163930563192208,0.3136035508178706,0.30752688172043013,0.19642857142857142,0.21186073629851743,0.04611839865944023,0.3879184310536705,0.3978494623655914,0.06870229007633588,-0.23285024154589373,-0.12740030895713872,-0.0013291695647917323,-0.0014336917562723928,0.0003648969166210325
1725,0.28062602894059874,0.2896057347670251,0.11052631578947368,-0.23171889838556503,-0.13541705940755822,0.2791487996463538,0.2867383512544803,0.11052631578947368,-0.23266856600189934,-0.13541705940755822,0.2897464547744859,0.2853046594982079,0.15868263473053892,0.4757834757834758,0.008616061890578397,0.36650764628620747,0.3741935483870968,0.057291666666666664,-0.23741690408357075,-0.1479416786508745,-0.0014772292942449305,-0.002867383512544841,0.0
1726,0.2792119872738602,0.28745519713261647,0.11375661375661375,-0.2315789473684211,-0.16240762616411641,0.27881010420764835,0.2853046594982079,0.10904255319148937,-0.23062200956937795,-0.15601952327317015,0.29050463196270265,0.27885304659498206,0.16447368421052633,0.3842105263157895,0.07395218080089372,0.364909000875885,0.3763440860215054,0.053475935828877004,-0.24019138755980862,-0.14963142038222388,-0.0004018830662118611,-0.002150537634408589,-0.004714060565124384
1727,0.27906110020798375,0.2824372759856631,0.14248704663212436,-0.2188961646398503,-0.13515183365054118,0.27864039659702466,0.2810035842293907,0.14248704663212436,-0.2207670720299345,-0.13515183365054118,0.28592030914915606,0.2817204301075269,0.2080745341614907,0.3748453483810616,0.06301309547481748,0.3610016828477845,0.36774193548387096,0.07512953367875648,-0.23947614593077637,-0.13515183365054118,-0.0004207036109590834,-0.0014336917562723928,0.0
1728,0.26890393343755076,0.2738351254480287,0.11294117647058824,-0.23558162267839688,-0.15813577586206895,0.2687226200911558,0.27598566308243727,0.11374407582938388,-0.23362658846529816,-0.14932650862068964,0.28584808255634675,0.27598566308243727,0.16997167138810199,0.25317693059628543,0.0532866379310345,0.3520254914329938,0.36129032258064514,0.06635071090047394,-0.24242424242424243,-0.14932650862068964,-0.00018131334639498453,0.002150537634408589,0.0008028993587956418
1729,0.2792734900196345,0.2896057347670251,0.125,-0.23902439024390243,-0.15264109225117073,0.2781880518090131,0.28745519713261647,0.12529550827423167,-0.24195121951219511,-0.14970869378798957,0.2934327339146093,0.2896057347670251,0.20821114369501467,0.46689578713968966,0.09074798019285901,0.3623056116836566,0.36989247311827955,0.07345971563981042,-0.23414634146341462,-0.14677629532480851,-0.0010854382106213478,-0.0021505376344086446,0.00029550827423166504
1730,0.24510617936844095,0.25519713261648747,0.13253012048192772,-0.2319277108433735,-0.1287715517241379,0.24383529967674739,0.25448028673835127,0.1366906474820144,-0.2349397590361446,-0.1346443965517241,0.2589764556564496,0.25089605734767023,0.1893491124260355,0.3839905074844833,0.09733297413793107,0.32440685517455825,0.33046594982078853,0.07159904534606205,-0.24297188755020083,-0.14051724137931043,-0.001270879691693566,-0.0007168458781361964,0.004160527000086678
1731,0.25790561857056027,0.2616487455197133,0.12359550561797752,-0.24321608040201004,-0.1679547107606274,0.2575800248394925,0.2630824372759857,0.12359550561797752,-0.24321608040201004,-0.1679547107606274,0.26827593638063657,0.25663082437275986,0.1554959785522788,0.4305814788226848,0.038211153854363133,0.34526109242430947,0.3548387096774194,0.08,-0.25929648241206027,-0.18227178469222394,-0.0003255937310677748,0.0014336917562723928,0.0
1732,0.27496796197242407,0.2810035842293907,0.10983981693363844,-0.22255790533736153,-0.12062236620439959,0.27453360190124454,0.27813620071684586,0.11009174311926606,-0.22155085599194357,-0.11779460812688591,0.2865344278370787,0.2802867383512545,0.18085106382978725,0.4594914400805639,0.05187087652393296,0.3592673186537793,0.36989247311827955,0.07505518763796909,-0.24471299093655585,-0.16586649544461796,-0.00043436007117952924,-0.002867383512544841,0.0002519261856276239
1733,0.27803366238588134,0.2853046594982079,0.10741687979539642,-0.22307692307692306,-0.1560801327947452,0.2775856154993856,0.2824372759856631,0.10741687979539642,-0.22403846153846152,-0.1560801327947452,0.2815169451521993,0.2745519713261649,0.15709969788519637,0.22179487179487178,0.030288458113374217,0.36415725781048774,0.37060931899641575,0.06615776081424936,-0.2451923076923077,-0.16229241915834913,-0.0004480468864957454,-0.0028673835125447855,0.0
1734,0.2638400216969574,0.27598566308243727,0.11764705882352941,-0.23107971745711398,-0.1353414850386654,0.2627458914235406,0.27670250896057347,0.12,-0.23107971745711398,-0.1353414850386654,0.2860787213276664,0.2745519713261649,0.1864406779661017,0.4580965531892293,0.07062574956377676,0.34682845415398705,0.35985663082437275,0.06993006993006994,-0.2371342078708375,-0.14694527290359172,-0.0010941302734168157,0.0007168458781361964,0.0023529411764705854
1735,0.2903669106382307,0.2931899641577061,0.09950248756218906,-0.2229795520934762,-0.12852757307100293,0.2894034487555572,0.2924731182795699,0.09950248756218906,-0.22492697176241483,-0.12852757307100293,0.2977535440152254,0.2953405017921147,0.1642651296829971,0.3325731563573003,0.03643790147130899,0.37005294504832076,0.37992831541218636,0.06763285024154589,-0.24342745861733206,-0.164520040243871,-0.0009634618826735442,-0.0007168458781361964,0.0
1736,0.2623715089594071,0.2709677419354839,0.1182033096926714,-0.23174294060370004,-0.15739408797131105,0.26176987836451354,0.2709677419354839,0.1187648456057007,-0.2297955209347614,-0.15150502123981058,0.27437870497861766,0.26738351254480286,0.1752873563218391,0.514675198219502,0.06344591445995496,0.3431320301903393,0.34767025089605735,0.06382978723404255,-0.24245374878286274,-0.15739408797131105,-0.000601630594893543,0.0,0.0005615359130293068
1737,0.26026264765022394,0.26594982078853047,0.09549071618037135,-0.22665369649805445,-0.14244426917602682,0.2593283876328252,0.26738351254480286,0.09549071618037135,-0.22665369649805445,-0.14244426917602682,0.27127212674705975,0.2623655913978495,0.14521452145214522,0.42526403557531955,0.09154994696619434,0.34519904747647767,0.353405017921147,0.054404145077720206,-0.2529182879377432,-0.170903025193324,-0.0009342600173987692,0.0014336917562723928,0.0
1738,0.26860688795521964,0.2724014336917563,0.1261904761904762,-0.22977022977022976,-0.15112526058265696,0.2671694635710409,0.26738351254480286,0.12649164677804295,-0.2287712287712288,-0.14817663995888153,0.2733476583211336,0.2645161290322581,0.18548387096774194,0.3004995004995005,-0.009591470641443278,0.34967953910729277,0.35555555555555557,0.07600950118764846,-0.25274725274725274,-0.15407388120643217,-0.0014374243841787648,-0.00501792114695343,0.0003011705875667625
1739,0.289163227564343,0.2989247311827957,0.10649350649350649,-0.22352941176470587,-0.11610440778133468,0.28847066255179976,0.2946236559139785,0.10677083333333333,-0.22254901960784312,-0.11303690153727097,0.2912800506065953,0.27885304659498206,0.15072463768115943,0.27647058823529413,0.006595841981214989,0.37430478499033615,0.37992831541218636,0.05808080808080808,-0.23235294117647054,-0.14984697646603584,-0.0006925650125432226,-0.004301075268817234,0.00027732683982684136
1740,0.25399471757264136,0.26093189964157704,0.12718204488778054,-0.226027397260274,-0.1255282008065972,0.2533063990757667,0.25949820788530464,0.1306532663316583,-0.2250489236790607,-0.11653008401338028,0.27428372873189405,0.26810035842293906,0.20298507462686566,0.500402900886382,0.07243036864417718,0.33998494604844776,0.34623655913978496,0.07823960880195599,-0.2475538160469667,-0.14952317892184264,-0.0006883184968746736,-0.0014336917562723928,0.0034712214438777644
1741,0.28053852055179834,0.2838709677419355,0.11655011655011654,-0.23625843780135003,-0.16473231376815967,0.28013080255749406,0.28817204301075267,0.11682242990654206,-0.23336547733847635,-0.16180391840792008,0.30747149314912287,0.2996415770609319,0.18699186991869918,0.3356905603771564,0.010971407846218972,0.37026824527694946,0.37921146953405016,0.06413301662707839,-0.2468659594985535,-0.14130515088624263,-0.0004077179943042797,0.004301075268817178,0.00027231335642551036
1742,0.2652974657012321,0.2724014336917563,0.12106537530266344,-0.23168316831683167,-0.14327939413751767,0.2648340035145079,0.2716845878136201,0.12106537530266344,-0.23168316831683167,-0.14327939413751767,0.2784813287075067,0.2709677419354839,0.16569767441860464,0.40318246110325323,0.061607823907595116,0.35051966121499967,0.36129032258064514,0.0761904761904762,-0.2495049504950495,-0.1640650539391958,-0.00046346218672416173,-0.0007168458781361964,0.0
1743,0.2775826118674097,0.28817204301075267,0.13126491646778043,-0.22549019607843135,-0.1559047043403261,0.2761151496506405,0.28817204301075267,0.13126491646778043,-0.22549019607843135,-0.1559047043403261,0.28275988360422044,0.2724014336917563,0.1810344827586207,0.3541176470588235,0.05432708306451062,0.36225636879599965,0.36989247311827955,0.07159904534606205,-0.23921568627450984,-0.1559047043403261,-0.0014674622167691886,0.0,0.0
1744,0.27173507958212356,0.2802867383512545,0.13466334164588528,-0.21832358674463936,-0.1544225107861853,0.27027904855551027,0.27741935483870966,0.13466334164588528,-0.22027290448343084,-0.1544225107861853,0.28242784963752515,0.2724014336917563,0.182370820668693,0.33155601421855296,0.06509121931094275,0.34947811435886766,0.3548387096774194,0.04145077720207254,-0.2270955165692008,-0.10869048368261691,-0.0014560310266132914,-0.002867383512544841,0.0
1745,0.2625024634994011,0.2716845878136201,0.12562814070351758,-0.2322643343051506,-0.14262124822175093,0.26162267991099697,0.2709677419354839,0.12594458438287154,-0.23517978620019442,-0.13957706036882844,0.2644064895583741,0.26021505376344084,0.17484662576687116,0.318324155058849,0.07656027718866454,0.34091787948163094,0.34695340501792116,0.07017543859649122,-0.23906705539358597,-0.1456654360746733,-0.0008797835884041261,-0.0007168458781361964,0.00031644367935396156
1746,0.2881427111524103,0.2917562724014337,0.11778846153846154,-0.22829268292682925,-0.1521875340525226,0.28742946516896506,0.2917562724014337,0.1180722891566265,-0.22829268292682925,-0.14921815408085426,0.2914871102212078,0.2896057347670251,0.17971014492753623,0.3655749128919861,0.058638443935926765,0.3688579525810913,0.3763440860215054,0.07177033492822966,-0.24097560975609755,-0.1581262939958592,-0.0007132459834452431,0.0,0.00028382761816496405
1747,0.2787672742059966,0.2896057347670251,0.12562814070351758,-0.2238658777120316,-0.11910273368606694,0.27749432373131844,0.2903225806451613,0.1306532663316583,-0.2238658777120316,-0.11910273368606694,0.2800408158566244,0.26881720430107525,0.16138328530259366,0.3416649663334014,0.03408840388007062,0.35512146203089573,0.35913978494623655,0.054187192118226604,-0.23668639053254437,-0.1431327160493827,-0.0012729504746781806,0.0007168458781361964,0.005025125628140725
1748,0.2740907076904235,0.2824372759856631,0.11528822055137844,-0.22543352601156075,-0.14301450083658673,0.27315359038786585,0.2817204301075269,0.1175,-0.2302504816955684,-0.14605409927495816,0.28967865627136047,0.2802867383512545,0.17220543806646527,0.4078355812459859,0.06367819297267141,0.36303759593458024,0.36702508960573477,0.05569620253164557,-0.24855491329479773,-0.13085610708310091,-0.0009371173025576329,-0.0007168458781361964,0.0022117794486215536
1749,0.25283810387403405,0.25519713261648747,0.11083123425692695,-0.2235410484668645,-0.1290602991621309,0.25098233180519475,0.2530465949820789,0.11027568922305764,-0.2245301681503462,-0.13511225086450263,0.2710010039807661,0.26810035842293906,0.21630094043887146,0.3883829598553839,0.10696581723036458,0.3390680027975382,0.3426523297491039,0.08620689655172414,-0.2373887240356083,-0.15629408182280347,-0.001855772068839301,-0.002150537634408589,-0.0005555450338693146
1750,0.2553308729917116,0.2645161290322581,0.10304449648711944,-0.21492537313432836,-0.13116872587319783,0.25439453095704956,0.26594982078853047,0.10328638497652583,-0.2139303482587065,-0.12828302383186152,0.27286792445808744,0.2616487455197133,0.1501416430594901,0.5968618446230387,0.08237322518569257,0.34012836275079994,0.35125448028673834,0.07366071428571429,-0.25373134328358204,-0.1917684687412614,-0.0009363420346620299,0.0014336917562723928,0.00024188848940638608
1751,0.26061254183905513,0.26594982078853047,0.1016548463356974,-0.23460410557184752,-0.14462261825511136,0.2596077538712759,0.2645161290322581,0.1016548463356974,-0.23460410557184752,-0.14462261825511136,0.27371912473637783,0.26881720430107525,0.15954415954415954,0.3591764418377321,0.06593511626386117,0.3430924845987887,0.35125448028673834,0.05568445475638051,-0.260019550342131,-0.16801792209055277,-0.0010047879677792526,-0.0014336917562723928,0.0
1752,0.2474583000567105,0.25089605734767023,0.09662921348314607,-0.23440643863179078,-0.1456856022234343,0.24634882152345766,0.25161290322580643,0.09932279909706546,-0.23239436619718312,-0.140023117483571,0.26253141627787474,0.25161290322580643,0.13535911602209943,0.3573257728187306,0.08930751448089569,0.32493363662725305,0.33691756272401435,0.04212860310421286,-0.24446680080482897,-0.16267305644302443,-0.0011094785332528279,0.0007168458781361964,0.002693585613919386
1753,0.2735492620941319,0.2802867383512545,0.13466334164588528,-0.2454804947668887,-0.17061878952122855,0.2733698596124161,0.2752688172043011,0.13466334164588528,-0.24738344433872506,-0.17061878952122855,0.28283098249830674,0.27670250896057347,0.1926605504587156,0.421283759057308,0.057079945799457965,0.3572818794461217,0.36630824372759857,0.08396946564885496,-0.2321598477640342,-0.1460027100271003,-0.00017940248171577355,-0.00501792114695343,0.0
1754,0.27079521230516973,0.27885304659498206,0.13189448441247004,-0.2270955165692008,-0.1346443965517241,0.2696988248994002,0.2752688172043011,0.13221153846153846,-0.2300194931773879,-0.131707974137931,0.28556050946771716,0.27598566308243727,0.18497109826589594,0.37848374690479947,0.07384159482758623,0.35231660349299126,0.36129032258064514,0.07783018867924528,-0.23976608187134507,-0.15519935344827596,-0.0010963874057695056,-0.003584229390680982,0.00031705404906842705
1755,0.26049467663889936,0.2645161290322581,0.08293838862559241,-0.22482893450635388,-0.12415362636632443,0.25913356441209323,0.26523297491039427,0.09176470588235294,-0.22776148582600197,-0.1328449450147846,0.2786505543921004,0.2731182795698925,0.15989159891598917,0.32646429420622963,0.029393003089803638,0.3493356244307122,0.36129032258064514,0.04849884526558892,-0.25219941348973607,-0.15602179474401134,-0.001361112226806127,0.0007168458781361964,0.00882631725676053
1756,0.2701070573565616,0.2738351254480287,0.10526315789473684,-0.22580645161290325,-0.15294369325011714,0.2682686719578025,0.2745519713261649,0.10526315789473684,-0.22776148582600197,-0.15294369325011714,0.279674746913703,0.27025089605734764,0.16761363636363635,0.34051036682615626,0.04248303870367476,0.3544559689523835,0.3648745519713262,0.05755395683453238,-0.24926686217008798,-0.14998268215990818,-0.0018383853987590792,0.0007168458781361964,0.0
1757,0.28154952002238426,0.2917562724014337,0.13381995133819952,-0.22767419038272818,-0.15028732232059716,0.2806881136265311,0.28888888888888886,0.13381995133819952,-0.22767419038272818,-0.15028732232059716,0.28667202792158114,0.2817204301075269,0.2,0.393207626524604,0.03214477409486183,0.3624975494728422,0.37132616487455194,0.07990314769975787,-0.2463199214916585,-0.15626870253094016,-0.000861406395853137,-0.002867383512544841,0.0
1758,0.26841317172051665,0.27741935483870966,0.11442786069651742,-0.20783132530120485,-0.1233711113740541,0.26750300474155275,0.2738351254480287,0.11442786069651742,-0.20783132530120485,-0.1233711113740541,0.27555305644398426,0.26810035842293906,0.16666666666666666,0.3467202141900937,0.0560702949362335,0.3505421588258874,0.35698924731182796,0.06490384615384616,-0.23393574297188757,-0.16524077284645444,-0.0009101669789639,-0.003584229390680982,0.0
1759,0.28005836053711614,0.2953405017921147,0.11778846153846154,-0.23786407766990292,-0.14960070321120655,0.2790965925968856,0.2931899641577061,0.11694510739856802,-0.24077669902912624,-0.1584962569645283,0.29004697117341355,0.28817204301075267,0.18475073313782991,0.3760347470618294,0.07278814062183869,0.3595954440481462,0.37060931899641575,0.07416267942583732,-0.25533980582524274,-0.15553107238008768,-0.0009617679402305623,-0.002150537634408589,-0.0008433541398935179
1760,0.276280950145744,0.2838709677419355,0.13624678663239073,-0.22372227579556414,-0.13103020630197848,0.27458106459802584,0.2831541218637993,0.13659793814432988,-0.22275795564127288,-0.12795796097332401,0.29384753180299883,0.2845878136200717,0.20552147239263804,0.46801671488267443,0.0625212494032551,0.3629204311030069,0.36917562724014336,0.07672634271099744,-0.24108003857280613,-0.13717469695928752,-0.0016998855477181607,-0.0007168458781361964,0.00035115151193915173
1761,0.281436819609278,0.28745519713261647,0.14320987654320988,-0.224609375,-0.10689595122602769,0.28027681250134395,0.2867383512544803,0.14320987654320988,-0.2255859375,-0.10689595122602769,0.2875428207794955,0.27741935483870966,0.19327731092436976,0.35951450892857145,0.03463783871518589,0.3633578265541644,0.3734767025089606,0.10070257611241218,-0.2548828125,-0.17176560494908388,-0.001160007107934069,-0.0007168458781361964,0.0
1762,0.2645518240441111,0.27598566308243727,0.1225,-0.21490803484995158,-0.1513737089792807,0.2634420618274293,0.27598566308243727,0.1225,-0.21684414327202328,-0.1513737089792807,0.2794827330884785,0.2731182795698925,0.18654434250764526,0.3220563509451267,0.07118882292475193,0.3461737205893748,0.35125448028673834,0.05384615384615385,-0.22846079380445306,-0.12088569091023516,-0.0011097622166817978,0.0,0.0
1763,0.2775589579435988,0.2867383512544803,0.09653465346534654,-0.22266401590457252,-0.1371252204585538,0.2759758426111881,0.2860215053763441,0.0967741935483871,-0.22564612326043743,-0.13412147266313934,0.2792236349705115,0.27741935483870966,0.14984709480122324,0.43674793345192003,0.09416335978835977,0.35517949607112576,0.36129032258064514,0.05938242280285035,-0.2554671968190855,-0.1881889329805997,-0.0015831153324106784,-0.0007168458781361964,0.00023954008304055696
1764,0.26109663247702186,0.2637992831541219,0.1048780487804878,-0.21564694082246738,-0.13437125422251284,0.2602652496024465,0.2623655913978495,0.10513447432762836,-0.2146439317953862,-0.13140187425084449,0.2889154276404354,0.2867383512544803,0.19020172910662825,0.4770798883135894,0.052699683992590174,0.35163797373338856,0.36129032258064514,0.06067961165048544,-0.2457372116349047,-0.14031001416584943,-0.0008313828745753482,-0.0014336917562723928,0.00025642554714055965
1765,0.27380058430221965,0.2745519713261649,0.11435523114355231,-0.23228346456692917,-0.13991423626799893,0.2737509911709865,0.2752688172043011,0.11491442542787286,-0.23425196850393704,-0.1339670414922549,0.2971430923120071,0.2903225806451613,0.18654434250764526,0.5794497344808643,0.10986794431325075,0.3586473049741154,0.36774193548387096,0.07451923076923077,-0.24212598425196852,-0.1547822232073589,-4.95931312331499e-05,0.0007168458781361964,0.0005591942843205522
1766,0.26088282032668564,0.26738351254480286,0.11380145278450363,-0.22126436781609193,-0.1588906062167268,0.259227482701022,0.26523297491039427,0.11435523114355231,-0.21934865900383138,-0.15290056671818653,0.26894709467360045,0.2645161290322581,0.16666666666666666,0.28913837654816,0.05375579598145286,0.34791698052932807,0.35698924731182796,0.07838479809976247,-0.2586206896551724,-0.18285076421088786,-0.001655337625663611,-0.002150537634408589,0.0005537783590486844
1767,0.28012832564928636,0.2845878136200717,0.1366906474820144,-0.22437137330754353,-0.12707614037853032,0.2797408399089861,0.2845878136200717,0.13701923076923078,-0.22340425531914898,-0.12415172739910019,0.28728861562004093,0.2810035842293907,0.21022727272727273,0.3726627981947131,0.06301070328443104,0.35984642209103673,0.36702508960573477,0.08983451536643026,-0.23791102514506768,-0.14462261825511136,-0.00038748574030023075,0.0,0.00032858328721638297
1768,0.2621651650676284,0.26523297491039427,0.11888111888111888,-0.22099999999999997,-0.11726046690631575,0.26104633539559735,0.26738351254480286,0.12,-0.22199999999999998,-0.10583591952375881,0.28361868621463654,0.2731182795698925,0.1864406779661017,0.49092682926829273,0.09694979651662672,0.34376266282540496,0.35268817204301073,0.06378132118451026,-0.235,-0.1458218353627081,-0.0011188296720310298,0.002150537634408589,0.0011188811188811154
1769,0.28038171451544036,0.2860215053763441,0.10432569974554708,-0.23158914728682167,-0.13797845156871524,0.27923656015412207,0.2824372759856631,0.10459183673469388,-0.23158914728682167,-0.13491565905359004,0.2943792662887824,0.2853046594982079,0.14596273291925466,0.3960755813953488,0.07947981700517204,0.3717370475601012,0.37849462365591396,0.04987531172069826,-0.2335271317829457,-0.16248079168971663,-0.0011451543613182902,-0.003584229390680982,0.0002661369891468063
1770,0.28709127588788197,0.2917562724014337,0.14320388349514562,-0.22796934865900387,-0.15852129571505968,0.28578652720187514,0.2867383512544803,0.14390243902439023,-0.22892720306513414,-0.15252255118624825,0.28506969395315357,0.2752688172043011,0.1831831831831832,0.3330516114491774,0.0784291131729884,0.3607264404482708,0.36989247311827955,0.07407407407407407,-0.2385057471264368,-0.13752568986421987,-0.0013047486860068291,-0.00501792114695343,0.00069855552924461
1771,0.266229436560207,0.27025089605734764,0.10287081339712918,-0.23652694610778446,-0.150364097216924,0.2656260301631773,0.26810035842293906,0.10071942446043165,-0.23652694610778446,-0.1474072378627197,0.2880476221260532,0.2824372759856631,0.18208092485549132,0.4452761144377911,0.06252977628578449,0.34858132457151036,0.35197132616487453,0.04390243902439024,-0.2315369261477046,-0.12670922238328963,-0.0006034063970296599,-0.002150537634408589,-0.002151388936697529
1772,0.25799058464451297,0.25591397849462366,0.13215859030837004,-0.23146292585170336,-0.15642989292644094,0.25583515576449833,0.25448028673835127,0.1346578366445916,-0.23246492985971945,-0.15361929257962825,0.2625472480576956,0.25591397849462366,0.17268041237113402,0.24768140933028848,0.02906972996319146,0.33166756900233724,0.33906810035842294,0.0784313725490196,-0.24849699398797598,-0.17048289466050404,-0.0021554288800146315,-0.0014336917562723928,0.002499246336221561
1773,0.2608334211965136,0.26666666666666666,0.11435523114355231,-0.21978021978021978,-0.14768212827748706,0.2599588481225388,0.2616487455197133,0.11435523114355231,-0.22077922077922074,-0.14768212827748706,0.2836393399625861,0.27598566308243727,0.1834319526627219,0.20219780219780226,0.07032384448889006,0.34589637572299564,0.35268817204301073,0.05432098765432099,-0.23676323676323674,-0.12976382914600404,-0.0008745730739748159,-0.005017921146953375,0.0
1774,0.2680226694944433,0.2709677419354839,0.14285714285714285,-0.22987390882638215,-0.14637048528307484,0.2674245976480605,0.2716845878136201,0.14285714285714285,-0.22987390882638215,-0.14637048528307484,0.2865276951580328,0.27813620071684586,0.20596205962059622,0.31452473326867125,0.04071228762160961,0.3480725081000848,0.35197132616487453,0.07242990654205607,-0.23763336566440352,-0.12910130624571936,-0.0005980718463828305,0.0007168458781361964,0.0
1775,0.268492522983305,0.27598566308243727,0.12285012285012285,-0.22883064516129037,-0.1513850214541861,0.2676477260502429,0.27670250896057347,0.12561576354679804,-0.22782258064516125,-0.14837245296316515,0.2811716425309462,0.2738351254480287,0.17455621301775148,0.4488591660110149,0.056482204426264615,0.3560196169919603,0.3648745519713262,0.072992700729927,-0.23689516129032262,-0.1634352954182703,-0.0008447969330621086,0.0007168458781361964,0.0027656406966751895
1776,0.2823301747913407,0.28745519713261647,0.1075,-0.2246865959498554,-0.14076846619541117,0.28159918625099106,0.2860215053763441,0.1075,-0.22565091610414656,-0.14076846619541117,0.28949606200177264,0.2802867383512545,0.17765042979942694,0.41346274789317017,0.013786656101646644,0.3711122962400215,0.37992831541218636,0.07142857142857142,-0.24879459980713592,-0.15895142175977084,-0.0007309885403496419,-0.0014336917562723928,0.0
1777,0.2520498502869131,0.25089605734767023,0.10411622276029056,-0.22562141491395793,-0.1615206679794653,0.25117067226352613,0.2537634408602151,0.1048780487804878,-0.2217973231357553,-0.15252255118624825,0.2635872938587147,0.2537634408602151,0.16138328530259366,0.31901290630975143,0.03643790147130899,0.3404376106625799,0.34838709677419355,0.06954436450839328,-0.25047801147227533,-0.17351815703708806,-0.000879178023386995,0.002867383512544841,0.0007618260201972399
1778,0.2851101902912567,0.2917562724014337,0.12077294685990338,-0.24829600778967864,-0.164520040243871,0.2847311444378763,0.2924731182795699,0.12135922330097088,-0.24634858812074,-0.15852129571505968,0.30312713636415234,0.2953405017921147,0.16521739130434782,0.3795563269971635,0.042436646000120426,0.3752397919269629,0.37992831541218636,0.06082725060827251,-0.24440116845180138,-0.15552192345065396,-0.00037904585338044416,0.0007168458781361964,0.0005862764410674987
1779,0.24775267190418357,0.25161290322580643,0.13365155131264916,-0.2291870714985309,-0.14561595450831022,0.24701093196076568,0.2523297491039427,0.13493975903614458,-0.22526934378060726,-0.13383782104530928,0.2750983821490523,0.2731182795698925,0.18497109826589594,0.43842637936663403,0.06933498119145554,0.32561716314197797,0.33691756272401435,0.07600950118764846,-0.25269343780607245,-0.15150502123981058,-0.0007417399434178906,0.0007168458781362519,0.001288207723495416
1780,0.27444141723566046,0.2810035842293907,0.08080808080808081,-0.2264705882352941,-0.11566702716128607,0.2730896523095995,0.2810035842293907,0.08080808080808081,-0.2264705882352941,-0.11566702716128607,0.2734282509276395,0.26738351254480286,0.14035087719298245,0.38522650439486145,0.04677288321526707,0.3562847490452223,0.3648745519713262,0.043478260869565216,-0.24803921568627452,-0.1698136639534703,-0.0013517649260609832,0.0,0.0
1781,0.25484689896657126,0.26881720430107525,0.12826603325415678,-0.21878025169409487,-0.13624976556011037,0.25481427075339275,0.26738351254480286,0.12857142857142856,-0.21781219748305902,-0.13332931436379714,0.27134699572884513,0.2616487455197133,0.18662952646239556,0.4055047082636628,0.04481820861131203,0.33268029480869354,0.3426523297491039,0.07459207459207459,-0.2294288480154889,-0.15961337513061646,-3.262821317850939e-05,-0.0014336917562723928,0.00030539531727177827
1782,0.2761909071057359,0.2810035842293907,0.09181141439205956,-0.21818181818181814,-0.123791062768843,0.27382650113283513,0.27598566308243727,0.09181141439205956,-0.22424242424242424,-0.123791062768843,0.28095353570332465,0.2745519713261649,0.16138328530259366,0.4169191919191919,0.04344639579166554,0.361586270870118,0.36702508960573477,0.0413625304136253,-0.24545454545454548,-0.14768212827748706,-0.002364405972900774,-0.00501792114695343,0.0
1783,0.2521696306091689,0.26021505376344084,0.11627906976744186,-0.24257425742574257,-0.16766070912839937,0.25063054665812945,0.25519713261648747,0.11682242990654206,-0.24554455445544554,-0.16180391840792008,0.26908503304715425,0.26738351254480286,0.17579250720461095,0.15603960396039607,0.07539610577149114,0.33552730632407946,0.34480286738351257,0.06775700934579439,-0.24653465346534653,-0.16180391840792008,-0.001539083951039466,-0.005017921146953375,0.0005433601391001963
1784,0.2683086718759426,0.2738351254480287,0.09669211195928754,-0.21327014218009477,-0.12477691020635806,0.26765243713755826,0.27598566308243727,0.09718670076726342,-0.21042654028436014,-0.1186977133296152,0.27602101773103377,0.26594982078853047,0.18694362017804153,0.3981042654028436,0.04544060234244285,0.3569914275059531,0.3627240143369176,0.07425742574257425,-0.23791469194312798,-0.15821249302844398,-0.0006562347383843314,0.002150537634408589,0.0004945888079758848
1785,0.27202820439075553,0.2745519713261649,0.11083123425692695,-0.22868217054263562,-0.12125933654397592,0.27152935552134166,0.2738351254480287,0.1111111111111111,-0.2277131782945736,-0.11824676805295486,0.2863261140941167,0.2817204301075269,0.19117647058823528,0.5204979129397733,0.050457067444222625,0.3552418581518578,0.36057347670250894,0.0687960687960688,-0.2393410852713178,-0.1513850214541861,-0.0004988488694138704,-0.0007168458781361964,0.0002798768541841523
1786,0.25989376421789917,0.2616487455197133,0.13053613053613053,-0.22624877571008817,-0.17246751407428396,0.25948964698219945,0.2623655913978495,0.13053613053613053,-0.22722820763956908,-0.17246751407428396,0.26951217405790207,0.2623655913978495,0.17696629213483145,0.33157035586026773,0.04218660165266408,0.3414576046024606,0.34695340501792116,0.08411214953271028,-0.2546523016650343,-0.16952704673555863,-0.00040411723569971914,0.0007168458781361964,0.0
1787,0.26643766187087975,0.26953405017921145,0.1116751269035533,-0.23754789272030652,-0.1251968682075031,0.26637156271025575,0.2709677419354839,0.11139240506329114,-0.2385057471264368,-0.12823190161201337,0.29237531576426107,0.2853046594982079,0.19692307692307692,0.44745484400656815,0.08422043670371704,0.35456817298922333,0.3648745519713262,0.0812807881773399,-0.24425287356321834,-0.1616172690616282,-6.609916062400023e-05,0.0014336917562724483,-0.00028272184026216507
1788,0.273257974472383,0.27598566308243727,0.1076923076923077,-0.23719165085388993,-0.17509580203078656,0.27244253971497545,0.27741935483870966,0.1076923076923077,-0.2390891840607211,-0.17509580203078656,0.2873963029660162,0.2802867383512545,0.17207792207792208,0.37291271347248584,0.08291656743669129,0.3684659559973583,0.37849462365591396,0.07653061224489796,-0.24573055028462998,-0.18138878665194458,-0.0008154347574075294,0.0014336917562723928,0.0
1789,0.2556399627307721,0.2616487455197133,0.09955752212389381,-0.22497522299306238,-0.14596141479099678,0.2551300778676378,0.2616487455197133,0.09734513274336283,-0.22497522299306238,-0.14596141479099678,0.27184672147635625,0.2645161290322581,0.15803108808290156,0.39206663835008726,0.03909324758842436,0.33424651907824743,0.3426523297491039,0.05194805194805195,-0.2497522299306244,-0.17400000000000004,-0.0005098848631343023,0.0,-0.002212389380530977
1790,0.27548027461428776,0.2817204301075269,0.09523809523809523,-0.2321951219512195,-0.17455957697471158,0.2737736626064812,0.27813620071684586,0.09523809523809523,-0.2321951219512195,-0.17455957697471158,0.2826441860354874,0.2709677419354839,0.1267605633802817,0.2541720154043646,0.019555330283021366,0.3584076323550793,0.3720430107526882,0.05188679245283019,-0.2448780487804878,-0.18650510972903367,-0.0017066120078065294,-0.0035842293906810374,0.0
1791,0.27538174614933303,0.27741935483870966,0.13895216400911162,-0.2255192878338279,-0.15326064798679562,0.2742547896747895,0.2752688172043011,0.13895216400911162,-0.228486646884273,-0.15326064798679562,0.2824049191911353,0.2752688172043011,0.19786096256684493,0.45994065281899116,0.03309967054862528,0.3569855761366498,0.36057347670250894,0.08256880733944955,-0.2393669634025717,-0.14465940251593,-0.0011269564745435279,-0.002150537634408589,0.0
1792,0.2730771431760352,0.27741935483870966,0.08651399491094147,-0.2383222116301239,-0.15139641074652221,0.2722498775258728,0.2745519713261649,0.08695652173913043,-0.23641563393708298,-0.1452231779406039,0.3025133910719745,0.2982078853046595,0.15915915915915915,0.3792789669815408,0.033800573431029046,0.3729280943595148,0.3849462365591398,0.065,-0.24880838894184942,-0.1730027255672365,-0.0008272656501623898,-0.0028673835125447855,0.0004425268281889605
1793,0.2661980139450897,0.2716845878136201,0.12080536912751678,-0.2410358565737052,-0.17872010508590086,0.2657652563163467,0.2731182795698925,0.12527964205816555,-0.2410358565737052,-0.17872010508590086,0.27861674063976677,0.2709677419354839,0.1702127659574468,0.3204499076863278,0.025104402776611745,0.3420502432890463,0.35555555555555557,0.05517241379310345,-0.24402390438247012,-0.14427089248941982,-0.00043275762874300794,0.0014336917562723928,0.004474272930648768
1794,0.26539872352268845,0.2716845878136201,0.08977556109725686,-0.2292069632495164,-0.1255282008065972,0.2646788248702046,0.2716845878136201,0.09226932668329177,-0.2292069632495164,-0.1255282008065972,0.2694387640596347,0.2637992831541219,0.16863905325443787,0.34556507322464775,0.06343225185096013,0.3440051281136164,0.35053763440860214,0.05365853658536585,-0.23404255319148937,-0.15252255118624825,-0.0007198986524838413,0.0,0.00249376558603491
1795,0.2785419942494873,0.2824372759856631,0.11724137931034483,-0.23223223223223222,-0.14427089248941982,0.2777829046562996,0.2845878136200717,0.11724137931034483,-0.23223223223223222,-0.14427089248941982,0.2981349957892869,0.28888888888888886,0.18233618233618235,0.34839717766547035,0.09687359568594722,0.36222101682328406,0.37132616487455194,0.06192660550458716,-0.2392392392392393,-0.14714166020579322,-0.0007590895931876562,0.002150537634408589,0.0
1796,0.26329464800507824,0.26810035842293906,0.11604938271604938,-0.22590361445783136,-0.14274034555737813,0.26199836192498277,0.26666666666666666,0.11386138613861387,-0.22590361445783136,-0.13973219906892342,0.27867022580268963,0.2731182795698925,0.1691842900302115,0.45332759609868045,0.07986249458826855,0.3504378566676927,0.35985663082437275,0.06082725060827251,-0.2449799196787149,-0.16078922448810629,-0.0012962860800954656,-0.0014336917562723928,-0.0021879965774355137
1797,0.29093005825232765,0.2974910394265233,0.13317191283292978,-0.23333333333333328,-0.13813863779907232,0.290110027234161,0.2967741935483871,0.13317191283292978,-0.23333333333333328,-0.13813863779907232,0.3028349190244199,0.2931899641577061,0.19382022471910113,0.21212121212121204,0.0306389943428389,0.37360701434263066,0.3849462365591398,0.0661764705882353,-0.2464646464646465,-0.12333358234802738,-0.0008200310181666337,-0.0007168458781361964,0.0
1798,0.29923547667257594,0.3017921146953405,0.145679012345679,-0.23495702005730656,-0.18567669724316704,0.29787631500377454,0.3003584229390681,0.145679012345679,-0.23782234957020054,-0.18567669724316704,0.30063281631295025,0.2946236559139785,0.19941348973607037,0.3212989493791786,0.011558517979229688,0.3842471901753939,0.3921146953405018,0.07235142118863049,-0.23495702005730656,-0.13020429296186797,-0.0013591616688014008,-0.0014336917562723928,0.0
1799,0.26033200473459617,0.26738351254480286,0.10344827586206896,-0.23053589484327608,-0.14179232069230818,0.25962232845211164,0.26881720430107525,0.10344827586206896,-0.23053589484327608,-0.14179232069230818,0.27448076899880364,0.26021505376344084,0.15027322404371585,0.4603977081226828,0.05603632513760026,0.34299910477311846,0.35627240143369177,0.06278026905829596,-0.25075834175935285,-0.17333022075214866,-0.0007096762824845282,0.0014336917562723928,0.0
1800,0.27933861812823196,0.2867383512544803,0.12682926829268293,-0.23723723723723722,-0.14729663221542566,0.27739499265877615,0.2824372759856631,0.12682926829268293,-0.24024024024024027,-0.14729663221542566,0.28631591389558547,0.2752688172043011,0.18604651162790697,0.41579079079079084,0.05008891472589061,0.3649293707609408,0.374910394265233,0.06601466992665037,-0.2532532532532532,-0.14430594211025427,-0.001943625469455812,-0.004301075268817178,0.0
1801,0.2811309264671764,0.28745519713261647,0.10386473429951691,-0.22265625,-0.17781704781704788,0.2808961107424991,0.2860215053763441,0.10411622276029056,-0.22265625,-0.1747955647955648,0.2943275497924433,0.2860215053763441,0.1569767441860465,0.42542613636363635,0.03368676368676371,0.37352993561316616,0.38064516129032255,0.049019607843137254,-0.248046875,-0.1596881496881497,-0.00023481572467731748,-0.0014336917562723928,0.0002514884607736495
1802,0.2664353549312797,0.2709677419354839,0.09898477157360407,-0.21545893719806763,-0.11222163107091276,0.26533476480832474,0.2709677419354839,0.09898477157360407,-0.21545893719806763,-0.11222163107091276,0.27584678638828536,0.26594982078853047,0.17717717717717718,0.3555555555555556,0.07154504688136976,0.3549613935220117,0.3648745519713262,0.0661764705882353,-0.24347826086956526,-0.15439758994520714,-0.0011005901229549364,0.0,0.0
1803,0.271397501194053,0.2831541218637993,0.10344827586206896,-0.2277227722772277,-0.1327502123345845,0.2711336008847654,0.2824372759856631,0.10294117647058823,-0.22970297029702968,-0.13872297871174544,0.28762978942351775,0.27670250896057347,0.16184971098265896,0.3684582743988685,0.046432778980246114,0.3565002131825376,0.3655913978494624,0.06937799043062201,-0.24653465346534653,-0.16858681059755065,-0.0002639003092875791,-0.0007168458781361964,-0.0005070993914807337
1804,0.2709930228286782,0.27813620071684586,0.09859154929577464,-0.2222222222222222,-0.14578643241257216,0.2689069409203831,0.27670250896057347,0.09859154929577464,-0.2272272272272272,-0.14578643241257216,0.27832132924071523,0.2709677419354839,0.168141592920354,0.37664134722958253,0.1076088045692909,0.35144586938654704,0.3548387096774194,0.04895104895104895,-0.24224224224224222,-0.15452419920505034,-0.002086081908295123,-0.0014336917562723928,0.0
1805,0.26972263487893566,0.27025089605734764,0.1223021582733813,-0.22696411251212412,-0.16560042740897019,0.26848974470081954,0.26594982078853047,0.12259615384615384,-0.22308438409311349,-0.1626140442203896,0.2727350032971142,0.2645161290322581,0.16666666666666666,0.41363873759606057,0.04046001260308507,0.35409776040521684,0.3634408602150538,0.08293838862559241,-0.25121241513094084,-0.18053234335187263,-0.0012328901781161195,-0.004301075268817178,0.00029399557277254296
1806,0.2771122502277536,0.2817204301075269,0.10922330097087378,-0.22873900293255134,-0.1275362955924546,0.27576445765680335,0.27885304659498206,0.10948905109489052,-0.23069403714565007,-0.1245876749686794,0.2868923580679993,0.2802867383512545,0.17714285714285713,0.4662756598240469,0.05527818308161292,0.3581127207512719,0.3634408602150538,0.05741626794258373,-0.24926686217008798,-0.14522801933510632,-0.0013477925709502458,-0.002867383512544841,0.0002657501240167365
1807,0.24719692386754136,0.25089605734767023,0.08009708737864078,-0.22873900293255134,-0.163797370976561,0.24567266859652717,0.25089605734767023,0.08029197080291971,-0.23069403714565007,-0.16078922448810629,0.25800367436475613,0.24731182795698925,0.11304347826086956,0.4320625610948191,0.03774844374990294,0.3352959250556729,0.34838709677419355,0.04491725768321513,-0.25317693059628543,-0.19688698234956248,-0.0015242552710141855,0.0,0.00019488342427892436
1808,0.26969862752571255,0.27885304659498206,0.12342569269521411,-0.22013820335636725,-0.12125933654397592,0.26869862037233355,0.27813620071684586,0.12342569269521411,-0.22211253701875622,-0.12125933654397592,0.2750202217337715,0.26666666666666666,0.1935483870967742,0.38996615428007336,0.047444498953201575,0.35378783663974883,0.3634408602150538,0.08374384236453201,-0.24975320829220138,-0.14837245296316515,-0.0010000071533790011,-0.0007168458781361964,0.0
1809,0.3018701927864007,0.3132616487455197,0.13681592039800994,-0.2236205227492739,-0.14419017841806014,0.3002250303324931,0.3089605734767025,0.13895781637717122,-0.22652468538238146,-0.14721615426924595,0.3094698451615945,0.3017921146953405,0.17647058823529413,0.21143917392707323,0.04342032435546195,0.3853193785332085,0.396415770609319,0.08292682926829269,-0.24782187802516942,-0.1683979852275468,-0.0016451624539076115,-0.004301075268817178,0.0021418959791612846
1810,0.2757924960991066,0.28745519713261647,0.1517412935323383,-0.21619047619047616,-0.1468294513835311,0.27487845187630283,0.2845878136200717,0.15384615384615385,-0.2171428571428572,-0.14985994397759106,0.2874466268217745,0.27670250896057347,0.2005813953488372,0.21809523809523812,0.02893911907194635,0.3556504170622347,0.36702508960573477,0.0829145728643216,-0.2304761904761905,-0.13470748100729124,-0.0009140442228037782,-0.0028673835125447855,0.002104860313815543
1811,0.2671014093328043,0.27670250896057347,0.10909090909090909,-0.22525252525252526,-0.14620829980307104,0.26597195651298183,0.27956989247311825,0.10933940774487472,-0.2272727272727273,-0.14335577407472833,0.2751908755443767,0.26594982078853047,0.1447721179624665,0.19898989898989894,0.04491092399589136,0.3498563895714245,0.35985663082437275,0.061946902654867256,-0.24949494949494955,-0.18043860854318372,-0.001129452819822463,0.0028673835125447855,0.0002484986539656314
1812,0.2780420693792532,0.2831541218637993,0.13392857142857142,-0.22755102040816322,-0.14441170388751035,0.277006445033927,0.2838709677419355,0.14,-0.23061224489795917,-0.15004652605459057,0.28882887148949377,0.2860215053763441,0.18037135278514588,0.5377551020408163,0.055624483043837825,0.3595658700616101,0.36989247311827955,0.07760532150776053,-0.24081632653061225,-0.15286393713813073,-0.0010356243453261693,0.0007168458781361964,0.006071428571428589
1813,0.2797333196348022,0.2824372759856631,0.12195121951219512,-0.21477832512315276,-0.12925560452844542,0.279241766081308,0.2831541218637993,0.12224938875305623,-0.21182266009852213,-0.12629459343823646,0.2823316801631178,0.2724014336917563,0.18413597733711048,0.25551857275995205,0.03952202761346579,0.3611866799618472,0.37060931899641575,0.09263657957244656,-0.2374384236453202,-0.16182672652074404,-0.0004915535534941728,0.0007168458781361964,0.00029816924086110974
1814,0.28591478533640763,0.2939068100358423,0.12466124661246612,-0.21197718631178708,-0.1253607976908948,0.28583826752347313,0.2939068100358423,0.12702702702702703,-0.2138783269961977,-0.12853873290766504,0.2996507081074239,0.2946236559139785,0.1853035143769968,0.39372623574144483,0.0526035744482346,0.36813997166349877,0.37132616487455194,0.051771117166212535,-0.23384030418250945,-0.11900492725735445,-7.651781293449567e-05,0.0,0.0023657804145609113
1815,0.2602776699042446,0.26738351254480286,0.08375634517766498,-0.22934888241010687,-0.1278165086447296,0.25903167899468355,0.2630824372759857,0.08838383838383838,-0.23129251700680276,-0.13389570552147245,0.2775552371219951,0.2709677419354839,0.1388888888888889,0.3490925327660021,0.08495538204127162,0.3533815912438293,0.36129032258064514,0.046798029556650245,-0.24489795918367352,-0.16429168990518683,-0.0012459909095610677,-0.004301075268817178,0.004627493206173408
1816,0.2611303583383452,0.26523297491039427,0.12530712530712532,-0.22854387656702024,-0.1435244343930313,0.2601052680261017,0.26523297491039427,0.12530712530712532,-0.22565091610414656,-0.1435244343930313,0.2643758804113787,0.25519713261648747,0.19578313253012047,0.39067409089495125,0.08142848543739412,0.3376705211710082,0.34050179211469533,0.06965174129353234,-0.23336547733847635,-0.12852757307100293,-0.001025090312243515,0.0,0.0
1817,0.27194499900804925,0.27741935483870966,0.1162280701754386,-0.24493927125506076,-0.14750384024577579,0.2713841297895751,0.2752688172043011,0.1162280701754386,-0.24493927125506076,-0.14750384024577579,0.2765601386289785,0.2724014336917563,0.16052631578947368,0.4175101214574899,0.06458013312852029,0.3476173786621693,0.35842293906810035,0.06638115631691649,-0.25303643724696356,-0.17820020481310805,-0.0005608692184741471,-0.002150537634408589,0.0
1818,0.26260518726400295,0.2630824372759857,0.1141439205955335,-0.21803766105054512,-0.1419536203302454,0.2617027266042993,0.2623655913978495,0.1141439205955335,-0.21902874132804762,-0.1419536203302454,0.274031697817103,0.27025089605734764,0.1585014409221902,0.4202510736703006,0.02699916097949162,0.3460142009501395,0.353405017921147,0.04668304668304668,-0.24479682854311202,-0.1540216761380837,-0.0009024606597036744,-0.0007168458781361964,0.0
1819,0.2667706310656939,0.26810035842293906,0.12224938875305623,-0.21704658077304262,-0.14430594211025427,0.26605600365859333,0.2709677419354839,0.12224938875305623,-0.21308225966303274,-0.14430594211025427,0.27390391634374817,0.26810035842293906,0.19637462235649547,0.2622758807099739,0.08896788609311956,0.34967947332547583,0.35627240143369177,0.09178743961352658,-0.24083250743310203,-0.15925939263611155,-0.0007146274071005432,0.002867383512544841,0.0
1820,0.3000761120874366,0.3046594982078853,0.12735849056603774,-0.22695738354806738,-0.14248254525690873,0.29849028197133326,0.3039426523297491,0.12735849056603774,-0.22794846382556988,-0.14248254525690873,0.3050244405716984,0.2917562724014337,0.18904109589041096,0.3347302845816225,0.02959153810778048,0.3800577061171655,0.3913978494623656,0.0665083135391924,-0.24083250743310203,-0.1337330155942974,-0.0015858301161033594,-0.0007168458781361964,0.0
1821,0.2847100345235818,0.28817204301075267,0.12254901960784313,-0.22834645669291342,-0.13872297871174544,0.28422524466748095,0.28817204301075267,0.12285012285012285,-0.22834645669291342,-0.13573659552316508,0.2939697544766392,0.28745519713261647,0.16666666666666666,0.3821358267716536,0.04046001260308507,0.3655010910551379,0.37060931899641575,0.05378973105134474,-0.23523622047244097,-0.14170936190032601,-0.00048478985610084235,0.0,0.00030110324227972107
1822,0.27832506829088505,0.28888888888888886,0.16030534351145037,-0.22352941176470587,-0.12477691020635806,0.2785713574227834,0.2853046594982079,0.15816326530612246,-0.22254901960784312,-0.12173731176798663,0.2956375405758624,0.2867383512544803,0.21893491124260356,0.3021312872975277,0.04240100390407142,0.34728613019213583,0.35555555555555557,0.0703125,-0.23235294117647054,-0.097420524261015,0.00024628913189833623,-0.003584229390680982,-0.002142078205327913
1823,0.26222629364239497,0.2645161290322581,0.08695652173913043,-0.21847070506454813,-0.14624877410918602,0.2612400644741982,0.2637992831541219,0.08695652173913043,-0.22045680238331677,-0.14624877410918602,0.2736613060219278,0.26810035842293906,0.13714285714285715,0.25356788196907365,0.04379154407758523,0.34760151268418793,0.35555555555555557,0.05238095238095238,-0.2462760675273088,-0.1640650539391958,-0.000986229168196795,-0.0007168458781361964,0.0
1824,0.26557207610802563,0.2752688172043011,0.11306532663316583,-0.2320075757575758,-0.17782313506735914,0.2645161624675607,0.27598566308243727,0.11306532663316583,-0.2320075757575758,-0.17782313506735914,0.27220509367213336,0.2645161290322581,0.14984709480122324,0.32832792207792205,0.0427130308405822,0.34953513018090165,0.35913978494623655,0.07556675062972293,-0.24810606060606055,-0.17471699188555712,-0.0010559136404649228,0.0007168458781361964,0.0
1825,0.2526687722879411,0.25663082437275986,0.10926365795724466,-0.23646723646723644,-0.18285076421088786,0.2506847433977944,0.25663082437275986,0.10952380952380952,-0.23456790123456794,-0.17985574446161778,0.25683195588498686,0.24587813620071686,0.15406976744186046,0.3679196152314432,0.04776575648291259,0.3349892815174761,0.34695340501792116,0.07142857142857142,-0.24976258309591648,-0.17985574446161778,-0.001984028890146705,0.0,0.0002601515665648646
1826,0.2768548556638832,0.2824372759856631,0.13734939759036144,-0.22475247524752473,-0.14406065997949025,0.27579291071896145,0.27813620071684586,0.13942307692307693,-0.22574257425742572,-0.1470216710696992,0.2994068356148938,0.28888888888888886,0.21203438395415472,0.3111785372085596,0.051366071974301764,0.35921487394737994,0.36702508960573477,0.08088235294117647,-0.2514851485148515,-0.12333358234802738,-0.0010619449449217333,-0.004301075268817234,0.002073679332715489
1827,0.27421511797955955,0.2752688172043011,0.11888111888111888,-0.21946375372393245,-0.14946434282059484,0.27304957977018995,0.2752688172043011,0.1186046511627907,-0.21946375372393245,-0.152369150410404,0.2815438905424907,0.2731182795698925,0.17819148936170212,0.2202325655892623,0.00449045943929216,0.3568756442016648,0.3648745519713262,0.06060606060606061,-0.24230387288977162,-0.14946434282059484,-0.0011655382093695987,0.0,-0.0002764677183281772
1828,0.25697648959551694,0.26666666666666666,0.11358024691358025,-0.23076923076923073,-0.16661771801380354,0.25581619562392094,0.2645161290322581,0.11358024691358025,-0.22980769230769227,-0.16661771801380354,0.2752249381165775,0.2645161290322581,0.17941176470588235,0.33968531468531465,0.03155439943499272,0.34230069012069686,0.34910394265232975,0.07017543859649122,-0.23461538461538467,-0.14832490717237612,-0.0011602939715960048,-0.002150537634408589,0.0
1829,0.27461447483587315,0.2802867383512545,0.13095238095238096,-0.2430830039525692,-0.15112526058265696,0.27361845028623194,0.27885304659498206,0.13095238095238096,-0.24505928853754944,-0.15112526058265696,0.29464506624324044,0.28817204301075267,0.18497109826589594,0.6130282760717544,0.06707266557671399,0.3611152393105164,0.36200716845878134,0.05825242718446602,-0.23221343873517786,-0.1275362955924546,-0.0009960245496412057,-0.0014336917562724483,0.0
1830,0.2799857750790646,0.2853046594982079,0.14180929095354522,-0.2265625,-0.14170936190032601,0.27871194524242565,0.2853046594982079,0.14320987654320988,-0.22265625,-0.12976382914600404,0.28556520176692995,0.27670250896057347,0.19832402234636873,0.43147078804347827,0.010596180717279968,0.36484421732404115,0.37060931899641575,0.085995085995086,-0.2353515625,-0.13573659552316508,-0.001273829836638929,0.0,0.0014005855896646602
1831,0.2668113738549715,0.2724014336917563,0.13451776649746192,-0.23229461756373937,-0.16815055969317216,0.2666393699011536,0.2731182795698925,0.13451776649746192,-0.23323890462700658,-0.16815055969317216,0.27658862627961667,0.26666666666666666,0.16825396825396827,0.43227363340677794,0.07762565223208306,0.34965462100410166,0.35698924731182796,0.07397959183673469,-0.24457034938621336,-0.16192837711278596,-0.0001720039538178897,0.0007168458781361964,0.0
1832,0.2599352808569015,0.27025089605734764,0.11057692307692307,-0.22490347490347495,-0.1731701940035274,0.25810486693907214,0.26953405017921145,0.11057692307692307,-0.22490347490347495,-0.1731701940035274,0.2636203404207053,0.26093189964157704,0.14497041420118342,0.3143500643500644,0.061122134038800735,0.3406750367197184,0.34695340501792116,0.041463414634146344,-0.2422779922779923,-0.15514770723104054,-0.0018304139178293433,-0.0007168458781361964,0.0
1833,0.2612664847317129,0.26810035842293906,0.10880829015544041,-0.22767419038272818,-0.15145442421722077,0.2601711690499732,0.26953405017921145,0.10880829015544041,-0.22669283611383706,-0.15145442421722077,0.27640289184978833,0.26881720430107525,0.16501650165016502,0.5327738486007242,0.10801170135727134,0.3482674714436912,0.35770609318996416,0.05958549222797927,-0.2345436702649657,-0.15145442421722077,-0.0010953156817396503,0.0014336917562723928,0.0
1834,0.2515235730198442,0.2530465949820789,0.12844036697247707,-0.2319277108433735,-0.16725190166721282,0.2508606187097917,0.25663082437275986,0.12993039443155452,-0.2269076305220884,-0.15274716683605494,0.27522887680018804,0.26881720430107525,0.18888888888888888,0.2657689581856839,0.053220067766387325,0.338559515268473,0.34480286738351257,0.07603686635944701,-0.24297188755020083,-0.1614500077347496,-0.0006629543100524771,0.003584229390680982,0.0014900274590774476
1835,0.2676365474498083,0.2745519713261649,0.08823529411764706,-0.23084479371316302,-0.12587922653568162,0.2660990240799385,0.2738351254480287,0.09268292682926829,-0.2328094302554028,-0.13180959570456285,0.25955475424173285,0.2523297491039427,0.14325068870523416,0.400600010619657,0.0075540797641454605,0.3450225158636963,0.35053763440860214,0.051643192488262914,-0.24950884086444003,-0.1792525490556125,-0.0015375233698697865,-0.0007168458781361964,0.004447632711621227
1836,0.26558899615768766,0.26523297491039427,0.12060301507537688,-0.2236205227492739,-0.14527610536547164,0.26388922628896183,0.2623655913978495,0.12060301507537688,-0.22458857696030976,-0.14527610536547164,0.2707564776144822,0.2630824372759857,0.19756838905775076,0.38277743553639004,0.06509121931094275,0.34566125110692597,0.34910394265232975,0.07323232323232323,-0.24878993223620527,-0.13917850175166246,-0.0016997698687258311,-0.0028673835125447855,0.0
1837,0.26980732642198846,0.2709677419354839,0.12354312354312354,-0.22286821705426352,-0.16988146551724137,0.2685362775007634,0.26953405017921145,0.12354312354312354,-0.22480620155038755,-0.16988146551724137,0.2872054942490538,0.2745519713261649,0.17222222222222222,0.3650332225913621,0.03273168103448276,0.3586404135354061,0.37060931899641575,0.07042253521126761,-0.24709302325581395,-0.16107219827586206,-0.0012710489212250375,-0.0014336917562724483,0.0
1838,0.27764306598657795,0.2831541218637993,0.12559241706161137,-0.22529644268774707,-0.14932650862068964,0.27564730940649373,0.2817204301075269,0.12589073634204276,-0.22529644268774707,-0.14639008620689653,0.2850629238470921,0.2802867383512545,0.18911174785100288,0.3721471375749075,0.0650323275862068,0.3621193002936632,0.36917562724014336,0.06666666666666667,-0.2351778656126482,-0.14345366379310343,-0.001995756580084218,-0.0014336917562723928,0.00029831928043139166
1839,0.26010652632341175,0.26523297491039427,0.0970873786407767,-0.22023809523809523,-0.1199622844827587,0.2582285668152506,0.2645161290322581,0.0970873786407767,-0.22023809523809523,-0.1199622844827587,0.2710652123941213,0.26523297491039427,0.17478510028653296,0.4447644649257553,0.0650323275862068,0.3389867127322589,0.34408602150537637,0.045346062052505964,-0.23511904761904767,-0.14051724137931043,-0.0018779595081611644,-0.0007168458781361964,0.0
1840,0.27767454172070255,0.28817204301075267,0.13157894736842105,-0.22123893805309736,-0.14012237334830546,0.2767638021466086,0.28888888888888886,0.13221153846153846,-0.2202556538839725,-0.1342414386708548,0.27450227332041555,0.26810035842293906,0.19318181818181818,0.4680432645034415,0.05394847100756528,0.3549443089593496,0.36057347670250894,0.0761904761904762,-0.2448377581120944,-0.14600330802575612,-0.0009107395740939328,0.0007168458781361964,0.0006325910931174183
1841,0.2837233653299451,0.28817204301075267,0.12873563218390804,-0.2433808553971487,-0.16689318835944988,0.2828156018831586,0.28888888888888886,0.12903225806451613,-0.23930753564154783,-0.16398838076964073,0.28851319805440323,0.2817204301075269,0.1807909604519774,0.288930478339847,0.06839622641509435,0.36162286609228833,0.36774193548387096,0.0675990675990676,-0.2372708757637475,-0.14946434282059484,-0.0009077634467865026,0.0007168458781361964,0.00029662588060808126
1842,0.27978516073902193,0.2831541218637993,0.08148148148148149,-0.21769383697813116,-0.14798764823416455,0.2790734306683637,0.2824372759856631,0.08168316831683169,-0.22067594433399607,-0.14497063428220502,0.2917650958994602,0.2845878136200717,0.15015015015015015,0.4363232370482984,0.06923735630692585,0.3601564033415915,0.37132616487455194,0.05783132530120482,-0.25447316103379725,-0.17815778775376045,-0.000711730070658223,-0.0007168458781361964,0.00020168683535019827
1843,0.2817948441249681,0.2903225806451613,0.10617283950617284,-0.22006141248720568,-0.1195243543641713,0.2798962674634509,0.28888888888888886,0.10617283950617284,-0.22108495394063454,-0.1195243543641713,0.28698649739359267,0.2802867383512545,0.18873239436619718,0.4176587836017885,0.028944644219243698,0.36691955878574195,0.37777777777777777,0.08293838862559241,-0.2466734902763562,-0.17000381388253238,-0.0018985766615171595,-0.0014336917562724483,0.0
1844,0.2742144791419324,0.2824372759856631,0.1070559610705596,-0.22722820763956908,-0.14768212827748706,0.27383717180452055,0.27956989247311825,0.10757946210268948,-0.22624877571008817,-0.14170936190032601,0.30749092695740904,0.2960573476702509,0.16964285714285715,0.37718439094798706,0.0762966108660511,0.3695105447122471,0.3842293906810036,0.06280193236714976,-0.23310479921645444,-0.15664127784322857,-0.0003773073374118696,-0.002867383512544841,0.0005235010321298778
1845,0.2813994432758951,0.28888888888888886,0.14285714285714285,-0.22695035460992907,-0.1343606327437077,0.2805791673202187,0.2903225806451613,0.14383561643835616,-0.2249240121580547,-0.12586690563391256,0.29826686763510835,0.2917562724014337,0.20212765957446807,0.5055724417426545,0.049670121301852,0.3651502409101773,0.374910394265233,0.07865168539325842,-0.24518743667679843,-0.1456856022234343,-0.0008202759556764083,0.0014336917562724483,0.0009784735812133072
1846,0.2566658074651358,0.25878136200716845,0.09885057471264368,-0.24081632653061225,-0.146756329113924,0.2554935547030297,0.25878136200716845,0.10114942528735632,-0.24183673469387756,-0.146756329113924,0.2670744731713721,0.25734767025089605,0.1564245810055866,0.35249433106575967,0.07457805907172999,0.340907906796301,0.34767025089605735,0.056818181818181816,-0.24591836734693873,-0.1611286919831223,-0.0011722527621060852,0.0,0.0022988505747126436
1847,0.25767215068563926,0.2616487455197133,0.11491442542787286,-0.219488188976378,-0.13653997199740464,0.25616105305104664,0.26021505376344084,0.11519607843137254,-0.22047244094488194,-0.13356213502714886,0.2628046580148314,0.25161290322580643,0.1681159420289855,0.34369014683975313,0.05404159409896525,0.3388204541964186,0.34838709677419355,0.0645933014354067,-0.24606299212598426,-0.16334050472970674,-0.0015110976345926175,-0.0014336917562724483,0.0002816530034996795
1848,0.2909672897012522,0.2996415770609319,0.1331877729257642,-0.24159663865546221,-0.15308499743983617,0.2902169238318801,0.2989247311827957,0.1331877729257642,-0.24369747899159666,-0.15308499743983617,0.2991877042445151,0.2910394265232975,0.17766497461928935,0.4153361344537815,0.02551203277009728,0.36792303793234066,0.3756272401433692,0.06798245614035088,-0.25735294117647056,-0.14750384024577579,-0.0007503658693721049,-0.0007168458781361964,0.0
1849,0.2726581511829911,0.2824372759856631,0.12077294685990338,-0.23627450980392162,-0.15142915684868352,0.2722978639552398,0.2824372759856631,0.12077294685990338,-0.23921568627450984,-0.15142915684868352,0.282640644091923,0.27813620071684586,0.1696969696969697,0.503921568627451,0.098709148652802,0.35189950986661456,0.36129032258064514,0.06954436450839328,-0.24607843137254903,-0.16036266775945096,-0.00036028722775127697,0.0,0.0
1850,0.25202500365956215,0.25448028673835127,0.11059907834101383,-0.231610337972167,-0.16653407451512137,0.2508811066039829,0.25519713261648747,0.11085450346420324,-0.231610337972167,-0.16362538631015222,0.2741162964321206,0.2731182795698925,0.1781609195402299,0.42154763725340266,0.08361311111222303,0.3340135764701416,0.34695340501792116,0.07954545454545454,-0.2534791252485089,-0.18398620374493613,-0.0011438970555792682,0.0007168458781361964,0.0002554251231894067
1851,0.24456873904160145,0.25089605734767023,0.11910112359550562,-0.24491869918699183,-0.15798999933023938,0.24348026735954875,0.24946236559139784,0.11936936936936937,-0.24390243902439024,-0.15514106629160063,0.2602134646708182,0.25734767025089605,0.17647058823529413,0.5059523809523809,0.04428424641310513,0.3287633477699206,0.33835125448028674,0.07158836689038031,-0.24186991869918695,-0.16368786540751668,-0.0010884716820526996,-0.0014336917562723928,0.00026824577386375115
1852,0.2939446974060232,0.3046594982078853,0.11458333333333333,-0.2288218111002921,-0.13975128644939971,0.29309760311528654,0.3025089605734767,0.11518324607329843,-0.22687439143135346,-0.1335191538021726,0.2877694862281426,0.27598566308243727,0.16463414634146342,0.47411773994052475,0.03474842767295594,0.3740851768018406,0.3813620071684588,0.05912596401028278,-0.24732229795520932,-0.1553316180674672,-0.0008470942907366497,-0.002150537634408589,0.0005999127399650972
1853,0.24687273232874096,0.25519713261648747,0.10762331838565023,-0.2434607645875252,-0.17333022075214866,0.24645071160502385,0.2537634408602151,0.10835214446952596,-0.24044265593561365,-0.16472897528128305,0.2703372213488727,0.26810035842293906,0.15426997245179064,0.44265593561368205,0.06463757060846576,0.3282352005594123,0.3419354838709677,0.06444444444444444,-0.24849094567404428,-0.1847985480466361,-0.0004220207237171092,-0.0014336917562723928,0.0007288260838757277
1854,0.2667931939568895,0.27025089605734764,0.1188118811881188,-0.22376237623762374,-0.14234731598112305,0.2660550996412316,0.26953405017921145,0.1188118811881188,-0.22277227722772275,-0.14234731598112305,0.28036309388216096,0.2724014336917563,0.182370820668693,0.3704070407040704,0.08359532084545385,0.35167887530657055,0.35698924731182796,0.06930693069306931,-0.23663366336633662,-0.14234731598112305,-0.0007380943156579112,-0.0007168458781361964,0.0
1855,0.2821630118534625,0.2903225806451613,0.166270783847981,-0.2396039603960396,-0.16182672652074404,0.2815944732306792,0.2931899641577061,0.1674641148325359,-0.2376237623762376,-0.15294369325011714,0.2905660078289881,0.2860215053763441,0.21739130434782608,0.464012053379251,0.06321011633513751,0.360892813051896,0.36415770609319,0.09068627450980392,-0.22970297029702968,-0.12333358234802738,-0.0005685386227832767,0.0028673835125447855,0.0011933309845549023
1856,0.2713787369506295,0.27670250896057347,0.1018957345971564,-0.22298624754420437,-0.12913068969193042,0.2705716621481811,0.27741935483870966,0.10451306413301663,-0.2210216110019646,-0.12622588210212127,0.2926191014613819,0.2867383512544803,0.1833810888252149,0.34899089123057686,0.08292026436414024,0.36058674736827984,0.37132616487455194,0.07517084282460136,-0.2583497053045186,-0.17851241871868662,-0.0008070748024483487,0.0007168458781361964,0.0026173295358602328
1857,0.2671473960964831,0.2724014336917563,0.1188118811881188,-0.2294921875,-0.16896024464831805,0.26630129923853313,0.2731182795698925,0.1188118811881188,-0.23046875,-0.16896024464831805,0.274851886405386,0.2637992831541219,0.16666666666666666,0.28125,0.020642201834862428,0.3472062151952083,0.353405017921147,0.05037783375314862,-0.2431640625,-0.14755351681957185,-0.0008460968579499517,0.0007168458781361964,0.0
1858,0.2632376313837487,0.2716845878136201,0.1431818181818182,-0.2234468937875751,-0.17121517376666762,0.2629344703270034,0.2724014336917563,0.14350797266514806,-0.22244488977955912,-0.16832568989741015,0.2791251979974979,0.27885304659498206,0.2140845070422535,0.5112806257676643,0.07439095512021843,0.3413779428168496,0.34695340501792116,0.07746478873239436,-0.23046092184368738,-0.13076239959706282,-0.0003031610567453269,0.0007168458781361964,0.0003261544833298713
1859,0.2663664477470588,0.2716845878136201,0.11778290993071594,-0.22731804586241278,-0.15602179474401134,0.2651457980606871,0.2709677419354839,0.12268518518518519,-0.22731804586241278,-0.153124688527858,0.2812403447233619,0.2716845878136201,0.18413597733711048,0.4755982053838484,0.07574670254825744,0.3440485860916991,0.3548387096774194,0.06264501160092807,-0.24327018943170486,-0.15022758231170474,-0.0012206496863716998,-0.0007168458781361964,0.004902275254469249
1860,0.2661228587250939,0.2724014336917563,0.10864197530864197,-0.2339805825242719,-0.14798764823416455,0.2649629403714955,0.26953405017921145,0.11029411764705882,-0.2368932038834951,-0.15703869009004334,0.28315228526133485,0.27670250896057347,0.16467065868263472,0.4383209594517418,0.06622034235496621,0.35668009340842977,0.3655913978494624,0.0681265206812652,-0.2504854368932039,-0.16608973194592214,-0.0011599183535984103,-0.002867383512544841,0.0016521423384168454
1861,0.25641025504305426,0.25878136200716845,0.10849056603773585,-0.24117647058823533,-0.17070975979137104,0.2545572188727069,0.2537634408602151,0.10849056603773585,-0.24117647058823533,-0.17070975979137104,0.26779559716477136,0.25949820788530464,0.16806722689075632,0.31455108359133127,0.027677983252629934,0.33889093240668816,0.34767025089605735,0.06175771971496437,-0.24117647058823533,-0.16182672652074404,-0.0018530361703473774,-0.005017921146953375,0.0
1862,0.2753866410600812,0.2831541218637993,0.10236220472440945,-0.22065727699530513,-0.1358239347247815,0.274776135433914,0.2817204301075269,0.10263157894736842,-0.22253521126760567,-0.13269783682629366,0.28749949390147334,0.2802867383512545,0.1743119266055046,0.3768172251902218,0.03298535179356288,0.3594008822563878,0.36129032258064514,0.047619047619047616,-0.23098591549295777,-0.126445641029318,-0.0006105056261672126,-0.0014336917562723928,0.0002693742229589735
1863,0.27658267204894244,0.2810035842293907,0.089058524173028,-0.21365853658536582,-0.10408399470899476,0.2754077901912368,0.2802867383512545,0.08883248730964467,-0.21560975609756095,-0.10708774250440911,0.29460704455948095,0.2974910394265233,0.17717717717717718,0.38876797998749224,0.07614087301587302,0.36220247252429544,0.3741935483870968,0.05134474327628362,-0.24195121951219511,-0.15214395943562609,-0.0011748818577056452,-0.0007168458781361964,-0.00022603686338332207
1864,0.2997157193902417,0.3003584229390681,0.1291139240506329,-0.22829268292682925,-0.1494636782739055,0.29950269942652624,0.2996415770609319,0.12944162436548223,-0.2273170731707317,-0.14639143294525103,0.3003861954101413,0.2903225806451613,0.18289085545722714,0.38282413350449296,0.022582060130746595,0.3801794224074423,0.385663082437276,0.06649616368286446,-0.23609756097560974,-0.13717469695928752,-0.00021301996371547727,-0.0007168458781361964,0.0003277003148493274
1865,0.25207505607613695,0.25878136200716845,0.12727272727272726,-0.23276723276723277,-0.14374533413704604,0.2508255660581994,0.25734767025089605,0.12669683257918551,-0.2347652347652348,-0.14944320021432345,0.2683745331757147,0.26021505376344084,0.1783783783783784,0.417892452375211,0.055679978567659716,0.3277045971638058,0.33548387096774196,0.06772009029345373,-0.25274725274725274,-0.1522921332529621,-0.00124949001793756,-0.0014336917562723928,-0.0005758946935417453
1866,0.24772705044610535,0.25089605734767023,0.10880829015544041,-0.2272727272727273,-0.12979009592580792,0.24715983681212916,0.2523297491039427,0.10880829015544041,-0.2272727272727273,-0.12979009592580792,0.263520633796131,0.25949820788530464,0.16614420062695925,0.34167690417690416,0.07701320307245751,0.3369883254480264,0.3419354838709677,0.06516290726817042,-0.23579545454545459,-0.16991610916427746,-0.000567213633976188,0.0014336917562724483,0.0
1867,0.25914203486307735,0.26666666666666666,0.09744779582366589,-0.2347560975609756,-0.17575431034482758,0.25861122234099976,0.26738351254480286,0.0979020979020979,-0.2327235772357723,-0.16988146551724137,0.2787426623977522,0.2752688172043011,0.15472779369627507,0.4801103368176539,0.0650323275862068,0.3418547055829138,0.35053763440860214,0.046948356807511735,-0.25813008130081305,-0.16107219827586206,-0.000530812522077595,0.0007168458781361964,0.00045430207843201453
1868,0.2785330833595038,0.2838709677419355,0.11704834605597965,-0.2272727272727273,-0.11695639575738759,0.2774524520703947,0.2831541218637993,0.11734693877551021,-0.2292069632495164,-0.11393041990620179,0.27588959670260177,0.27025089605734764,0.1804733727810651,0.29690522243713735,0.049472276057833664,0.35402284980108195,0.35913978494623655,0.06896551724137931,-0.2456479690522244,-0.15629408182280347,-0.0010806312891090686,-0.0007168458781361964,0.00029859271953056044
1869,0.2716221007598053,0.27670250896057347,0.1050228310502283,-0.23737373737373735,-0.17560761112887746,0.27108775742944796,0.27670250896057347,0.10574712643678161,-0.2343434343434343,-0.16689318835944988,0.2779225514393037,0.26953405017921145,0.1523545706371191,0.3695340501792114,0.048062573286430044,0.3530519059567532,0.36630824372759857,0.05517241379310345,-0.24747474747474751,-0.16689318835944988,-0.0005343433303573453,0.0,0.0007242953865533031
1870,0.2766784731246519,0.2860215053763441,0.14527845036319612,-0.22643343051506315,-0.12794875431380892,0.27515588995910695,0.2845878136200717,0.14841849148418493,-0.22448979591836737,-0.12205968758230845,0.30121530908125455,0.2917562724014337,0.22448979591836735,0.42619905104899103,0.07816858128870607,0.36513322425509703,0.37706093189964157,0.0997624703087886,-0.2468415937803693,-0.15150502123981058,-0.001522583165544933,-0.0014336917562723928,0.0031400411209888124
1871,0.2668175572081356,0.27025089605734764,0.11572052401746726,-0.25147928994082835,-0.17012580696690172,0.2656286988017693,0.2731182795698925,0.11920529801324503,-0.24753451676528604,-0.15605582169843435,0.28626300239179486,0.2810035842293907,0.17493472584856398,0.2928994082840237,0.04092397206010723,0.344714343937205,0.35053763440860214,0.051111111111111114,-0.23865877712031558,-0.1476138305373541,-0.0011888584063662888,0.002867383512544841,0.0034847739957777762
1872,0.2575951554995563,0.2645161290322581,0.09761904761904762,-0.232943469785575,-0.14600330802575612,0.25589789157021897,0.2645161290322581,0.09761904761904762,-0.2348927875243665,-0.14600330802575612,0.25520223428260574,0.24946236559139784,0.16473988439306358,0.36881091617933726,0.07159127503991725,0.32851748531994074,0.3340501792114695,0.058823529411764705,-0.24366471734892792,-0.16070564471938265,-0.0016972639293373337,0.0,0.0
1873,0.2799433592422993,0.2838709677419355,0.0968586387434555,-0.22688274547187803,-0.1416793690292164,0.2793207255117331,0.2831541218637993,0.0968586387434555,-0.2278360343183985,-0.1416793690292164,0.29496951111187,0.2867383512544803,0.16615384615384615,0.3269440283262971,0.03679645518803987,0.3720920589428636,0.3756272401433692,0.044386422976501305,-0.22878932316491896,-0.14481052384004545,-0.0006226337305662022,-0.0007168458781361964,0.0
1874,0.2646273120814621,0.2709677419354839,0.09975062344139651,-0.22562141491395793,-0.14644210203907604,0.2623594030375719,0.2731182795698925,0.09950248756218906,-0.22466539196940727,-0.14947713544358654,0.27544428386435865,0.2637992831541219,0.14836795252225518,0.21869749116403037,0.047800035849591804,0.35444156860539905,0.3627240143369176,0.061274509803921566,-0.2437858508604207,-0.1676873358706491,-0.002267909043890237,0.002150537634408589,-0.0002481358792074534
1875,0.27431635887441197,0.27956989247311825,0.13221153846153846,-0.2334630350194552,-0.1547822232073589,0.2735913591261557,0.2810035842293907,0.1342925659472422,-0.23735408560311289,-0.15775582059523097,0.2889459728784064,0.2860215053763441,0.17647058823529413,0.15168612191958497,0.020660022677090217,0.36238791574787543,0.37060931899641575,0.07692307692307693,-0.2334630350194552,-0.1547822232073589,-0.0007249997482562942,0.0014336917562724483,0.0020810274857037403
1876,0.27848914247701234,0.28888888888888886,0.11136890951276102,-0.22791164658634533,-0.13525843881856547,0.27761757786549135,0.28888888888888886,0.11162790697674418,-0.22489959839357432,-0.13238396624472581,0.2848074508590027,0.27670250896057347,0.1771117166212534,0.3714859437751004,0.04870780590717305,0.35485369742000517,0.3655913978494624,0.0683371298405467,-0.24598393574297184,-0.15825421940928264,-0.0008715646115209918,0.0,0.00025899746398316825
1877,0.2654339514936553,0.26666666666666666,0.10739856801909307,-0.24079601990049748,-0.1559047043403261,0.2648207625472697,0.26523297491039427,0.1076555023923445,-0.23980099502487562,-0.15294369325011714,0.2833768600555034,0.2745519713261649,0.16231884057971013,0.4400306161500191,0.06321011633513751,0.3510073819164458,0.36129032258064514,0.06352941176470588,-0.25970149253731345,-0.1736707708815799,-0.0006131889463855678,-0.0014336917562723928,0.0002569343732514301
1878,0.2630851325754649,0.26953405017921145,0.1175115207373272,-0.23376623376623373,-0.148866062516938,0.26179428108129743,0.26738351254480286,0.12183908045977011,-0.2347652347652348,-0.15174800214162487,0.2786186999037769,0.26953405017921145,0.18005540166204986,0.32134532134532134,0.061515530085202275,0.34504125137167346,0.3541218637992832,0.083710407239819,-0.2447552447552448,-0.17192157951443288,-0.0012908514941674665,-0.002150537634408589,0.00432755972244292
1879,0.2670778715374936,0.26738351254480286,0.10576923076923077,-0.2277992277992278,-0.15999541741689371,0.26557245135733365,0.26810035842293906,0.11483253588516747,-0.23166023166023164,-0.16595961513141588,0.2789587659159838,0.26594982078853047,0.17052023121387283,0.27625482625482634,0.04875150259138239,0.3529224218847991,0.3627240143369176,0.06537530266343826,-0.2422779922779923,-0.15104912084511035,-0.0015054201801599776,0.0007168458781361964,0.009063305115936698
1880,0.27298772026926693,0.27885304659498206,0.09950248756218906,-0.21992110453648916,-0.10808811902903814,0.2721057924538665,0.27670250896057347,0.10098522167487685,-0.2238658777120316,-0.1199488573668005,0.2906069499553418,0.2817204301075269,0.1585014409221902,0.33540193390099576,0.054997033115195104,0.35935801365662434,0.36917562724014336,0.05980861244019139,-0.24556213017751483,-0.15553107238008768,-0.0008819278154004184,-0.002150537634408589,0.001482734112687789
1881,0.26123711729573534,0.26523297491039427,0.1192214111922141,-0.2238658777120316,-0.16078922448810629,0.2600831068693443,0.26093189964157704,0.1192214111922141,-0.2248520710059172,-0.16078922448810629,0.27863384428189614,0.2709677419354839,0.16715542521994134,0.4909270216962525,0.04978102970372178,0.34861282942570665,0.35913978494623655,0.07021791767554479,-0.24852071005917165,-0.1668055174650156,-0.0011540104263910167,-0.004301075268817234,0.0
1882,0.29674394378762053,0.2996415770609319,0.15130023640661938,-0.23886639676113364,-0.15739408797131105,0.29583701216376174,0.3032258064516129,0.15165876777251186,-0.23987854251012142,-0.15444955460556087,0.3149928669844475,0.3089605734767025,0.20630372492836677,0.3533579423672303,0.060501381094204776,0.37889514070833324,0.3899641577060932,0.0746987951807229,-0.24392712550607287,-0.13383782104530928,-0.0009069316238587977,0.003584229390680982,0.00035853136589247825
1883,0.2560683214647846,0.26021505376344084,0.12,-0.23123123123123124,-0.15813577586206895,0.2557526648248314,0.25878136200716845,0.12,-0.2332332332332332,-0.15813577586206895,0.27117316878991565,0.26021505376344084,0.17341040462427745,0.3028028028028028,0.07384159482758623,0.3342136027466301,0.34623655913978496,0.06807511737089202,-0.24724724724724723,-0.16107219827586206,-0.00031565663995319904,-0.0014336917562723928,0.0
1884,0.274913182287342,0.27670250896057347,0.11081794195250659,-0.2160611854684512,-0.12957173892780582,0.27392264637429514,0.27741935483870966,0.11170212765957446,-0.21319311663479923,-0.12019344523234221,0.279583861155793,0.2724014336917563,0.18691588785046728,0.36957834356445607,0.05174193918448999,0.35556720582793816,0.36057347670250894,0.07291666666666667,-0.23709369024856597,-0.145202228420245,-0.000990535913046875,0.0007168458781361964,0.0008841857070678721
1885,0.26910051010996316,0.27741935483870966,0.1511627906976744,-0.22891566265060237,-0.13485769925817126,0.26850019033337225,0.2752688172043011,0.1511627906976744,-0.22891566265060237,-0.13485769925817126,0.28276582557459057,0.2716845878136201,0.2,0.4711646586345381,0.023443108584254135,0.34535609406203455,0.35125448028673834,0.07529411764705882,-0.24096385542168675,-0.12046671672704168,-0.0006003197765909185,-0.002150537634408589,0.0
1886,0.2850694676568785,0.2867383512544803,0.11556603773584906,-0.24925816023738867,-0.17594257382586898,0.2837128268568402,0.2867383512544803,0.11583924349881797,-0.24826904055390697,-0.17297319385420074,0.2935247696085791,0.2845878136200717,0.1781609195402299,0.39920870425321464,0.04973030402092182,0.3713222114128177,0.382078853046595,0.0645933014354067,-0.24332344213649848,-0.1581262939958592,-0.0013566408000383334,0.0,0.00027320576296890886
1887,0.27396280420248675,0.27956989247311825,0.1405152224824356,-0.23676612127045238,-0.17959279306199782,0.27258535721817356,0.2810035842293907,0.1405152224824356,-0.23772858517805584,-0.17959279306199782,0.29038679657164257,0.2810035842293907,0.1792717086834734,0.330618089626517,0.027677983252629934,0.36073113914751637,0.374910394265233,0.07380952380952381,-0.24157844080846969,-0.15886571543053507,-0.001377446984313191,0.0014336917562724483,0.0
1888,0.2727092232994423,0.27956989247311825,0.10454545454545454,-0.23251028806584362,-0.1611286919831223,0.2721926987320192,0.27885304659498206,0.10478359908883828,-0.23456790123456794,-0.15825421940928264,0.3014165200104648,0.2953405017921147,0.1742857142857143,0.5094381821434961,0.09757383966244726,0.36139837054343965,0.37060931899641575,0.056818181818181816,-0.2582304526748971,-0.1611286919831223,-0.0005165245674231267,-0.0007168458781361964,0.00023814454338373647
1889,0.27457285931621206,0.2752688172043011,0.1323529411764706,-0.23546511627906974,-0.1596881496881497,0.27370847117842834,0.27885304659498206,0.13267813267813267,-0.2325581395348837,-0.15666666666666662,0.2929482513135866,0.2824372759856631,0.19753086419753085,0.4522913816689466,0.09411642411642418,0.36264486921939176,0.3734767025089606,0.07692307692307693,-0.24903100775193798,-0.14458073458073462,-0.0008643881377837226,0.003584229390680982,0.00032519150166207544
1890,0.2539394694797843,0.25734767025089605,0.10144927536231885,-0.22289156626506024,-0.12080638336456506,0.25293992046586866,0.25734767025089605,0.10144927536231885,-0.22289156626506024,-0.12080638336456506,0.2704285269921983,0.2645161290322581,0.15615615615615616,0.4175121538786726,0.11639364081484616,0.33291189388034714,0.33906810035842294,0.04906542056074766,-0.25602409638554213,-0.16180391840792008,-0.0009995490139156349,0.0,0.0
1891,0.25061910981464885,0.25519713261648747,0.1308411214953271,-0.2229038854805726,-0.1241755184748059,0.24975686739809533,0.25806451612903225,0.1308411214953271,-0.221881390593047,-0.1241755184748059,0.2661472668525309,0.26021505376344084,0.1945945945945946,0.3724888728497534,0.042329009074852264,0.332527872630677,0.33763440860215055,0.0735632183908046,-0.24744376278118607,-0.14427089248941982,-0.000862242416553527,0.0028673835125447855,0.0
1892,0.2949148275621629,0.3025089605734767,0.10591133004926108,-0.2294757665677547,-0.10483676528360175,0.29368008072130747,0.3017921146953405,0.10591133004926108,-0.2304648862512364,-0.10483676528360175,0.30089362674169884,0.2917562724014337,0.1912568306010929,0.4949994504890648,0.012781928265410913,0.3790755100170563,0.3842293906810036,0.04866180048661801,-0.2324431256181998,-0.11953910197722828,-0.0012347468408554496,-0.0007168458781361964,0.0
1893,0.27890334011092993,0.2831541218637993,0.11893203883495146,-0.22929292929292933,-0.14031001416584943,0.27890987878221213,0.2860215053763441,0.1192214111922141,-0.23030303030303034,-0.13734063419418108,0.28648283462222457,0.2752688172043011,0.19411764705882353,0.27158067158067156,0.0734853437942683,0.35795899609600035,0.36200716845878134,0.07951807228915662,-0.24545454545454548,-0.14921815408085426,6.538671282196873e-06,0.0028673835125447855,0.0002893723572626461
1894,0.26378238375758783,0.2724014336917563,0.1026252983293556,-0.21708542713567835,-0.13544836016576323,0.2622615712142197,0.26953405017921145,0.10287081339712918,-0.21708542713567835,-0.13251996480552364,0.2821251374326079,0.2738351254480287,0.1786743515850144,0.31513121161362373,0.07539610577149114,0.34734923734605083,0.353405017921147,0.054245283018867926,-0.22814070351758797,-0.1500903369669615,-0.0015208125433681108,-0.002867383512544841,0.0002455150677735801
1895,0.272275440648857,0.2731182795698925,0.12128712871287128,-0.2261790182868142,-0.13452631759981426,0.27143348993061683,0.2724014336917563,0.12098765432098765,-0.22714148219441765,-0.13752568986421987,0.27942942617731426,0.2738351254480287,0.18911174785100288,0.38189007101422884,0.03043915694249777,0.35333045672464813,0.36200716845878134,0.06403940886699508,-0.22714148219441765,-0.1405250621286256,-0.0008419507182401698,-0.0007168458781361964,-0.0002994743918836307
1896,0.27893631831021176,0.2860215053763441,0.12342569269521411,-0.22596153846153844,-0.14755351681957185,0.27808121019487686,0.28817204301075267,0.12436548223350254,-0.22307692307692306,-0.1383792048929664,0.2923330297701206,0.2802867383512545,0.17901234567901234,0.28244301994302,0.07568807339449546,0.3627222376485154,0.37060931899641575,0.06615776081424936,-0.2269230769230769,-0.13532110091743121,-0.0008551081153349016,0.002150537634408589,0.0009397895382884242
1897,0.27587737253636674,0.2831541218637993,0.12207792207792208,-0.2232916265640038,-0.13744327370393328,0.2737415685518325,0.2802867383512545,0.12207792207792208,-0.22232916265640035,-0.13744327370393328,0.2769008227606213,0.2709677419354839,0.17197452229299362,0.4342555239284909,0.08309289220400806,0.3562058367431035,0.36057347670250894,0.05181347150259067,-0.233878729547642,-0.1405494168857352,-0.0021358039845342236,-0.0028673835125447855,0.0
1898,0.29221318485088077,0.3003584229390681,0.13225058004640372,-0.23359073359073357,-0.15527395800021315,0.29073925038417314,0.2989247311827957,0.13425925925925927,-0.2355212355212355,-0.15817876559002242,0.2971600133165513,0.2924731182795699,0.16844919786096257,0.26737451737451745,0.010300074618910582,0.3763385332445602,0.3863799283154122,0.06293706293706294,-0.23359073359073357,-0.14946434282059484,-0.001473934466707627,-0.0014336917562723928,0.002008679212855552
1899,0.27693198226308174,0.2831541218637993,0.10817307692307693,-0.23023023023023026,-0.1547822232073589,0.27564935690968556,0.2817204301075269,0.11004784688995216,-0.23223223223223222,-0.16072941798310292,0.2867450670427033,0.27670250896057347,0.18571428571428572,0.35535535535535534,0.04147520439219421,0.3578905014491583,0.36702508960573477,0.06746987951807229,-0.24124124124124124,-0.15180862581948695,-0.0012826253533961829,-0.0014336917562723928,0.001874769966875231
1900,0.2772817463857262,0.2845878136200717,0.12529550827423167,-0.22080471050049066,-0.13956603536937162,0.2765598300616001,0.2853046594982079,0.12559241706161137,-0.21884200196270853,-0.1366495254818345,0.29039199513331265,0.2824372759856631,0.18155619596541786,0.628239912255383,0.08208871608344837,0.35899010250761726,0.36917562724014336,0.06132075471698113,-0.2404317958783121,-0.14248254525690873,-0.000721916324126104,0.0007168458781361964,0.0002969087873797016
1901,0.25819228927687926,0.26666666666666666,0.14180929095354522,-0.23290386521308226,-0.13912072541606602,0.25723016416783523,0.26666666666666666,0.14250614250614252,-0.23389494549058476,-0.13315652770154396,0.27906301282985574,0.2709677419354839,0.19384615384615383,0.5086573777181833,0.11137557859386515,0.344353949985587,0.35053763440860214,0.0851581508515815,-0.23587710604558965,-0.14508492313058818,-0.0009621251090440319,0.0,0.0006968515525972996
1902,0.27003578105750087,0.27670250896057347,0.07857142857142857,-0.22632103688933203,-0.12831089882761615,0.26819033709523826,0.2745519713261649,0.08095238095238096,-0.22632103688933203,-0.12831089882761615,0.27936440680707225,0.2709677419354839,0.14366197183098592,0.33535504597319155,0.06100738167607467,0.355806574590692,0.36630824372759857,0.05694760820045558,-0.2562313060817547,-0.18365008851331033,-0.001845443962262605,-0.002150537634408589,0.0023809523809523864
1903,0.28090646528685637,0.2824372759856631,0.10602409638554217,-0.2420634920634921,-0.15962766103180914,0.2802349439516601,0.2853046594982079,0.10628019323671498,-0.24007936507936511,-0.15664127784322857,0.2900382539679084,0.2824372759856631,0.16715542521994134,0.46527777777777785,0.061364694923148555,0.3633833767940642,0.3734767025089606,0.06038647342995169,-0.24702380952380953,-0.15664127784322857,-0.0006715213351962679,0.0028673835125447855,0.0002560968511728101
1904,0.2728289622558615,0.27813620071684586,0.1323529411764706,-0.2368672397325693,-0.14652380665743692,0.2720427608728847,0.27741935483870966,0.1323529411764706,-0.23973256924546327,-0.14652380665743692,0.282427019628386,0.2709677419354839,0.17746478873239438,0.3002742089533844,0.012442923356063562,0.3530179678711369,0.35985663082437275,0.06157635467980296,-0.2435530085959885,-0.1405250621286256,-0.0007862013829768033,-0.0007168458781361964,0.0
1905,0.27872897731961765,0.2860215053763441,0.13122171945701358,-0.2305389221556886,-0.16186189345766122,0.27775046022254685,0.2831541218637993,0.1292517006802721,-0.2295409181636726,-0.15899481163403928,0.279964872851407,0.2716845878136201,0.17866666666666667,0.38217315369261473,0.03023258872500345,0.35890576927048806,0.36989247311827955,0.07692307692307693,-0.23952095808383234,-0.16186189345766122,-0.000978517097070808,-0.0028673835125447855,-0.0019700187767414667
1906,0.254010430283604,0.2616487455197133,0.08443271767810026,-0.21680993314231134,-0.14048438661441753,0.2532657981402885,0.25949820788530464,0.08465608465608465,-0.21394460362941736,-0.13733789430383847,0.2592388009350279,0.25017921146953404,0.12380952380952381,0.38819908733948855,0.06089112126263829,0.3433519555207004,0.34695340501792116,0.050761421319796954,-0.2340019102196753,-0.1876817712731026,-0.0007446321433154934,-0.0021505376344086446,0.00022336697798439054
1907,0.26340326151041,0.2724014336917563,0.11583924349881797,-0.2313803376365442,-0.16514839398794534,0.2616058500730479,0.2731182795698925,0.11583924349881797,-0.23237338629592852,-0.16514839398794534,0.2678280721491918,0.2630824372759857,0.14739884393063585,0.459119496855346,0.06252977628578449,0.3423536481774579,0.34982078853046594,0.04964539007092199,-0.2512413108242304,-0.16514839398794534,-0.0017974114373621175,0.0007168458781361964,0.0
1908,0.26735680223743175,0.27741935483870966,0.1053921568627451,-0.23320537428023036,-0.12843249427917625,0.26641924401330724,0.2745519713261649,0.1053921568627451,-0.23224568138195778,-0.12843249427917625,0.27042454516329273,0.26093189964157704,0.1558073654390935,0.32587571976967367,0.03488340416258029,0.3507791961856423,0.35698924731182796,0.05489260143198091,-0.24952015355086377,-0.16109567396752755,-0.0009375582241245017,-0.0028673835125447855,0.0
1909,0.26095359448603267,0.26594982078853047,0.10922330097087378,-0.22890397672162943,-0.11494959264408577,0.26035590964184285,0.26738351254480286,0.10948905109489052,-0.22987390882638215,-0.11202119728384607,0.27499099200853294,0.26738351254480286,0.18285714285714286,0.4580887232630558,0.06661091969077226,0.3444636956457113,0.34910394265232975,0.054502369668246446,-0.23957322987390883,-0.1442335462464822,-0.0005976848441898164,0.0014336917562723928,0.0002657501240167365
1910,0.2751106105372292,0.2738351254480287,0.10386473429951691,-0.23002887391722815,-0.15664127784322857,0.27419988950458873,0.2716845878136201,0.10411622276029056,-0.2309913378248316,-0.1536548946546481,0.28705853245952995,0.2724014336917563,0.14366197183098592,0.36484019780292726,0.019555330283021366,0.36769200046756806,0.3835125448028674,0.06872037914691943,-0.24927815206929738,-0.18053234335187263,-0.0009107210326404491,-0.002150537634408589,0.0002514884607736495
1911,0.26562824127444984,0.27025089605734764,0.11444141689373297,-0.22595704948646123,-0.1412516624796808,0.264595106270223,0.26953405017921145,0.11684782608695653,-0.22782446311858073,-0.14447317866114973,0.28233687093229026,0.2709677419354839,0.1737704918032787,0.3510737628384687,0.058482340771390584,0.3519832219866216,0.36057347670250894,0.057692307692307696,-0.23809523809523814,-0.1315871139352741,-0.0010331350042268594,-0.0007168458781361964,0.0024064091932235604
1912,0.2641453495410892,0.26881720430107525,0.10579345088161209,-0.22082931533269046,-0.14755351681957185,0.26339018909030254,0.26881720430107525,0.10632911392405063,-0.22082931533269046,-0.14143730886850148,0.27764098395737746,0.26810035842293906,0.15615615615615616,0.2945998071359691,0.04816513761467889,0.35091039719590794,0.36057347670250894,0.0784313725490196,-0.2516875602700096,-0.1811926605504588,-0.0007551604507866627,0.0,0.0005356630424385445
1913,0.27317784171733905,0.2802867383512545,0.11029411764705882,-0.22463054187192122,-0.12587922653568162,0.27223231839210704,0.27885304659498206,0.11083743842364532,-0.2236453201970443,-0.1199488573668005,0.2854077095613146,0.2810035842293907,0.1908831908831909,0.5069273399014779,0.04313629477743264,0.35285765631649657,0.36129032258064514,0.07655502392344497,-0.24926108374384237,-0.15553107238008768,-0.0009455233252320117,-0.0014336917562724483,0.0005433207765865034
1914,0.2671069978871045,0.26953405017921145,0.125,-0.22145669291338588,-0.13551628551628558,0.2649363523993179,0.27025089605734764,0.12531328320802004,-0.22539370078740162,-0.1324948024948025,0.25864944670490453,0.25017921146953404,0.16666666666666666,0.33223594895465647,0.021600831600831594,0.34705063019532506,0.3548387096774194,0.0825242718446602,-0.24311023622047245,-0.1717740817740817,-0.0021706454877866155,0.0007168458781361964,0.00031328320802004317
1915,0.27583010417433484,0.2838709677419355,0.1258741258741259,-0.2334004024144869,-0.14694527290359172,0.27426514708138994,0.2831541218637993,0.1258741258741259,-0.23440643863179078,-0.14694527290359172,0.28288168176363704,0.2724014336917563,0.17355371900826447,0.4614352783366868,0.04451722686769255,0.3561712910258627,0.3648745519713262,0.05647058823529412,-0.23742454728370221,-0.1353414850386654,-0.0015649570929449075,-0.0007168458781361964,0.0
1916,0.2527764797188035,0.25734767025089605,0.08803611738148984,-0.2410358565737052,-0.15724638274526503,0.25161665960770446,0.25591397849462366,0.09213483146067415,-0.24302788844621515,-0.1629586564365434,0.27670934446487316,0.26881720430107525,0.1358695652173913,0.2693930161706116,0.056963880677677436,0.3408896663497149,0.35627240143369177,0.05921052631578947,-0.25796812749003983,-0.19437616173857508,-0.0011598201110990525,-0.0014336917562723928,0.004098714079184315
1917,0.26811551932551464,0.26810035842293906,0.09302325581395349,-0.22793404461687683,-0.1436555600675372,0.26699229574130046,0.26523297491039427,0.09302325581395349,-0.22890397672162943,-0.1436555600675372,0.2820991243023936,0.2802867383512545,0.1640378548895899,0.43158745554477856,0.0737744626586021,0.35462533873873314,0.36129032258064514,0.06801007556675064,-0.25412221144519886,-0.17471699188555712,-0.0011232235842141836,-0.0028673835125447855,0.0
1918,0.2613700105271376,0.26594982078853047,0.08177570093457943,-0.22681451612903225,-0.1465595352307857,0.2600359849786182,0.2645161290322581,0.08158508158508158,-0.22883064516129037,-0.14946434282059484,0.2836735002405589,0.27670250896057347,0.13753581661891118,0.32073732718894005,0.08292026436414024,0.35183971619129645,0.35913978494623655,0.0367816091954023,-0.2520161290322581,-0.16689318835944988,-0.001334025548519413,-0.0014336917562723928,-0.0001906193494978503
1919,0.2681114947198601,0.2745519713261649,0.10051546391752578,-0.21539961013645226,-0.13328609319971796,0.26633011954186936,0.2738351254480287,0.10051546391752578,-0.22514619883040932,-0.13328609319971796,0.27472870505868285,0.26738351254480286,0.1504424778761062,0.42683770357794126,0.017722118454929547,0.35273050927722577,0.3634408602150538,0.05303030303030303,-0.2485380116959064,-0.15794049510251762,-0.0017813751779907627,-0.0007168458781361964,0.0
1920,0.26670959124643445,0.27598566308243727,0.1225,-0.224390243902439,-0.1276996131151047,0.2652693708155729,0.2731182795698925,0.1225,-0.22341463414634144,-0.1276996131151047,0.2777610180070108,0.2709677419354839,0.19648093841642228,0.25161290322580654,0.04978102970372178,0.3520807554095609,0.35627240143369177,0.05555555555555555,-0.23512195121951218,-0.11566702716128607,-0.0014402204308615607,-0.0028673835125447855,0.0
1921,0.2856731042115089,0.2974910394265233,0.12682926829268293,-0.22254901960784312,-0.13437125422251284,0.2844566417895803,0.2989247311827957,0.1271393643031785,-0.22058823529411764,-0.13140187425084449,0.2871840140010384,0.2810035842293907,0.18285714285714286,0.14635854341736687,0.04379154407758523,0.35997188469092123,0.36630824372759857,0.061124694376528114,-0.24607843137254903,-0.13140187425084449,-0.001216462421928577,0.0014336917562724483,0.00031009601049555857
1922,0.2574434386011033,0.26666666666666666,0.09245742092457421,-0.22376237623762374,-0.1424956459379162,0.2567117800151375,0.26594982078853047,0.0970873786407767,-0.2267326732673267,-0.14547348290817197,0.27555285715857425,0.26738351254480286,0.16521739130434782,0.37569466624081765,0.05404159409896525,0.34607189184128917,0.3541218637992832,0.06038647342995169,-0.2287128712871287,-0.15142915684868352,-0.0007316585859657998,-0.0007168458781361964,0.00462995771620249
1923,0.27460045452645143,0.2824372759856631,0.12698412698412698,-0.24453280318091453,-0.16400316455696196,0.2733846643811619,0.27885304659498206,0.12698412698412698,-0.24552683896620275,-0.16400316455696196,0.29788871355180774,0.2974910394265233,0.19491525423728814,0.48315109343936385,0.08607594936708851,0.35796441944052976,0.37060931899641575,0.075,-0.2504970178926441,-0.1611286919831223,-0.0012157901452895525,-0.0035842293906810374,0.0
1924,0.2653191244874605,0.2709677419354839,0.09595959595959595,-0.2269155206286837,-0.12864649581917142,0.2643565928787503,0.26953405017921145,0.0982367758186398,-0.22789783889980353,-0.13167698841323128,0.27402461896256075,0.2637992831541219,0.16119402985074627,0.34199306107093597,0.056213552418486024,0.3481833195933423,0.35913978494623655,0.06097560975609756,-0.23870333988212178,-0.1710733921360108,-0.0009625316087101821,-0.0014336917562724483,0.0022771798590438402
1925,0.2702814278410075,0.2817204301075269,0.13466334164588528,-0.21865889212827994,-0.11781829639168195,0.2695282237760448,0.2845878136200717,0.13602015113350127,-0.21477162293488827,-0.10587276363735987,0.2879096995417603,0.27813620071684586,0.20116618075801748,0.5397974858146023,0.05539192854598751,0.3493488832970016,0.35627240143369177,0.06930693069306931,-0.24295432458697763,-0.12677744595742346,-0.0007532040649627092,0.0028673835125447855,0.0013568094876159897
1926,0.2782346870462167,0.2831541218637993,0.12776412776412777,-0.22634146341463413,-0.14875663853428756,0.27611871247213854,0.2810035842293907,0.12776412776412777,-0.22829268292682925,-0.14875663853428756,0.27884592930397645,0.2745519713261649,0.18604651162790697,0.34926829268292686,0.04075659023835765,0.35953171655253247,0.36845878136200716,0.07560975609756097,-0.23804878048780487,-0.15778107799965158,-0.002115974574078139,-0.002150537634408589,0.0
1927,0.2909825105204528,0.2946236559139785,0.10476190476190476,-0.22319688109161795,-0.14600330802575612,0.2901188266763978,0.2974910394265233,0.10501193317422435,-0.2222222222222222,-0.1430628406870308,0.29049715275408033,0.2838709677419355,0.16201117318435754,0.26243208494048365,0.036305666975213424,0.3718854558260386,0.37921146953405016,0.0585480093676815,-0.2485380116959064,-0.1665865793968333,-0.0008636838440549965,0.0028673835125447855,0.0002500284123195806
1928,0.2763140181596106,0.2853046594982079,0.12114014251781473,-0.22596630327056488,-0.1337330155942974,0.27493415468296006,0.2853046594982079,0.12142857142857143,-0.22497522299306238,-0.1308165057067604,0.29092810255734897,0.2831541218637993,0.1712707182320442,0.3991184601742215,0.0383410677703917,0.36237190165367655,0.3741935483870968,0.04513064133016627,-0.23885034687809714,-0.1337330155942974,-0.0013798634766505335,0.0,0.0002884289107566995
1929,0.2549239393317286,0.26093189964157704,0.09927360774818401,-0.23417085427135675,-0.1536548946546481,0.2539482279059449,0.25878136200716845,0.09927360774818401,-0.23517587939698492,-0.1536548946546481,0.26987062058780004,0.2637992831541219,0.1495601173020528,0.3889447236180904,0.061364694923148555,0.33630714184740423,0.3419354838709677,0.04578313253012048,-0.23919597989949748,-0.15962766103180914,-0.0009757114257836763,-0.002150537634408589,0.0
1930,0.2798778119995122,0.28817204301075267,0.1405152224824356,-0.22704837117472854,-0.15632027017283212,0.2787945296545051,0.2896057347670251,0.14150943396226415,-0.22704837117472854,-0.1475470312345416,0.2938764308152915,0.28888888888888886,0.19498607242339833,0.42765477365674803,0.042539812428419754,0.3660158122626106,0.37706093189964157,0.06682577565632458,-0.23297137216189534,-0.1329249663373907,-0.0010832823450071527,0.0014336917562724483,0.0009942114798285606
1931,0.295948742832869,0.2996415770609319,0.10966057441253264,-0.22466539196940727,-0.12319214372446308,0.29440376963152337,0.2974910394265233,0.11428571428571428,-0.2265774378585086,-0.1293750609339963,0.30609497051871437,0.2996415770609319,0.18461538461538463,0.4140504533399124,0.05611245535199905,0.38485698316019445,0.3913978494623656,0.05454545454545454,-0.2437858508604207,-0.1293750609339963,-0.0015449732013456119,-0.0021505376344086446,0.0046251398731816384
1932,0.2785538596083581,0.27956989247311825,0.105,-0.20914396887159536,-0.09714062884124686,0.27772771927759593,0.27956989247311825,0.10526315789473684,-0.20914396887159536,-0.09418376948704255,0.29926654450291873,0.2910394265232975,0.19130434782608696,0.31865821513744197,0.0654866356399888,0.3700653790285723,0.37849462365591396,0.07194244604316546,-0.23929961089494167,-0.1474072378627197,-0.0008261403307621706,0.0,0.00026315789473684015
1933,0.26938821444473826,0.2731182795698925,0.10697674418604651,-0.23237338629592852,-0.14482186553855092,0.2679273900747872,0.2716845878136201,0.10747663551401869,-0.23237338629592852,-0.13903529509352575,0.2722921516945548,0.26666666666666666,0.15760869565217392,0.3590273490968625,0.03456181825722693,0.34939982528888136,0.35842293906810035,0.05733944954128441,-0.24528301886792447,-0.1621815768736261,-0.0014608243699510415,-0.0014336917562723928,0.0004998913279721795
1934,0.2688168466298298,0.2724014336917563,0.12470588235294118,-0.24031777557100298,-0.1530187323272012,0.2683832176028081,0.2752688172043011,0.12529550827423167,-0.23733862959285001,-0.1471619416067219,0.289500929121983,0.2802867383512545,0.1896551724137931,0.3847236014564714,0.07246771041125144,0.3501918227536528,0.35770609318996416,0.05489260143198091,-0.23733862959285001,-0.13544836016576323,-0.00043362902702170913,0.0028673835125447855,0.0005896259212904847
1935,0.28803714447153494,0.2960573476702509,0.14713216957605985,-0.232943469785575,-0.13591959242632612,0.28771203316770355,0.2946236559139785,0.14285714285714285,-0.23099415204678364,-0.12988556452240707,0.28903664005041085,0.2824372759856631,0.19130434782608696,0.3142578668894459,0.03303318888341078,0.3657417775950165,0.36774193548387096,0.08374384236453201,-0.2514619883040936,-0.15100466218612418,-0.00032511130383139353,-0.0014336917562723928,-0.004275026718916997
1936,0.2536470310038458,0.25663082437275986,0.08851674641148326,-0.22803553800592302,-0.14267142114256004,0.2527963337393205,0.25591397849462366,0.09047619047619047,-0.230009871668312,-0.1485604878740604,0.2712887447444175,0.26666666666666666,0.15895953757225434,0.3707484519429238,0.06933498119145554,0.3366120876311987,0.34480286738351257,0.0539906103286385,-0.23988153998025663,-0.1662276880685617,-0.0008506972645253019,-0.0007168458781361964,0.0019594440647072164
1937,0.27609932664283854,0.2810035842293907,0.11306532663316583,-0.22928709055876684,-0.1399749023982153,0.2757434540879696,0.2810035842293907,0.11306532663316583,-0.23121387283236994,-0.1399749023982153,0.29555668157690795,0.2910394265232975,0.17350157728706625,0.5573217726396917,0.10623257110987172,0.3628711226839885,0.36989247311827955,0.06172839506172839,-0.24662813102119463,-0.1612520914668154,-0.0003558725548689634,0.0,0.0
1938,0.3007541826362033,0.3053763440860215,0.16923076923076924,-0.21764141898370082,-0.12088569091023516,0.298945200469547,0.30752688172043013,0.16966580976863754,-0.21860019175455414,-0.11783688910333068,0.3079290181916074,0.3053763440860215,0.2507462686567164,0.2967401725790988,0.04679840846951544,0.3868194931775562,0.392831541218638,0.1015625,-0.22722914669223393,-0.10259288006880773,-0.0018089821666563144,0.0021505376344086446,0.0004350405378683031
1939,0.284163163648368,0.2960573476702509,0.14657210401891252,-0.23992133726647003,-0.14970869378798957,0.2829028463402877,0.2967741935483871,0.14726840855106887,-0.2379547689282202,-0.14384389686162746,0.2906587888476014,0.2853046594982079,0.209366391184573,0.40692837153014144,0.026235214002875207,0.36219137051718403,0.36917562724014336,0.08133971291866028,-0.2271386430678466,-0.1350467014720842,-0.0012603173080803498,0.0007168458781361964,0.0006963045321563555
1940,0.282468946381728,0.2838709677419355,0.12702078521939955,-0.23529411764705888,-0.16873113424474262,0.28234795212675046,0.28745519713261647,0.12702078521939955,-0.23230309072781652,-0.16873113424474262,0.30123060629718135,0.2946236559139785,0.17231638418079095,0.21738233575136667,0.06167314687068859,0.3687750064930019,0.37921146953405016,0.06511627906976744,-0.24227318045862412,-0.1599816045821314,-0.00012099425497752447,0.003584229390680982,0.0
1941,0.2760291677307325,0.2845878136200717,0.13302752293577982,-0.22799999999999998,-0.12747211562746974,0.27495624139945335,0.2838709677419355,0.13926940639269406,-0.22999999999999998,-0.1331557206755799,0.2917458294252151,0.28817204301075267,0.22070844686648503,0.4100212765957447,0.06861225853233288,0.354093315658155,0.35985663082437275,0.07534246575342465,-0.238,-0.1331557206755799,-0.0010729263312791448,-0.0007168458781361964,0.006241883456914232
1942,0.28178749167120737,0.2867383512544803,0.09285714285714286,-0.2216748768472906,-0.14345366379310343,0.2815372907487145,0.2867383512544803,0.09330143540669857,-0.2216748768472906,-0.13758081896551722,0.28943068729176513,0.2860215053763441,0.15555555555555556,0.31942733990147787,0.03273168103448276,0.36743288171517435,0.38064516129032255,0.05188679245283019,-0.24827586206896557,-0.15519935344827596,-0.0002502009224928936,0.0,0.0004442925495557054
1943,0.2764195918468367,0.2910394265232975,0.0916030534351145,-0.2239532619279455,-0.1406444577338446,0.27485528137501436,0.28745519713261647,0.0916030534351145,-0.2239532619279455,-0.1406444577338446,0.28006182677927666,0.2709677419354839,0.13005780346820808,0.3647312048378004,0.003528335737151278,0.36822230249026683,0.37849462365591396,0.05185185185185185,-0.23953261927945468,-0.17745453266260947,-0.0015643104718223166,-0.0035842293906810374,0.0
1944,0.2914408874847574,0.2989247311827957,0.11951219512195121,-0.23471400394477315,-0.15514770723104054,0.28947837634673435,0.2960573476702509,0.12009803921568628,-0.23471400394477315,-0.14914021164021163,0.30350071778787724,0.2924731182795699,0.16422287390029325,0.35566771087133076,0.05211089065255725,0.37625919434083777,0.3849462365591398,0.051597051597051594,-0.24852071005917165,-0.14613646384479717,-0.0019625111380230376,-0.002867383512544841,0.0005858440937350634
1945,0.2793718028646915,0.2860215053763441,0.1162227602905569,-0.22374877330716392,-0.1407051494578847,0.2791890541942048,0.2845878136200717,0.11650485436893204,-0.22669283611383706,-0.1377399648734441,0.28922370852973556,0.2860215053763441,0.18823529411764706,0.46577877470909856,0.07575332520627931,0.3555778737475033,0.36630824372759857,0.06921241050119331,-0.23945044160942097,-0.1584962569645283,-0.00018274867048667653,-0.0014336917562723928,0.00028209407837513634
1946,0.2750204352271683,0.27813620071684586,0.12144702842377261,-0.23047977422389465,-0.1463729206618205,0.27342101453559586,0.27813620071684586,0.12207792207792208,-0.22953904045155216,-0.1401507380814342,0.2707902838010648,0.2623655913978495,0.1651376146788991,0.38597753306402527,0.04029255674976584,0.3610541717719118,0.36630824372759857,0.06887755102040816,-0.2502351834430856,-0.16192837711278596,-0.0015994206915724285,0.0,0.0006308936541494642
1947,0.25722955719427226,0.2637992831541219,0.11888111888111888,-0.22199592668024437,-0.1419285803160384,0.2564057886565385,0.2623655913978495,0.11888111888111888,-0.22301425661914465,-0.1419285803160384,0.2816318623882206,0.27741935483870966,0.19130434782608696,0.38739620867930435,0.10110737837501549,0.33708047912224787,0.3419354838709677,0.04513064133016627,-0.23116089613034618,-0.11878229853593791,-0.0008237685377337489,-0.0014336917562723928,0.0
1948,0.26724288866302215,0.2745519713261649,0.11940298507462686,-0.23704414587332057,-0.16825201393041822,0.26709307453255504,0.2752688172043011,0.12158808933002481,-0.23896353166986561,-0.17131952017448204,0.27783339806742785,0.2731182795698925,0.1540785498489426,0.41751211041038294,0.0495409293981075,0.35051371149484073,0.35985663082437275,0.07635467980295567,-0.25431861804222644,-0.18052203890667318,-0.00014981413046710745,0.0007168458781361964,0.002185104255397946
1949,0.2827356176762787,0.2903225806451613,0.11358024691358025,-0.23601895734597156,-0.1612520914668154,0.281684713869777,0.2917562724014337,0.1188118811881188,-0.23601895734597156,-0.15821249302844398,0.28408821270334406,0.27598566308243727,0.1661807580174927,0.33692373976734163,0.027203011712214176,0.36481669285638213,0.3734767025089606,0.05707196029776675,-0.24549763033175354,-0.15517289459007244,-0.0010509038065016907,0.0014336917562723928,0.0052316342745385574
1950,0.26561138175074056,0.2709677419354839,0.09382716049382717,-0.2272727272727273,-0.11192492561226819,0.26533232157330694,0.2724014336917563,0.09476309226932668,-0.22533849129593808,-0.10009748819545106,0.2765856338354468,0.2716845878136201,0.1457142857142857,0.45873629916183106,0.050702338868967356,0.3479855803499023,0.35985663082437275,0.04964539007092199,-0.25918762088974856,-0.16514839398794534,-0.000279060177433621,0.0014336917562723928,0.0009359317754995128
1951,0.2660486853609166,0.27598566308243727,0.10679611650485436,-0.227316141356256,-0.1275362955924546,0.2644460316362052,0.27670250896057347,0.11138014527845036,-0.22827125119388725,-0.13048491621622993,0.2696883783392349,0.2630824372759857,0.1794871794871795,0.5032473734479466,0.0523295624578376,0.34580688277236415,0.353405017921147,0.06666666666666667,-0.2502387774594078,-0.15112526058265696,-0.001602653724711356,0.0007168458781361964,0.004584028773595997
1952,0.273118515963529,0.2802867383512545,0.13875598086124402,-0.22410358565737054,-0.12498348593168618,0.2725596500880435,0.2802867383512545,0.1366906474820144,-0.22310756972111556,-0.12206697604414896,0.29342691691226247,0.28817204301075267,0.20396600566572237,0.33204681274900394,0.0645896567582257,0.35246113701023846,0.35913978494623655,0.07345971563981042,-0.250996015936255,-0.1366495254818345,-0.0005588658754854814,0.0,-0.0020653333792296225
1953,0.2749773311067107,0.2802867383512545,0.12594458438287154,-0.21936758893280628,-0.13167698841323128,0.2744439757847374,0.2824372759856631,0.12626262626262627,-0.21837944664031617,-0.12864649581917142,0.2708362637961981,0.25519713261648747,0.1529745042492918,0.37421314595227645,0.0016646857254067893,0.3537751145229263,0.36200716845878134,0.06666666666666667,-0.23913043478260865,-0.15592092916571088,-0.0005333553219732945,0.002150537634408589,0.0003180418797547324
1954,0.24758373315316948,0.25017921146953404,0.13033175355450238,-0.22970297029702968,-0.13162981605549195,0.24687049206083975,0.24874551971326164,0.13095238095238096,-0.2287128712871287,-0.12581243964555366,0.273847519487289,0.2623655913978495,0.15730337078651685,0.2652915291529153,0.060343605472469974,0.3302690060078109,0.34121863799283153,0.06088992974238876,-0.23564356435643563,-0.14617325708033757,-0.0007132410923297305,-0.0014336917562723928,0.0006206273978785759
1955,0.26810724388934076,0.2745519713261649,0.10321100917431193,-0.23499491353001012,-0.15462994176631173,0.2676084077925077,0.2731182795698925,0.1070615034168565,-0.2380467955239064,-0.1632757606403723,0.2873604929964175,0.2817204301075269,0.16621253405994552,0.24594188155159458,0.04422389233708113,0.3514509964945037,0.36129032258064514,0.061224489795918366,-0.2522889114954222,-0.16903963988974602,-0.0004988360968330441,-0.0014336917562723928,0.0038504942425445637
1956,0.28042530532016025,0.2917562724014337,0.1016949152542373,-0.2360308285163777,-0.13557980044590257,0.27883632641137335,0.2903225806451613,0.1016949152542373,-0.2360308285163777,-0.13557980044590257,0.2877430959320826,0.27741935483870966,0.16193181818181818,0.36146435452793835,0.044788620160558845,0.3683314188756372,0.374910394265233,0.057007125890736345,-0.24470134874759153,-0.15923467527953683,-0.0015889789087868977,-0.0014336917562723928,0.0
1957,0.2785356531179235,0.2867383512544803,0.11421319796954314,-0.22958693563880883,-0.14907971996386638,0.2773345164388672,0.2824372759856631,0.11421319796954314,-0.2305475504322767,-0.14907971996386638,0.29330503488527476,0.2860215053763441,0.16666666666666666,0.3860604119970114,0.06631097560975607,0.3720897413846307,0.37849462365591396,0.060759493670886074,-0.24207492795389052,-0.15215672990063234,-0.0012011366790563027,-0.004301075268817178,0.0
1958,0.2653967782259572,0.2745519713261649,0.14153132250580047,-0.22189349112426038,-0.15274716683605494,0.26478721312209447,0.2752688172043011,0.14153132250580047,-0.2258382642998028,-0.15274716683605494,0.278019764814386,0.27598566308243727,0.21159420289855072,0.396227015333715,0.09673427225986098,0.341251556081662,0.34695340501792116,0.08196721311475409,-0.23668639053254437,-0.1411433789711286,-0.0006095651038627303,0.0007168458781361964,0.0
1959,0.2670810935742579,0.2724014336917563,0.1159090909090909,-0.24334975369458123,-0.16363966432043042,0.26627652330166035,0.2724014336917563,0.1159090909090909,-0.24532019704433494,-0.16363966432043042,0.28198717645601395,0.27670250896057347,0.16981132075471697,0.2597507968704723,0.03495589460915771,0.35170310505479335,0.36129032258064514,0.056818181818181816,-0.2561576354679803,-0.16363966432043042,-0.0008045702725975601,0.0,0.0
1960,0.24990504218134357,0.2530465949820789,0.11737089201877934,-0.2177734375,-0.13076239959706282,0.24840226138937307,0.2537634408602151,0.11764705882352941,-0.2177734375,-0.12787291572780535,0.2594845525918027,0.24946236559139784,0.17270194986072424,0.5001085069444444,0.06283301964318855,0.32857531830243675,0.33835125448028674,0.0776255707762557,-0.2451171875,-0.16543620602815257,-0.0015027807919704983,0.0007168458781361964,0.0002761668047500665
1961,0.27595190844869566,0.2810035842293907,0.11448598130841121,-0.24552683896620275,-0.16180391840792008,0.2753965983144747,0.2831541218637993,0.11583924349881797,-0.2405566600397614,-0.1471619416067219,0.29653715988222124,0.2967741935483871,0.1864406779661017,0.4178442856375262,0.054897338249813576,0.3597777402208261,0.37132616487455194,0.061465721040189124,-0.2465208747514911,-0.1471619416067219,-0.0005553101342209432,0.002150537634408589,0.0013532621904067538
1962,0.2636332487067408,0.26594982078853047,0.10823529411764705,-0.23804878048780487,-0.17628736447117188,0.26184151749278384,0.26810035842293906,0.10849056603773585,-0.24,-0.17332217988673126,0.2781017489927296,0.26881720430107525,0.13609467455621302,0.306829268292683,0.08168369437516043,0.3522366694226626,0.3648745519713262,0.0589622641509434,-0.2526829268292683,-0.17332217988673126,-0.0017917312139569819,0.002150537634408589,0.0002552719200887982
1963,0.2586294749732995,0.2616487455197133,0.12735849056603774,-0.22941176470588232,-0.13996125455092012,0.2575688841454494,0.2623655913978495,0.12735849056603774,-0.23039215686274506,-0.13996125455092012,0.26992142497373783,0.26093189964157704,0.17403314917127072,0.4715686274509803,0.04061925916029263,0.33389922473261335,0.34050179211469533,0.06960556844547564,-0.24607843137254903,-0.16034937706670238,-0.0010605908278501497,0.0007168458781361964,0.0
1964,0.26879037873991596,0.27598566308243727,0.11057692307692307,-0.22446916076845302,-0.11170184415307538,0.2678300462196097,0.2745519713261649,0.1111111111111111,-0.22446916076845302,-0.10589222897345696,0.27657448011739616,0.26881720430107525,0.18333333333333332,0.2795906486503049,0.0509673808762392,0.3421712286036916,0.34838709677419355,0.04964539007092199,-0.24974721941354905,-0.1320354972817397,-0.0009603325203062507,-0.0014336917562723928,0.0005341880341880323
1965,0.2604953066395689,0.2630824372759857,0.11604938271604938,-0.2173076923076923,-0.1453598844721441,0.25986862297632807,0.26594982078853047,0.11604938271604938,-0.21923076923076923,-0.1453598844721441,0.27187917493627173,0.25949820788530464,0.1582089552238806,0.2893336314847943,0.06551990989932777,0.3393414268367463,0.34910394265232975,0.07524271844660194,-0.24711538461538463,-0.16644786390929134,-0.0006266836632408124,0.0028673835125447855,0.0
1966,0.2526852681204831,0.25949820788530464,0.11805555555555555,-0.23297137216189534,-0.1556481138022865,0.2523185321167301,0.25949820788530464,0.11395348837209303,-0.23395853899308983,-0.14984621986982327,0.2747081784278553,0.26810035842293906,0.18285714285714286,0.4369559364623531,0.08222953742870298,0.3355799722396867,0.3419354838709677,0.06481481481481481,-0.23988153998025663,-0.1556481138022865,-0.00036673600375297655,0.0,-0.004102067183462524
1967,0.2716019656160399,0.2752688172043011,0.125,-0.2224409448818898,-0.10572271684027346,0.2709592245245914,0.2745519713261649,0.12530712530712532,-0.219488188976378,-0.1027903183770923,0.28601807228362924,0.27741935483870966,0.20728291316526612,0.3580361278369616,0.04382960478196174,0.3552765792492137,0.36200716845878134,0.09836065573770492,-0.2440944881889764,-0.161438287640714,-0.0006427410914484621,-0.0007168458781361964,0.0003071253071253166
1968,0.2875840343352388,0.2967741935483871,0.11650485436893204,-0.22090729783037477,-0.15066851146606752,0.28719084906170056,0.2974910394265233,0.11678832116788321,-0.21992110453648916,-0.14768212827748706,0.29118012799241866,0.2860215053763441,0.1661631419939577,0.5524239593065503,0.09122852680895366,0.36879711251050895,0.3763440860215054,0.06038647342995169,-0.25246548323471396,-0.15664127784322857,-0.0003931852735382657,0.0007168458781361964,0.0002834667989511652
1969,0.29599754013703206,0.3025089605734767,0.14130434782608695,-0.21674418604651158,-0.1276959081434893,0.29487834971180676,0.2989247311827957,0.14130434782608695,-0.22139534883720935,-0.1276959081434893,0.28681158823967995,0.2745519713261649,0.19879518072289157,0.20168157423971378,-0.01290452334808212,0.3769830666240607,0.38064516129032255,0.09239130434782608,-0.226046511627907,-0.1276959081434893,-0.0011191904252252916,-0.003584229390680982,0.0
1970,0.25564275844297285,0.2645161290322581,0.10617283950617284,-0.23143683702989393,-0.14798764823416455,0.25485438786861336,0.2623655913978495,0.10617283950617284,-0.2324011571841852,-0.14798764823416455,0.2756231856161335,0.2637992831541219,0.16012084592145015,0.43541733633344054,0.075271384210845,0.3421311443866329,0.34982078853046594,0.05392156862745098,-0.2468659594985535,-0.15703869009004334,-0.0007883705743594871,-0.002150537634408589,0.0
1971,0.2730877505182633,0.2810035842293907,0.12264150943396226,-0.22115384615384615,-0.12746215420347562,0.2726759438859483,0.2824372759856631,0.12380952380952381,-0.21923076923076923,-0.11588901331342538,0.28087789514536543,0.2738351254480287,0.1712707182320442,0.4277327935222672,0.05192152959230223,0.35745226062144786,0.36630824372759857,0.07534246575342465,-0.24711538461538463,-0.16796814731865128,-0.0004118066323149927,0.0014336917562723928,0.001168014375561549
1972,0.26886560745957444,0.27670250896057347,0.13539192399049882,-0.21943887775551107,-0.14384389686162746,0.2687641406797925,0.2752688172043011,0.1360381861575179,-0.217434869739479,-0.13797909993526536,0.2864511808124767,0.27813620071684586,0.20454545454545456,0.3941937929913882,0.05849159709786711,0.35001735122359945,0.35698924731182796,0.07637231503579953,-0.2354709418837675,-0.13797909993526536,-0.00010146677978195573,-0.0014336917562723928,0.0006462621670190738
1973,0.27294407669904025,0.27598566308243727,0.12264150943396226,-0.23138832997987924,-0.14501111914905018,0.27203744575870276,0.27670250896057347,0.12351543942992874,-0.22736418511066403,-0.13624976556011037,0.28546038211392577,0.27741935483870966,0.18156424581005587,0.4506512760775177,0.04773865980762537,0.3554527339115103,0.3634408602150538,0.061465721040189124,-0.23138832997987924,-0.14209066795273695,-0.0009066309403374939,0.0007168458781361964,0.0008739299959664715
1974,0.27713416312236183,0.2810035842293907,0.09803921568627451,-0.22463054187192122,-0.14131525200508277,0.2762753963162645,0.2831541218637993,0.09828009828009827,-0.22463054187192122,-0.13832456189991138,0.2803042063244811,0.26881720430107525,0.1466275659824047,0.3754515599343185,0.05906098504140489,0.3590963693521899,0.36845878136200716,0.04611650485436893,-0.23546798029556648,-0.15327801242576866,-0.0008587668060973108,0.002150537634408589,0.00024088259382376576
1975,0.2582992074483326,0.25806451612903225,0.10426540284360189,-0.23980582524271843,-0.17262380753459117,0.25722712928306557,0.25949820788530464,0.10451306413301663,-0.23786407766990292,-0.1696502101467191,0.27936066625623396,0.26738351254480286,0.1569767441860465,0.24477308647550233,0.05931678871942647,0.344607079287787,0.35985663082437275,0.057007125890736345,-0.24563106796116507,-0.1696502101467191,-0.0010720781652670541,0.0014336917562723928,0.0002476612894147384
1976,0.2841490892331907,0.2903225806451613,0.12318840579710146,-0.23267326732673266,-0.17514077380180082,0.2832947051957671,0.2903225806451613,0.12408759124087591,-0.22970297029702968,-0.16608973194592214,0.29829933346990456,0.2896057347670251,0.1762917933130699,0.2664266426642665,0.08130541211476416,0.36881082874800186,0.37777777777777777,0.05472636815920398,-0.2376237623762376,-0.13893660637828587,-0.0008543840374236056,0.0,0.0008991854437744584
1977,0.27492133076873687,0.2802867383512545,0.1259259259259259,-0.22342519685039375,-0.12719232998702168,0.27287533340349085,0.27670250896057347,0.1259259259259259,-0.22539370078740162,-0.12719232998702168,0.2796966803488545,0.27741935483870966,0.18950437317784258,0.20605604446503012,0.05769779916316564,0.3589799643024483,0.37060931899641575,0.09569377990430622,-0.2362204724409449,-0.16595961513141588,-0.0020459973652460217,-0.0035842293906810374,0.0
1978,0.26531602044522284,0.26594982078853047,0.12469437652811736,-0.22745098039215683,-0.14952317892184264,0.2639893142632492,0.26666666666666666,0.12469437652811736,-0.23235294117647054,-0.14952317892184264,0.2814904110552791,0.2716845878136201,0.16071428571428573,0.3019607843137255,0.06943099637977146,0.3529714542792514,0.35985663082437275,0.06779661016949153,-0.2529411764705882,-0.1615206679794653,-0.0013267061819736692,0.0007168458781361964,0.0
1979,0.2422198506403516,0.24731182795698925,0.1103448275862069,-0.24114173228346458,-0.16181600717631817,0.24050310884123438,0.24587813620071686,0.1103448275862069,-0.24212598425196852,-0.16181600717631817,0.2532248592124454,0.24444444444444444,0.1532033426183844,0.31469461587571823,0.058364065251337305,0.3230239095467955,0.33046594982078853,0.06997742663656885,-0.24901574803149606,-0.184992856905545,-0.0017167417991172107,-0.0014336917562723928,0.0
1980,0.295705400224502,0.3046594982078853,0.11682242990654206,-0.22027290448343084,-0.13654136733557776,0.29449966731260574,0.3025089605734767,0.11737089201877934,-0.21832358674463936,-0.13076239959706282,0.2998789243263205,0.2931899641577061,0.16976127320954906,0.24847709551656916,0.01082230999655387,0.3842460884913168,0.396415770609319,0.07256235827664399,-0.24561403508771928,-0.1741046576359251,-0.00120573291189624,-0.002150537634408589,0.0005484621122372885
1981,0.318569453098488,0.32688172043010755,0.14974619289340102,-0.2344632768361582,-0.14639143294525103,0.31840918030829457,0.32759856630824374,0.14974619289340102,-0.2335216572504708,-0.14639143294525103,0.32782341768814655,0.3218637992831541,0.2037037037037037,0.36381826741996237,0.06866574006056414,0.40067847561999725,0.410752688172043,0.07216494845360824,-0.23728813559322037,-0.12795796097332401,-0.00016027279019342755,0.0007168458781361964,0.0
1982,0.26630167843029556,0.27670250896057347,0.1342925659472422,-0.2304648862512364,-0.17617394179894175,0.26490377417434713,0.2745519713261649,0.1346153846153846,-0.2344213649851632,-0.1731701940035274,0.277717541415296,0.2709677419354839,0.19402985074626866,0.4251801610852056,0.07013337742504411,0.3428363774228396,0.35197132616487453,0.08068459657701711,-0.23837784371909,-0.15214395943562609,-0.0013979042559484345,-0.002150537634408589,0.000322818668142405
1983,0.2818368638122163,0.2903225806451613,0.1111111111111111,-0.2230997038499506,-0.13598130841121503,0.281218867809911,0.2931899641577061,0.11165048543689321,-0.21816386969397827,-0.13007584992550458,0.2935715235605045,0.28888888888888886,0.17647058823529413,0.5575131979913301,0.08252065556007049,0.3639939686876716,0.3727598566308244,0.05952380952380952,-0.2349457058242843,-0.15369768386834615,-0.0006179960023052766,0.0028673835125447855,0.0005393743257821049
1984,0.30080843418646086,0.3089605734767025,0.1468354430379747,-0.22009569377990434,-0.11781750871456864,0.2994705327819888,0.30824372759856633,0.14720812182741116,-0.21818181818181814,-0.114800494762609,0.2946507883240041,0.2845878136200717,0.19881305637982197,0.5352369192776664,0.057169300499087417,0.3750877776832112,0.37992831541218636,0.07518796992481203,-0.2421052631578947,-0.12988556452240707,-0.0013379014044720416,-0.0007168458781361964,0.0003726787894364758
1985,0.2980743283786111,0.3068100358422939,0.1466346153846154,-0.23203883495145627,-0.15999541741689371,0.2970225758153792,0.3046594982078853,0.14769975786924938,-0.23009708737864076,-0.15104912084511035,0.31064673060470627,0.3003584229390681,0.21301775147928995,0.3488115165718112,0.07260829344947095,0.38272877664678445,0.3942652329749104,0.08292682926829269,-0.2359223300970874,-0.1421028242733271,-0.001051752563231867,-0.002150537634408589,0.0010651424846339907
1986,0.2688167629468094,0.2709677419354839,0.09750566893424037,-0.23937823834196892,-0.15401416765053133,0.2678622534450839,0.2724014336917563,0.0979498861047836,-0.23834196891191706,-0.14829463465827109,0.2788979988304943,0.27025089605734764,0.14745308310991956,0.41807714450201494,0.040449954086317685,0.35272364837968617,0.3648745519713262,0.059602649006622516,-0.24559585492227975,-0.18833136560409292,-0.0009545095017254868,0.0014336917562723928,0.00044421717054322907
1987,0.25200214755665656,0.25663082437275986,0.13636363636363635,-0.21739130434782605,-0.14449541284403666,0.2516490597271706,0.25448028673835127,0.13670886075949368,-0.21642512077294684,-0.14143730886850148,0.2707423541023446,0.26666666666666666,0.18944099378881987,0.5150501672240803,0.08180428134556572,0.33215912272380943,0.3333333333333333,0.05181347150259067,-0.24057971014492752,-0.11391437308868502,-0.0003530878294859541,-0.002150537634408589,0.00034522439585732423
1988,0.24905783776975876,0.25663082437275986,0.0948905109489051,-0.2361660079051383,-0.1714239610787326,0.24746886587760036,0.25734767025089605,0.0951219512195122,-0.23715415019762842,-0.1683979852275468,0.26361162867495086,0.26021505376344084,0.14420062695924765,0.3774703557312253,0.10696581723036458,0.3358244317915342,0.34838709677419355,0.06428571428571428,-0.2579051383399209,-0.19865774373940515,-0.0015889718921583973,0.0007168458781361964,0.00023144027060709171
1989,0.2767858861895617,0.2824372759856631,0.1261904761904762,-0.2324902723735408,-0.1485604878740604,0.2760147013880583,0.2838709677419355,0.1261904761904762,-0.2334630350194552,-0.1485604878740604,0.28216525028547385,0.2716845878136201,0.17341040462427745,0.30350194552529186,0.06933498119145554,0.3562109719241355,0.35913978494623655,0.05555555555555555,-0.24221789883268485,-0.1308932876795591,-0.0007711848015033995,0.0014336917562723928,0.0
1990,0.2610104776898981,0.2637992831541219,0.1037037037037037,-0.2396931927133269,-0.18292682926829273,0.26035526046966545,0.2645161290322581,0.10421836228287841,-0.23873441994247369,-0.1767728093947606,0.2794677296482567,0.2724014336917563,0.15359477124183007,0.4124277681324661,0.12169715447154472,0.3538615670054988,0.36129032258064514,0.05472636815920398,-0.24928092042186,-0.17369579945799463,-0.0006552172202326512,0.0007168458781361964,0.0005146585791747094
1991,0.2546603456395867,0.25734767025089605,0.11764705882352941,-0.23084291187739459,-0.15439758994520714,0.25412557838417216,0.25878136200716845,0.11764705882352941,-0.22892720306513414,-0.15439758994520714,0.28336505153930913,0.27885304659498206,0.20307692307692307,0.39379084967320266,0.09564559480953794,0.33919309259659924,0.34551971326164876,0.0691358024691358,-0.23659003831417624,-0.1453598844721441,-0.0005347672554145699,0.0014336917562723928,0.0
1992,0.28679390769609864,0.2924731182795699,0.14883720930232558,-0.21747572815533978,-0.1625338263269297,0.28637221006429053,0.2931899641577061,0.1527777777777778,-0.2203883495145631,-0.1683747287195564,0.2994315484737399,0.2896057347670251,0.20786516853932585,0.14569174757281556,0.05357956220025184,0.3664103805967081,0.37132616487455194,0.07710843373493977,-0.23883495145631073,-0.11872705838223074,-0.0004216976318081045,0.0007168458781361964,0.003940568475452211
1993,0.28669133338549646,0.2953405017921147,0.10677083333333333,-0.2396135265700483,-0.13703964679124114,0.28497639948420567,0.2946236559139785,0.10677083333333333,-0.2396135265700483,-0.13703964679124114,0.28966961300184807,0.2824372759856631,0.14714714714714713,0.27228809837505497,0.021626009008607228,0.3721276393285348,0.38064516129032255,0.05583756345177665,-0.2473429951690821,-0.16815055969317216,-0.0017149339012907938,-0.0007168458781361964,0.0
1994,0.2770255407466639,0.2838709677419355,0.12307692307692308,-0.23535353535353531,-0.1568035669733041,0.2762831566204384,0.2845878136200717,0.12334801762114538,-0.23535353535353531,-0.15399634610586632,0.2824252398573514,0.27598566308243727,0.1836734693877551,0.2787878787878788,0.02005134767527017,0.35477464188747226,0.36415770609319,0.06666666666666667,-0.24545454545454548,-0.14276746263611562,-0.0007423841262255149,0.0007168458781361964,0.00027109454422229173
1995,0.26822921817696455,0.2709677419354839,0.10843373493975904,-0.22254901960784312,-0.13383782104530928,0.2676563534228024,0.26953405017921145,0.1089588377723971,-0.21862745098039216,-0.12794875431380892,0.2750999274250787,0.26093189964157704,0.15934065934065933,0.27226890756302513,0.016333380607951642,0.3513442879990514,0.35770609318996416,0.06103286384976526,-0.24607843137254903,-0.1662276880685617,-0.0005728647541621279,-0.0014336917562724483,0.0005251028326380552
1996,0.2657164504504973,0.2731182795698925,0.11893203883495146,-0.22298624754420437,-0.1275362955924546,0.26430956806942074,0.2709677419354839,0.12318840579710146,-0.22495088408644404,-0.13343353684000525,0.2858169869922196,0.2802867383512545,0.1891891891891892,0.3887856422237561,0.10540473368579262,0.3507955439953606,0.3627240143369176,0.07565011820330969,-0.23379174852652262,-0.15997112245398282,-0.0014068823810765574,-0.002150537634408589,0.004256366962149996
1997,0.26471791278222834,0.26881720430107525,0.11494252873563218,-0.23159960745829244,-0.16435095470098116,0.2633991086033475,0.26810035842293906,0.1152073732718894,-0.23061825318940132,-0.1614500077347496,0.2796986696652257,0.2724014336917563,0.16260162601626016,0.3816014247810126,0.02711154507030311,0.34902278744538523,0.35913978494623655,0.05733944954128441,-0.24435721295387636,-0.16725190166721282,-0.0013188041788808613,-0.0007168458781361964,0.0002648445362572194
1998,0.2808836372163719,0.28888888888888886,0.1201923076923077,-0.23939393939393938,-0.13933077808755578,0.27990756879292916,0.28888888888888886,0.12440191387559808,-0.24141414141414141,-0.14522801933510632,0.288108054721182,0.2752688172043011,0.16184971098265896,0.4153846153846154,0.06707266557671399,0.3559856674550693,0.36415770609319,0.05263157894736842,-0.25656565656565655,-0.14522801933510632,-0.0009760684234427219,0.0,0.0042096061832903875
1999,0.2815041020647163,0.2838709677419355,0.11868686868686869,-0.22965116279069764,-0.14984697646603584,0.2797185873741243,0.2810035842293907,0.11838790931989925,-0.23062015503875966,-0.15291448271009955,0.29126997377997405,0.2838709677419355,0.16307692307692306,0.31069415081042984,0.06794596686248988,0.3654264217227452,0.3727598566308244,0.06716417910447761,-0.2441860465116279,-0.16825201393041822,-0.001785514690592016,-0.0028673835125447855,-0.00029895936696944236
