draw,equal_weight_delta_aurc,fixed_effect_delta_aurc,random_effect_delta_aurc
0,-0.0007995985832564119,-0.0013739503636965385,-0.0013739503636965385
1,-0.001057757804794575,-0.0014408193780545478,-0.0014408193780545478
2,-0.001459026804601725,-0.0014056455817607284,-0.0014056455817607284
3,-0.0010300394860204998,-0.0012733162156763028,-0.0012733162156763028
4,-0.00049165545056015,-0.0012521533557217348,-0.0012521533557217348
5,-0.0007775771666613,-0.001370838578294682,-0.001370838578294682
6,-0.00033635812649835,-0.0014390252744572458,-0.0014390252744572458
7,-0.00024293686385291072,-0.0012216730601083787,-0.0012216730601083787
8,-0.000805962214962,-0.0013950307567675696,-0.0013950307567675696
9,-0.000420484156289325,-0.0012582427852015448,-0.0012582427852015448
10,-0.000764884184540325,-0.00138098480997072,-0.00138098480997072
11,-0.0011039528059594748,-0.0013888480242348063,-0.0013888480242348063
12,-0.0006522041226228,-0.001307514216732124,-0.001307514216732124
13,-0.001809070549598825,-0.0014557785863120436,-0.0014557785863120436
14,-0.00153503110930875,-0.0013790566778558576,-0.0013790566778558576
15,-0.0008352774181512,-0.0013996422064216502,-0.0013996422064216502
16,0.00024764945769285005,-0.0010612706550021387,-0.0010612706550021387
17,-0.0014524105344591,-0.0013919403851849624,-0.0013919403851849624
18,-0.00115543782620145,-0.0012156118980874125,-0.0012156118980874125
19,-0.0005947245295441497,-0.0012233474739279317,-0.0012233474739279317
20,-0.00019432938679837493,-0.001530891042368529,-0.001530891042368529
21,-0.000560490517365275,-0.0012225265905372574,-0.0012225265905372574
22,-0.0005595974690178389,-0.0014763836009702932,-0.0014763836009702932
23,-0.0009038334975655251,-0.0014069318969526868,-0.0014069318969526868
24,-0.0005725886452975749,-0.00107124205822988,-0.00107124205822988
25,-0.0005515306456383017,-0.0012993376687007471,-0.0012993376687007471
26,-0.0010312599831184507,-0.0013557870801304186,-0.0013557870801304186
27,-0.001862476216365975,-0.0016733290218616048,-0.0016733290218616048
28,-0.0007281844319755001,-0.0012788792084820985,-0.0012788792084820985
29,-0.000510641242777075,-0.001212825075828283,-0.001212825075828283
30,-0.0005720504415234718,-0.001392823279334281,-0.001392823279334281
31,-0.0011220481489031269,-0.0015440124683096855,-0.0015440124683096855
32,-0.00133613560749335,-0.0013962635528468436,-0.0013962635528468436
33,-0.0007366825364742251,-0.0013642584888237874,-0.0013642584888237874
34,-0.000986840308799925,-0.0013518303194042052,-0.0013518303194042052
35,-0.00124631418873605,-0.001481137521587519,-0.001481137521587519
36,-0.0009515458202027499,-0.001336565519606245,-0.001336565519606245
37,-0.00101261847263495,-0.0013311801800727774,-0.0013311801800727774
38,-0.0016755259687929003,-0.0013954505921794647,-0.0013954505921794647
39,-0.001854704957155475,-0.0013832084157103523,-0.0013832084157103523
40,-0.000866832482496175,-0.0013496846184580576,-0.0013496846184580576
41,-0.001128478481045075,-0.0011898196140707907,-0.0011898196140707907
42,-0.0007479634270952751,-0.001314936708799798,-0.001314936708799798
43,-0.00023076235363859998,-0.0011627884367929873,-0.0011627884367929873
44,-0.0012074586682653998,-0.001466172569300362,-0.001466172569300362
45,0.0002324600604409354,-0.0011214458537727042,-0.0011214458537727042
46,-0.00107711456977795,-0.0014557912486345896,-0.0014557912486345896
47,-0.000572032018790775,-0.0013080337555709985,-0.0013080337555709985
48,-0.00026294543067127495,-0.001188533022011974,-0.001188533022011974
49,-0.0017008042595958752,-0.0012730225559091936,-0.0012730225559091936
50,-0.000152399268518425,-0.0013440642978537756,-0.0013440642978537756
51,-0.0011753489980554752,-0.0016632675772632927,-0.0016632675772632927
52,-0.0010811656256941,-0.001078959144825636,-0.001078959144825636
53,-0.00105816402805975,-0.0012989851225405117,-0.0012989851225405117
54,-0.0009005639190673251,-0.0014834935863844486,-0.0014834935863844486
55,-0.00266481632206305,-0.001516423595112841,-0.001516423595112841
56,-0.000662540350200225,-0.0013245774227920056,-0.0013245774227920056
57,-0.0007091182814655751,-0.0014096504262684126,-0.0014096504262684126
58,-0.0006830144865729538,-0.001410322775650518,-0.001410322775650518
59,-0.00056511291534035,-0.001430093686722694,-0.001430093686722694
60,-0.001216094443921875,-0.0013999062146495159,-0.0013999062146495159
61,-0.001876698794300975,-0.0015122636934178611,-0.0015122636934178611
62,-0.0010123835542338749,-0.0016144487950219067,-0.0016144487950219067
63,-0.00128049838322155,-0.0014724074393821448,-0.0014724074393821448
64,-0.001116757288602725,-0.0012108468470813328,-0.0012108468470813328
65,-0.0009914610046366,-0.0013413617153338144,-0.0013413617153338144
66,-0.000602748945837625,-0.0013266338313767708,-0.0013266338313767708
67,-0.0008548769859330418,-0.0013382230586408794,-0.0013382230586408794
68,-0.001514980381905175,-0.0014396411813782685,-0.0014396411813782685
69,-0.0012729507973362,-0.001359191618291383,-0.001359191618291383
70,4.102251077347033e-07,-0.0012125246550221337,-0.0012125246550221337
71,-0.00022861211861832496,-0.0012045478502031117,-0.0012045478502031117
72,-0.0007291476837209749,-0.0013921967160720572,-0.0013921967160720572
73,-0.00014686139763433906,-0.001598370530217082,-0.001598370530217082
74,-0.001007580120815675,-0.001396154348671727,-0.001396154348671727
75,-0.00013442690443155007,-0.001331041575015833,-0.001331041575015833
76,-0.001756837992923825,-0.001653276599339084,-0.001653276599339084
77,-0.000524669757744,-0.0011738848391467777,-0.0011738848391467777
78,0.0007108891235835499,-0.001216302339007041,-0.001216302339007041
79,-0.001302611300760325,-0.0013094782698390203,-0.0013094782698390203
80,-0.0007658525181014499,-0.0013555373262771537,-0.0013555373262771537
81,9.178787326227499e-05,-0.0013053633804661097,-0.0013053633804661097
82,-0.0014669758543145001,-0.0014862422181814298,-0.0014862422181814298
83,-0.001694926538567875,-0.0015894558129456963,-0.0015894558129456963
84,-0.000405492949965475,-0.0011138375261416963,-0.0011138375261416963
85,-0.0015808372788481749,-0.0015008314346180865,-0.0015008314346180865
86,-0.00016551524551860006,-0.0012796578226321356,-0.0012796578226321356
87,-0.0012127022377635,-0.0012856855000615971,-0.0012856855000615971
88,-0.0010978014622088001,-0.001287129971777977,-0.001287129971777977
89,-0.00139613969410035,-0.0012211299233603255,-0.0012211299233603255
90,-0.001705170440320225,-0.0013239248480180759,-0.0013239248480180759
91,-0.001446708053713925,-0.0011801020777356772,-0.0011801020777356772
92,-0.001262411422812675,-0.0015658255898510125,-0.0015658255898510125
93,-0.0006233001390943216,-0.0015871436701012356,-0.0015871436701012356
94,-0.001031564653172825,-0.0009157594950274154,-0.0009157594950274154
95,-0.00088112911579165,-0.0013411134744579847,-0.0013411134744579847
96,-0.000415184959266975,-0.0012654327810714147,-0.0012654327810714147
97,-0.000558634316420525,-0.0012662317276071133,-0.0012662317276071133
98,-0.0014585309890624253,-0.0013848599941668977,-0.0013848599941668977
99,-0.001124202936617675,-0.0013549114169209315,-0.0013549114169209315
100,-0.001739635989990775,-0.0015643322579264312,-0.0015643322579264312
101,-0.000849627617385031,-0.0014041105185186606,-0.0014041105185186606
102,-0.00034693341081425003,-0.001347357436642479,-0.001347357436642479
103,-0.001145387343148125,-0.0015410596286593752,-0.0015410596286593752
104,-0.001197369578108825,-0.0013598755752761169,-0.0013598755752761169
105,-0.00030411364792332497,-0.0012407885189137046,-0.0012407885189137046
106,-0.000978983350906125,-0.0013344511519641049,-0.0013344511519641049
107,-0.0018771764467216002,-0.001308807592187081,-0.001308807592187081
108,-0.00011584038749007692,-0.00126340059577587,-0.00126340059577587
109,-0.000815166871349,-0.0014253659172287756,-0.0014253659172287756
110,-0.0005523178110573326,-0.0013852198012338447,-0.0013852198012338447
111,-0.002089629986230375,-0.0013533636302372574,-0.0013533636302372574
112,-0.0003927009499916,-0.0013510047224848589,-0.0013510047224848589
113,-0.001014200574196,-0.0013941605423257813,-0.0013941605423257813
114,-0.000825193678406075,-0.001233756828719702,-0.001233756828719702
115,-0.000925264833151425,-0.0012218481001003865,-0.0012218481001003865
116,-0.0015280722776868751,-0.001218558105224647,-0.001218558105224647
117,-0.000830806984367475,-0.0012893079934376522,-0.0012893079934376522
118,-0.0007354129211428501,-0.0015228363870186904,-0.0015228363870186904
119,-0.00161696668860795,-0.0012511313047200929,-0.0012511313047200929
120,-0.0009681129434785394,-0.0012000120975078758,-0.0012000120975078758
121,-0.0009333962175703,-0.0013807424681981117,-0.0013807424681981117
122,-0.00021644781828032497,-0.0012756973930601672,-0.0012756973930601672
123,-0.0001288706794663358,-0.0013976956772942782,-0.0013976956772942782
124,-0.001660519577292875,-0.001511188828401011,-0.001511188828401011
125,-0.00019775451236762496,-0.0012550122098060168,-0.0012550122098060168
126,-0.000997723358219625,-0.0013602490654933644,-0.0013602490654933644
127,-0.000756914656767425,-0.0015128989417899869,-0.0015128989417899869
128,-0.00154430658102805,-0.0015597306690195542,-0.0015597306690195542
129,-0.0019798461847323,-0.0015188192953238134,-0.0015188192953238134
130,-0.0005445635067781751,-0.0012607956153166161,-0.0012607956153166161
131,-0.001529911043928625,-0.001421992797319259,-0.001421992797319259
132,-0.0017548710912959249,-0.0012316372330666075,-0.0012316372330666075
133,-0.000903447457674725,-0.0013009304273102172,-0.0013009304273102172
134,-0.0010287781748991014,-0.001406711414888402,-0.001406711414888402
135,-0.003058199275824975,-0.0013275421694137984,-0.0013275421694137984
136,-0.000805347737970375,-0.0012211242887048602,-0.0012211242887048602
137,-0.0007093270695869136,-0.0013172592841094815,-0.0013172592841094815
138,-0.00091242353800645,-0.0012111612830796397,-0.0012111612830796397
139,-0.0011960225332302,-0.0011814597980915854,-0.0011814597980915854
140,-0.001435576280102,-0.0012316704932772142,-0.0012316704932772142
141,-0.00132402047910775,-0.0013844560350031842,-0.0013844560350031842
142,-0.000614727405849025,-0.0012935783029164357,-0.0012935783029164357
143,-0.0008097641305612,-0.0011287926566111506,-0.0011287926566111506
144,-0.0013772757023348251,-0.0016007001193066347,-0.0016007001193066347
145,-0.00124701099749545,-0.0015591224112477915,-0.0015591224112477915
146,-0.0009994105270394,-0.0013493988237757242,-0.0013493988237757242
147,-0.00246621398362285,-0.0016831533140035124,-0.0016831533140035124
148,-0.0010805927012249499,-0.0014088153024255541,-0.0014088153024255541
149,-0.00043492092275399874,-0.0014579807235186547,-0.0014579807235186547
150,-0.0013418022598872,-0.0012198080248358597,-0.0012198080248358597
151,-1.6081270055999953e-05,-0.0011829284078880258,-0.0011829284078880258
152,-0.0014512273173536501,-0.0012504233595887016,-0.0012504233595887016
153,-0.0002984383118992,-0.0013598082005450267,-0.0013598082005450267
154,-0.00092419062365555,-0.0014857418100222759,-0.0014857418100222759
155,-0.0012471815082401748,-0.0013966019423817444,-0.0013966019423817444
156,-0.0015185470940335,-0.0014057705809047425,-0.0014057705809047425
157,-0.0010526582451976,-0.0013810956833267467,-0.0013810956833267467
158,-0.00169842020192295,-0.0013883500649571404,-0.0013883500649571404
159,-0.000308677643367325,-0.0013131787666465092,-0.0013131787666465092
160,-0.000538798384374775,-0.001344330143149858,-0.001344330143149858
161,-0.0015461355514142,-0.001279149455253487,-0.001279149455253487
162,-0.0015279513550012,-0.0012236974375981595,-0.0012236974375981595
163,-0.0011682521980336,-0.0014131451013268698,-0.0014131451013268698
164,-0.0008252806165277751,-0.0014153678591479495,-0.0014153678591479495
165,-0.0004972331044119888,-0.0011775336521554674,-0.0011775336521554674
166,-0.0021559021869229002,-0.0014331834374762288,-0.0014331834374762288
167,-0.0006494044453771822,-0.0013842067599687908,-0.0013842067599687908
168,-0.001345781360824675,-0.001293928940205065,-0.001293928940205065
169,-0.0009944425795057115,-0.0014695315465160239,-0.0014695315465160239
170,-0.000743592187399025,-0.0013016590539931712,-0.0013016590539931712
171,-0.0003897115073558,-0.0013083576115674365,-0.0013083576115674365
172,-0.00063927539555555,-0.0013456417225064757,-0.0013456417225064757
173,-0.0009537189400396999,-0.0012303067539646934,-0.0012303067539646934
174,-0.0005512986089385,-0.0013669168088861954,-0.0013669168088861954
175,-0.0015025356187154252,-0.001410596881688097,-0.001410596881688097
176,-0.0014693108267372001,-0.0014390260766253661,-0.0014390260766253661
177,-0.00044980701752870005,-0.001499777562483744,-0.001499777562483744
178,-0.001581522242264625,-0.0012367667684678476,-0.0012367667684678476
179,-6.608088514942502e-05,-0.001184684857520471,-0.001184684857520471
180,-0.0017931210732675751,-0.0014391861459297673,-0.0014391861459297673
181,-0.0007770310756375025,-0.0012661875963746946,-0.0012661875963746946
182,-0.00039247774917425,-0.0014648869722294533,-0.0014648869722294533
183,-0.001025878847556775,-0.0014038612763749288,-0.0014038612763749288
184,-0.0009752572332173194,-0.0012445588038889365,-0.0012445588038889365
185,-0.00045408561538815,-0.0011063405926510083,-0.0011063405926510083
186,-0.0008423150466446,-0.0012106199766903688,-0.0012106199766903688
187,-0.0005456562592343501,-0.0013649917360327127,-0.0013649917360327127
188,-0.000752126023341066,-0.0013368562211074258,-0.0013368562211074258
189,-0.000807734318498825,-0.0014696542251966362,-0.0014696542251966362
190,-0.00141073158536005,-0.0014647940800479214,-0.0014647940800479214
191,-0.0012358910523027251,-0.0011517287370161153,-0.0011517287370161153
192,-0.00162725436925965,-0.0014653526302961831,-0.0014653526302961831
193,-0.000486585863973775,-0.001434235560706612,-0.001434235560706612
194,-0.0017521134995711748,-0.001429264972192311,-0.001429264972192311
195,-0.001135002339336725,-0.0012921761776956667,-0.0012921761776956667
196,-0.00099662643499445,-0.0015818737270061544,-0.0015818737270061544
197,-0.00044690947119865,-0.0011940982197550935,-0.0011940982197550935
198,-0.00131118207720005,-0.0013221456700172225,-0.0013221456700172225
199,-0.001440431088073275,-0.001555385997499374,-0.001555385997499374
200,-0.00031993704001212497,-0.0013807746330243473,-0.0013807746330243473
201,-0.0009301007328192501,-0.001369952948761017,-0.001369952948761017
202,-0.0011855233344213749,-0.0015271923731867373,-0.0015271923731867373
203,-0.000695407360641664,-0.0013757796157431107,-0.0013757796157431107
204,-0.0008810426822318501,-0.0013348195351576843,-0.0013348195351576843
205,-0.00140394486357755,-0.0013468708198965007,-0.0013468708198965007
206,-0.00023777643055632498,-0.001207993503611705,-0.001207993503611705
207,-0.001706349470000475,-0.0015515878112363395,-0.0015515878112363395
208,-0.000267943438528975,-0.001145515371211519,-0.001145515371211519
209,-0.0006291024044767797,-0.0011521035442863337,-0.0011521035442863337
210,-0.00111286527325555,-0.0015459789375334941,-0.0015459789375334941
211,-0.000469722493654225,-0.0010816340812438091,-0.0010816340812438091
212,-0.0005981633573211001,-0.0012973248801469767,-0.0012973248801469767
213,-0.000351498826612,-0.0012629596180807148,-0.0012629596180807148
214,-0.0012570984772271,-0.0013414101907794531,-0.0013414101907794531
215,-0.00094479016954555,-0.0015730036108478277,-0.0015730036108478277
216,-0.0011184360804580686,-0.0014822038410486763,-0.0014822038410486763
217,-0.00170806626885745,-0.0014032291967058272,-0.0014032291967058272
218,-0.0013099193078376999,-0.0012909104604978566,-0.0012909104604978566
219,-0.0012116618003355,-0.0014224195155735937,-0.0014224195155735937
220,-0.0009695803231443501,-0.0013468247368696674,-0.0013468247368696674
221,-0.001036419947151875,-0.001516997118303359,-0.001516997118303359
222,-0.00215657964698385,-0.0014615769321304618,-0.0014615769321304618
223,-0.001356962332567025,-0.00122705044394198,-0.00122705044394198
224,-0.00023412007559355002,-0.0012242897263771504,-0.0012242897263771504
225,-0.000979958617101825,-0.0013324667385536035,-0.0013324667385536035
226,-0.00060311363665705,-0.0014045341314382572,-0.0014045341314382572
227,-0.0005362198109949845,-0.0012930504251195231,-0.0012930504251195231
228,-0.00038256413492715,-0.0012302931195005084,-0.0012302931195005084
229,-0.00019663555684442497,-0.001430830985186791,-0.001430830985186791
230,0.0001716207205843501,-0.0012315209301003128,-0.0012315209301003128
231,-0.0008193102825455238,-0.001251856013545016,-0.001251856013545016
232,-0.00018476783605773386,-0.001191122546290893,-0.001191122546290893
233,-0.0010218752932156135,-0.0013726693618773705,-0.0013726693618773705
234,-0.0005137964245819,-0.001382759370842882,-0.001382759370842882
235,-0.0006600355696135,-0.0013251500840898358,-0.0013251500840898358
236,-8.558434149695002e-05,-0.0010642193338757239,-0.0010642193338757239
237,-0.0007637349656054,-0.0012279530521687287,-0.0012279530521687287
238,-7.778957987975005e-06,-0.0010887707433715852,-0.0010887707433715852
239,-0.0011421528083161252,-0.0014678810429863264,-0.0014678810429863264
240,-0.000948529538401675,-0.0013669560973144225,-0.0013669560973144225
241,-0.0008724600298968251,-0.0016392712321994173,-0.0016392712321994173
242,-0.00124200891939125,-0.001246049430524439,-0.001246049430524439
243,-0.0006503654260141,-0.0013710356624945185,-0.0013710356624945185
244,-0.0011469681063793228,-0.0015011691007738516,-0.0015011691007738516
245,-0.0007592869802334999,-0.0014850077954371575,-0.0014850077954371575
246,-0.00045056748221132493,-0.0013022950566994778,-0.0013022950566994778
247,-0.001313804064270075,-0.0011780410811281204,-0.0011780410811281204
248,-0.0014305489500968068,-0.0015236094330950765,-0.0015236094330950765
249,-0.0031932359577133747,-0.0016089135575882874,-0.0016089135575882874
250,-0.000597530155644625,-0.001350066327492647,-0.001350066327492647
251,0.00011622795603255,-0.001289216452150086,-0.001289216452150086
252,-0.0014577412239736502,-0.001185825197029285,-0.001185825197029285
253,-0.00111426702403155,-0.001389996928789108,-0.001389996928789108
254,-0.00125196358194785,-0.001445741682838956,-0.001445741682838956
255,-0.00034552783066454994,-0.0011295205633353865,-0.0011295205633353865
256,-0.000620742959498875,-0.0012717524013689744,-0.0012717524013689744
257,-0.001358195043559225,-0.001342355862820841,-0.001342355862820841
258,-0.00055822543109785,-0.0014837731654083043,-0.0014837731654083043
259,-0.0015865262810664251,-0.0015641254304283299,-0.0015641254304283299
260,-0.0006947583114682778,-0.001487468679177701,-0.001487468679177701
261,-0.00013849957984367496,-0.0015668776773182828,-0.0015668776773182828
262,-0.00075791139062595,-0.0014926058472413343,-0.0014926058472413343
263,-0.0005065450344318499,-0.001421474028664698,-0.001421474028664698
264,-0.0007759892816117751,-0.0011294820821940625,-0.0011294820821940625
265,-0.00077680981412925,-0.0012220899441906011,-0.0012220899441906011
266,-0.0006642063577752997,-0.001408017463656966,-0.001408017463656966
267,-0.001104872022623468,-0.001306703399313275,-0.001306703399313275
268,1.664960978934997e-05,-0.0013614980924008871,-0.0013614980924008871
269,0.00022576677110039997,-0.0013010972952035686,-0.0013010972952035686
270,-0.0007932920560642859,-0.0016596524604636496,-0.0016596524604636496
271,-0.00023661134068344994,-0.0013244395275544424,-0.0013244395275544424
272,-0.0008410260196457496,-0.0014261022004153094,-0.0014261022004153094
273,-0.0007717192881997237,-0.001374873995125981,-0.001374873995125981
274,-0.00020211267071755003,-0.0012832468738521643,-0.0012832468738521643
275,-0.000924298409737725,-0.0012181806111005876,-0.0012181806111005876
276,-0.001943668780958175,-0.001543811001402457,-0.001543811001402457
277,-0.0013600868771536001,-0.001461406219172345,-0.001461406219172345
278,-0.0006976209623038249,-0.0010896311236964068,-0.0010896311236964068
279,-0.00019196720232655007,-0.0012574564769719054,-0.0012574564769719054
280,-0.0009661264660323,-0.0013348842167004973,-0.0013348842167004973
281,-0.0010169773241917616,-0.0012734512878851687,-0.0012734512878851687
282,-0.000845137833627825,-0.0014986609519131015,-0.0014986609519131015
283,-0.00108979324081615,-0.0012680290045148416,-0.0012680290045148416
284,-0.00196460992732955,-0.0014395458869308562,-0.0014395458869308562
285,-0.001001359208030075,-0.0013892085240965447,-0.0013892085240965447
286,-0.000858518273114275,-0.0016062839287613719,-0.0016062839287613719
287,-0.00038841609562995983,-0.0013173831026198812,-0.0013173831026198812
288,-0.001474913636274975,-0.0014293250906019612,-0.0014293250906019612
289,-0.00035233379500664995,-0.0014269155724761528,-0.0014269155724761528
290,-0.0014771333202039248,-0.0013502210827385063,-0.0013502210827385063
291,-0.0008907814828327488,-0.0014756303009394317,-0.0014756303009394317
292,-0.001756281153888675,-0.0016077343279509353,-0.0016077343279509353
293,-0.0013231436550287545,-0.0013164732436557693,-0.0013164732436557693
294,-0.00034982897335162505,-0.0012978601873909667,-0.0012978601873909667
295,-0.00046622507768124996,-0.0015735608121168938,-0.0015735608121168938
296,-0.0006834067942489251,-0.0013009370546583562,-0.0013009370546583562
297,-0.001472138853644475,-0.0015871534701470365,-0.0015871534701470365
298,-0.001515752635070675,-0.0014440434638462074,-0.0014440434638462074
299,-0.001773317271368355,-0.001350502573352379,-0.001350502573352379
300,-0.0005448758295316751,-0.001645607434354128,-0.001645607434354128
301,-3.2555791770724995e-05,-0.0012925291675073521,-0.0012925291675073521
302,-0.0011130449725583,-0.0012472827972743873,-0.0012472827972743873
303,-0.0005860182729405499,-0.0013412512037402733,-0.0013412512037402733
304,-0.0020366674343486,-0.0015212397971751332,-0.0015212397971751332
305,-0.0007818160624054999,-0.0015633670874315557,-0.0015633670874315557
306,-0.000675033732152975,-0.0012613313587747546,-0.0012613313587747546
307,-0.0007478325657722779,-0.0012899043808724802,-0.0012899043808724802
308,-0.00046588055811945604,-0.001320643837702205,-0.001320643837702205
309,-0.000296996709878,-0.0012366596480073563,-0.0012366596480073563
310,-0.0014160489541652252,-0.001482805834732476,-0.001482805834732476
311,-0.0009376236933451751,-0.0013274602906543597,-0.0013274602906543597
312,-0.0015712401221474252,-0.0015351441266307014,-0.0015351441266307014
313,-0.00065906749612095,-0.0015052440628680638,-0.0015052440628680638
314,-0.00112085714901855,-0.0014029658682749907,-0.0014029658682749907
315,-0.001325638373313425,-0.0014458535867541533,-0.0014458535867541533
316,-0.0013967072152917999,-0.001262789511221816,-0.001262789511221816
317,-0.0004386653785969887,-0.0013599495528624024,-0.0013599495528624024
318,-0.00045956604145686,-0.0012928839287895623,-0.0012928839287895623
319,-0.0005774846789753114,-0.0010771386015710476,-0.0010771386015710476
320,-0.0009479323287632751,-0.001656809082510314,-0.001656809082510314
321,-0.0008515841837669,-0.0010543892774856043,-0.0010543892774856043
322,-0.0013037540677422249,-0.0014894604156604335,-0.0014894604156604335
323,-0.000850793057018675,-0.0014068355932382048,-0.0014068355932382048
324,-0.000298881923640025,-0.001067823452172318,-0.001067823452172318
325,-0.0013066075721375747,-0.0014286425851387826,-0.0014286425851387826
326,-0.001581385467568575,-0.0014463822668359114,-0.0014463822668359114
327,-0.00016675478010752502,-0.0010444429589755756,-0.0010444429589755756
328,-0.00098002906333505,-0.001156949508412298,-0.001156949508412298
329,-0.001313809229098321,-0.0015238147969523102,-0.0015238147969523102
330,-0.0006432184100300999,-0.0012203538552069796,-0.0012203538552069796
331,-0.001141311814507775,-0.0012001472387650667,-0.0012001472387650667
332,-0.000630826436876625,-0.0013827358866142225,-0.0013827358866142225
333,-0.00094438230510215,-0.0013644651956472877,-0.0013644651956472877
334,-0.001839974670503675,-0.0013196439989855747,-0.0013196439989855747
335,-0.000976894987337325,-0.0012842272836771998,-0.0012842272836771998
336,-0.000728926597863356,-0.0012509601666593944,-0.0012509601666593944
337,-0.000973399840606575,-0.0014309789403649433,-0.0014309789403649433
338,-0.001056528023900325,-0.0013104483563795674,-0.0013104483563795674
339,-0.001798140705592,-0.001359846389551595,-0.001359846389551595
340,0.00022396081557949992,-0.001406168901977332,-0.001406168901977332
341,-0.0001611111926342,-0.0013054980179281076,-0.0013054980179281076
342,-0.00058360940092285,-0.001446940358061844,-0.001446940358061844
343,-0.0007299273292145888,-0.0010804110229334612,-0.0010804110229334612
344,-3.963267540082498e-05,-0.0013097486089680137,-0.0013097486089680137
345,-0.00058782606373485,-0.0013344640857761937,-0.0013344640857761937
346,-0.0011469316388733248,-0.0012879727565230606,-0.0012879727565230606
347,-0.000662711261286625,-0.0014385824774635289,-0.0014385824774635289
348,-0.0013152058361401,-0.001348772806550805,-0.001348772806550805
349,-0.0014929716949845999,-0.0013364844536745538,-0.0013364844536745538
350,-0.00126321646877555,-0.001483112729259566,-0.001483112729259566
351,-0.00015291515174297506,-0.0011520742951116596,-0.0011520742951116596
352,-0.0008871025206170942,-0.0014291052921353191,-0.0014291052921353191
353,-0.00037160156019475,-0.00114163485160389,-0.00114163485160389
354,-0.000915217109587975,-0.0014549040006073704,-0.0014549040006073704
355,-0.000784561936657975,-0.0014142906563922948,-0.0014142906563922948
356,-0.0007956442544036499,-0.0014975742834405987,-0.0014975742834405987
357,-0.0008708123940970751,-0.0013481986214751078,-0.0013481986214751078
358,-0.0008341245463544251,-0.001398429481898429,-0.001398429481898429
359,-0.0006638681750437,-0.0010687780780509733,-0.0010687780780509733
360,-0.0004802623437046232,-0.0011780708220022198,-0.0011780708220022198
361,-0.0007988492709109,-0.0012627923683563925,-0.0012627923683563925
362,-0.0007336992288747501,-0.0012358851897295222,-0.0012358851897295222
363,-0.0007044804187593774,-0.0013150776406961758,-0.0013150776406961758
364,-0.0009671505620035175,-0.001278021624558865,-0.001278021624558865
365,-0.0007019582037165,-0.0014161886358933478,-0.0014161886358933478
366,-0.0014141499694220751,-0.0013972638959413228,-0.0013972638959413228
367,-0.0008609865677867386,-0.0014580061090151628,-0.0014580061090151628
368,-0.0020356028859374498,-0.001358465046149188,-0.001358465046149188
369,-0.0017991649883519999,-0.0011845634796506424,-0.0011845634796506424
370,-0.0017186665373338248,-0.001447862052902865,-0.001447862052902865
371,1.0158500343275024e-05,-0.0013281352505816867,-0.0013281352505816867
372,-0.00033003892294064996,-0.0013845985320924202,-0.0013845985320924202
373,0.0003072471323005763,-0.0011511031803556227,-0.0011511031803556227
374,-0.0004521142679912397,-0.0015284338076311272,-0.0015284338076311272
375,-0.001126529276138125,-0.001454665590918928,-0.001454665590918928
376,0.0008570765611432499,-0.001155324072432205,-0.001155324072432205
377,-0.0006925154372725501,-0.0013046970782349767,-0.0013046970782349767
378,-0.000870021248616625,-0.0014734864296891978,-0.0014734864296891978
379,-0.00085930263642865,-0.0013131118539265582,-0.0013131118539265582
380,-0.00026150858551005003,-0.0013924683516402573,-0.0013924683516402573
381,-0.001087902711583925,-0.001478013564804166,-0.001478013564804166
382,-0.000896515783046725,-0.0013876515522681658,-0.0013876515522681658
383,-0.0004938614336048,-0.0013152484224166008,-0.0013152484224166008
384,-0.001195409189758025,-0.0014073248633350082,-0.0014073248633350082
385,-0.00122128733742945,-0.0013651750302230486,-0.0013651750302230486
386,2.917923767760866e-06,-0.0013227703326430976,-0.0013227703326430976
387,-0.000354895869985175,-0.0015628219287685647,-0.0015628219287685647
388,-0.0012854078868683502,-0.001520985638090367,-0.001520985638090367
389,-0.0003333741415422499,-0.0014223974402444014,-0.0014223974402444014
390,-0.0011828062361634748,-0.0013612397070091962,-0.0013612397070091962
391,-0.001220800220754375,-0.001231636890728623,-0.001231636890728623
392,-0.00166300758137485,-0.001222615973993828,-0.001222615973993828
393,-0.00032218661651449996,-0.0013388079345515022,-0.0013388079345515022
394,-0.00040888826730765,-0.0015044033119058296,-0.0015044033119058296
395,-0.0007322528634586751,-0.0013576636507830675,-0.0013576636507830675
396,-0.001982527142644575,-0.0014957755904858687,-0.0014957755904858687
397,-0.0015404686883113,-0.0014029822980612464,-0.0014029822980612464
398,-0.0005826299494544452,-0.001284972467101099,-0.001284972467101099
399,-0.001368220718547975,-0.001351665929893271,-0.001351665929893271
400,-0.000354665352662275,-0.0013143540116350222,-0.0013143540116350222
401,-0.0012396757509916998,-0.0014961265026406702,-0.0014961265026406702
402,-0.00094427360125985,-0.001308121595572919,-0.001308121595572919
403,-0.0010593159138958,-0.0013056151872347195,-0.0013056151872347195
404,-0.001214739239491575,-0.0013315892308696025,-0.0013315892308696025
405,-0.0010026610039521558,-0.001332732682699654,-0.001332732682699654
406,-0.001648436528304,-0.0012690937160732719,-0.0012690937160732719
407,-0.0006495180022276,-0.0014420645432814305,-0.0014420645432814305
408,-0.0012283137192337,-0.0011822268574318007,-0.0011822268574318007
409,-0.0009727202808315,-0.001390569842407791,-0.001390569842407791
410,-0.00077719097870065,-0.001402526742729425,-0.001402526742729425
411,-0.001025070199280275,-0.001197110879880148,-0.001197110879880148
412,-0.000908100593551624,-0.001337167612781753,-0.001337167612781753
413,-0.000224942854996775,-0.0014569824061276685,-0.0014569824061276685
414,-0.0018304424766382,-0.0016819295249640258,-0.0016819295249640258
415,-0.0009150075902244837,-0.0014455464777159875,-0.0014455464777159875
416,-0.00032754987002925004,-0.0014009529997130175,-0.0014009529997130175
417,-0.0009929157136308751,-0.0012433801811316692,-0.0012433801811316692
418,-0.0008692905674741,-0.0011157997270821445,-0.0011157997270821445
419,-0.0009509689280721499,-0.0015130482537181094,-0.0015130482537181094
420,-0.000778103509650875,-0.001351688782544225,-0.001351688782544225
421,0.0006062607569258501,-0.0014573403991249832,-0.0014573403991249832
422,-0.0005468121267655751,-0.0014377089116610574,-0.0014377089116610574
423,-0.00066041097276545,-0.0012474581985714825,-0.0012474581985714825
424,-0.000569871313068,-0.001386184901351484,-0.001386184901351484
425,-0.001498981455814775,-0.0013137030137321392,-0.0013137030137321392
426,-0.00085417489854845,-0.0009829052429807758,-0.0009829052429807758
427,-0.00115152823308465,-0.001325282005740584,-0.001325282005740584
428,-0.001223578284812375,-0.0014411250062404618,-0.0014411250062404618
429,-0.000712486650345025,-0.00103669264163153,-0.00103669264163153
430,-0.000355325689334825,-0.0010870112743094785,-0.0010870112743094785
431,-0.0008044818984109249,-0.0011265688634883972,-0.0011265688634883972
432,-0.0005135328701285,-0.0013864357995665012,-0.0013864357995665012
433,-0.000932491334650775,-0.0011689368782847385,-0.0011689368782847385
434,-0.0010894384405427,-0.0012468585576721257,-0.0012468585576721257
435,-0.0008083015285336641,-0.0013170892301373478,-0.0013170892301373478
436,-4.010044508777501e-05,-0.0014902332284845912,-0.0014902332284845912
437,-0.0011628969360204249,-0.0014752259109020857,-0.0014752259109020857
438,-0.0006706988358348435,-0.0014538192856854348,-0.0014538192856854348
439,-0.00041097968911902493,-0.0011909690158340988,-0.0011909690158340988
440,-0.0012537647999676,-0.0014873113295281728,-0.0014873113295281728
441,-3.732040425009995e-05,-0.00133084129038779,-0.00133084129038779
442,-0.0013906553737178498,-0.0012866139134642203,-0.0012866139134642203
443,-0.000833687905575275,-0.0014846038932178644,-0.0014846038932178644
444,-0.0016366372861711248,-0.0011308544499670017,-0.0011308544499670017
445,-0.00026437017959399993,-0.001358151686571824,-0.001358151686571824
446,-0.000551606772538675,-0.0012522368217609827,-0.0012522368217609827
447,-0.0002808560006820751,-0.0012951432279861086,-0.0012951432279861086
448,-0.0010457160162388676,-0.0014412752127229973,-0.0014412752127229973
449,-0.0005543913351966,-0.0012120895409855595,-0.0012120895409855595
450,-0.0006533177345370001,-0.001621028801318263,-0.001621028801318263
451,-0.0004254062443236501,-0.0011921304702087257,-0.0011921304702087257
452,-0.000568676121084325,-0.0010936249091124948,-0.0010936249091124948
453,-0.00107731502846015,-0.0010779645639547217,-0.0010779645639547217
454,-0.0016283150949444002,-0.001301962034184242,-0.001301962034184242
455,-0.0019065206287967999,-0.0013437405941393015,-0.0013437405941393015
456,-0.0017099821806932502,-0.0013259621470370266,-0.0013259621470370266
457,-0.000797346300903375,-0.0013554083694639724,-0.0013554083694639724
458,-0.0006137276221332447,-0.0013095425880344878,-0.0013095425880344878
459,-0.0013512994747616749,-0.0015671131379406073,-0.0015671131379406073
460,-6.518929004912502e-05,-0.0012142352611858433,-0.0012142352611858433
461,-0.0010440686075915751,-0.0012013823929443324,-0.0012013823929443324
462,7.131747752685003e-05,-0.0014334638949306416,-0.0014334638949306416
463,-0.00119706405753615,-0.0013093322788026627,-0.0013093322788026627
464,-0.0018629895497350498,-0.0014131725463622472,-0.0014131725463622472
465,-0.0006540241891544751,-0.0014219074100951387,-0.0014219074100951387
466,-0.0007717781785403859,-0.0013230201741204204,-0.0013230201741204204
467,-0.00102043870639545,-0.0013524517572785562,-0.0013524517572785562
468,-0.00024019508380207494,-0.001359344657009749,-0.001359344657009749
469,-0.00080097845064345,-0.001298830670722117,-0.001298830670722117
470,-0.0010025225767913751,-0.0012885822417855741,-0.0012885822417855741
471,2.3773474815899995e-05,-0.00125582798028913,-0.00125582798028913
472,-0.0003505033948182,-0.001100501441745253,-0.001100501441745253
473,-0.00035089535012475,-0.0012425428000213668,-0.0012425428000213668
474,-0.0014988827814894248,-0.001476324998723863,-0.001476324998723863
475,-0.001099562115748025,-0.001346408556665059,-0.001346408556665059
476,-0.00094590785139375,-0.0012489972729374979,-0.0012489972729374979
477,-0.001401041115141525,-0.0014643841324556287,-0.0014643841324556287
478,-0.0015597801799056249,-0.0013701241024774511,-0.0013701241024774511
479,-0.00029940922346655005,-0.0012566672339849806,-0.0012566672339849806
480,-0.001441026698977175,-0.001366433787902141,-0.001366433787902141
481,-0.0010341533446949001,-0.0013718273785543631,-0.0013718273785543631
482,-0.0013565247049708998,-0.001618539738594637,-0.001618539738594637
483,-0.0015496327052799501,-0.001322924055871864,-0.001322924055871864
484,-0.00069074320551755,-0.0015748275843623794,-0.0015748275843623794
485,-0.001260988085855925,-0.0014979432353564679,-0.0014979432353564679
486,-0.00066989490572265,-0.0015403658455155642,-0.0015403658455155642
487,-0.001146593452829625,-0.0014129497980315737,-0.0014129497980315737
488,-0.00017089974694432493,-0.0013855277698006034,-0.0013855277698006034
489,-0.001773832152198425,-0.0012476452520477073,-0.0012476452520477073
490,-0.0004227855042616,-0.0012374992157048082,-0.0012374992157048082
491,-0.00028558271322687496,-0.0014364517102654873,-0.0014364517102654873
492,0.00024884860840455577,-0.0012519628621692478,-0.0012519628621692478
493,-0.00048330157425742503,-0.0012293239823084163,-0.0012293239823084163
494,-0.0003405770856192158,-0.001086582255744748,-0.001086582255744748
495,-0.0005022594811378999,-0.0010993905899388786,-0.0010993905899388786
496,-0.0014624397861764749,-0.0012939838969592348,-0.0012939838969592348
497,-0.00104698432389185,-0.0011972262506989122,-0.0011972262506989122
498,-0.0019771403371249,-0.0015209200936869862,-0.0015209200936869862
499,-0.0008337400973588999,-0.0015546009820086224,-0.0015546009820086224
500,-0.001116106544069125,-0.0012888667878507645,-0.0012888667878507645
501,-0.0014308627742109,-0.001271361594617718,-0.001271361594617718
502,-0.0024988673244435997,-0.0012682235180786448,-0.0012682235180786448
503,-0.00029380564617592506,-0.0014119072889078614,-0.0014119072889078614
504,-0.001598315010037275,-0.0013510896615538859,-0.0013510896615538859
505,-0.0002562415807885,-0.0011053065805219867,-0.0011053065805219867
506,-0.00032343111435542503,-0.0012768644732566443,-0.0012768644732566443
507,-0.0005626692963637844,-0.001467827877449091,-0.001467827877449091
508,-0.00117475517082895,-0.0013505585979259101,-0.0013505585979259101
509,-0.0004814782237267137,-0.001382832789954615,-0.001382832789954615
510,-0.0009455005455577501,-0.0013880151088198345,-0.0013880151088198345
511,-0.00102206463180625,-0.0014293365552340716,-0.0014293365552340716
512,-0.0009861551489646,-0.0014681861969122825,-0.0014681861969122825
513,-0.0001925877189028,-0.0014261148092761646,-0.0014261148092761646
514,-0.000268906729864625,-0.001634034839622535,-0.001634034839622535
515,-0.00165161741440555,-0.0015082112467600705,-0.0015082112467600705
516,-0.0005663093589113499,-0.0015351231943224741,-0.0015351231943224741
517,-0.0011413728114735,-0.00160171725235109,-0.00160171725235109
518,-0.0011075573031829248,-0.001457813175382446,-0.001457813175382446
519,-0.000556147180216175,-0.0015022282974546165,-0.0015022282974546165
520,-0.0015530460330865253,-0.0012605360072043116,-0.0012605360072043116
521,-0.0007909681291334251,-0.001538533949877915,-0.001538533949877915
522,-0.0013816390738348248,-0.0015091829394744546,-0.0015091829394744546
523,-0.002874156951997725,-0.001530415521223236,-0.001530415521223236
524,-0.0006207909361756591,-0.0012250418255024332,-0.0012250418255024332
525,-0.0005832510822195,-0.0011621300466017693,-0.0011621300466017693
526,-0.00058528496227325,-0.0012534593794466657,-0.0012534593794466657
527,-0.0008947739123171501,-0.0010256173523532904,-0.0010256173523532904
528,-0.00097667207575685,-0.00118662483244781,-0.00118662483244781
529,-0.000533315323126925,-0.0012936345058828268,-0.0012936345058828268
530,-0.00058380059712005,-0.0013512474209799127,-0.0013512474209799127
531,-0.0005276344517182,-0.0011781992894123983,-0.0011781992894123983
532,-0.0011329240748524352,-0.001404493349667934,-0.001404493349667934
533,-0.000630843296075575,-0.0012439190203752334,-0.0012439190203752334
534,-0.0013597738685566002,-0.0012446586855774956,-0.0012446586855774956
535,-0.0005286062849026786,-0.0013664950081115268,-0.0013664950081115268
536,-0.0012414544812948001,-0.0014989459118183023,-0.0014989459118183023
537,-0.00119533070410725,-0.0015416821511542386,-0.0015416821511542386
538,-0.0012668135025873405,-0.001277172500419369,-0.001277172500419369
539,-0.0008564096015260084,-0.001380763726876706,-0.001380763726876706
540,-0.0011218161731473251,-0.0017339536208251997,-0.0017339536208251997
541,-0.0017567430287451999,-0.0013378940784255994,-0.0013378940784255994
542,-0.0012768926168628752,-0.0013508747459786787,-0.0013508747459786787
543,-0.00012169668288932497,-0.0012853288205404078,-0.0012853288205404078
544,0.000242902006864925,-0.001312483840686605,-0.001312483840686605
545,-0.00234608994246215,-0.0012622288194289641,-0.0012622288194289641
546,-0.000847721678760075,-0.0014192773484727906,-0.0014192773484727906
547,-0.001056153610365875,-0.0015024178387803174,-0.0015024178387803174
548,-0.0011231249216214,-0.0014342073164998722,-0.0014342073164998722
549,-0.00061699195400195,-0.0013928256174107372,-0.0013928256174107372
550,-0.0005801580316940499,-0.00111756845649165,-0.00111756845649165
551,-0.000881707870418525,-0.0013805018381379424,-0.0013805018381379424
552,-0.0008452487656862499,-0.0013690970741465935,-0.0013690970741465935
553,-0.000672552699607575,-0.0013951205785555883,-0.0013951205785555883
554,-0.0011141741617205438,-0.001497233573231051,-0.001497233573231051
555,-0.0003746215083757334,-0.0012139765177210185,-0.0012139765177210185
556,-0.001060048506134425,-0.0014353417684691515,-0.0014353417684691515
557,-0.0016789919330961,-0.001388677129604747,-0.001388677129604747
558,-0.001571185914965,-0.001584378194663893,-0.001584378194663893
559,-0.001389514306255525,-0.0013532635224201377,-0.0013532635224201377
560,-0.001039110933304843,-0.0014169304012284928,-0.0014169304012284928
561,-0.000611279484558425,-0.0013234076127182786,-0.0013234076127182786
562,-0.00038790626720395,-0.0011876454614572303,-0.0011876454614572303
563,-0.0008131348761466749,-0.0015662414114425967,-0.0015662414114425967
564,-0.0018741674456781,-0.0015986992866737337,-0.0015986992866737337
565,-0.0009483232479911251,-0.0013368849012618208,-0.0013368849012618208
566,-0.0005552974284445001,-0.0011840405532538214,-0.0011840405532538214
567,-0.0025757185990355497,-0.001337378098856867,-0.001337378098856867
568,-0.001354434562710225,-0.0012066354428481641,-0.0012066354428481641
569,-0.0014402745420947502,-0.0015834130769689307,-0.0015834130769689307
570,-0.001099692499356125,-0.0012960835267167923,-0.0012960835267167923
571,-0.0015530811289048252,-0.0014683343673908308,-0.0014683343673908308
572,-0.0007294661335843899,-0.0013215180026791924,-0.0013215180026791924
573,-0.00013123217118125,-0.0011331916402982697,-0.0011331916402982697
574,-0.00035504487785635,-0.0011539204601908768,-0.0011539204601908768
575,-0.0008529979785138,-0.0014565435494840262,-0.0014565435494840262
576,-0.000966659862061575,-0.0013716045769065085,-0.0013716045769065085
577,-0.0016681495513188847,-0.0013311992840300834,-0.0013311992840300834
578,-0.001946149015662475,-0.0013425127886192187,-0.0013425127886192187
579,-0.0007973914472323999,-0.0011720344867427249,-0.0011720344867427249
580,-0.00042561697190215,-0.0011606904551318942,-0.0011606904551318942
581,-0.000352962401584625,-0.0013328917670208508,-0.0013328917670208508
582,-0.000885837584400325,-0.001455409838120806,-0.001455409838120806
583,-0.0009570759350953251,-0.001089193191292568,-0.001089193191292568
584,-0.0012955084959272748,-0.0012676882353882353,-0.0012676882353882353
585,-0.00049285448824325,-0.0015660482522899524,-0.0015660482522899524
586,-0.001083214155617375,-0.0013750849722285147,-0.0013750849722285147
587,-0.000779618754413125,-0.0013281724575492603,-0.0013281724575492603
588,-0.0006633430236506236,-0.001279724243026779,-0.001279724243026779
589,-0.000764464351735225,-0.0011328898225696207,-0.0011328898225696207
590,-1.8881772888504984e-05,-0.0013607487444185313,-0.0013607487444185313
591,-0.000739810170306175,-0.0014892122940391387,-0.0014892122940391387
592,-0.00111470762066465,-0.0012936480046462362,-0.0012936480046462362
593,-0.0006123592108337263,-0.001074642451129087,-0.001074642451129087
594,-0.0014707198874491,-0.0013720120364002315,-0.0013720120364002315
595,-0.001510533696342625,-0.0017164012691906496,-0.0017164012691906496
596,-0.0010993999902391,-0.0013290343346752723,-0.0013290343346752723
597,-0.0008429196076148778,-0.0013262028540969952,-0.0013262028540969952
598,-0.0009519606989705631,-0.0014469489843007618,-0.0014469489843007618
599,-0.00022616381791137498,-0.0012017320138357733,-0.0012017320138357733
600,-0.000637072499783475,-0.0012376550461163983,-0.0012376550461163983
601,-0.0014852944482818251,-0.0015732707027114883,-0.0015732707027114883
602,-8.533917626255002e-05,-0.0013450771501349627,-0.0013450771501349627
603,-0.0014020406578713748,-0.0011397702937754892,-0.0011397702937754892
604,-0.000626388106575875,-0.001412464236846614,-0.001412464236846614
605,-0.000723348129583175,-0.0012584819285669097,-0.0012584819285669097
606,-0.0007648228370602734,-0.0012946652826416156,-0.0012946652826416156
607,-0.00141262484307395,-0.0013880149992559333,-0.0013880149992559333
608,-0.00023716337351115,-0.0010120706980102103,-0.0010120706980102103
609,-0.0011784918454205249,-0.0010826178069676183,-0.0010826178069676183
610,-0.0008262160141526251,-0.0014156657010450865,-0.0014156657010450865
611,-0.0012914565995500251,-0.0013591535045212005,-0.0013591535045212005
612,-0.0011654993474721,-0.0010425980391911365,-0.0010425980391911365
613,-0.001297195734132725,-0.0015591079385483741,-0.0015591079385483741
614,-0.0009439063778532249,-0.0010992412972702138,-0.0010992412972702138
615,-0.000511707225582675,-0.0014413808705949238,-0.0014413808705949238
616,-0.00084030226464165,-0.0014696655663436933,-0.0014696655663436933
617,-0.00031758274442645,-0.0014392052093179309,-0.0014392052093179309
618,-0.0014584628217644,-0.0015324598776287497,-0.0015324598776287497
619,-0.0009028538339603028,-0.0016585248966731155,-0.0016585248966731155
620,-0.001324984805750625,-0.0016454778525451178,-0.0016454778525451178
621,-0.00271933744739965,-0.0011993158971505425,-0.0011993158971505425
622,-0.001141375186583825,-0.001641418858451058,-0.001641418858451058
623,-0.0005688094986727097,-0.0014414336412390094,-0.0014414336412390094
624,-0.0023255895553508247,-0.0015936070871302812,-0.0015936070871302812
625,-0.0009064614058525,-0.0013549231530316816,-0.0013549231530316816
626,-0.0005840205549421751,-0.0013941787676703032,-0.0013941787676703032
627,-0.0005963389285852467,-0.0013316211094356787,-0.0013316211094356787
628,-0.0012093738298865,-0.001386569350500563,-0.001386569350500563
629,-0.00156057611720385,-0.001429271692060454,-0.001429271692060454
630,-0.0012552569492207,-0.0014698334732831618,-0.0014698334732831618
631,-0.000570557001541,-0.001341619613928321,-0.001341619613928321
632,-0.0010973217948197,-0.0012108505360079686,-0.0012108505360079686
633,-0.001097112455633575,-0.0013043071172238467,-0.0013043071172238467
634,-0.0014190596021304,-0.0011923418021870967,-0.0011923418021870967
635,-0.0008880493357669,-0.0014099855425448711,-0.0014099855425448711
636,4.0671110988075004e-05,-0.0011502212569133405,-0.0011502212569133405
637,-0.0011620433180110751,-0.0014879584774221861,-0.0014879584774221861
638,-0.001580603947529925,-0.001378208770616111,-0.001378208770616111
639,-0.00016254725638920005,-0.0013167161645454089,-0.0013167161645454089
640,-0.00041181033168583773,-0.00133940216626798,-0.00133940216626798
641,-0.0005027549126607764,-0.0013021940927452442,-0.0013021940927452442
642,-0.0006456077014560251,-0.0012347462673701162,-0.0012347462673701162
643,-0.0006874050276713,-0.0013404522865529634,-0.0013404522865529634
644,-0.00145112654872305,-0.0014974434270810107,-0.0014974434270810107
645,-0.0016383839010799307,-0.0015240260712795811,-0.0015240260712795811
646,-0.001025730763276325,-0.0013628632729235754,-0.0013628632729235754
647,-0.000640936693585125,-0.0013330391517708622,-0.0013330391517708622
648,-0.0005482189590333751,-0.001212205797250167,-0.001212205797250167
649,-0.0008404514604479249,-0.0013010303360082704,-0.0013010303360082704
650,-0.00217608326785385,-0.0011791134602813429,-0.0011791134602813429
651,-0.00055369907865645,-0.0015307771171440153,-0.0015307771171440153
652,-0.0003349390877466499,-0.0013941949116175205,-0.0013941949116175205
653,-0.000511230043626925,-0.0014234449247286793,-0.0014234449247286793
654,-0.00057997708778725,-0.0015701392416499565,-0.0015701392416499565
655,-0.00033315753754292504,-0.0013288878322698006,-0.0013288878322698006
656,-0.0013562903952621251,-0.0014503219874981222,-0.0014503219874981222
657,-0.0007895396342709249,-0.0012313353371895468,-0.0012313353371895468
658,-0.00177486991550465,-0.0014244378959922142,-0.0014244378959922142
659,-0.0006967003943883406,-0.0011967783420251275,-0.0011967783420251275
660,-0.001141433306926075,-0.0016732765864827758,-0.0016732765864827758
661,-0.00085212107669205,-0.0014338941007870389,-0.0014338941007870389
662,-0.00146752913737655,-0.0014330766562520305,-0.0014330766562520305
663,-0.0003695794696502,-0.00125815158523124,-0.00125815158523124
664,-0.00058922716733685,-0.0013542089590950002,-0.0013542089590950002
665,-0.001065813239145575,-0.0011488600404212421,-0.0011488600404212421
666,-0.00032380445419465,-0.0013306928669398895,-0.0013306928669398895
667,-0.0014988074357157749,-0.0015024254388376617,-0.0015024254388376617
668,-0.00034979174914687497,-0.0012373730052003117,-0.0012373730052003117
669,-0.00117579687009135,-0.0013742220246526205,-0.0013742220246526205
670,-0.00101751612694725,-0.0011698993244200727,-0.0011698993244200727
671,-0.001464819001269325,-0.0012703411763160218,-0.0012703411763160218
672,-0.0009299523374544058,-0.0013018163271015463,-0.0013018163271015463
673,-0.001320886971989125,-0.0012893688333033314,-0.0012893688333033314
674,-0.0006611858813345,-0.001358078239417246,-0.001358078239417246
675,-0.0008183021407112,-0.0012114455892041829,-0.0012114455892041829
676,-0.00126740825156395,-0.0013071854253210457,-0.0013071854253210457
677,-0.0016689291689578251,-0.0015343563544514185,-0.0015343563544514185
678,-0.000363013924224425,-0.0012322679122284256,-0.0012322679122284256
679,-0.00088917202821395,-0.0010722162600134498,-0.0010722162600134498
680,-0.000362860896202075,-0.0010535427806541721,-0.0010535427806541721
681,-0.0011603193442234747,-0.001272782555289333,-0.001272782555289333
682,-0.0014319105231012249,-0.0013699949804573826,-0.0013699949804573826
683,-0.0009595061991148078,-0.0012111003042502837,-0.0012111003042502837
684,-0.001541450902120725,-0.0013199700950450013,-0.0013199700950450013
685,-0.0012002680780125998,-0.001148317728857008,-0.001148317728857008
686,-0.0006381229563356501,-0.0013406828814345264,-0.0013406828814345264
687,-0.000347829301980975,-0.0012678643955684873,-0.0012678643955684873
688,-0.00045693675803615004,-0.0011687796085317437,-0.0011687796085317437
689,-0.00035403380105812507,-0.0013504819440031237,-0.0013504819440031237
690,-0.001129972793706775,-0.0015034835268265517,-0.0015034835268265517
691,-0.001373613407396275,-0.0012364826202083572,-0.0012364826202083572
692,-0.0012384125763888001,-0.0013385576600393855,-0.0013385576600393855
693,-0.0008322275323226501,-0.0013856186754623255,-0.0013856186754623255
694,-0.0013071104454378001,-0.0014936208092705195,-0.0014936208092705195
695,-0.0009748831039952251,-0.0014962626056283007,-0.0014962626056283007
696,-0.001142475935663425,-0.0012484832308537577,-0.0012484832308537577
697,-0.00049855458976875,-0.0015128218818535088,-0.0015128218818535088
698,-0.000650981704722725,-0.0012744442705381138,-0.0012744442705381138
699,-0.0004096710494441,-0.0014086053226752859,-0.0014086053226752859
700,-0.0005056501055137499,-0.0013816974564359393,-0.0013816974564359393
701,-0.0015615102236390377,-0.0012601582705523,-0.0012601582705523
702,-0.0008534102140122,-0.0014444224355372847,-0.0014444224355372847
703,0.00022445449010942498,-0.0010409269648799012,-0.0010409269648799012
704,-0.001173248605981875,-0.0012894703860846142,-0.0012894703860846142
705,-0.0009208169594316009,-0.001228625220976469,-0.001228625220976469
706,-0.001092839260397775,-0.0012678182490612764,-0.0012678182490612764
707,-0.00035200269174597503,-0.0014575278628553418,-0.0014575278628553418
708,-0.0007177952667374764,-0.0013690512153013649,-0.0013690512153013649
709,-0.0012997468122596485,-0.0012440204933195306,-0.0012440204933195306
710,-0.00074714083204295,-0.0014123757943155532,-0.0014123757943155532
711,-0.00129506254393645,-0.0012591031190014384,-0.0012591031190014384
712,-0.0008970397207793999,-0.0013784415319199393,-0.0013784415319199393
713,-0.001282319405475625,-0.0016668720229585856,-0.0016668720229585856
714,-0.00162315829497115,-0.0014128716955768127,-0.0014128716955768127
715,-0.001452116810710875,-0.0013121415024702177,-0.0013121415024702177
716,-0.0007766490633264751,-0.0012930878798094235,-0.0012930878798094235
717,-0.0015753848093217249,-0.0014097602079302031,-0.0014097602079302031
718,-0.00107526796243195,-0.0012139240364666074,-0.0012139240364666074
719,9.541956842679995e-05,-0.0013246000182814798,-0.0013246000182814798
720,-0.000542291909557175,-0.0014876989077195184,-0.0014876989077195184
721,-0.000703688296754906,-0.001410353417397178,-0.001410353417397178
722,-0.0015608442809391752,-0.0017158952129582258,-0.0017158952129582258
723,-0.001083115542795275,-0.0012303444666648892,-0.0012303444666648892
724,-0.002344201644827525,-0.0016570505150320734,-0.0016570505150320734
725,-0.0009444065316017,-0.0015364800020015994,-0.0015364800020015994
726,-0.00091916351449285,-0.0014371626145813247,-0.0014371626145813247
727,-0.00120288683782815,-0.00154739489410764,-0.00154739489410764
728,1.4465260911974986e-05,-0.001140520767892311,-0.001140520767892311
729,-0.0012578718768217,-0.0014787891343677807,-0.0014787891343677807
730,-0.0010170947450947499,-0.0014551587933926407,-0.0014551587933926407
731,-0.0014176888336485268,-0.001559298100171061,-0.001559298100171061
732,-0.0012738685643489001,-0.0013839760293121804,-0.0013839760293121804
733,-0.0015907236774717,-0.0014978497914411157,-0.0014978497914411157
734,-0.0007440753389925251,-0.00141553266765378,-0.00141553266765378
735,-0.0010072815110055023,-0.0014241665528104718,-0.0014241665528104718
736,-0.00137021040257565,-0.0014286952043091373,-0.0014286952043091373
737,-0.0015839731250170247,-0.0013617517187240404,-0.0013617517187240404
738,-0.00042478178734417504,-0.0015024304500208289,-0.0015024304500208289
739,-0.0009293761655118252,-0.0011648856619970748,-0.0011648856619970748
740,-0.0007976151001090749,-0.0012577138839487832,-0.0012577138839487832
741,-0.001732176581157025,-0.0013837306701593934,-0.0013837306701593934
742,-0.0018651806007720251,-0.0014433375959213947,-0.0014433375959213947
743,-0.00118220095996735,-0.0013722668049349959,-0.0013722668049349959
744,-0.00062660969457835,-0.0013639834251124,-0.0013639834251124
745,-0.0009514894694357999,-0.0013361154203517486,-0.0013361154203517486
746,-0.0009798513731231408,-0.001414616781319851,-0.001414616781319851
747,-0.0018990401244413531,-0.0014474966029157364,-0.0014474966029157364
748,-0.00029140235383822495,-0.0013907503735040244,-0.0013907503735040244
749,-0.0008300292197846,-0.0012607923684459555,-0.0012607923684459555
750,-0.001327466385972,-0.0012443837018499767,-0.0012443837018499767
751,-0.0009204226065383,-0.0013023899851449473,-0.0013023899851449473
752,-0.001067012802018175,-0.0014210681858932155,-0.0014210681858932155
753,-0.001064400409564075,-0.001319712731606846,-0.001319712731606846
754,-0.0016031604674255,-0.0014060917201305402,-0.0014060917201305402
755,-0.0005555579685151001,-0.0013884119970986142,-0.0013884119970986142
756,-0.00070062735742995,-0.0014151897814845824,-0.0014151897814845824
757,-0.001596029010745875,-0.0013347176478992204,-0.0013347176478992204
758,-0.001437847630314375,-0.0014916375431259193,-0.0014916375431259193
759,-0.000760609000210725,-0.0012825595266303953,-0.0012825595266303953
760,-0.000800303409282525,-0.001424096952681335,-0.001424096952681335
761,-0.00011574536346235388,-0.0013999474763971304,-0.0013999474763971304
762,-3.846446238809999e-05,-0.0011587337156032185,-0.0011587337156032185
763,-0.000571537228402175,-0.0015557154351997394,-0.0015557154351997394
764,-0.00019925495659639997,-0.0013603335456108434,-0.0013603335456108434
765,-0.001390064183789375,-0.0013397216791322358,-0.0013397216791322358
766,-0.0009301847236183625,-0.001301171323391129,-0.001301171323391129
767,-0.0008132962298008751,-0.0017364205319978366,-0.0017364205319978366
768,-0.000991283001969375,-0.0013118698091857295,-0.0013118698091857295
769,-0.002114686974126075,-0.0014061101141325614,-0.0014061101141325614
770,-0.00150984417685395,-0.0017336647653378172,-0.0017336647653378172
771,-0.000678057643177275,-0.0015130466734218295,-0.0015130466734218295
772,0.000246704235520275,-0.0011735847740737848,-0.0011735847740737848
773,-0.0006939869864456,-0.0014515138197865323,-0.0014515138197865323
774,-0.001211432794726427,-0.0013156037847122904,-0.0013156037847122904
775,-0.001731365260294925,-0.001137959975897575,-0.001137959975897575
776,-0.0005506147211305,-0.0013857845942874699,-0.0013857845942874699
777,-0.0007775427142527999,-0.0014276029147419645,-0.0014276029147419645
778,-0.0009509736572796,-0.0014385820953407727,-0.0014385820953407727
779,-0.0011223301080852,-0.0014703718153324028,-0.0014703718153324028
780,-0.0005749713683836999,-0.0013923365776686498,-0.0013923365776686498
781,-0.001154408150124425,-0.0013853676127608234,-0.0013853676127608234
782,-0.0006484323335252501,-0.0014337811270034493,-0.0014337811270034493
783,0.00011024992350862497,-0.0012464543027423058,-0.0012464543027423058
784,-0.0009476295802079838,-0.00142388893379015,-0.00142388893379015
785,-0.0014205495480757251,-0.0013035896276661887,-0.0013035896276661887
786,-0.0016411605588001251,-0.0015092583088171917,-0.0015092583088171917
787,-0.0007094751652231499,-0.0012569276049181196,-0.0012569276049181196
788,-0.0010286692335818252,-0.001380490350443856,-0.001380490350443856
789,0.000288417572395575,-0.0011035849001340622,-0.0011035849001340622
790,-0.00018199216276000162,-0.001385462035029464,-0.001385462035029464
791,-0.001561356035497475,-0.0015114628783847045,-0.0015114628783847045
792,-0.00097177612257185,-0.0013797320127046033,-0.0013797320127046033
793,0.00015835961520787502,-0.0013212027503358846,-0.0013212027503358846
794,-0.0009800211884685,-0.0014602822118991454,-0.0014602822118991454
795,-0.0016233550728779501,-0.0012175614020590749,-0.0012175614020590749
796,-0.0002943907746506382,-0.0012675718406896584,-0.0012675718406896584
797,-0.001432305260491725,-0.001295686855539702,-0.001295686855539702
798,-0.001964624483354,-0.0013015898382921505,-0.0013015898382921505
799,-0.0009830502167091249,-0.0011137351689820287,-0.0011137351689820287
800,-0.001509546094256075,-0.0014254606119821988,-0.0014254606119821988
801,-0.00066352797313665,-0.0013750603820129625,-0.0013750603820129625
802,-0.000565012829206775,-0.0012301459186786709,-0.0012301459186786709
803,-0.0013694436011115001,-0.0014050112067280627,-0.0014050112067280627
804,-0.0009574941138104751,-0.0015012282754395577,-0.0015012282754395577
805,-0.001916234086815875,-0.0010564657629829383,-0.0010564657629829383
806,-0.000385726094979625,-0.0015010925548696158,-0.0015010925548696158
807,-0.0016028163741354,-0.0014399554664539414,-0.0014399554664539414
808,-0.0022865593609220245,-0.0013553408901565657,-0.0013553408901565657
809,-0.0008832737650608,-0.0012249205666872744,-0.0012249205666872744
810,-0.00031211180285324537,-0.0012808272337450606,-0.0012808272337450606
811,-0.0006926071536738155,-0.0013974901262482286,-0.0013974901262482286
812,-0.000891532706377525,-0.001321754933676302,-0.001321754933676302
813,-0.001454608969855475,-0.0013981329754451258,-0.0013981329754451258
814,-0.0003601249261176,-0.0015012380951148602,-0.0015012380951148602
815,-0.0015268319181693498,-0.0012447508532766073,-0.0012447508532766073
816,-0.0017848500214442252,-0.0014626920871726222,-0.0014626920871726222
817,-0.000763601035361275,-0.001382953619094875,-0.001382953619094875
818,-0.0017199550465705749,-0.0014197394644002812,-0.0014197394644002812
819,-0.00034842020336762504,-0.0013128578435132572,-0.0013128578435132572
820,-0.0012898711525287,-0.0012283196778898305,-0.0012283196778898305
821,0.00040119310977105,-0.001110790686140589,-0.001110790686140589
822,-0.0008134062971214501,-0.0012273994484045163,-0.0012273994484045163
823,-0.0010912312896720212,-0.001442421357061147,-0.001442421357061147
824,-0.00034330652371702497,-0.001271824571427583,-0.001271824571427583
825,-0.0009553793415194251,-0.0013937852972105425,-0.0013937852972105425
826,-0.0009140830436535749,-0.0015133723451007095,-0.0015133723451007095
827,-0.0004451465104407,-0.0012189357956042001,-0.0012189357956042001
828,-0.0027226541828426,-0.0016306271205120992,-0.0016306271205120992
829,-0.0005469966506577,-0.0014571744524105586,-0.0014571744524105586
830,-0.00048706593605255,-0.0010230503671963174,-0.0010230503671963174
831,7.960087458389991e-05,-0.0013109129417037335,-0.0013109129417037335
832,8.122652158702498e-05,-0.0012169850991533614,-0.0012169850991533614
833,-0.0010427817361085751,-0.0014541210202135286,-0.0014541210202135286
834,-0.0012895020224742999,-0.001493859913863107,-0.001493859913863107
835,-0.001478743265235525,-0.0013352597865401888,-0.0013352597865401888
836,-0.0007716751441532346,-0.0010637417209839893,-0.0010637417209839893
837,-0.00039087545982245995,-0.0013756518168488872,-0.0013756518168488872
838,-0.0012665504877961001,-0.0013591643459590506,-0.0013591643459590506
839,-0.0005238211507182749,-0.0015362691783563929,-0.0015362691783563929
840,-0.001533753799284825,-0.0013609703053316915,-0.0013609703053316915
841,-0.0012728259590443,-0.0012542390964393989,-0.0012542390964393989
842,-0.000252943815111125,-0.0011973475492480328,-0.0011973475492480328
843,-0.00048711199055062496,-0.0013485130953230615,-0.0013485130953230615
844,-0.0006216850704045809,-0.0013146254964754378,-0.0013146254964754378
845,-0.0013884509080651498,-0.0012823337621306551,-0.0012823337621306551
846,-0.0009732005372051714,-0.0012615239919235687,-0.0012615239919235687
847,-0.0017805875073511749,-0.001162508178835083,-0.001162508178835083
848,-0.0007176103820426,-0.0012227578661785266,-0.0012227578661785266
849,0.0001822973877162,-0.0011899749259868598,-0.0011899749259868598
850,-0.00113293681441775,-0.0010482676881535806,-0.0010482676881535806
851,-0.0007586502074396501,-0.0014262742917245596,-0.0014262742917245596
852,-0.00030643447354162503,-0.0011829945874352477,-0.0011829945874352477
853,-0.0012513945417502027,-0.0012998046987596284,-0.0012998046987596284
854,-0.000823812639891425,-0.001250267951577698,-0.001250267951577698
855,-0.000969569408541125,-0.0014472299644283728,-0.0014472299644283728
856,0.000717409373418125,-0.00106048714288184,-0.00106048714288184
857,-0.000753430502090575,-0.0013560515587584952,-0.0013560515587584952
858,-7.3623755338525e-05,-0.001404922330001675,-0.001404922330001675
859,0.00028092150761159995,-0.0011868541508027921,-0.0011868541508027921
860,-0.0011446469812988,-0.001607558160097565,-0.001607558160097565
861,-0.0015538193503917249,-0.0013575794589549075,-0.0013575794589549075
862,-0.0007118589615235081,-0.0014727643499427433,-0.0014727643499427433
863,-0.0008134959900656,-0.0013313010805127566,-0.0013313010805127566
864,-0.0017018936558516249,-0.0014114347741891306,-0.0014114347741891306
865,-0.0013310766845249,-0.0012129926510976003,-0.0012129926510976003
866,0.0003704005312696,-0.0012318979131308427,-0.0012318979131308427
867,0.00030844055807555,-0.0013196856569911066,-0.0013196856569911066
868,-0.0013140538805649,-0.0014864203791395845,-0.0014864203791395845
869,-0.0009187747777390249,-0.0012119733034481074,-0.0012119733034481074
870,-0.001437507366842475,-0.0016281675454027282,-0.0016281675454027282
871,-0.0011852685444887251,-0.0011938450612577105,-0.0011938450612577105
872,-0.0006608512802967999,-0.0014359055653024796,-0.0014359055653024796
873,3.815173924877498e-05,-0.001341919813562703,-0.001341919813562703
874,-0.0009963567336085,-0.001288702145481323,-0.001288702145481323
875,-0.001459915582344325,-0.0013324226911191769,-0.0013324226911191769
876,-0.00102453627834615,-0.0013835815337045314,-0.0013835815337045314
877,-0.001140571370735675,-0.001543233282684263,-0.001543233282684263
878,-0.0018995945325702502,-0.0013343273583764745,-0.0013343273583764745
879,-0.00029269055854735,-0.001194829104720604,-0.001194829104720604
880,-0.00041912204897515,-0.001336937187183368,-0.001336937187183368
881,-0.000421671021376275,-0.0012219844986142876,-0.0012219844986142876
882,-0.0003257502633565193,-0.0013834406330438694,-0.0013834406330438694
883,-0.0009681354059785749,-0.0015578162655409112,-0.0015578162655409112
884,-0.00013228328520694998,-0.0014368857222536078,-0.0014368857222536078
885,-0.000618839818799281,-0.0012168677166695333,-0.0012168677166695333
886,-0.000947210789056,-0.0011213882507839876,-0.0011213882507839876
887,-0.001660243316501575,-0.0014371675115156938,-0.0014371675115156938
888,-0.00103825683681685,-0.0013058813747419385,-0.0013058813747419385
889,-0.00051859184265975,-0.001336751540442855,-0.001336751540442855
890,-0.0006082856441981,-0.0013319093149299877,-0.0013319093149299877
891,-0.00176282520564465,-0.0015349685554516502,-0.0015349685554516502
892,-0.00059833894011235,-0.001611622840214566,-0.001611622840214566
893,-0.0005136680303640378,-0.001235658632810174,-0.001235658632810174
894,-0.0005185653358674,-0.0014520968220180363,-0.0014520968220180363
895,-0.0012708837019433,-0.0013671455677595587,-0.0013671455677595587
896,-0.00037013147080409997,-0.001093580829810704,-0.001093580829810704
897,-0.00092394815224645,-0.0012815676312982528,-0.0012815676312982528
898,-0.0007900438431858,-0.0014468525255163522,-0.0014468525255163522
899,-0.0006125729963039751,-0.0014052681988971146,-0.0014052681988971146
900,-0.0003483541888253,-0.00119190989829576,-0.00119190989829576
901,-0.00133676605362265,-0.0014726160571461968,-0.0014726160571461968
902,-6.720720087147495e-05,-0.0013013463193944134,-0.0013013463193944134
903,-0.001644118752337775,-0.0014528566383009375,-0.0014528566383009375
904,1.120009012960002e-05,-0.0012343667219032466,-0.0012343667219032466
905,-0.0009151370464534239,-0.0013765681617495715,-0.0013765681617495715
906,-0.0009774920559137501,-0.0013301583832901781,-0.0013301583832901781
907,-0.00174085464389265,-0.0013548348821710078,-0.0013548348821710078
908,-0.001085825757191375,-0.0012545685482514275,-0.0012545685482514275
909,-0.0004251832689590499,-0.0013636600767899074,-0.0013636600767899074
910,-0.0006289710202061251,-0.0012463991081838194,-0.0012463991081838194
911,4.186372631499865e-07,-0.0013749906962454484,-0.0013749906962454484
912,-0.0011222936286854359,-0.0012385855554626509,-0.0012385855554626509
913,-0.0005111541140082749,-0.0010910566838256165,-0.0010910566838256165
914,-0.0009023718738490499,-0.0013126219579003935,-0.0013126219579003935
915,-0.0018504656308143,-0.001557931461612311,-0.001557931461612311
916,-0.000456225868076275,-0.0012918393945049044,-0.0012918393945049044
917,-0.000833092228211225,-0.0012246167706489886,-0.0012246167706489886
918,-0.0013614189446576998,-0.0012996451820636598,-0.0012996451820636598
919,-0.0008882747108029986,-0.001601773569187396,-0.001601773569187396
920,-0.0007888464297289565,-0.0016045697968241832,-0.0016045697968241832
921,-0.0005764728947458848,-0.0011150349733267115,-0.0011150349733267115
922,-0.0009053050873032,-0.0011075670934439334,-0.0011075670934439334
923,-0.0011840178105703499,-0.0012895065475126853,-0.0012895065475126853
924,-0.000987530209672775,-0.001661516059649234,-0.001661516059649234
925,-0.0004931103372642823,-0.0013616241454901246,-0.0013616241454901246
926,-0.0010113778812327,-0.00137848344601103,-0.00137848344601103
927,-0.0009546624944463749,-0.0015308423131582109,-0.0015308423131582109
928,-0.0006112492879835501,-0.0011655546641106671,-0.0011655546641106671
929,-0.0009453981879239,-0.0014551522176077442,-0.0014551522176077442
930,-0.0010947942720610229,-0.001173193842461077,-0.001173193842461077
931,-0.0006764548859135,-0.0014981383438754216,-0.0014981383438754216
932,-0.0006294237265842077,-0.0012618319660365025,-0.0012618319660365025
933,-0.0013861889559276998,-0.0014332562269013976,-0.0014332562269013976
934,-0.0010712975848895,-0.0011181900468672967,-0.0011181900468672967
935,-0.0011955825481350002,-0.0014665935965761585,-0.0014665935965761585
936,-0.001723037887425925,-0.0012162512238211463,-0.0012162512238211463
937,-0.000747986201977479,-0.00137656566386374,-0.00137656566386374
938,-0.0007977616174300499,-0.0015574380745051852,-0.0015574380745051852
939,-0.0016072981461439392,-0.001216492393024862,-0.001216492393024862
940,-0.0007932892740921251,-0.0012712260314778807,-0.0012712260314778807
941,-0.000501220173193633,-0.0012364660234721841,-0.0012364660234721841
942,-0.0019925627160543497,-0.0014962646679844314,-0.0014962646679844314
943,-0.0006438454654964716,-0.0013310073385960062,-0.0013310073385960062
944,-0.00028273022892459025,-0.0012756739600403293,-0.0012756739600403293
945,-0.0008806351678720749,-0.0012865781703370223,-0.0012865781703370223
946,-0.000882719957240675,-0.0016101658733150186,-0.0016101658733150186
947,-0.0014098134786337249,-0.0011292465594820206,-0.0011292465594820206
948,-0.001539953435892325,-0.0013989100572570758,-0.0013989100572570758
949,-0.000884273102197475,-0.0013663848525199474,-0.0013663848525199474
950,-0.001282624370755725,-0.001439307638410613,-0.001439307638410613
951,-0.0006970504812299999,-0.0014376288161624692,-0.0014376288161624692
952,-0.00018004199166545,-0.001225943411593399,-0.001225943411593399
953,-0.000499491505159475,-0.0015470425316155086,-0.0015470425316155086
954,-0.000381667344723475,-0.001240081342492586,-0.001240081342492586
955,-2.644631815125497e-07,-0.0013693636185937333,-0.0013693636185937333
956,-0.000319111533504175,-0.001563785624331122,-0.001563785624331122
957,-0.001176589855463375,-0.001172909320772584,-0.001172909320772584
958,-0.0010305925289980067,-0.0013529443382446747,-0.0013529443382446747
959,-0.00188631219964845,-0.0014451751484290318,-0.0014451751484290318
960,-0.0009050299002096329,-0.0013329596745044322,-0.0013329596745044322
961,-0.000963713519555875,-0.0012466504084329086,-0.0012466504084329086
962,-0.0003761698569757,-0.001017431963341399,-0.001017431963341399
963,-0.0013506677529183,-0.0015023526907177059,-0.0015023526907177059
964,-0.00165937344626,-0.001256840362148133,-0.001256840362148133
965,-0.0012292809611995424,-0.0012428611347113179,-0.0012428611347113179
966,-0.001740543866083025,-0.001264205401245545,-0.001264205401245545
967,-0.0009294595372839999,-0.0012799270643700559,-0.0012799270643700559
968,-0.0007385279491439501,-0.0012826940110880825,-0.0012826940110880825
969,-0.001420807241276675,-0.001397657136879141,-0.001397657136879141
970,-0.0013539555678684497,-0.0012843892708625639,-0.0012843892708625639
971,-0.0011982220041005498,-0.0014717658888965305,-0.0014717658888965305
972,-0.001058448093773825,-0.0015770960688114958,-0.0015770960688114958
973,-0.001491088823552681,-0.0014925733794933862,-0.0014925733794933862
974,-0.0019033029770597252,-0.0015431428815679033,-0.0015431428815679033
975,-0.0008253383728210499,-0.0012085376468198568,-0.0012085376468198568
976,-0.0006795455373232426,-0.0013366813499650857,-0.0013366813499650857
977,-0.0006286607116018362,-0.001303035718642745,-0.001303035718642745
978,-0.0008980780211037749,-0.0010989539499265204,-0.0010989539499265204
979,-0.0015291661553407001,-0.0015478550130741918,-0.0015478550130741918
980,-0.0007093501561720702,-0.0010293908223628575,-0.0010293908223628575
981,-0.0009523063433969749,-0.0011876680216364953,-0.0011876680216364953
982,-0.0009785896391876,-0.0011256447801998187,-0.0011256447801998187
983,-0.000180165825401775,-0.0012974015961528095,-0.0012974015961528095
984,-0.00112098180666535,-0.0014872904112365522,-0.0014872904112365522
985,-0.0009965368311745943,-0.0014383870743479468,-0.0014383870743479468
986,-0.0009877661411098499,-0.0012753439669388363,-0.0012753439669388363
987,-0.0008885485662313635,-0.001224450314962465,-0.001224450314962465
988,-0.001498320415557875,-0.0013579708247983342,-0.0013579708247983342
989,-0.0007602557673897195,-0.0010972496450290883,-0.0010972496450290883
990,-0.00018888138415564806,-0.001238839668636535,-0.001238839668636535
991,-0.0014072506196001,-0.0014167810759988413,-0.0014167810759988413
992,-0.0012493779613229,-0.0013169013870953108,-0.0013169013870953108
993,-0.001947144312826825,-0.0011005652174304183,-0.0011005652174304183
994,-0.00187486496967415,-0.0012166418255896913,-0.0012166418255896913
995,-0.0016991012478076752,-0.0014213207181909787,-0.0014213207181909787
996,-0.0014034450562876249,-0.0014249022016904573,-0.0014249022016904573
997,-0.0018227060184370998,-0.0015437776591493207,-0.0015437776591493207
998,-0.0013081416714169462,-0.001359978447671629,-0.001359978447671629
999,-0.0001122921954105629,-0.0013408573420326062,-0.0013408573420326062
1000,-0.0017519043881507998,-0.001341534826824638,-0.001341534826824638
1001,-0.00228511760024985,-0.001358423500283974,-0.001358423500283974
1002,-0.00116515441121965,-0.0013101352126699988,-0.0013101352126699988
1003,-0.000981419330328,-0.001376714680731563,-0.001376714680731563
1004,-0.0007242785583717751,-0.001051664204660715,-0.001051664204660715
1005,-0.0007085203266496251,-0.001447178637187964,-0.001447178637187964
1006,-0.0010555202373132,-0.0016857424379594205,-0.0016857424379594205
1007,-0.0014466012251358501,-0.0011737240077279373,-0.0011737240077279373
1008,-0.0007059262085905751,-0.0013631634294345206,-0.0013631634294345206
1009,-0.000727681822145625,-0.001121469387631301,-0.001121469387631301
1010,-0.0008435465291314751,-0.0013940513921899729,-0.0013940513921899729
1011,-0.00025597386086312503,-0.0014045453551248819,-0.0014045453551248819
1012,-0.0007284220967708249,-0.0012840497357142543,-0.0012840497357142543
1013,-0.0005395667393463001,-0.0012927233120032563,-0.0012927233120032563
1014,-0.000622117414823475,-0.0011944951656427285,-0.0011944951656427285
1015,-0.000807647214403725,-0.0013450240830106283,-0.0013450240830106283
1016,-0.001006726780954975,-0.001214685968824465,-0.001214685968824465
1017,-0.001108670317764675,-0.001251600066277328,-0.001251600066277328
1018,-0.000579252669766075,-0.001291187782159395,-0.001291187782159395
1019,-0.000998958823871,-0.001346081711669139,-0.001346081711669139
1020,-0.00032575965325370006,-0.0015650261998069483,-0.0015650261998069483
1021,-0.001618296271411175,-0.0012768086051027268,-0.0012768086051027268
1022,-3.9157630542050056e-05,-0.0013584076864236242,-0.0013584076864236242
1023,-0.001147532562098625,-0.0013859819927395552,-0.0013859819927395552
1024,-0.00115072144417655,-0.0013480225362783125,-0.0013480225362783125
1025,-0.0016254379745773999,-0.0015455395164006055,-0.0015455395164006055
1026,-0.001216912389685425,-0.0010129964442630117,-0.0010129964442630117
1027,-0.00110853789656955,-0.001360187672149316,-0.001360187672149316
1028,-0.001044530573314375,-0.001293443621576464,-0.001293443621576464
1029,-0.001733199047737025,-0.001392297191603395,-0.001392297191603395
1030,-6.727934400741623e-05,-0.0011777627463319183,-0.0011777627463319183
1031,-0.001238107575386,-0.0013482993656967776,-0.0013482993656967776
1032,-0.0005105808906732501,-0.0012652095323646122,-0.0012652095323646122
1033,-0.001303886375697575,-0.001290214270052613,-0.001290214270052613
1034,-0.001001963873897525,-0.001462200056875534,-0.001462200056875534
1035,-5.870700642979996e-05,-0.0014356512035631388,-0.0014356512035631388
1036,-0.0015021480339139999,-0.0015594665915011133,-0.0015594665915011133
1037,-0.0002508637501887,-0.0011541627164817303,-0.0011541627164817303
1038,0.00012651506537212504,-0.0013368874262657076,-0.0013368874262657076
1039,-0.0016664096711386997,-0.0013349814489302244,-0.0013349814489302244
1040,-0.0010463346602834008,-0.0013964202857001276,-0.0013964202857001276
1041,-0.000780223855803775,-0.0012163764536988295,-0.0012163764536988295
1042,-0.000915803512822475,-0.0015006846996068808,-0.0015006846996068808
1043,-0.000821934914087525,-0.0014205978858429264,-0.0014205978858429264
1044,-0.00013118464141447498,-0.0015132752018293793,-0.0015132752018293793
1045,-0.0011461565028582999,-0.0012867887644309045,-0.0012867887644309045
1046,-0.001809481628177575,-0.0014483130462512905,-0.0014483130462512905
1047,-0.0007383107773199264,-0.0014439094539904248,-0.0014439094539904248
1048,-0.001472823338465025,-0.0013237189291282977,-0.0013237189291282977
1049,-0.0007783591702080001,-0.0012196822833935965,-0.0012196822833935965
1050,-0.0006877764152444499,-0.0014857091936295447,-0.0014857091936295447
1051,-0.0007370533934418135,-0.0015066586681033408,-0.0015066586681033408
1052,-0.000872771834674425,-0.0011948964408205435,-0.0011948964408205435
1053,-0.0009739116675844,-0.0014234014060613262,-0.0014234014060613262
1054,-0.001506212738748375,-0.0013373090828028855,-0.0013373090828028855
1055,-0.00123260281792305,-0.0012649046495068262,-0.0012649046495068262
1056,-0.00160095918604965,-0.0013038697093260357,-0.0013038697093260357
1057,-0.0007312313750314355,-0.001200977298936893,-0.001200977298936893
1058,-0.0010994351329995998,-0.0015126864912602084,-0.0015126864912602084
1059,-0.00167210655603715,-0.0015027692848558949,-0.0015027692848558949
1060,-0.0014431061008550999,-0.001443886378591904,-0.001443886378591904
1061,-0.001071048694182225,-0.0013459993269370738,-0.0013459993269370738
1062,-0.000657167247901275,-0.0012863688227052574,-0.0012863688227052574
1063,-0.000984483586150521,-0.0015350979724851742,-0.0015350979724851742
1064,-2.3109363217375012e-05,-0.0013056052667851591,-0.0013056052667851591
1065,-0.0014962554456622,-0.0012146814352507079,-0.0012146814352507079
1066,-0.0003547664108822366,-0.0011467378738081605,-0.0011467378738081605
1067,-0.0009522323418805396,-0.0014610723783599652,-0.0014610723783599652
1068,-0.00069081161514105,-0.0013435239353225188,-0.0013435239353225188
1069,-0.000212046457707425,-0.0014785500200800437,-0.0014785500200800437
1070,-0.0011775903555028,-0.0013228921151166586,-0.0013228921151166586
1071,-0.0012460364679970752,-0.0014275389607812893,-0.0014275389607812893
1072,-0.0004424317458867948,-0.0012247313721829305,-0.0012247313721829305
1073,-0.00090553455456235,-0.0014750763997356964,-0.0014750763997356964
1074,-0.0018652526726627501,-0.0014931039251119935,-0.0014931039251119935
1075,-0.0012273483190304,-0.0012430242014556021,-0.0012430242014556021
1076,-0.00037454362458450003,-0.001257658783107718,-0.001257658783107718
1077,-0.000866810371425575,-0.00132853892110362,-0.00132853892110362
1078,-0.0004893356286257251,-0.001310498950785429,-0.001310498950785429
1079,-0.001193690546267825,-0.0014146286712202235,-0.0014146286712202235
1080,-0.0012769013090143501,-0.0015351280732846452,-0.0015351280732846452
1081,-0.0016138616078572752,-0.001403245959929457,-0.001403245959929457
1082,-0.000688091788154825,-0.0015711224428775505,-0.0015711224428775505
1083,-0.00025832534775902503,-0.00127890256961414,-0.00127890256961414
1084,-0.00105493121751595,-0.0013142533628082904,-0.0013142533628082904
1085,-0.000844576280056325,-0.0013141706645379034,-0.0013141706645379034
1086,-0.0014891203668828,-0.0016465744533338432,-0.0016465744533338432
1087,0.0003813364103433499,-0.001215912793285048,-0.001215912793285048
1088,-0.0012168490651674,-0.0013610058493349903,-0.0013610058493349903
1089,-0.0004891612103622501,-0.001288245511013981,-0.001288245511013981
1090,-0.0008579628250026499,-0.0011590983717749157,-0.0011590983717749157
1091,-0.000701946709771725,-0.00132274867338367,-0.00132274867338367
1092,-0.000546781981946675,-0.0013025370708643512,-0.0013025370708643512
1093,-0.001752341687726925,-0.0014317658198072928,-0.0014317658198072928
1094,-0.00091779563536365,-0.0013726559990497906,-0.0013726559990497906
1095,-0.000946648636765225,-0.0013217264515197188,-0.0013217264515197188
1096,-0.00145755057071655,-0.001378787890809616,-0.001378787890809616
1097,-0.0008651967526032749,-0.001279307860735686,-0.001279307860735686
1098,-0.0011997897015225251,-0.00146067035643708,-0.00146067035643708
1099,0.00018358685819097495,-0.001196253834963432,-0.001196253834963432
1100,-0.0006606557738981251,-0.0015963587737921343,-0.0015963587737921343
1101,-0.0013064406578276498,-0.0015132565682306265,-0.0015132565682306265
1102,-0.0017313858427506002,-0.001210311723068151,-0.001210311723068151
1103,-0.00012346112282675487,-0.001215586413625705,-0.001215586413625705
1104,-0.00041354428505025,-0.0013748222773668681,-0.0013748222773668681
1105,-0.001545429833881475,-0.0012617787578640253,-0.0012617787578640253
1106,-0.0014151928173734998,-0.0013840491119867743,-0.0013840491119867743
1107,-0.000824050885360975,-0.0011577704840996749,-0.0011577704840996749
1108,-0.0013881147408352297,-0.001182659103577216,-0.001182659103577216
1109,-0.0008646667311391,-0.0013811987301820708,-0.0013811987301820708
1110,-0.0012106582955576251,-0.001486789214513984,-0.001486789214513984
1111,-0.0004369592650164,-0.0013033606409920476,-0.0013033606409920476
1112,-0.0016886247847141497,-0.0015368518105658272,-0.0015368518105658272
1113,-0.0006939405015664388,-0.001297354258004547,-0.001297354258004547
1114,-0.000827159023787125,-0.0014134482999550448,-0.0014134482999550448
1115,0.00015456200306580002,-0.0011294890282387286,-0.0011294890282387286
1116,-0.00037860478844977503,-0.0012305076281894224,-0.0012305076281894224
1117,-0.0005163601930539749,-0.0012808297391549025,-0.0012808297391549025
1118,-0.0005181796562061,-0.0013916261898324037,-0.0013916261898324037
1119,-0.00067516877424765,-0.001105803122668442,-0.001105803122668442
1120,-0.0008334284649719251,-0.0014179812953949594,-0.0014179812953949594
1121,-0.0005629551876241,-0.0010891122961828603,-0.0010891122961828603
1122,-0.0011803400027912251,-0.0013749670701320718,-0.0013749670701320718
1123,-0.0005877864429202,-0.0012562517289260058,-0.0012562517289260058
1124,-0.0003859313026954202,-0.0012643441168001133,-0.0012643441168001133
1125,-0.001335385099580625,-0.001368989121872351,-0.001368989121872351
1126,-0.0015257055506204499,-0.0015919590952873394,-0.0015919590952873394
1127,0.00021033297496787497,-0.0012681764039268006,-0.0012681764039268006
1128,-0.0009561210398736249,-0.0013712157389006033,-0.0013712157389006033
1129,3.598909510477501e-05,-0.0014236204042165192,-0.0014236204042165192
1130,-4.299041074010005e-05,-0.0012986987634616557,-0.0012986987634616557
1131,-0.00126573823736635,-0.0014618241384949408,-0.0014618241384949408
1132,-0.00059604759859105,-0.001294033906068238,-0.001294033906068238
1133,-0.0015437387007623,-0.0013781089236918449,-0.0013781089236918449
1134,-0.0016831827070419747,-0.0014002448218134694,-0.0014002448218134694
1135,-0.00015050689946697504,-0.001324621691340669,-0.001324621691340669
1136,-0.0008979332164318,-0.0014364455939185929,-0.0014364455939185929
1137,-0.0014184554931589248,-0.001530025909412095,-0.001530025909412095
1138,-0.0008277768239,-0.0009994152540582525,-0.0009994152540582525
1139,-0.0012172669019698001,-0.0016305657966689821,-0.0016305657966689821
1140,-0.0003212577506742499,-0.0014021476673645758,-0.0014021476673645758
1141,-0.00031186486752415,-0.0013386926921367948,-0.0013386926921367948
1142,-0.00057411330760055,-0.001339925941341748,-0.001339925941341748
1143,-0.0005824622233413,-0.0011136668154553414,-0.0011136668154553414
1144,-0.0008914333275940251,-0.0014044776799992686,-0.0014044776799992686
1145,-0.0002734359023852087,-0.001543526959293848,-0.001543526959293848
1146,-0.0004937328483942,-0.0015076564686175374,-0.0015076564686175374
1147,-0.000431090874560375,-0.00122337503173524,-0.00122337503173524
1148,-0.0009075087510612,-0.0011534540868557816,-0.0011534540868557816
1149,-0.000998989559082675,-0.0015332790237207537,-0.0015332790237207537
1150,-0.0013164226562420499,-0.0013262401884088374,-0.0013262401884088374
1151,-0.0013940908495102251,-0.0013050840493341776,-0.0013050840493341776
1152,-0.00166995218305905,-0.0014900444534277696,-0.0014900444534277696
1153,-0.0006316931410974,-0.001326916660043846,-0.001326916660043846
1154,-0.00030777205472814996,-0.001358716050228327,-0.001358716050228327
1155,3.505559847825007e-05,-0.001450414976519403,-0.001450414976519403
1156,-0.00038554982804137506,-0.001135704998620226,-0.001135704998620226
1157,-0.0013816960001444998,-0.001290417792188083,-0.001290417792188083
1158,-0.0007808790126230508,-0.0012288993227642358,-0.0012288993227642358
1159,-0.0008484873011873749,-0.0014504261946001631,-0.0014504261946001631
1160,-0.0005780861185517251,-0.001395442717153055,-0.001395442717153055
1161,0.0003729189756341999,-0.001199676325093687,-0.001199676325093687
1162,-0.0011045795510899001,-0.0015296861296102311,-0.0015296861296102311
1163,-0.0008734521270611999,-0.0013977433268953176,-0.0013977433268953176
1164,-0.0002815770372759657,-0.0014120202299158892,-0.0014120202299158892
1165,-0.00029208134127777494,-0.0014469712771500198,-0.0014469712771500198
1166,-0.0004476285723855006,-0.0013919277585923723,-0.0013919277585923723
1167,-0.001347669059509375,-0.0013891275172515857,-0.0013891275172515857
1168,-0.0008957717849905,-0.0016048856514640426,-0.0016048856514640426
1169,-0.0007051246559957999,-0.0012994287012751758,-0.0012994287012751758
1170,-0.0011662992691653,-0.0012508872073150592,-0.0012508872073150592
1171,-0.0013334282407450999,-0.0016025433927750465,-0.0016025433927750465
1172,-0.0007072668420703501,-0.001416616829293415,-0.001416616829293415
1173,-0.0005016379278622108,-0.0010276112500058052,-0.0010276112500058052
1174,-0.00031012373808255,-0.0014629530884620226,-0.0014629530884620226
1175,-0.00021508880792002501,-0.0010732065028502056,-0.0010732065028502056
1176,-0.00046786221776465,-0.0015074878507771148,-0.0015074878507771148
1177,-0.0014769442828489999,-0.0015145737247427191,-0.0015145737247427191
1178,-0.00045895795380105,-0.0012847162983322992,-0.0012847162983322992
1179,-0.001322073874816275,-0.0012680376746532196,-0.0012680376746532196
1180,-0.0011537032042042501,-0.0015454808401386651,-0.0015454808401386651
1181,-0.0001096672034866,-0.0011783185416233209,-0.0011783185416233209
1182,-9.820661045959997e-05,-0.0013728091244860842,-0.0013728091244860842
1183,-0.00141757794171365,-0.0013193855873277246,-0.0013193855873277246
1184,-0.00245165102422475,-0.0016006212439400459,-0.0016006212439400459
1185,-0.0014820589687294502,-0.0013001450596039584,-0.0013001450596039584
1186,-0.00143286678553455,-0.001395676276107834,-0.001395676276107834
1187,-0.0011046305718349749,-0.0014081306442321865,-0.0014081306442321865
1188,-0.00046887724550874997,-0.0013233353084983336,-0.0013233353084983336
1189,-0.0005541168300082001,-0.0010360675873039957,-0.0010360675873039957
1190,-0.0022447196252503502,-0.0014354486789907223,-0.0014354486789907223
1191,-0.0009177993216010501,-0.0013625732070913982,-0.0013625732070913982
1192,-0.0009282377646365749,-0.0012939798885406393,-0.0012939798885406393
1193,-0.0009100912143567249,-0.0012394813086108623,-0.0012394813086108623
1194,-0.0008140962559310699,-0.0012596197072996392,-0.0012596197072996392
1195,-0.00012638210496104997,-0.0015246936992071548,-0.0015246936992071548
1196,-0.00134668865063785,-0.001584395549195082,-0.001584395549195082
1197,-0.0006315650419455251,-0.0012481532824613287,-0.0012481532824613287
1198,-0.001296587524248875,-0.0016718681463629146,-0.0016718681463629146
1199,-0.001653080170099125,-0.001382998408610928,-0.001382998408610928
1200,-0.0012159327336532383,-0.0015491134485750239,-0.0015491134485750239
1201,-0.0006668420130229249,-0.001564578052167526,-0.001564578052167526
1202,-0.000376254744629775,-0.0012049773965606867,-0.0012049773965606867
1203,-0.0015649478370065321,-0.0015689674967987247,-0.0015689674967987247
1204,-0.0019060031950911501,-0.0011928423198514396,-0.0011928423198514396
1205,-0.001263828639779625,-0.0012572747190580445,-0.0012572747190580445
1206,-0.0007653829078213591,-0.0013643210040573863,-0.0013643210040573863
1207,-0.0005153587349148999,-0.0014072846890485619,-0.0014072846890485619
1208,-0.00113619700791785,-0.0013777271955205106,-0.0013777271955205106
1209,-0.000910520523724375,-0.0013742147868654546,-0.0013742147868654546
1210,-0.0006357920869363249,-0.0012536488882584167,-0.0012536488882584167
1211,-0.0003286517148393468,-0.0013938343312736162,-0.0013938343312736162
1212,-0.001460499869716625,-0.0013073434177929635,-0.0013073434177929635
1213,-0.0016926706156967502,-0.0015099563611312896,-0.0015099563611312896
1214,-0.0014130246091552,-0.0014088551614668994,-0.0014088551614668994
1215,0.00013058306164201176,-0.00139296147157681,-0.00139296147157681
1216,-0.0009895689963217605,-0.001349651555138977,-0.001349651555138977
1217,-0.0013937226820847498,-0.0011448208994279845,-0.0011448208994279845
1218,-0.0009660663340733,-0.0013968202632180227,-0.0013968202632180227
1219,-0.0012084968519814642,-0.001308431948496481,-0.001308431948496481
1220,-0.000890672387227925,-0.0012523144332169155,-0.0012523144332169155
1221,-0.0005124809502559499,-0.0013487815113298115,-0.0013487815113298115
1222,-0.0008753186136024768,-0.0012455529640965372,-0.0012455529640965372
1223,-0.001215033453495125,-0.001380414977053199,-0.001380414977053199
1224,-0.000339258340564175,-0.0011586514964719785,-0.0011586514964719785
1225,-0.001270224256618175,-0.001441403710943026,-0.001441403710943026
1226,-0.0016051889826260751,-0.0017463393439739313,-0.0017463393439739313
1227,-0.001524970622674725,-0.0013164158505759513,-0.0013164158505759513
1228,-0.0007253208350444944,-0.0014227658567480094,-0.0014227658567480094
1229,-0.00110732527713225,-0.0013673743861427274,-0.0013673743861427274
1230,-0.001245499026883525,-0.0014448109031124723,-0.0014448109031124723
1231,-0.0009192183391380686,-0.0011835412618031679,-0.0011835412618031679
1232,-0.0008187031406618,-0.001330733896337316,-0.001330733896337316
1233,-0.0009428535387796251,-0.001240368920559487,-0.001240368920559487
1234,-0.0010817834704700388,-0.001191456595992249,-0.001191456595992249
1235,-0.0009861143675601002,-0.001141996402789242,-0.001141996402789242
1236,-0.0005964297018284,-0.0015164584918632804,-0.0015164584918632804
1237,-0.0011994446554209502,-0.0012161181530165972,-0.0012161181530165972
1238,-0.0009231953794651749,-0.0011487943111823458,-0.0011487943111823458
1239,-0.000651388580157325,-0.0011787269382323496,-0.0011787269382323496
1240,-0.000460251957515925,-0.0010614108311988943,-0.0010614108311988943
1241,-0.00028262006999270003,-0.001511013900394303,-0.001511013900394303
1242,-0.0006265777298135,-0.0012269811590136157,-0.0012269811590136157
1243,-0.00141131832548885,-0.0012956364875378326,-0.0012956364875378326
1244,-0.000603717570914825,-0.0013784998026668892,-0.0013784998026668892
1245,-0.0007606321438983251,-0.001358118311617869,-0.001358118311617869
1246,0.00035930172822067497,-0.0012737461697735688,-0.0012737461697735688
1247,-0.0009461535786214638,-0.0013072996532131754,-0.0013072996532131754
1248,-0.0010550388689118,-0.001300155665384391,-0.001300155665384391
1249,-0.001083570661948225,-0.001312739850950498,-0.001312739850950498
1250,-0.0006859136299041967,-0.0012856357143468783,-0.0012856357143468783
1251,-0.000392628721442525,-0.001111426482263534,-0.001111426482263534
1252,-0.0024837751379964998,-0.0014804970015375907,-0.0014804970015375907
1253,-0.0011184954241161,-0.0013498054276705395,-0.0013498054276705395
1254,-0.000333909116023275,-0.0012062389578041332,-0.0012062389578041332
1255,-0.000499069139915775,-0.001441043887458034,-0.001441043887458034
1256,-0.00155130261523715,-0.001443853888881054,-0.001443853888881054
1257,-0.0007497892594438229,-0.00121103775459997,-0.00121103775459997
1258,-0.0009219613202166749,-0.001365202133359534,-0.001365202133359534
1259,-0.000906242567253375,-0.001381570923411371,-0.001381570923411371
1260,-0.0010755096271748163,-0.0012579479453732553,-0.0012579479453732553
1261,-0.000937883361878525,-0.0013913038698251674,-0.0013913038698251674
1262,-0.0012791248876642,-0.0014992747119716655,-0.0014992747119716655
1263,3.505191973804996e-05,-0.0012417684447084995,-0.0012417684447084995
1264,-0.0007432474750543,-0.001095026923663774,-0.001095026923663774
1265,2.407498235996181e-05,-0.0015215250138490987,-0.0015215250138490987
1266,-0.000466759006639575,-0.0012927999402923078,-0.0012927999402923078
1267,-0.00135541442647495,-0.001345430306868694,-0.001345430306868694
1268,-0.0011103213552168937,-0.0013876568745724287,-0.0013876568745724287
1269,-0.000673876527380175,-0.0014444313179562166,-0.0014444313179562166
1270,-0.00110305979086495,-0.001296623989433987,-0.001296623989433987
1271,-0.0010911096700007249,-0.0013399434469653158,-0.0013399434469653158
1272,-0.001424630100269225,-0.001737818668491713,-0.001737818668491713
1273,-0.00011345561096850004,-0.0012849087989417714,-0.0012849087989417714
1274,-0.0012182598515716,-0.0014388270299615653,-0.0014388270299615653
1275,-0.0008537395265253968,-0.0012537648591276062,-0.0012537648591276062
1276,-0.000413490510953875,-0.0011493419962061901,-0.0011493419962061901
1277,-0.001009224024746075,-0.0014576889910637271,-0.0014576889910637271
1278,-0.00016994888259284997,-0.0013009432422717412,-0.0013009432422717412
1279,-0.00048895789803245,-0.0014534770033230848,-0.0014534770033230848
1280,-0.0008419824604444751,-0.0012732271809931318,-0.0012732271809931318
1281,-0.00141994793466345,-0.00135802233766472,-0.00135802233766472
1282,-0.0008934178873557751,-0.0013860405888670465,-0.0013860405888670465
1283,-0.002315084330478675,-0.0011991448707374109,-0.0011991448707374109
1284,-0.0017583651154789,-0.0012487702537431313,-0.0012487702537431313
1285,-0.001581453396094425,-0.0013042595675356958,-0.0013042595675356958
1286,-0.000566655979359975,-0.0013684712507846765,-0.0013684712507846765
1287,0.0005738882428992249,-0.0013385875030655504,-0.0013385875030655504
1288,-0.0014325118811862752,-0.0013699403116907824,-0.0013699403116907824
1289,-0.0013687330671268252,-0.0011550138867866917,-0.0011550138867866917
1290,-0.0003801867763586,-0.0012887362512666034,-0.0012887362512666034
1291,-0.0002962002374041309,-0.0013669071324914105,-0.0013669071324914105
1292,-0.00081867792303125,-0.0014000431128740201,-0.0014000431128740201
1293,-0.0007241501863138251,-0.001377549339349531,-0.001377549339349531
1294,-0.001068080352332025,-0.0013793687367962225,-0.0013793687367962225
1295,-0.00027100435487810003,-0.0014398280642088095,-0.0014398280642088095
1296,-0.000891537904654775,-0.0015124353422331011,-0.0015124353422331011
1297,-0.000602632375742925,-0.0012778162286096884,-0.0012778162286096884
1298,-0.00019419865989517496,-0.0014709834075883883,-0.0014709834075883883
1299,-0.00029258842488312503,-0.001289034933852807,-0.001289034933852807
1300,-0.0005271234234681,-0.0011932020596657482,-0.0011932020596657482
1301,-0.0013584384272836,-0.0014238638029201054,-0.0014238638029201054
1302,-0.0019898924717959,-0.0014371449250633894,-0.0014371449250633894
1303,-0.00026242035812894997,-0.001345878601855213,-0.001345878601855213
1304,-0.0004054347522364,-0.0012758107313584528,-0.0012758107313584528
1305,-1.0448381333750186e-06,-0.0012524933226426786,-0.0012524933226426786
1306,-0.00016367051142386152,-0.001071798628714747,-0.001071798628714747
1307,-0.00065862105876155,-0.001238469713658229,-0.001238469713658229
1308,-0.001213921487291325,-0.0013937238523625364,-0.0013937238523625364
1309,-0.0009986015261633408,-0.0012337612590164124,-0.0012337612590164124
1310,-5.563566894764999e-05,-0.001113718190783017,-0.001113718190783017
1311,-0.0007074554878406,-0.0012766682467672593,-0.0012766682467672593
1312,-0.001040152968604725,-0.0012757316054652352,-0.0012757316054652352
1313,-0.00020577629000367842,-0.0011022836738767802,-0.0011022836738767802
1314,-0.00086391203837095,-0.001302750254018597,-0.001302750254018597
1315,-0.000581509558847775,-0.0012101752600653054,-0.0012101752600653054
1316,-0.00020733937903277496,-0.0013506949120985876,-0.0013506949120985876
1317,-0.0006169596091394249,-0.0014414232327729746,-0.0014414232327729746
1318,-0.000518673293384475,-0.0010745790849081764,-0.0010745790849081764
1319,-0.0005803472041016,-0.0012086931509854284,-0.0012086931509854284
1320,-0.0007777502502137251,-0.0012676143636452541,-0.0012676143636452541
1321,-0.0007935225948656501,-0.0013993187301877775,-0.0013993187301877775
1322,-0.000815884974428225,-0.001270131768561935,-0.001270131768561935
1323,-0.0004196705922448686,-0.001215560918594186,-0.001215560918594186
1324,-0.000823353299856975,-0.0013913360135586665,-0.0013913360135586665
1325,-0.0017385718597997001,-0.001639630021026331,-0.001639630021026331
1326,-0.0010628523773423251,-0.001345378051280943,-0.001345378051280943
1327,-0.0010981405919486252,-0.001453101942727303,-0.001453101942727303
1328,-0.00221486138704285,-0.0013434146565573753,-0.0013434146565573753
1329,-0.000566589133992925,-0.00145713388100585,-0.00145713388100585
1330,-0.001289450468941775,-0.0014166018115916589,-0.0014166018115916589
1331,-0.0007684692973763251,-0.0015487544051339037,-0.0015487544051339037
1332,-0.0013569915052676251,-0.0014186355260144626,-0.0014186355260144626
1333,-0.001049621314585725,-0.0012203304316779926,-0.0012203304316779926
1334,-0.000251866567010475,-0.0014170979114837645,-0.0014170979114837645
1335,-0.0008950324062207248,-0.0014815314968796563,-0.0014815314968796563
1336,-0.00162394353653585,-0.0015891524386832826,-0.0015891524386832826
1337,-0.0009682711467260001,-0.0013018983698650508,-0.0013018983698650508
1338,-0.0010561845305364752,-0.0012341196028964258,-0.0012341196028964258
1339,-0.0014483686044593999,-0.0015518386119285732,-0.0015518386119285732
1340,-0.0017707147469943,-0.0013680488748662838,-0.0013680488748662838
1341,-3.0204008180461338e-06,-0.0012309428733339811,-0.0012309428733339811
1342,-0.0013167096964106,-0.0012823313935223608,-0.0012823313935223608
1343,1.5242786469625021e-05,-0.001350318645845021,-0.001350318645845021
1344,-0.0008286007401496821,-0.0012322734202379047,-0.0012322734202379047
1345,-0.00215619427707695,-0.0014579511687050088,-0.0014579511687050088
1346,-0.0007588786171828,-0.0012124142438441918,-0.0012124142438441918
1347,-0.001916816431110925,-0.001644960481458506,-0.001644960481458506
1348,-0.0006605509540156501,-0.0016257668664853358,-0.0016257668664853358
1349,-0.001293768677260275,-0.0014159626196971827,-0.0014159626196971827
1350,-0.00034598558112514994,-0.0014772616762974379,-0.0014772616762974379
1351,-0.0007696654312162,-0.0013105876580834569,-0.0013105876580834569
1352,-0.0011544566383675501,-0.0012537758166469917,-0.0012537758166469917
1353,-0.00090323449344465,-0.0011285953611966865,-0.0011285953611966865
1354,-0.0007709137116885251,-0.0012893077050226127,-0.0012893077050226127
1355,-0.00080085533334865,-0.0014565804137453729,-0.0014565804137453729
1356,-0.00041369944751520004,-0.001295587410705963,-0.001295587410705963
1357,-0.0004729074465221,-0.0015184732588923433,-0.0015184732588923433
1358,-0.001358668694306925,-0.0014239461117004084,-0.0014239461117004084
1359,-0.000301726254396,-0.0013639655581487368,-0.0013639655581487368
1360,-0.00040665511863017503,-0.0011921381742324383,-0.0011921381742324383
1361,-0.0007229155943952749,-0.0014904924105172712,-0.0014904924105172712
1362,-0.000544844832440525,-0.0011520320102624772,-0.0011520320102624772
1363,-0.001086854879245125,-0.0012230891071882103,-0.0012230891071882103
1364,0.00019043567395165208,-0.0010972406507512465,-0.0010972406507512465
1365,-0.0017461000581015,-0.0012610550080069717,-0.0012610550080069717
1366,-0.001072573180642075,-0.0012570629965218045,-0.0012570629965218045
1367,-0.001446597577915825,-0.0016050096984171064,-0.0016050096984171064
1368,-0.0019336846016206753,-0.001544523059013156,-0.001544523059013156
1369,0.00010900136673377498,-0.0012733148009801618,-0.0012733148009801618
1370,-0.001036898527793925,-0.0012912512075641599,-0.0012912512075641599
1371,-0.000761550056045325,-0.0013332441473167661,-0.0013332441473167661
1372,-0.0009322510919741,-0.0012465409043364347,-0.0012465409043364347
1373,-0.0015294623736892001,-0.0012486466845794731,-0.0012486466845794731
1374,-0.00031570220836095,-0.0012434260080214233,-0.0012434260080214233
1375,-0.0008780925749133335,-0.0014657161183776568,-0.0014657161183776568
1376,-0.0007935372176693903,-0.0014607162662535688,-0.0014607162662535688
1377,-0.001516893984744225,-0.001496163422891143,-0.001496163422891143
1378,-0.000280830746171875,-0.0013032212224715375,-0.0013032212224715375
1379,-0.0024901127727721753,-0.0015856967575385928,-0.0015856967575385928
1380,-0.001495933647374575,-0.0013041193714583117,-0.0013041193714583117
1381,0.00013337843224912508,-0.0011321678227500438,-0.0011321678227500438
1382,-0.00054270661471805,-0.0014711687715010943,-0.0014711687715010943
1383,-0.00122000116442525,-0.001173236494214463,-0.001173236494214463
1384,-0.000419323715914525,-0.0016071065947447255,-0.0016071065947447255
1385,-0.00031206615963655,-0.0011799816449935825,-0.0011799816449935825
1386,-0.0015538116717521253,-0.0014236092027622455,-0.0014236092027622455
1387,-0.0006842189895183251,-0.0013912749532033182,-0.0013912749532033182
1388,-0.0010792349305649466,-0.0015500444133318158,-0.0015500444133318158
1389,-0.001037105006578179,-0.0014771105996554074,-0.0014771105996554074
1390,-0.00030895466563917503,-0.0013261049313999184,-0.0013261049313999184
1391,-0.0009123079215869749,-0.001258141323214459,-0.001258141323214459
1392,-0.0007969475340512001,-0.001251354068725893,-0.001251354068725893
1393,-0.00105407539192245,-0.0014699868197487237,-0.0014699868197487237
1394,-0.000824785296361325,-0.0014204497929073455,-0.0014204497929073455
1395,-0.0008268802636511,-0.0012801298902808626,-0.0012801298902808626
1396,-0.001763333562997875,-0.001640819620299856,-0.001640819620299856
1397,-0.00012664899764990007,-0.0014158761108563277,-0.0014158761108563277
1398,-0.001798242107561975,-0.0014941874659473056,-0.0014941874659473056
1399,-0.0006578843737857251,-0.0010993585592489732,-0.0010993585592489732
1400,-0.0010340988482043388,-0.001460589330547208,-0.001460589330547208
1401,-0.000732624899424425,-0.0016250811317104889,-0.0016250811317104889
1402,-0.0015398225996720249,-0.0016133212207373646,-0.0016133212207373646
1403,-0.0017231169512096,-0.0013516133483325104,-0.0013516133483325104
1404,-0.000611738075858825,-0.0015065533331710226,-0.0015065533331710226
1405,-0.00089060051826065,-0.0012876129972160442,-0.0012876129972160442
1406,-0.00061781219271515,-0.0013492086692792125,-0.0013492086692792125
1407,-0.0007212000782239,-0.0013661700196294692,-0.0013661700196294692
1408,-7.003786748435007e-05,-0.0014678011835063355,-0.0014678011835063355
1409,-0.00107870441786935,-0.0013137429834937698,-0.0013137429834937698
1410,-0.0016911682932456,-0.00148704163399743,-0.00148704163399743
1411,-0.0004363924401336,-0.0010724695877978095,-0.0010724695877978095
1412,-0.0010769404516108058,-0.0015254284028643897,-0.0015254284028643897
1413,-0.00065217018339885,-0.0010096659104104548,-0.0010096659104104548
1414,-0.00014268835243402502,-0.0013038089770098223,-0.0013038089770098223
1415,-0.002180974908838975,-0.0015223306411387587,-0.0015223306411387587
1416,-0.0009346844113885999,-0.0012812018269032477,-0.0012812018269032477
1417,0.00017742563331165,-0.0012428877862576192,-0.0012428877862576192
1418,-0.001162356632212625,-0.0011203129990826882,-0.0011203129990826882
1419,-0.0013373734296846748,-0.0012035145249659686,-0.0012035145249659686
1420,-0.0009229217688491,-0.0015182613387378062,-0.0015182613387378062
1421,-0.0014448701812478251,-0.0013837356932689096,-0.0013837356932689096
1422,-0.001596215805629925,-0.0012979786722461402,-0.0012979786722461402
1423,-0.001331537462006625,-0.001326709161576808,-0.001326709161576808
1424,-0.0013048777324047751,-0.001410164294951273,-0.001410164294951273
1425,-0.0010607793725489,-0.0012033777941989603,-0.0012033777941989603
1426,-0.0008243346397607499,-0.0014170316568602342,-0.0014170316568602342
1427,-0.00029440003481238675,-0.0015864719134537626,-0.0015864719134537626
1428,-0.0012147945974202501,-0.0013127649916189641,-0.0013127649916189641
1429,-0.0005469153195219499,-0.0013329671141018072,-0.0013329671141018072
1430,-0.0013010917089773,-0.0014188920718674735,-0.0014188920718674735
1431,-0.0018317617130436995,-0.0011943075734443666,-0.0011943075734443666
1432,-0.0018631626549070498,-0.0013378962842517132,-0.0013378962842517132
1433,-0.0007766058039086499,-0.0013729518614614988,-0.0013729518614614988
1434,3.747923688009994e-05,-0.0016106581267534088,-0.0016106581267534088
1435,-0.001176390929496675,-0.0014394619827552383,-0.0014394619827552383
1436,-0.0009031287569706251,-0.0012233894540587757,-0.0012233894540587757
1437,-0.00031483376648195,-0.001405683686267927,-0.001405683686267927
1438,4.774397605097501e-05,-0.0013777616613370146,-0.0013777616613370146
1439,-0.0005326349234366749,-0.0013085215772162477,-0.0013085215772162477
1440,-0.0008593582725373406,-0.00152537771252325,-0.00152537771252325
1441,-0.000825808593906525,-0.0013328515779076082,-0.0013328515779076082
1442,-0.0012141952217802248,-0.0014409995961082792,-0.0014409995961082792
1443,0.00035289648859684994,-0.0014234691542933523,-0.0014234691542933523
1444,-0.001124256249992575,-0.0014296084990473709,-0.0014296084990473709
1445,-0.000348839478087925,-0.0012158794658089188,-0.0012158794658089188
1446,-0.0006053028878242943,-0.0013268069733566596,-0.0013268069733566596
1447,-0.00151052858520485,-0.0016179072606939092,-0.0016179072606939092
1448,-0.0007335207315495915,-0.001389828862765897,-0.001389828862765897
1449,-0.000965967845038025,-0.0015039873219362223,-0.0015039873219362223
1450,-0.000893434886851925,-0.0015031251692285137,-0.0015031251692285137
1451,-0.0008915322421655249,-0.0011487556644154387,-0.0011487556644154387
1452,-0.0007100879173031446,-0.001359526787944009,-0.001359526787944009
1453,-0.000824691839982575,-0.0013951780158746134,-0.0013951780158746134
1454,-0.000734664058346175,-0.0012767667290223199,-0.0012767667290223199
1455,-0.0004955067520705,-0.0011697905959049703,-0.0011697905959049703
1456,-0.00015909488051940872,-0.0015267514566787831,-0.0015267514566787831
1457,-0.001380367831777025,-0.0012981312045125932,-0.0012981312045125932
1458,-0.0015133525511354998,-0.0012172525651222852,-0.0012172525651222852
1459,-0.00101491472272,-0.001416417573409817,-0.001416417573409817
1460,-0.0003831790571552499,-0.001197710228924851,-0.001197710228924851
1461,-0.001102597053320506,-0.0012508226136337991,-0.0012508226136337991
1462,-0.00065254492585755,-0.0011854343843801006,-0.0011854343843801006
1463,-0.0009851033885092501,-0.001450873168327001,-0.001450873168327001
1464,-0.0015194437213715752,-0.0012929278434903706,-0.0012929278434903706
1465,-0.00073661405931195,-0.001368054370105735,-0.001368054370105735
1466,-0.0014040649378432,-0.001295218716809122,-0.001295218716809122
1467,-0.00133638462638045,-0.0012393942162982102,-0.0012393942162982102
1468,-0.0007084602421442751,-0.001428970319993091,-0.001428970319993091
1469,-0.0005742684218222999,-0.0013711765418737152,-0.0013711765418737152
1470,-0.0009749598632492751,-0.001250801894272035,-0.001250801894272035
1471,-0.0014408548015960002,-0.0013867139318186929,-0.0013867139318186929
1472,-0.000823085470807077,-0.001270146995916351,-0.001270146995916351
1473,-0.00018697935243007502,-0.0012428071117940166,-0.0012428071117940166
1474,-0.001254107232906375,-0.0012705218938424395,-0.0012705218938424395
1475,-0.00023940915466599998,-0.0013376063443330322,-0.0013376063443330322
1476,-0.0011811464263510002,-0.0011606327616916418,-0.0011606327616916418
1477,-0.0009937721981392825,-0.0015443472151795254,-0.0015443472151795254
1478,-0.001728067493316825,-0.0014340349327402633,-0.0014340349327402633
1479,-0.00225267686292875,-0.0014371457456635551,-0.0014371457456635551
1480,-0.0019653555681691,-0.0014690379698602777,-0.0014690379698602777
1481,-0.0006801388463747,-0.0015156246249845202,-0.0015156246249845202
1482,6.166169853185114e-06,-0.0013388018542194661,-0.0013388018542194661
1483,-0.0005156344909898487,-0.0013583705658086775,-0.0013583705658086775
1484,-0.0002765402428872,-0.0012766669604016402,-0.0012766669604016402
1485,-0.0012386158560712,-0.0014308444608026286,-0.0014308444608026286
1486,-0.0009071026160554196,-0.0011804331061581962,-0.0011804331061581962
1487,-0.00015090276610055004,-0.0011746916321814609,-0.0011746916321814609
1488,-0.00025503655775069994,-0.0014178907315058585,-0.0014178907315058585
1489,-0.001126252868213775,-0.0015030647614806712,-0.0015030647614806712
1490,-0.00139748227982455,-0.001491537056139022,-0.001491537056139022
1491,-0.0018784760772888498,-0.0014082737147295009,-0.0014082737147295009
1492,-0.001314647602005,-0.0014583627136463355,-0.0014583627136463355
1493,-0.001123402878121275,-0.001360917412261534,-0.001360917412261534
1494,-0.0019149407401627251,-0.0015025879143246489,-0.0015025879143246489
1495,-0.000762232773625375,-0.0015512461652389075,-0.0015512461652389075
1496,-0.000507967044976175,-0.0014549789466225022,-0.0014549789466225022
1497,-0.000815063182494525,-0.0013497475367968016,-0.0013497475367968016
1498,-0.000577955436420925,-0.0012089974417281778,-0.0012089974417281778
1499,9.372276615979999e-05,-0.0012043163985246072,-0.0012043163985246072
1500,-0.0007932581958825,-0.0012492681545614088,-0.0012492681545614088
1501,-0.0012653229684281499,-0.0014699616777340617,-0.0014699616777340617
1502,-0.0009103941568000501,-0.0015243874943950643,-0.0015243874943950643
1503,-0.0010112431500123248,-0.0013543453127813092,-0.0013543453127813092
1504,-0.00052997969929215,-0.001339526528622067,-0.001339526528622067
1505,-0.0006661935440235501,-0.00135118597603478,-0.00135118597603478
1506,-0.0006571605302227981,-0.0013754102371592648,-0.0013754102371592648
1507,-0.00039364050331037494,-0.0012595585210947026,-0.0012595585210947026
1508,-0.00022362582695282498,-0.001212708524299142,-0.001212708524299142
1509,-0.0005498949752190499,-0.0011557077053392154,-0.0011557077053392154
1510,-0.0013400084576464751,-0.0013215496768964666,-0.0013215496768964666
1511,-0.0008932040338001999,-0.001249843970045733,-0.001249843970045733
1512,-0.001065272427347425,-0.0014634437860594435,-0.0014634437860594435
1513,0.0006337497445795438,-0.0012655109907804862,-0.0012655109907804862
1514,-0.000919857668082925,-0.001110625953480615,-0.001110625953480615
1515,-0.001320134775023677,-0.001238187587566635,-0.001238187587566635
1516,-0.0006857104727873059,-0.0013534093624661804,-0.0013534093624661804
1517,-0.001489646622357825,-0.0015291454848927939,-0.0015291454848927939
1518,-0.000858158792077025,-0.0013468876306490891,-0.0013468876306490891
1519,-0.0015590829060678,-0.0012271035770864496,-0.0012271035770864496
1520,-0.000668945151090225,-0.0013055020424096663,-0.0013055020424096663
1521,-0.001400954074772475,-0.0012882552894006019,-0.0012882552894006019
1522,-0.0015029387556239001,-0.0014963019001174229,-0.0014963019001174229
1523,-0.00214664508016275,-0.0014396640326645397,-0.0014396640326645397
1524,-0.0008323714331965749,-0.001490895559932678,-0.001490895559932678
1525,-0.00019816689222165,-0.0012947371576291253,-0.0012947371576291253
1526,-0.00076200523634925,-0.0013355980056208967,-0.0013355980056208967
1527,-0.0007104299995077249,-0.0016024780198458917,-0.0016024780198458917
1528,0.00023848937014672652,-0.0015418327795482752,-0.0015418327795482752
1529,0.00020740466669269837,-0.0011987387165952978,-0.0011987387165952978
1530,-0.00040329142192470965,-0.001381723098514005,-0.001381723098514005
1531,-0.00023180942380151317,-0.0009910274080954585,-0.0009910274080954585
1532,-0.0008369074246252751,-0.0011587759054562832,-0.0011587759054562832
1533,-0.0006175032514883001,-0.0012184818014809582,-0.0012184818014809582
1534,-0.0007717732430201058,-0.001467390647634993,-0.001467390647634993
1535,-9.042262043205004e-05,-0.001317727431225505,-0.001317727431225505
1536,-0.001071580775847775,-0.0013643883961334848,-0.0013643883961334848
1537,-0.0014943225255461248,-0.0015667587764512602,-0.0015667587764512602
1538,-0.002203198577054525,-0.001583140476106233,-0.001583140476106233
1539,-0.00047768839433632497,-0.0015254762438890847,-0.0015254762438890847
1540,-0.0011592797252198,-0.0013340245601073588,-0.0013340245601073588
1541,-0.0013230868624159002,-0.0012419979164106098,-0.0012419979164106098
1542,-0.00083100338274235,-0.0012800029030562029,-0.0012800029030562029
1543,0.00028153550013232495,-0.0010149683091903083,-0.0010149683091903083
1544,-0.00141666616952565,-0.0015407685430464941,-0.0015407685430464941
1545,-0.000246725586572125,-0.0014021409055716022,-0.0014021409055716022
1546,-0.0014015607049074749,-0.0013935804895612491,-0.0013935804895612491
1547,-0.0013438370249737749,-0.0012665593639276241,-0.0012665593639276241
1548,-0.0011570660346077002,-0.0013921646448772146,-0.0013921646448772146
1549,-0.00036761302095225,-0.0015414411961369306,-0.0015414411961369306
1550,-0.0011399911310087,-0.0014723577235653633,-0.0014723577235653633
1551,-0.0006110361011987659,-0.0013918801806750037,-0.0013918801806750037
1552,-0.0007317478374622249,-0.0012967534959104762,-0.0012967534959104762
1553,-0.000852377291706575,-0.001476844094877327,-0.001476844094877327
1554,-0.0017204759166103499,-0.0012548838160296864,-0.0012548838160296864
1555,-0.0006503873439994885,-0.0013608360511926287,-0.0013608360511926287
1556,-0.001505303303531325,-0.0013375312019196129,-0.0013375312019196129
1557,-0.001771054313542875,-0.0014269505227167863,-0.0014269505227167863
1558,-0.00098888903487695,-0.001322750203127145,-0.001322750203127145
1559,-0.00010651583928504999,-0.0013410016409802913,-0.0013410016409802913
1560,-0.000688166797996475,-0.0014274506905811515,-0.0014274506905811515
1561,-0.0005193414631507751,-0.001486298539013007,-0.001486298539013007
1562,-0.0011807322273454,-0.0014864675885070703,-0.0014864675885070703
1563,-0.000986242669459375,-0.0014354953845859505,-0.0014354953845859505
1564,-0.00114445779230705,-0.00137260010506806,-0.00137260010506806
1565,0.0006686954062745251,-0.001445472595084732,-0.001445472595084732
1566,-0.0011093955348134513,-0.0011287894470608773,-0.0011287894470608773
1567,-0.002109924274154875,-0.0015072989600276143,-0.0015072989600276143
1568,-0.000542605236624975,-0.001363489830457493,-0.001363489830457493
1569,-0.000600114037869375,-0.0009640917124696872,-0.0009640917124696872
1570,-0.00143107580900495,-0.0013837282428396703,-0.0013837282428396703
1571,-0.00046486948989432505,-0.0013191541782393834,-0.0013191541782393834
1572,-0.000667568497255725,-0.001165858507844021,-0.001165858507844021
1573,-0.0018328269686961752,-0.0014183706387663091,-0.0014183706387663091
1574,-0.0007685723648261,-0.0012694514451862743,-0.0012694514451862743
1575,-0.001331431519219925,-0.0013098481223280086,-0.0013098481223280086
1576,-0.0005412939734125576,-0.001191943075507907,-0.001191943075507907
1577,-0.00092404745058115,-0.0012562959788715797,-0.0012562959788715797
1578,-0.000616148078173825,-0.0014327107806111784,-0.0014327107806111784
1579,-0.000511848568599525,-0.001282504153023219,-0.001282504153023219
1580,-0.00022997174931974344,-0.0012880350853763435,-0.0012880350853763435
1581,-0.001074130211846,-0.0013228257641938284,-0.0013228257641938284
1582,0.00010200270877599999,-0.001287903453009503,-0.001287903453009503
1583,-0.000984784132180625,-0.0013116325701179993,-0.0013116325701179993
1584,-0.000625338748853275,-0.0014803428470291267,-0.0014803428470291267
1585,-0.00041989990612987496,-0.0010268162410340773,-0.0010268162410340773
1586,-0.00042756231998552504,-0.0014515802327599626,-0.0014515802327599626
1587,-0.0010282727152049749,-0.001370837948814878,-0.001370837948814878
1588,-0.0018101613776096,-0.001411739249750099,-0.001411739249750099
1589,-0.000990394425622075,-0.001379991967859342,-0.001379991967859342
1590,-0.00035063428026379996,-0.0014517905076871088,-0.0014517905076871088
1591,-8.958548358300002e-05,-0.0012897463374377223,-0.0012897463374377223
1592,-0.001121645783677225,-0.0011916168549007974,-0.0011916168549007974
1593,-0.0006615249565841249,-0.0013152670943500416,-0.0013152670943500416
1594,-0.0011380527140256,-0.0011727790177685283,-0.0011727790177685283
1595,-0.0004423788708339562,-0.0011436730879047987,-0.0011436730879047987
1596,-0.001481541363154475,-0.001350364910058361,-0.001350364910058361
1597,-0.00082724161337725,-0.0013413148320661802,-0.0013413148320661802
1598,-0.000774861077009,-0.001426499221899266,-0.001426499221899266
1599,-0.0002721655922149642,-0.0011828127157210088,-0.0011828127157210088
1600,-0.001279614956731125,-0.0014052996194439022,-0.0014052996194439022
1601,-0.00040876207785362493,-0.0015512841623802388,-0.0015512841623802388
1602,-0.001386385431345875,-0.0014783765825737978,-0.0014783765825737978
1603,-0.000581902179079475,-0.0011469702759135832,-0.0011469702759135832
1604,-0.0006406139115257,-0.0012120704846758097,-0.0012120704846758097
1605,-0.001140224231680975,-0.0014205899445119106,-0.0014205899445119106
1606,-0.0023771320117320248,-0.0016482149268418496,-0.0016482149268418496
1607,-0.0013367006976781,-0.001314363089474049,-0.001314363089474049
1608,-0.00031499213708415,-0.0014207962361490064,-0.0014207962361490064
1609,-0.00047275223761400004,-0.0011886690895977986,-0.0011886690895977986
1610,-0.0014715325541196501,-0.0014628045807538552,-0.0014628045807538552
1611,-0.0011373719329208002,-0.0013980964444864276,-0.0013980964444864276
1612,-0.00041178867674937497,-0.0011831754181810573,-0.0011831754181810573
1613,-0.0015971792221380998,-0.001439562794254755,-0.001439562794254755
1614,-0.00129835147205105,-0.001104850969085216,-0.001104850969085216
1615,-0.000911236609070725,-0.0015141412096358112,-0.0015141412096358112
1616,-0.00124414479037595,-0.0012802411592582358,-0.0012802411592582358
1617,-0.00088881548721105,-0.0013917095233364183,-0.0013917095233364183
1618,-0.0005267268494011,-0.0012829063878094713,-0.0012829063878094713
1619,-0.00043766452813499997,-0.001447347981667363,-0.001447347981667363
1620,0.00010316146814584996,-0.0010986632522606943,-0.0010986632522606943
1621,8.242023260184505e-05,-0.0013807339473054026,-0.0013807339473054026
1622,-0.001338802664384775,-0.001370783334569366,-0.001370783334569366
1623,-0.0006899981640767501,-0.001511223690906229,-0.001511223690906229
1624,-0.00119360384794545,-0.0013208986121376258,-0.0013208986121376258
1625,-0.0008004628262509249,-0.0014943014352268695,-0.0014943014352268695
1626,-0.00034005254167884997,-0.0014768088763892752,-0.0014768088763892752
1627,-0.0011380406399994,-0.0015582693845579301,-0.0015582693845579301
1628,-0.0007229494083379,-0.0014569870664061077,-0.0014569870664061077
1629,-0.001513459478904475,-0.0015006783542204029,-0.0015006783542204029
1630,-0.000782383124218725,-0.0013554934455420368,-0.0013554934455420368
1631,-0.00043694407706992497,-0.0012882782852493184,-0.0012882782852493184
1632,-0.00070141976145745,-0.0012940924938181543,-0.0012940924938181543
1633,-0.0011100232506589,-0.0012170218495552961,-0.0012170218495552961
1634,-0.00029293379669009367,-0.001375883331682317,-0.001375883331682317
1635,-0.001273948522207925,-0.0013076208842611509,-0.0013076208842611509
1636,-0.00148986996586725,-0.001326417568508631,-0.001326417568508631
1637,-0.0010312863853892,-0.0015385464599300153,-0.0015385464599300153
1638,-0.0015158388629515,-0.0013403616962481863,-0.0013403616962481863
1639,-0.000688630393657125,-0.001269394738690307,-0.001269394738690307
1640,-0.0006945323233404749,-0.0014345521806230443,-0.0014345521806230443
1641,-0.0005012588437112,-0.0011862471367109786,-0.0011862471367109786
1642,-0.0008801947575163444,-0.0013381056816028974,-0.0013381056816028974
1643,-0.001371425437440825,-0.0013765661302277334,-0.0013765661302277334
1644,-0.00158417133188125,-0.0013632778188961065,-0.0013632778188961065
1645,-0.000878327301108625,-0.0012310600299485124,-0.0012310600299485124
1646,-0.001194162670843575,-0.0013416353825384875,-0.0013416353825384875
1647,-0.0017961893649849502,-0.001107946519008767,-0.001107946519008767
1648,-0.00014582514109510002,-0.0011710591291923807,-0.0011710591291923807
1649,-0.001173167136134125,-0.001475547031507692,-0.001475547031507692
1650,-0.0005580276445088883,-0.0014148203383660862,-0.0014148203383660862
1651,-0.000198624372590525,-0.0015890117144337801,-0.0015890117144337801
1652,-0.00047172224558845,-0.0014085422716739067,-0.0014085422716739067
1653,-0.0006600726019627249,-0.0012915001096484053,-0.0012915001096484053
1654,-0.0012096565895616596,-0.0012024575405676567,-0.0012024575405676567
1655,-0.00047950390749275005,-0.0012640255713784825,-0.0012640255713784825
1656,-0.001048140346479225,-0.0013513381262290362,-0.0013513381262290362
1657,-0.0015843784473451,-0.0014005786892129775,-0.0014005786892129775
1658,-0.0005839476046072746,-0.0012637591676728562,-0.0012637591676728562
1659,-0.00126499649883865,-0.0012060157561774262,-0.0012060157561774262
1660,-0.0006196508172371529,-0.0011636394310438607,-0.0011636394310438607
1661,-0.0008869881318282884,-0.001219015953982912,-0.001219015953982912
1662,-0.0012272544405805999,-0.0015905892689008036,-0.0015905892689008036
1663,-0.00039099737022275,-0.0015536268426170165,-0.0015536268426170165
1664,-0.0008156202322125499,-0.0015275401326075538,-0.0015275401326075538
1665,5.670748151310459e-05,-0.0015518756603063698,-0.0015518756603063698
1666,-0.0010911460125385998,-0.0011411456694185608,-0.0011411456694185608
1667,-0.0011961532711693386,-0.0013935586451148678,-0.0013935586451148678
1668,-0.0013521921926181,-0.0012487182451471248,-0.0012487182451471248
1669,-0.000997749525999975,-0.0015192023960621775,-0.0015192023960621775
1670,-0.0006543063572588251,-0.0012311069797988096,-0.0012311069797988096
1671,-0.001175637778664525,-0.0014591670941058723,-0.0014591670941058723
1672,-0.0012117414101696252,-0.001349860240424286,-0.001349860240424286
1673,-0.0015165673033267252,-0.0015296127328606128,-0.0015296127328606128
1674,-0.001180445384675325,-0.001419912013208669,-0.001419912013208669
1675,-0.0015326815265526998,-0.0014679937397158458,-0.0014679937397158458
1676,-0.002014354491660525,-0.0012697980433981387,-0.0012697980433981387
1677,-0.00034745730744237496,-0.0012171259327575059,-0.0012171259327575059
1678,-0.00048519666267075,-0.0014820650849799043,-0.0014820650849799043
1679,-0.001088634877931375,-0.0014272839839264506,-0.0014272839839264506
1680,-0.00038994011370385,-0.0011873887374620202,-0.0011873887374620202
1681,-0.0016098431695166248,-0.001348592541899608,-0.001348592541899608
1682,-0.000567402628888925,-0.0011009634798084538,-0.0011009634798084538
1683,-0.0009840478705557749,-0.001171689987090999,-0.001171689987090999
1684,0.00012265932208507503,-0.001268334833562517,-0.001268334833562517
1685,-0.0004731842973863,-0.0013511461250179694,-0.0013511461250179694
1686,-0.001216883599108075,-0.0014198911503146353,-0.0014198911503146353
1687,-0.0017818225152321252,-0.0014683481645941167,-0.0014683481645941167
1688,-0.000620539834221775,-0.0012243578872327802,-0.0012243578872327802
1689,-0.0019737800143867002,-0.001252366050413036,-0.001252366050413036
1690,-0.0001949169056317,-0.0012783161533229431,-0.0012783161533229431
1691,-0.001257360203410125,-0.0013469745879731937,-0.0013469745879731937
1692,-0.0015755507637185,-0.0011991954747341378,-0.0011991954747341378
1693,-0.00092694398874965,-0.001264712236943324,-0.001264712236943324
1694,-0.001288775060778025,-0.001381295783856375,-0.001381295783856375
1695,-0.0006688140263904751,-0.0012757256814524855,-0.0012757256814524855
1696,-0.001158680388398975,-0.0014889436021504378,-0.0014889436021504378
1697,-0.0011547376040508752,-0.0014712060963825242,-0.0014712060963825242
1698,-0.000788298006590525,-0.001390846392488903,-0.001390846392488903
1699,-0.0009972080938377501,-0.0014123488688761799,-0.0014123488688761799
1700,-0.00048742355778743176,-0.001352170411906553,-0.001352170411906553
1701,-0.0011751034947266,-0.0015088765077179095,-0.0015088765077179095
1702,-0.0006594420784498327,-0.0011959428931280673,-0.0011959428931280673
1703,-0.00037455668218355,-0.0012185037984524855,-0.0012185037984524855
1704,-0.0014933800055335,-0.0014784983048004088,-0.0014784983048004088
1705,-0.0010902829888724,-0.0013848822666643916,-0.0013848822666643916
1706,-0.000326583243374075,-0.0014868533030430058,-0.0014868533030430058
1707,0.0002816750551147001,-0.00118157350616087,-0.00118157350616087
1708,-0.0009960888883001249,-0.0013399999435903924,-0.0013399999435903924
1709,-0.00037865006775127075,-0.001123598765989132,-0.001123598765989132
1710,-3.1474282114350006e-05,-0.0016548682512771123,-0.0016548682512771123
1711,8.207002779875966e-05,-0.0013165057201969458,-0.0013165057201969458
1712,-0.0009551810104748635,-0.0015898221566980851,-0.0015898221566980851
1713,-0.001303691958001775,-0.0011618465046259268,-0.0011618465046259268
1714,-0.00076090259078725,-0.0014004886469352767,-0.0014004886469352767
1715,-0.0005997582469021314,-0.0012787872434592007,-0.0012787872434592007
1716,-0.0006921007080189924,-0.0013979630458285004,-0.0013979630458285004
1717,-0.0009434777682271751,-0.0016281488542755644,-0.0016281488542755644
1718,-0.00163435120538375,-0.0014198429706644684,-0.0014198429706644684
1719,-0.00037291282238892506,-0.001269014249015566,-0.001269014249015566
1720,-0.0014310901497966001,-0.0015401267831230312,-0.0015401267831230312
1721,-0.00036657350492577505,-0.0011473040176758085,-0.0011473040176758085
1722,-0.0011674326675251,-0.001355439086947221,-0.001355439086947221
1723,-0.00037131966360859993,-0.0011516401896846443,-0.0011516401896846443
1724,-0.0009908771931449,-0.0014076322261757875,-0.0014076322261757875
1725,-0.000673055944427725,-0.0015520570020963536,-0.0015520570020963536
1726,-0.0017124240370337248,-0.0013522822379787181,-0.0013522822379787181
1727,-0.0009641843649077712,-0.0012629068060267424,-0.0012629068060267424
1728,-0.00103722636652505,-0.001387105707390167,-0.001387105707390167
1729,-0.001497608541132175,-0.001486258345506364,-0.001486258345506364
1730,-0.000757815207919775,-0.0012709405837686288,-0.0012709405837686288
1731,-0.0006786551014690749,-0.0012681782024100746,-0.0012681782024100746
1732,-0.0009598266010666249,-0.0011130687737638126,-0.0011130687737638126
1733,-0.0011176158863429502,-0.0013376626998230592,-0.0013376626998230592
1734,-0.0015132633981886502,-0.001455165046331443,-0.001455165046331443
1735,0.00032848217756329995,-0.0012151883146074784,-0.0012151883146074784
1736,-0.0012548403941772077,-0.0015294495774610178,-0.0015294495774610178
1737,-0.00012393246228270004,-0.0013804187610649621,-0.0013804187610649621
1738,-0.00242787139291595,-0.0015372001892964,-0.0015372001892964
1739,-0.0008527205388983152,-0.001295565715538319,-0.001295565715538319
1740,-0.00103047266547575,-0.0016111119593894654,-0.0016111119593894654
1741,-0.0010224743036146616,-0.0013679185955589477,-0.0013679185955589477
1742,-0.0009545627443566751,-0.0011853565826998318,-0.0011853565826998318
1743,-0.00094151924662215,-0.0012841264628296132,-0.0012841264628296132
1744,-0.0013505741218491885,-0.0013138135727240562,-0.0013138135727240562
1745,-0.000589194736699525,-0.0014475629225264173,-0.0014475629225264173
1746,-0.0008884375747214249,-0.0013358869108459086,-0.0013358869108459086
1747,-0.0005507915051166448,-0.0012365622721015254,-0.0012365622721015254
1748,-0.0012278588371819076,-0.001105808196083689,-0.001105808196083689
1749,-0.0005778658835451,-0.0013087554668690657,-0.0013087554668690657
1750,-0.00060215724760675,-0.0013657110661988766,-0.0013657110661988766
1751,-0.000989491764403175,-0.0013526208569792958,-0.0013526208569792958
1752,-0.000410893721080275,-0.0013358808897552296,-0.0013358808897552296
1753,-0.000138049934070475,-0.001312243781656469,-0.001312243781656469
1754,-0.002307110748779425,-0.0015832696959171444,-0.0015832696959171444
1755,-0.0006235270462643085,-0.0012596244649446487,-0.0012596244649446487
1756,-0.0005834465548484999,-0.0013378349536440615,-0.0013378349536440615
1757,-0.0006310264831178749,-0.0011376042371785762,-0.0011376042371785762
1758,-0.0014709469091370249,-0.001604315615691897,-0.001604315615691897
1759,-0.001422420143026125,-0.0012508366463160993,-0.0012508366463160993
1760,-0.001096791697859875,-0.0012223171667003656,-0.0012223171667003656
1761,-0.0009645652381624001,-0.0010807956119484562,-0.0010807956119484562
1762,-0.001927433052439175,-0.0013981064002287185,-0.0013981064002287185
1763,-0.0013069218900608002,-0.001363055102669804,-0.001363055102669804
1764,-0.001629064530590175,-0.0013686356964570502,-0.0013686356964570502
1765,-0.0015806444089728,-0.0013472404553403028,-0.0013472404553403028
1766,-0.000362363229204925,-0.0014291272867243009,-0.0014291272867243009
1767,-0.00155767707070745,-0.001286635098938795,-0.001286635098938795
1768,-0.0008143349644063499,-0.001207249039296195,-0.001207249039296195
1769,-0.000979292695728875,-0.0016999852881700547,-0.0016999852881700547
1770,-0.00022805094201487497,-0.0011899282731202038,-0.0011899282731202038
1771,-0.0016326967215141998,-0.00154997849169873,-0.00154997849169873
1772,-0.001017780818574675,-0.0012370826424861793,-0.0012370826424861793
1773,-0.00046930935744949996,-0.0011999922343757944,-0.0011999922343757944
1774,-0.001164764200365675,-0.0014422577853464144,-0.0014422577853464144
1775,-0.0008999317866044999,-0.001481912725717853,-0.001481912725717853
1776,5.363540107485002e-05,-0.0013285818590897582,-0.0013285818590897582
1777,-0.001485913740815425,-0.0014294137755056174,-0.0014294137755056174
1778,-0.000693669620956875,-0.0013958875661941386,-0.0013958875661941386
1779,-0.001072852901906675,-0.0014145841877836812,-0.0014145841877836812
1780,-0.00029387908972897505,-0.0015302470234245008,-0.0015302470234245008
1781,0.000126284236139125,-0.0013231172986523656,-0.0013231172986523656
1782,-0.00071804105507625,-0.0014609461968549523,-0.0014609461968549523
1783,-0.000464726547741625,-0.0013672767712240251,-0.0013672767712240251
1784,-0.0012582354628024252,-0.0016777023857247608,-0.0016777023857247608
1785,-0.0007714772524005,-0.0013974135173005114,-0.0013974135173005114
1786,-0.001667670851099575,-0.001383223820952129,-0.001383223820952129
1787,-0.0013341312678825002,-0.0012889663190920751,-0.0012889663190920751
1788,-0.0006340709593885,-0.001527154270645886,-0.001527154270645886
1789,-0.001702305372070925,-0.001541848727797542,-0.001541848727797542
1790,-0.0007344542305478,-0.0012673754204309742,-0.0012673754204309742
1791,-0.0007739235174185251,-0.0014303792130323579,-0.0014303792130323579
1792,-0.000136584214451875,-0.001338674988772339,-0.001338674988772339
1793,0.0004421177055997,-0.0013545131655745468,-0.0013545131655745468
1794,-0.0010206156936578136,-0.001089743136250935,-0.001089743136250935
1795,-0.00045963334945322497,-0.0012233246043625294,-0.0012233246043625294
1796,-0.001162359744589725,-0.00151031672817609,-0.00151031672817609
1797,-0.0006285933137392999,-0.0015588415092038066,-0.0015588415092038066
1798,-0.0007762773855310499,-0.0014384083702263985,-0.0014384083702263985
1799,-7.581064292484996e-05,-0.0013635011390966203,-0.0013635011390966203
1800,0.00017954375564072499,-0.0011952262878204404,-0.0011952262878204404
1801,8.7866353502975e-05,-0.0014688654428833376,-0.0014688654428833376
1802,-0.000795462089810275,-0.0012429363152161343,-0.0012429363152161343
1803,-0.00147089369411115,-0.0015879994985026384,-0.0015879994985026384
1804,-0.0013487102372601,-0.0013253241433960547,-0.0013253241433960547
1805,-0.000360668461647525,-0.0013929643545106348,-0.0013929643545106348
1806,-0.00191707859225885,-0.0016256760115830294,-0.0016256760115830294
1807,-0.00135185287838265,-0.0012807935097769669,-0.0012807935097769669
1808,-0.001056254058404775,-0.0012525199335730415,-0.0012525199335730415
1809,-0.0016936255780338,-0.0015035837271009588,-0.0015035837271009588
1810,-0.0012385278544637748,-0.0012869487651933531,-0.0012869487651933531
1811,-0.00069497235441175,-0.0014167004551025328,-0.0014167004551025328
1812,-0.000335927532308075,-0.0015361448349128705,-0.0015361448349128705
1813,-0.001692630123746,-0.0011331996008768443,-0.0011331996008768443
1814,-0.00021993299758669998,-0.0012960391784133487,-0.0012960391784133487
1815,-0.0011198315590218249,-0.001240325683620911,-0.001240325683620911
1816,-0.000828420958523075,-0.001129579272082919,-0.001129579272082919
1817,-0.001913031849769,-0.0013332930534589824,-0.0013332930534589824
1818,-0.00048050918168605005,-0.0014344270946960937,-0.0014344270946960937
1819,-0.00033674225047835,-0.0012664552069053673,-0.0012664552069053673
1820,-0.0019135881542704752,-0.0013219504527649205,-0.0013219504527649205
1821,-0.00140778224480325,-0.0016608349732840668,-0.0016608349732840668
1822,-0.00124229586545295,-0.0012828358119358586,-0.0012828358119358586
1823,-0.00087188667155555,-0.001378689512677382,-0.001378689512677382
1824,-0.0014269933484919,-0.001312359402286467,-0.001312359402286467
1825,0.00026416936433597493,-0.0014314330694183122,-0.0014314330694183122
1826,-0.0012091144977354,-0.0014159707802106811,-0.0014159707802106811
1827,-0.0005827907260162857,-0.001210954250026199,-0.001210954250026199
1828,-0.000639811151432425,-0.001489094587929251,-0.001489094587929251
1829,-0.001459231874715,-0.001458202346604166,-0.001458202346604166
1830,-0.0014334713781135248,-0.0014461508264408144,-0.0014461508264408144
1831,-0.000532080954151,-0.0013560396966741544,-0.0013560396966741544
1832,-0.000458920631278025,-0.001041721466955707,-0.001041721466955707
1833,-0.0010097085421846249,-0.001363061171090995,-0.001363061171090995
1834,-0.0016299414279846499,-0.0013523908835041385,-0.0013523908835041385
1835,-0.00042054547705252507,-0.001495165238621273,-0.001495165238621273
1836,-0.0005977632594008426,-0.0012557385963024637,-0.0012557385963024637
1837,-0.0007344198846151,-0.0012498736969923207,-0.0012498736969923207
1838,-0.0009458218385248001,-0.0013655339814038147,-0.0013655339814038147
1839,-0.001219412998595075,-0.001327178288461674,-0.001327178288461674
1840,-0.0007110271706248,-0.0012093940164188467,-0.0012093940164188467
1841,-0.000989040811916875,-0.0013593567622065933,-0.0013593567622065933
1842,-0.0009074464069634251,-0.0014470874123620448,-0.0014470874123620448
1843,-0.0013604472300448999,-0.0014307709041196798,-0.0014307709041196798
1844,-0.0013614367874843752,-0.0013601172206364669,-0.0013601172206364669
1845,-0.000962748351960175,-0.0014092404459244306,-0.0014092404459244306
1846,-0.0014333459578035248,-0.0012392948691620047,-0.0012392948691620047
1847,-0.0011789490751720499,-0.0013232155360196674,-0.0013232155360196674
1848,-0.000804359408137425,-0.001377649633179371,-0.001377649633179371
1849,-0.000655410283009,-0.0011208613733566203,-0.0011208613733566203
1850,-0.0005154557965393001,-0.0012476211734689109,-0.0012476211734689109
1851,-0.0021742403593077,-0.0014505443902712303,-0.0014505443902712303
1852,-0.000683485983816925,-0.0013648584629396617,-0.0013648584629396617
1853,-0.0006524594931010749,-0.0013440572224810337,-0.0013440572224810337
1854,-0.0004592985597325,-0.0013524072197615626,-0.0013524072197615626
1855,-0.0012425744907246,-0.0011969068863676015,-0.0011969068863676015
1856,-0.0016096493928859,-0.0014124945071586714,-0.0014124945071586714
1857,0.0001436494232034304,-0.0013425009159096404,-0.0013425009159096404
1858,-0.001192458458891025,-0.0012671222825047302,-0.0012671222825047302
1859,-0.00020149009118582497,-0.0012581420346433128,-0.0012581420346433128
1860,-0.0009313785774734751,-0.0013112771523093563,-0.0013112771523093563
1861,-0.00061103658963185,-0.001395478229159851,-0.001395478229159851
1862,-0.001214148458084775,-0.0014045714904727489,-0.0014045714904727489
1863,-0.00171699230233195,-0.0014104954278765904,-0.0014104954278765904
1864,-0.0008871120339538001,-0.0012277098672135644,-0.0012277098672135644
1865,-0.0006276918214927,-0.0013945112580217515,-0.0013945112580217515
1866,-0.0012789684869932499,-0.001235452614431276,-0.001235452614431276
1867,-0.00013767402892912495,-0.0017056252297137611,-0.0017056252297137611
1868,-0.001159579490741332,-0.0013485186474326762,-0.0013485186474326762
1869,-0.00025485537551017505,-0.0014021509920049532,-0.0014021509920049532
1870,-0.0007973095256065751,-0.0011323487648321915,-0.0011323487648321915
1871,-0.001367357702299925,-0.0014024707912826577,-0.0014024707912826577
1872,0.00030839393228102507,-0.0010934539359564448,-0.0010934539359564448
1873,-0.000586351205611275,-0.0014161691138021228,-0.0014161691138021228
1874,-0.000149191193635875,-0.001158724780857303,-0.001158724780857303
1875,-0.000252492208541625,-0.001271098172021523,-0.001271098172021523
1876,-0.0008772835077368499,-0.0012839312140312182,-0.0012839312140312182
1877,-0.0009796644797269,-0.001394523380135081,-0.001394523380135081
1878,-0.00111205521870265,-0.0014072659072044296,-0.0014072659072044296
1879,-0.0012642741587027,-0.0014895866087765448,-0.0014895866087765448
1880,-0.00026444019890355233,-0.0015007339471338871,-0.0015007339471338871
1881,-0.0002565839879671375,-0.0012279874357259038,-0.0012279874357259038
1882,-0.00047301056332680003,-0.001213645970906255,-0.001213645970906255
1883,-0.00167912136131965,-0.0011381544505985948,-0.0011381544505985948
1884,-0.0007162173880187774,-0.001219306534383897,-0.001219306534383897
1885,-0.0007348433981735,-0.0013292310979227846,-0.0013292310979227846
1886,-0.0006301111822148999,-0.0013146645405099442,-0.0013146645405099442
1887,-0.00081469549010455,-0.0015866644981586233,-0.0015866644981586233
1888,0.00033095684117499997,-0.0014141377065675397,-0.0014141377065675397
1889,-0.001092952566319875,-0.001513546052627588,-0.001513546052627588
1890,-0.0010837695892782998,-0.0013201695718826484,-0.0013201695718826484
1891,-0.0006505632019327624,-0.0010314209761815147,-0.0010314209761815147
1892,-0.000892433804252025,-0.0012032727974192064,-0.0012032727974192064
1893,-0.0016091349835174,-0.001370121059345117,-0.001370121059345117
1894,-0.00067333646801615,-0.0014048497244813333,-0.0014048497244813333
1895,-0.0010914634658381,-0.0013558533262209738,-0.0013558533262209738
1896,-0.000515975311476725,-0.0012931856126983641,-0.0012931856126983641
1897,-0.001492954579203175,-0.0013828140755668954,-0.0013828140755668954
1898,-0.001266071716957065,-0.0014402257668240078,-0.0014402257668240078
1899,0.0002760620247844749,-0.0010616471965080297,-0.0010616471965080297
1900,-0.00067061325463125,-0.001293862067144383,-0.001293862067144383
1901,1.3126601254824922e-05,-0.0012169507551254382,-0.0012169507551254382
1902,-0.00048514090583402504,-0.0012172400733095386,-0.0012172400733095386
1903,-0.001339246502569,-0.0013238900335662564,-0.0013238900335662564
1904,-0.001180451275504575,-0.0013372105811503819,-0.0013372105811503819
1905,-0.00044365386685940003,-0.0010367156369467507,-0.0010367156369467507
1906,-0.001263441489662525,-0.0013080072178861914,-0.0013080072178861914
1907,-0.000427331561692525,-0.0013258503135864844,-0.0013258503135864844
1908,-0.00017929862966897505,-0.0013148387459245537,-0.0013148387459245537
1909,-0.00060460440846805,-0.0011121037557959956,-0.0011121037557959956
1910,-0.000497811735008775,-0.001262511270278884,-0.001262511270278884
1911,-0.000495869552263725,-0.0014687834582867432,-0.0014687834582867432
1912,-0.000386026786371225,-0.001492973436911013,-0.001492973436911013
1913,-0.0007590477097054722,-0.0012916174267727592,-0.0012916174267727592
1914,-0.00105141049111015,-0.0013353772914647605,-0.0013353772914647605
1915,-0.0008400009255347749,-0.0012167933226154399,-0.0012167933226154399
1916,-0.0007421622545539,-0.0013622285714384673,-0.0013622285714384673
1917,-0.00090109859072813,-0.0013399253619393585,-0.0013399253619393585
1918,-0.0006516853135841499,-0.0012009039278788728,-0.0012009039278788728
1919,-0.0016924472881818748,-0.0014413776705982822,-0.0014413776705982822
1920,-0.0007881286295456751,-0.0012233271582829364,-0.0012233271582829364
1921,-0.001546167880563525,-0.0012965192622332998,-0.0012965192622332998
1922,-0.0019219361839097,-0.0011979956075293023,-0.0011979956075293023
1923,-0.0018066917257426752,-0.001315175484961626,-0.001315175484961626
1924,-0.00139138824931055,-0.0013372636894770315,-0.0013372636894770315
1925,-0.001238361000155025,-0.0014101395963214956,-0.0014101395963214956
1926,-0.001181357301581775,-0.001443418598888835,-0.001443418598888835
1927,-0.000781318187401175,-0.0012233240150095021,-0.0012233240150095021
1928,-0.0008875325673924267,-0.0012422538686462559,-0.0012422538686462559
1929,-0.0011203478699453751,-0.0015955895152758243,-0.0015955895152758243
1930,-0.00042147672290845006,-0.0014219373187157856,-0.0014219373187157856
1931,-0.0006351315359339,-0.0014069134491236177,-0.0014069134491236177
1932,-0.001080078933776775,-0.001166389157277546,-0.001166389157277546
1933,-0.0006360571703012749,-0.0013438322825774045,-0.0013438322825774045
1934,-0.001132725583285475,-0.0015167286456025594,-0.0015167286456025594
1935,-0.0002959270706787749,-0.001167030256854126,-0.001167030256854126
1936,-0.0005989476647528249,-0.0015618009395875088,-0.0015618009395875088
1937,-0.0007846142234229999,-0.0014642985234513334,-0.0014642985234513334
1938,-0.0009181984878919251,-0.0012408458105662883,-0.0012408458105662883
1939,-0.00159147741488185,-0.0013435138236577904,-0.0013435138236577904
1940,-0.00098859482998505,-0.001346128093583574,-0.001346128093583574
1941,-0.0007201349848103501,-0.0013330645525081299,-0.0013330645525081299
1942,-0.00024218566490259998,-0.001316210329741327,-0.001316210329741327
1943,-0.0016494702831078,-0.0013565284918047697,-0.0013565284918047697
1944,-0.00113526922296995,-0.001626405722824291,-0.001626405722824291
1945,-0.000873184810746675,-0.0011329451500701959,-0.0011329451500701959
1946,-0.001339784983639675,-0.0013848266101051045,-0.0013848266101051045
1947,-0.001555921530550575,-0.0013728369494447,-0.0013728369494447
1948,-0.0015383631004802774,-0.0012484852465633083,-0.0012484852465633083
1949,-0.0011660270271736,-0.0014717772721370178,-0.0014717772721370178
1950,-0.0011646474541336252,-0.001110106434644111,-0.001110106434644111
1951,-0.0003810354702272333,-0.0010498261682177622,-0.0010498261682177622
1952,-0.00072877841580865,-0.0013439960703517785,-0.0013439960703517785
1953,-0.000447403120533775,-0.0014454093245601972,-0.0014454093245601972
1954,-0.00181938387962665,-0.0016122519632041843,-0.0016122519632041843
1955,-0.001518811169389975,-0.001326008001823888,-0.001326008001823888
1956,-0.0007571549181704,-0.0013734317828250832,-0.0013734317828250832
1957,-0.0008536750549551001,-0.0013774472393581058,-0.0013774472393581058
1958,-0.000419999105555375,-0.0012896589640279633,-0.0012896589640279633
1959,-0.0012258059953264501,-0.0015095046827620171,-0.0015095046827620171
1960,-0.00090536213527325,-0.0013216200588348468,-0.0013216200588348468
1961,-0.00059076566595465,-0.0010617272886307716,-0.0010617272886307716
1962,-0.00031743511929782495,-0.0011742027735064658,-0.0011742027735064658
1963,7.606021917825004e-05,-0.0010814504552876553,-0.0010814504552876553
1964,-0.00029850455060009996,-0.0013537545026991202,-0.0013537545026991202
1965,-0.0009021982475081001,-0.0014791277818641919,-0.0014791277818641919
1966,3.336004184234997e-05,-0.0013051428238812612,-0.0013051428238812612
1967,-0.00043775769751445,-0.0010784531212903515,-0.0010784531212903515
1968,-0.001074967210394975,-0.0013390031487143248,-0.0013390031487143248
1969,-0.0012621307459481999,-0.0012746763999037815,-0.0012746763999037815
1970,-0.00060060858080965,-0.0013401200124107102,-0.0013401200124107102
1971,-0.0009691618912973019,-0.001430022208958254,-0.001430022208958254
1972,-0.0019969326989737,-0.0014146641240173744,-0.0014146641240173744
1973,-0.0010837787780883,-0.0013252793968449891,-0.0013252793968449891
1974,-0.00039039085013285,-0.0014014996852950677,-0.0014014996852950677
1975,-0.0004325294737271751,-0.0014830425725395214,-0.0014830425725395214
1976,-0.001555973404163675,-0.0015507912222431225,-0.0015507912222431225
1977,-0.00081175980508725,-0.0014832068792621055,-0.0014832068792621055
1978,-0.000553505922943775,-0.0014432023655996207,-0.0014432023655996207
1979,-0.001022971335588675,-0.0013509577424544192,-0.0013509577424544192
1980,-0.00084217635277955,-0.0012592423956415111,-0.0012592423956415111
1981,-0.0008435059314106539,-0.001345843967570603,-0.001345843967570603
1982,-0.0005331770106507,-0.001177339567598095,-0.001177339567598095
1983,0.00030909205017925,-0.0013492832060828597,-0.0013492832060828597
1984,-0.0014834139087808,-0.001333914085588616,-0.001333914085588616
1985,-0.000892610593134325,-0.0013275416658242816,-0.0013275416658242816
1986,-0.00144896057720075,-0.0012727526256726498,-0.0012727526256726498
1987,-0.001039862105220075,-0.0013977101596503315,-0.0013977101596503315
1988,-0.0006224310962289499,-0.0013281076622409698,-0.0013281076622409698
1989,-0.0012544666543282499,-0.001371544215295539,-0.001371544215295539
1990,-0.001110978432081475,-0.0011793306701470938,-0.0011793306701470938
1991,-0.00103082536504595,-0.0014258713968243058,-0.0014258713968243058
1992,-0.0009422095985433499,-0.0013105623098671104,-0.0013105623098671104
1993,-0.00125199825605975,-0.0013621457336923115,-0.0013621457336923115
1994,-0.00126939121469775,-0.0012988961264736518,-0.0012988961264736518
1995,-0.0009247845027345999,-0.0013542506226635724,-0.0013542506226635724
1996,-0.0010751048944544,-0.0012948329330149456,-0.0012948329330149456
1997,-0.001702403604616525,-0.0012438966873999252,-0.0012438966873999252
1998,-0.00032206203651057497,-0.0012804213992778368,-0.0012804213992778368
1999,-0.002265714607280625,-0.0012659741531007656,-0.0012659741531007656
2000,-0.000454104205445875,-0.0012380056589631186,-0.0012380056589631186
2001,-0.001176239831436625,-0.0012998075838860344,-0.0012998075838860344
2002,-0.00033487990698160007,-0.001186856153276411,-0.001186856153276411
2003,-0.0009007835948278433,-0.001301005175111017,-0.001301005175111017
2004,-0.000496722742709825,-0.001210721373312226,-0.001210721373312226
2005,-0.0012744870658170748,-0.0015020636622166254,-0.0015020636622166254
2006,-0.0011391040793516391,-0.001419989342580333,-0.001419989342580333
2007,5.1408864886931136e-05,-0.0011218050962098374,-0.0011218050962098374
2008,-0.0009243858444883,-0.001279560643177091,-0.001279560643177091
2009,-0.0007962406479920499,-0.0013999658004916643,-0.0013999658004916643
2010,-0.00019923519452075966,-0.0013388534591107315,-0.0013388534591107315
2011,-0.001458936676534325,-0.001449878890823884,-0.001449878890823884
2012,-0.00041693211878000006,-0.0015362633069910328,-0.0015362633069910328
2013,-0.0009917230590602575,-0.0011053103316851329,-0.0011053103316851329
2014,-0.002189439834738425,-0.0014665115726161255,-0.0014665115726161255
2015,-0.0014006022375114,-0.0012086367569349107,-0.0012086367569349107
2016,-0.00130136256537615,-0.0011798663669287052,-0.0011798663669287052
2017,-0.00038676815855702505,-0.0013549124651468054,-0.0013549124651468054
2018,-0.000478448334868,-0.0015437588882577032,-0.0015437588882577032
2019,-0.001005851600900475,-0.0012661787473953344,-0.0012661787473953344
2020,-0.000421857465767475,-0.0011849768545029002,-0.0011849768545029002
2021,-0.000371220982617025,-0.0014014079993756297,-0.0014014079993756297
2022,-0.0009253795952482999,-0.001397741464040561,-0.001397741464040561
2023,-0.0007743555834288751,-0.0013916724733680458,-0.0013916724733680458
2024,-0.0008537391222720749,-0.001287748593663252,-0.001287748593663252
2025,-0.000627049458068575,-0.0013153669891303166,-0.0013153669891303166
2026,-0.0007152380645607,-0.0015183916820683606,-0.0015183916820683606
2027,-0.0018980177378989,-0.0014422635095178542,-0.0014422635095178542
2028,-0.0005368549240149,-0.0014486988722432273,-0.0014486988722432273
2029,-0.00011861509141472502,-0.0012947237337739752,-0.0012947237337739752
2030,-0.0009811912891528251,-0.0015590597027731812,-0.0015590597027731812
2031,-0.00134171754083435,-0.001298233529681043,-0.001298233529681043
2032,-0.00033347624034289996,-0.0012243660223724227,-0.0012243660223724227
2033,-0.0016833664318767001,-0.0013766319965364652,-0.0013766319965364652
2034,-7.854706400597499e-05,-0.0013310913847512434,-0.0013310913847512434
2035,-0.0018827906138063248,-0.0015712988877096435,-0.0015712988877096435
2036,0.00042914481428369994,-0.0013642621892355,-0.0013642621892355
2037,-0.0013563029255298999,-0.0014939776961851818,-0.0014939776961851818
2038,-0.00010164897177055002,-0.0013823596172572695,-0.0013823596172572695
2039,-0.000247153128661475,-0.0013689606279510876,-0.0013689606279510876
2040,-0.00013728078221015005,-0.0013514822494480857,-0.0013514822494480857
2041,-0.000708330390830825,-0.001417744867059503,-0.001417744867059503
2042,-0.0013137346152139445,-0.001388005954590558,-0.001388005954590558
2043,-0.000674036272418475,-0.0012016100924453561,-0.0012016100924453561
2044,-3.15038335748e-05,-0.0011763602452110778,-0.0011763602452110778
2045,-8.578326642852505e-05,-0.0013071828708031187,-0.0013071828708031187
2046,-0.0007611113466939952,-0.0016313742426882535,-0.0016313742426882535
2047,-0.00018316758772523824,-0.0012400273414280136,-0.0012400273414280136
2048,-0.0006690512055758749,-0.001372247381844327,-0.001372247381844327
2049,-0.00010066125484705,-0.0011399266849942212,-0.0011399266849942212
2050,-0.00052425327399965,-0.0013135863851635172,-0.0013135863851635172
2051,-0.001202160483169175,-0.0012652029159463131,-0.0012652029159463131
2052,-0.0006763259218775249,-0.001220522979283942,-0.001220522979283942
2053,-0.0022839953378671497,-0.0014018872696357652,-0.0014018872696357652
2054,-0.00053950254600965,-0.0014227297725437407,-0.0014227297725437407
2055,-0.00015258603976305008,-0.0011092093436780403,-0.0011092093436780403
2056,-0.0009323016059517251,-0.0014637481937916027,-0.0014637481937916027
2057,-0.0008310744418782,-0.0013325437191210256,-0.0013325437191210256
2058,-0.001055573892163025,-0.0014735056995627805,-0.0014735056995627805
2059,-0.0005063853914552837,-0.0014155815435741973,-0.0014155815435741973
2060,-0.001118732850013425,-0.001306907693420489,-0.001306907693420489
2061,-0.0007444570169293249,-0.0012330653505375545,-0.0012330653505375545
2062,-0.00046562406111172504,-0.001109449542126003,-0.001109449542126003
2063,-4.7959740484100014e-05,-0.001154395215093314,-0.001154395215093314
2064,-0.00011367357153147501,-0.0013281795944963674,-0.0013281795944963674
2065,-0.0004923300245972713,-0.0012568798401424827,-0.0012568798401424827
2066,-0.001272298052663225,-0.0013268468752053665,-0.0013268468752053665
2067,6.324409664249974e-06,-0.0012455883705148909,-0.0012455883705148909
2068,0.000296242066232725,-0.0012795064207904014,-0.0012795064207904014
2069,-0.000852241313296575,-0.0012201720949995003,-0.0012201720949995003
2070,-0.0017386444245944808,-0.0012021538090319045,-0.0012021538090319045
2071,-0.000583312453393625,-0.0014706914072342237,-0.0014706914072342237
2072,-0.0009393599808055,-0.0012487794902197424,-0.0012487794902197424
2073,-0.0013959784413890152,-0.001269655260285954,-0.001269655260285954
2074,-0.001418961116504925,-0.0013934337862612734,-0.0013934337862612734
2075,-0.0010273535390361251,-0.0016154067150730411,-0.0016154067150730411
2076,-0.0009028673852277749,-0.0013649097756286085,-0.0013649097756286085
2077,-0.0011625829788565502,-0.001504708250239587,-0.001504708250239587
2078,-0.0017410295572851998,-0.0014135337413011793,-0.0014135337413011793
2079,-0.000626060037989675,-0.0014574991174686617,-0.0014574991174686617
2080,-0.001537451422237425,-0.0014126569405904428,-0.0014126569405904428
2081,-0.0005410733887405001,-0.0011989467513434911,-0.0011989467513434911
2082,-0.00035527527574355,-0.0013163234608765582,-0.0013163234608765582
2083,-0.00034344260788214394,-0.0012937499962452804,-0.0012937499962452804
2084,-0.0013438384365301748,-0.0013205568927126107,-0.0013205568927126107
2085,-0.0012848218912211917,-0.001495713995465828,-0.001495713995465828
2086,-0.000978190676358125,-0.0010854143925097843,-0.0010854143925097843
2087,-0.0005708243644953249,-0.0012465353851473565,-0.0012465353851473565
2088,-0.0016534622206426752,-0.0012624200030685643,-0.0012624200030685643
2089,0.00021615051239945001,-0.001412172849625764,-0.001412172849625764
2090,-0.0020555539576325,-0.0011882231672482437,-0.0011882231672482437
2091,-0.000420187683906625,-0.0010771786440830337,-0.0010771786440830337
2092,-0.0012431769084132,-0.0013797449133035992,-0.0013797449133035992
2093,-0.000545573963103075,-0.0014175931632291522,-0.0014175931632291522
2094,-0.00041940782418759995,-0.0013680243843805155,-0.0013680243843805155
2095,-0.000950411460585675,-0.001484388057043237,-0.001484388057043237
2096,-0.0010967401547756748,-0.001280745627131857,-0.001280745627131857
2097,-0.0008399840885523751,-0.0012176259309072074,-0.0012176259309072074
2098,-0.0013134177454403376,-0.0013723658539838161,-0.0013723658539838161
2099,-0.001012476678725575,-0.001313472507736358,-0.001313472507736358
2100,-0.001728324645081925,-0.0016433862648884843,-0.0016433862648884843
2101,-0.0013669702708443247,-0.0015021198308988479,-0.0015021198308988479
2102,-0.0008632974681550001,-0.0012086226392419644,-0.0012086226392419644
2103,-0.00013641564567652502,-0.0011830041635949408,-0.0011830041635949408
2104,-0.0014612519001572,-0.0014747613942108647,-0.0014747613942108647
2105,-0.0011311097126030499,-0.0013462648506598644,-0.0013462648506598644
2106,-0.0011261344459809499,-0.0013249188206158446,-0.0013249188206158446
2107,4.6635503946749975e-05,-0.0013727919693865404,-0.0013727919693865404
2108,-0.00161736770238955,-0.0014755990149625164,-0.0014755990149625164
2109,-0.001306392564323325,-0.0015979312162887264,-0.0015979312162887264
2110,-0.00169459278349045,-0.0016424628460677442,-0.0016424628460677442
2111,-0.00036881689751660005,-0.0014780101317619502,-0.0014780101317619502
2112,-0.0011850522496002001,-0.0013494293043401252,-0.0013494293043401252
2113,-0.0006721145225986004,-0.0012627012050691695,-0.0012627012050691695
2114,-0.001511009290790575,-0.0013667991191250383,-0.0013667991191250383
2115,-0.001733861286939325,-0.0014792487090194003,-0.0014792487090194003
2116,-0.00014960947594320004,-0.0013994806562525799,-0.0013994806562525799
2117,-0.00033679758649502497,-0.0015057261716326252,-0.0015057261716326252
2118,-0.0011469354506738502,-0.0014040952716621491,-0.0014040952716621491
2119,-0.001159815862081475,-0.0013925522075978077,-0.0013925522075978077
2120,-0.0020985485758258,-0.0015822338124171973,-0.0015822338124171973
2121,-0.0006596073944587249,-0.0013905707968679838,-0.0013905707968679838
2122,-0.00107304842272375,-0.0013996149305121348,-0.0013996149305121348
2123,-0.001143943819967175,-0.0014187383780050345,-0.0014187383780050345
2124,-0.000631205094599425,-0.00142659126384791,-0.00142659126384791
2125,-0.00131543546653965,-0.001490039441176426,-0.001490039441176426
2126,-0.0007296903378414,-0.0011731619228635371,-0.0011731619228635371
2127,-0.00018256150589175002,-0.00146111513183022,-0.00146111513183022
2128,-0.00029779156944415,-0.0014302077093221659,-0.0014302077093221659
2129,-0.0007373642850044999,-0.0013474299564754306,-0.0013474299564754306
2130,-0.0013826823847924,-0.0013033067919545845,-0.0013033067919545845
2131,-0.00076391257081695,-0.0013783422845881099,-0.0013783422845881099
2132,-0.0007672967695311001,-0.0012433957568129524,-0.0012433957568129524
2133,-0.000288528681563475,-0.0012427853829425108,-0.0012427853829425108
2134,-7.969287581675004e-06,-0.001440072976813499,-0.001440072976813499
2135,-0.002002752776397475,-0.0014760237441786533,-0.0014760237441786533
2136,-0.000708643053302425,-0.0014342788633708785,-0.0014342788633708785
2137,-0.00044990400006365003,-0.0013182863193697987,-0.0013182863193697987
2138,-0.0007931400550833773,-0.0015714028211192745,-0.0015714028211192745
2139,-0.000770757049304125,-0.001374959871060835,-0.001374959871060835
2140,-0.0015952171150715251,-0.0013245611291749172,-0.0013245611291749172
2141,-0.000645709879300925,-0.0012596718603389212,-0.0012596718603389212
2142,-0.00134887473538065,-0.0013502073643447683,-0.0013502073643447683
2143,-0.001023736104828625,-0.0015211867675662839,-0.0015211867675662839
2144,-0.00047831060284734997,-0.0014591161140318529,-0.0014591161140318529
2145,-0.0020017121726874504,-0.0014147925664353444,-0.0014147925664353444
2146,-0.0006360370570363,-0.001225279344989867,-0.001225279344989867
2147,-0.0015169831629783248,-0.0013686090423360817,-0.0013686090423360817
2148,-0.0006961401390040069,-0.0014674906476179394,-0.0014674906476179394
2149,-0.0006661057032465501,-0.0012793992704024306,-0.0012793992704024306
2150,-0.001431151489248875,-0.0014477451851797078,-0.0014477451851797078
2151,-0.00047186405866600376,-0.001244008587818389,-0.001244008587818389
2152,-0.001053485120195125,-0.0011245260440195302,-0.0011245260440195302
2153,-0.0008777174987258996,-0.0016805692166811115,-0.0016805692166811115
2154,-0.00047363728768225,-0.001282674619715062,-0.001282674619715062
2155,-0.0008556165989819749,-0.0012705295246097773,-0.0012705295246097773
2156,0.00015261812417904997,-0.0011866871434781418,-0.0011866871434781418
2157,-0.0018401974274800002,-0.0014424111466841683,-0.0014424111466841683
2158,-0.0011038784690659501,-0.0015100833332265108,-0.0015100833332265108
2159,-0.000324591207684,-0.0013775253389267021,-0.0013775253389267021
2160,-0.0018037347671923248,-0.0015004292232656058,-0.0015004292232656058
2161,-0.00163848951962295,-0.001242976791737317,-0.001242976791737317
2162,-0.0009419612322514391,-0.0012724288047058427,-0.0012724288047058427
2163,-0.0016264417172782999,-0.001384431498989712,-0.001384431498989712
2164,-0.0013942583919810002,-0.0014527083494231617,-0.0014527083494231617
2165,-0.00018087213446727504,-0.0012937854572573218,-0.0012937854572573218
2166,-0.0006810336376609,-0.0013447431713533272,-0.0013447431713533272
2167,-0.0001513850122644751,-0.0014463255254755685,-0.0014463255254755685
2168,-0.0019628055523952,-0.0015043537050116928,-0.0015043537050116928
2169,-0.000242900190855025,-0.001261744854392936,-0.001261744854392936
2170,-0.00010510912861662499,-0.0013176605087944142,-0.0013176605087944142
2171,-0.0007279928330266999,-0.0016139602616955342,-0.0016139602616955342
2172,-0.00024125801043582506,-0.0012842426410018585,-0.0012842426410018585
2173,-0.001651348858842925,-0.001535928321835778,-0.001535928321835778
2174,-0.0010963925634458443,-0.0013340447101293168,-0.0013340447101293168
2175,-0.0004393861220950559,-0.0013407271454339861,-0.0013407271454339861
2176,-0.002201025813332625,-0.0014057859938340948,-0.0014057859938340948
2177,-0.00039794325457775,-0.00142582926146286,-0.00142582926146286
2178,-0.0005961056140908,-0.0012110116592752335,-0.0012110116592752335
2179,-0.0009508195402702501,-0.0012495261503475022,-0.0012495261503475022
2180,-0.0014047184576509999,-0.0014199438535474152,-0.0014199438535474152
2181,-0.001523941692892375,-0.00151890035905371,-0.00151890035905371
2182,-0.0010088656900870906,-0.0012141950478364854,-0.0012141950478364854
2183,-0.000330236466836125,-0.001318820831549922,-0.001318820831549922
2184,-0.000972744696773,-0.0011806410692739404,-0.0011806410692739404
2185,-0.0007459975193205174,-0.0012415757759071297,-0.0012415757759071297
2186,-0.0005491436107132072,-0.0012470518083781243,-0.0012470518083781243
2187,-0.00077202610350715,-0.0013004548085774064,-0.0013004548085774064
2188,-0.0008727418939159591,-0.0014883826124129926,-0.0014883826124129926
2189,-0.000269415353719325,-0.0014679939728474702,-0.0014679939728474702
2190,-0.0003779500280875499,-0.0015155143821683978,-0.0015155143821683978
2191,-0.00131542574374685,-0.0014422930493749452,-0.0014422930493749452
2192,-0.0012063246020706502,-0.0012437116997509805,-0.0012437116997509805
2193,-0.0007295216903956,-0.0014648455578646653,-0.0014648455578646653
2194,0.00028836660295275004,-0.001275626785673983,-0.001275626785673983
2195,-0.0010505481100413251,-0.0013262408583984487,-0.0013262408583984487
2196,-0.001785898169040475,-0.001406489333493632,-0.001406489333493632
2197,-0.0012760677385778752,-0.0013284673395240166,-0.0013284673395240166
2198,-0.0006948649851122751,-0.0014040580690574903,-0.0014040580690574903
2199,-0.0011695045050902752,-0.0013293363852227907,-0.0013293363852227907
2200,-0.0007837705717953999,-0.001196951530001015,-0.001196951530001015
2201,-0.0007217232394187499,-0.0015654801443142974,-0.0015654801443142974
2202,-0.0015395975873494499,-0.0013490973019235411,-0.0013490973019235411
2203,-0.001264635034982775,-0.0013412988772676453,-0.0013412988772676453
2204,-0.0008127371039369,-0.0013568534120214767,-0.0013568534120214767
2205,-0.000753904041775275,-0.0012220532452570983,-0.0012220532452570983
2206,-0.00023224414999057497,-0.0014205517509471486,-0.0014205517509471486
2207,-0.00161968746772235,-0.0015079524681259472,-0.0015079524681259472
2208,-0.0010219650990896249,-0.0012970467681611044,-0.0012970467681611044
2209,-0.0009676285490659751,-0.0011256039098309295,-0.0011256039098309295
2210,-0.001033702592152,-0.0014192530826402287,-0.0014192530826402287
2211,-0.0010913748650048,-0.0016228658669248683,-0.0016228658669248683
2212,-0.0011107935511512502,-0.0016146804180837443,-0.0016146804180837443
2213,-0.0003081056464950387,-0.0013450740006788846,-0.0013450740006788846
2214,0.00043011358989610005,-0.0011685886051839348,-0.0011685886051839348
2215,-0.001827911197737675,-0.001237324683819009,-0.001237324683819009
2216,-0.00152222368108865,-0.0014992300863870926,-0.0014992300863870926
2217,-0.0006951518756124,-0.0013435493486630122,-0.0013435493486630122
2218,-0.0013077623265213116,-0.0013378890505905698,-0.0013378890505905698
2219,-0.00013454282304635001,-0.0012429639311012288,-0.0012429639311012288
2220,-0.0007011787469744,-0.001336541102893174,-0.001336541102893174
2221,-0.001349528748053525,-0.0013309607541235732,-0.0013309607541235732
2222,-0.001519702193384225,-0.0013642959360250489,-0.0013642959360250489
2223,-0.0014096110258157999,-0.0015258237994999937,-0.0015258237994999937
2224,-0.00033262955871655,-0.0011940011420943741,-0.0011940011420943741
2225,-0.0005269846211804148,-0.001427385089453252,-0.001427385089453252
2226,-0.0013507932408265502,-0.0013137374988171995,-0.0013137374988171995
2227,-0.0006428616318477,-0.0015698079359063044,-0.0015698079359063044
2228,-0.0009179084804991249,-0.0013504859499661101,-0.0013504859499661101
2229,-0.001893111052211675,-0.001585540552051272,-0.001585540552051272
2230,-0.0008311065140305749,-0.0014915172882873698,-0.0014915172882873698
2231,-0.00089731852695435,-0.0013949011834443843,-0.0013949011834443843
2232,-3.594104561255003e-05,-0.0011189361738756511,-0.0011189361738756511
2233,-0.000316180698346325,-0.0013656953819142755,-0.0013656953819142755
2234,-0.00070087821974485,-0.0012658335382115032,-0.0012658335382115032
2235,-0.000891716958793525,-0.001280598945856596,-0.001280598945856596
2236,-7.79688245771e-05,-0.0012401580023567798,-0.0012401580023567798
2237,-0.001104337513453125,-0.0014811028851884347,-0.0014811028851884347
2238,-0.001681774015900475,-0.0014486485092967667,-0.0014486485092967667
2239,-0.00028064694268285003,-0.0012864202388019046,-0.0012864202388019046
2240,-0.000170844943114625,-0.001400127175228602,-0.001400127175228602
2241,-0.001043488085389698,-0.0012861698669104874,-0.0012861698669104874
2242,-0.0014944169767685,-0.0011795535400785202,-0.0011795535400785202
2243,-0.0012590541607299002,-0.0013608844989366712,-0.0013608844989366712
2244,-0.0008922714936698485,-0.0013562399346964827,-0.0013562399346964827
2245,-0.0008070048955215732,-0.0012340983972093053,-0.0012340983972093053
2246,-0.001581201469851125,-0.0014754551461155768,-0.0014754551461155768
2247,-0.0006742256541614636,-0.0012816031945571949,-0.0012816031945571949
2248,-0.000790113656872625,-0.001557472984837362,-0.001557472984837362
2249,-0.001284030639558575,-0.0014648775640283532,-0.0014648775640283532
2250,-0.0015876718753012,-0.0014546530333137762,-0.0014546530333137762
2251,-0.0001361749684353912,-0.0013272754357019003,-0.0013272754357019003
2252,-0.00037165560876805,-0.001432176033484072,-0.001432176033484072
2253,-0.0005930197496916,-0.001430166588806862,-0.001430166588806862
2254,-0.000650396927119,-0.001446798357824929,-0.001446798357824929
2255,-0.001190668685435425,-0.0013509278846822684,-0.0013509278846822684
2256,-0.000531945172891625,-0.0015794265230128883,-0.0015794265230128883
2257,-0.001055832180579325,-0.0010398109842726828,-0.0010398109842726828
2258,-0.0009314799500940501,-0.0012688196116315122,-0.0012688196116315122
2259,-0.001121967156403025,-0.0014196053156862705,-0.0014196053156862705
2260,-0.00160276851087715,-0.0010952376927686153,-0.0010952376927686153
2261,-0.0018013031140158,-0.0013062866036391702,-0.0013062866036391702
2262,-0.000637183605927375,-0.0013886900809199992,-0.0013886900809199992
2263,-0.001015910376700975,-0.0013871972667661824,-0.0013871972667661824
2264,-0.001262211244305725,-0.0011559542626037142,-0.0011559542626037142
2265,-0.001298656218368975,-0.0014837848362824965,-0.0014837848362824965
2266,-0.0006426582654665634,-0.0009843617247837055,-0.0009843617247837055
2267,8.820313615000221e-07,-0.0014615271015020197,-0.0014615271015020197
2268,-0.001843513300255775,-0.0013231115677947835,-0.0013231115677947835
2269,-0.0008711115133161499,-0.001072648232803413,-0.001072648232803413
2270,-0.00107234418735315,-0.0015368225590938738,-0.0015368225590938738
2271,-0.0002549265941171,-0.0013510686362641206,-0.0013510686362641206
2272,0.00016851272355742925,-0.001265974587276658,-0.001265974587276658
2273,0.00014634072711530006,-0.0011343974436495425,-0.0011343974436495425
2274,-0.00033247376278032503,-0.0013566566321003804,-0.0013566566321003804
2275,-0.000386404594309325,-0.0012254449079655122,-0.0012254449079655122
2276,-0.002171439458454025,-0.0014187317204630897,-0.0014187317204630897
2277,-0.0013920128724409502,-0.0013458847475731979,-0.0013458847475731979
2278,-0.0014827362484290747,-0.00140076073621794,-0.00140076073621794
2279,-0.0013808701091328251,-0.001252014520798446,-0.001252014520798446
2280,-0.0007056668628265,-0.0015826246077129456,-0.0015826246077129456
2281,-0.0010951294725573,-0.00145776790402587,-0.00145776790402587
2282,-0.000137805061670504,-0.001339151808724062,-0.001339151808724062
2283,-0.00193328445948575,-0.0013805633813486974,-0.0013805633813486974
2284,-0.0008254539180075498,-0.001355233340240944,-0.001355233340240944
2285,-0.00077059384608125,-0.0013274508722842572,-0.0013274508722842572
2286,-0.00111084976865465,-0.001385746906604865,-0.001385746906604865
2287,-0.0009927741649689219,-0.001076732017279289,-0.001076732017279289
2288,-0.0017468487398109747,-0.0014333955799100968,-0.0014333955799100968
2289,0.000301827161586075,-0.0013910994196642621,-0.0013910994196642621
2290,-0.0009006663260000803,-0.0014900135208334197,-0.0014900135208334197
2291,-0.000671871538081175,-0.0013367200564109334,-0.0013367200564109334
2292,-0.0015307471204526499,-0.0013871569962218405,-0.0013871569962218405
2293,-0.001231209500179875,-0.0015684087337385863,-0.0015684087337385863
2294,-0.0008555306283994665,-0.001505352362113012,-0.001505352362113012
2295,-0.0005662706087453501,-0.0013885048078739256,-0.0013885048078739256
2296,-0.0006030104936556001,-0.0014167645094744137,-0.0014167645094744137
2297,1.6488401090550037e-05,-0.0012684794702247535,-0.0012684794702247535
2298,-0.0009197254895488001,-0.0013641259814795982,-0.0013641259814795982
2299,-0.0009711109159764499,-0.0012954001279740061,-0.0012954001279740061
2300,-0.00056883274551375,-0.0012134432842619675,-0.0012134432842619675
2301,1.253517560280724e-05,-0.0014022660645646005,-0.0014022660645646005
2302,-0.000325778114302275,-0.0013712939184194403,-0.0013712939184194403
2303,-0.0011833746747857,-0.001628515342986715,-0.001628515342986715
2304,-0.000172515723436125,-0.0012369670993819543,-0.0012369670993819543
2305,-0.0007740936851518249,-0.0012628454531017595,-0.0012628454531017595
2306,-0.0003907436898035751,-0.0013682783064394727,-0.0013682783064394727
2307,-0.0007335420161544629,-0.001248429694877633,-0.001248429694877633
2308,-0.000777234487742725,-0.0013748101465460537,-0.0013748101465460537
2309,-0.0007622395841731751,-0.0013810564408334057,-0.0013810564408334057
2310,-0.001423824251722275,-0.0016297662837126909,-0.0016297662837126909
2311,-0.0006501741911718001,-0.0013173944213940702,-0.0013173944213940702
2312,-0.0009716894457296,-0.0014364168876172569,-0.0014364168876172569
2313,-0.001358012248362375,-0.0015572879087738984,-0.0015572879087738984
2314,-0.00028700802723162684,-0.001225460834339419,-0.001225460834339419
2315,-0.001647199604416475,-0.0013012499159125457,-0.0013012499159125457
2316,-0.00044228798518620006,-0.0012438254493860022,-0.0012438254493860022
2317,-0.0008707507554973251,-0.0014899150471396725,-0.0014899150471396725
2318,-0.000544844675852725,-0.0014678218387515285,-0.0014678218387515285
2319,-0.0011641151276869251,-0.0012945361073221754,-0.0012945361073221754
2320,-0.000519691437525325,-0.001624617162163406,-0.001624617162163406
2321,-0.00041296939237760237,-0.0012096662622678787,-0.0012096662622678787
2322,-0.0009601334638217999,-0.0016112940658622207,-0.0016112940658622207
2323,-0.00026368467899275,-0.0010861363580302297,-0.0010861363580302297
2324,0.00030024586283699996,-0.0012540001185305137,-0.0012540001185305137
2325,-0.0009417363071954001,-0.0012117340339369632,-0.0012117340339369632
2326,-0.000685705644186275,-0.0015022690934109147,-0.0015022690934109147
2327,-0.00185003864598445,-0.0013625811270798658,-0.0013625811270798658
2328,0.00014180152533327503,-0.0013081616683278563,-0.0013081616683278563
2329,-0.0011454073195777,-0.0014257609763070902,-0.0014257609763070902
2330,-5.903019477990006e-05,-0.0013514349414941744,-0.0013514349414941744
2331,-0.000874200615995356,-0.0014512808381498322,-0.0014512808381498322
2332,-0.0001646487342949498,-0.0014511203804552465,-0.0014511203804552465
2333,-0.0013387852979795,-0.0014214258714400569,-0.0014214258714400569
2334,-0.000715960259010275,-0.001377052040629066,-0.001377052040629066
2335,-0.001200004515159775,-0.0016430824667585352,-0.0016430824667585352
2336,3.4412344126849977e-05,-0.0013146955912006837,-0.0013146955912006837
2337,-0.000512616289686025,-0.0013501151028798475,-0.0013501151028798475
2338,-0.000985843148986975,-0.001370348335828786,-0.001370348335828786
2339,-0.00119126813168425,-0.001334922405457164,-0.001334922405457164
2340,-0.0005125135921912999,-0.0013105266090870417,-0.0013105266090870417
2341,-0.00047716504682930236,-0.0014058869619370737,-0.0014058869619370737
2342,-0.001755285659198975,-0.0013969280081973948,-0.0013969280081973948
2343,-0.0005917616787066718,-0.0014683681330537885,-0.0014683681330537885
2344,-0.00014607300657797504,-0.0014406235563648529,-0.0014406235563648529
2345,-0.000877710524172575,-0.0015927716628629492,-0.0015927716628629492
2346,-0.0007310802636573751,-0.001586646757897114,-0.001586646757897114
2347,-0.0010034221074303,-0.0014466101298617035,-0.0014466101298617035
2348,-0.00167521157188095,-0.0013608452649291395,-0.0013608452649291395
2349,-8.538396367071421e-05,-0.0011047745057607805,-0.0011047745057607805
2350,-0.0020413094627453753,-0.0012762065761743081,-0.0012762065761743081
2351,-0.0007653784348821235,-0.0013060396888812586,-0.0013060396888812586
2352,-0.0006736010934119501,-0.0012058882743305717,-0.0012058882743305717
2353,-0.001888689531911475,-0.0014095143909042221,-0.0014095143909042221
2354,-0.0007551582658356477,-0.0014037673827971466,-0.0014037673827971466
2355,-0.0017540127094387086,-0.0014258973460907231,-0.0014258973460907231
2356,-0.00044105553691516807,-0.0012251314516993138,-0.0012251314516993138
2357,-0.00103815600207225,-0.0013259043034930407,-0.0013259043034930407
2358,-0.00107247462180265,-0.001477914897734308,-0.001477914897734308
2359,-0.000452157912589875,-0.001203034305266905,-0.001203034305266905
2360,-0.0014550952272038998,-0.0013095659990983402,-0.0013095659990983402
2361,-0.000239411844035575,-0.0013085191393007733,-0.0013085191393007733
2362,-0.0011224525267523999,-0.0014011496287612696,-0.0014011496287612696
2363,-0.001073626683834375,-0.0012695897604809723,-0.0012695897604809723
2364,-0.001665967862248075,-0.0013687662646528424,-0.0013687662646528424
2365,-5.717225027232286e-05,-0.001260006602214112,-0.001260006602214112
2366,-0.00017750793076639997,-0.001266727162791926,-0.001266727162791926
2367,-0.00047520910642252496,-0.0012484602541990978,-0.0012484602541990978
2368,-0.001278827878632225,-0.0011207249240836354,-0.0011207249240836354
2369,-0.0010307727372959499,-0.001185819419568647,-0.001185819419568647
2370,-0.000893267783968925,-0.0011814294628233212,-0.0011814294628233212
2371,-0.000679585541902825,-0.0012036303545274196,-0.0012036303545274196
2372,-0.0007929012734647751,-0.001506377719609518,-0.001506377719609518
2373,-0.001147667746539325,-0.0012956914918177977,-0.0012956914918177977
2374,-0.00116563834695802,-0.0012270748303535408,-0.0012270748303535408
2375,-0.000717003840823975,-0.0015984651051095568,-0.0015984651051095568
2376,-0.000738907237888425,-0.001437202691222914,-0.001437202691222914
2377,-0.001257518482338575,-0.0011533254121527455,-0.0011533254121527455
2378,-0.00043571238155255,-0.0014445198068880152,-0.0014445198068880152
2379,-0.0012819788078882,-0.001357012652927422,-0.001357012652927422
2380,-0.0010291864586018,-0.001398328254828026,-0.001398328254828026
2381,-0.00043633961886435,-0.0012953574686887638,-0.0012953574686887638
2382,-0.0013210793122072498,-0.001379325363707101,-0.001379325363707101
2383,-0.00038592288253936073,-0.0010336112035992042,-0.0010336112035992042
2384,-0.00116472742557285,-0.0012510205056555446,-0.0012510205056555446
2385,0.00042285952706107484,-0.0010407760397896087,-0.0010407760397896087
2386,-0.001451166175589375,-0.0011096069206653252,-0.0011096069206653252
2387,-0.00073598642262385,-0.0011952493520629723,-0.0011952493520629723
2388,-0.0005158070987460001,-0.001196514774681896,-0.001196514774681896
2389,-0.0008586388614278501,-0.001447602170040445,-0.001447602170040445
2390,-0.00172129867578515,-0.0013270612870992101,-0.0013270612870992101
2391,-0.0008135185555288751,-0.0014464616701197603,-0.0014464616701197603
2392,-0.000877489747616825,-0.0014156901658817333,-0.0014156901658817333
2393,-0.001215832151974275,-0.0013203056906230548,-0.0013203056906230548
2394,-0.00098288122801985,-0.0012161310960370742,-0.0012161310960370742
2395,-0.00094595247806595,-0.0012401396019572238,-0.0012401396019572238
2396,-0.000615918028575929,-0.001467514054101895,-0.001467514054101895
2397,-0.000871196617403225,-0.0013176489524940836,-0.0013176489524940836
2398,-0.0015114679889690749,-0.0012870838256221534,-0.0012870838256221534
2399,-0.00072239077009315,-0.001226268165158375,-0.001226268165158375
2400,7.778809626025825e-05,-0.0014578198633300862,-0.0014578198633300862
2401,-0.000518289289113275,-0.0014227859698828316,-0.0014227859698828316
2402,-0.001426065146285125,-0.001480651810568363,-0.001480651810568363
2403,-0.0008950264490892749,-0.0013391064431311204,-0.0013391064431311204
2404,-0.00037009867314427504,-0.0013155559631015,-0.0013155559631015
2405,-0.000619677582774325,-0.0011023403679594704,-0.0011023403679594704
2406,-0.0013968238777406,-0.0014510606267241748,-0.0014510606267241748
2407,-0.0005412300787567501,-0.0011834622312108854,-0.0011834622312108854
2408,-0.00037122589232942496,-0.0012256580626795938,-0.0012256580626795938
2409,-0.0014412641383817501,-0.0013434893765224506,-0.0013434893765224506
2410,-0.0012900550120601999,-0.0013257940504759417,-0.0013257940504759417
2411,-0.0005301119875638751,-0.0013303078253611243,-0.0013303078253611243
2412,-0.000880928027311825,-0.0015002388153653118,-0.0015002388153653118
2413,-0.00077511137731375,-0.0012540270804795946,-0.0012540270804795946
2414,-0.0008485851121491251,-0.0012865857482871968,-0.0012865857482871968
2415,-0.0008799671061680749,-0.0013591912324492242,-0.0013591912324492242
2416,-0.00029779258738436886,-0.0013880613324049143,-0.0013880613324049143
2417,-0.0010449658985321136,-0.0014102553189444425,-0.0014102553189444425
2418,-0.0005299023659423,-0.001292793595640969,-0.001292793595640969
2419,-0.00028032827731565,-0.0013017364805106312,-0.0013017364805106312
2420,-0.00050711111369955,-0.00135120754738359,-0.00135120754738359
2421,-0.001243975334598825,-0.0015264106245887236,-0.0015264106245887236
2422,-0.000872872554765025,-0.0014768216957496425,-0.0014768216957496425
2423,-0.001762526891948,-0.001180629899075776,-0.001180629899075776
2424,-0.001960290228131525,-0.0013924191488741062,-0.0013924191488741062
2425,-0.0018882806955795501,-0.001354644420893754,-0.001354644420893754
2426,-0.0016237586556742249,-0.0013916168574402558,-0.0013916168574402558
2427,-0.0022574681822488,-0.0014079436012197685,-0.0014079436012197685
2428,-0.00016174880925053033,-0.0010870217720116084,-0.0010870217720116084
2429,-0.00029666412207877334,-0.001255447666593324,-0.001255447666593324
2430,-0.0006330140535685501,-0.0012686267141524244,-0.0012686267141524244
2431,-0.00047158282082387503,-0.0014595543546351323,-0.0014595543546351323
2432,-0.0002508177784281,-0.0014587231305824688,-0.0014587231305824688
2433,-0.001121973166838575,-0.0012250654225150314,-0.0012250654225150314
2434,0.0005594035825562,-0.0013186233012796153,-0.0013186233012796153
2435,-0.000915062815890175,-0.001112425186210672,-0.001112425186210672
2436,-0.002644936087664675,-0.001503489759043335,-0.001503489759043335
2437,-0.001290609407302725,-0.001299730786353495,-0.001299730786353495
2438,-0.00055287109932285,-0.0014649539107514217,-0.0014649539107514217
2439,-0.0010251291978846501,-0.0012515323072834774,-0.0012515323072834774
2440,-0.0012577809317256,-0.0013650392378061942,-0.0013650392378061942
2441,-0.001042206090369975,-0.0014039995765325393,-0.0014039995765325393
2442,-0.0009114494326689501,-0.0012313012104906826,-0.0012313012104906826
2443,-0.002092213652531375,-0.0014837654969249957,-0.0014837654969249957
2444,-0.000803536807857775,-0.0014664160034784089,-0.0014664160034784089
2445,-0.00019278950983524996,-0.0014631583321524013,-0.0014631583321524013
2446,-0.0006722098227607001,-0.0012219745575865531,-0.0012219745575865531
2447,-0.00010836768066958566,-0.0011908154146938168,-0.0011908154146938168
2448,-0.000826816614950675,-0.0011964184054307895,-0.0011964184054307895
2449,-0.0007967801957438997,-0.001337727005469325,-0.001337727005469325
2450,-0.0008715099026783,-0.0014684913007483459,-0.0014684913007483459
2451,-0.000609843314253675,-0.0011951464114596788,-0.0011951464114596788
2452,-0.00177998755579455,-0.001562398138899235,-0.001562398138899235
2453,-0.0003544198490664689,-0.0014490039207835977,-0.0014490039207835977
2454,-0.00040279951440595,-0.0014155548652665065,-0.0014155548652665065
2455,-0.000674302122759,-0.00125468898184842,-0.00125468898184842
2456,-0.000377200395293675,-0.0013245959266597212,-0.0013245959266597212
2457,-0.0011364710124740999,-0.0012185194828243785,-0.0012185194828243785
2458,-0.0013364269474317875,-0.0012403789134775983,-0.0012403789134775983
2459,-0.0004996089686172,-0.0013803724784073762,-0.0013803724784073762
2460,-0.00043541043440056696,-0.00134351606528204,-0.00134351606528204
2461,-0.000776711007325475,-0.0013666267292380511,-0.0013666267292380511
2462,-0.001141872199220825,-0.0012651505795483573,-0.0012651505795483573
2463,-0.000450795223627279,-0.0014104059039993738,-0.0014104059039993738
2464,-0.000707816441052225,-0.0014104925739863204,-0.0014104925739863204
2465,-0.00072819981305445,-0.0011762905192724148,-0.0011762905192724148
2466,-0.00177178376875845,-0.0014680107956134357,-0.0014680107956134357
2467,-0.00073007514845725,-0.001113167799187418,-0.001113167799187418
2468,-0.0010013695547416998,-0.0013341118316467756,-0.0013341118316467756
2469,-0.00291174579844535,-0.0016000368169891603,-0.0016000368169891603
2470,-0.001676342234014925,-0.001416089542082602,-0.001416089542082602
2471,-0.00042072648199005,-0.0015297101845930209,-0.0015297101845930209
2472,-0.00069567948789655,-0.0012137103744424655,-0.0012137103744424655
2473,-0.0010179430538107999,-0.0012810065897979246,-0.0012810065897979246
2474,-0.000587005112971425,-0.001433034263853475,-0.001433034263853475
2475,-0.0013544290329266999,-0.001442282399614932,-0.001442282399614932
2476,-0.0017065313356284502,-0.001223649425438793,-0.001223649425438793
2477,-0.0004152342891407695,-0.0011924006866123398,-0.0011924006866123398
2478,-0.001072755632032175,-0.001266706098981317,-0.001266706098981317
2479,-0.001624481734944025,-0.0014069961582871202,-0.0014069961582871202
2480,-0.0008480027901142749,-0.0011859620658924046,-0.0011859620658924046
2481,-0.000869182285325925,-0.0015429853779675563,-0.0015429853779675563
2482,-0.001001828241986875,-0.00127915342918909,-0.00127915342918909
2483,-0.001508836423408475,-0.0014214404659105995,-0.0014214404659105995
2484,-0.00042479249821115,-0.0014107121818253915,-0.0014107121818253915
2485,-0.0008685988021507223,-0.0013177946193887917,-0.0013177946193887917
2486,-0.000507586697004875,-0.0013820865241396477,-0.0013820865241396477
2487,-0.000418073920605275,-0.0015128000931931944,-0.0015128000931931944
2488,-0.00064424222154575,-0.001224955207967635,-0.001224955207967635
2489,-0.00032694710565555,-0.0014748861609731152,-0.0014748861609731152
2490,-0.0013631764443029,-0.0011811607617330548,-0.0011811607617330548
2491,-0.00064072346347185,-0.0013523997906102426,-0.0013523997906102426
2492,-0.0005368455032471501,-0.0013175165600603047,-0.0013175165600603047
2493,-0.00097716171131485,-0.001403542671384304,-0.001403542671384304
2494,-0.00077618735521875,-0.0012615482248882147,-0.0012615482248882147
2495,-0.00096520856612175,-0.0012759033554943081,-0.0012759033554943081
2496,-0.0015302138893499248,-0.0013156834558505205,-0.0013156834558505205
2497,-0.0008398988445068,-0.0011727276015596091,-0.0011727276015596091
2498,-0.0005967563787635,-0.0014064010186071781,-0.0014064010186071781
2499,-0.00038018176161477504,-0.0012786527227221147,-0.0012786527227221147
2500,-1.6656586635288616e-06,-0.001330741524748869,-0.001330741524748869
2501,-0.000330015199656175,-0.0014312449674829075,-0.0014312449674829075
2502,-0.000908921801610575,-0.001428282586807815,-0.001428282586807815
2503,-0.0010461797271800774,-0.0015608208243015874,-0.0015608208243015874
2504,-0.002168204590231225,-0.0012422570796897106,-0.0012422570796897106
2505,-0.000722816312564025,-0.0013096989810410416,-0.0013096989810410416
2506,-0.0021229327491851502,-0.0012209172500240383,-0.0012209172500240383
2507,-0.00043581699736512495,-0.0013441440293017772,-0.0013441440293017772
2508,-0.00131978596803835,-0.0014668928546464634,-0.0014668928546464634
2509,-0.0006352517474609749,-0.0011853491083514858,-0.0011853491083514858
2510,-0.001697226262198575,-0.0015188707919327408,-0.0015188707919327408
2511,-0.00038915563761265004,-0.0014227669332972338,-0.0014227669332972338
2512,-0.0010233576632198748,-0.001233926350558822,-0.001233926350558822
2513,0.00036857284015652503,-0.0014525680087200345,-0.0014525680087200345
2514,-0.00032659131567745,-0.001269142362144159,-0.001269142362144159
2515,-0.0012722225161112002,-0.0014349343132640541,-0.0014349343132640541
2516,-0.000384645520261275,-0.0013691728092875789,-0.0013691728092875789
2517,-0.00211732076732795,-0.0011987505603038332,-0.0011987505603038332
2518,-0.00046658490175765496,-0.0012278506687192871,-0.0012278506687192871
2519,-0.001342060425204715,-0.001450776811269711,-0.001450776811269711
2520,-0.0005657676859260658,-0.0009683140134229715,-0.0009683140134229715
2521,-0.0006464612934714499,-0.0013084950179995467,-0.0013084950179995467
2522,-0.00102581714869855,-0.0012354971731276373,-0.0012354971731276373
2523,-0.001123763074191725,-0.001226529497039764,-0.001226529497039764
2524,-0.0009537945838729751,-0.0014174231494244096,-0.0014174231494244096
2525,-0.0008823816715198415,-0.0014361186616155166,-0.0014361186616155166
2526,6.359114288455e-05,-0.0011177733116099608,-0.0011177733116099608
2527,-0.0008857248307353499,-0.0012602052443345963,-0.0012602052443345963
2528,-0.0008533931940664251,-0.0013432867787081003,-0.0013432867787081003
2529,-0.001283016055870975,-0.0013033341820748857,-0.0013033341820748857
2530,-0.00034339357889767496,-0.0015248121986903176,-0.0015248121986903176
2531,-0.0009272051489638884,-0.00145838487938003,-0.00145838487938003
2532,-0.001841734334741725,-0.001405052407060041,-0.001405052407060041
2533,-0.0006956690088680887,-0.0013733105325639925,-0.0013733105325639925
2534,-0.0007650159759592251,-0.0012746482633557074,-0.0012746482633557074
2535,-0.0007620546767427019,-0.0012575326255981083,-0.0012575326255981083
2536,-0.0010264044468219899,-0.0014885629696065378,-0.0014885629696065378
2537,-0.0012958393612168,-0.0013327852274762765,-0.0013327852274762765
2538,-0.000917187350433055,-0.0012364417664704845,-0.0012364417664704845
2539,-0.00036055350494840004,-0.0013765486666060195,-0.0013765486666060195
2540,-0.000551484763829875,-0.0014875588316292348,-0.0014875588316292348
2541,-0.00027465648175824996,-0.00130175119557968,-0.00130175119557968
2542,-0.0013440026148819,-0.0015534998468230026,-0.0015534998468230026
2543,-0.000680947857047425,-0.001308822605763892,-0.001308822605763892
2544,-0.000694008491878325,-0.0014628305702634931,-0.0014628305702634931
2545,-0.0012939855730398752,-0.0011045154685269181,-0.0011045154685269181
2546,-0.001244607612971725,-0.0013473118115296064,-0.0013473118115296064
2547,-0.001140017592363225,-0.001498057720487672,-0.001498057720487672
2548,-0.0008199285063742751,-0.0012312960776313152,-0.0012312960776313152
2549,-0.0009386297172016499,-0.001155723104466086,-0.001155723104466086
2550,-0.00083862980801075,-0.0014116492309970675,-0.0014116492309970675
2551,-0.00023878762269204993,-0.0014963600344858044,-0.0014963600344858044
2552,-0.0009668507775928615,-0.0014610641248544696,-0.0014610641248544696
2553,-0.0012249290383001253,-0.0012845891571022904,-0.0012845891571022904
2554,-0.000920180888207675,-0.001271077506194539,-0.001271077506194539
2555,-0.0011105793691792499,-0.0015498266682328033,-0.0015498266682328033
2556,-0.0009767082218648479,-0.0012966654211723659,-0.0012966654211723659
2557,-0.0007872186171082628,-0.0013133025490560833,-0.0013133025490560833
2558,-0.001109188320650009,-0.0010427129998016934,-0.0010427129998016934
2559,-0.000778394500112225,-0.0013981933245170546,-0.0013981933245170546
2560,-0.0007169565499105001,-0.0014860438455927226,-0.0014860438455927226
2561,-0.0005039124428278287,-0.001073548935853644,-0.001073548935853644
2562,-0.0009673921064748001,-0.0013726262192661665,-0.0013726262192661665
2563,-0.00163131759426005,-0.001364531475886953,-0.001364531475886953
2564,-0.0019117906735200499,-0.0012451772075477792,-0.0012451772075477792
2565,0.00026200417016194994,-0.0013090841022281982,-0.0013090841022281982
2566,-0.0006326335672235,-0.0014599069354376555,-0.0014599069354376555
2567,-0.00110713291703875,-0.0012679787038609297,-0.0012679787038609297
2568,-4.600330684940008e-05,-0.0013324439812184986,-0.0013324439812184986
2569,0.000167539503332575,-0.0015101006792066335,-0.0015101006792066335
2570,5.345557299412499e-05,-0.0012864954514228025,-0.0012864954514228025
2571,-0.0007133565952766,-0.0012367108222302498,-0.0012367108222302498
2572,-0.0004674920642227572,-0.0016001656693937136,-0.0016001656693937136
2573,-0.00214297387909405,-0.0014043554627573343,-0.0014043554627573343
2574,-0.0015761062587653502,-0.0010680270330875215,-0.0010680270330875215
2575,-0.000897626412994375,-0.0014104680719011435,-0.0014104680719011435
2576,-0.0007920206804635618,-0.00145803965325552,-0.00145803965325552
2577,0.0007155077858280751,-0.001181715954815768,-0.001181715954815768
2578,-0.0005172465056103,-0.0013577494746460253,-0.0013577494746460253
2579,-0.001456645783855725,-0.0013058463507266238,-0.0013058463507266238
2580,-0.00054247597736525,-0.0012408963972987959,-0.0012408963972987959
2581,-0.0008908456015328749,-0.0011721238752202547,-0.0011721238752202547
2582,-0.00071629690901335,-0.00128397835089708,-0.00128397835089708
2583,-0.0014554504123337757,-0.0015438573385261754,-0.0015438573385261754
2584,-0.0011709999057052,-0.0013175506965428308,-0.0013175506965428308
2585,-0.0012616912680968751,-0.0012424047921412483,-0.0012424047921412483
2586,-0.0005476986089718999,-0.0014564994856339935,-0.0014564994856339935
2587,-0.00141502375396735,-0.0012489819428635905,-0.0012489819428635905
2588,-0.00064201549057555,-0.001375055020963432,-0.001375055020963432
2589,-0.0007907691695280251,-0.0013024410455141652,-0.0013024410455141652
2590,-0.0012112642936985,-0.0014144602773109903,-0.0014144602773109903
2591,-0.0010268935911139998,-0.0015973242852217893,-0.0015973242852217893
2592,-0.000561846025148325,-0.0013377402048752156,-0.0013377402048752156
2593,-0.0011294467281722385,-0.0013630337070115039,-0.0013630337070115039
2594,-0.0012133654476295251,-0.0011332733115926013,-0.0011332733115926013
2595,-0.000808283560448675,-0.0014669424698560162,-0.0014669424698560162
2596,-0.00068210056454245,-0.0012900381775917092,-0.0012900381775917092
2597,-0.001594733354501425,-0.0013769063952101008,-0.0013769063952101008
2598,-0.0009554141171337,-0.001449347617038689,-0.001449347617038689
2599,-0.0004437311200428635,-0.001614816006492435,-0.001614816006492435
2600,-0.00026012483533717495,-0.001284229578003201,-0.001284229578003201
2601,-0.001465699964517925,-0.001436496882252166,-0.001436496882252166
2602,-0.0016194458509903998,-0.0011320872393484052,-0.0011320872393484052
2603,-0.00042828629474880007,-0.0012284331377006655,-0.0012284331377006655
2604,-0.000982850136769075,-0.0013970650613709657,-0.0013970650613709657
2605,-0.0009513671251060499,-0.0015938940191545228,-0.0015938940191545228
2606,-0.00065162986019275,-0.0011415994672853307,-0.0011415994672853307
2607,-0.00104820659313661,-0.001486714462640781,-0.001486714462640781
2608,-0.0007105149801592854,-0.0012273478970383311,-0.0012273478970383311
2609,0.00034705372532705,-0.0011335468398580438,-0.0011335468398580438
2610,-0.00014777408903340807,-0.0014636528186787903,-0.0014636528186787903
2611,-0.00031209756523607496,-0.0010598307688781067,-0.0010598307688781067
2612,-0.0017063344736512498,-0.0013010810473516174,-0.0013010810473516174
2613,-0.0006165196857166963,-0.0013335479783299921,-0.0013335479783299921
2614,-0.001161679972002,-0.0013843105413293318,-0.0013843105413293318
2615,-0.0009607159518863501,-0.0011659399938704906,-0.0011659399938704906
2616,-0.001434174220169422,-0.0015958585040382275,-0.0015958585040382275
2617,-0.0008782566320857001,-0.001149776592607858,-0.001149776592607858
2618,-0.00038475305967447504,-0.0014032893366725595,-0.0014032893366725595
2619,-0.00040481304111124994,-0.0014190313975790568,-0.0014190313975790568
2620,-0.000640640140381925,-0.001215052488205545,-0.001215052488205545
2621,-0.000341461618690775,-0.0011485802863221441,-0.0011485802863221441
2622,-0.001343957346700325,-0.0012950537418819998,-0.0012950537418819998
2623,-0.00102528205756135,-0.0013753274052929162,-0.0013753274052929162
2624,-0.00053271173654065,-0.0014015468276573795,-0.0014015468276573795
2625,-0.0008371918748236501,-0.0013638503852915363,-0.0013638503852915363
2626,-0.0010925818213251251,-0.0012113411406891883,-0.0012113411406891883
2627,-0.00122046121423655,-0.001419289871416999,-0.001419289871416999
2628,-0.000659429288149887,-0.0012098362047636806,-0.0012098362047636806
2629,-0.0012465707797946499,-0.0014768255674200831,-0.0014768255674200831
2630,-0.0006760159104434807,-0.0013331938152721598,-0.0013331938152721598
2631,0.0003941959342873304,-0.001280961162713902,-0.001280961162713902
2632,-0.00036836756324655,-0.0014757655681781354,-0.0014757655681781354
2633,-0.00024177398128990006,-0.0012681375543859288,-0.0012681375543859288
2634,-0.0021146614572390247,-0.00148575735972991,-0.00148575735972991
2635,-0.00165978760325645,-0.0013140621439647854,-0.0013140621439647854
2636,-0.0012838597016639,-0.001522170743517051,-0.001522170743517051
2637,-0.0009641295804969749,-0.00150008393386278,-0.00150008393386278
2638,-0.0017670747962556998,-0.0014017313159834085,-0.0014017313159834085
2639,-0.0006963977040936748,-0.0014425542027187842,-0.0014425542027187842
2640,-0.00106230323312985,-0.0013941588852164845,-0.0013941588852164845
2641,-0.0008571478304194001,-0.0011707925614248577,-0.0011707925614248577
2642,-0.0012002769629260001,-0.0013930738593530838,-0.0013930738593530838
2643,-0.00083474673062755,-0.0014303468419812036,-0.0014303468419812036
2644,-0.0011845669444882,-0.0013770815024333927,-0.0013770815024333927
2645,-0.000422603536466375,-0.0013102895026030862,-0.0013102895026030862
2646,-0.000835326114507375,-0.0013508799970883105,-0.0013508799970883105
2647,-8.112543777864998e-05,-0.0014014073855566538,-0.0014014073855566538
2648,-0.000518065208478075,-0.0014655696982717346,-0.0014655696982717346
2649,-0.00153656522919655,-0.0015009355638215015,-0.0015009355638215015
2650,-0.0012446939326195999,-0.0013654840645881132,-0.0013654840645881132
2651,-0.0006480628050513751,-0.0014360374390909561,-0.0014360374390909561
2652,-0.001289332979484225,-0.001260480481440811,-0.001260480481440811
2653,-0.002054126786891525,-0.0013597566057212864,-0.0013597566057212864
2654,-0.00095174446628225,-0.0013419241517577192,-0.0013419241517577192
2655,-0.0007132568696027501,-0.0011551745341285512,-0.0011551745341285512
2656,-0.0002967290907986882,-0.0014806309716415339,-0.0014806309716415339
2657,-0.001086543386272825,-0.0013099158605994782,-0.0013099158605994782
2658,-0.0005334452875892788,-0.0013835616750530856,-0.0013835616750530856
2659,-0.0012497028023688,-0.0011961179327963868,-0.0011961179327963868
2660,-0.00116622015267645,-0.0015776701281947536,-0.0015776701281947536
2661,-0.0011924250212078749,-0.001406360810746684,-0.001406360810746684
2662,-0.000458195567636525,-0.0012289232973231147,-0.0012289232973231147
2663,-0.000942980231131025,-0.001374168664553122,-0.001374168664553122
2664,-0.00022671544680704996,-0.0014143390559532745,-0.0014143390559532745
2665,-0.00107609680474815,-0.0015414548809513447,-0.0015414548809513447
2666,-0.00080242707579075,-0.001428294557436604,-0.001428294557436604
2667,-0.0020656472933625247,-0.0015396969248029336,-0.0015396969248029336
2668,-0.001714066104192875,-0.0015737208988409266,-0.0015737208988409266
2669,-0.00111002347858045,-0.0015721956025197938,-0.0015721956025197938
2670,-0.0007424093462893499,-0.0015778584063311882,-0.0015778584063311882
2671,-0.0013323852989045501,-0.001148836627641376,-0.001148836627641376
2672,-0.0011598455808663932,-0.0013052219227643951,-0.0013052219227643951
2673,-0.00039389159694694375,-0.0012321510971986015,-0.0012321510971986015
2674,-0.0005039450427220689,-0.0015159258329022522,-0.0015159258329022522
2675,-0.000481426717177475,-0.0012416810047354452,-0.0012416810047354452
2676,-0.0010842508480432,-0.0014929110249390484,-0.0014929110249390484
2677,-0.00082742122731185,-0.001560883617572953,-0.001560883617572953
2678,-0.0008297272668007169,-0.0014243442262987242,-0.0014243442262987242
2679,-0.000405549996772425,-0.001324720700040805,-0.001324720700040805
2680,-0.0009741223839398001,-0.0013132997448167128,-0.0013132997448167128
2681,-0.0008881575187675999,-0.0013402459287878946,-0.0013402459287878946
2682,-0.001041786676731375,-0.0013213530703044324,-0.0013213530703044324
2683,-0.001856227997499701,-0.0013025453441790466,-0.0013025453441790466
2684,-0.00015389778231405003,-0.001297697436996469,-0.001297697436996469
2685,-0.0012753196221563748,-0.0012135732795895515,-0.0012135732795895515
2686,-0.00175019768723025,-0.0014700558520979031,-0.0014700558520979031
2687,-0.0010817380156610498,-0.001374122360000844,-0.001374122360000844
2688,-0.00074869401463,-0.001250960453113156,-0.001250960453113156
2689,-0.0008412872812399001,-0.0014232986444755247,-0.0014232986444755247
2690,-0.0013892666617330266,-0.0013344898102928163,-0.0013344898102928163
2691,-0.0006774276902590879,-0.0015449133393012958,-0.0015449133393012958
2692,-0.0005713357168145501,-0.0013564196753527197,-0.0013564196753527197
2693,-0.000987137472523375,-0.001182526652286448,-0.001182526652286448
2694,-0.0007018141950058653,-0.0013494191882749054,-0.0013494191882749054
2695,-0.00129721125710915,-0.0013935569973981305,-0.0013935569973981305
2696,-0.000986746490009875,-0.0014709701389170246,-0.0014709701389170246
2697,-0.0006442673704717249,-0.0013864283069978912,-0.0013864283069978912
2698,-0.0006004441565775,-0.0013670829876423778,-0.0013670829876423778
2699,-0.0014264434034070251,-0.0014981313656131764,-0.0014981313656131764
2700,-0.000754267815382525,-0.001397857479512771,-0.001397857479512771
2701,-0.0007629099641236001,-0.0012932796650785459,-0.0012932796650785459
2702,0.0003915691038105249,-0.0013313925131172618,-0.0013313925131172618
2703,-0.00023572573488945,-0.0013635891137671918,-0.0013635891137671918
2704,-0.001671707823831925,-0.0014520838279127334,-0.0014520838279127334
2705,-0.001674347979159925,-0.0013806016421399703,-0.0013806016421399703
2706,-0.0013154353340623,-0.0012827093979157532,-0.0012827093979157532
2707,-0.000568635731719425,-0.00144519803746116,-0.00144519803746116
2708,-0.0011952190766283,-0.001289871802992862,-0.001289871802992862
2709,-0.00030208237269557504,-0.0012897951229035257,-0.0012897951229035257
2710,-0.000843264987026025,-0.0011587738974659103,-0.0011587738974659103
2711,-0.0005879399823152427,-0.0012158515342764488,-0.0012158515342764488
2712,-0.000129921360698925,-0.0015092488076211591,-0.0015092488076211591
2713,-0.0006335624782768,-0.0015201276535881853,-0.0015201276535881853
2714,-0.0005865356510112501,-0.0011761451436200561,-0.0011761451436200561
2715,-0.00036490027677413175,-0.0012695420649553129,-0.0012695420649553129
2716,-0.0015007849188698999,-0.0015195704275673637,-0.0015195704275673637
2717,-0.0012249843033266751,-0.001296937938316442,-0.001296937938316442
2718,-0.0007232397944795,-0.0013519906701255392,-0.0013519906701255392
2719,-0.0006782307462683353,-0.0015591036487061232,-0.0015591036487061232
2720,-0.000645023105312975,-0.0011209261142581808,-0.0011209261142581808
2721,-0.0009358358618880749,-0.0015401582509731587,-0.0015401582509731587
2722,-0.0008762683425074999,-0.0012573850834273572,-0.0012573850834273572
2723,-0.00081124183298775,-0.0013128676031066047,-0.0013128676031066047
2724,-0.001020656128062625,-0.0013287250183613248,-0.0013287250183613248
2725,-0.000700785176820175,-0.0014179160544007697,-0.0014179160544007697
2726,-0.0011338136995643,-0.0013449438714534959,-0.0013449438714534959
2727,-0.0006913273255377751,-0.0010845225553106463,-0.0010845225553106463
2728,-0.001341854801246875,-0.0015405238940406994,-0.0015405238940406994
2729,-0.00033142691986704994,-0.0014809086900693916,-0.0014809086900693916
2730,-0.001046980063941475,-0.001459374883348788,-0.001459374883348788
2731,-0.0014868715276827999,-0.001385689109386897,-0.001385689109386897
2732,-0.000736040216442175,-0.0014738477144599117,-0.0014738477144599117
2733,0.00021563823330434997,-0.0014023198033883376,-0.0014023198033883376
2734,-6.857790700082498e-05,-0.0013930932550770634,-0.0013930932550770634
2735,-0.001100405431663,-0.0012054792859467129,-0.0012054792859467129
2736,-0.0005980783369367499,-0.00127394256731655,-0.00127394256731655
2737,-0.0013272558807245248,-0.0014050870841596365,-0.0014050870841596365
2738,-0.0010004862704311,-0.0013829568072585864,-0.0013829568072585864
2739,0.0001676738577574,-0.0012170112910796494,-0.0012170112910796494
2740,-0.00140911115640895,-0.0014320105328526676,-0.0014320105328526676
2741,-0.0006821541429816249,-0.0013919898388366093,-0.0013919898388366093
2742,-8.682220352457503e-05,-0.0012080748063476687,-0.0012080748063476687
2743,-0.0018386247261072998,-0.001371316941100621,-0.001371316941100621
2744,-0.000885425698782275,-0.0016171332946296637,-0.0016171332946296637
2745,-0.0007428152780217751,-0.001345567197800288,-0.001345567197800288
2746,-0.0010122849961577,-0.0014213733664586697,-0.0014213733664586697
2747,-0.0014728750792986,-0.0013194159074266805,-0.0013194159074266805
2748,-0.0011814069223760751,-0.0014567505909611376,-0.0014567505909611376
2749,-0.001096482418485175,-0.0014763279016169262,-0.0014763279016169262
2750,-0.0009308080458097501,-0.0015256397800755476,-0.0015256397800755476
2751,-0.001081164196961025,-0.0014568955520733043,-0.0014568955520733043
2752,0.00026638198859131926,-0.0012429747719813885,-0.0012429747719813885
2753,-0.0014321027057939,-0.00124183217749786,-0.00124183217749786
2754,-0.002077522650194625,-0.001230812712289688,-0.001230812712289688
2755,-0.0009176336893227,-0.0013182278893436655,-0.0013182278893436655
2756,-0.0008079766721459501,-0.0013835162786133015,-0.0013835162786133015
2757,-0.0004542335868572,-0.0013123457801398892,-0.0013123457801398892
2758,1.6601840370625043e-05,-0.0012168220013665794,-0.0012168220013665794
2759,-0.0007164348030619864,-0.001382530551750911,-0.001382530551750911
2760,-0.0010526629426141,-0.0014907711680963228,-0.0014907711680963228
2761,-0.0013273884578858,-0.0012492648631745572,-0.0012492648631745572
2762,-0.00039663956751208177,-0.0012657782113200875,-0.0012657782113200875
2763,-0.0004773035634744897,-0.001346588339493293,-0.001346588339493293
2764,-0.00128061317198345,-0.0014367566966060695,-0.0014367566966060695
2765,-0.001435958745713375,-0.0012335770547329452,-0.0012335770547329452
2766,-0.00150370236871305,-0.0015000265773779198,-0.0015000265773779198
2767,-0.0005074027721873749,-0.0013180165734176076,-0.0013180165734176076
2768,-0.001094088579754942,-0.0014808645735402196,-0.0014808645735402196
2769,-0.0006180224964459637,-0.001471494183242409,-0.001471494183242409
2770,-0.0009112704301654,-0.0013983420622238508,-0.0013983420622238508
2771,-0.00049132764283305,-0.001408796904583451,-0.001408796904583451
2772,-0.000954439741048325,-0.0011556710899641319,-0.0011556710899641319
2773,0.0006138194790470926,-0.0012811610791133169,-0.0012811610791133169
2774,-0.0006121336926070749,-0.0013435263878886624,-0.0013435263878886624
2775,-0.0003264921349645,-0.0012979037154575357,-0.0012979037154575357
2776,-6.540282839655003e-05,-0.0010905941928920668,-0.0010905941928920668
2777,-0.00093998281423121,-0.0015269115358405793,-0.0015269115358405793
2778,-0.0005917049706396,-0.0012144046774822356,-0.0012144046774822356
2779,-0.0011619412222442,-0.0012446817975046952,-0.0012446817975046952
2780,-0.0014644601612553,-0.0011841107502767235,-0.0011841107502767235
2781,-0.001036320438772025,-0.001589457435935964,-0.001589457435935964
2782,-0.000818701503807575,-0.001474211658910031,-0.001474211658910031
2783,-0.0002656074987068,-0.0012886386962735932,-0.0012886386962735932
2784,-0.0012725687165360607,-0.0015608961028617302,-0.0015608961028617302
2785,-0.0016302589718747,-0.0012853251856144235,-0.0012853251856144235
2786,-0.00010460435818390002,-0.0013450323081519308,-0.0013450323081519308
2787,-0.001334635503663575,-0.0015925373648474907,-0.0015925373648474907
2788,-0.00022138472940905004,-0.0014816781422962004,-0.0014816781422962004
2789,-0.0005962625078971,-0.001212020614336183,-0.001212020614336183
2790,-0.0013276889897624517,-0.001527328946565784,-0.001527328946565784
2791,-0.000410776857903075,-0.0014009797273839275,-0.0014009797273839275
2792,-6.220590748492506e-05,-0.0012772503717057592,-0.0012772503717057592
2793,-0.0007325168966656,-0.0015286400214995731,-0.0015286400214995731
2794,-0.0010734959834833998,-0.0013338051568241225,-0.0013338051568241225
2795,-0.0011033243197755502,-0.0011222904324349103,-0.0011222904324349103
2796,-0.0019327207092409249,-0.0013318137991799703,-0.0013318137991799703
2797,-0.001442821627316375,-0.0015728268235309796,-0.0015728268235309796
2798,-0.0007545290679497909,-0.0015428460489381455,-0.0015428460489381455
2799,-8.59813351177511e-06,-0.0012698552939343923,-0.0012698552939343923
2800,-0.0017248980123145997,-0.001207309930531852,-0.001207309930531852
2801,-0.001013699744173816,-0.0015332368061257873,-0.0015332368061257873
2802,-0.00111389623781845,-0.0012902951738368736,-0.0012902951738368736
2803,-0.0013760046919585,-0.0013646869808481333,-0.0013646869808481333
2804,-0.001143633332915925,-0.0015099858279068663,-0.0015099858279068663
2805,-0.0009964282143901499,-0.0014188437923796644,-0.0014188437923796644
2806,-0.0010776260206908444,-0.0013516966840497985,-0.0013516966840497985
2807,-0.001377979721543325,-0.0014214797069424165,-0.0014214797069424165
2808,-0.00039078403817427497,-0.0013407321709015443,-0.0013407321709015443
2809,-0.00080044484208895,-0.0012808780177632894,-0.0012808780177632894
2810,-0.0007023550885723749,-0.0014477212851688496,-0.0014477212851688496
2811,0.0003094637608917,-0.0014341656850269003,-0.0014341656850269003
2812,-0.000388107434766075,-0.0014868615366618826,-0.0014868615366618826
2813,-0.000632509775422625,-0.0013993882217943699,-0.0013993882217943699
2814,-0.0004908879452778395,-0.0011124105671434553,-0.0011124105671434553
2815,-0.0004068381827248,-0.0013393941253664926,-0.0013393941253664926
2816,-0.001573192995400925,-0.001420373115846066,-0.001420373115846066
2817,-0.0016267961091432249,-0.0012532192568663328,-0.0012532192568663328
2818,-0.0007787096320211,-0.0015091579819406255,-0.0015091579819406255
2819,-0.0007519996329924479,-0.0012349799995920454,-0.0012349799995920454
2820,-0.001376632709870425,-0.0012092218350515246,-0.0012092218350515246
2821,-0.00110741626609215,-0.0012649576054172137,-0.0012649576054172137
2822,-0.0010851620922351,-0.0012991231762081387,-0.0012991231762081387
2823,-0.001576055288511775,-0.0013517323404676745,-0.0013517323404676745
2824,-0.00033736188134980005,-0.0013017453430924138,-0.0013017453430924138
2825,-0.001308528591730875,-0.0014033808342202767,-0.0014033808342202767
2826,-0.00048047489204394993,-0.001522918511202418,-0.001522918511202418
2827,-0.000892044033566675,-0.0014082955833941721,-0.0014082955833941721
2828,-0.00113967574077035,-0.0014164008780770526,-0.0014164008780770526
2829,-0.001439888431737,-0.0014333494920345485,-0.0014333494920345485
2830,-0.000783401422152425,-0.0014168910116859306,-0.0014168910116859306
2831,-0.0007482810317625,-0.0012229489222172522,-0.0012229489222172522
2832,-0.000301260680290525,-0.001287079413245875,-0.001287079413245875
2833,-6.601435684142499e-05,-0.0013687654472339197,-0.0013687654472339197
2834,-0.0004508773578265423,-0.001136237754789381,-0.001136237754789381
2835,-0.001366947032996975,-0.0010694021521845134,-0.0010694021521845134
2836,-0.0010316724540581001,-0.0014021728778309285,-0.0014021728778309285
2837,-0.00064564631736085,-0.001335745828015783,-0.001335745828015783
2838,-0.0007133931913949251,-0.0015762545932021302,-0.0015762545932021302
2839,-0.00038046122064217496,-0.0013544156103440538,-0.0013544156103440538
2840,-0.000868191319858525,-0.0013801569055026462,-0.0013801569055026462
2841,-0.000694481947121475,-0.001503057532565762,-0.001503057532565762
2842,-0.001476179370241175,-0.0013973121009307518,-0.0013973121009307518
2843,-0.00035576592687902494,-0.001405013647803997,-0.001405013647803997
2844,-0.00017571446578480004,-0.0013916018582230448,-0.0013916018582230448
2845,-0.0015963311172083,-0.0015603622676443807,-0.0015603622676443807
2846,-0.000526140696353725,-0.0012686456996502723,-0.0012686456996502723
2847,-0.00126971645661275,-0.0013416999104308863,-0.0013416999104308863
2848,-0.000610058824365575,-0.001276372376688004,-0.001276372376688004
2849,-0.000397306100829725,-0.0012996710008181668,-0.0012996710008181668
2850,-0.000426407969547325,-0.001234444617025183,-0.001234444617025183
2851,-0.0013267893447425267,-0.0013853140906764255,-0.0013853140906764255
2852,-0.00042901852641218867,-0.0014205467182738405,-0.0014205467182738405
2853,-0.000611236692566425,-0.0011346627163787155,-0.0011346627163787155
2854,-0.00165528163792675,-0.001704753431697159,-0.001704753431697159
2855,-0.0017857596478307,-0.0013263899883747957,-0.0013263899883747957
2856,-0.00103900923866915,-0.001205021289894499,-0.001205021289894499
2857,-0.0009414804779575751,-0.0012875289939394605,-0.0012875289939394605
2858,-0.001286929168104,-0.0012150025077339712,-0.0012150025077339712
2859,-0.0016330550272199,-0.0012516960313968485,-0.0012516960313968485
2860,-0.0017714099224007502,-0.001513456923083092,-0.001513456923083092
2861,-0.0013602319432813748,-0.0012658442062590592,-0.0012658442062590592
2862,-0.001572135591328325,-0.0015313511377115965,-0.0015313511377115965
2863,0.0002643558333999847,-0.001220150101447366,-0.001220150101447366
2864,-8.316342409417498e-05,-0.0013002554265138236,-0.0013002554265138236
2865,-0.00063927084506775,-0.0016233467875904528,-0.0016233467875904528
2866,-0.0007737882061155,-0.0013134456566223824,-0.0013134456566223824
2867,-0.0013453982496366501,-0.0013661465228315074,-0.0013661465228315074
2868,-0.0008011019560675638,-0.001366418332369997,-0.001366418332369997
2869,-0.0011601191334400752,-0.0014773958470264703,-0.0014773958470264703
2870,-0.0007918349638230001,-0.0013057855741494923,-0.0013057855741494923
2871,-0.0013889375052080501,-0.0013904617786567987,-0.0013904617786567987
2872,-0.0019703876801297504,-0.0014808843657508532,-0.0014808843657508532
2873,-0.0007711566189778001,-0.0015501531492310044,-0.0015501531492310044
2874,-0.001029990000311542,-0.0012821937686439153,-0.0012821937686439153
2875,-0.00078434506652085,-0.0014074136826591093,-0.0014074136826591093
2876,-0.0006320700011461,-0.0012462917304168384,-0.0012462917304168384
2877,-0.00123568666233505,-0.0015815052991646694,-0.0015815052991646694
2878,-0.000990897442401425,-0.0012322268425015524,-0.0012322268425015524
2879,-0.0013047707506773998,-0.0013841060151307493,-0.0013841060151307493
2880,-0.001557707741753025,-0.0013353025912019644,-0.0013353025912019644
2881,-0.00074489182413125,-0.0012611221331775002,-0.0012611221331775002
2882,-0.0015912409927442,-0.0014385139827765684,-0.0014385139827765684
2883,-0.0005214442084942,-0.0013990405136744388,-0.0013990405136744388
2884,-0.001350434893870075,-0.001396624731743487,-0.001396624731743487
2885,-0.0017721407774024252,-0.0013732437612459351,-0.0013732437612459351
2886,-0.001302692919049525,-0.0014558674769229762,-0.0014558674769229762
2887,-0.00059759704101845,-0.0010640858146835264,-0.0010640858146835264
2888,-0.000755854027543525,-0.001391425286737619,-0.001391425286737619
2889,0.0005545233633330749,-0.0014365074382649038,-0.0014365074382649038
2890,-0.0010386029337327,-0.001271666172658447,-0.001271666172658447
2891,-0.00031327203332809996,-0.0012954880627572265,-0.0012954880627572265
2892,-0.001040648990483042,-0.0014410024935735532,-0.0014410024935735532
2893,-0.0006838473381492751,-0.0014562276339219263,-0.0014562276339219263
2894,-0.0006783826130632,-0.0011446190827508786,-0.0011446190827508786
2895,-0.000703267276695525,-0.0014163655922573711,-0.0014163655922573711
2896,-0.00019190609584344992,-0.0013043214894733685,-0.0013043214894733685
2897,0.00010459663818459993,-0.0012813500405453927,-0.0012813500405453927
2898,-0.0012432876323203383,-0.0014761084021700337,-0.0014761084021700337
2899,-0.0013350761656348502,-0.0011091972014066111,-0.0011091972014066111
2900,-0.0009326795234023001,-0.001501121785737683,-0.001501121785737683
2901,-0.000399080268218475,-0.0011608475273766714,-0.0011608475273766714
2902,-0.00040367946444985,-0.0012415879747906663,-0.0012415879747906663
2903,-0.0008348639352989764,-0.0012965799684290897,-0.0012965799684290897
2904,-0.000644496931008625,-0.0015640629766314927,-0.0015640629766314927
2905,-0.0004439119059591,-0.001294244515553884,-0.001294244515553884
2906,-0.0011880452829941,-0.0013091200636553074,-0.0013091200636553074
2907,-0.00040549794533872494,-0.0011085319159885403,-0.0011085319159885403
2908,-0.0010553992528846998,-0.0012664737664942747,-0.0012664737664942747
2909,-0.0011913113314281501,-0.0010592029369100035,-0.0010592029369100035
2910,-0.0011271307691664,-0.001416738142827752,-0.001416738142827752
2911,-0.00125318324778935,-0.0013370229554449096,-0.0013370229554449096
2912,-0.0010478563501764,-0.0012594361622763287,-0.0012594361622763287
2913,0.00036377250556539993,-0.0013577653786529414,-0.0013577653786529414
2914,-0.000582446763695925,-0.0012941972246922084,-0.0012941972246922084
2915,0.0006528653785377501,-0.0010982799113436273,-0.0010982799113436273
2916,-0.00129449388751365,-0.001518265534724362,-0.001518265534724362
2917,-0.000779949858988325,-0.0013045281236225073,-0.0013045281236225073
2918,-0.000210487813064075,-0.0013601868950120484,-0.0013601868950120484
2919,-0.0012520287938666999,-0.0014003252519965287,-0.0014003252519965287
2920,-0.0004239380678486,-0.0014299137572787472,-0.0014299137572787472
2921,-0.000837797744971325,-0.0011494429198255056,-0.0011494429198255056
2922,-0.00104710162107375,-0.0012451374659179569,-0.0012451374659179569
2923,-0.001095986491798275,-0.0012455246931750842,-0.0012455246931750842
2924,-0.00097816102604395,-0.0012051446765388933,-0.0012051446765388933
2925,-0.000906416245552575,-0.0014728346332232435,-0.0014728346332232435
2926,-0.001255938057563625,-0.0013003413802467113,-0.0013003413802467113
2927,-0.0004364687943868499,-0.0016160336806161461,-0.0016160336806161461
2928,-0.001219301880940725,-0.001155639958465571,-0.001155639958465571
2929,-0.002067901874181025,-0.0016030092766947696,-0.0016030092766947696
2930,-0.00049160041632275,-0.0013527698144196268,-0.0013527698144196268
2931,-0.000682342395883775,-0.0013488210389476039,-0.0013488210389476039
2932,-0.000217954220432725,-0.001640754864625172,-0.001640754864625172
2933,-0.0014013061548531,-0.0014704325846294343,-0.0014704325846294343
2934,-0.00105204171394525,-0.001094740388524325,-0.001094740388524325
2935,-0.000822633675198025,-0.0014282082186246583,-0.0014282082186246583
2936,-0.00042410377499862506,-0.0013787446973175133,-0.0013787446973175133
2937,-0.0005169770033166249,-0.0012625807235078033,-0.0012625807235078033
2938,-0.0007150026860270251,-0.0012189623514466382,-0.0012189623514466382
2939,-0.0005568890563628499,-0.0011505240595179563,-0.0011505240595179563
2940,-0.00195469249891245,-0.0014404375995763848,-0.0014404375995763848
2941,-0.00195853899127545,-0.0016968785752952712,-0.0016968785752952712
2942,-0.0005301447567453464,-0.0014264628732363624,-0.0014264628732363624
2943,-0.001028779278573875,-0.0013153462734714887,-0.0013153462734714887
2944,-0.000444502473787075,-0.0011591975926871555,-0.0011591975926871555
2945,-0.0002694259303148,-0.0013670930677857236,-0.0013670930677857236
2946,-0.001283651220150075,-0.0012490236634502855,-0.0012490236634502855
2947,-0.0007948563134218501,-0.0013320424178503987,-0.0013320424178503987
2948,-0.0008272056533157499,-0.0012908485803274515,-0.0012908485803274515
2949,-0.0005729988076021,-0.0010096133315460473,-0.0010096133315460473
2950,-0.0015743207429512501,-0.0013459418342005914,-0.0013459418342005914
2951,-0.0010986304452257,-0.0015977855491094125,-0.0015977855491094125
2952,-0.001286578799112111,-0.0012303937153245507,-0.0012303937153245507
2953,-0.0005731354473206704,-0.0014725582903944618,-0.0014725582903944618
2954,-0.000767570132066175,-0.0013692379206318318,-0.0013692379206318318
2955,-0.0010702833596281751,-0.0011433135731523407,-0.0011433135731523407
2956,-0.0013127151753716067,-0.00144832373254453,-0.00144832373254453
2957,-0.00093895416979465,-0.0012592533229701891,-0.0012592533229701891
2958,-0.0004224586505901345,-0.0014718923041254274,-0.0014718923041254274
2959,-0.002068961119965375,-0.001624351806003202,-0.001624351806003202
2960,-0.000955539605186625,-0.0014652285340719274,-0.0014652285340719274
2961,0.00010513629952417497,-0.0013868582799617527,-0.0013868582799617527
2962,-0.001311591007476525,-0.001437886781133823,-0.001437886781133823
2963,-0.00078408895256,-0.0013573436027945033,-0.0013573436027945033
2964,-0.0004156769587357,-0.0014413893002096832,-0.0014413893002096832
2965,-0.0015237022036140497,-0.0014525027574188209,-0.0014525027574188209
2966,-0.00015620076071074998,-0.0013419956495367203,-0.0013419956495367203
2967,-0.0015176946747807,-0.0012977947361143315,-0.0012977947361143315
2968,-0.0014332085256623,-0.0013786775822711066,-0.0013786775822711066
2969,-0.001423587004800025,-0.001275497659655323,-0.001275497659655323
2970,-0.0015861665892863252,-0.001608306013330524,-0.001608306013330524
2971,-0.000755793976833275,-0.0012665469749426638,-0.0012665469749426638
2972,-0.001059585709780325,-0.0015160374436670968,-0.0015160374436670968
2973,-0.00013834248922770003,-0.001377983212382738,-0.001377983212382738
2974,-0.00091842188033455,-0.0012587637466151352,-0.0012587637466151352
2975,-0.000909486987003,-0.0015314885017602318,-0.0015314885017602318
2976,-0.0008013183928746999,-0.0014288443400573723,-0.0014288443400573723
2977,-0.001569263865228125,-0.0012977644619770576,-0.0012977644619770576
2978,0.000358159530249125,-0.001099694734231159,-0.001099694734231159
2979,-0.0011743803125602,-0.001351573467527477,-0.001351573467527477
2980,-0.0005931778180004563,-0.0013557145365488319,-0.0013557145365488319
2981,-0.001147996617971675,-0.0014396327322346862,-0.0014396327322346862
2982,-0.001159531209196,-0.001164909079154238,-0.001164909079154238
2983,-0.0017792973307255,-0.0015200103364783853,-0.0015200103364783853
2984,-0.0008681577677826251,-0.0012194157560599427,-0.0012194157560599427
2985,-0.0010957485006839567,-0.0013470108346726854,-0.0013470108346726854
2986,-0.001574087323061675,-0.0014744289972313856,-0.0014744289972313856
2987,-0.00035240541369045003,-0.0012638303546828288,-0.0012638303546828288
2988,0.000325180126807425,-0.0012739840300284508,-0.0012739840300284508
2989,-0.0009464811106749501,-0.0012772870379790069,-0.0012772870379790069
2990,-0.0014483058352622001,-0.001540242056956851,-0.001540242056956851
2991,-0.001706966521628,-0.0013054785651343296,-0.0013054785651343296
2992,-0.0012608166520210252,-0.0014526539495477108,-0.0014526539495477108
2993,-0.000930550646427025,-0.0011333112843861703,-0.0011333112843861703
2994,-0.0012527627931734,-0.0013024544739347636,-0.0013024544739347636
2995,-0.0013839005696698501,-0.0012359411668014524,-0.0012359411668014524
2996,-0.00157844614728135,-0.0014585978044405307,-0.0014585978044405307
2997,-0.0012264456235717,-0.0013426758622407235,-0.0013426758622407235
2998,-0.000600467786596,-0.0013413268956273534,-0.0013413268956273534
2999,-0.000699645846266375,-0.001378832184742968,-0.001378832184742968
3000,-0.00144848270591665,-0.0013431321137199687,-0.0013431321137199687
3001,-0.001125085301316075,-0.0013836703642590093,-0.0013836703642590093
3002,-0.0005166551138369999,-0.0015094930632213064,-0.0015094930632213064
3003,-0.000985566662353075,-0.0013614345556027213,-0.0013614345556027213
3004,-0.0010825638395740751,-0.0012472580976385244,-0.0012472580976385244
3005,-0.0007193308654861,-0.0011955435750767413,-0.0011955435750767413
3006,-0.0008718498678903251,-0.0013155350159651613,-0.0013155350159651613
3007,-0.00037113825333192496,-0.0013831643910450872,-0.0013831643910450872
3008,-0.00138598766684525,-0.0012017446439033259,-0.0012017446439033259
3009,-0.00012424435652739997,-0.0013426183429700765,-0.0013426183429700765
3010,-0.000330500546859125,-0.0013981629696303598,-0.0013981629696303598
3011,-0.0009678034264635999,-0.0012999681462573928,-0.0012999681462573928
3012,-0.001590248024038875,-0.0015861933741931782,-0.0015861933741931782
3013,-0.001447356506735025,-0.0012612380439631175,-0.0012612380439631175
3014,-0.0005089298833755517,-0.001051321435706857,-0.001051321435706857
3015,0.00013822074162024995,-0.0014031849144931611,-0.0014031849144931611
3016,-0.001048023165794675,-0.0014388952593715196,-0.0014388952593715196
3017,-0.0008910272098393117,-0.0014360890803107192,-0.0014360890803107192
3018,-0.001705024244583575,-0.0014715563198983322,-0.0014715563198983322
3019,-0.0016681766652344998,-0.0014200492434684779,-0.0014200492434684779
3020,-0.001115789635257775,-0.0013642165025760623,-0.0013642165025760623
3021,-0.0008464335526655251,-0.001366687716920158,-0.001366687716920158
3022,-0.00040023402249237506,-0.0010102438652678499,-0.0010102438652678499
3023,-0.0006723667875659001,-0.0013801572408607898,-0.0013801572408607898
3024,-0.001963208151776525,-0.0015003855996606722,-0.0015003855996606722
3025,-0.001224050773370325,-0.0012451244669176727,-0.0012451244669176727
3026,-0.001332928080240125,-0.001429446235917752,-0.001429446235917752
3027,-0.0012272275151299248,-0.0012348964584046698,-0.0012348964584046698
3028,-0.000952357265233475,-0.0013278326585132389,-0.0013278326585132389
3029,-0.0012801102199252,-0.0014201064313517867,-0.0014201064313517867
3030,-0.0013266263024335001,-0.0013291620168338616,-0.0013291620168338616
3031,-0.0008753883628465,-0.001177463382628606,-0.001177463382628606
3032,-0.0006815823877848718,-0.001233268229831161,-0.001233268229831161
3033,-0.0009821171232998749,-0.0012492893119722837,-0.0012492893119722837
3034,-0.000968627059442325,-0.0015100771086983998,-0.0015100771086983998
3035,0.00032561637663405,-0.0010723700735347673,-0.0010723700735347673
3036,-0.00034633346035804996,-0.0011691843499037448,-0.0011691843499037448
3037,-0.00029424789343049997,-0.00139734311200018,-0.00139734311200018
3038,-0.00023700574411139995,-0.0013499248260117928,-0.0013499248260117928
3039,-0.0007294957179067249,-0.0014305743966072841,-0.0014305743966072841
3040,-0.0016821959210275,-0.0013749514819252327,-0.0013749514819252327
3041,-0.0019759854581383497,-0.0014103940744569963,-0.0014103940744569963
3042,-0.000901777431387075,-0.001424571524323111,-0.001424571524323111
3043,-0.0008124280164168501,-0.0014432373423851196,-0.0014432373423851196
3044,-0.00125366041203335,-0.0012313361169373957,-0.0012313361169373957
3045,-0.0023062483230581504,-0.0015039160203837113,-0.0015039160203837113
3046,-0.000990296796567025,-0.001312551900095666,-0.001312551900095666
3047,-0.00113784579616515,-0.0013971673198131585,-0.0013971673198131585
3048,-0.0006288055371009201,-0.0015420116011874497,-0.0015420116011874497
3049,-0.0008577427543619382,-0.001154596094009698,-0.001154596094009698
3050,-0.0015426799491736751,-0.0015626772378069206,-0.0015626772378069206
3051,-0.0012444329060327252,-0.0014553710744590529,-0.0014553710744590529
3052,-0.000186389869954,-0.0014021056998139022,-0.0014021056998139022
3053,-0.000544389027660425,-0.0014044603397389828,-0.0014044603397389828
3054,-0.0008215325879143,-0.001344750834143225,-0.001344750834143225
3055,-0.000551511047811225,-0.0013363684509985338,-0.0013363684509985338
3056,-0.0011070083433726667,-0.0012036784252838877,-0.0012036784252838877
3057,-0.000696800019735125,-0.001223395046376362,-0.001223395046376362
3058,-0.000282137286204925,-0.0013410627418994697,-0.0013410627418994697
3059,-0.0009326506219910249,-0.001437474396976531,-0.001437474396976531
3060,-0.00032397569469660005,-0.0012664176693099754,-0.0012664176693099754
3061,-0.0007425223579919,-0.0011795503906923282,-0.0011795503906923282
3062,-0.00050571866838155,-0.0012649910410755779,-0.0012649910410755779
3063,-0.0012417395648595,-0.001364863433138938,-0.001364863433138938
3064,-0.000667514241803025,-0.0013954756695593808,-0.0013954756695593808
3065,-0.000877789874634725,-0.0011924506113501056,-0.0011924506113501056
3066,-0.0007885925943934937,-0.0016625023528164013,-0.0016625023528164013
3067,-1.0591243188963566e-06,-0.0012419586702648018,-0.0012419586702648018
3068,-0.00041630456564905,-0.0014994229334225578,-0.0014994229334225578
3069,-0.0006791554183550593,-0.00125527821172235,-0.00125527821172235
3070,-0.00228282874147665,-0.0013300968167637107,-0.0013300968167637107
3071,-0.000398584697442575,-0.0012481192890223664,-0.0012481192890223664
3072,6.450192298125001e-05,-0.001244336516164391,-0.001244336516164391
3073,-0.000604216966641075,-0.0012879708788444933,-0.0012879708788444933
3074,-0.001274058831922425,-0.0013981590721250951,-0.0013981590721250951
3075,-0.00016300586441415,-0.0014960436653169958,-0.0014960436653169958
3076,-0.00038094335426464997,-0.0012087305019180834,-0.0012087305019180834
3077,-0.001589235647498925,-0.0016071657487693812,-0.0016071657487693812
3078,-0.000990375886339725,-0.001292877763648396,-0.001292877763648396
3079,-0.0007774662560419,-0.0013705583261398207,-0.0013705583261398207
3080,-0.0009704551626205749,-0.0011105987414207015,-0.0011105987414207015
3081,-0.0022358380293902498,-0.0014500355080053085,-0.0014500355080053085
3082,-0.0015159202670128752,-0.0014850510732359122,-0.0014850510732359122
3083,-0.0013059749125077002,-0.00152064759759698,-0.00152064759759698
3084,-0.000789840029798775,-0.0013984424157071765,-0.0013984424157071765
3085,-0.001088889808466825,-0.0015775037604569028,-0.0015775037604569028
3086,-0.00127555792169175,-0.0012118534467417154,-0.0012118534467417154
3087,-0.00157456514361555,-0.0015705573862140655,-0.0015705573862140655
3088,-0.0014975732791480002,-0.0014031855622079826,-0.0014031855622079826
3089,-0.00027472784432580003,-0.0013956649234546875,-0.0013956649234546875
3090,-0.0014343298759079,-0.0013420886821396323,-0.0013420886821396323
3091,-0.001636111425056325,-0.001431049264904278,-0.001431049264904278
3092,-0.0012096044749600248,-0.0011217469164834734,-0.0011217469164834734
3093,-0.0009839524921385501,-0.0013631283365875772,-0.0013631283365875772
3094,-0.0011871376374649751,-0.001108607731015774,-0.001108607731015774
3095,-0.000921878039477665,-0.0014338557280373619,-0.0014338557280373619
3096,-0.0006223321508797251,-0.0015620464287117262,-0.0015620464287117262
3097,-0.0006554489191025999,-0.0012747134513422746,-0.0012747134513422746
3098,-0.001166092978995371,-0.0014465198649892873,-0.0014465198649892873
3099,-0.0002529283145026251,-0.0013987917543611492,-0.0013987917543611492
3100,-0.0005012550977133557,-0.0013310379285096188,-0.0013310379285096188
3101,-0.0015636522533988,-0.0015012300189606335,-0.0015012300189606335
3102,-0.0011620309838269,-0.0012928392191331331,-0.0012928392191331331
3103,-0.00013617709443989999,-0.0013487180060943146,-0.0013487180060943146
3104,7.880157858423413e-05,-0.0012530415892007512,-0.0012530415892007512
3105,-0.0011983658215800501,-0.0013482283093354981,-0.0013482283093354981
3106,-0.002025942844475425,-0.0015167865356108645,-0.0015167865356108645
3107,-0.0008020641333902,-0.0015669038728035214,-0.0015669038728035214
3108,-0.00044087435568925003,-0.0014385088008890478,-0.0014385088008890478
3109,-0.000361726031880125,-0.0011112205651966586,-0.0011112205651966586
3110,-0.0015269460004415487,-0.0012944139681257624,-0.0012944139681257624
3111,-0.00047025674591537494,-0.0012959596347029846,-0.0012959596347029846
3112,-0.000906954602002825,-0.0012714064039593199,-0.0012714064039593199
3113,-0.0015861943189399,-0.0013294845499334698,-0.0013294845499334698
3114,-0.001509901939262975,-0.0014699216446201985,-0.0014699216446201985
3115,-0.000790418963791775,-0.00130690598277631,-0.00130690598277631
3116,-0.000282325124777525,-0.0012545728266107356,-0.0012545728266107356
3117,0.0001175489485161012,-0.0013589436392655175,-0.0013589436392655175
3118,-0.0008593348690054249,-0.0014303525975969272,-0.0014303525975969272
3119,-0.0010108120896930555,-0.001294551480195513,-0.001294551480195513
3120,-0.0004007548419587925,-0.00108032027879843,-0.00108032027879843
3121,-0.000725191119995425,-0.0012321781579521752,-0.0012321781579521752
3122,-0.00108241971674295,-0.0014001398474583486,-0.0014001398474583486
3123,-0.002091236824170025,-0.0013099709371942915,-0.0013099709371942915
3124,-0.0018252198573766502,-0.0013870199138764862,-0.0013870199138764862
3125,-0.001311068407671975,-0.00126702738844666,-0.00126702738844666
3126,-0.0007273095362253751,-0.0014974909561607946,-0.0014974909561607946
3127,-0.0016416069539769752,-0.0013906477224567236,-0.0013906477224567236
3128,-0.000335286002937675,-0.0014810792065909984,-0.0014810792065909984
3129,-0.001197394975558525,-0.0014255363240983753,-0.0014255363240983753
3130,-0.0009105885524008251,-0.0012166066500250393,-0.0012166066500250393
3131,-0.0009546591684587803,-0.0015078650335648659,-0.0015078650335648659
3132,-0.0006638169285948751,-0.001197531006973733,-0.001197531006973733
3133,-0.00039211734828685,-0.001211826438649093,-0.001211826438649093
3134,-0.000152929035790525,-0.0012349190023178522,-0.0012349190023178522
3135,-0.0006665534706122501,-0.0013308813534598934,-0.0013308813534598934
3136,2.4356966773724913e-05,-0.0014038046283411526,-0.0014038046283411526
3137,-0.00010704105667320001,-0.0011876516392872766,-0.0011876516392872766
3138,-0.0007132435584921981,-0.0013005963789603486,-0.0013005963789603486
3139,-0.0014753691487712252,-0.0015588580903697384,-0.0015588580903697384
3140,0.000891408587315825,-0.00142836793072226,-0.00142836793072226
3141,-0.0013067773992514,-0.0013755579404762736,-0.0013755579404762736
3142,-0.00155478269304005,-0.0013690071849968325,-0.0013690071849968325
3143,-0.0007676279260392,-0.0014570388977519146,-0.0014570388977519146
3144,-0.0013467580943746001,-0.0014358068189893804,-0.0014358068189893804
3145,-0.001621354919605875,-0.0014428025109001915,-0.0014428025109001915
3146,-0.000733142577299325,-0.0013720041789804143,-0.0013720041789804143
3147,-0.0010282586082811,-0.001460591347109356,-0.001460591347109356
3148,0.00031102617237665006,-0.001415408631646041,-0.001415408631646041
3149,-0.0011820154395526749,-0.0014322531460030192,-0.0014322531460030192
3150,-0.00043263720550135,-0.0012131828765650494,-0.0012131828765650494
3151,-0.001646152905147625,-0.001320307374562879,-0.001320307374562879
3152,-0.000265684994164225,-0.001246454947158901,-0.001246454947158901
3153,-0.00046755341528572497,-0.0014951030245665881,-0.0014951030245665881
3154,0.00020783446894590005,-0.001248551021843903,-0.001248551021843903
3155,-0.001232380339791425,-0.0012685725996150433,-0.0012685725996150433
3156,-0.000851530122460425,-0.00121757629586546,-0.00121757629586546
3157,-0.000826261171042275,-0.0011066207615676774,-0.0011066207615676774
3158,-0.0007181805103469588,-0.0011964452244956519,-0.0011964452244956519
3159,-0.000996264034422575,-0.0014743999351866056,-0.0014743999351866056
3160,-0.00085275471022545,-0.001182223242168201,-0.001182223242168201
3161,-0.00058446453254755,-0.001246821688244422,-0.001246821688244422
3162,-0.00098058325588275,-0.0015406213616609471,-0.0015406213616609471
3163,-0.00016794798698815006,-0.0013506144141792664,-0.0013506144141792664
3164,-0.0013921492980282892,-0.0013563201259548794,-0.0013563201259548794
3165,-0.00109471186752455,-0.0015132032342392383,-0.0015132032342392383
3166,-0.0004397690040155517,-0.0013523670306951354,-0.0013523670306951354
3167,-0.00106702122262685,-0.0013460098975264525,-0.0013460098975264525
3168,-0.0006031990183250212,-0.0011868157507922224,-0.0011868157507922224
3169,-0.000310066169631475,-0.0014605307923340552,-0.0014605307923340552
3170,-0.001007229113492225,-0.001438776616633492,-0.001438776616633492
3171,-0.0006682413826771499,-0.0013431216821311145,-0.0013431216821311145
3172,9.282218865042677e-06,-0.0013973182534464572,-0.0013973182534464572
3173,-0.0008838841812531249,-0.0015301711063302127,-0.0015301711063302127
3174,-0.0018440081622769751,-0.0012819310441379327,-0.0012819310441379327
3175,-0.0010920875442695383,-0.0011485615663091682,-0.0011485615663091682
3176,-0.00039575565144255,-0.0012235832749201403,-0.0012235832749201403
3177,-0.0013524292151278498,-0.0014640604404976448,-0.0014640604404976448
3178,-0.0004540504431202702,-0.0012644905225576485,-0.0012644905225576485
3179,-0.000319224576846025,-0.001369462763040613,-0.001369462763040613
3180,-0.0012239629732083,-0.0010631869887831635,-0.0010631869887831635
3181,-0.00100601250876235,-0.0012294851430549912,-0.0012294851430549912
3182,-0.001709861977280125,-0.0014361314100774139,-0.0014361314100774139
3183,-0.000777923257231525,-0.0012150983916988027,-0.0012150983916988027
3184,-0.0003145246583927,-0.0011142210189158022,-0.0011142210189158022
3185,-0.0025490305473975998,-0.0014527177561191242,-0.0014527177561191242
3186,-0.0006949652998313499,-0.001432155539410049,-0.001432155539410049
3187,-0.001226205689581325,-0.0013625054799069854,-0.0013625054799069854
3188,-0.000907093216664375,-0.0014567236964456271,-0.0014567236964456271
3189,-0.0011776484634415502,-0.0013526061274659607,-0.0013526061274659607
3190,-0.0012315020256317,-0.0015518620891807574,-0.0015518620891807574
3191,-0.0003644868276581,-0.001236560291479041,-0.001236560291479041
3192,-0.0006056176237960251,-0.0016128685308364685,-0.0016128685308364685
3193,-0.001288984500186325,-0.0012714540147958386,-0.0012714540147958386
3194,-0.0011871065719287251,-0.0015373220894398447,-0.0015373220894398447
3195,-0.0010084004280213501,-0.0015439851907659392,-0.0015439851907659392
3196,-0.0005631946343696001,-0.0014355408953012224,-0.0014355408953012224
3197,-0.0014473763510307,-0.0013617185745602037,-0.0013617185745602037
3198,-0.000898399870565625,-0.001416031389744694,-0.001416031389744694
3199,-0.000909270847482925,-0.0013966605138382676,-0.0013966605138382676
3200,-0.0010780181274224249,-0.0014457687205316494,-0.0014457687205316494
3201,-0.000734912065044525,-0.0011773128865750122,-0.0011773128865750122
3202,7.420978474664995e-05,-0.0012713292183693073,-0.0012713292183693073
3203,-0.0008503047785946249,-0.0013399784920903384,-0.0013399784920903384
3204,-0.00047745706153930006,-0.0012766898042779994,-0.0012766898042779994
3205,0.000564784752522225,-0.001108561308245171,-0.001108561308245171
3206,-0.0015042392587242752,-0.0014346870039139298,-0.0014346870039139298
3207,-0.001251809353912825,-0.001293420151165813,-0.001293420151165813
3208,-0.0004263336765897,-0.0015581551272266015,-0.0015581551272266015
3209,-0.0014994954882045412,-0.0015061002527357284,-0.0015061002527357284
3210,-0.001159423822073425,-0.00160926335883313,-0.00160926335883313
3211,-0.00039011507207397495,-0.0011311626679319073,-0.0011311626679319073
3212,-4.7551255599525004e-05,-0.0014460555319285432,-0.0014460555319285432
3213,-0.0005917416751999,-0.001179613488643395,-0.001179613488643395
3214,-0.0006951549483525,-0.0013142848007956429,-0.0013142848007956429
3215,-0.0008799409336862499,-0.0013235984151767177,-0.0013235984151767177
3216,-0.000768903742299875,-0.0012249180406343277,-0.0012249180406343277
3217,-0.0005020624236647499,-0.0014613328428003676,-0.0014613328428003676
3218,-0.00037846919164635,-0.0013586563087861785,-0.0013586563087861785
3219,-0.0006035788985449001,-0.0015029050980088533,-0.0015029050980088533
3220,-0.000278429182022975,-0.001345099527333428,-0.001345099527333428
3221,-0.000808235168357925,-0.0014837093619704724,-0.0014837093619704724
3222,-0.000955228362856725,-0.001094504717075304,-0.001094504717075304
3223,-0.0009076366229791501,-0.001325327730335274,-0.001325327730335274
3224,-0.00084025807221735,-0.0012122319987935078,-0.0012122319987935078
3225,-0.00044030020197617507,-0.0016174661869056862,-0.0016174661869056862
3226,-0.000898251565394625,-0.0012877694441640567,-0.0012877694441640567
3227,-0.00148929417201745,-0.0013171059512453774,-0.0013171059512453774
3228,-0.001512963996961225,-0.0013119038889289438,-0.0013119038889289438
3229,-0.00040402377146023867,-0.00117759436248788,-0.00117759436248788
3230,-0.001285918001075925,-0.0011649514985842952,-0.0011649514985842952
3231,-0.0011526426767303,-0.0011319858301393996,-0.0011319858301393996
3232,-0.0017311075496143748,-0.0011831271719371982,-0.0011831271719371982
3233,-0.00106236429324015,-0.0013157432933652263,-0.0013157432933652263
3234,-0.0012466420581555,-0.0014568577144471104,-0.0014568577144471104
3235,-0.00038641969680910005,-0.0013764433227471257,-0.0013764433227471257
3236,-0.00079087714218265,-0.0014194251185635411,-0.0014194251185635411
3237,-0.00039151760326286585,-0.001352469780913754,-0.001352469780913754
3238,-0.0018172951386946998,-0.0013340002539082528,-0.0013340002539082528
3239,-6.819736000125004e-05,-0.001068585835889276,-0.001068585835889276
3240,-0.0006570415195357,-0.0012723286062846894,-0.0012723286062846894
3241,-0.00113590541705205,-0.001358633975378038,-0.001358633975378038
3242,-0.00039937653624502506,-0.001258171452653908,-0.001258171452653908
3243,-0.001105469149836575,-0.001332202711133271,-0.001332202711133271
3244,-0.001629587882004529,-0.0014487401646877693,-0.0014487401646877693
3245,-0.000657494449713725,-0.001391818586730141,-0.001391818586730141
3246,-0.000923405082274225,-0.0011164712159242862,-0.0011164712159242862
3247,-0.000759763732277875,-0.0012662581081961043,-0.0012662581081961043
3248,-0.00017109027801627503,-0.00134111616923883,-0.00134111616923883
3249,-0.000829851193427975,-0.001232101961935321,-0.001232101961935321
3250,-0.0007728435813182885,-0.0015282702937816884,-0.0015282702937816884
3251,-0.000796474103457975,-0.0011844668219418927,-0.0011844668219418927
3252,-0.0005535675436459499,-0.0014405974836240896,-0.0014405974836240896
3253,-0.00027320348685239994,-0.0013335433275403344,-0.0013335433275403344
3254,-0.001037486920756125,-0.001133998053570488,-0.001133998053570488
3255,-0.00165485157875835,-0.0012058104952477704,-0.0012058104952477704
3256,-0.00034472837993025,-0.0013327832752914467,-0.0013327832752914467
3257,-0.0008762996561821751,-0.0012354172283393099,-0.0012354172283393099
3258,-0.0007619265303800749,-0.0016056131019834736,-0.0016056131019834736
3259,-0.00061936478663465,-0.001493060576482527,-0.001493060576482527
3260,-0.00035200994377740006,-0.001587610154944911,-0.001587610154944911
3261,-0.00097619769319285,-0.0015125200260224258,-0.0015125200260224258
3262,-0.000972120080279875,-0.0013115745282582868,-0.0013115745282582868
3263,-0.0007769519769052999,-0.0014551565752612826,-0.0014551565752612826
3264,-0.00081210843293695,-0.0013911967409785666,-0.0013911967409785666
3265,-0.0014497881466468499,-0.0014037408360138828,-0.0014037408360138828
3266,-0.001554995491059275,-0.0015193959024884709,-0.0015193959024884709
3267,-0.0011254064793146498,-0.0014187319339726836,-0.0014187319339726836
3268,-0.00128029407046145,-0.0013232617485983826,-0.0013232617485983826
3269,-0.001141976753704625,-0.0013923998015366054,-0.0013923998015366054
3270,-0.00047937936800822496,-0.0013571109146812044,-0.0013571109146812044
3271,-0.00063766541560715,-0.001205907989974533,-0.001205907989974533
3272,-0.001679136645780975,-0.0015085615023779754,-0.0015085615023779754
3273,-0.0007063950588061607,-0.0012698821542872914,-0.0012698821542872914
3274,-0.0002959596506357,-0.0013395643685475357,-0.0013395643685475357
3275,-0.00183492524452975,-0.0012925056478391515,-0.0012925056478391515
3276,-0.0010455677035288,-0.0014577825263459919,-0.0014577825263459919
3277,-0.001999032638432125,-0.0013180653344181325,-0.0013180653344181325
3278,-0.00031837288623012496,-0.0012039247858569883,-0.0012039247858569883
3279,-0.00088937954419795,-0.0012166353839367973,-0.0012166353839367973
3280,-0.0008724395834092918,-0.0013498013926266073,-0.0013498013926266073
3281,-0.000404690399056625,-0.0013521879145174957,-0.0013521879145174957
3282,-0.000657185572505225,-0.0013739247338250148,-0.0013739247338250148
3283,-0.00067555892535135,-0.0014712292775445877,-0.0014712292775445877
3284,-0.00018354964729785,-0.0013577829244566344,-0.0013577829244566344
3285,-0.0007469359244739,-0.0012488250519818306,-0.0012488250519818306
3286,-0.0012264148475486587,-0.0011569120125037486,-0.0011569120125037486
3287,-0.0007587250823548,-0.0015947239141954278,-0.0015947239141954278
3288,-0.0008244748931266249,-0.0014295067548995277,-0.0014295067548995277
3289,-0.001655283865984525,-0.001430240011321931,-0.001430240011321931
3290,-0.0008875934842666,-0.0012579584093076956,-0.0012579584093076956
3291,-0.0011738963190364,-0.001299529929613768,-0.001299529929613768
3292,-0.0007374371931523,-0.0012385794432136531,-0.0012385794432136531
3293,-0.001418524016881775,-0.0013201854421306823,-0.0013201854421306823
3294,-0.0016537538108629753,-0.0011481998930827288,-0.0011481998930827288
3295,-0.00094392117461445,-0.0012952508647534424,-0.0012952508647534424
3296,-0.00080331114435325,-0.0012807975740427322,-0.0012807975740427322
3297,-0.0005385182489886749,-0.0014468127331982454,-0.0014468127331982454
3298,-0.0009723805949746501,-0.0012687672834141772,-0.0012687672834141772
3299,-0.00107255452217387,-0.001401355528795761,-0.001401355528795761
3300,-0.00131885645403685,-0.0013215017940581167,-0.0013215017940581167
3301,-0.001206906544617675,-0.0012546782030367527,-0.0012546782030367527
3302,-0.0011732430534591,-0.0016890050821010312,-0.0016890050821010312
3303,-0.00037614929827362503,-0.0013360837208814976,-0.0013360837208814976
3304,-0.0007825516140097751,-0.0012924627348228214,-0.0012924627348228214
3305,-0.0010859140355651508,-0.0013283450611355895,-0.0013283450611355895
3306,-0.00128178470107215,-0.0011890076053772036,-0.0011890076053772036
3307,-0.0003102458994174,-0.001112177389204794,-0.001112177389204794
3308,-0.00015886774316675,-0.0009982514820691282,-0.0009982514820691282
3309,-0.000953776930464775,-0.0013263616453959243,-0.0013263616453959243
3310,-0.0004923342000835397,-0.00125460095967991,-0.00125460095967991
3311,-0.0011278484777398,-0.0013558925482785417,-0.0013558925482785417
3312,-0.0007350074514930001,-0.001461300682030953,-0.001461300682030953
3313,-0.001816709925175875,-0.0014772416174917958,-0.0014772416174917958
3314,-0.00086286903546185,-0.0013538319141966763,-0.0013538319141966763
3315,-0.001623428000871525,-0.00143277699675691,-0.00143277699675691
3316,-0.0018689878972050003,-0.001457699076563998,-0.001457699076563998
3317,-0.0014665256792500752,-0.0013808996011175011,-0.0013808996011175011
3318,-0.00031064540551665,-0.0014518424948863934,-0.0014518424948863934
3319,-0.0007406289084508202,-0.001329951145418499,-0.001329951145418499
3320,-0.0003389374289712,-0.001224347814499372,-0.001224347814499372
3321,-0.0015112884373959749,-0.0013154852369194343,-0.0013154852369194343
3322,-0.0013661689778052,-0.0015431620697849962,-0.0015431620697849962
3323,-0.0007207894310064249,-0.0013888473207709056,-0.0013888473207709056
3324,-0.0010731221942811733,-0.001304959593683525,-0.001304959593683525
3325,-0.000208936786789175,-0.0014905056460565568,-0.0014905056460565568
3326,-0.0009330277475299751,-0.0014493658906562083,-0.0014493658906562083
3327,-0.0018196045343726,-0.0015685212509822472,-0.0015685212509822472
3328,-0.001026134779142775,-0.0013446284748363517,-0.0013446284748363517
3329,-0.00128240431220885,-0.0012670830200884045,-0.0012670830200884045
3330,-0.0009676070659782747,-0.0013003439177077943,-0.0013003439177077943
3331,-0.0009426057846913328,-0.0013014895686787483,-0.0013014895686787483
3332,-0.0007963497001963,-0.0011749039473776493,-0.0011749039473776493
3333,-0.0003916745950582251,-0.0010819313211848781,-0.0010819313211848781
3334,-0.0009903958038160001,-0.0015535158627154758,-0.0015535158627154758
3335,-0.00076097061844055,-0.0013499719351678925,-0.0013499719351678925
3336,-0.00164903806934225,-0.001482836623899934,-0.001482836623899934
3337,-0.0009776002814413749,-0.001478324968166423,-0.001478324968166423
3338,-0.000889780565291475,-0.0013990385504879508,-0.0013990385504879508
3339,-0.00036957114317035,-0.0013917082683219605,-0.0013917082683219605
3340,-0.001029059077650225,-0.00147102451805585,-0.00147102451805585
3341,-0.0003364512162005,-0.001059896602672222,-0.001059896602672222
3342,-0.001264599761606,-0.001425338444049963,-0.001425338444049963
3343,-0.001917119802244775,-0.001522335318440006,-0.001522335318440006
3344,-0.000109964542035075,-0.0013631562553728252,-0.0013631562553728252
3345,-0.00040892645813089996,-0.0013628679417301921,-0.0013628679417301921
3346,-6.308294622436403e-05,-0.001176712411419882,-0.001176712411419882
3347,-0.0018450497153779,-0.0012548853541126223,-0.0012548853541126223
3348,-0.0011700876468185252,-0.001491272334306726,-0.001491272334306726
3349,-0.0006949382249049229,-0.0016202108671514355,-0.0016202108671514355
3350,-0.0012391921882342499,-0.0013369298532165982,-0.0013369298532165982
3351,-0.0008895417679960501,-0.0016083177656190028,-0.0016083177656190028
3352,-0.001497396588441425,-0.0014402192778377755,-0.0014402192778377755
3353,-0.0007582722154673749,-0.0015542370246259963,-0.0015542370246259963
3354,-0.000613553806293075,-0.0013951474885997137,-0.0013951474885997137
3355,-0.001183317891336625,-0.0016351699052684155,-0.0016351699052684155
3356,-0.002192068437646375,-0.0013101919261042172,-0.0013101919261042172
3357,-0.000426185622656525,-0.0013523388156970698,-0.0013523388156970698
3358,-0.001589048612413125,-0.0016108819027053716,-0.0016108819027053716
3359,1.2749498726199982e-05,-0.0013912712595140434,-0.0013912712595140434
3360,-0.0009099739339857,-0.0012580316798742031,-0.0012580316798742031
3361,-0.000616847955034625,-0.0014100119262941545,-0.0014100119262941545
3362,-0.0004874416409322,-0.0012297812922971918,-0.0012297812922971918
3363,-0.00052382625118755,-0.0012967231154979886,-0.0012967231154979886
3364,-0.00125532335452125,-0.0014040776706395097,-0.0014040776706395097
3365,-0.001889211538320975,-0.0014954079582143855,-0.0014954079582143855
3366,-0.001074512434430575,-0.0012798720321875495,-0.0012798720321875495
3367,-0.000591508328629725,-0.0013575327099726688,-0.0013575327099726688
3368,9.626260726525209e-05,-0.0012615768495251414,-0.0012615768495251414
3369,-0.0009800779116596748,-0.0012894541530499748,-0.0012894541530499748
3370,-0.00127607479343415,-0.001482725237648592,-0.001482725237648592
3371,-0.000278591310448375,-0.001215363636632674,-0.001215363636632674
3372,-0.00028427283685442497,-0.0014483694608706842,-0.0014483694608706842
3373,-0.00078614190942305,-0.0012379808686918254,-0.0012379808686918254
3374,-0.00170050936824395,-0.0012146181126469994,-0.0012146181126469994
3375,-0.00128038704098805,-0.0015048040301088356,-0.0015048040301088356
3376,-0.000792841212880475,-0.0012013855763255777,-0.0012013855763255777
3377,-8.31973005375538e-05,-0.0012191630767361971,-0.0012191630767361971
3378,-0.00153326788381365,-0.001398177564243266,-0.001398177564243266
3379,-0.0004182858207727,-0.0011672797920086585,-0.0011672797920086585
3380,-0.0006760543080928,-0.001539745485677135,-0.001539745485677135
3381,-0.0009702137033689749,-0.0013813429588742047,-0.0013813429588742047
3382,-0.000835209470989625,-0.001037953724005782,-0.001037953724005782
3383,-0.00018452860765402496,-0.0013986755746612058,-0.0013986755746612058
3384,-0.001271283466847725,-0.0011900637364735374,-0.0011900637364735374
3385,-0.00102828920305815,-0.0013598902322372718,-0.0013598902322372718
3386,-0.00112298829599685,-0.0015580293827977506,-0.0015580293827977506
3387,-0.001183270089549925,-0.0012544890712248454,-0.0012544890712248454
3388,-0.001163610910368225,-0.0010337564786808595,-0.0010337564786808595
3389,0.00029605228053155,-0.0012739094995900854,-0.0012739094995900854
3390,-0.0007367691753446,-0.0012965198759631112,-0.0012965198759631112
3391,4.699634706430001e-05,-0.0013112671782904363,-0.0013112671782904363
3392,-0.0013310027051369252,-0.001439192945505958,-0.001439192945505958
3393,-0.000514145827799,-0.0014410063061016751,-0.0014410063061016751
3394,-0.000527981979137225,-0.0013898876401874346,-0.0013898876401874346
3395,-0.00041206246749552497,-0.001174581839862663,-0.001174581839862663
3396,-0.0006016947243413749,-0.0011342301391614243,-0.0011342301391614243
3397,-0.0005418253693154501,-0.0013752274903352608,-0.0013752274903352608
3398,-0.000658528396877875,-0.0012764893561320082,-0.0012764893561320082
3399,-0.0006030060902072249,-0.0012931517441426591,-0.0012931517441426591
3400,-0.0025084900140008503,-0.0015332743434056646,-0.0015332743434056646
3401,-0.00021367232559414999,-0.0013685816992253436,-0.0013685816992253436
3402,-0.0014278615113483498,-0.001439237807184694,-0.001439237807184694
3403,-0.0013602452149901998,-0.0010947760112808372,-0.0010947760112808372
3404,-0.000828599714558975,-0.001340170847613971,-0.001340170847613971
3405,-0.00079778389550365,-0.0012608967913486952,-0.0012608967913486952
3406,-0.0011564383082802,-0.0012895654094192102,-0.0012895654094192102
3407,-0.0010065566455011317,-0.0016016706351901454,-0.0016016706351901454
3408,-0.001098760604962877,-0.0012557255840131907,-0.0012557255840131907
3409,-0.001295674770217025,-0.0015029055802144458,-0.0015029055802144458
3410,-0.0004556771170314937,-0.0012574849220376655,-0.0012574849220376655
3411,-0.00018042929811215618,-0.0012329343935337026,-0.0012329343935337026
3412,-0.00180960887584245,-0.0012642284725936084,-0.0012642284725936084
3413,-0.00101229233371815,-0.0014977697701662714,-0.0014977697701662714
3414,0.0005899981385125251,-0.0012935636935063174,-0.0012935636935063174
3415,-0.0008089776634816249,-0.001355884530309855,-0.001355884530309855
3416,-0.00104757060666245,-0.0014584375765616705,-0.0014584375765616705
3417,-0.0014223242337799752,-0.001349688382417813,-0.001349688382417813
3418,-0.00017824218004642504,-0.001091183653579133,-0.001091183653579133
3419,-0.0015853186098107,-0.001219874483219752,-0.001219874483219752
3420,-0.001332212929768125,-0.00142200632530776,-0.00142200632530776
3421,-0.000516933537683925,-0.001207071698073413,-0.001207071698073413
3422,-0.0002840405133528119,-0.001382053706171801,-0.001382053706171801
3423,-0.00108301701798395,-0.0014786345453268548,-0.0014786345453268548
3424,-0.000336840568272775,-0.0015054484633451044,-0.0015054484633451044
3425,-0.00103792386323395,-0.0014291832355709097,-0.0014291832355709097
3426,-0.0005198322376954499,-0.0014018536544933916,-0.0014018536544933916
3427,-0.00054166001759655,-0.001383629362462057,-0.001383629362462057
3428,-0.00040510715781462496,-0.0010975628076276198,-0.0010975628076276198
3429,-0.0017572650815408679,-0.0012775982892451654,-0.0012775982892451654
3430,-0.000545999117257375,-0.0013536420967161515,-0.0013536420967161515
3431,-0.0008492875422053702,-0.0012251284351172886,-0.0012251284351172886
3432,-0.001027779604615225,-0.0012562969088356398,-0.0012562969088356398
3433,-0.002715876690944425,-0.0014453660588066965,-0.0014453660588066965
3434,-0.000739473518966275,-0.0012402757605254587,-0.0012402757605254587
3435,-0.0006550816842076019,-0.0013145573294811573,-0.0013145573294811573
3436,-0.000842136233002,-0.0012675563340989377,-0.0012675563340989377
3437,-0.0010253716256749,-0.0014764344400341098,-0.0014764344400341098
3438,-0.001036350506308875,-0.0011828793071744516,-0.0011828793071744516
3439,-0.0014457959044357,-0.0016944621768274389,-0.0016944621768274389
3440,-0.000503328274784575,-0.001497836595095698,-0.001497836595095698
3441,-0.0006672585892782557,-0.0011660303542409146,-0.0011660303542409146
3442,-0.00104297313173355,-0.0013547660389233956,-0.0013547660389233956
3443,-0.000266031705956425,-0.0014022375486269474,-0.0014022375486269474
3444,-0.000694110950614275,-0.0015867174212370791,-0.0015867174212370791
3445,-0.0008023590673373001,-0.0012060065370051182,-0.0012060065370051182
3446,-0.001022924831098906,-0.0012620862040789557,-0.0012620862040789557
3447,-0.0016394457732185248,-0.0016472451326552799,-0.0016472451326552799
3448,-0.0003143378797831251,-0.001153261930392004,-0.001153261930392004
3449,0.0004142895668827,-0.0012627390495902517,-0.0012627390495902517
3450,-0.0008889550680705249,-0.0014688906637892643,-0.0014688906637892643
3451,-0.0008509546473917499,-0.001429388264848549,-0.001429388264848549
3452,-0.0003985565054502524,-0.0012710824278081038,-0.0012710824278081038
3453,-0.0011180431435410501,-0.0013583384864770136,-0.0013583384864770136
3454,-0.001774163527943,-0.0013992615152226872,-0.0013992615152226872
3455,-0.001365192155727725,-0.0011575891962752002,-0.0011575891962752002
3456,-0.0010418682794092748,-0.0015892259973355033,-0.0015892259973355033
3457,-0.000285474194161925,-0.0010594719768315896,-0.0010594719768315896
3458,-0.001463293601102225,-0.0012585451109049532,-0.0012585451109049532
3459,-0.00027163248039900004,-0.0014295862870822543,-0.0014295862870822543
3460,-0.00134481711495975,-0.0013920896288967563,-0.0013920896288967563
3461,-0.0008455970612336251,-0.0014872958241279929,-0.0014872958241279929
3462,-0.0016569346460323,-0.0015597017665311742,-0.0015597017665311742
3463,-0.00148093212993455,-0.0013931063401516864,-0.0013931063401516864
3464,-0.001111806973709425,-0.0013819916893918964,-0.0013819916893918964
3465,-0.001180734918492875,-0.0013017017721297967,-0.0013017017721297967
3466,-0.0010716346400104,-0.0012480802062567106,-0.0012480802062567106
3467,-0.00105055336808795,-0.0014158814994019975,-0.0014158814994019975
3468,-0.0006790436526205442,-0.0012002321753175858,-0.0012002321753175858
3469,-0.00136896969299185,-0.0016011677841027386,-0.0016011677841027386
3470,-0.0007454361803978251,-0.0012906118680651047,-0.0012906118680651047
3471,-0.00121925094983105,-0.001182747655865926,-0.001182747655865926
3472,-0.001321885715148625,-0.0013021487724192834,-0.0013021487724192834
3473,-0.00044034264657214997,-0.0014241655447711245,-0.0014241655447711245
3474,-0.001743669258171075,-0.001561307587156023,-0.001561307587156023
3475,0.000219467304209575,-0.0014838627476274602,-0.0014838627476274602
3476,-0.001764276890754725,-0.0013785697181874527,-0.0013785697181874527
3477,0.00011016228333609151,-0.0011606500789185397,-0.0011606500789185397
3478,-0.00036854949631562496,-0.0014500037712141282,-0.0014500037712141282
3479,-1.965258303587497e-05,-0.0013187506199174943,-0.0013187506199174943
3480,-0.0020829692859752748,-0.0014176433743568004,-0.0014176433743568004
3481,-0.0013911639645158502,-0.0014463433125696042,-0.0014463433125696042
3482,-0.001348762326551375,-0.001317875980884568,-0.001317875980884568
3483,-0.0007217721621142,-0.0014887529083906258,-0.0014887529083906258
3484,-0.001610644227203325,-0.0015066624612355398,-0.0015066624612355398
3485,-0.00126878346489445,-0.0011395373094291964,-0.0011395373094291964
3486,-0.0009007224380409749,-0.0015232482405870852,-0.0015232482405870852
3487,-0.0013234720541338636,-0.0015229318303960518,-0.0015229318303960518
3488,-0.000803908746872125,-0.0011835044995459792,-0.0011835044995459792
3489,-0.00015881883170879997,-0.0014900648490838281,-0.0014900648490838281
3490,-0.0007107366026203499,-0.0014423860620102447,-0.0014423860620102447
3491,-0.0004884408468314751,-0.0012741803395401765,-0.0012741803395401765
3492,-0.00107046041724025,-0.0013283826587487941,-0.0013283826587487941
3493,-0.0005063458674344,-0.0011277376776490117,-0.0011277376776490117
3494,-0.00077659330002665,-0.0014509142493128089,-0.0014509142493128089
3495,-0.00036914468207480003,-0.0014833343464260287,-0.0014833343464260287
3496,-0.0008786978604270001,-0.001332555992653879,-0.001332555992653879
3497,-0.00046149830590237506,-0.001073736320086912,-0.001073736320086912
3498,-0.0006928491199801256,-0.0013758440219584116,-0.0013758440219584116
3499,-0.0014329705931008252,-0.0013858088932615757,-0.0013858088932615757
3500,-0.00031018474534742497,-0.0012860809300181287,-0.0012860809300181287
3501,-0.0006872924798553,-0.001195386723929737,-0.001195386723929737
3502,-0.001015268855869925,-0.0013584043384734274,-0.0013584043384734274
3503,-0.000155423257457925,-0.001335112034418586,-0.001335112034418586
3504,-0.001051589045441375,-0.0011926368639288505,-0.0011926368639288505
3505,-0.00025330523227705,-0.0013453876219680526,-0.0013453876219680526
3506,-0.0011803932612344,-0.001297480545237081,-0.001297480545237081
3507,-0.0017758556143772,-0.00145637377795783,-0.00145637377795783
3508,-0.00089007199209065,-0.0013157457022273129,-0.0013157457022273129
3509,-0.00034988342960703994,-0.0013027841141432476,-0.0013027841141432476
3510,-0.0008510890325107638,-0.0012603250360876913,-0.0012603250360876913
3511,-0.0010452827429122248,-0.0014676300108366095,-0.0014676300108366095
3512,-0.0012277118645613251,-0.0013330053688299318,-0.0013330053688299318
3513,-0.00152330689983535,-0.0014225351719131904,-0.0014225351719131904
3514,-0.001403349798714825,-0.0014551130836502144,-0.0014551130836502144
3515,-0.00060488975976105,-0.0014072903469200758,-0.0014072903469200758
3516,-0.000961598609954754,-0.0011971383184289374,-0.0011971383184289374
3517,-0.000484629253660375,-0.0013545301551444457,-0.0013545301551444457
3518,-0.0011307560660111001,-0.0014276119474712883,-0.0014276119474712883
3519,-0.000276291082843525,-0.0012634535673315072,-0.0012634535673315072
3520,-0.0008779683562141749,-0.0013507270222874257,-0.0013507270222874257
3521,-0.0003997585842462,-0.0010951513066514585,-0.0010951513066514585
3522,-0.000431142958753525,-0.0014718718071460007,-0.0014718718071460007
3523,-0.00075943422022185,-0.0013999510912067593,-0.0013999510912067593
3524,-0.0011967241983677499,-0.0012995871556287471,-0.0012995871556287471
3525,-0.0007522342822840909,-0.001268346364721058,-0.001268346364721058
3526,-0.000895764930059766,-0.0014547778974514376,-0.0014547778974514376
3527,-0.0010507777721983345,-0.0013514384956572036,-0.0013514384956572036
3528,-0.000805734480010475,-0.0012996403174403335,-0.0012996403174403335
3529,-0.00017608505311575,-0.0013004696293243913,-0.0013004696293243913
3530,-0.000794151208216775,-0.0014575118292617733,-0.0014575118292617733
3531,-0.00124381207055855,-0.001522343577774135,-0.001522343577774135
3532,-0.0006487132397365001,-0.0013778973531190157,-0.0013778973531190157
3533,-0.001602578157182,-0.0013151079563218208,-0.0013151079563218208
3534,-0.002940262222188325,-0.0013499831465959885,-0.0013499831465959885
3535,-0.001147471863483492,-0.0012993813086977146,-0.0012993813086977146
3536,-0.001664710393291525,-0.0013937294810857383,-0.0013937294810857383
3537,-0.00125945116782495,-0.0013125525218739085,-0.0013125525218739085
3538,0.00019701731847882498,-0.0011866119700416865,-0.0011866119700416865
3539,-0.000259240731681725,-0.0012466383750093417,-0.0012466383750093417
3540,-0.0015825317044541251,-0.0013792196549019626,-0.0013792196549019626
3541,-0.001317563247153675,-0.0012295152981283675,-0.0012295152981283675
3542,-0.000261599238677375,-0.0016547720528603445,-0.0016547720528603445
3543,-0.001662374036087375,-0.0012968874398707798,-0.0012968874398707798
3544,-0.001667465102203175,-0.0014045592147251353,-0.0014045592147251353
3545,-0.0011640508286379749,-0.0016532631130488314,-0.0016532631130488314
3546,-0.000872505310424725,-0.0013333087497658476,-0.0013333087497658476
3547,-0.0005917537131091501,-0.0014040261883022493,-0.0014040261883022493
3548,-0.000758880417413575,-0.0013355830316130477,-0.0013355830316130477
3549,-0.000790758097689175,-0.0013487627075945959,-0.0013487627075945959
3550,-0.00063895903611265,-0.0013124374656585621,-0.0013124374656585621
3551,-0.000691386465331375,-0.0013429520585935004,-0.0013429520585935004
3552,-0.0007465360659902108,-0.001158077432588128,-0.001158077432588128
3553,-0.0015809253444386499,-0.0014113122533874446,-0.0014113122533874446
3554,-0.0008985855394225914,-0.0012462821130683924,-0.0012462821130683924
3555,-0.000596918168923575,-0.0015904839023617259,-0.0015904839023617259
3556,-0.00052193037818215,-0.0015204962047876628,-0.0015204962047876628
3557,-0.001024039347743175,-0.00141205115557992,-0.00141205115557992
3558,-0.0013956458351436002,-0.0013261549346521365,-0.0013261549346521365
3559,-0.0016524577342911751,-0.0017674094201655726,-0.0017674094201655726
3560,-0.0008332631972076999,-0.0014683574590681715,-0.0014683574590681715
3561,-0.0009533452628381499,-0.001426297217731604,-0.001426297217731604
3562,-0.0010537018701114,-0.0016759469951433282,-0.0016759469951433282
3563,-0.00077545811131865,-0.001397895707384744,-0.001397895707384744
3564,-0.00095572695895565,-0.0013762902179592332,-0.0013762902179592332
3565,-0.000435139114832825,-0.0013566753289456829,-0.0013566753289456829
3566,-0.0009645445619547979,-0.0011337555545073276,-0.0011337555545073276
3567,-0.000326386287454525,-0.0014837805968778007,-0.0014837805968778007
3568,-0.0009729569975123751,-0.0013394834359283217,-0.0013394834359283217
3569,-0.001265552228240325,-0.0014479617980628912,-0.0014479617980628912
3570,-0.0008697574863146249,-0.0014097901986061738,-0.0014097901986061738
3571,-0.00153083019334565,-0.001641250537548991,-0.001641250537548991
3572,-0.0013344548724895,-0.0014143927805906644,-0.0014143927805906644
3573,-0.001377032100522575,-0.001188014699984564,-0.001188014699984564
3574,-0.000604279734280075,-0.0013981360622981804,-0.0013981360622981804
3575,-0.0004196021941480571,-0.0011131346942914607,-0.0011131346942914607
3576,-0.001202428234407925,-0.0013827207209294705,-0.0013827207209294705
3577,-0.000567997947076125,-0.0013315994182895785,-0.0013315994182895785
3578,-0.00131061888591695,-0.0013170839750553738,-0.0013170839750553738
3579,-0.0011924076291733002,-0.0013450648297879122,-0.0013450648297879122
3580,-0.0010175562941214219,-0.0011730388131570132,-0.0011730388131570132
3581,-0.00024613067272180725,-0.0010684610085970325,-0.0010684610085970325
3582,-0.0003892889950042,-0.0013358013931418565,-0.0013358013931418565
3583,-0.00067129219593415,-0.001181410567972722,-0.001181410567972722
3584,-0.00048134750348507256,-0.0010455388543165582,-0.0010455388543165582
3585,-0.0012190552868488,-0.0013883033526878284,-0.0013883033526878284
3586,-0.0002963485796232,-0.0014095191068377835,-0.0014095191068377835
3587,-0.0002081144578733862,-0.00155509015043955,-0.00155509015043955
3588,-0.0011289713498975748,-0.0012714869567128488,-0.0012714869567128488
3589,-0.00043581715773164547,-0.0010827355499081557,-0.0010827355499081557
3590,-0.0005023968876164,-0.0012880538808472462,-0.0012880538808472462
3591,-0.0007753109266753072,-0.0013971112278871904,-0.0013971112278871904
3592,-0.0014422775104905002,-0.0013344137372705092,-0.0013344137372705092
3593,-0.0004953289042016,-0.0013189575407204501,-0.0013189575407204501
3594,-0.0006023543800701,-0.0011338780987290302,-0.0011338780987290302
3595,0.00044923340400317494,-0.0013822951352259647,-0.0013822951352259647
3596,-0.001127385688281725,-0.0013011698669918622,-0.0013011698669918622
3597,-0.0011226471535804,-0.0014128967512524815,-0.0014128967512524815
3598,-0.0015219534269776001,-0.0014121995853416868,-0.0014121995853416868
3599,-0.000847320233010175,-0.0014710478285586738,-0.0014710478285586738
3600,-0.0003271949779378,-0.0012035838609363058,-0.0012035838609363058
3601,-0.00034397851013647494,-0.0014775653004802116,-0.0014775653004802116
3602,-0.00163450074079985,-0.001466735312669812,-0.001466735312669812
3603,-0.0005575703657638,-0.0014900662426754288,-0.0014900662426754288
3604,-0.000891697388719175,-0.0013294394172404232,-0.0013294394172404232
3605,-0.000984542114012975,-0.0012920267275755132,-0.0012920267275755132
3606,-0.0010395915970616999,-0.0012465152019008547,-0.0012465152019008547
3607,-0.001286606096151325,-0.0015255926381130978,-0.0015255926381130978
3608,-0.0009689806533417857,-0.0014634370616013925,-0.0014634370616013925
3609,-0.002304812398017425,-0.0013490094059365675,-0.0013490094059365675
3610,-0.0017715163329401749,-0.001355646530193802,-0.001355646530193802
3611,-0.000925816532022725,-0.0011215142297009394,-0.0011215142297009394
3612,-0.001086292844930725,-0.0013492827760423068,-0.0013492827760423068
3613,-0.0018161440456739,-0.001451688019112459,-0.001451688019112459
3614,-0.000288592368258025,-0.0013566140973452156,-0.0013566140973452156
3615,-0.0009934196654834502,-0.0014482793108081724,-0.0014482793108081724
3616,-0.000200757993571125,-0.0013237153725938486,-0.0013237153725938486
3617,-0.001609067218455825,-0.0013642964825278177,-0.0013642964825278177
3618,-0.0016178199935586502,-0.0014180209695707012,-0.0014180209695707012
3619,-0.0018478783617488252,-0.0011462804364647276,-0.0011462804364647276
3620,-0.0008555347890680249,-0.001454701124182258,-0.001454701124182258
3621,-0.0009487163579535,-0.0012202449511470735,-0.0012202449511470735
3622,-0.000466028125873675,-0.0014115236429079676,-0.0014115236429079676
3623,-0.000731222893070592,-0.0012544736634328606,-0.0012544736634328606
3624,-0.001328619084021675,-0.0012056068696654676,-0.0012056068696654676
3625,-0.0009148075736832501,-0.0013647346079148205,-0.0013647346079148205
3626,-0.001040533668921025,-0.0014643454924378211,-0.0014643454924378211
3627,-0.0008328598129207249,-0.0011994352381291906,-0.0011994352381291906
3628,-0.001041709608714675,-0.001378060328807432,-0.001378060328807432
3629,-0.00083061980432,-0.0013213164100395614,-0.0013213164100395614
3630,-0.0008070602535508501,-0.001251891499071004,-0.001251891499071004
3631,-0.000588616201495075,-0.0012525849116344612,-0.0012525849116344612
3632,-0.002263362736873925,-0.0016040108422168782,-0.0016040108422168782
3633,-0.00166531386489215,-0.0013896317734321305,-0.0013896317734321305
3634,-0.00043627086863247497,-0.0013998640110607296,-0.0013998640110607296
3635,-0.00018196368417521723,-0.0012037218311622664,-0.0012037218311622664
3636,-0.001239510711664875,-0.0015099364283431514,-0.0015099364283431514
3637,-0.00058708974677685,-0.0012488461289740067,-0.0012488461289740067
3638,0.000327689846807475,-0.0011861109564156262,-0.0011861109564156262
3639,-0.000717135424164375,-0.0011716751636492682,-0.0011716751636492682
3640,-0.002961583683456525,-0.001702942738060381,-0.001702942738060381
3641,-0.0018017210833845998,-0.0014304791803931556,-0.0014304791803931556
3642,-0.001059598819943375,-0.001622231807443578,-0.001622231807443578
3643,-0.000406704652456725,-0.0012208813140983962,-0.0012208813140983962
3644,-0.001220921966235675,-0.0012981291868952283,-0.0012981291868952283
3645,-0.000480566410828075,-0.0014818734593496916,-0.0014818734593496916
3646,-0.0003376924400974499,-0.0013495907278134182,-0.0013495907278134182
3647,-0.000784878045628275,-0.0013548764176307558,-0.0013548764176307558
3648,0.000287828061769825,-0.0013756191222995477,-0.0013756191222995477
3649,-0.00142640533771185,-0.0011872694414472667,-0.0011872694414472667
3650,-0.0007425029966831749,-0.0015386822989180606,-0.0015386822989180606
3651,-0.00113917468338795,-0.0015084554737792076,-0.0015084554737792076
3652,-0.0005180870139837,-0.0013024062235811693,-0.0013024062235811693
3653,-0.000769468877329675,-0.0012982437895686914,-0.0012982437895686914
3654,-0.0006734760672653274,-0.0012291371832181762,-0.0012291371832181762
3655,-0.000930280769107406,-0.0011831800696564345,-0.0011831800696564345
3656,-0.0016123546715250498,-0.0014501474064074027,-0.0014501474064074027
3657,-0.0024795869286269746,-0.001472528755248856,-0.001472528755248856
3658,-0.00078629087084755,-0.0012689865451728898,-0.0012689865451728898
3659,-0.001776668401836725,-0.0014123491260331265,-0.0014123491260331265
3660,-0.0009773084698696001,-0.0013590222135752633,-0.0013590222135752633
3661,-0.0020004387406034,-0.0015591116797862518,-0.0015591116797862518
3662,-0.00030541170884397495,-0.0013503783353902728,-0.0013503783353902728
3663,-0.000998602240690775,-0.0013343981574054074,-0.0013343981574054074
3664,-0.000790024925530175,-0.0011779037030289555,-0.0011779037030289555
3665,-0.0003826919717749,-0.0011715341426229641,-0.0011715341426229641
3666,-0.0007728709297027,-0.0014762719542830438,-0.0014762719542830438
3667,-0.0007889840094068175,-0.0014242236306031728,-0.0014242236306031728
3668,-0.0001093172933699659,-0.0014404033516309301,-0.0014404033516309301
3669,-0.0007231162705719001,-0.00127616536687684,-0.00127616536687684
3670,-0.0006031697774007,-0.001156705596818747,-0.001156705596818747
3671,-0.001104484596051225,-0.0014666656855945625,-0.0014666656855945625
3672,-0.0016921501482309055,-0.0015462512299051895,-0.0015462512299051895
3673,-0.001671270509359075,-0.001485910453043082,-0.001485910453043082
3674,-0.0006422838434546501,-0.0014780537604824017,-0.0014780537604824017
3675,-0.001692954472690625,-0.0014836518221618008,-0.0014836518221618008
3676,-0.0005009527263736501,-0.0013131086598428907,-0.0013131086598428907
3677,-0.0022400403285532,-0.001556171558108492,-0.001556171558108492
3678,-0.000455220919286975,-0.001472704847855259,-0.001472704847855259
3679,-0.000940366621621225,-0.0015013177372955823,-0.0015013177372955823
3680,-0.00040718194673392504,-0.0013802639674748171,-0.0013802639674748171
3681,-0.00031058803115839996,-0.0011743203626778359,-0.0011743203626778359
3682,-0.00040359041973554456,-0.0013940841621209667,-0.0013940841621209667
3683,-0.0010516454325098501,-0.0012364714841657442,-0.0012364714841657442
3684,-0.0006766403576455501,-0.0011475857551992183,-0.0011475857551992183
3685,-0.00157944475045055,-0.0014661921841424446,-0.0014661921841424446
3686,-0.0022285811965932502,-0.0015592428502347313,-0.0015592428502347313
3687,-0.00197764144970625,-0.001595191105816334,-0.001595191105816334
3688,-0.0006326354726952637,-0.0013084517518994888,-0.0013084517518994888
3689,0.000217168487264575,-0.0013151615688333763,-0.0013151615688333763
3690,-0.0004386631085895857,-0.0011572714193359695,-0.0011572714193359695
3691,3.9329966849500014e-05,-0.001259573524135683,-0.001259573524135683
3692,-0.0013800918350636523,-0.001363089834791797,-0.001363089834791797
3693,-0.0009449515181033251,-0.0013906124742770452,-0.0013906124742770452
3694,-0.0007960005027829843,-0.0013030166485870837,-0.0013030166485870837
3695,-0.000829765174718825,-0.0013766735654617435,-0.0013766735654617435
3696,-0.000546655996579075,-0.001554609808155755,-0.001554609808155755
3697,-0.001301169637960275,-0.0012621515748350196,-0.0012621515748350196
3698,-0.0006999367385049559,-0.0013217722499501553,-0.0013217722499501553
3699,-0.0012922017973542,-0.001318780176433584,-0.001318780176433584
3700,0.00012264731291532503,-0.0011144367950316069,-0.0011144367950316069
3701,-0.000996592960897625,-0.0016254887215202214,-0.0016254887215202214
3702,-0.001211159155763525,-0.0011859582667434864,-0.0011859582667434864
3703,-0.001435549535828575,-0.0013615679023784126,-0.0013615679023784126
3704,-0.00040585217772570005,-0.001390104910066909,-0.001390104910066909
3705,-0.000720221085698125,-0.0014183116419049671,-0.0014183116419049671
3706,-0.0007968985853968251,-0.0013420819918215708,-0.0013420819918215708
3707,-0.001001404748966225,-0.0015004919769493056,-0.0015004919769493056
3708,-0.00105729396427025,-0.001461828974043255,-0.001461828974043255
3709,-0.0005968010263817,-0.0013136214803861825,-0.0013136214803861825
3710,-0.00026723211338984103,-0.001258554705694464,-0.001258554705694464
3711,6.61935076332e-05,-0.0012112700987743214,-0.0012112700987743214
3712,-0.0014756005306604501,-0.0011719012999533201,-0.0011719012999533201
3713,-0.0009010012178128309,-0.0011610176178087836,-0.0011610176178087836
3714,-0.000785425683231025,-0.001586386097367208,-0.001586386097367208
3715,-0.0016456838710406751,-0.0014270159965678161,-0.0014270159965678161
3716,0.00047960465655645006,-0.0011901080219872547,-0.0011901080219872547
3717,0.00024540733381105004,-0.0011764279871972084,-0.0011764279871972084
3718,0.0002156771058936215,-0.0011118351260780148,-0.0011118351260780148
3719,-0.000969053841043475,-0.0013940554166864325,-0.0013940554166864325
3720,-0.0005493491867003,-0.0010663746122875435,-0.0010663746122875435
3721,0.0001338805526185943,-0.0011022677052682955,-0.0011022677052682955
3722,-0.0008526335940955249,-0.0012669747500829605,-0.0012669747500829605
3723,-0.000764186033458075,-0.0014860949953535403,-0.0014860949953535403
3724,3.0502255253500045e-05,-0.0013593163166150998,-0.0013593163166150998
3725,-0.000934206660600825,-0.0013161836556930004,-0.0013161836556930004
3726,-0.0013055322112548251,-0.001272303717233449,-0.001272303717233449
3727,-0.000485556815599375,-0.0014139450943323874,-0.0014139450943323874
3728,-0.0006336733469362249,-0.0013426882807774131,-0.0013426882807774131
3729,-0.00099099755450275,-0.0015083943379559598,-0.0015083943379559598
3730,-0.0016033481533242809,-0.0012703468564844254,-0.0012703468564844254
3731,-0.001340516071453725,-0.0011548067950503458,-0.0011548067950503458
3732,0.0004709867206180501,-0.0012323252982566935,-0.0012323252982566935
3733,-0.0005951530968127,-0.0012645502927738958,-0.0012645502927738958
3734,-0.001051597714808175,-0.0014216526236427458,-0.0014216526236427458
3735,-0.002544308868061075,-0.0013889976881453258,-0.0013889976881453258
3736,-0.001534876241355951,-0.0012351664930626846,-0.0012351664930626846
3737,-0.00011107086163429465,-0.001382680549336892,-0.001382680549336892
3738,-0.0008305006574819999,-0.0013001939261118932,-0.0013001939261118932
3739,0.000594415011223875,-0.0014373026104784572,-0.0014373026104784572
3740,-0.00102999852595885,-0.0011055996231615734,-0.0011055996231615734
3741,-0.001088015315927975,-0.0015592374654933225,-0.0015592374654933225
3742,-0.000343014533089375,-0.001285332133652109,-0.001285332133652109
3743,-0.0021999962773127497,-0.0014358257280436167,-0.0014358257280436167
3744,-0.0007399208505714999,-0.0014374088240970918,-0.0014374088240970918
3745,-0.001200471724118025,-0.0012641528882643036,-0.0012641528882643036
3746,-0.0008762611662891999,-0.001421169238649343,-0.001421169238649343
3747,-0.0013286948573794249,-0.0015681166019439103,-0.0015681166019439103
3748,-0.00198286838417675,-0.0011600566857843722,-0.0011600566857843722
3749,-0.0006181264343730249,-0.0013403170715989468,-0.0013403170715989468
3750,-0.00022479666039067499,-0.00125752944243041,-0.00125752944243041
3751,-0.0012094002356462749,-0.0015353318508047646,-0.0015353318508047646
3752,-0.001272356151778175,-0.001445800842585403,-0.001445800842585403
3753,-0.0008018242406257249,-0.001352246108269127,-0.001352246108269127
3754,-0.0005485566680336357,-0.001483354995764139,-0.001483354995764139
3755,-0.000876904133476675,-0.0014416083226387578,-0.0014416083226387578
3756,-0.00010431437976822497,-0.0010696951514093751,-0.0010696951514093751
3757,-0.00045444624141722503,-0.001332888123365733,-0.001332888123365733
3758,-0.0012677872534714498,-0.0012980475481969972,-0.0012980475481969972
3759,-0.001719217622963075,-0.001304290248624354,-0.001304290248624354
3760,-0.0002336963942008,-0.001188522928666971,-0.001188522928666971
3761,0.000269974889817675,-0.0013307292251996479,-0.0013307292251996479
3762,-0.0008371816802458,-0.0013461667608135911,-0.0013461667608135911
3763,-0.001148673386074,-0.0014094442571180043,-0.0014094442571180043
3764,-0.0012187239787114,-0.0011639452110467838,-0.0011639452110467838
3765,-0.0017329059990001,-0.0014906218866067042,-0.0014906218866067042
3766,7.755392842232495e-05,-0.001198053447511816,-0.001198053447511816
3767,-0.00093519763937,-0.001184097193446282,-0.001184097193446282
3768,-0.0009009523377642751,-0.0014389448552952142,-0.0014389448552952142
3769,-0.0007461948696046,-0.0014264674487582546,-0.0014264674487582546
3770,-0.0014299222551334499,-0.0014076422912191835,-0.0014076422912191835
3771,-0.0006980826549107307,-0.0011336193232138632,-0.0011336193232138632
3772,-0.001195166897347425,-0.0015126507278499146,-0.0015126507278499146
3773,-0.000819873334366175,-0.001481120240376883,-0.001481120240376883
3774,-0.00109813623253225,-0.0013329521956960057,-0.0013329521956960057
3775,-0.0020978781319003,-0.0012643543861130405,-0.0012643543861130405
3776,-0.00036858600492732505,-0.0014064110390455645,-0.0014064110390455645
3777,-0.00102831980425905,-0.0014184553513448034,-0.0014184553513448034
3778,-0.00058924763425185,-0.0014917691511538472,-0.0014917691511538472
3779,-0.00041907743547927505,-0.0014006400572220408,-0.0014006400572220408
3780,-0.0007251166537501749,-0.0012251526776083685,-0.0012251526776083685
3781,-0.00012147176957545003,-0.0013169651304248322,-0.0013169651304248322
3782,-0.0006846667644667,-0.0016344927747829559,-0.0016344927747829559
3783,-0.0016108376953897002,-0.0014822824564432642,-0.0014822824564432642
3784,-0.00109926616792535,-0.0013124340002077476,-0.0013124340002077476
3785,-0.0006335338519259501,-0.001335151243121238,-0.001335151243121238
3786,-0.00030924172525294996,-0.0015351773765918833,-0.0015351773765918833
3787,-0.00037399719921545,-0.0014975062886478786,-0.0014975062886478786
3788,-0.002179595876822175,-0.001304387470257988,-0.001304387470257988
3789,-0.0017276891790111001,-0.0013436848723809586,-0.0013436848723809586
3790,-0.0009481963506636751,-0.001498803799950301,-0.001498803799950301
3791,-0.0008931674844393751,-0.0012656034591403242,-0.0012656034591403242
3792,-0.0002665909305518,-0.001501099256846843,-0.001501099256846843
3793,0.00018154449788019997,-0.0011283980256316742,-0.0011283980256316742
3794,-0.000849083755648375,-0.0014424297036720797,-0.0014424297036720797
3795,-0.000603655411193525,-0.0012409689051191052,-0.0012409689051191052
3796,-0.001363079126865075,-0.0012123289878113014,-0.0012123289878113014
3797,-0.00039799748192045003,-0.001295337396745195,-0.001295337396745195
3798,-0.000494399652116675,-0.0012853413678409803,-0.0012853413678409803
3799,-0.0014598023796278251,-0.0015046098066877195,-0.0015046098066877195
3800,-0.00013282077540587497,-0.0012200297509793257,-0.0012200297509793257
3801,-0.000714189210752775,-0.001348551992245307,-0.001348551992245307
3802,-0.0011960453822554,-0.0016298379155481148,-0.0016298379155481148
3803,-0.001087787334546625,-0.0012266697049604426,-0.0012266697049604426
3804,-0.000738444338354325,-0.0014548763873528713,-0.0014548763873528713
3805,-0.00024052804750580002,-0.0013072947434074372,-0.0013072947434074372
3806,9.480350302297502e-05,-0.0012344185523060355,-0.0012344185523060355
3807,-9.2356497053525e-05,-0.0012454786551473267,-0.0012454786551473267
3808,-0.0018826264431504,-0.0013098033946907432,-0.0013098033946907432
3809,-0.00036908803142885003,-0.001363652773352133,-0.001363652773352133
3810,-0.00112024573916575,-0.0014798730610255733,-0.0014798730610255733
3811,-0.0008398877202638001,-0.001291273262172127,-0.001291273262172127
3812,-0.0007560178629473749,-0.0014101818049420951,-0.0014101818049420951
3813,-0.0004956803756711,-0.001262678234477121,-0.001262678234477121
3814,-0.00120422336093525,-0.0014864429695164493,-0.0014864429695164493
3815,-0.00135066845962995,-0.001417500269623539,-0.001417500269623539
3816,-0.00152437687525355,-0.0011350204485009049,-0.0011350204485009049
3817,-0.001014300953814525,-0.001352287081130952,-0.001352287081130952
3818,-0.000745222189291225,-0.0012886993330110995,-0.0012886993330110995
3819,-0.0006141714543829,-0.0013683933952969784,-0.0013683933952969784
3820,-0.001800199035023825,-0.001412403353170654,-0.001412403353170654
3821,-0.00015353915183885,-0.001184340922720686,-0.001184340922720686
3822,-0.00077952966577565,-0.0013670958970249697,-0.0013670958970249697
3823,-0.0008663559826237,-0.0013195101617622604,-0.0013195101617622604
3824,-0.00075409212891055,-0.0013217244678488307,-0.0013217244678488307
3825,-0.00024873784929365,-0.0012748422073696319,-0.0012748422073696319
3826,-0.0012128450139641,-0.0014872558229373795,-0.0014872558229373795
3827,-0.001712726117429275,-0.0013511826141592027,-0.0013511826141592027
3828,-0.002012636261026075,-0.0013732794178733347,-0.0013732794178733347
3829,-0.0010785424234401463,-0.001490832471845588,-0.001490832471845588
3830,-0.00018814672226210002,-0.001300171277408372,-0.001300171277408372
3831,-0.001567012257374375,-0.001500825152395699,-0.001500825152395699
3832,-0.000539842430259325,-0.0011980764565870578,-0.0011980764565870578
3833,-0.0011069319202339438,-0.0015754206425729566,-0.0015754206425729566
3834,-0.00042514308730302495,-0.0012324993789988923,-0.0012324993789988923
3835,-0.001291423568105575,-0.0013703237466360819,-0.0013703237466360819
3836,-0.001291800775791775,-0.00133754960532103,-0.00133754960532103
3837,-0.001406597334463175,-0.0013181134936593483,-0.0013181134936593483
3838,-0.0010815497986138751,-0.0015220769953891854,-0.0015220769953891854
3839,-0.0003911690665997764,-0.0013214648771513982,-0.0013214648771513982
3840,-0.00047168932265365,-0.0013423978340883745,-0.0013423978340883745
3841,-0.001248192864881275,-0.0012534807423395093,-0.0012534807423395093
3842,-0.000421362822889375,-0.0016240510217102515,-0.0016240510217102515
3843,-0.000583855756786025,-0.0014254387870974244,-0.0014254387870974244
3844,-0.000620792943256157,-0.001403408748199848,-0.001403408748199848
3845,-0.0008121639738639702,-0.001347518588560066,-0.001347518588560066
3846,-0.0013017837854888206,-0.0013601994278237223,-0.0013601994278237223
3847,-0.00024748424596379996,-0.0012791666971517716,-0.0012791666971517716
3848,-0.000941167759449375,-0.0013284358089993837,-0.0013284358089993837
3849,-0.0006848296421115749,-0.001195486882519456,-0.001195486882519456
3850,-0.0008247524113413861,-0.0014904606664278232,-0.0014904606664278232
3851,-0.001060875460339225,-0.0011499947273601082,-0.0011499947273601082
3852,-0.0004155733129913206,-0.0011403164016928885,-0.0011403164016928885
3853,-0.000766870013746075,-0.001231488642581488,-0.001231488642581488
3854,-0.0007076147736501,-0.0015271229240153442,-0.0015271229240153442
3855,-0.0010602826753332499,-0.001489189253583701,-0.001489189253583701
3856,-0.00093707093947825,-0.0011574541407722602,-0.0011574541407722602
3857,-0.00030491356349375,-0.001419647966625326,-0.001419647966625326
3858,-0.000925306128880475,-0.0015053900350591248,-0.0015053900350591248
3859,-0.0018342128613647,-0.0015192196245674143,-0.0015192196245674143
3860,-0.0009188123125361499,-0.001138038141402718,-0.001138038141402718
3861,-0.0017195991053407,-0.0013459578546200757,-0.0013459578546200757
3862,-0.0012332727190886926,-0.0012508434764429016,-0.0012508434764429016
3863,-0.00019590353327732495,-0.0014717236087024284,-0.0014717236087024284
3864,-0.00039350964685037497,-0.0013653491891646979,-0.0013653491891646979
3865,-0.00151671551072335,-0.0014178739727696012,-0.0014178739727696012
3866,-0.000955141398846175,-0.0012534890158800186,-0.0012534890158800186
3867,-0.00045111151482829997,-0.0010532783229118374,-0.0010532783229118374
3868,-0.000380865390736175,-0.0013109272770542152,-0.0013109272770542152
3869,-0.0012736924124519,-0.0015255420368260756,-0.0015255420368260756
3870,-0.00030071887058235003,-0.001485601139147267,-0.001485601139147267
3871,0.00019715064442149994,-0.0011296225498929919,-0.0011296225498929919
3872,2.8529256939824964e-05,-0.001433240461275331,-0.001433240461275331
3873,-0.0014750313380981247,-0.0015269341926134525,-0.0015269341926134525
3874,-0.0007475663706108626,-0.0015763629144157707,-0.0015763629144157707
3875,-0.0008242121371676001,-0.0012021272619369713,-0.0012021272619369713
3876,-0.0007432426016699999,-0.001063570662644147,-0.001063570662644147
3877,-0.0007000217624223096,-0.0014915215765095057,-0.0014915215765095057
3878,-0.0004351827659399883,-0.0011426957486738642,-0.0011426957486738642
3879,-0.000358398768895975,-0.0011069743390276943,-0.0011069743390276943
3880,-0.0004117676399470001,-0.0012607296405477831,-0.0012607296405477831
3881,-0.001106630751881848,-0.0013254398802744448,-0.0013254398802744448
3882,-0.0023874751586782502,-0.0013396571991555765,-0.0013396571991555765
3883,-0.00083728910093145,-0.0012230651970807018,-0.0012230651970807018
3884,-0.0005783382541302229,-0.001106525833460551,-0.001106525833460551
3885,-0.001048919683163975,-0.0013291521749455686,-0.0013291521749455686
3886,-0.001102176372268975,-0.0012130228731310508,-0.0012130228731310508
3887,-0.000713862772645,-0.0011402544896383197,-0.0011402544896383197
3888,-0.000562602630191025,-0.0012744645713450523,-0.0012744645713450523
3889,-0.0006475306412454249,-0.001307696593924867,-0.001307696593924867
3890,-0.001150466430957125,-0.0013232917985046234,-0.0013232917985046234
3891,-0.0006037824620419,-0.0015102478970561873,-0.0015102478970561873
3892,-0.000276143509165725,-0.0011737758928688851,-0.0011737758928688851
3893,-0.0029573402116049,-0.0013547914589862185,-0.0013547914589862185
3894,-0.0010896568931461467,-0.0014765036699937518,-0.0014765036699937518
3895,-0.000951272970316175,-0.001350929850283881,-0.001350929850283881
3896,-0.00078805736787695,-0.0011244871735589996,-0.0011244871735589996
3897,-0.0005459070648941001,-0.0012181375715552053,-0.0012181375715552053
3898,0.00016860594048344996,-0.0011429386231323194,-0.0011429386231323194
3899,-0.000795524556034175,-0.0015814335893304177,-0.0015814335893304177
3900,-0.00024584151771977493,-0.0012386549943577854,-0.0012386549943577854
3901,0.0004432130849522462,-0.0011392546813767724,-0.0011392546813767724
3902,-0.001328188303672375,-0.001445188386585271,-0.001445188386585271
3903,-0.0018578900240823998,-0.0013162685822389738,-0.0013162685822389738
3904,-0.00060193576848365,-0.0011688243153660815,-0.0011688243153660815
3905,-0.00035784270130000004,-0.0014919413846652353,-0.0014919413846652353
3906,-0.001216846996666375,-0.0012823465260317908,-0.0012823465260317908
3907,-0.00048806981227375,-0.0015198699483614905,-0.0015198699483614905
3908,-0.0006138748602468559,-0.0015502506454146943,-0.0015502506454146943
3909,-0.0011050348360519,-0.0014737929617562816,-0.0014737929617562816
3910,-0.0013352010287430247,-0.0013725061821189717,-0.0013725061821189717
3911,-0.00017137221471689998,-0.001295040406201908,-0.001295040406201908
3912,-0.001555959335997225,-0.0012594932226561405,-0.0012594932226561405
3913,-0.00017884740118385,-0.0012147993116803644,-0.0012147993116803644
3914,-0.000937143008385775,-0.0012135780753221265,-0.0012135780753221265
3915,-0.0003670592777519,-0.0014526673062851005,-0.0014526673062851005
3916,-0.0007605272473900483,-0.0012570021232074632,-0.0012570021232074632
3917,-0.00052427897741675,-0.0013320629434664549,-0.0013320629434664549
3918,-3.646485182238091e-05,-0.0011768401955693753,-0.0011768401955693753
3919,-0.0012854115909660408,-0.001377768009147512,-0.001377768009147512
3920,-0.0009082883296906757,-0.0013053005178359073,-0.0013053005178359073
3921,-0.0006994233936469499,-0.0013527446146083786,-0.0013527446146083786
3922,-0.0008271614589177249,-0.0012497784227994487,-0.0012497784227994487
3923,-0.0007038886433784117,-0.0013765046502449967,-0.0013765046502449967
3924,-0.0003277879362918751,-0.001124898369466816,-0.001124898369466816
3925,-0.001006840736498025,-0.0013166035401370843,-0.0013166035401370843
3926,0.0002165623038023249,-0.001474035922203577,-0.001474035922203577
3927,-0.00024195303557032497,-0.0011957753623900126,-0.0011957753623900126
3928,-0.000378259901216375,-0.001341970797631103,-0.001341970797631103
3929,-3.105719329824999e-06,-0.0012793487537852328,-0.0012793487537852328
3930,-0.0005671211388477749,-0.0014595534837694986,-0.0014595534837694986
3931,-0.00046096621947431366,-0.0013248747390091449,-0.0013248747390091449
3932,-0.00100517908868225,-0.0012753547224347679,-0.0012753547224347679
3933,-0.000770241612188075,-0.0012174269553002915,-0.0012174269553002915
3934,-0.00104420896406265,-0.0011886969355950502,-0.0011886969355950502
3935,-0.00166994609132665,-0.001519979045782365,-0.001519979045782365
3936,-0.00037840775167517494,-0.0011743805808284136,-0.0011743805808284136
3937,-0.001070408360681475,-0.0013830418366484682,-0.0013830418366484682
3938,-0.00045573559352895003,-0.0013877571416766646,-0.0013877571416766646
3939,-5.3397513028074996e-05,-0.0014159850177432568,-0.0014159850177432568
3940,-0.00019358063044147498,-0.0012944439439503451,-0.0012944439439503451
3941,-0.001372232345193675,-0.0014735027163288357,-0.0014735027163288357
3942,-0.00086871382216,-0.0014088968553107606,-0.0014088968553107606
3943,-0.001052837326215925,-0.0011455221418788398,-0.0011455221418788398
3944,-0.001120494133741425,-0.0013079458552259415,-0.0013079458552259415
3945,-0.0011904962743860001,-0.0013616780245961086,-0.0013616780245961086
3946,-0.0015358789576690748,-0.0013339923030452844,-0.0013339923030452844
3947,-0.0008401707278455749,-0.0013361985645871815,-0.0013361985645871815
3948,-0.0007841301778473249,-0.0012885713353494727,-0.0012885713353494727
3949,-0.000306398150235325,-0.0014534547398349935,-0.0014534547398349935
3950,-0.0014557534305008751,-0.0012917879700834922,-0.0012917879700834922
3951,-0.001958557203864475,-0.0012843740021775067,-0.0012843740021775067
3952,-0.000678606765756014,-0.0013481078621232069,-0.0013481078621232069
3953,-0.000280404611060325,-0.0014029584558113621,-0.0014029584558113621
3954,-0.000582780505742175,-0.0014762103857998764,-0.0014762103857998764
3955,-0.000436142116490775,-0.0016070979509458998,-0.0016070979509458998
3956,-0.0008055812505372499,-0.0013106170712721343,-0.0013106170712721343
3957,-0.001708926102814675,-0.0014043255975829847,-0.0014043255975829847
3958,-0.000968665510244775,-0.0013257919037243627,-0.0013257919037243627
3959,9.6279584062125e-05,-0.001387795487736874,-0.001387795487736874
3960,-0.00016948012270222502,-0.001339800312691122,-0.001339800312691122
3961,-0.0007846201434709,-0.0012066883749306154,-0.0012066883749306154
3962,-0.0009789393804038248,-0.001434389154241928,-0.001434389154241928
3963,-0.0008389223535668384,-0.0013910348655609074,-0.0013910348655609074
3964,-0.0007007771398391001,-0.0016228738413527303,-0.0016228738413527303
3965,-0.00133764237292465,-0.001461071157154324,-0.001461071157154324
3966,-0.0006545455721484,-0.001604236563380732,-0.001604236563380732
3967,-0.0015370364519190249,-0.001507739713201653,-0.001507739713201653
3968,-0.0014021929886278,-0.0015790129348510836,-0.0015790129348510836
3969,-0.0008047619516078251,-0.0012946850160676588,-0.0012946850160676588
3970,0.00032489561378840006,-0.0010822521120002705,-0.0010822521120002705
3971,-0.0005999064994,-0.0013506776062642794,-0.0013506776062642794
3972,-0.001076281663710175,-0.001450841202960567,-0.001450841202960567
3973,-0.00051283136426145,-0.0014985349440876173,-0.0014985349440876173
3974,-0.00069093511094525,-0.0012378811728705403,-0.0012378811728705403
3975,-0.001744524934433375,-0.001391964112496056,-0.001391964112496056
3976,-0.00166343003096585,-0.0013457859472327026,-0.0013457859472327026
3977,-0.001348904841311325,-0.001428614325513531,-0.001428614325513531
3978,-0.00066471987730145,-0.001344075578248945,-0.001344075578248945
3979,-0.0005874464487682751,-0.0013806008016620413,-0.0013806008016620413
3980,-0.0008318008196120499,-0.001280397520528507,-0.001280397520528507
3981,-0.0013090177983590698,-0.0014077890348944454,-0.0014077890348944454
3982,-0.0010404798431917154,-0.0014412375002875303,-0.0014412375002875303
3983,-0.001633920757354225,-0.0014039660355705363,-0.0014039660355705363
3984,-0.00037200181016877495,-0.001376147935628934,-0.001376147935628934
3985,-0.00085645904652215,-0.0012447449652275497,-0.0012447449652275497
3986,-0.0005676911187740149,-0.0013618129030143415,-0.0013618129030143415
3987,-0.00030900387670692496,-0.0016061386882389834,-0.0016061386882389834
3988,-0.00107061408830105,-0.001266046416308811,-0.001266046416308811
3989,-0.0008975501908987001,-0.0016556316926099803,-0.0016556316926099803
3990,-0.001625591720766925,-0.001284091105350765,-0.001284091105350765
3991,-0.0009102709165394,-0.0015205512180480915,-0.0015205512180480915
3992,-0.00027791762025747497,-0.0012657509313833044,-0.0012657509313833044
3993,-0.001618646115858725,-0.0014631520371516703,-0.0014631520371516703
3994,-0.0013708287422494001,-0.0014252857586081586,-0.0014252857586081586
3995,-0.0006531573183029,-0.001359981771610584,-0.001359981771610584
3996,-0.0009408853420434999,-0.0014392695499685494,-0.0014392695499685494
3997,-0.00085460215443865,-0.0015112588882460886,-0.0015112588882460886
3998,-0.00131137171311385,-0.0013022744632797735,-0.0013022744632797735
3999,-0.00019466360038842507,-0.0013526996081293275,-0.0013526996081293275
4000,-0.001247659161568775,-0.0014652864146847758,-0.0014652864146847758
4001,-0.00033855653923359175,-0.0012753614004467385,-0.0012753614004467385
4002,-0.0002855267185580695,-0.0012081710939586773,-0.0012081710939586773
4003,0.000355955006024875,-0.001311673837587835,-0.001311673837587835
4004,-0.0013983039679235749,-0.0011774207849958762,-0.0011774207849958762
4005,-0.001254883084984825,-0.0015048306330904197,-0.0015048306330904197
4006,-0.000595771343948325,-0.001235518065754495,-0.001235518065754495
4007,-0.00240811089521135,-0.0015940176966997516,-0.0015940176966997516
4008,-0.000380679962290025,-0.0014889704892241523,-0.0014889704892241523
4009,-0.0016289584423734003,-0.0013001765208479267,-0.0013001765208479267
4010,-0.0005362362846358,-0.0016870288652860734,-0.0016870288652860734
4011,-0.0008709316901759807,-0.0013848801297184703,-0.0013848801297184703
4012,-0.000531154339577048,-0.0011620107517312725,-0.0011620107517312725
4013,-0.00140128561260105,-0.0014586715478709046,-0.0014586715478709046
4014,0.0008229966926762001,-0.001363238585027634,-0.001363238585027634
4015,-0.0008922615995719499,-0.0013349278941766265,-0.0013349278941766265
4016,-0.000894607106698075,-0.001355971047423216,-0.001355971047423216
4017,-0.001687531637364975,-0.0013643692827485432,-0.0013643692827485432
4018,-0.0008168780736216249,-0.001366913628451593,-0.001366913628451593
4019,-0.000477356783999798,-0.0013311791160713071,-0.0013311791160713071
4020,-0.0011120433566692497,-0.0012388439290567466,-0.0012388439290567466
4021,-0.0013005521891997249,-0.0012713207770642802,-0.0012713207770642802
4022,-0.001423410748417425,-0.0014595148928274512,-0.0014595148928274512
4023,-0.0014978792402164003,-0.0011722007260995561,-0.0011722007260995561
4024,-0.0006945513060237767,-0.001358545297878029,-0.001358545297878029
4025,-0.0008269000582601501,-0.0015077790061603952,-0.0015077790061603952
4026,-0.0012300593811958001,-0.0010870386372642405,-0.0010870386372642405
4027,-0.00018250360730890007,-0.0014066877514464602,-0.0014066877514464602
4028,-0.0008937802135844499,-0.0014805350558210041,-0.0014805350558210041
4029,-0.000999321197385575,-0.0012520899549917264,-0.0012520899549917264
4030,-0.0012361986776352751,-0.0011184946474689257,-0.0011184946474689257
4031,-0.001091259253309025,-0.001305799304762525,-0.001305799304762525
4032,-0.0002489939750253,-0.0011669743233762295,-0.0011669743233762295
4033,-0.0007960802271444001,-0.0010289453028356015,-0.0010289453028356015
4034,-0.00015330497005335,-0.001491524372812359,-0.001491524372812359
4035,-0.002021591765159925,-0.0015277169848174706,-0.0015277169848174706
4036,-0.0010454825941455,-0.0013158294294599716,-0.0013158294294599716
4037,-0.0010691437217791502,-0.0014094756147430495,-0.0014094756147430495
4038,-0.00103786641233655,-0.001240393581338753,-0.001240393581338753
4039,-0.0007390432276745251,-0.001471251739632648,-0.001471251739632648
4040,-0.0003864460843423348,-0.001336438262168483,-0.001336438262168483
4041,-0.001535984046177025,-0.0014331074625464869,-0.0014331074625464869
4042,-0.0007120520038777249,-0.0012108358777604608,-0.0012108358777604608
4043,-0.001883310701712475,-0.0015091709780432152,-0.0015091709780432152
4044,-0.0007867327060591999,-0.0010968180682859054,-0.0010968180682859054
4045,-0.00062203053499725,-0.001418916925154137,-0.001418916925154137
4046,-0.0006432700029907499,-0.001226311314635112,-0.001226311314635112
4047,-0.00034343166302967505,-0.001269711482433851,-0.001269711482433851
4048,-0.00019463443677939998,-0.0013804951477378636,-0.0013804951477378636
4049,-0.001111459645858625,-0.0012562538709632158,-0.0012562538709632158
4050,-0.0014525846175754,-0.0015600474907867521,-0.0015600474907867521
4051,-0.000418063934312075,-0.0014033675262165827,-0.0014033675262165827
4052,-0.000686166663917925,-0.0012532411281237948,-0.0012532411281237948
4053,-0.0005353348429822751,-0.0014354937466316592,-0.0014354937466316592
4054,-0.001208455731155825,-0.001383699966231505,-0.001383699966231505
4055,-0.0005625075253466559,-0.0014360615553402072,-0.0014360615553402072
4056,-0.001303363228693525,-0.001427995008809713,-0.001427995008809713
4057,-0.0011333544235837,-0.001469044645315492,-0.001469044645315492
4058,-0.00031599498702585005,-0.001379381864617811,-0.001379381864617811
4059,-0.00041500567760550006,-0.0013871030376116978,-0.0013871030376116978
4060,-0.00128885499558435,-0.0014212498190024569,-0.0014212498190024569
4061,-0.001625999656110225,-0.0013073567565317777,-0.0013073567565317777
4062,-0.0009398482520469,-0.0014183457395083496,-0.0014183457395083496
4063,-0.000175410764364075,-0.0014776340728116825,-0.0014776340728116825
4064,-0.001348007225790525,-0.0014536206388308904,-0.0014536206388308904
4065,-0.000592293534226475,-0.001417037001462813,-0.001417037001462813
4066,-0.001053869951541875,-0.0012667694511434287,-0.0012667694511434287
4067,-0.000575271804747525,-0.0013344548215076966,-0.0013344548215076966
4068,-0.0006444939619838251,-0.0012959400485863404,-0.0012959400485863404
4069,-0.00049776475487035,-0.0012260546473188833,-0.0012260546473188833
4070,-5.1505597169455435e-05,-0.0011888873844677014,-0.0011888873844677014
4071,-0.0015163551309405748,-0.0013365361342622393,-0.0013365361342622393
4072,-0.000728532932143775,-0.001123630805867393,-0.001123630805867393
4073,-0.001416280823922475,-0.0013494575608525117,-0.0013494575608525117
4074,-0.0009270409461749249,-0.001321836252171304,-0.001321836252171304
4075,-0.0006718636361175098,-0.0012825915762107883,-0.0012825915762107883
4076,-0.001612294613314825,-0.00126745991810853,-0.00126745991810853
4077,-0.00117449307807575,-0.0013901549560114352,-0.0013901549560114352
4078,8.68627481219288e-05,-0.0012543223441111363,-0.0012543223441111363
4079,-0.00101986869001065,-0.0014767285417597832,-0.0014767285417597832
4080,-0.00102106412336715,-0.0011627687372270455,-0.0011627687372270455
4081,-0.000741138083174325,-0.0014666603068404466,-0.0014666603068404466
4082,-0.00021779642284655004,-0.0012141431350512746,-0.0012141431350512746
4083,-0.000978288458885,-0.0012157775464342188,-0.0012157775464342188
4084,-0.000834579963689875,-0.0012349432842029254,-0.0012349432842029254
4085,-0.00035103194147825004,-0.0013065475191283327,-0.0013065475191283327
4086,-0.001108889331150757,-0.001375301739639776,-0.001375301739639776
4087,-0.0008961379320244322,-0.001269113818113976,-0.001269113818113976
4088,-0.0007557063575962,-0.0012422274347474456,-0.0012422274347474456
4089,-0.001290722526706125,-0.0015154202056642358,-0.0015154202056642358
4090,-0.0005351814915700174,-0.0013636759469715534,-0.0013636759469715534
4091,-0.001646755172083675,-0.0014973293832114725,-0.0014973293832114725
4092,-0.00038682030570755005,-0.0012464074219003928,-0.0012464074219003928
4093,-0.0013093261644780499,-0.0012331662775040715,-0.0012331662775040715
4094,-0.0001583584473558449,-0.001561560542902913,-0.001561560542902913
4095,-0.0006204293708417673,-0.0011737712613360083,-0.0011737712613360083
4096,-0.001318502737484125,-0.0013643302390112795,-0.0013643302390112795
4097,-0.0008738773808124,-0.0012955777735967258,-0.0012955777735967258
4098,-0.0021556731968818002,-0.0015175839594944584,-0.0015175839594944584
4099,-0.001009322215291275,-0.0014506097382821917,-0.0014506097382821917
4100,-0.000846171835062,-0.0013809021644207678,-0.0013809021644207678
4101,-0.000583018128046075,-0.0013984820643141202,-0.0013984820643141202
4102,-0.0015572867282277502,-0.001333854944372042,-0.001333854944372042
4103,-0.0005844854771366098,-0.0011082632743559786,-0.0011082632743559786
4104,-0.0010146078630049007,-0.0012458097282140692,-0.0012458097282140692
4105,-0.0003811641060007,-0.0013310404457328492,-0.0013310404457328492
4106,-0.0003503587496005212,-0.0009344103965635024,-0.0009344103965635024
4107,-0.0009395002852617999,-0.001378974375637275,-0.001378974375637275
4108,-0.00021932020987260002,-0.0010230924832374715,-0.0010230924832374715
4109,-0.000624699014724125,-0.0014312627852315113,-0.0014312627852315113
4110,-0.00023465844712860004,-0.0013745067795328987,-0.0013745067795328987
4111,-0.0005001504730080499,-0.001074350989899464,-0.001074350989899464
4112,-0.0010999126228582,-0.0013664139200877741,-0.0013664139200877741
4113,-0.001218251145608125,-0.0012375215383171561,-0.0012375215383171561
4114,-0.0005022119799092,-0.0013583227596141452,-0.0013583227596141452
4115,-0.0007304695355269571,-0.0012246079928671955,-0.0012246079928671955
4116,-0.0012935964161794556,-0.0012146936458132483,-0.0012146936458132483
4117,-0.00092943141868165,-0.0012657514672916616,-0.0012657514672916616
4118,-0.000476021224107425,-0.001201813248697145,-0.001201813248697145
4119,-0.001387739929269044,-0.0011821546067598931,-0.0011821546067598931
4120,-0.00094938555704125,-0.0011884895817119005,-0.0011884895817119005
4121,-0.000608551245494375,-0.001389637394645764,-0.001389637394645764
4122,-0.000316631889281125,-0.0013299224352814182,-0.0013299224352814182
4123,-0.001169473464685275,-0.001385959094867902,-0.001385959094867902
4124,-4.220905781675017e-06,-0.0012218889586017867,-0.0012218889586017867
4125,-0.00110425972959605,-0.0013105630138409486,-0.0013105630138409486
4126,-0.0009557563993512668,-0.001298030349426412,-0.001298030349426412
4127,-0.0007836394170964,-0.0012824194206950488,-0.0012824194206950488
4128,-0.00129652780860495,-0.001395153252787907,-0.001395153252787907
4129,-0.001040716244509725,-0.0015220620911997626,-0.0015220620911997626
4130,-0.002667349980541375,-0.0015875471711625437,-0.0015875471711625437
4131,-0.0015383995167331866,-0.0013664022806309463,-0.0013664022806309463
4132,-0.000475303796504625,-0.001229439995884304,-0.001229439995884304
4133,-2.7269299926587485e-05,-0.0012835234647798053,-0.0012835234647798053
4134,-0.00135459937207575,-0.00147373475188537,-0.00147373475188537
4135,-0.001186951720944775,-0.001409473082177902,-0.001409473082177902
4136,-0.0011699216545711748,-0.001546894134622469,-0.001546894134622469
4137,-0.0013524203915262999,-0.0016224910234292021,-0.0016224910234292021
4138,-0.0008731416007906717,-0.0013639978059585686,-0.0013639978059585686
4139,-0.0008556717315648999,-0.0013269010892851406,-0.0013269010892851406
4140,-0.0008799638687811,-0.00148852286681284,-0.00148852286681284
4141,-0.000103570753489875,-0.001104003467731472,-0.001104003467731472
4142,-0.000460216156306275,-0.001210515272503439,-0.001210515272503439
4143,-0.00122935711007785,-0.0013530482472994992,-0.0013530482472994992
4144,-0.00010363462846260001,-0.0012195783350307486,-0.0012195783350307486
4145,-0.001061474123842275,-0.0012922001683121549,-0.0012922001683121549
4146,-0.0009924108890352395,-0.0013105142733360977,-0.0013105142733360977
4147,-0.000736772960083025,-0.001389962676301164,-0.001389962676301164
4148,-0.00036045511923400004,-0.0012131611400261412,-0.0012131611400261412
4149,-0.00013914383192015,-0.0013623872377906093,-0.0013623872377906093
4150,-0.0013900235781949,-0.0013577195836549903,-0.0013577195836549903
4151,-0.0011998793469789998,-0.0014310895341761894,-0.0014310895341761894
4152,-0.00175106426029145,-0.001424423342103555,-0.001424423342103555
4153,-0.000949358012490314,-0.0013588355338629804,-0.0013588355338629804
4154,-0.0015521414780529002,-0.0014609457581482494,-0.0014609457581482494
4155,-0.0010169118102424,-0.0013714779579766586,-0.0013714779579766586
4156,-0.0004904079872218751,-0.0012167420940088723,-0.0012167420940088723
4157,-0.0005060128705098439,-0.0014606980596719899,-0.0014606980596719899
4158,0.00011619896127317499,-0.0011704877523451885,-0.0011704877523451885
4159,-0.00042301098758009813,-0.0012684217093838056,-0.0012684217093838056
4160,-0.000964522376636975,-0.0014787833786711385,-0.0014787833786711385
4161,-0.00140352650777075,-0.0012476028565409155,-0.0012476028565409155
4162,-0.0009658347769791499,-0.0014474280707030198,-0.0014474280707030198
4163,-0.001435463719819825,-0.0015556202093040988,-0.0015556202093040988
4164,-0.0007208099695828499,-0.0013226701992260794,-0.0013226701992260794
4165,-0.0006034757418596751,-0.0013383820292219716,-0.0013383820292219716
4166,-0.0015216136794084748,-0.0013350878650156084,-0.0013350878650156084
4167,-0.000577743984724575,-0.0013705612587703352,-0.0013705612587703352
4168,-0.0004374834474908753,-0.0011695613390075668,-0.0011695613390075668
4169,-0.00086149356140945,-0.0013628334413527585,-0.0013628334413527585
4170,-0.000729687596320925,-0.0011538047477678709,-0.0011538047477678709
4171,-0.0010207677388892,-0.0012743074706136545,-0.0012743074706136545
4172,-0.001873486481725804,-0.0011493846544008296,-0.0011493846544008296
4173,-0.00029570452027945004,-0.0012795708353004601,-0.0012795708353004601
4174,0.00010732884448752506,-0.0013596719063332166,-0.0013596719063332166
4175,-0.0006565543526661499,-0.001324288835449226,-0.001324288835449226
4176,-0.0010650831183028,-0.0012173091307421011,-0.0012173091307421011
4177,-0.0006427131173856249,-0.0013481253633694334,-0.0013481253633694334
4178,-0.001350772840721725,-0.001473735681640995,-0.001473735681640995
4179,-0.001114694864483425,-0.0014318516695594895,-0.0014318516695594895
4180,-0.00029975933648515,-0.0013390470445155925,-0.0013390470445155925
4181,-0.0007611876512596499,-0.001090003846732285,-0.001090003846732285
4182,-0.0010915330345376,-0.0014792481204281998,-0.0014792481204281998
4183,-0.001392721160231175,-0.0013274180323172972,-0.0013274180323172972
4184,-0.0007746991740401751,-0.0012627066894449865,-0.0012627066894449865
4185,-0.0013608779528031,-0.0011859150136613059,-0.0011859150136613059
4186,-0.001136700292590725,-0.0013256876266752257,-0.0013256876266752257
4187,-0.0014418686238651499,-0.0014659260264747072,-0.0014659260264747072
4188,-0.0004913999553936349,-0.00132648084395599,-0.00132648084395599
4189,-0.0011190092888655001,-0.0014762154150845554,-0.0014762154150845554
4190,-0.000798209354931375,-0.0013153483895591458,-0.0013153483895591458
4191,-0.0006140099360860251,-0.0014551013404435543,-0.0014551013404435543
4192,-0.000568375288566375,-0.0014875533295332748,-0.0014875533295332748
4193,0.000206484552310925,-0.0014077846833788113,-0.0014077846833788113
4194,-0.0012084977192773,-0.001317159474113604,-0.001317159474113604
4195,-0.00179744139446305,-0.001313042109478053,-0.001313042109478053
4196,-0.00028372755091089996,-0.0014426247739662737,-0.0014426247739662737
4197,-0.001147946745827025,-0.0013997627320422013,-0.0013997627320422013
4198,-0.0010533951062892102,-0.001225288688735608,-0.001225288688735608
4199,-0.0006619541697752,-0.0014121739538065876,-0.0014121739538065876
4200,-0.00035693142011395,-0.0011416552852656766,-0.0011416552852656766
4201,-0.0005967732301988501,-0.0011193465323445727,-0.0011193465323445727
4202,-0.001054992674939575,-0.001392072585440532,-0.001392072585440532
4203,-0.0009160932615215,-0.0012861603050372292,-0.0012861603050372292
4204,-0.0001969571116991,-0.0013467967806749844,-0.0013467967806749844
4205,-0.001002520255023725,-0.0014562613185049285,-0.0014562613185049285
4206,-0.0002726581911625446,-0.001278824259526183,-0.001278824259526183
4207,-0.00079576507499625,-0.00133296508548226,-0.00133296508548226
4208,0.00015071200258825,-0.0011377802140082865,-0.0011377802140082865
4209,-0.0010579415180962,-0.0012807487223464571,-0.0012807487223464571
4210,-0.0007217029759439501,-0.001457904571099289,-0.001457904571099289
4211,-0.001039636098111975,-0.0013711357993965094,-0.0013711357993965094
4212,-0.0012410538452367749,-0.0014141171109359298,-0.0014141171109359298
4213,-0.0007353079216009251,-0.001445029890843122,-0.001445029890843122
4214,-0.0001599213404571,-0.0012998322206057588,-0.0012998322206057588
4215,-0.001258321014258751,-0.0014061927852991461,-0.0014061927852991461
4216,-0.00194851527012215,-0.0012524659767911052,-0.0012524659767911052
4217,-0.000955330768246325,-0.0015337839047946192,-0.0015337839047946192
4218,-0.001390922803719325,-0.0015212598530927408,-0.0015212598530927408
4219,-0.00039678207469605,-0.0013141143817879863,-0.0013141143817879863
4220,-0.0016980991178284,-0.0014128365423486634,-0.0014128365423486634
4221,-0.001265079412036925,-0.0012858010523521689,-0.0012858010523521689
4222,-0.00076715124633115,-0.0011952248771457499,-0.0011952248771457499
4223,-0.00023972607672395003,-0.0009743560342313926,-0.0009743560342313926
4224,-0.00129031299283765,-0.0012841918135745865,-0.0012841918135745865
4225,-0.0011693981893969,-0.001366982285053207,-0.001366982285053207
4226,-0.00172812799451735,-0.0015816008663729795,-0.0015816008663729795
4227,5.431703983762502e-05,-0.0011746754428374358,-0.0011746754428374358
4228,-0.001156322425042425,-0.001446567732797906,-0.001446567732797906
4229,-0.000689039210817175,-0.0014893784548093223,-0.0014893784548093223
4230,-0.001043043972236925,-0.0013675097012987316,-0.0013675097012987316
4231,-0.0002690098536263869,-0.0014464866772038848,-0.0014464866772038848
4232,-0.0004398808467476778,-0.0013309802953084535,-0.0013309802953084535
4233,-0.000941960124995243,-0.0011621560271791666,-0.0011621560271791666
4234,-0.0005308489760683677,-0.0013806957986319003,-0.0013806957986319003
4235,-0.0009824899099422444,-0.0012840415561189496,-0.0012840415561189496
4236,-0.0011398798099306001,-0.00143684879466436,-0.00143684879466436
4237,-0.0006560020394633,-0.0013308585914657402,-0.0013308585914657402
4238,-0.000546741778349275,-0.0015566286849145422,-0.0015566286849145422
4239,-0.00015014134489079999,-0.0014781810518840804,-0.0014781810518840804
4240,-0.0009415780875418,-0.0013946257342125163,-0.0013946257342125163
4241,-0.0012669695471169999,-0.0012218224432424206,-0.0012218224432424206
4242,-0.0010452770114339,-0.0015712100337477543,-0.0015712100337477543
4243,-0.000830955303241525,-0.0012808003315004561,-0.0012808003315004561
4244,-0.0008357443231767001,-0.0013462086825630074,-0.0013462086825630074
4245,-0.001579313412846775,-0.0013583077963352599,-0.0013583077963352599
4246,-0.000502691167189725,-0.0011767167838534526,-0.0011767167838534526
4247,-0.002275194253757325,-0.001518686586392543,-0.001518686586392543
4248,-0.0006966516834925249,-0.0011447826739981993,-0.0011447826739981993
4249,-0.0013173722329621249,-0.0014313929167593907,-0.0014313929167593907
4250,-0.000989546837749575,-0.0014894432444188855,-0.0014894432444188855
4251,-0.00120536827538605,-0.0011977788588787772,-0.0011977788588787772
4252,-0.0006333760245089212,-0.0016147770607552482,-0.0016147770607552482
4253,4.025573859224997e-05,-0.0014520444435998105,-0.0014520444435998105
4254,5.227207313879999e-05,-0.001471808221938799,-0.001471808221938799
4255,-0.00042359816589560007,-0.0012400440468413863,-0.0012400440468413863
4256,-0.0012389404681090249,-0.0014023401186679773,-0.0014023401186679773
4257,-0.001323531010320425,-0.0013242802705679356,-0.0013242802705679356
4258,-0.0007849087449473501,-0.001377826236814404,-0.001377826236814404
4259,-0.0012378554412754,-0.0011679137733292906,-0.0011679137733292906
4260,-0.0004856972627830075,-0.0013925322927306669,-0.0013925322927306669
4261,-0.0008420123387564251,-0.001350934163604702,-0.001350934163604702
4262,-0.001963647456793125,-0.0015912660020967213,-0.0015912660020967213
4263,-0.0016347920173879998,-0.0014132146723401851,-0.0014132146723401851
4264,-0.001752992975600925,-0.001184800940667922,-0.001184800940667922
4265,-0.0013565603620161759,-0.0014656032509508185,-0.0014656032509508185
4266,-0.0006290209778251576,-0.0014114904985399153,-0.0014114904985399153
4267,-0.001055506890674525,-0.0012996741453536389,-0.0012996741453536389
4268,-0.000181592901958525,-0.001230100601912532,-0.001230100601912532
4269,-0.0017590788402783001,-0.0013259587626272148,-0.0013259587626272148
4270,-0.0003117335918358569,-0.0011836149467068483,-0.0011836149467068483
4271,-0.00062090420018505,-0.001360718847495089,-0.001360718847495089
4272,-0.00014761255306527498,-0.001333184104126951,-0.001333184104126951
4273,-0.0002080471587573,-0.0012254838358148005,-0.0012254838358148005
4274,-0.00048378534622022505,-0.0010832264839014348,-0.0010832264839014348
4275,-0.000747810319909725,-0.001370312367287973,-0.001370312367287973
4276,-0.0013202220474393502,-0.0015589398978046976,-0.0015589398978046976
4277,-0.0015137231280489502,-0.001546886017384853,-0.001546886017384853
4278,-0.001047198193852525,-0.0013225651185259603,-0.0013225651185259603
4279,-0.000845756077706025,-0.0013709157660616205,-0.0013709157660616205
4280,-0.0016248435153895,-0.0014359048957388423,-0.0014359048957388423
4281,-0.0011250422199282,-0.0015542396960301396,-0.0015542396960301396
4282,-0.00053560914560255,-0.0013180421268819537,-0.0013180421268819537
4283,2.198995934874996e-05,-0.0011964652137871896,-0.0011964652137871896
4284,-0.0011621377039679,-0.0014513582837950983,-0.0014513582837950983
4285,-0.0017985719315618252,-0.0012767629415524507,-0.0012767629415524507
4286,-0.000457730267130975,-0.0014014655061671164,-0.0014014655061671164
4287,-0.0005178172293693,-0.001080632363162331,-0.001080632363162331
4288,-0.001878483745603875,-0.0013442477508422274,-0.0013442477508422274
4289,-0.0010503819606375749,-0.0013683945496896662,-0.0013683945496896662
4290,-0.001143454112087625,-0.0014295317354727462,-0.0014295317354727462
4291,-0.000957318336224625,-0.00139615046510459,-0.00139615046510459
4292,-0.0004845113201105869,-0.001352930565117332,-0.001352930565117332
4293,0.00012723600923397502,-0.0010263752782819612,-0.0010263752782819612
4294,-0.00022027772410699995,-0.0012898211536143248,-0.0012898211536143248
4295,-0.000625053446556375,-0.0013151599707336972,-0.0013151599707336972
4296,-0.0008447668600454249,-0.0014121711674442744,-0.0014121711674442744
4297,-0.000719187744700075,-0.0012354651965765613,-0.0012354651965765613
4298,-0.00068692564716805,-0.001279746485291471,-0.001279746485291471
4299,-0.00063373792533745,-0.0016282297936424644,-0.0016282297936424644
4300,-0.0007302408490762751,-0.001358200443117766,-0.001358200443117766
4301,-0.001205918815533825,-0.0013955824536850015,-0.0013955824536850015
4302,-0.0008170791625458,-0.0011785201202764216,-0.0011785201202764216
4303,-0.0008051345437141,-0.0011652295881656445,-0.0011652295881656445
4304,-0.0013933438930198,-0.001156254611979324,-0.001156254611979324
4305,-0.00115677953709275,-0.0012470052494698025,-0.0012470052494698025
4306,-0.000711369767856375,-0.001375732526380176,-0.001375732526380176
4307,-0.000668736469546775,-0.001365767674231805,-0.001365767674231805
4308,-0.00208354198755245,-0.0013645439729034594,-0.0013645439729034594
4309,-0.00117215853297185,-0.0013885126761762605,-0.0013885126761762605
4310,-0.00123760334441165,-0.001401318442693876,-0.001401318442693876
4311,-0.001348473564310325,-0.0013025666672230635,-0.0013025666672230635
4312,-0.0006780822945913003,-0.001357500763526818,-0.001357500763526818
4313,-0.0015632640682309,-0.001425603542525195,-0.001425603542525195
4314,-0.00163715697201895,-0.0014121241424466361,-0.0014121241424466361
4315,-0.000517872720909325,-0.001181265444504033,-0.001181265444504033
4316,-0.000552232507223325,-0.0012345253080105762,-0.0012345253080105762
4317,-0.00118706687155815,-0.001342659529934571,-0.001342659529934571
4318,-0.0008464843727992925,-0.0014218243483609609,-0.0014218243483609609
4319,-0.001121477587002175,-0.0011767934756075694,-0.0011767934756075694
4320,-0.000321944271429225,-0.0013205009157178677,-0.0013205009157178677
4321,-0.0015589657733684,-0.0012329670938435102,-0.0012329670938435102
4322,-0.00033913134915822507,-0.0014035320486861997,-0.0014035320486861997
4323,-0.00152835987358085,-0.0014908925497490908,-0.0014908925497490908
4324,-0.00015299195837927497,-0.0012029033013814068,-0.0012029033013814068
4325,-0.00047128758548880005,-0.001280807668933367,-0.001280807668933367
4326,-0.0025220524061530755,-0.0013676351733964709,-0.0013676351733964709
4327,-0.000729616701511375,-0.0013148874895628963,-0.0013148874895628963
4328,-0.0006707035238738999,-0.001157124858057522,-0.001157124858057522
4329,-0.001934049838275125,-0.0016223956606997369,-0.0016223956606997369
4330,-0.0007847808420718,-0.0012144912472677922,-0.0012144912472677922
4331,-0.00016097956320154996,-0.0016163387448337784,-0.0016163387448337784
4332,-0.000719483689678075,-0.0011549157783666264,-0.0011549157783666264
4333,-0.0004892646921496193,-0.001432991394676525,-0.001432991394676525
4334,-0.0015906381721533503,-0.001329701690401166,-0.001329701690401166
4335,-0.000715660093192275,-0.0014239462387512119,-0.0014239462387512119
4336,-0.0001476151333053,-0.0014753752845181422,-0.0014753752845181422
4337,-0.0012979290494686498,-0.0011976015500738163,-0.0011976015500738163
4338,-0.0007295979159336,-0.001219307596340376,-0.001219307596340376
4339,-0.0015418826777184752,-0.0013566825760780886,-0.0013566825760780886
4340,-0.000497967585364375,-0.0012188329441275745,-0.0012188329441275745
4341,-0.000632138405768525,-0.0014073210749716192,-0.0014073210749716192
4342,-0.001528289342442025,-0.0011844469580893449,-0.0011844469580893449
4343,-0.001410399119698925,-0.0012834228409901863,-0.0012834228409901863
4344,-0.0015001405435298,-0.0012128842253056491,-0.0012128842253056491
4345,-0.001690486362081725,-0.0015064047452290582,-0.0015064047452290582
4346,-0.00038505192345917493,-0.001201077975396654,-0.001201077975396654
4347,-0.0006288234265219,-0.0013379877132353678,-0.0013379877132353678
4348,-0.0012457916114158752,-0.001196463558412559,-0.001196463558412559
4349,-0.000547582809876775,-0.0013143648213972854,-0.0013143648213972854
4350,-0.0013285004162630729,-0.0015619248486196072,-0.0015619248486196072
4351,-0.0013454505877352509,-0.001171066245131473,-0.001171066245131473
4352,-0.00056874827746585,-0.00140264011441267,-0.00140264011441267
4353,-0.0008029274122007999,-0.0012399291795641932,-0.0012399291795641932
4354,-0.0004095802530082964,-0.0015195804336109774,-0.0015195804336109774
4355,-0.001204624970176175,-0.0012344453051654706,-0.0012344453051654706
4356,-0.000678704658029925,-0.0013623644081231978,-0.0013623644081231978
4357,0.0002616182723002,-0.0011336201402901336,-0.0011336201402901336
4358,-0.00045276992120512504,-0.0012540708902544324,-0.0012540708902544324
4359,-0.001133293294274225,-0.001384433458124302,-0.001384433458124302
4360,-0.0004720857555652869,-0.0013877051723816484,-0.0013877051723816484
4361,-0.00123391477412375,-0.0015461038347086779,-0.0015461038347086779
4362,-0.0015340087661063501,-0.0015107321815696396,-0.0015107321815696396
4363,-0.00048556349961460007,-0.0012320647016991293,-0.0012320647016991293
4364,-3.4892042740675e-05,-0.0014246388060008871,-0.0014246388060008871
4365,-0.000997668826130275,-0.0014013776683149857,-0.0014013776683149857
4366,-0.0014425395269606007,-0.0013946717478711343,-0.0013946717478711343
4367,-0.0008757060462950501,-0.0013192830777548588,-0.0013192830777548588
4368,-0.0008485692290186751,-0.0015755372910334518,-0.0015755372910334518
4369,-0.00137512435090885,-0.0012571502093585562,-0.0012571502093585562
4370,-0.0011549825723959,-0.0012801979311194893,-0.0012801979311194893
4371,-0.000654895870761675,-0.0014374861243896815,-0.0014374861243896815
4372,-0.0010614872964306251,-0.0010190182551266232,-0.0010190182551266232
4373,-8.490362627670004e-05,-0.001162815799258283,-0.001162815799258283
4374,-0.0005972457289592,-0.0015144467560267016,-0.0015144467560267016
4375,-0.000725047959667475,-0.0014456543728588477,-0.0014456543728588477
4376,-0.0005920865467005,-0.0012068864459698972,-0.0012068864459698972
4377,-0.001932951349002875,-0.0015602280751276158,-0.0015602280751276158
4378,-0.0005533852330355077,-0.0013151623700101492,-0.0013151623700101492
4379,-0.0012210473560786,-0.001469497791646122,-0.001469497791646122
4380,-0.0009006478676287751,-0.0013174078317782147,-0.0013174078317782147
4381,-0.000605550690559775,-0.0012925528553289808,-0.0012925528553289808
4382,-0.001023040417487475,-0.0013558364430858937,-0.0013558364430858937
4383,-0.00096301223600135,-0.0014107112370329643,-0.0014107112370329643
4384,-0.001066885751746575,-0.001287843620962993,-0.001287843620962993
4385,-0.0005625225164617251,-0.0011062198966666492,-0.0011062198966666492
4386,-0.00023333164263227512,-0.001304529295411201,-0.001304529295411201
4387,-0.0018379024699199749,-0.001375629869600176,-0.001375629869600176
4388,-0.000707297441727598,-0.0012617289047388805,-0.0012617289047388805
4389,-0.0008009164552998185,-0.0011887335021551085,-0.0011887335021551085
4390,-0.001526115847078975,-0.001276873954775969,-0.001276873954775969
4391,-0.0006483577637640079,-0.0013717699053819525,-0.0013717699053819525
4392,-0.001859001560594025,-0.0012103388878669844,-0.0012103388878669844
4393,-0.000710764223197,-0.0013424821594031776,-0.0013424821594031776
4394,-0.00018941876416379068,-0.0012545924999703881,-0.0012545924999703881
4395,-0.00054837151621175,-0.0014682496695996943,-0.0014682496695996943
4396,-0.0005303176871722,-0.0014533627170580873,-0.0014533627170580873
4397,-0.00033801065113540755,-0.0013912316721060866,-0.0013912316721060866
4398,-0.0019297337885171998,-0.0015208292277774879,-0.0015208292277774879
4399,-0.000630306852599425,-0.0013458821906139192,-0.0013458821906139192
4400,-0.00236919785683635,-0.0015672035571567123,-0.0015672035571567123
4401,-0.0006754177559191501,-0.0014775763458933769,-0.0014775763458933769
4402,-0.000990744981897325,-0.001295874421180229,-0.001295874421180229
4403,-0.0006473550643042499,-0.0014825179776682478,-0.0014825179776682478
4404,-0.001392921429736975,-0.0016392395247001655,-0.0016392395247001655
4405,-0.001385527447023375,-0.0013112993336647208,-0.0013112993336647208
4406,-0.0006638566467126001,-0.0012935594452137581,-0.0012935594452137581
4407,-0.0007623189290994023,-0.0011777823433420495,-0.0011777823433420495
4408,-0.0002860552647371,-0.0013721496294868789,-0.0013721496294868789
4409,-0.00065527703067145,-0.0013018807122879984,-0.0013018807122879984
4410,-0.00096846890677985,-0.001254458132850858,-0.001254458132850858
4411,0.000229794693742225,-0.0014061770502762495,-0.0014061770502762495
4412,-0.0005342898231271903,-0.0013229261679076488,-0.0013229261679076488
4413,-0.0015674675624992001,-0.0013931737949484406,-0.0013931737949484406
4414,-0.00034570503071697494,-0.0014300383316951262,-0.0014300383316951262
4415,-0.000718997236470975,-0.001425947967667973,-0.001425947967667973
4416,-0.0017579634101908,-0.0013379819733823008,-0.0013379819733823008
4417,-0.001091143703149572,-0.0012662722766810296,-0.0012662722766810296
4418,-0.00037356657876254996,-0.0011718627322104959,-0.0011718627322104959
4419,-0.0009556289900717403,-0.0013964524903461834,-0.0013964524903461834
4420,-0.00012163629456095001,-0.0012754863609114057,-0.0012754863609114057
4421,-0.0008177342053064249,-0.0011402199685968657,-0.0011402199685968657
4422,-0.00024971186461005,-0.0014191849620620966,-0.0014191849620620966
4423,-0.0008755366123369287,-0.0013160587561000356,-0.0013160587561000356
4424,9.103686393747493e-05,-0.0013894899835784722,-0.0013894899835784722
4425,-0.000405327927788,-0.0012105498432388425,-0.0012105498432388425
4426,-0.001232471714114675,-0.0012010031497990863,-0.0012010031497990863
4427,-0.002029527503662275,-0.001382338715214717,-0.001382338715214717
4428,-0.00098058512023355,-0.0011567302639796913,-0.0011567302639796913
4429,-0.00100228704582505,-0.001257674029546456,-0.001257674029546456
4430,-0.0004033004349923249,-0.001358008179443885,-0.001358008179443885
4431,-0.002181178984467575,-0.0015032259632723527,-0.0015032259632723527
4432,-0.0007450897372800737,-0.0015368343579666944,-0.0015368343579666944
4433,-0.000979216886176475,-0.0016136631879119976,-0.0016136631879119976
4434,-0.001012444272083325,-0.0014688854414116282,-0.0014688854414116282
4435,-0.0017530025671502751,-0.0013240597309720293,-0.0013240597309720293
4436,-0.00109720661466405,-0.0013780247626777444,-0.0013780247626777444
4437,-0.00094010684275915,-0.0015181741690213245,-0.0015181741690213245
4438,-0.000729270375620525,-0.0016881196277630805,-0.0016881196277630805
4439,-0.001411586377343575,-0.0013673590339916611,-0.0013673590339916611
4440,-9.390588784320003e-05,-0.0013042282087587528,-0.0013042282087587528
4441,-0.000831106122472975,-0.001584368276721483,-0.001584368276721483
4442,-0.000287325437814725,-0.0010771098860078408,-0.0010771098860078408
4443,-0.0019741242494232753,-0.001295250145101314,-0.001295250145101314
4444,-0.00055449134959325,-0.0013783110337108957,-0.0013783110337108957
4445,-0.0009554290461974001,-0.0013934371390233434,-0.0013934371390233434
4446,-0.0004985137941115249,-0.001547254920586597,-0.001547254920586597
4447,-0.000782524171485975,-0.0013587238657632396,-0.0013587238657632396
4448,-0.0006223977307025954,-0.0011927165264952254,-0.0011927165264952254
4449,-0.0019248311450860997,-0.0012872701332182798,-0.0012872701332182798
4450,-0.00074319436978505,-0.001330699039466185,-0.001330699039466185
4451,-0.000593128407929625,-0.0014278141384636834,-0.0014278141384636834
4452,-0.001040296621122075,-0.0011806149445552922,-0.0011806149445552922
4453,-0.001075049020057225,-0.0014211181166613662,-0.0014211181166613662
4454,-0.0009159680504473749,-0.0013426444320093981,-0.0013426444320093981
4455,-0.00068363820337995,-0.0014500477346075212,-0.0014500477346075212
4456,-0.0007871707384828749,-0.0011374024054964312,-0.0011374024054964312
4457,-0.0003869079563437554,-0.0012579648954523207,-0.0012579648954523207
4458,-0.000650737095877625,-0.0013814478925188755,-0.0013814478925188755
4459,-0.000438390600628825,-0.0015111784928361891,-0.0015111784928361891
4460,-0.001657278000514775,-0.0013867348727135515,-0.0013867348727135515
4461,-0.00017982044830745,-0.0011720704174978315,-0.0011720704174978315
4462,-0.00030399846643230005,-0.0013609865475773142,-0.0013609865475773142
4463,-0.00151964827312655,-0.0013103634439429964,-0.0013103634439429964
4464,-0.00028813105847258865,-0.0011345640546550366,-0.0011345640546550366
4465,-0.0007840035956049704,-0.0014166416792729885,-0.0014166416792729885
4466,-0.0016783068017512002,-0.0013290914487807234,-0.0013290914487807234
4467,0.00020386134954727497,-0.0010981745167315024,-0.0010981745167315024
4468,-0.0008005435309852,-0.0015133462277791214,-0.0015133462277791214
4469,-0.0010828504265206751,-0.0014477357729485458,-0.0014477357729485458
4470,-0.0011734082512352,-0.0012288515307431543,-0.0012288515307431543
4471,-0.0009431119045317999,-0.001199010162798899,-0.001199010162798899
4472,-0.000849031473910275,-0.0011799249022299485,-0.0011799249022299485
4473,-0.0006344475478740501,-0.0013059177276550438,-0.0013059177276550438
4474,-0.000601670358489925,-0.0015360422510350914,-0.0015360422510350914
4475,-0.00187208374434985,-0.001501315203350777,-0.001501315203350777
4476,-0.0011393875982263228,-0.001265358605615652,-0.001265358605615652
4477,-0.000463005521837125,-0.0012338958351524906,-0.0012338958351524906
4478,-0.001051861708923775,-0.001135066184180003,-0.001135066184180003
4479,-0.0008359315940483751,-0.0011465142992480226,-0.0011465142992480226
4480,-0.00015214476872950009,-0.0013854480284308532,-0.0013854480284308532
4481,-0.00069763556089415,-0.0013836207653940683,-0.0013836207653940683
4482,-0.0005891497169068,-0.0015249259342964374,-0.0015249259342964374
4483,-0.0006828616630090871,-0.0014525201081591612,-0.0014525201081591612
4484,-0.0018515628354502482,-0.0013823170555561331,-0.0013823170555561331
4485,-0.001344361544871025,-0.001241803349550174,-0.001241803349550174
4486,-0.00018876004839212665,-0.0012573162166323818,-0.0012573162166323818
4487,-0.000662090274676375,-0.0012262227968085591,-0.0012262227968085591
4488,0.0001206216733075749,-0.0014204154210973395,-0.0014204154210973395
4489,-0.000355327622794075,-0.001420487284829058,-0.001420487284829058
4490,-0.002239795261702975,-0.001447649572942946,-0.001447649572942946
4491,-0.001182935354499375,-0.0010990379620825586,-0.0010990379620825586
4492,-0.000750208740151875,-0.0012779905969539963,-0.0012779905969539963
4493,-0.0006384993564067,-0.0012409207533332866,-0.0012409207533332866
4494,-0.00080052375079025,-0.0013593070555801934,-0.0013593070555801934
4495,-0.0013175830335917,-0.0013328901637164228,-0.0013328901637164228
4496,-0.001801425749298175,-0.001254829324045425,-0.001254829324045425
4497,-0.0011632327072660501,-0.0013086732988003473,-0.0013086732988003473
4498,-0.00142179261813185,-0.0015005603313084832,-0.0015005603313084832
4499,-0.000876819118865625,-0.0014330655532104448,-0.0014330655532104448
4500,-0.0007721807830206249,-0.0015970764246280218,-0.0015970764246280218
4501,-0.002412448372296475,-0.0011995724095229397,-0.0011995724095229397
4502,-0.0007709620190047249,-0.0013472627770626962,-0.0013472627770626962
4503,0.0006843352816114001,-0.001161180405193432,-0.001161180405193432
4504,-0.000930874307105,-0.0013053865800380497,-0.0013053865800380497
4505,-0.0010904408992253826,-0.0013557444832946939,-0.0013557444832946939
4506,-0.00043332698079175,-0.001314872737372255,-0.001314872737372255
4507,-0.00206667717208245,-0.0015094779354097563,-0.0015094779354097563
4508,-0.001663499430013325,-0.00140171838444551,-0.00140171838444551
4509,-0.000903899575230925,-0.0012662540207410802,-0.0012662540207410802
4510,-0.001109743527872875,-0.0012189905797116232,-0.0012189905797116232
4511,-0.0017077827017379248,-0.0013194838616737699,-0.0013194838616737699
4512,-0.0016540797466135751,-0.0013752283753668652,-0.0013752283753668652
4513,-0.0010876340746203252,-0.0014887144231035506,-0.0014887144231035506
4514,-0.001050115629260525,-0.001370948745256542,-0.001370948745256542
4515,-0.0011475469134542263,-0.0013561838440097592,-0.0013561838440097592
4516,-0.001328674145426914,-0.001343618825765721,-0.001343618825765721
4517,-0.001033823183876775,-0.001083262248453587,-0.001083262248453587
4518,-0.001188234047057975,-0.0012218293947195882,-0.0012218293947195882
4519,0.0003355854894004501,-0.00122594425405339,-0.00122594425405339
4520,-0.0007877140671996751,-0.0013394704632448949,-0.0013394704632448949
4521,-0.0008552702244808751,-0.0013530982128881453,-0.0013530982128881453
4522,-0.001495847076086475,-0.0014678891675814266,-0.0014678891675814266
4523,-0.0012932702328522251,-0.001612931110341309,-0.001612931110341309
4524,-0.0013286896688801,-0.0014837345959468748,-0.0014837345959468748
4525,-0.0012733634538641275,-0.0012292385507148675,-0.0012292385507148675
4526,-0.0008564435304228556,-0.0013844443629900474,-0.0013844443629900474
4527,-0.00140478443851765,-0.0013391543852617753,-0.0013391543852617753
4528,-0.001371878784781525,-0.001303297648388117,-0.001303297648388117
4529,-0.001144950431490275,-0.0014305503787797817,-0.0014305503787797817
4530,-0.0010632560113973174,-0.0012512569839268465,-0.0012512569839268465
4531,-0.001176465458030525,-0.0013201833851456386,-0.0013201833851456386
4532,-0.000762989428176525,-0.0013774259038492026,-0.0013774259038492026
4533,-0.0009281489737505749,-0.0013624432435187356,-0.0013624432435187356
4534,-0.00065586121211955,-0.001493068312118833,-0.001493068312118833
4535,-0.00069267403742485,-0.0011171198327159498,-0.0011171198327159498
4536,-0.0002064903323603501,-0.0011657930332839347,-0.0011657930332839347
4537,-0.00114624626183735,-0.0012433805331326325,-0.0012433805331326325
4538,-0.00019630539258760001,-0.0013100410989112868,-0.0013100410989112868
4539,-0.001156617212836625,-0.0015189167169648485,-0.0015189167169648485
4540,-0.00019509703809752498,-0.0011493219288969056,-0.0011493219288969056
4541,-0.00016826504335140001,-0.0011959395874336259,-0.0011959395874336259
4542,-0.0014572006993239998,-0.0016130503459781777,-0.0016130503459781777
4543,-0.0006040527758785,-0.00128807401306887,-0.00128807401306887
4544,-0.00035465112455975,-0.0011194675760120203,-0.0011194675760120203
4545,-0.00041376487542618115,-0.00137050498620687,-0.00137050498620687
4546,-0.00094103088200775,-0.0013282261640313196,-0.0013282261640313196
4547,-0.00029093500038717497,-0.0015940272185110793,-0.0015940272185110793
4548,-0.00106953836518395,-0.0012771484008535785,-0.0012771484008535785
4549,-0.0015275934709194998,-0.0014205341997306784,-0.0014205341997306784
4550,-0.0015826660109411251,-0.0013778325384879472,-0.0013778325384879472
4551,-0.00053805868092505,-0.00114905030104003,-0.00114905030104003
4552,-0.00196722522866205,-0.0014478505860845618,-0.0014478505860845618
4553,-0.0008992306319640943,-0.001360790546374755,-0.001360790546374755
4554,-0.0009884971688070348,-0.0011501888968156362,-0.0011501888968156362
4555,-0.0008863038823344768,-0.0014839176117671079,-0.0014839176117671079
4556,-0.0012023971533020252,-0.0016202089175344193,-0.0016202089175344193
4557,-0.0005446022306442001,-0.0011099766442728657,-0.0011099766442728657
4558,-0.0010652343648333167,-0.001356859902095554,-0.001356859902095554
4559,-0.0002982906114371738,-0.0013392431916163681,-0.0013392431916163681
4560,-0.000724175311037875,-0.0015074576300329941,-0.0015074576300329941
4561,-0.001183620013533025,-0.001296386500721653,-0.001296386500721653
4562,-0.00040597708129495,-0.0012418694576176862,-0.0012418694576176862
4563,1.691663036292501e-05,-0.0012013179536363608,-0.0012013179536363608
4564,-0.0002112133195067,-0.0009530055976031808,-0.0009530055976031808
4565,-0.0008837422110942,-0.0015210311400200378,-0.0015210311400200378
4566,-0.001134185407464475,-0.0010587064937279966,-0.0010587064937279966
4567,-0.0014467155490229249,-0.0013408569874382298,-0.0013408569874382298
4568,-0.0007399273725038,-0.0013976137829395394,-0.0013976137829395394
4569,-0.0013354358211317753,-0.001549905836792188,-0.001549905836792188
4570,-0.0005411752679348528,-0.001381182849766737,-0.001381182849766737
4571,-0.001138084160410225,-0.00132282244036461,-0.00132282244036461
4572,-0.0005835550405340528,-0.0013097381901727408,-0.0013097381901727408
4573,-0.00081729270523165,-0.0012677605026201989,-0.0012677605026201989
4574,-0.000977040803510875,-0.0013214153657580023,-0.0013214153657580023
4575,-0.0008035558791561,-0.001397128670790466,-0.001397128670790466
4576,-0.0010414731573462751,-0.001244301507781903,-0.001244301507781903
4577,-0.0015538444999214,-0.0014609071744360886,-0.0014609071744360886
4578,-0.0019315896280689253,-0.0014091643980962383,-0.0014091643980962383
4579,-0.00125814842944205,-0.001211558407477737,-0.001211558407477737
4580,-0.000901986657643775,-0.001348025506775669,-0.001348025506775669
4581,-0.0004676979924486954,-0.0014192101019218253,-0.0014192101019218253
4582,-0.001511255873995825,-0.0014507733878072306,-0.0014507733878072306
4583,-0.0006429676970131751,-0.0013608774565745502,-0.0013608774565745502
4584,-0.001248507083973725,-0.0014937931282458278,-0.0014937931282458278
4585,-0.0010430598031639499,-0.0013051844566611983,-0.0013051844566611983
4586,-0.001125552195070375,-0.001443019832396268,-0.001443019832396268
4587,-0.00131529916328795,-0.0015282534249449885,-0.0015282534249449885
4588,-0.00048264751182669995,-0.0011411789238608223,-0.0011411789238608223
4589,-0.0006734030125909,-0.001594230876893347,-0.001594230876893347
4590,-0.0011909118707391752,-0.001356378445235877,-0.001356378445235877
4591,-0.00043975956526417506,-0.0014541285745394495,-0.0014541285745394495
4592,-0.0008755782066118001,-0.0013943856990442946,-0.0013943856990442946
4593,-0.0012161950468539998,-0.0013637460208325157,-0.0013637460208325157
4594,-0.000983015073678925,-0.0014644472836128442,-0.0014644472836128442
4595,-0.0008063741478239499,-0.001326525664871882,-0.001326525664871882
4596,-0.00026023668358097503,-0.0012641287295665116,-0.0012641287295665116
4597,-0.00032288319311545,-0.0013817191949993658,-0.0013817191949993658
4598,-0.00097765166696865,-0.0013034153953842753,-0.0013034153953842753
4599,-0.0006476727147637326,-0.0014659121363260043,-0.0014659121363260043
4600,-0.00040560353472547493,-0.0013014800317398263,-0.0013014800317398263
4601,-0.001395918760944025,-0.0014297637586927823,-0.0014297637586927823
4602,-0.00024966393651265,-0.0014648019557791212,-0.0014648019557791212
4603,-0.00083971726466965,-0.001356614676502168,-0.001356614676502168
4604,-0.000469115772862775,-0.0012656133306207652,-0.0012656133306207652
4605,-0.00154747033496165,-0.0015047942892026996,-0.0015047942892026996
4606,0.0001649312615322209,-0.0014050333878983703,-0.0014050333878983703
4607,-0.0008703575145488751,-0.0014089545887740708,-0.0014089545887740708
4608,-0.0005815898782960751,-0.0013477141191224466,-0.0013477141191224466
4609,-0.000990071576272491,-0.0014334350696372665,-0.0014334350696372665
4610,-0.0001737362798338,-0.0014435541553939782,-0.0014435541553939782
4611,-0.0009295717648962542,-0.001098074755634112,-0.001098074755634112
4612,-0.0005862173194406751,-0.0015201215739484729,-0.0015201215739484729
4613,-0.00151810555035545,-0.00149703369627302,-0.00149703369627302
4614,-0.001291175564487025,-0.001340750022933298,-0.001340750022933298
4615,-0.001896737567856425,-0.001415874589043031,-0.001415874589043031
4616,-0.001041948000692775,-0.001265287883341707,-0.001265287883341707
4617,-0.0008962186259268042,-0.001236660423115881,-0.001236660423115881
4618,-0.00127823972403155,-0.0013132114112796825,-0.0013132114112796825
4619,-0.0008356102181265,-0.001401936689623977,-0.001401936689623977
4620,-0.001025176116498475,-0.0015895562494492273,-0.0015895562494492273
4621,-0.0010948981282763,-0.0015089650210403163,-0.0015089650210403163
4622,-0.000953861080137225,-0.001428999579221822,-0.001428999579221822
4623,-0.0006767516315351499,-0.0014820228060832645,-0.0014820228060832645
4624,-0.00155693541535265,-0.0011181444656174426,-0.0011181444656174426
4625,-0.00014007998510957503,-0.0012102164021053935,-0.0012102164021053935
4626,0.0009657040265238251,-0.001262063063994706,-0.001262063063994706
4627,-0.0010485963492504,-0.00138032720704838,-0.00138032720704838
4628,-0.0003149374165938763,-0.0014350520192638475,-0.0014350520192638475
4629,1.9002304811974982e-05,-0.001298662376006917,-0.001298662376006917
4630,-0.00033873754468817497,-0.0013526197996408845,-0.0013526197996408845
4631,-0.000379661998923675,-0.0012906487489775318,-0.0012906487489775318
4632,-0.0005420852447194364,-0.001225313176320161,-0.001225313176320161
4633,-0.000674862744213125,-0.001404434965909974,-0.001404434965909974
4634,-0.0010654347952810251,-0.0013983351621609766,-0.0013983351621609766
4635,-0.001552057432737325,-0.001439932050387677,-0.001439932050387677
4636,-0.0014052819749814749,-0.0013339949707774552,-0.0013339949707774552
4637,-0.0010417350959519,-0.0014895360907529421,-0.0014895360907529421
4638,-0.0015917443507771,-0.0015410380184623484,-0.0015410380184623484
4639,-0.0007240081396192251,-0.0014767628093381839,-0.0014767628093381839
4640,-0.00147504647300955,-0.0011502068667487418,-0.0011502068667487418
4641,-0.0016129438574513,-0.0013403441211713,-0.0013403441211713
4642,-0.0005543456151084251,-0.0016233442677786106,-0.0016233442677786106
4643,-0.0008960032501563668,-0.0013925480652703327,-0.0013925480652703327
4644,-8.389614238264998e-05,-0.0012759332349488205,-0.0012759332349488205
4645,-0.0011642692783426249,-0.001198198116706645,-0.001198198116706645
4646,-0.00030284778910182503,-0.0013468533576163843,-0.0013468533576163843
4647,-0.00044914193066857504,-0.0012882248986703948,-0.0012882248986703948
4648,-0.000428081292651675,-0.001389932813627016,-0.001389932813627016
4649,-0.002005702289623925,-0.0011941025751080016,-0.0011941025751080016
4650,-0.0005479550639493662,-0.001299432135305498,-0.001299432135305498
4651,-0.0009920423188425,-0.0014306358220448003,-0.0014306358220448003
4652,-0.0005669640957879499,-0.0013544039997951428,-0.0013544039997951428
4653,-0.0028686763623666746,-0.0015375918999525364,-0.0015375918999525364
4654,-0.0003892215083883249,-0.0012439123235143089,-0.0012439123235143089
4655,-0.0004983479815063,-0.0013658416742523178,-0.0013658416742523178
4656,-0.0013136541320921,-0.0015056385780178605,-0.0015056385780178605
4657,-0.000967190418449875,-0.0012453538893358919,-0.0012453538893358919
4658,-0.00116874274627585,-0.0013929710426709607,-0.0013929710426709607
4659,-0.00016952769515034413,-0.001309244791297049,-0.001309244791297049
4660,-0.001209989111954725,-0.0013605348378575043,-0.0013605348378575043
4661,-0.0015515148708291249,-0.0013736941611265901,-0.0013736941611265901
4662,-0.00047692779526977504,-0.001619877740979615,-0.001619877740979615
4663,-0.0010740430567249,-0.001299658541394523,-0.001299658541394523
4664,-0.00042496182916815,-0.0013650790328030207,-0.0013650790328030207
4665,-0.001004630844318725,-0.0013173344912393407,-0.0013173344912393407
4666,-0.00029811333136237495,-0.001299920174230968,-0.001299920174230968
4667,-0.0004615449130498001,-0.001532651454062193,-0.001532651454062193
4668,-0.0008090791143799999,-0.001182758003196381,-0.001182758003196381
4669,-0.00150591526148765,-0.001361210856671751,-0.001361210856671751
4670,-0.001064103528358325,-0.0013915985886970635,-0.0013915985886970635
4671,-0.0009352268394055808,-0.0013511470746826132,-0.0013511470746826132
4672,-0.0017460985402694,-0.0013480997188412857,-0.0013480997188412857
4673,-0.00024358547141657504,-0.0011464645225408147,-0.0011464645225408147
4674,-0.0007682370308818707,-0.001434114865406187,-0.001434114865406187
4675,-0.00021516873547482504,-0.0011919516614153657,-0.0011919516614153657
4676,-0.000812332135568625,-0.0011882448820598815,-0.0011882448820598815
4677,-0.00150313170658165,-0.0013195950392907736,-0.0013195950392907736
4678,-0.001498393443289275,-0.001389634103067655,-0.001389634103067655
4679,-0.0013780422739108,-0.0014263510111308607,-0.0014263510111308607
4680,-0.00019985293368482502,-0.0010235571865412263,-0.0010235571865412263
4681,-0.0003608196355148,-0.0012843419690894127,-0.0012843419690894127
4682,-0.0016329772086607999,-0.001540745011264864,-0.001540745011264864
4683,-0.0016952029607170502,-0.0014338235461998528,-0.0014338235461998528
4684,-0.000985280511444125,-0.0012124448353316318,-0.0012124448353316318
4685,-1.311363747540003e-05,-0.0012720791663773396,-0.0012720791663773396
4686,3.760512824739997e-05,-0.0011490885216528441,-0.0011490885216528441
4687,-0.0014255152322105251,-0.001342005781930436,-0.001342005781930436
4688,-0.0010661017529695498,-0.0012207036897386397,-0.0012207036897386397
4689,-0.0006192836181591251,-0.0010822754342789548,-0.0010822754342789548
4690,-0.0010455161801949935,-0.0010805295706186248,-0.0010805295706186248
4691,-0.0007299237849645,-0.0013868470131737274,-0.0013868470131737274
4692,-0.0007438045230537594,-0.0012934793884417217,-0.0012934793884417217
4693,2.3518249469800002e-05,-0.0011701261314551446,-0.0011701261314551446
4694,-0.001144882980846575,-0.0013686129390291684,-0.0013686129390291684
4695,-0.000662556319870125,-0.0013158300946775798,-0.0013158300946775798
4696,-0.00157409957864595,-0.0012517051079882168,-0.0012517051079882168
4697,-0.0007772223211984499,-0.001413067943674528,-0.001413067943674528
4698,-0.0009118599275946999,-0.0014147610648771014,-0.0014147610648771014
4699,-0.00146931209290845,-0.0015641706172241435,-0.0015641706172241435
4700,-0.0009047137635268737,-0.0013113673253117258,-0.0013113673253117258
4701,-0.001090300022176425,-0.0013664211287431204,-0.0013664211287431204
4702,-0.000923233464891325,-0.0014700239205641976,-0.0014700239205641976
4703,-0.0008487733276424501,-0.0012703285989611123,-0.0012703285989611123
4704,0.00018812805599420008,-0.0010887894707763493,-0.0010887894707763493
4705,-0.001125314227016275,-0.001413285105030618,-0.001413285105030618
4706,-0.0005216853374198835,-0.0014879442232264319,-0.0014879442232264319
4707,-0.00046779128531665003,-0.0014846407621348682,-0.0014846407621348682
4708,-0.001106175496460497,-0.0016625305000733733,-0.0016625305000733733
4709,-0.001148305985062125,-0.0015620925096994386,-0.0015620925096994386
4710,-0.0012589728976959503,-0.0012117316341080796,-0.0012117316341080796
4711,-0.000380085168102775,-0.0015361319034381065,-0.0015361319034381065
4712,-0.00027637588363725,-0.0011865045140212521,-0.0011865045140212521
4713,-0.001203920039004475,-0.0012667851164508601,-0.0012667851164508601
4714,-0.000717836158292675,-0.0014254518764074014,-0.0014254518764074014
4715,-0.0010182186021000749,-0.0013299238546992174,-0.0013299238546992174
4716,-0.000604889412468575,-0.0013317237598335326,-0.0013317237598335326
4717,-0.00087098839051115,-0.001217982100740116,-0.001217982100740116
4718,-0.0011636837286799749,-0.0015728967463563817,-0.0015728967463563817
4719,-0.001509612969483175,-0.0015545439828025128,-0.0015545439828025128
4720,-0.000856077607155725,-0.0010799178502458298,-0.0010799178502458298
4721,-0.0015091565455257248,-0.001453540854750515,-0.001453540854750515
4722,-0.000768382969809075,-0.0013137677883416738,-0.0013137677883416738
4723,-0.0005819546831752749,-0.0015343023304257002,-0.0015343023304257002
4724,-0.0010087174842123502,-0.0015639272969480305,-0.0015639272969480305
4725,-0.001571572997469025,-0.0013459096367861685,-0.0013459096367861685
4726,-0.00119938317969015,-0.001328489313470413,-0.001328489313470413
4727,-0.0015913190201585002,-0.0016057025516485772,-0.0016057025516485772
4728,-0.000839867959266625,-0.0012539771655235817,-0.0012539771655235817
4729,-7.246882451200008e-05,-0.0014153533324716202,-0.0014153533324716202
4730,-0.001450704265953625,-0.0013220579541090589,-0.0013220579541090589
4731,-0.00016675513714747495,-0.0014344090821038304,-0.0014344090821038304
4732,-0.00015566544194232506,-0.00124211008477488,-0.00124211008477488
4733,-0.000771512700745075,-0.001309428072864355,-0.001309428072864355
4734,-0.000658738559846575,-0.001185658419819032,-0.001185658419819032
4735,-0.0007914421287944646,-0.0011334509894096677,-0.0011334509894096677
4736,-0.0022299996627398004,-0.0015057773740605495,-0.0015057773740605495
4737,-0.000969735049315525,-0.00134213377588038,-0.00134213377588038
4738,-0.00031786755685925,-0.0013719219740137608,-0.0013719219740137608
4739,-0.0011312044118302,-0.0012929581273561442,-0.0012929581273561442
4740,-0.0012357906703319,-0.0012921926280603947,-0.0012921926280603947
4741,-0.0011811961059689248,-0.0013537932911392304,-0.0013537932911392304
4742,-0.002766061418450475,-0.00133657481081827,-0.00133657481081827
4743,-0.0006783750537379291,-0.0013137327315018823,-0.0013137327315018823
4744,-0.00110561758745335,-0.0013380322690522853,-0.0013380322690522853
4745,-0.0014921619982147499,-0.001378793971959768,-0.001378793971959768
4746,-0.0011083504908396,-0.0012112536536113322,-0.0012112536536113322
4747,-0.000630704182849375,-0.0013088277887475114,-0.0013088277887475114
4748,-0.001442760263270788,-0.0016184156155065177,-0.0016184156155065177
4749,-0.0004899881739980343,-0.0014236754604843496,-0.0014236754604843496
4750,-0.0022100119016068755,-0.001355980980230325,-0.001355980980230325
4751,-0.00030707727058579997,-0.0013131491011994815,-0.0013131491011994815
4752,-0.0017018044038747,-0.0011309600491846723,-0.0011309600491846723
4753,-0.000660440476018325,-0.00122468318150926,-0.00122468318150926
4754,-0.0009564791757489,-0.0009983478136622913,-0.0009983478136622913
4755,-0.001751614711389475,-0.0012382811104783118,-0.0012382811104783118
4756,-0.0007249976502149751,-0.0010647351323787675,-0.0010647351323787675
4757,-0.0013861609320177,-0.0012732314249011467,-0.0012732314249011467
4758,-0.001087339794846,-0.0013033751888459886,-0.0013033751888459886
4759,-0.0016557857253913248,-0.0012806819024278697,-0.0012806819024278697
4760,-0.0008099890362630501,-0.0015801115187226353,-0.0015801115187226353
4761,-0.000220900617678775,-0.0014589587481722442,-0.0014589587481722442
4762,-0.0008227274404902076,-0.0012834988347311985,-0.0012834988347311985
4763,-0.00067851069590485,-0.0012711980176019272,-0.0012711980176019272
4764,-0.0014091557963483129,-0.001559705916269593,-0.001559705916269593
4765,-0.001290206227177375,-0.0012771401063265183,-0.0012771401063265183
4766,-0.0005701161707757,-0.0013121769550468647,-0.0013121769550468647
4767,-0.0008993559250798228,-0.0013876320345087205,-0.0013876320345087205
4768,-0.0005617597565714251,-0.0012963472492069266,-0.0012963472492069266
4769,-0.00092956882984285,-0.001437279823179621,-0.001437279823179621
4770,-0.0011272792481873,-0.001362312380177788,-0.001362312380177788
4771,-0.00174480034996745,-0.0015981802843369605,-0.0015981802843369605
4772,0.0002411853161437663,-0.0012452558652117636,-0.0012452558652117636
4773,-0.001087149274857825,-0.0013059628827720021,-0.0013059628827720021
4774,-0.0015351908415026,-0.0011007219249447098,-0.0011007219249447098
4775,-0.00011189029749841795,-0.001309539808417844,-0.001309539808417844
4776,-0.0014663046939767,-0.0013573214945471453,-0.0013573214945471453
4777,-0.0006147800524638249,-0.0011921324114051435,-0.0011921324114051435
4778,-0.000965210030259975,-0.001301941427521705,-0.001301941427521705
4779,-0.001736444903547075,-0.0014992307143340926,-0.0014992307143340926
4780,-0.0011841743799969877,-0.0013481828612872484,-0.0013481828612872484
4781,-0.0012587896184725249,-0.0013453956619791337,-0.0013453956619791337
4782,-0.0011245971422363,-0.001261550588969495,-0.001261550588969495
4783,-0.0002749338078781001,-0.0012271409214044515,-0.0012271409214044515
4784,-0.000776627965428325,-0.0015896692199233655,-0.0015896692199233655
4785,-0.000785558496820675,-0.0014561683034591253,-0.0014561683034591253
4786,-0.0008190110861318,-0.0012671326998215217,-0.0012671326998215217
4787,-0.00060467346548865,-0.0012074153924639859,-0.0012074153924639859
4788,-0.000628069385570425,-0.001454554513848561,-0.001454554513848561
4789,-0.001071413398157175,-0.0014670945394962265,-0.0014670945394962265
4790,-0.0010218299435346,-0.0013971222595892104,-0.0013971222595892104
4791,-0.00039321823206057494,-0.0013035136544709673,-0.0013035136544709673
4792,-0.001238268619305725,-0.0012437592687360173,-0.0012437592687360173
4793,-0.0009405726679954591,-0.0012505117263462205,-0.0012505117263462205
4794,-0.00105356592790485,-0.0010509832435873234,-0.0010509832435873234
4795,-0.0008091777972907729,-0.0012343072064244405,-0.0012343072064244405
4796,-0.001344786834266075,-0.001515495590043463,-0.001515495590043463
4797,-0.0007206075743759249,-0.0011496877774169057,-0.0011496877774169057
4798,-0.0005858306882652999,-0.0013853913805889702,-0.0013853913805889702
4799,-0.00036812305368742504,-0.00137517245461259,-0.00137517245461259
4800,-0.002068120052949025,-0.001451156541436835,-0.001451156541436835
4801,-0.0008566497950499365,-0.001382335303176943,-0.001382335303176943
4802,-0.0005354447269958716,-0.0016454891343345296,-0.0016454891343345296
4803,-0.00018310986175795003,-0.0014897047109688059,-0.0014897047109688059
4804,-0.00011201869071360006,-0.001353908394696048,-0.001353908394696048
4805,-0.0013117784875874999,-0.0015086463395575932,-0.0015086463395575932
4806,-0.0006397217802351,-0.001239111756398264,-0.001239111756398264
4807,-0.000455418708527725,-0.0013336426049473825,-0.0013336426049473825
4808,-0.001413434772664425,-0.0011689982203704724,-0.0011689982203704724
4809,-0.0018269392515861999,-0.0015069270991466372,-0.0015069270991466372
4810,-0.00013351589431512503,-0.0013075025553742152,-0.0013075025553742152
4811,-0.0014664657804526501,-0.0013706124037652836,-0.0013706124037652836
4812,-0.0010599614923585499,-0.0014646318934084506,-0.0014646318934084506
4813,-0.001174526190771475,-0.001352320652948344,-0.001352320652948344
4814,-0.000825861302972806,-0.0012866627307208305,-0.0012866627307208305
4815,-0.0012118309266529001,-0.0013028764918755504,-0.0013028764918755504
4816,-0.00136126889094405,-0.001339285535889986,-0.001339285535889986
4817,0.0001163967102547,-0.0011926292261307243,-0.0011926292261307243
4818,-0.0006560438530422035,-0.0013989059529881406,-0.0013989059529881406
4819,-0.0005111521494747,-0.0012131512553518239,-0.0012131512553518239
4820,8.997370826045002e-05,-0.0012728807045691245,-0.0012728807045691245
4821,-0.00081171547748738,-0.0012666887309080875,-0.0012666887309080875
4822,-0.0009143222001475749,-0.0014371306874836716,-0.0014371306874836716
4823,-0.0008906664929774958,-0.001132175258082871,-0.001132175258082871
4824,-0.0013641264102786,-0.0013419279150537233,-0.0013419279150537233
4825,-0.00082286224381265,-0.0011842418603826414,-0.0011842418603826414
4826,-0.000184667413722,-0.0015840627123710307,-0.0015840627123710307
4827,-0.0005691968259144348,-0.001305867241176895,-0.001305867241176895
4828,-0.001948149899406225,-0.0013882840959763246,-0.0013882840959763246
4829,-0.0002391736373456001,-0.00122267899577687,-0.00122267899577687
4830,-0.0009241595435795001,-0.0015568073231019778,-0.0015568073231019778
4831,-0.0005737497649857324,-0.0011457203502406234,-0.0011457203502406234
4832,-0.00041686828045615,-0.0014308093337107083,-0.0014308093337107083
4833,-0.000875170789228625,-0.0014591918440357958,-0.0014591918440357958
4834,-0.001528538193161625,-0.0013298333543855338,-0.0013298333543855338
4835,-0.001265586830154475,-0.0012988057385639239,-0.0012988057385639239
4836,-0.0012096506852364,-0.0014491220209545295,-0.0014491220209545295
4837,-0.0013338934948575,-0.0011557963376848054,-0.0011557963376848054
4838,-0.000946152642747675,-0.0014314980297349628,-0.0014314980297349628
4839,-0.0005267996640681785,-0.0013895160267848494,-0.0013895160267848494
4840,-0.0006796057358914,-0.0012540266592396434,-0.0012540266592396434
4841,-0.00133526422605485,-0.00134353531619931,-0.00134353531619931
4842,-0.0006224347913793,-0.001365757178513888,-0.001365757178513888
4843,-0.0008578670827974251,-0.0013674939104627937,-0.0013674939104627937
4844,-0.001310669123258425,-0.0011010164660575888,-0.0011010164660575888
4845,-0.0017807201669677501,-0.0015148161104522597,-0.0015148161104522597
4846,-0.00089702327192505,-0.001478791392493775,-0.001478791392493775
4847,-0.0001997419069531257,-0.0011260995745925454,-0.0011260995745925454
4848,-0.00090941658848415,-0.0013778867389346299,-0.0013778867389346299
4849,-0.0012925047366024,-0.0014919613792389666,-0.0014919613792389666
4850,-0.00019690935316960003,-0.001314220153226416,-0.001314220153226416
4851,-0.0005497801451025499,-0.0014550588187888366,-0.0014550588187888366
4852,-0.001164784336591,-0.0014756850634705017,-0.0014756850634705017
4853,3.045255146737498e-05,-0.0013193924777496608,-0.0013193924777496608
4854,-0.00214773643842105,-0.0014075302809513546,-0.0014075302809513546
4855,-0.0016102327346813501,-0.0013301223169767582,-0.0013301223169767582
4856,-0.0004777099773679819,-0.0012730884781506952,-0.0012730884781506952
4857,-0.001354734011066475,-0.001257216205448495,-0.001257216205448495
4858,-0.000531037498578125,-0.0010939528181234267,-0.0010939528181234267
4859,-0.00044300829101677497,-0.001418335158132412,-0.001418335158132412
4860,-0.0008423040003226149,-0.001346958152544959,-0.001346958152544959
4861,-0.000820103499321325,-0.0013705851502096387,-0.0013705851502096387
4862,-0.00108078269765095,-0.0014879449385125706,-0.0014879449385125706
4863,-1.3828544560549991e-05,-0.0013585947304111789,-0.0013585947304111789
4864,-0.000681112343872975,-0.0012417300944360255,-0.0012417300944360255
4865,-0.0014691475901513749,-0.0014660365406646914,-0.0014660365406646914
4866,-3.3655640059324974e-05,-0.0013598544296274005,-0.0013598544296274005
4867,-0.00037628066260007496,-0.001444101266303414,-0.001444101266303414
4868,-0.001264540856411975,-0.0014043692080540798,-0.0014043692080540798
4869,-0.001158250222020425,-0.001328342513429034,-0.001328342513429034
4870,-0.00017282020367015002,-0.001280198600309085,-0.001280198600309085
4871,-0.001130760017988525,-0.0012726803035843094,-0.0012726803035843094
4872,-0.00178689280196375,-0.0014815834656451915,-0.0014815834656451915
4873,-0.0002193421350238001,-0.0013403807222914217,-0.0013403807222914217
4874,-0.001761742360150525,-0.0012791376538251898,-0.0012791376538251898
4875,-0.0004726060601345999,-0.0012481147779187217,-0.0012481147779187217
4876,-0.0005569279248289364,-0.0014234974955160207,-0.0014234974955160207
4877,-0.000464815426875525,-0.00126419322495804,-0.00126419322495804
4878,-0.001198851002450925,-0.001209851701123127,-0.001209851701123127
4879,-0.0008108695307807249,-0.0013011380118962844,-0.0013011380118962844
4880,-0.0006354042108291001,-0.0013886151433004567,-0.0013886151433004567
4881,-0.00111170934902415,-0.001508739029149352,-0.001508739029149352
4882,-0.00104152354992705,-0.001353903199585742,-0.001353903199585742
4883,-0.0013764909515657502,-0.001146389195475743,-0.001146389195475743
4884,-0.0005054010994246001,-0.0013485832729747298,-0.0013485832729747298
4885,-0.00074953862928145,-0.0013146744390957871,-0.0013146744390957871
4886,-0.0003494628028643619,-0.0014921060624117168,-0.0014921060624117168
4887,-0.0012077515384894,-0.0014664685886768049,-0.0014664685886768049
4888,-0.00098931347744465,-0.0016036053450505655,-0.0016036053450505655
4889,-0.001021728989826025,-0.0013734009164937618,-0.0013734009164937618
4890,-0.00037814488719485,-0.001265968188771473,-0.001265968188771473
4891,-0.001344589224220775,-0.0014525302897096743,-0.0014525302897096743
4892,-0.00145618488185405,-0.001354180102443757,-0.001354180102443757
4893,-0.001458393112332425,-0.0015531317158792432,-0.0015531317158792432
4894,-0.0009008854585972499,-0.0015516836224629398,-0.0015516836224629398
4895,-0.0019554800374095,-0.0015886769783937747,-0.0015886769783937747
4896,-0.0009395222984754251,-0.0013102782968648224,-0.0013102782968648224
4897,-0.001293474025338375,-0.0015025168071674802,-0.0015025168071674802
4898,-0.000743351560821225,-0.0013236872324183377,-0.0013236872324183377
4899,-0.00044796190565677503,-0.0011626138750466639,-0.0011626138750466639
4900,-0.0009522248729832575,-0.00151454250675195,-0.00151454250675195
4901,-0.0007795704729784746,-0.0014733115443937006,-0.0014733115443937006
4902,-0.0007682269496009999,-0.001270035827818777,-0.001270035827818777
4903,-0.0010381392537380778,-0.0015184046860502287,-0.0015184046860502287
4904,-0.001182077958525825,-0.001366974116485366,-0.001366974116485366
4905,-0.001384809217194375,-0.0013201384855130206,-0.0013201384855130206
4906,-0.0008760671933420001,-0.0016435760368184,-0.0016435760368184
4907,-0.00013763804258497497,-0.001098046026491992,-0.001098046026491992
4908,-0.00175344742078105,-0.0014976183624956473,-0.0014976183624956473
4909,-0.0011221812078691502,-0.0011998098746990875,-0.0011998098746990875
4910,-0.001254798248861275,-0.0016290332018878985,-0.0016290332018878985
4911,-0.001422241165798525,-0.0013667115863292521,-0.0013667115863292521
4912,-0.001610349281992675,-0.0012755759215347107,-0.0012755759215347107
4913,-9.955887672497506e-05,-0.0012313414189099156,-0.0012313414189099156
4914,-0.00094819650776375,-0.0013573236467260396,-0.0013573236467260396
4915,-0.00018788463898082504,-0.001267746272379456,-0.001267746272379456
4916,-0.001114665522823175,-0.0012656506525392064,-0.0012656506525392064
4917,-0.0022224119002608755,-0.001367178578199936,-0.001367178578199936
4918,-0.0018777594665247501,-0.0015963964209029376,-0.0015963964209029376
4919,-0.001460370170950475,-0.0012461812875043366,-0.0012461812875043366
4920,-0.001635901127607525,-0.0015088377177399984,-0.0015088377177399984
4921,-0.0006211496350091001,-0.0014251271007980962,-0.0014251271007980962
4922,-0.001025260675584375,-0.0013467278244614247,-0.0013467278244614247
4923,-0.000914442942697075,-0.0013500503964847166,-0.0013500503964847166
4924,-0.002415011111244425,-0.0012739377776173637,-0.0012739377776173637
4925,-0.0009587420170966749,-0.0012108138236461084,-0.0012108138236461084
4926,-0.000675746380024525,-0.0014044716233525502,-0.0014044716233525502
4927,0.00016814396376944993,-0.0011990354069666114,-0.0011990354069666114
4928,-0.000543690886885325,-0.001274712825948567,-0.001274712825948567
4929,-0.0009203356231465758,-0.0014021110569437173,-0.0014021110569437173
4930,-0.0004234363064887733,-0.0010308714116879028,-0.0010308714116879028
4931,-0.0015515752849944251,-0.0012777341193665646,-0.0012777341193665646
4932,-0.00078412365686805,-0.001460244617882606,-0.001460244617882606
4933,-0.00104859491845615,-0.0012110702809198022,-0.0012110702809198022
4934,-0.001071164007946125,-0.0014578774518203346,-0.0014578774518203346
4935,-0.0016458448049625,-0.0014868660550178296,-0.0014868660550178296
4936,-0.00037723660340192503,-0.0013611501475183278,-0.0013611501475183278
4937,-0.002124270811174975,-0.0013811317855097589,-0.0013811317855097589
4938,-0.000861674424339675,-0.0012009624357871911,-0.0012009624357871911
4939,-0.00012025289938747498,-0.0011493840192506656,-0.0011493840192506656
4940,-0.0007136082523055251,-0.0013021337013224012,-0.0013021337013224012
4941,1.8277899109075117e-05,-0.0013570013558116547,-0.0013570013558116547
4942,-0.0012489133992221752,-0.0013753975151553411,-0.0013753975151553411
4943,-0.0010610916764671001,-0.0011631921881976133,-0.0011631921881976133
4944,-0.00037708582727855,-0.001465904267648509,-0.001465904267648509
4945,-0.00095091246943335,-0.0014178748049700229,-0.0014178748049700229
4946,-0.001225059026688175,-0.0017549137549798235,-0.0017549137549798235
4947,1.3726835280975067e-05,-0.001296310583514223,-0.001296310583514223
4948,-0.0013700669373192251,-0.0013686474600372411,-0.0013686474600372411
4949,-0.001206603814715204,-0.0014456892347475961,-0.0014456892347475961
4950,-0.0005649980868701501,-0.0012581972786628,-0.0012581972786628
4951,-0.0011606835420123,-0.0014698504257065511,-0.0014698504257065511
4952,-0.001504809624755475,-0.0013250396070692747,-0.0013250396070692747
4953,-0.0008559598541693001,-0.001145403487577093,-0.001145403487577093
4954,-0.0006755037987691,-0.0013003312067727645,-0.0013003312067727645
4955,-0.000427210263584675,-0.0010869451012534464,-0.0010869451012534464
4956,-0.0007669804200062999,-0.0011360357281720744,-0.0011360357281720744
4957,-0.000333165566741825,-0.0012970533567383368,-0.0012970533567383368
4958,-0.0011899887602937749,-0.001166066344024438,-0.001166066344024438
4959,-0.0008099804345432749,-0.0012885399253928051,-0.0012885399253928051
4960,-0.0012980787464493,-0.0012184440188008137,-0.0012184440188008137
4961,-0.0006890889796512499,-0.0014249327054526649,-0.0014249327054526649
4962,-0.0013511492253213248,-0.0015213488387057247,-0.0015213488387057247
4963,-0.00036465867430265,-0.0013436560212321132,-0.0013436560212321132
4964,-0.001051025097288925,-0.0012313809729964185,-0.0012313809729964185
4965,-0.00092769939792945,-0.0013293058199723793,-0.0013293058199723793
4966,-0.0026771326917671254,-0.0014107526381602895,-0.0014107526381602895
4967,-0.0014724761446456107,-0.001574717488871305,-0.001574717488871305
4968,-0.001299976340341425,-0.0013304700128153968,-0.0013304700128153968
4969,-0.0007336198775424704,-0.0013307818273581907,-0.0013307818273581907
4970,-0.0017324338502234249,-0.0015793980007898583,-0.0015793980007898583
4971,-0.0017167354782755499,-0.0014546385283204079,-0.0014546385283204079
4972,-0.0012266432120289,-0.0012325292617085893,-0.0012325292617085893
4973,4.561249996859999e-05,-0.0012860584451160337,-0.0012860584451160337
4974,-0.00045786480599515006,-0.0014917616891684108,-0.0014917616891684108
4975,-0.0008538686705195999,-0.0015740617882644052,-0.0015740617882644052
4976,-0.000784887097888075,-0.0014721131626171506,-0.0014721131626171506
4977,-0.001016657385698425,-0.0012070167897493273,-0.0012070167897493273
4978,-0.0014486147825487753,-0.0012456382077637987,-0.0012456382077637987
4979,-0.0006838839927065499,-0.0013545653972339784,-0.0013545653972339784
4980,-0.00060024775091125,-0.0013263836831840135,-0.0013263836831840135
4981,-0.0007673925195395,-0.0014600494290104497,-0.0014600494290104497
4982,-0.00095792965499025,-0.0012517263613629603,-0.0012517263613629603
4983,-0.00021436248400585076,-0.0011544897423662098,-0.0011544897423662098
4984,-0.0007116657968660686,-0.0014146274777279125,-0.0014146274777279125
4985,0.00014716459845529842,-0.0012065822493814173,-0.0012065822493814173
4986,-0.001281113611008425,-0.00136370192367307,-0.00136370192367307
4987,0.00015557787700520457,-0.0012851359382598164,-0.0012851359382598164
4988,-0.00037622040631352506,-0.0015241442995521104,-0.0015241442995521104
4989,-0.0006885339414305,-0.0012178218308075545,-0.0012178218308075545
4990,-0.0010412740059966,-0.00133978166080565,-0.00133978166080565
4991,-0.00099193184726585,-0.00108382081922868,-0.00108382081922868
4992,-0.001066366549913512,-0.001134061745944775,-0.001134061745944775
4993,-0.00097191026184979,-0.0014831397031509392,-0.0014831397031509392
4994,-0.0002324110626185,-0.0014090780311707002,-0.0014090780311707002
4995,-0.0013388494037720748,-0.0013908406251610238,-0.0013908406251610238
4996,-0.00189033409497905,-0.0013433493524691268,-0.0013433493524691268
4997,-0.0006021641410027,-0.001180053307867356,-0.001180053307867356
4998,-0.000536422919066575,-0.0014950370566861942,-0.0014950370566861942
4999,-0.001293033297760875,-0.0014651491759025954,-0.0014651491759025954
5000,-0.0009801541748216248,-0.0012127719687880663,-0.0012127719687880663
5001,-0.0011272048921189249,-0.0011369814068893794,-0.0011369814068893794
5002,-0.00043623188478186505,-0.0011902193494401142,-0.0011902193494401142
5003,-0.00125603270667775,-0.0012030370896218042,-0.0012030370896218042
5004,-0.000563142288866275,-0.0013744054715409742,-0.0013744054715409742
5005,-0.0005439186464803202,-0.001181898455183862,-0.001181898455183862
5006,-0.0009560113690347499,-0.0013987797412954583,-0.0013987797412954583
5007,-0.00017465878790662493,-0.0013613628740370906,-0.0013613628740370906
5008,-0.000160544110523975,-0.0014180180531947377,-0.0014180180531947377
5009,-0.000789098371187775,-0.0014290410021769234,-0.0014290410021769234
5010,-0.000609687416992,-0.0013324730781587365,-0.0013324730781587365
5011,6.507448943952505e-05,-0.0013025553346565051,-0.0013025553346565051
5012,-0.000555461006101425,-0.0015008993497426047,-0.0015008993497426047
5013,-0.00099139527517615,-0.0015229303577810618,-0.0015229303577810618
5014,-0.0009752188107051,-0.0011880996522951894,-0.0011880996522951894
5015,-0.001467705208025275,-0.0014366406149582537,-0.0014366406149582537
5016,-4.9697951056594313e-05,-0.001023094300417991,-0.001023094300417991
5017,-0.00101323122346765,-0.0012204450905010371,-0.0012204450905010371
5018,-0.00079125496946355,-0.0013970112851404571,-0.0013970112851404571
5019,-0.00034121239002405,-0.0011940360500499742,-0.0011940360500499742
5020,-0.00143806715924825,-0.0013379794293357772,-0.0013379794293357772
5021,-0.0008208793189459752,-0.0011053979838188976,-0.0011053979838188976
5022,-0.00016679000559979354,-0.0013313268446102308,-0.0013313268446102308
5023,-0.000110853635843875,-0.0013136322153713708,-0.0013136322153713708
5024,-0.000935456405879925,-0.0014039503896062127,-0.0014039503896062127
5025,-0.0006730349426804751,-0.0013753002037824639,-0.0013753002037824639
5026,-0.002265182266523275,-0.0012241522487536078,-0.0012241522487536078
5027,-0.000646116589839473,-0.0015117882934281065,-0.0015117882934281065
5028,-0.000834951699574575,-0.0013370567681129533,-0.0013370567681129533
5029,-0.0017086090035895749,-0.0014766833291002803,-0.0014766833291002803
5030,-0.0006822456524219608,-0.0014372458920718658,-0.0014372458920718658
5031,-0.001175811371987375,-0.0011992754154793643,-0.0011992754154793643
5032,-0.001109499107226625,-0.0012121405656270747,-0.0012121405656270747
5033,-0.001001098830692225,-0.0014106060141077944,-0.0014106060141077944
5034,-0.0010800967910771502,-0.0014486802852689987,-0.0014486802852689987
5035,-0.0004357267705917,-0.0013562777173719877,-0.0013562777173719877
5036,4.183308305764997e-05,-0.0013379574987194335,-0.0013379574987194335
5037,-0.000904527806852925,-0.001234089594515443,-0.001234089594515443
5038,-0.0005527810653962999,-0.0013019865484193206,-0.0013019865484193206
5039,-0.0003649461133691,-0.0013041525241629472,-0.0013041525241629472
5040,-0.000851025502826325,-0.0013651253788251267,-0.0013651253788251267
5041,-0.00152938270477765,-0.0013182601866555427,-0.0013182601866555427
5042,-0.00138355208508695,-0.0013116412434614217,-0.0013116412434614217
5043,-0.001216041236443275,-0.0014635341438161758,-0.0014635341438161758
5044,-0.0006419104658253062,-0.0013703088556765459,-0.0013703088556765459
5045,-0.0009996009954316499,-0.001333589551635062,-0.001333589551635062
5046,-0.001367332795987525,-0.0012105947664415699,-0.0012105947664415699
5047,-0.001099678565109325,-0.0015009262758804362,-0.0015009262758804362
5048,-0.00054243618765545,-0.0012364628753582972,-0.0012364628753582972
5049,-0.000460015359556225,-0.0011902630413964039,-0.0011902630413964039
5050,-0.001363402849525625,-0.001248078873127904,-0.001248078873127904
5051,-0.00022059010752102496,-0.001418929765352227,-0.001418929765352227
5052,-0.001372945138764525,-0.0013343249532259808,-0.0013343249532259808
5053,-0.00101685999275525,-0.001443082150185368,-0.001443082150185368
5054,0.00010337175980180003,-0.0013358514416984108,-0.0013358514416984108
5055,0.0013049784084902,-0.0012395568604628587,-0.0012395568604628587
5056,-0.0008135772774469751,-0.0011039426682827847,-0.0011039426682827847
5057,-0.00162396880040705,-0.0014185051965584677,-0.0014185051965584677
5058,-0.001298567441764225,-0.0014024990710447794,-0.0014024990710447794
5059,-0.001829684569440075,-0.0011499481592432887,-0.0011499481592432887
5060,-0.0010081295668877249,-0.0014650585158435354,-0.0014650585158435354
5061,-0.000593606512758675,-0.001265102543704648,-0.001265102543704648
5062,-0.0009615247613821501,-0.0014448448297728503,-0.0014448448297728503
5063,-0.0019851135099046503,-0.0014748251657347878,-0.0014748251657347878
5064,-0.00132195304896075,-0.0012005553054648228,-0.0012005553054648228
5065,-0.0008963110201114001,-0.001297653428490994,-0.001297653428490994
5066,-0.0010086964496289,-0.001271004795440215,-0.001271004795440215
5067,-0.0016521501439954,-0.001499410900749402,-0.001499410900749402
5068,-0.0011906655430415749,-0.0014466531557736917,-0.0014466531557736917
5069,-0.0012148458712092,-0.0015565289586542315,-0.0015565289586542315
5070,-0.0009663136071037001,-0.0015067011732385605,-0.0015067011732385605
5071,-0.0014527778882723749,-0.0015425115768912625,-0.0015425115768912625
5072,-0.0005346353938255,-0.0013877238514710152,-0.0013877238514710152
5073,-0.0005787042708651501,-0.0013955695643745071,-0.0013955695643745071
5074,0.0004204422475347,-0.0013091328189119885,-0.0013091328189119885
5075,-0.0007851179286990501,-0.0012753041845944965,-0.0012753041845944965
5076,-0.00086734125715495,-0.001631488765547314,-0.001631488765547314
5077,-0.0010577332173008999,-0.001429192726649641,-0.001429192726649641
5078,-0.0015678582063942,-0.0011063030626585757,-0.0011063030626585757
5079,-0.00039603429371195,-0.0010783585657034357,-0.0010783585657034357
5080,-0.00143626972759335,-0.001515600534951598,-0.001515600534951598
5081,-0.0006204168544255778,-0.0015378489331969185,-0.0015378489331969185
5082,-0.001052708648327225,-0.0014084967820445814,-0.0014084967820445814
5083,2.5407079018750306e-06,-0.0011802537069648658,-0.0011802537069648658
5084,-0.000644323480231675,-0.001268751621950753,-0.001268751621950753
5085,-0.0014569719243960248,-0.0014097030006504014,-0.0014097030006504014
5086,-0.001177545798565125,-0.0015507144985552788,-0.0015507144985552788
5087,-0.0017373389135201499,-0.0015258125821263674,-0.0015258125821263674
5088,-0.001029248535077075,-0.0015314181338009383,-0.0015314181338009383
5089,-0.0012376954302477502,-0.0013381964900993496,-0.0013381964900993496
5090,-0.0010227405641887925,-0.0014060302104340172,-0.0014060302104340172
5091,-0.0011188163417721832,-0.001413566723870453,-0.001413566723870453
5092,-0.0015299453896914,-0.0015075034348427305,-0.0015075034348427305
5093,-0.00070817163000185,-0.0010888767705281353,-0.0010888767705281353
5094,-0.0013309914309077152,-0.0015716523445743543,-0.0015716523445743543
5095,-0.0011561408906071,-0.0012211603850981123,-0.0012211603850981123
5096,-0.00090320849721135,-0.00131982119511079,-0.00131982119511079
5097,-0.000970635910214925,-0.0014017057991140467,-0.0014017057991140467
5098,-0.0010357882244579524,-0.001508887712159879,-0.001508887712159879
5099,-0.00088743040427675,-0.001385206828638623,-0.001385206828638623
5100,-0.000883211931954125,-0.0010817118511223843,-0.0010817118511223843
5101,-0.0016109783936159498,-0.0015506391907618372,-0.0015506391907618372
5102,-0.00106963001002485,-0.0013822358048089774,-0.0013822358048089774
5103,-0.0010709066149282998,-0.0012869251578763634,-0.0012869251578763634
5104,-0.0008805344515372249,-0.0013941436417661212,-0.0013941436417661212
5105,-0.0006433061090962,-0.0012547335998420294,-0.0012547335998420294
5106,-0.0012532403181123252,-0.001458641319594091,-0.001458641319594091
5107,-0.00204014037944875,-0.0014822343043221762,-0.0014822343043221762
5108,-0.0003419175668467,-0.0012048882855993392,-0.0012048882855993392
5109,-0.000334974419246,-0.0012875902658968062,-0.0012875902658968062
5110,-0.000609598475765075,-0.0014459206991491716,-0.0014459206991491716
5111,-0.000774529174558725,-0.0014926289585250638,-0.0014926289585250638
5112,-0.0007401067079728751,-0.00142740347952164,-0.00142740347952164
5113,-0.00035146382779790004,-0.0011971327726422228,-0.0011971327726422228
5114,-0.0010474550739045,-0.0013998419909179059,-0.0013998419909179059
5115,-0.00171678689882705,-0.001374713224931659,-0.001374713224931659
5116,-0.000269067225097625,-0.001300564786309309,-0.001300564786309309
5117,-0.001255627791416725,-0.001270628618794545,-0.001270628618794545
5118,-0.0009666556522324749,-0.0012582063925155472,-0.0012582063925155472
5119,-0.001508736734505725,-0.0012572712628819455,-0.0012572712628819455
5120,1.0053190488049969e-05,-0.0011611626986735995,-0.0011611626986735995
5121,-0.0011295883664251458,-0.0013653850957641466,-0.0013653850957641466
5122,-0.000939831743408925,-0.001279967389477752,-0.001279967389477752
5123,-0.001198667416775575,-0.0014503704211391696,-0.0014503704211391696
5124,-0.00035018053293917506,-0.001463755406039952,-0.001463755406039952
5125,-0.000611874833259375,-0.0013128629216790971,-0.0013128629216790971
5126,-0.0008978371614065711,-0.0013254205744948082,-0.0013254205744948082
5127,-0.0010975157299511749,-0.0012195537656571208,-0.0012195537656571208
5128,-0.001047662608497675,-0.0015389341488692082,-0.0015389341488692082
5129,-0.0011431877839365,-0.0013224473579643919,-0.0013224473579643919
5130,-0.0004817926823932828,-0.001387589250735053,-0.001387589250735053
5131,0.00031544887891227496,-0.0013114555810503782,-0.0013114555810503782
5132,-0.00029329240823042495,-0.001325774899202196,-0.001325774899202196
5133,-0.00011727336442895,-0.0013639589536835108,-0.0013639589536835108
5134,-0.001132185152865775,-0.0012142506828909769,-0.0012142506828909769
5135,-0.001787613596440975,-0.001376035688642405,-0.001376035688642405
5136,-0.0012468427040924252,-0.001099763685510162,-0.001099763685510162
5137,-0.0008305654585350748,-0.0012295787131269738,-0.0012295787131269738
5138,-0.0012013941032058,-0.0013356550438154869,-0.0013356550438154869
5139,-0.00085918436628895,-0.0014640934671666444,-0.0014640934671666444
5140,-1.4744873075900035e-05,-0.0012297628404907906,-0.0012297628404907906
5141,-0.0006742041291482,-0.001430275486435944,-0.001430275486435944
5142,-5.508394179654374e-05,-0.0010130262694460573,-0.0010130262694460573
5143,-0.00047227041717700003,-0.001351081266796656,-0.001351081266796656
5144,-0.0007765367867721946,-0.0013682752325246553,-0.0013682752325246553
5145,-0.000329397030845375,-0.0011905169773598688,-0.0011905169773598688
5146,-0.0007582486322733168,-0.0012076831863979433,-0.0012076831863979433
5147,-0.000757950938869175,-0.0013867556989707107,-0.0013867556989707107
5148,-0.0007571992664271499,-0.0012565453618723584,-0.0012565453618723584
5149,-0.0004620994683295042,-0.0011165466497080258,-0.0011165466497080258
5150,-0.0010395450680343759,-0.0012601927381369917,-0.0012601927381369917
5151,-0.001186662983238425,-0.0014639625787690146,-0.0014639625787690146
5152,-0.0010919566125692501,-0.0014550934051261483,-0.0014550934051261483
5153,-0.002032557068699325,-0.0016093086838107715,-0.0016093086838107715
5154,-0.0012666833907785,-0.0013661036435289097,-0.0013661036435289097
5155,-0.000544398314831975,-0.0014335658989240068,-0.0014335658989240068
5156,-0.0015250888929415499,-0.0013878126852708856,-0.0013878126852708856
5157,-0.0010943831602345001,-0.0014723795101816276,-0.0014723795101816276
5158,-0.0013561535284131751,-0.0011444237700363907,-0.0011444237700363907
5159,-0.000927228810408725,-0.0013713399907339353,-0.0013713399907339353
5160,-9.531948443555004e-05,-0.0014094841880268434,-0.0014094841880268434
5161,-0.0011684528398815499,-0.0014118132253649772,-0.0014118132253649772
5162,-0.0010094254832921023,-0.0013643258321296588,-0.0013643258321296588
5163,-0.000581887558804475,-0.0012170060123449199,-0.0012170060123449199
5164,0.000161142612517825,-0.0012956556637736172,-0.0012956556637736172
5165,-0.0005383268650393,-0.001294325007006697,-0.001294325007006697
5166,3.628551242904998e-05,-0.0011220527195405648,-0.0011220527195405648
5167,-0.0009151565205458749,-0.0013548340337073508,-0.0013548340337073508
5168,-0.0009422217549743138,-0.0012750360822486194,-0.0012750360822486194
5169,-0.000808726389506317,-0.0015158348013478802,-0.0015158348013478802
5170,-0.00129478598055475,-0.0012183152319201606,-0.0012183152319201606
5171,-0.00103211034531615,-0.0013921782467536858,-0.0013921782467536858
5172,-0.0004711593485598249,-0.0013414865395309332,-0.0013414865395309332
5173,-0.0017712573135939002,-0.0011521529270642568,-0.0011521529270642568
5174,-0.0008195963990494501,-0.00134909902053257,-0.00134909902053257
5175,-0.0006520250646818,-0.0014957244483944524,-0.0014957244483944524
5176,-0.00016758564113964999,-0.0014048740924041802,-0.0014048740924041802
5177,-0.0009931899999197,-0.0012651652972392661,-0.0012651652972392661
5178,-0.0011869749393473251,-0.0016460360617091515,-0.0016460360617091515
5179,-0.0012537283804752249,-0.0014135712798373494,-0.0014135712798373494
5180,-3.9346070236950044e-05,-0.0011916232769328618,-0.0011916232769328618
5181,-0.00043531601206165,-0.0014625043021509521,-0.0014625043021509521
5182,-0.00031033875434865,-0.0014040150885333339,-0.0014040150885333339
5183,-0.001335132128797675,-0.00139468903082841,-0.00139468903082841
5184,-0.00020627094589605,-0.0014851134246477906,-0.0014851134246477906
5185,-0.0010629936135045,-0.00140868537485736,-0.00140868537485736
5186,-0.0011672414630967249,-0.001323315662807708,-0.001323315662807708
5187,-0.00121795277447705,-0.0012865738036559459,-0.0012865738036559459
5188,-0.0009349564123189251,-0.0014473179270916498,-0.0014473179270916498
5189,-0.0009251676621709749,-0.001209982596387583,-0.001209982596387583
5190,-6.329226465959998e-05,-0.0013972238622008927,-0.0013972238622008927
5191,-0.0010332172134659501,-0.0013826167425063506,-0.0013826167425063506
5192,-0.0005618693687308251,-0.0014175774544538786,-0.0014175774544538786
5193,-0.0014942589175617749,-0.0014206765765610453,-0.0014206765765610453
5194,-0.0009839654862602088,-0.0013015397059973537,-0.0013015397059973537
5195,-0.00016381287593567498,-0.0012874262362859437,-0.0012874262362859437
5196,-0.0007415782963755501,-0.0013174844191387689,-0.0013174844191387689
5197,-0.00082608472408955,-0.0012484050402138402,-0.0012484050402138402
5198,-0.0014382223726951001,-0.0011258974810828804,-0.0011258974810828804
5199,-0.00039051797351490004,-0.0013395365633807265,-0.0013395365633807265
5200,-0.0005849760898536448,-0.0012519726325503292,-0.0012519726325503292
5201,-0.0009366727270932748,-0.0014495336655201317,-0.0014495336655201317
5202,-0.0015926883154159751,-0.0013682396797256777,-0.0013682396797256777
5203,-0.0011895014029176,-0.0014508287921285927,-0.0014508287921285927
5204,-0.000518792899550075,-0.0013230716265307935,-0.0013230716265307935
5205,-0.0006156363731034502,-0.0014677474984521675,-0.0014677474984521675
5206,-0.0017180519678440997,-0.0013570570931121884,-0.0013570570931121884
5207,-0.0010664688480408,-0.0011295470252122635,-0.0011295470252122635
5208,-0.000687409820172975,-0.0011935758678802773,-0.0011935758678802773
5209,-0.0014517343776903999,-0.0013818377123247197,-0.0013818377123247197
5210,-0.000694973216268575,-0.0013070980504680898,-0.0013070980504680898
5211,-0.0007985004956966499,-0.0014451279026714333,-0.0014451279026714333
5212,-0.001217701346395075,-0.0014976922709667515,-0.0014976922709667515
5213,-0.0008279739546995501,-0.0012482475777543522,-0.0012482475777543522
5214,-0.000654663522075225,-0.0015725997682063916,-0.0015725997682063916
5215,-0.002249145709042975,-0.0013618881157051951,-0.0013618881157051951
5216,-0.00021802374403585,-0.0010160711763480194,-0.0010160711763480194
5217,-0.00018506900698290004,-0.0014779620822178022,-0.0014779620822178022
5218,-0.0001414434034162,-0.001334648370807197,-0.001334648370807197
5219,0.0002393361497710501,-0.0013951403985934011,-0.0013951403985934011
5220,-0.000415391699833075,-0.001235974513645351,-0.001235974513645351
5221,-0.0013073862769203862,-0.0014432741313642446,-0.0014432741313642446
5222,-0.0006258823159335501,-0.0012950036959979002,-0.0012950036959979002
5223,-0.0015273851694511589,-0.0015876447978866333,-0.0015876447978866333
5224,0.00013991043322832505,-0.001213245932574939,-0.001213245932574939
5225,-0.00033019681125065,-0.0015216173894573584,-0.0015216173894573584
5226,-0.001284341393861575,-0.001318640052871423,-0.001318640052871423
5227,-0.0013521929298921,-0.0012652325631880182,-0.0012652325631880182
5228,-0.00021557530961002498,-0.00149809417468101,-0.00149809417468101
5229,-0.000728299539213925,-0.0012151962479631173,-0.0012151962479631173
5230,-0.001579138083271925,-0.0014983778461794101,-0.0014983778461794101
5231,-0.00024153535129702505,-0.0014392303036309326,-0.0014392303036309326
5232,0.00010388357486682497,-0.0012918617208937824,-0.0012918617208937824
5233,-0.000550895107688625,-0.0013016739519448389,-0.0013016739519448389
5234,-0.00171282385936675,-0.0014376929726193075,-0.0014376929726193075
5235,-0.0002904661326501,-0.0011551004785194463,-0.0011551004785194463
5236,-0.0007742875053133749,-0.0012086744708197671,-0.0012086744708197671
5237,-0.0013022978592436,-0.0014349796667970196,-0.0014349796667970196
5238,-0.0010107511551646,-0.0013855731918908998,-0.0013855731918908998
5239,-0.0006479720638793249,-0.0012412815455937168,-0.0012412815455937168
5240,-0.0018564182368709,-0.0014475515634820098,-0.0014475515634820098
5241,-0.001363772763931975,-0.0013814611964673028,-0.0013814611964673028
5242,-0.00032657404530497504,-0.0012155181061040425,-0.0012155181061040425
5243,-0.0005174683522506249,-0.0014235680519285477,-0.0014235680519285477
5244,-0.0030935720706877254,-0.001446331401028815,-0.001446331401028815
5245,-0.00168040282854625,-0.0013782622304148882,-0.0013782622304148882
5246,-0.0005898909425190878,-0.0013841046067338905,-0.0013841046067338905
5247,-0.0008900413399956501,-0.001399234958220766,-0.001399234958220766
5248,-0.0007820125971688249,-0.0015019850830780613,-0.0015019850830780613
5249,-0.002213781077756325,-0.001371187963539003,-0.001371187963539003
5250,-0.0008502799108054,-0.0013230034662223078,-0.0013230034662223078
5251,-0.00135370576882735,-0.0013653965979430445,-0.0013653965979430445
5252,-0.00078757677049915,-0.0010574992232088422,-0.0010574992232088422
5253,-0.0005521821611627999,-0.0013527900166777622,-0.0013527900166777622
5254,-0.0011594269230672499,-0.001396630235177776,-0.001396630235177776
5255,-0.000638705107914625,-0.0012195610110000952,-0.0012195610110000952
5256,-0.0011191752798759308,-0.0014139201376881945,-0.0014139201376881945
5257,0.00047524736838604995,-0.0013685003868671337,-0.0013685003868671337
5258,-0.0008044244295108999,-0.0012331339515382247,-0.0012331339515382247
5259,-0.000308877083473825,-0.0013511096938474097,-0.0013511096938474097
5260,-0.0009344171141662251,-0.0013125662230893242,-0.0013125662230893242
5261,-0.00029252480678829454,-0.0013931461785102388,-0.0013931461785102388
5262,-0.0018409392418621,-0.0013857588622226882,-0.0013857588622226882
5263,-0.0009560671426602,-0.001139256238768666,-0.001139256238768666
5264,-0.000372666145749375,-0.0011189867727276089,-0.0011189867727276089
5265,-0.00078622901049895,-0.0011446157436052372,-0.0011446157436052372
5266,-0.0005090379559395699,-0.0014784668639976433,-0.0014784668639976433
5267,-0.001572246978185625,-0.001342363553039473,-0.001342363553039473
5268,-0.0003088894632513,-0.0011794044220334496,-0.0011794044220334496
5269,-0.00171271526941145,-0.0013627713507320801,-0.0013627713507320801
5270,-0.00103146577272295,-0.0014376328019588408,-0.0014376328019588408
5271,-0.0014133534738064498,-0.0014566639093918088,-0.0014566639093918088
5272,-0.000928422063408125,-0.0011895666687409478,-0.0011895666687409478
5273,-0.001684250555272975,-0.0013032255429627898,-0.0013032255429627898
5274,-0.0018850693850718,-0.0015382044784049537,-0.0015382044784049537
5275,-0.001163251217791025,-0.0011803290319534316,-0.0011803290319534316
5276,0.0007336251983918001,-0.0014346324673425428,-0.0014346324673425428
5277,-0.00064255042416,-0.0016174708038958854,-0.0016174708038958854
5278,-0.000836059426130325,-0.00128332469111877,-0.00128332469111877
5279,-0.001002136909576825,-0.0014797150248408908,-0.0014797150248408908
5280,-0.0011169404476505,-0.0012790762205101443,-0.0012790762205101443
5281,-0.00045747163213217504,-0.001651729275468881,-0.001651729275468881
5282,-0.0011281176801340887,-0.0014818382215318695,-0.0014818382215318695
5283,-0.000684128734281125,-0.0012444595832523135,-0.0012444595832523135
5284,-0.0014952589038091,-0.0012310883224565786,-0.0012310883224565786
5285,-1.9325472479100056e-05,-0.0011959232516790368,-0.0011959232516790368
5286,-0.000271115560737975,-0.0013848299261510191,-0.0013848299261510191
5287,-0.0012157017123218751,-0.0012204731670723476,-0.0012204731670723476
5288,-0.0003259983602164134,-0.0012714170776553582,-0.0012714170776553582
5289,-0.0012403961216686501,-0.0012641702160732238,-0.0012641702160732238
5290,-0.00120670423527075,-0.001324790353729701,-0.001324790353729701
5291,-0.000291766635863725,-0.0012424725703777738,-0.0012424725703777738
5292,-0.0004303295630025014,-0.0013675148455311375,-0.0013675148455311375
5293,-0.0003379504512625814,-0.0014055819347924972,-0.0014055819347924972
5294,-0.00101815575890865,-0.0013207061649722703,-0.0013207061649722703
5295,-0.00064887313887835,-0.001278956532496573,-0.001278956532496573
5296,9.007510780199986e-06,-0.0013120889162495843,-0.0013120889162495843
5297,-0.0005252708142299751,-0.0011698154993640515,-0.0011698154993640515
5298,-0.00034273135850819994,-0.0014459054671661076,-0.0014459054671661076
5299,-0.0008710796849725324,-0.0011880892767167095,-0.0011880892767167095
5300,-0.0007971748245127,-0.0013048340791377293,-0.0013048340791377293
5301,-0.0012997824219681,-0.0013794425541568782,-0.0013794425541568782
5302,-0.0013836814766364,-0.0015126713037659223,-0.0015126713037659223
5303,-0.0018381045869677,-0.001518148009510617,-0.001518148009510617
5304,-0.00013088309630412498,-0.0011867957473855502,-0.0011867957473855502
5305,-0.0006230357644097749,-0.001493764194412495,-0.001493764194412495
5306,-0.001023369003461225,-0.0011091343461853555,-0.0011091343461853555
5307,-0.00024456089252785,-0.0013238610025778851,-0.0013238610025778851
5308,-0.0008781445813144887,-0.0013887063113169856,-0.0013887063113169856
5309,-0.0012448822138266752,-0.0014795996325243303,-0.0014795996325243303
5310,-0.001131498941252975,-0.001221397601900165,-0.001221397601900165
5311,-0.001439321620656925,-0.0012016913730221533,-0.0012016913730221533
5312,-0.0011542762293901925,-0.0014652130683545444,-0.0014652130683545444
5313,-0.000960586446876475,-0.0013816022955131665,-0.0013816022955131665
5314,-0.001016552933576925,-0.0013353112205081782,-0.0013353112205081782
5315,-0.00045676142004045,-0.001438447419196869,-0.001438447419196869
5316,-0.0019775276921993254,-0.0013889202342401625,-0.0013889202342401625
5317,-0.0002955525274373,-0.0016302648222427816,-0.0016302648222427816
5318,-0.00103071170885115,-0.0013770528937809621,-0.0013770528937809621
5319,-0.000363378105152125,-0.0014713116584099465,-0.0014713116584099465
5320,-0.00097071373377315,-0.001429695894305104,-0.001429695894305104
5321,-0.000988049462851975,-0.0013870275615203178,-0.0013870275615203178
5322,-0.00019787110179885,-0.0014871542187045639,-0.0014871542187045639
5323,-0.0010560721833592001,-0.0012369169856064385,-0.0012369169856064385
5324,-0.0018810852776967252,-0.0014803625793966628,-0.0014803625793966628
5325,0.00038422938971382505,-0.0014042754864840737,-0.0014042754864840737
5326,-0.0004195100281941589,-0.00114179034486304,-0.00114179034486304
5327,-0.00027558390608452504,-0.0011192817622103534,-0.0011192817622103534
5328,-0.0002687579575082,-0.0012676905206901433,-0.0012676905206901433
5329,-0.0012162138365797751,-0.0014488949296049569,-0.0014488949296049569
5330,-0.0014873596077181065,-0.0014970933212798342,-0.0014970933212798342
5331,-0.0012883421204707248,-0.001496230936834899,-0.001496230936834899
5332,-5.8528524882650004e-05,-0.0014869163295172507,-0.0014869163295172507
5333,-0.00068128821279105,-0.0012754377949872793,-0.0012754377949872793
5334,-0.0015676908104745252,-0.001255291558022325,-0.001255291558022325
5335,-0.0013430867871483249,-0.0013138450947975109,-0.0013138450947975109
5336,0.00084620694809245,-0.0013578955788641715,-0.0013578955788641715
5337,-0.001012654329137175,-0.001553963540844535,-0.001553963540844535
5338,7.248081309917494e-05,-0.001054788028993412,-0.001054788028993412
5339,-0.00091066041981585,-0.00156241871302165,-0.00156241871302165
5340,-0.0009564441939579001,-0.0012878185711331525,-0.0012878185711331525
5341,-0.00040724536431910004,-0.0012412896729076738,-0.0012412896729076738
5342,-0.00077173157167475,-0.0012948348318245796,-0.0012948348318245796
5343,-0.000792173857602,-0.0014092259507632885,-0.0014092259507632885
5344,-0.0008383336470871001,-0.0013051192183513487,-0.0013051192183513487
5345,-0.0008953570221325001,-0.001111839519646064,-0.001111839519646064
5346,-0.0011010796002910751,-0.0012854011702352762,-0.0012854011702352762
5347,-0.0006076408413139807,-0.0012838689618088382,-0.0012838689618088382
5348,-0.0008387574899934,-0.0012573778808001627,-0.0012573778808001627
5349,-0.0003590736740383,-0.0014436266042853875,-0.0014436266042853875
5350,-0.0014417536162544503,-0.0012901411376250017,-0.0012901411376250017
5351,0.000759161055967975,-0.00138147816163903,-0.00138147816163903
5352,-0.0013396610686545749,-0.0013547420278952952,-0.0013547420278952952
5353,-0.00049281739299605,-0.0012709132756427443,-0.0012709132756427443
5354,-0.0025667187929985,-0.0011785187597195385,-0.0011785187597195385
5355,-0.00031643381980972507,-0.0013013397103239885,-0.0013013397103239885
5356,-0.0010492288831212499,-0.0012398604871669942,-0.0012398604871669942
5357,-0.000962171129352775,-0.001265503692801799,-0.001265503692801799
5358,-0.000639924723100575,-0.001331276130225146,-0.001331276130225146
5359,-0.0009016789424225937,-0.0013825767654874355,-0.0013825767654874355
5360,-0.001391487395720575,-0.0011530665673176476,-0.0011530665673176476
5361,-0.0012271859509387251,-0.0013227187419710244,-0.0013227187419710244
5362,-0.0011383117010683001,-0.0011556654964569252,-0.0011556654964569252
5363,-0.0014257006384746501,-0.0013655933966746881,-0.0013655933966746881
5364,-0.00016599445003307502,-0.0016131200389934,-0.0016131200389934
5365,-0.000297303280877675,-0.0012270618062320635,-0.0012270618062320635
5366,-0.00048188548771255983,-0.0015166420164178212,-0.0015166420164178212
5367,-0.001761134787224175,-0.0013641504950601408,-0.0013641504950601408
5368,-0.0007273909395850596,-0.0012371921825039649,-0.0012371921825039649
5369,-0.0005952812232217846,-0.0014004829987114896,-0.0014004829987114896
5370,-0.000368536064706275,-0.0012170473438981484,-0.0012170473438981484
5371,-0.0004906451164801001,-0.0011494502697989228,-0.0011494502697989228
5372,-0.0009403865106868488,-0.0013377031254761243,-0.0013377031254761243
5373,-0.000654947060421,-0.001305540946215055,-0.001305540946215055
5374,-0.0016601097179618,-0.00135124768214214,-0.00135124768214214
5375,-0.0012017155092158,-0.0014858076760614922,-0.0014858076760614922
5376,-0.0005030965967546489,-0.0012943747377333246,-0.0012943747377333246
5377,-0.00030595127899730003,-0.0012276877553323033,-0.0012276877553323033
5378,-0.0006685721773651697,-0.001531973758097159,-0.001531973758097159
5379,-0.0005197291186991999,-0.001469763620494678,-0.001469763620494678
5380,-0.000506178053504275,-0.0012275521709518608,-0.0012275521709518608
5381,-0.0009162552083396999,-0.0012196397787923266,-0.0012196397787923266
5382,-0.00019506905709957496,-0.0011282866035661149,-0.0011282866035661149
5383,-0.0014543489279694,-0.0014261258956936894,-0.0014261258956936894
5384,-0.0012153270641452,-0.001286083372132138,-0.001286083372132138
5385,-0.00046594850349819387,-0.0010988144205672195,-0.0010988144205672195
5386,-0.000784518570606125,-0.0013765528321033203,-0.0013765528321033203
5387,-0.0008330520976692752,-0.001256052547235499,-0.001256052547235499
5388,-0.001321662999554225,-0.0016256152234405633,-0.0016256152234405633
5389,-0.00059338397956305,-0.0012194337244974848,-0.0012194337244974848
5390,-0.002404850878158575,-0.001516380044291191,-0.001516380044291191
5391,-0.000658926942255425,-0.0012918633715636731,-0.0012918633715636731
5392,-0.0011399432339302352,-0.0013934377316278202,-0.0013934377316278202
5393,-0.0007092400407794251,-0.0012366343810182438,-0.0012366343810182438
5394,-0.0010323274961229001,-0.0015034872912802668,-0.0015034872912802668
5395,-0.001340451805701675,-0.0013418256381662838,-0.0013418256381662838
5396,-0.0009683828392194141,-0.001546269687869429,-0.001546269687869429
5397,-0.0014247226870769,-0.0015651990689499664,-0.0015651990689499664
5398,-0.0017989623631382502,-0.001494340902446838,-0.001494340902446838
5399,-0.001358463778693675,-0.0014372279452244615,-0.0014372279452244615
5400,-0.0008242325454507431,-0.0013750458816472568,-0.0013750458816472568
5401,-0.0009678460481373501,-0.0011237659247790822,-0.0011237659247790822
5402,-0.000659066793798025,-0.0014078440781738707,-0.0014078440781738707
5403,-0.00124321708978395,-0.0012512171408381706,-0.0012512171408381706
5404,-0.00110329579682085,-0.0012538773687874618,-0.0012538773687874618
5405,-0.0002452897483697,-0.0011598377379362767,-0.0011598377379362767
5406,-0.0006691443750005751,-0.0013152319487123299,-0.0013152319487123299
5407,-0.000604318240707275,-0.001279475382660325,-0.001279475382660325
5408,-0.0018323723887901,-0.001364336394359225,-0.001364336394359225
5409,-0.0013763675974408,-0.0015458010533179784,-0.0015458010533179784
5410,-5.488999539272503e-05,-0.0014084567851478027,-0.0014084567851478027
5411,-0.0013143777054552,-0.0013812392800587599,-0.0013812392800587599
5412,-0.000644634733558725,-0.0011150333654022942,-0.0011150333654022942
5413,-0.00135459753348485,-0.0012599711357519996,-0.0012599711357519996
5414,-0.001042654237039325,-0.001428784780868746,-0.001428784780868746
5415,-0.000947555913059825,-0.0013657320384511242,-0.0013657320384511242
5416,-0.001158808584944575,-0.0013769181377396294,-0.0013769181377396294
5417,-0.0012263522646610249,-0.001492769505716262,-0.001492769505716262
5418,-0.0015487155180692498,-0.001389451399404455,-0.001389451399404455
5419,-0.0016914565611678499,-0.0012305369949239156,-0.0012305369949239156
5420,-0.00043092588081685004,-0.0013276461004574755,-0.0013276461004574755
5421,-0.001006262913526775,-0.0012368865074621847,-0.0012368865074621847
5422,-0.001466648828016575,-0.0013189693316572402,-0.0013189693316572402
5423,-0.0015736202766333997,-0.0013390726783574685,-0.0013390726783574685
5424,-0.00150511719750635,-0.001385050205282314,-0.001385050205282314
5425,-0.00023924436138803406,-0.0014560054497663485,-0.0014560054497663485
5426,-0.0009835197878636,-0.0013436228502064084,-0.0013436228502064084
5427,-0.00087011102827805,-0.0012771655172874362,-0.0012771655172874362
5428,-0.001493693847163225,-0.0014354925702934034,-0.0014354925702934034
5429,-0.000424963693953425,-0.0015274249541434965,-0.0015274249541434965
5430,-0.00091137170990135,-0.0014592754815328016,-0.0014592754815328016
5431,-0.0010981289383424251,-0.0013772034391092993,-0.0013772034391092993
5432,-0.001097031236607225,-0.0013949604985217612,-0.0013949604985217612
5433,-0.000672724582774475,-0.001302516430619101,-0.001302516430619101
5434,-0.0005722643389759,-0.0011882126813959001,-0.0011882126813959001
5435,-0.001741125914085925,-0.0012072611852744384,-0.0012072611852744384
5436,-0.000727925489316425,-0.0012258140145543937,-0.0012258140145543937
5437,-0.001107344465993325,-0.0013146800307289035,-0.0013146800307289035
5438,-0.0013825589608359751,-0.001619018016534462,-0.001619018016534462
5439,-0.000683122265417425,-0.0015468046691153605,-0.0015468046691153605
5440,-0.001065671043738925,-0.0011269015238789548,-0.0011269015238789548
5441,-0.001742178345247175,-0.0014842331620153006,-0.0014842331620153006
5442,-0.0011437630406154,-0.0012963302973942234,-0.0012963302973942234
5443,-0.001717586372441475,-0.0012684055798637577,-0.0012684055798637577
5444,-0.001057418950477325,-0.0013957248332788217,-0.0013957248332788217
5445,-0.0009907570666852499,-0.001343993001977717,-0.001343993001977717
5446,-0.0013773258815336,-0.001531322817866838,-0.001531322817866838
5447,-0.00076852725853355,-0.0012078862580969952,-0.0012078862580969952
5448,-0.0012908004798947751,-0.0012278955711770624,-0.0012278955711770624
5449,-0.00072555131433105,-0.0011903990795853036,-0.0011903990795853036
5450,-0.0006607653987300488,-0.0016337079210930509,-0.0016337079210930509
5451,-0.0006966078903992,-0.0013610579950863037,-0.0013610579950863037
5452,-0.0015210297265878998,-0.0014128978799167087,-0.0014128978799167087
5453,-0.0015094165515925,-0.001309123408227084,-0.001309123408227084
5454,-0.00107905862316175,-0.0014500768566119088,-0.0014500768566119088
5455,-0.0006975122876239,-0.001420548052518758,-0.001420548052518758
5456,-0.0007250287073903583,-0.0013214124018744544,-0.0013214124018744544
5457,-0.000191482340088175,-0.001261622434661336,-0.001261622434661336
5458,-0.0008412128735894,-0.0011436416126007014,-0.0011436416126007014
5459,-0.00066589429594175,-0.0014458246648081869,-0.0014458246648081869
5460,-0.00100846280939685,-0.0013226953715281507,-0.0013226953715281507
5461,-0.0006489659395726,-0.001401052076392966,-0.001401052076392966
5462,-0.000299702929603525,-0.0014581318749339002,-0.0014581318749339002
5463,-0.00033953865163075,-0.00126456021327458,-0.00126456021327458
5464,-0.00176894767300745,-0.0014678629454786714,-0.0014678629454786714
5465,-0.0007752826121808307,-0.0013331716417791177,-0.0013331716417791177
5466,-0.001433374981805725,-0.0012880022896177225,-0.0012880022896177225
5467,-0.000885086453112375,-0.001370126678432374,-0.001370126678432374
5468,-0.001077284606610383,-0.0012781042492617742,-0.0012781042492617742
5469,-0.0015058572862629751,-0.0012813219999800245,-0.0012813219999800245
5470,-0.00118037035987475,-0.001219098474904668,-0.001219098474904668
5471,-0.001341878913011825,-0.0014479320549061,-0.0014479320549061
5472,-0.00152197063507235,-0.0012060652086724414,-0.0012060652086724414
5473,-0.0011019090588998501,-0.0012738395117165727,-0.0012738395117165727
5474,-0.0009347694530957751,-0.0013535844920634704,-0.0013535844920634704
5475,-0.000516452829039925,-0.0013678302512845184,-0.0013678302512845184
5476,-0.00156126788400455,-0.0012746798469194188,-0.0012746798469194188
5477,-0.0006519867392571,-0.001334362028249248,-0.001334362028249248
5478,-0.0010936118182075,-0.0014750938349295342,-0.0014750938349295342
5479,-0.000809717398306275,-0.0010645970727521672,-0.0010645970727521672
5480,-0.00047161288328804996,-0.0014484779329594424,-0.0014484779329594424
5481,-0.000651929566987775,-0.0015696271803131603,-0.0015696271803131603
5482,-0.00022617347074517497,-0.0012834395186072038,-0.0012834395186072038
5483,-0.0004911297293530999,-0.0012649742320323275,-0.0012649742320323275
5484,-0.00053903237637945,-0.0013340332368462842,-0.0013340332368462842
5485,-0.0010556996148410186,-0.001418075356104749,-0.001418075356104749
5486,-0.00175748633985405,-0.0011242062874170194,-0.0011242062874170194
5487,-0.000620673183452975,-0.0014783902770066075,-0.0014783902770066075
5488,-0.000485235388840775,-0.0012884323745889993,-0.0012884323745889993
5489,-0.0003225914101067,-0.0016766926893106043,-0.0016766926893106043
5490,-0.0005964025995816876,-0.0014166814965814064,-0.0014166814965814064
5491,-0.000818739409924275,-0.0010248619542112048,-0.0010248619542112048
5492,-0.0009646274186446749,-0.0013498092385240436,-0.0013498092385240436
5493,-0.001143189004268925,-0.0014444091245014374,-0.0014444091245014374
5494,-0.0001378405392517,-0.001219275916947278,-0.001219275916947278
5495,-0.0008536102483399,-0.0012807028848753146,-0.0012807028848753146
5496,-0.000530036511146375,-0.0014242094602391977,-0.0014242094602391977
5497,-0.0010822121508529251,-0.0012145508823988122,-0.0012145508823988122
5498,-0.000892246006068325,-0.0013132285990809648,-0.0013132285990809648
5499,-0.0015294157083901806,-0.0013621130097294612,-0.0013621130097294612
5500,-0.0008105746063007499,-0.001227939616085656,-0.001227939616085656
5501,-0.0005981029349669988,-0.001247920492025861,-0.001247920492025861
5502,-0.00091869429582345,-0.0014445801447777074,-0.0014445801447777074
5503,-0.00044605442541877316,-0.0012920384590681341,-0.0012920384590681341
5504,-0.0005713488778887454,-0.001349531384061861,-0.001349531384061861
5505,-0.0009381035380148499,-0.0013122735775903888,-0.0013122735775903888
5506,-0.0011779370104446,-0.0015125964156789387,-0.0015125964156789387
5507,0.00031851586671887496,-0.000983052652008577,-0.000983052652008577
5508,-0.00019077635486974996,-0.0013319002821058756,-0.0013319002821058756
5509,-0.0008861124603230001,-0.0013927364118792222,-0.0013927364118792222
5510,-0.0004041029299346,-0.0012879269417462706,-0.0012879269417462706
5511,-0.0016710109164872248,-0.0015921377862589752,-0.0015921377862589752
5512,-0.0006078192495455499,-0.0014242249731147912,-0.0014242249731147912
5513,-0.0005766875822326,-0.0012594677190642324,-0.0012594677190642324
5514,-0.000806702213692075,-0.0012838684361308147,-0.0012838684361308147
5515,-0.000777854413600075,-0.00124258432697937,-0.00124258432697937
5516,-0.0006789451962082,-0.0014515781387823886,-0.0014515781387823886
5517,-0.0003878135241277,-0.0013446494239037485,-0.0013446494239037485
5518,-0.0009502384766795999,-0.0014635973120148285,-0.0014635973120148285
5519,-0.00044356532741450007,-0.0012800079228062764,-0.0012800079228062764
5520,-0.0011728261139171696,-0.001137077235854121,-0.001137077235854121
5521,-0.0010808735167683499,-0.0013174914463328841,-0.0013174914463328841
5522,-0.0007652887017419999,-0.001459240614961706,-0.001459240614961706
5523,-0.000913449842041475,-0.001219476748184957,-0.001219476748184957
5524,-0.001076382026363275,-0.0015241861406787283,-0.0015241861406787283
5525,-0.000670100127303,-0.0012659484691909708,-0.0012659484691909708
5526,-0.00154199617569245,-0.0012451753410905012,-0.0012451753410905012
5527,-0.00040554713952709997,-0.0013506659737609133,-0.0013506659737609133
5528,-0.001021060833919675,-0.0012856094449869224,-0.0012856094449869224
5529,-0.00037288618513864997,-0.001517743677928076,-0.001517743677928076
5530,-0.0006749320482923803,-0.0012773213148170063,-0.0012773213148170063
5531,-0.00190091153693545,-0.001413352001964861,-0.001413352001964861
5532,-0.00058161053536695,-0.0013004932603427088,-0.0013004932603427088
5533,-0.0008522614111903001,-0.001500878289505135,-0.001500878289505135
5534,-0.0011261091197583499,-0.0014706564507239429,-0.0014706564507239429
5535,-0.00040385912783435,-0.0013270541293147916,-0.0013270541293147916
5536,-0.0011528103085175136,-0.001418003141156462,-0.001418003141156462
5537,-0.0008864952719106377,-0.0012830498561361985,-0.0012830498561361985
5538,-8.887481785174999e-05,-0.0012175663922839213,-0.0012175663922839213
5539,-0.00020806327434544998,-0.001210016256873083,-0.001210016256873083
5540,-0.0004739683311886,-0.0014923034668949601,-0.0014923034668949601
5541,-0.000745261140922475,-0.001222044100063181,-0.001222044100063181
5542,-0.00033266368220977497,-0.0014314057488915741,-0.0014314057488915741
5543,-0.00045702631107504997,-0.001219022372748824,-0.001219022372748824
5544,-0.0010505471307101749,-0.0012659386008659738,-0.0012659386008659738
5545,-0.000954894616329975,-0.0012881123662064943,-0.0012881123662064943
5546,-0.001357987485341125,-0.0013197108223833424,-0.0013197108223833424
5547,-0.0011004938354005499,-0.0013380993297955855,-0.0013380993297955855
5548,-0.001064282223646325,-0.0013977235191365818,-0.0013977235191365818
5549,-0.0007870062193755,-0.0013285448486533694,-0.0013285448486533694
5550,-0.001520287120667975,-0.0013885522052757653,-0.0013885522052757653
5551,-0.00013181140130859997,-0.0014558768723267556,-0.0014558768723267556
5552,-0.0007213775874184501,-0.0013474104552820467,-0.0013474104552820467
5553,-0.000690636699163425,-0.0011916391264014546,-0.0011916391264014546
5554,0.00025396997714292494,-0.0012640525297012606,-0.0012640525297012606
5555,-0.00013180250729257504,-0.0012070597958898166,-0.0012070597958898166
5556,-0.001081061331177275,-0.001388414568481102,-0.001388414568481102
5557,-0.00039637008818748536,-0.0012324912406531758,-0.0012324912406531758
5558,0.0005411625210194251,-0.0012947958787095021,-0.0012947958787095021
5559,-0.00011900759725815002,-0.0012291640125791333,-0.0012291640125791333
5560,-0.00031320163549120007,-0.001052841651141074,-0.001052841651141074
5561,-0.001267713426536975,-0.0013851412369630953,-0.0013851412369630953
5562,-0.0011840219254876999,-0.0014386257223229964,-0.0014386257223229964
5563,-0.0018491484179486502,-0.0012668359256851512,-0.0012668359256851512
5564,-0.0013446649632133751,-0.0013626624532904258,-0.0013626624532904258
5565,-0.001293532608158775,-0.001469736302173794,-0.001469736302173794
5566,-0.00118774783833035,-0.0013266709011921036,-0.0013266709011921036
5567,-9.724212272507504e-05,-0.0013893292909989987,-0.0013893292909989987
5568,-0.000768691069888525,-0.001550468005420179,-0.001550468005420179
5569,-0.0017715293102302,-0.0016347322271972754,-0.0016347322271972754
5570,-0.00082507332348705,-0.0014222629729889167,-0.0014222629729889167
5571,0.00022327571095929216,-0.0012040078362004283,-0.0012040078362004283
5572,-0.0011164540669888,-0.0013848052690299906,-0.0013848052690299906
5573,-0.0008214004920996749,-0.0013737060408032656,-0.0013737060408032656
5574,-0.0011075065697962,-0.001283942767264627,-0.001283942767264627
5575,-0.00023158647091785,-0.0012054385067158577,-0.0012054385067158577
5576,-0.0004613603861195499,-0.0015215430683867795,-0.0015215430683867795
5577,-0.0012557653987422,-0.0012309741114005803,-0.0012309741114005803
5578,-0.00039468346849772494,-0.0015073634767462497,-0.0015073634767462497
5579,-0.001348958735085225,-0.0012655182483025259,-0.0012655182483025259
5580,-0.001312903267932625,-0.001317976529196124,-0.001317976529196124
5581,-0.001365717012112125,-0.0015673871500760542,-0.0015673871500760542
5582,-0.0014320956492391251,-0.0014510556057178515,-0.0014510556057178515
5583,-0.0009071001227405251,-0.0013589079042535005,-0.0013589079042535005
5584,-0.001414471679456,-0.0013798874074363416,-0.0013798874074363416
5585,-0.0014598887781870251,-0.0011650601233130172,-0.0011650601233130172
5586,-0.0008192291741988,-0.0013764361947648277,-0.0013764361947648277
5587,-0.00075411231604475,-0.0013578915509297005,-0.0013578915509297005
5588,0.00020816055151902496,-0.0012371986817200594,-0.0012371986817200594
5589,-0.0005550642177722001,-0.0012097573342068257,-0.0012097573342068257
5590,-0.0006363913728802181,-0.0014089833601601295,-0.0014089833601601295
5591,-0.0004937594990451249,-0.0013969590973220238,-0.0013969590973220238
5592,-0.0010613967439976751,-0.0016559328677468736,-0.0016559328677468736
5593,-0.0006696205664121751,-0.0014060662698968547,-0.0014060662698968547
5594,-0.001123674858147775,-0.0013162926188433116,-0.0013162926188433116
5595,-0.0012454635220411105,-0.0015049370866744905,-0.0015049370866744905
5596,-0.00039780549319857496,-0.001055922415450343,-0.001055922415450343
5597,-0.0009300498555763501,-0.001234932075512399,-0.001234932075512399
5598,-0.0016018626977247,-0.0015114497221297674,-0.0015114497221297674
5599,-0.00157814557430405,-0.0014550031413858168,-0.0014550031413858168
5600,-0.000229557156586725,-0.0013492000430589879,-0.0013492000430589879
5601,-0.0007069128515797257,-0.0012683606649795981,-0.0012683606649795981
5602,-0.00077340542977445,-0.0015017505905097182,-0.0015017505905097182
5603,-0.0017992288172492001,-0.0015051514067594158,-0.0015051514067594158
5604,-0.000766729894413375,-0.0011949605270570969,-0.0011949605270570969
5605,-0.0009495956366638249,-0.0014150347909064076,-0.0014150347909064076
5606,-0.001197584784829375,-0.001347239474031687,-0.001347239474031687
5607,5.5567351869224965e-05,-0.001311289455210537,-0.001311289455210537
5608,-0.0006755965988793,-0.0013061133060991309,-0.0013061133060991309
5609,-0.0005562935130823249,-0.001231416616788645,-0.001231416616788645
5610,-9.787985475175e-05,-0.0013544985111270961,-0.0013544985111270961
5611,-0.0004975206687760403,-0.0013771091496353257,-0.0013771091496353257
5612,-0.001241770154315375,-0.0012834864799378745,-0.0012834864799378745
5613,-0.00040733032007302745,-0.0014042033745674573,-0.0014042033745674573
5614,-0.000632920712099775,-0.0012878427658902104,-0.0012878427658902104
5615,-0.000487262560421075,-0.0014208877011009078,-0.0014208877011009078
5616,-0.0015775761314075498,-0.0013745961828602717,-0.0013745961828602717
5617,-0.001440410104533925,-0.0016219691971282335,-0.0016219691971282335
5618,-6.763441206604999e-05,-0.0010341978526596425,-0.0010341978526596425
5619,-0.0007537823918100001,-0.0011562784285894846,-0.0011562784285894846
5620,-0.0013226413925762751,-0.0015506302810020158,-0.0015506302810020158
5621,-0.000378374541620025,-0.0015351476299998578,-0.0015351476299998578
5622,-0.0006257749626238499,-0.0013142566757985922,-0.0013142566757985922
5623,-0.0014867769089567,-0.0014058930581445897,-0.0014058930581445897
5624,-0.0004671231223107,-0.0011695797836643775,-0.0011695797836643775
5625,-0.00034377775040297497,-0.0015027648548966278,-0.0015027648548966278
5626,-0.00152063528525415,-0.0011200998619470151,-0.0011200998619470151
5627,-0.0008016154581775,-0.00142657082720618,-0.00142657082720618
5628,-0.0006860860335621999,-0.0014789682466592059,-0.0014789682466592059
5629,0.0001024561074694067,-0.0013486693474112855,-0.0013486693474112855
5630,-0.001054745757655525,-0.0014054458034769512,-0.0014054458034769512
5631,0.00033793843765034996,-0.0011445888855603067,-0.0011445888855603067
5632,-0.001142913222783375,-0.0010494152844987405,-0.0010494152844987405
5633,-0.00032553951124128413,-0.0013316567925993018,-0.0013316567925993018
5634,-0.00142350787466115,-0.0012621785132200555,-0.0012621785132200555
5635,-0.0004842921215892,-0.0013240752918384207,-0.0013240752918384207
5636,-0.0011048326291537554,-0.001430598753355919,-0.001430598753355919
5637,-0.0004737533087384,-0.0012901232812670795,-0.0012901232812670795
5638,-0.0012667962815501,-0.0013531518533566765,-0.0013531518533566765
5639,-0.00065739832921315,-0.001148747943463128,-0.001148747943463128
5640,-0.000973879550242409,-0.0014596302508781372,-0.0014596302508781372
5641,-0.0015612524782231,-0.0012511947367771187,-0.0012511947367771187
5642,-0.000166127986865775,-0.0013863128877133516,-0.0013863128877133516
5643,-0.001448100540338075,-0.0013471974313760341,-0.0013471974313760341
5644,-0.001076301350382725,-0.0014839278224948029,-0.0014839278224948029
5645,-0.00025041027622482503,-0.0012175144406371334,-0.0012175144406371334
5646,-0.000956345928191475,-0.0016170767876430236,-0.0016170767876430236
5647,-0.0017475883648526251,-0.0013424647245175337,-0.0013424647245175337
5648,-0.0013651479237804251,-0.0013044167009374683,-0.0013044167009374683
5649,0.00010481365216255001,-0.0012771180397447878,-0.0012771180397447878
5650,-0.0006219736784554,-0.0012221803274528877,-0.0012221803274528877
5651,-5.1985201868325005e-05,-0.0013422045984434047,-0.0013422045984434047
5652,-0.0017386900918904752,-0.001417643354059396,-0.001417643354059396
5653,-0.00127754901804965,-0.001486205514795739,-0.001486205514795739
5654,-0.0011541671248253252,-0.0012139758081026065,-0.0012139758081026065
5655,-0.0009007674019269501,-0.0014033908828317428,-0.0014033908828317428
5656,-6.841834755712503e-05,-0.0014819329402559786,-0.0014819329402559786
5657,-0.0007203021909779757,-0.0012462979277966918,-0.0012462979277966918
5658,-0.0011014188549994248,-0.0015378991230777202,-0.0015378991230777202
5659,-0.001248127808752038,-0.0012439865410429699,-0.0012439865410429699
5660,-0.000653836059999675,-0.001358433830094643,-0.001358433830094643
5661,-0.0008111299099431501,-0.001469722850886463,-0.001469722850886463
5662,-0.0022714005123544503,-0.0013669900957808082,-0.0013669900957808082
5663,-0.0009920504817612999,-0.0013473978063243065,-0.0013473978063243065
5664,-0.0009003931281664501,-0.0014655274284493182,-0.0014655274284493182
5665,-0.001087684744171475,-0.0016566800928563682,-0.0016566800928563682
5666,-0.0009464089573359921,-0.0010911239631607032,-0.0010911239631607032
5667,-0.001520276307585825,-0.001422760164051863,-0.001422760164051863
5668,-0.0020357195821137752,-0.0013427629642458292,-0.0013427629642458292
5669,-0.000699038707627675,-0.0013314431095133809,-0.0013314431095133809
5670,-0.000453525603820275,-0.0015395185919636475,-0.0015395185919636475
5671,-0.001145218056070225,-0.001425527816580255,-0.001425527816580255
5672,-0.0005955000824417751,-0.001477861542915833,-0.001477861542915833
5673,-0.0010160134995745,-0.0014470618146442107,-0.0014470618146442107
5674,-0.00054426496827535,-0.0012929402588813387,-0.0012929402588813387
5675,-0.001145408168638675,-0.0015092757371906287,-0.0015092757371906287
5676,-0.0005019511405142567,-0.0014252523398056035,-0.0014252523398056035
5677,-0.00143684108556905,-0.001505560117781568,-0.001505560117781568
5678,-0.000529629438887575,-0.0012754848016646172,-0.0012754848016646172
5679,-0.0008715578413327952,-0.001192605935644768,-0.001192605935644768
5680,-0.0020021646342639502,-0.0014099288180517272,-0.0014099288180517272
5681,-0.0010132926726720498,-0.0014494262159412195,-0.0014494262159412195
5682,-0.0008680545227743251,-0.0013778702891817794,-0.0013778702891817794
5683,-0.0003912856555055999,-0.0012536823179794846,-0.0012536823179794846
5684,-0.0008957555514403251,-0.0016668414213052835,-0.0016668414213052835
5685,-0.001868374516399325,-0.001372973716679496,-0.001372973716679496
5686,-0.000468997249034,-0.0014528893882630896,-0.0014528893882630896
5687,-0.0007788104767169,-0.0013580265984938107,-0.0013580265984938107
5688,-0.0016297303755944,-0.0014839155700091648,-0.0014839155700091648
5689,-8.152220052009995e-05,-0.0013549973209355485,-0.0013549973209355485
5690,-0.0012941234917807501,-0.0014401722950040205,-0.0014401722950040205
5691,-0.00013011667014172293,-0.0014542346390893973,-0.0014542346390893973
5692,-0.00163912181074195,-0.0014669405347483018,-0.0014669405347483018
5693,-0.0012683993827206752,-0.0014159035627410942,-0.0014159035627410942
5694,-0.0009527566620513999,-0.0014424432710932655,-0.0014424432710932655
5695,-0.0009732741764872,-0.001307746057967411,-0.001307746057967411
5696,-0.00079043138611385,-0.00140709725986968,-0.00140709725986968
5697,-0.0005784288083858001,-0.0012453060663685576,-0.0012453060663685576
5698,-0.00040823579946324995,-0.001329359364249334,-0.001329359364249334
5699,-0.00157549119137535,-0.0012834210252142414,-0.0012834210252142414
5700,-0.0009264737586194501,-0.001012978987142146,-0.001012978987142146
5701,-0.0009083452167165001,-0.0014368532763222141,-0.0014368532763222141
5702,-0.0008561027140767999,-0.0014992651527973532,-0.0014992651527973532
5703,-0.00023022769895333434,-0.0011832991067279091,-0.0011832991067279091
5704,-0.00074354524875995,-0.0013935809126587617,-0.0013935809126587617
5705,-0.0008050066117091999,-0.0013778049829720682,-0.0013778049829720682
5706,-0.000724338886288875,-0.0015487685526060313,-0.0015487685526060313
5707,-0.0005910233239693002,-0.001286175685233345,-0.001286175685233345
5708,-0.0006583845198659499,-0.001203171180812471,-0.001203171180812471
5709,-0.000500519357701425,-0.0014019959890536028,-0.0014019959890536028
5710,-0.00112826890860515,-0.0012380635277765724,-0.0012380635277765724
5711,-0.0013001229632611999,-0.0012911513944593247,-0.0012911513944593247
5712,-0.001811318478529525,-0.001282891649493926,-0.001282891649493926
5713,-0.00042207079867025003,-0.0012433918977910149,-0.0012433918977910149
5714,-0.00100502028297345,-0.001402211670150602,-0.001402211670150602
5715,-0.00022761636803820005,-0.0015372621324025505,-0.0015372621324025505
5716,-0.0011309914180752,-0.0015800698963639708,-0.0015800698963639708
5717,-0.0016663504915256,-0.0014958462216952218,-0.0014958462216952218
5718,-0.0004061758675437068,-0.0013987173270897694,-0.0013987173270897694
5719,-0.0019313235772084499,-0.0014401554742079826,-0.0014401554742079826
5720,-0.001364330307967725,-0.0014373209380916336,-0.0014373209380916336
5721,-0.0006185754620383751,-0.001383495543569924,-0.001383495543569924
5722,-0.002079373195314354,-0.0013477218501871458,-0.0013477218501871458
5723,-0.0009153167841071939,-0.0014036152860302982,-0.0014036152860302982
5724,-0.0008869392960742539,-0.0011159127390521636,-0.0011159127390521636
5725,-0.00073427917421465,-0.0014629828920472618,-0.0014629828920472618
5726,-0.000819311379422106,-0.0013250088466250668,-0.0013250088466250668
5727,-0.001964962789189875,-0.001395860842321177,-0.001395860842321177
5728,-0.000330342413061625,-0.0014387725705023694,-0.0014387725705023694
5729,-0.001225459870809025,-0.0012716004913205874,-0.0012716004913205874
5730,-0.0011375693910808703,-0.0014361295656800622,-0.0014361295656800622
5731,-9.846390304175002e-05,-0.0014945522928992022,-0.0014945522928992022
5732,-0.0017853275341533754,-0.001375533411429692,-0.001375533411429692
5733,-0.001037747623450525,-0.001342634400126558,-0.001342634400126558
5734,-0.0016821102268948249,-0.0014023657630593594,-0.0014023657630593594
5735,-0.000273877423518175,-0.0012325399383028596,-0.0012325399383028596
5736,-0.0008169535036971499,-0.0011898584536306175,-0.0011898584536306175
5737,-0.000898064593779925,-0.0011438433472131817,-0.0011438433472131817
5738,-9.574333789209997e-05,-0.0012526408963581738,-0.0012526408963581738
5739,-0.00017474446940872503,-0.0014985591838497414,-0.0014985591838497414
5740,-0.00192552070329315,-0.0013332097840055047,-0.0013332097840055047
5741,-0.0006363181632303695,-0.0012254002374791613,-0.0012254002374791613
5742,-0.0014598618116515001,-0.0014789532616336944,-0.0014789532616336944
5743,-0.00162793071501965,-0.0015062718943502616,-0.0015062718943502616
5744,-0.0008255699905435,-0.0012990018024370926,-0.0012990018024370926
5745,-0.0020266225656912,-0.0012651600341407638,-0.0012651600341407638
5746,-0.0007565270487393501,-0.0016140078989446333,-0.0016140078989446333
5747,-0.001474345028750125,-0.00158508023986971,-0.00158508023986971
5748,-0.001253196383593125,-0.0012450923545311192,-0.0012450923545311192
5749,-0.00101875999658785,-0.0016441830296797413,-0.0016441830296797413
5750,-0.0009417960083172999,-0.0015242386413147945,-0.0015242386413147945
5751,-0.0005030296769815918,-0.0014233983844402502,-0.0014233983844402502
5752,5.5854348115425006e-05,-0.0012220825131303943,-0.0012220825131303943
5753,-0.0016607043305388498,-0.0015287313471149925,-0.0015287313471149925
5754,-0.0009491832532321855,-0.0013956405116955215,-0.0013956405116955215
5755,-0.0018279597650157,-0.0014510114420518815,-0.0014510114420518815
5756,-0.0012716804942439998,-0.0012475886324544699,-0.0012475886324544699
5757,-0.001313130708510775,-0.0012707380466052169,-0.0012707380466052169
5758,-0.00120134957134735,-0.0015465844338178616,-0.0015465844338178616
5759,-0.00195369108502045,-0.001457239621688188,-0.001457239621688188
5760,-0.001213155841596725,-0.0015557953118943736,-0.0015557953118943736
5761,-0.0008561139696311251,-0.0014130313249502708,-0.0014130313249502708
5762,-0.000945097062035425,-0.0014605870759003968,-0.0014605870759003968
5763,-0.0005545230154801,-0.0011917395258568971,-0.0011917395258568971
5764,-0.00033636213823529993,-0.0012017252016659479,-0.0012017252016659479
5765,-0.000538377475747825,-0.0013480719433879402,-0.0013480719433879402
5766,-0.0008759053146660202,-0.0014107021369441231,-0.0014107021369441231
5767,-0.001225337993596175,-0.0010553009903878792,-0.0010553009903878792
5768,-0.00064413499432975,-0.0013675923773709996,-0.0013675923773709996
5769,5.732540995357498e-05,-0.001145471810580953,-0.001145471810580953
5770,-0.00068431520032545,-0.0013535738343444798,-0.0013535738343444798
5771,-0.000366362154758075,-0.001270560096218471,-0.001270560096218471
5772,-0.00128034875646055,-0.0014125194708099296,-0.0014125194708099296
5773,-0.00035509840229215,-0.0013213021662090423,-0.0013213021662090423
5774,-0.00102049962438245,-0.0014257989547815108,-0.0014257989547815108
5775,-0.0013883005056275252,-0.0014201506729841036,-0.0014201506729841036
5776,-0.00063607854910445,-0.001348634353432834,-0.001348634353432834
5777,-0.0008700277136797789,-0.0010274117965462862,-0.0010274117965462862
5778,-0.000721316917026525,-0.0012165224138754771,-0.0012165224138754771
5779,-0.001279605358537075,-0.0011504360366381746,-0.0011504360366381746
5780,-0.0006055543637519751,-0.001487824865063566,-0.001487824865063566
5781,-0.001009246674457375,-0.001284712810861819,-0.001284712810861819
5782,-0.00021260767019235004,-0.0011009095064530127,-0.0011009095064530127
5783,-0.0005176995855638001,-0.0014689339163066536,-0.0014689339163066536
5784,-0.000174616148696125,-0.001361390625000772,-0.001361390625000772
5785,-0.0010503571399727999,-0.0014234473477041949,-0.0014234473477041949
5786,-0.0007528155401120577,-0.0014791744846378713,-0.0014791744846378713
5787,-0.0013424945738290499,-0.0013972488424621528,-0.0013972488424621528
5788,-0.0010885259557742752,-0.0014144102968591595,-0.0014144102968591595
5789,-0.00042432444672167496,-0.001080703514298521,-0.001080703514298521
5790,-0.0008516498572573826,-0.001504379276256856,-0.001504379276256856
5791,-0.0006261382589548,-0.0012561819616291618,-0.0012561819616291618
5792,-0.001496923487511575,-0.0013740344459903773,-0.0013740344459903773
5793,-0.001055448162100025,-0.001336879156973531,-0.001336879156973531
5794,-0.0010287717018164,-0.0014753904352725548,-0.0014753904352725548
5795,-0.0005225739090586749,-0.0013230446728252,-0.0013230446728252
5796,-0.0009176190928255499,-0.0013153373800625268,-0.0013153373800625268
5797,-0.0014591021199572,-0.0013578837692646481,-0.0013578837692646481
5798,-0.0003344146319179751,-0.0014999575215508406,-0.0014999575215508406
5799,-0.0010723460908682251,-0.001326499054761645,-0.001326499054761645
5800,-0.000119463512011875,-0.0011816811881131238,-0.0011816811881131238
5801,-0.0002975241473282215,-0.0015633554121379338,-0.0015633554121379338
5802,-0.001058312334589275,-0.0011726023922697766,-0.0011726023922697766
5803,-0.0007018488594113249,-0.0013102190553243784,-0.0013102190553243784
5804,-0.0012798980592160318,-0.001204367130028305,-0.001204367130028305
5805,-0.001003470781179275,-0.0013346794722334523,-0.0013346794722334523
5806,-0.001231069075679825,-0.0013218898581821782,-0.0013218898581821782
5807,-0.0010745097137652999,-0.0012623752091566512,-0.0012623752091566512
5808,-0.00074099406788385,-0.0015223139946010373,-0.0015223139946010373
5809,-3.4760278033424923e-06,-0.0015544199710113239,-0.0015544199710113239
5810,-0.000557565028238225,-0.0013254631853077934,-0.0013254631853077934
5811,-0.000644498147414275,-0.0014053690346443632,-0.0014053690346443632
5812,-0.00011186956043872498,-0.001061442260707932,-0.001061442260707932
5813,0.0006133986340115914,-0.0012098191420429213,-0.0012098191420429213
5814,0.00013337660794239997,-0.0012776321735757908,-0.0012776321735757908
5815,-0.0017073077665685252,-0.0015486724232488115,-0.0015486724232488115
5816,-0.000542967109494775,-0.0012332821593712322,-0.0012332821593712322
5817,-0.0004364537055755557,-0.0013967422212945104,-0.0013967422212945104
5818,-2.2399295858049973e-05,-0.001260174529685281,-0.001260174529685281
5819,-0.0013068585264238998,-0.0014847727810532502,-0.0014847727810532502
5820,-0.0009892869636396,-0.001340031266780913,-0.001340031266780913
5821,-0.0006310193689713,-0.0013413757043713983,-0.0013413757043713983
5822,-0.0009091188068626499,-0.0013686214440926734,-0.0013686214440926734
5823,-0.001082679248043925,-0.0014825116932149622,-0.0014825116932149622
5824,-0.0010142643553765218,-0.0013697458227212292,-0.0013697458227212292
5825,0.0005791326992685749,-0.000995366303674861,-0.000995366303674861
5826,-0.00099244608293265,-0.001432772442121156,-0.001432772442121156
5827,-0.0009597327500804,-0.0014347639627286658,-0.0014347639627286658
5828,-0.000395445524781975,-0.0012442297136005863,-0.0012442297136005863
5829,-0.00025036819080832503,-0.0013908800555340042,-0.0013908800555340042
5830,-0.001232342748853775,-0.001122455020128682,-0.001122455020128682
5831,-0.00012569780111707502,-0.0014504379629269129,-0.0014504379629269129
5832,-0.001046553077041975,-0.0013898393509108775,-0.0013898393509108775
5833,-0.00083095592349315,-0.001298818588847366,-0.001298818588847366
5834,-0.000960378242947075,-0.0013128261104763887,-0.0013128261104763887
5835,-0.000929019371080567,-0.0012075616254844461,-0.0012075616254844461
5836,-0.0011090818958601001,-0.0015189993362808205,-0.0015189993362808205
5837,0.00018794450159512506,-0.0012079039024084199,-0.0012079039024084199
5838,-0.0003733436880926304,-0.0014289141210089063,-0.0014289141210089063
5839,-0.0010332659922065752,-0.0014872988867080093,-0.0014872988867080093
5840,-0.0014038917099197,-0.001515260556586036,-0.001515260556586036
5841,-0.0014529909403385249,-0.0013080876143423566,-0.0013080876143423566
5842,-0.00108985575105415,-0.0012818194247618997,-0.0012818194247618997
5843,-0.00016590115255452498,-0.001197185665181407,-0.001197185665181407
5844,1.4423205265700007e-05,-0.0012791018777812226,-0.0012791018777812226
5845,-0.0011652931252044499,-0.0013276416572732392,-0.0013276416572732392
5846,-0.0015746187944917001,-0.0015198416145314538,-0.0015198416145314538
5847,-5.3047309821100004e-05,-0.0010942011263826521,-0.0010942011263826521
5848,-0.00120764302956815,-0.0014533622982700126,-0.0014533622982700126
5849,-0.001746568566647975,-0.0013882875278196658,-0.0013882875278196658
5850,-0.0011191819141626752,-0.0012540739138348065,-0.0012540739138348065
5851,-0.00038575599283755,-0.0013968773996943617,-0.0013968773996943617
5852,-0.0008787221655753501,-0.0014476255323437207,-0.0014476255323437207
5853,-0.000950735691642925,-0.0013759436570269683,-0.0013759436570269683
5854,-0.0012560689917440252,-0.001483385400886086,-0.001483385400886086
5855,-0.001040616709009175,-0.001440886547395558,-0.001440886547395558
5856,-0.0002090589198136,-0.0012691116970504881,-0.0012691116970504881
5857,-0.000817327880428625,-0.0014893303243825363,-0.0014893303243825363
5858,-0.0007991770686077251,-0.0014233304500104796,-0.0014233304500104796
5859,-0.0008041488369076999,-0.0012969302045067656,-0.0012969302045067656
5860,-0.0006882542128387355,-0.0011241996329118334,-0.0011241996329118334
5861,-0.000351296009093525,-0.0012537267172579082,-0.0012537267172579082
5862,-0.0013404592112602528,-0.001252945473210785,-0.001252945473210785
5863,-0.0008438322841642001,-0.0012179931553969701,-0.0012179931553969701
5864,-0.002260742235731425,-0.001433959707643794,-0.001433959707643794
5865,-0.001379748645069125,-0.0011481989550788012,-0.0011481989550788012
5866,-0.0005782937041617,-0.0014308510410514057,-0.0014308510410514057
5867,-0.00028465374306214995,-0.0012627303788405161,-0.0012627303788405161
5868,-0.0012743743900261498,-0.0015219420335203747,-0.0015219420335203747
5869,-0.001162705350235725,-0.0012798036243344038,-0.0012798036243344038
5870,-0.0009519612992633749,-0.0015087030540964848,-0.0015087030540964848
5871,-0.0004962025809777238,-0.0013507403207968303,-0.0013507403207968303
5872,-0.0008651898744142751,-0.0015458741606236164,-0.0015458741606236164
5873,-0.00110726142059225,-0.0013646135876626351,-0.0013646135876626351
5874,7.332142472193725e-05,-0.0013566007201339038,-0.0013566007201339038
5875,-0.0020368836979114497,-0.0014548357428863187,-0.0014548357428863187
5876,-0.0016952525077472001,-0.0013189075000034245,-0.0013189075000034245
5877,-0.0008734285410633999,-0.0012961689085194408,-0.0012961689085194408
5878,-0.0009211735696727168,-0.0013197753324614744,-0.0013197753324614744
5879,-0.00038771852343505,-0.0012059657621617237,-0.0012059657621617237
5880,-0.000766564866461925,-0.0013794546887504297,-0.0013794546887504297
5881,-0.0008583134893638,-0.001365134644750009,-0.001365134644750009
5882,-0.000316862796135925,-0.0011785497313305186,-0.0011785497313305186
5883,-0.001617326837797775,-0.0014475915311626386,-0.0014475915311626386
5884,-0.000421419461130675,-0.0011957257843900407,-0.0011957257843900407
5885,-0.001598351120063475,-0.0016275147270573003,-0.0016275147270573003
5886,-0.000899271009034075,-0.0015237686921726209,-0.0015237686921726209
5887,-0.0014037143119745258,-0.0010833156498302767,-0.0010833156498302767
5888,-0.0003160563880869774,-0.0013455579382550976,-0.0013455579382550976
5889,-0.000736752335568925,-0.0014065579299039285,-0.0014065579299039285
5890,-0.0008973355941871038,-0.0013390177168127416,-0.0013390177168127416
5891,-0.0016651808275689498,-0.0014264363762558055,-0.0014264363762558055
5892,-0.0009192773177216692,-0.001331870496433196,-0.001331870496433196
5893,-0.00107576320786115,-0.001209510826216047,-0.001209510826216047
5894,-0.000758417742550925,-0.001350345025577166,-0.001350345025577166
5895,-0.000421764120795725,-0.0013297131928408366,-0.0013297131928408366
5896,0.0004913759715228249,-0.0009688612217117555,-0.0009688612217117555
5897,-0.0014649375724351999,-0.0016216298523039252,-0.0016216298523039252
5898,-0.000886708504625275,-0.0014517414468021577,-0.0014517414468021577
5899,-0.001962907334686325,-0.0015910649803393747,-0.0015910649803393747
5900,-0.0017672848868187001,-0.0014277773380182756,-0.0014277773380182756
5901,-0.000636887178375175,-0.0013369836109864822,-0.0013369836109864822
5902,-0.0007301643060104001,-0.0011696293571174534,-0.0011696293571174534
5903,-0.000409646368408475,-0.0015045256237015544,-0.0015045256237015544
5904,-0.0005840571381019249,-0.001181383990134502,-0.001181383990134502
5905,-0.00031127171002880003,-0.0012640450134719472,-0.0012640450134719472
5906,0.00023099707175535002,-0.0013235310535745911,-0.0013235310535745911
5907,-0.00079203983847585,-0.001532449733428189,-0.001532449733428189
5908,8.938924895662504e-05,-0.001295103495943828,-0.001295103495943828
5909,-0.000762607304725775,-0.0012987302876700892,-0.0012987302876700892
5910,-0.0015742804936005998,-0.001403461767546571,-0.001403461767546571
5911,-0.0008881262871703251,-0.001084796489070438,-0.001084796489070438
5912,-0.000550866877275475,-0.0011795234476191306,-0.0011795234476191306
5913,0.0006026354960846499,-0.0011767167052130771,-0.0011767167052130771
5914,-0.0006771952511602001,-0.0013285650970912507,-0.0013285650970912507
5915,-0.0006212462522954,-0.0014869370608853294,-0.0014869370608853294
5916,-0.000448877565070625,-0.0014768727713627152,-0.0014768727713627152
5917,-0.0019196399731614498,-0.0013957580127868863,-0.0013957580127868863
5918,-0.0009358494998989999,-0.0012666725007628617,-0.0012666725007628617
5919,-0.0009172459601636619,-0.0013663962885485752,-0.0013663962885485752
5920,-0.000637095467922875,-0.001217374048536382,-0.001217374048536382
5921,-0.0010362592450414748,-0.001488447144398797,-0.001488447144398797
5922,-0.0009665105484279249,-0.0012480285697673756,-0.0012480285697673756
5923,-0.00019369336327333377,-0.001228005682339328,-0.001228005682339328
5924,-0.000680835287143775,-0.0014372653799370988,-0.0014372653799370988
5925,-0.0020523031491813,-0.0015368844918467039,-0.0015368844918467039
5926,-0.0023960133340548747,-0.0016051285279915478,-0.0016051285279915478
5927,-0.000846902574651475,-0.0013688991194985942,-0.0013688991194985942
5928,-0.0007449302053385501,-0.0010686821338901815,-0.0010686821338901815
5929,-0.00047229894015915003,-0.0013643340406186792,-0.0013643340406186792
5930,-0.0007043426373351202,-0.0012930220865203302,-0.0012930220865203302
5931,-0.00020892030929562494,-0.0012196014733774187,-0.0012196014733774187
5932,-0.0016922490473442748,-0.0012952130024360923,-0.0012952130024360923
5933,-0.00016700341304995002,-0.0013189924917756746,-0.0013189924917756746
5934,-0.001266771689297925,-0.0014301313891244146,-0.0014301313891244146
5935,-0.0015041503107316,-0.0012567525301511334,-0.0012567525301511334
5936,-0.001129095113042975,-0.0013358507621134435,-0.0013358507621134435
5937,-0.001919507212659875,-0.0013415488903720308,-0.0013415488903720308
5938,-0.00108692888093745,-0.001416773813550819,-0.001416773813550819
5939,-4.205208786664999e-05,-0.0013744790432799175,-0.0013744790432799175
5940,-0.0002704038638264162,-0.0013439089706385608,-0.0013439089706385608
5941,-0.000592576570075175,-0.001187441485178302,-0.001187441485178302
5942,-0.0009897651747312571,-0.001208687776538181,-0.001208687776538181
5943,-0.00044933217779734996,-0.001050259289705884,-0.001050259289705884
5944,-0.000612789075546725,-0.0013051296086700102,-0.0013051296086700102
5945,-0.0010131959794043499,-0.0011850353259114006,-0.0011850353259114006
5946,-0.0012436669002895999,-0.0013558562631273891,-0.0013558562631273891
5947,-0.0009899032701658,-0.0013685480173405422,-0.0013685480173405422
5948,-0.0012071834055723501,-0.0013384471281693258,-0.0013384471281693258
5949,-0.000786216059158725,-0.0014533656268462057,-0.0014533656268462057
5950,-0.0012392835625193,-0.0013072373319027563,-0.0013072373319027563
5951,-0.00014291857485705,-0.0010525781375981074,-0.0010525781375981074
5952,-0.000239400222865075,-0.0012689293911324119,-0.0012689293911324119
5953,-0.0006742041853346,-0.0012471659283401111,-0.0012471659283401111
5954,-0.00063484858110525,-0.0013204250058457257,-0.0013204250058457257
5955,-0.00100306571095025,-0.00117711433232313,-0.00117711433232313
5956,-0.0013164377778020749,-0.0012030442917298654,-0.0012030442917298654
5957,-0.00017814648905915001,-0.0011287710314745113,-0.0011287710314745113
5958,-0.001977547534729075,-0.001596772667003111,-0.001596772667003111
5959,-0.0011051424055543001,-0.0014373102556297257,-0.0014373102556297257
5960,-0.00045126768737809996,-0.0012896170249703535,-0.0012896170249703535
5961,-0.0005744366926177499,-0.0014649294940831683,-0.0014649294940831683
5962,-0.00040943433125600003,-0.001190497054480047,-0.001190497054480047
5963,-0.0010740087889256752,-0.0015070119869184375,-0.0015070119869184375
5964,-0.000708333877110075,-0.0013214217187743193,-0.0013214217187743193
5965,-0.0012693402375664748,-0.0014765464314660133,-0.0014765464314660133
5966,-0.00026876344574915004,-0.0012798753510698262,-0.0012798753510698262
5967,-0.0006243793791141251,-0.001437486549436049,-0.001437486549436049
5968,-0.0009741352002557845,-0.0013169548813518873,-0.0013169548813518873
5969,-0.000953928146825075,-0.0013253139376264121,-0.0013253139376264121
5970,-0.001027181272091725,-0.0012035413192079379,-0.0012035413192079379
5971,-0.0008178869469314227,-0.0013404465277026194,-0.0013404465277026194
5972,-0.0013729764324475497,-0.0011877867281338186,-0.0011877867281338186
5973,-0.0001981425458216999,-0.0013415874373566947,-0.0013415874373566947
5974,7.450089492427495e-05,-0.0013332056930286192,-0.0013332056930286192
5975,-0.000569433640506167,-0.0014263829392200831,-0.0014263829392200831
5976,-0.001166293384066775,-0.0014439820614521163,-0.0014439820614521163
5977,-0.000912188631894425,-0.0013306923379571031,-0.0013306923379571031
5978,-0.0007457140205702749,-0.0012497500845412494,-0.0012497500845412494
5979,-0.00047472018898447497,-0.0009940117931206247,-0.0009940117931206247
5980,-0.00113821577517865,-0.0013232376989981156,-0.0013232376989981156
5981,-0.00079369245301045,-0.0013716912761468092,-0.0013716912761468092
5982,-0.000808822059088925,-0.0014398182087486187,-0.0014398182087486187
5983,-0.000549566595319875,-0.0012094419591584373,-0.0012094419591584373
5984,-0.000870192872651825,-0.0014686714448620291,-0.0014686714448620291
5985,-0.0016489628403066,-0.0015293344858267103,-0.0015293344858267103
5986,-0.0004080008197921159,-0.0012269014360217225,-0.0012269014360217225
5987,-0.0016346106713807248,-0.0012639510935611663,-0.0012639510935611663
5988,-0.0013353928049680249,-0.0013202345120498656,-0.0013202345120498656
5989,5.5971977212524994e-05,-0.0012806624272216245,-0.0012806624272216245
5990,-0.00088146592247595,-0.001415429476566424,-0.001415429476566424
5991,-0.0009668319408215999,-0.001580581304442376,-0.001580581304442376
5992,-0.00105587839220985,-0.001481204439325009,-0.001481204439325009
5993,-0.0011947637378317,-0.0015652619704142217,-0.0015652619704142217
5994,0.000127335824771175,-0.0012591420949732903,-0.0012591420949732903
5995,-0.0015186165534044251,-0.0012597440826946993,-0.0012597440826946993
5996,-0.00163689508227085,-0.0014132518125309938,-0.0014132518125309938
5997,-0.00035545143600712505,-0.0013427057952258867,-0.0013427057952258867
5998,-0.00076261341282165,-0.0014809960760462557,-0.0014809960760462557
5999,-0.000877704662803275,-0.0011338856374328579,-0.0011338856374328579
6000,-0.0006087913079156017,-0.0012780272545896189,-0.0012780272545896189
6001,-0.00148994986674585,-0.0014634675846381972,-0.0014634675846381972
6002,-0.000725784243009475,-0.001624345774237013,-0.001624345774237013
6003,-0.001323114836470775,-0.0013805612564929727,-0.0013805612564929727
6004,-0.0006026738595719499,-0.001212761266519173,-0.001212761266519173
6005,-0.001098249127160525,-0.001537000259498695,-0.001537000259498695
6006,-0.001284652859486075,-0.001393699749317802,-0.001393699749317802
6007,-0.0005928742911672251,-0.0012938267871375766,-0.0012938267871375766
6008,6.66850115836e-05,-0.0012830000308803628,-0.0012830000308803628
6009,-0.0016344876566776751,-0.0012891249276375855,-0.0012891249276375855
6010,-0.00091563366503985,-0.0013429372350428972,-0.0013429372350428972
6011,-0.00122383333473645,-0.0013792718734373032,-0.0013792718734373032
6012,-0.000803824624121775,-0.0013991373191048816,-0.0013991373191048816
6013,-0.0014742940489671,-0.0010822595627095158,-0.0010822595627095158
6014,-0.0007737254547814001,-0.0012836413975638563,-0.0012836413975638563
6015,-7.0474649859075e-05,-0.0014402905740950479,-0.0014402905740950479
6016,-0.000464164917434525,-0.0012420612346726414,-0.0012420612346726414
6017,-0.00048069555575167504,-0.0012224446284339688,-0.0012224446284339688
6018,-0.0003430460736870899,-0.001296176271171712,-0.001296176271171712
6019,-0.000697075554127625,-0.001398990414576616,-0.001398990414576616
6020,-0.00128110169111415,-0.001560126899055653,-0.001560126899055653
6021,-0.001103852221822975,-0.00106500935846248,-0.00106500935846248
6022,-0.0019072704435446502,-0.0012397994610362814,-0.0012397994610362814
6023,-0.0005232413761663,-0.0010718204512979114,-0.0010718204512979114
6024,5.076956935044999e-05,-0.0010027876071749188,-0.0010027876071749188
6025,-0.000614929413385325,-0.0012870806325999708,-0.0012870806325999708
6026,-0.00067234630490065,-0.001384287597046421,-0.001384287597046421
6027,-0.00127780014717845,-0.0013274579101420446,-0.0013274579101420446
6028,-0.0004529070224512,-0.0013391650028422193,-0.0013391650028422193
6029,-0.0010441661898596749,-0.0015012431226952743,-0.0015012431226952743
6030,-0.0008110804700969789,-0.0012271552021983069,-0.0012271552021983069
6031,-0.000574257248754425,-0.0011696279649757912,-0.0011696279649757912
6032,-0.00133148185356475,-0.001369788533763323,-0.001369788533763323
6033,-0.002079619548845625,-0.0014470478689993572,-0.0014470478689993572
6034,1.3326311772999969e-05,-0.0015145346851279484,-0.0015145346851279484
6035,-0.0009145456356332857,-0.001411938120292685,-0.001411938120292685
6036,-0.00161079007433875,-0.0013174907639972844,-0.0013174907639972844
6037,-0.0008955318555462,-0.001561469810396928,-0.001561469810396928
6038,-0.000611149326691625,-0.0013598006659483186,-0.0013598006659483186
6039,-0.0006579243127782177,-0.0012115042770654367,-0.0012115042770654367
6040,-0.0011236520513064174,-0.0013946579426844124,-0.0013946579426844124
6041,-0.002104237663700675,-0.0014338176149045656,-0.0014338176149045656
6042,-0.001479284667599225,-0.001465827335852321,-0.001465827335852321
6043,-0.0017444929767312248,-0.0013268889036138166,-0.0013268889036138166
6044,0.0001688555938924749,-0.0011802787509001783,-0.0011802787509001783
6045,-0.000628567471590375,-0.0012077551912602043,-0.0012077551912602043
6046,-0.000919300348840025,-0.001373815435938472,-0.001373815435938472
6047,-0.000865361371084275,-0.0012289518930197895,-0.0012289518930197895
6048,-0.0019888132351899,-0.0014179815733732528,-0.0014179815733732528
6049,-0.001585185233594725,-0.0014046126408514895,-0.0014046126408514895
6050,-0.0005263001829301751,-0.0010913153571256479,-0.0010913153571256479
6051,-0.0008713599046725251,-0.0014000287293489593,-0.0014000287293489593
6052,-0.0007224544347604501,-0.0012919093085390868,-0.0012919093085390868
6053,-0.0006242495476907999,-0.0012444094400188375,-0.0012444094400188375
6054,-0.00051445988199625,-0.00124874175565648,-0.00124874175565648
6055,-0.0009310659087874015,-0.0014413609022584618,-0.0014413609022584618
6056,-0.00044274199973515,-0.0011823803556679983,-0.0011823803556679983
6057,-0.00032730894168855006,-0.0013282326495218436,-0.0013282326495218436
6058,-8.121768668152499e-05,-0.0011714452601098255,-0.0011714452601098255
6059,-0.0001318546500711662,-0.001486049445808508,-0.001486049445808508
6060,-0.0007448709075113,-0.0012697089231763195,-0.0012697089231763195
6061,-0.00048155953773769454,-0.0011189750073205388,-0.0011189750073205388
6062,-0.001011452317763025,-0.0013779602989718144,-0.0013779602989718144
6063,-0.0013622873990959,-0.0014083462459046276,-0.0014083462459046276
6064,-0.001667422699147675,-0.0014588362478380628,-0.0014588362478380628
6065,-0.0012817973944555501,-0.0013618748773119782,-0.0013618748773119782
6066,-0.0005060092607943749,-0.0013066996337346647,-0.0013066996337346647
6067,-0.000317873607613575,-0.0014500517774032131,-0.0014500517774032131
6068,-0.0004714339594666,-0.0014399608362703172,-0.0014399608362703172
6069,-0.001111172842229325,-0.0013015079163093256,-0.0013015079163093256
6070,-0.0005055195048952547,-0.00122123305941151,-0.00122123305941151
6071,-5.1751104614925026e-05,-0.0010753605408978302,-0.0010753605408978302
6072,-0.0006286145356238,-0.0014162629601130047,-0.0014162629601130047
6073,-0.001093353578132825,-0.0014818340251215192,-0.0014818340251215192
6074,-0.0009817047825065252,-0.0013047121436487409,-0.0013047121436487409
6075,-0.001031830908931525,-0.001310261744380311,-0.001310261744380311
6076,-0.00044382062822965,-0.0012618304555463702,-0.0012618304555463702
6077,-0.0007113845459084,-0.0014568498856451695,-0.0014568498856451695
6078,-0.00128574293851985,-0.00127986143699146,-0.00127986143699146
6079,-0.000190224034429575,-0.0012911596702457626,-0.0012911596702457626
6080,-0.0009086015978422001,-0.001298098726522959,-0.001298098726522959
6081,-0.0008935027132954809,-0.0012758136095704863,-0.0012758136095704863
6082,-0.000993933826249575,-0.0012626619070698786,-0.0012626619070698786
6083,-0.000582796683950825,-0.0013025657319889338,-0.0013025657319889338
6084,-0.0006181299000076251,-0.0014499699087612097,-0.0014499699087612097
6085,0.00013138530801009999,-0.0011570115461431406,-0.0011570115461431406
6086,-0.0005134707618011,-0.0013087147547968167,-0.0013087147547968167
6087,-1.205346445065002e-05,-0.0012334844333091895,-0.0012334844333091895
6088,-0.000721498442324425,-0.001331508554309356,-0.001331508554309356
6089,0.000325071490048275,-0.0013469700706242348,-0.0013469700706242348
6090,-0.0010623245080615,-0.0012312617073564024,-0.0012312617073564024
6091,-0.0010613832076450998,-0.001405007499804417,-0.001405007499804417
6092,-0.0008086121116802251,-0.001314651552393782,-0.001314651552393782
6093,-0.00046827176516377493,-0.0013908587135356264,-0.0013908587135356264
6094,-0.0008593922214844077,-0.0011561150365115046,-0.0011561150365115046
6095,-0.0006264911427234501,-0.0014141450190462,-0.0014141450190462
6096,-0.00043890930105119994,-0.0015100528589120027,-0.0015100528589120027
6097,-0.0008791800580488,-0.0013128966526185456,-0.0013128966526185456
6098,-0.0013144144602634752,-0.0011981679273125828,-0.0011981679273125828
6099,-0.001217404052723225,-0.0014022006241365494,-0.0014022006241365494
6100,-0.00130784863572465,-0.0012773657352882165,-0.0012773657352882165
6101,-0.000306523401731334,-0.0011974740409491798,-0.0011974740409491798
6102,-0.00027506217686012503,-0.0014444624658716376,-0.0014444624658716376
6103,-0.00160481456994905,-0.0012803018117801442,-0.0012803018117801442
6104,-0.00097162333045615,-0.0014826420174547995,-0.0014826420174547995
6105,-0.001391385129805275,-0.0012065588440492404,-0.0012065588440492404
6106,-0.000661182452940125,-0.0014507899310323652,-0.0014507899310323652
6107,-1.8566830421450013e-05,-0.0013190568670062523,-0.0013190568670062523
6108,-0.00155749408213265,-0.001243334768333405,-0.001243334768333405
6109,-0.0013013717640353748,-0.001234722539071337,-0.001234722539071337
6110,-0.00029766808883830006,-0.001391154124052147,-0.001391154124052147
6111,-0.0006457691902560249,-0.0010938076054721037,-0.0010938076054721037
6112,-0.000626862644482975,-0.0015545705434766278,-0.0015545705434766278
6113,-0.00103349991713585,-0.0014443022481720803,-0.0014443022481720803
6114,-0.0006208847186133501,-0.0014793389016286816,-0.0014793389016286816
6115,-0.001541806558987875,-0.0015280889702142478,-0.0015280889702142478
6116,-0.000886383912545725,-0.0011097249002429699,-0.0011097249002429699
6117,-0.0012024244344909,-0.0012679896022203291,-0.0012679896022203291
6118,-0.000386806068533225,-0.0011593214009533255,-0.0011593214009533255
6119,-0.001087664517762214,-0.0013302948781756577,-0.0013302948781756577
6120,-0.00031113669283115,-0.0013400810168396904,-0.0013400810168396904
6121,6.148449472705003e-05,-0.001221524459306865,-0.001221524459306865
6122,-0.00184840247153835,-0.0012737650423877134,-0.0012737650423877134
6123,-0.00044206432197158984,-0.0013844811573344047,-0.0013844811573344047
6124,-0.000364073308273125,-0.0013488797107844347,-0.0013488797107844347
6125,-0.00100216244599409,-0.0013890940277997185,-0.0013890940277997185
6126,-0.0010861400391711249,-0.0012753346066468585,-0.0012753346066468585
6127,-0.00022767881991734998,-0.0014228060089739685,-0.0014228060089739685
6128,-0.0012800086943877487,-0.0013084553777471105,-0.0013084553777471105
6129,-0.0006335376683633,-0.0011592263297930676,-0.0011592263297930676
6130,-0.00015879931166512505,-0.0015172199767734304,-0.0015172199767734304
6131,-0.000591419741506975,-0.0013575076631212575,-0.0013575076631212575
6132,-0.000962457559778375,-0.0013845337589938088,-0.0013845337589938088
6133,-0.001289291851694625,-0.001349467569432154,-0.001349467569432154
6134,-0.00018657191754162497,-0.0014003037554562315,-0.0014003037554562315
6135,-0.001022150727700425,-0.0012562584410593428,-0.0012562584410593428
6136,-5.3436746193175034e-05,-0.0012656770310150243,-0.0012656770310150243
6137,-0.0007974940104708249,-0.0013929106827356831,-0.0013929106827356831
6138,-0.00047769660233350594,-0.0011484918215809983,-0.0011484918215809983
6139,-0.0009500441833036524,-0.0013073513582178807,-0.0013073513582178807
6140,-0.0014379432491756748,-0.0012384956616454427,-0.0012384956616454427
6141,-0.00010196312439747497,-0.0010653581556639637,-0.0010653581556639637
6142,-0.00102032945454265,-0.0013405056319836875,-0.0013405056319836875
6143,-0.000811297635754725,-0.0016471023910884983,-0.0016471023910884983
6144,-0.0017200580122098,-0.0012632225191495062,-0.0012632225191495062
6145,-0.0001367322938220866,-0.0013282497572864203,-0.0013282497572864203
6146,-0.0013964731555976499,-0.0013954545303528868,-0.0013954545303528868
6147,-0.0006035278924839097,-0.0014113848831750907,-0.0014113848831750907
6148,-0.00021574656543027493,-0.0015140512841574417,-0.0015140512841574417
6149,-0.0007370255448271501,-0.0012575577118132252,-0.0012575577118132252
6150,-0.000630080866289,-0.0013061164160624134,-0.0013061164160624134
6151,-0.00107800439206835,-0.0013720955857964199,-0.0013720955857964199
6152,-0.0005661788904100448,-0.0015396942165389533,-0.0015396942165389533
6153,-0.0018101322759300998,-0.0013596425534206761,-0.0013596425534206761
6154,-0.000938296992826975,-0.0015701983113924635,-0.0015701983113924635
6155,-0.00079351309443935,-0.0011569724504156393,-0.0011569724504156393
6156,-0.001076819803123775,-0.00138555633278371,-0.00138555633278371
6157,-5.6374025375699954e-05,-0.0013953297086587667,-0.0013953297086587667
6158,-0.001156110048012575,-0.0012187929576446637,-0.0012187929576446637
6159,-0.0002401381393250749,-0.0015012712883741668,-0.0015012712883741668
6160,-0.00012658759012760002,-0.0013154317300881292,-0.0013154317300881292
6161,0.000283046684919925,-0.0012958820398616456,-0.0012958820398616456
6162,-0.0011673901037543,-0.0014301362490646162,-0.0014301362490646162
6163,-0.001457845374966975,-0.0013758137970021713,-0.0013758137970021713
6164,-7.285925866619999e-05,-0.001362781845635803,-0.001362781845635803
6165,-0.00023222308216435,-0.0013717840927900734,-0.0013717840927900734
6166,9.797045155407497e-05,-0.0010764614980307936,-0.0010764614980307936
6167,-0.00022568570070689818,-0.0013315436812830327,-0.0013315436812830327
6168,-0.00047701864210167506,-0.0012775258581994874,-0.0012775258581994874
6169,-0.001686409155679625,-0.001165627123466754,-0.001165627123466754
6170,0.00022399579988099995,-0.0010916042449990407,-0.0010916042449990407
6171,-0.0015719502451260001,-0.0013180989062571138,-0.0013180989062571138
6172,-0.0011678942624433054,-0.0012302188634580678,-0.0012302188634580678
6173,-0.001123932879422025,-0.0012607634780131957,-0.0012607634780131957
6174,-0.0014278799793140749,-0.0013835209209966603,-0.0013835209209966603
6175,-0.001524440787239325,-0.0011379789100421913,-0.0011379789100421913
6176,-0.0003745102530913,-0.0012197095671265098,-0.0012197095671265098
6177,-0.0004657632820138,-0.0013208373373727535,-0.0013208373373727535
6178,-0.0018088683148947751,-0.001401189747312109,-0.001401189747312109
6179,-0.0009930215755519002,-0.0015948060746992512,-0.0015948060746992512
6180,-0.0003777992356853,-0.0013960998363076044,-0.0013960998363076044
6181,-0.00101159905658165,-0.001347874215266495,-0.001347874215266495
6182,-0.00127552911796945,-0.0014820830459853565,-0.0014820830459853565
6183,-1.3926213180274989e-05,-0.0014461331704273203,-0.0014461331704273203
6184,-0.00078778516550765,-0.0014277447324063633,-0.0014277447324063633
6185,-0.000891909138815275,-0.0014656572058645218,-0.0014656572058645218
6186,-0.00118994859975285,-0.0014687478896847582,-0.0014687478896847582
6187,-6.570872145827503e-05,-0.0011489883372080001,-0.0011489883372080001
6188,-0.0014966120601286501,-0.0015189680190750398,-0.0015189680190750398
6189,-0.000980113290575475,-0.0014034357405787348,-0.0014034357405787348
6190,-0.0009542594131261288,-0.0011754959087115532,-0.0011754959087115532
6191,-0.000483730684693025,-0.0012094806084899984,-0.0012094806084899984
6192,-0.001883710410493925,-0.0014299184433882973,-0.0014299184433882973
6193,0.00013402318228266554,-0.001517064862997614,-0.001517064862997614
6194,-0.000480494079052525,-0.0015205170610980113,-0.0015205170610980113
6195,0.0003515242477353999,-0.0013747667525709677,-0.0013747667525709677
6196,-0.0012287018627641498,-0.0013830330210994404,-0.0013830330210994404
6197,-0.0009185880780373112,-0.001376875894303336,-0.001376875894303336
6198,-0.001423401333559375,-0.0010903278749944507,-0.0010903278749944507
6199,-0.0021332131864956498,-0.0015020365967397592,-0.0015020365967397592
6200,-0.0006110076191951751,-0.001147780552833855,-0.001147780552833855
6201,-0.0006970690934959,-0.0012952251386901172,-0.0012952251386901172
6202,-0.0011545420736569251,-0.0014146115254073453,-0.0014146115254073453
6203,-0.000177436025338475,-0.0012730917965074848,-0.0012730917965074848
6204,-0.000707633189475275,-0.001291767407144078,-0.001291767407144078
6205,-0.0014374275586849252,-0.001182247407031448,-0.001182247407031448
6206,-0.0018437648993354,-0.0012755662667495702,-0.0012755662667495702
6207,-0.001813210584062825,-0.0014756734130675737,-0.0014756734130675737
6208,-0.0005969788747581988,-0.00135238993499048,-0.00135238993499048
6209,-0.0007105291093195751,-0.0015013271167962244,-0.0015013271167962244
6210,-0.00033744187017071485,-0.001463620017774079,-0.001463620017774079
6211,-0.0011182366306067251,-0.001298233334274366,-0.001298233334274366
6212,-0.00068505395197595,-0.0013023817844528838,-0.0013023817844528838
6213,-0.0010652420735714,-0.0012860868528552524,-0.0012860868528552524
6214,0.0008557776916319751,-0.0012367158695157734,-0.0012367158695157734
6215,-0.00044758355323147505,-0.0013791991960991055,-0.0013791991960991055
6216,-0.0017200629243675752,-0.0013722872938514107,-0.0013722872938514107
6217,-0.0011509511279049751,-0.0014350792763363402,-0.0014350792763363402
6218,-0.0012477519866873497,-0.0012572413579338922,-0.0012572413579338922
6219,-0.001152565651209725,-0.0013486763110718493,-0.0013486763110718493
6220,-2.0087271044774962e-05,-0.0014256638842227991,-0.0014256638842227991
6221,-0.0019194765858102,-0.0015183297719277094,-0.0015183297719277094
6222,-0.00060530530378905,-0.0013917252099931797,-0.0013917252099931797
6223,-0.000987436890290425,-0.0014355881047067223,-0.0014355881047067223
6224,-0.001197512607752325,-0.0013588397393797273,-0.0013588397393797273
6225,-0.0018554071700067998,-0.0013933219926036623,-0.0013933219926036623
6226,-0.0004159254954061001,-0.0010760584974685101,-0.0010760584974685101
6227,-0.0007961192324468461,-0.0010058406347591437,-0.0010058406347591437
6228,-0.00030482260779434995,-0.0012444264817023341,-0.0012444264817023341
6229,-0.0005304208471773605,-0.0013350934240267689,-0.0013350934240267689
6230,-0.000945290832617325,-0.0012468726563299379,-0.0012468726563299379
6231,-0.0007197524554240118,-0.00126324437168237,-0.00126324437168237
6232,3.724691394925016e-06,-0.0013697441649243235,-0.0013697441649243235
6233,-0.001186988915920875,-0.0013897499938339292,-0.0013897499938339292
6234,-0.0003647923791059842,-0.0012238729837817047,-0.0012238729837817047
6235,-0.001238777446040925,-0.0013332034166026216,-0.0013332034166026216
6236,-0.0008289681603421251,-0.001362842589202303,-0.001362842589202303
6237,-0.000878481930992775,-0.0016421174398803186,-0.0016421174398803186
6238,-0.0009946384910328,-0.0013927094470660513,-0.0013927094470660513
6239,-6.511710778295e-05,-0.0011679282907146446,-0.0011679282907146446
6240,-0.000640607085870075,-0.0011835572551759412,-0.0011835572551759412
6241,-0.0013078231422664751,-0.0012331386612032362,-0.0012331386612032362
6242,-0.0005795485953365358,-0.0011186644794874002,-0.0011186644794874002
6243,-0.001082412631941525,-0.0011250555774457752,-0.0011250555774457752
6244,-0.0009584111307379499,-0.001378670040157157,-0.001378670040157157
6245,-0.00229141411255765,-0.00127825291664019,-0.00127825291664019
6246,-0.00067272308807425,-0.0012505849676663753,-0.0012505849676663753
6247,-0.0014220131232628,-0.0015517770771033194,-0.0015517770771033194
6248,-0.00124028740014625,-0.0013337296029131147,-0.0013337296029131147
6249,-0.0006483283282252999,-0.0011579203758457057,-0.0011579203758457057
6250,-0.0006101994442236251,-0.0014721598013779918,-0.0014721598013779918
6251,-0.001268001289930325,-0.001413015194171577,-0.001413015194171577
6252,-0.00052142376760665,-0.0011808525962294283,-0.0011808525962294283
6253,-0.0006780947953287557,-0.0012177281518936753,-0.0012177281518936753
6254,-0.0007977389473945501,-0.0013160644118354581,-0.0013160644118354581
6255,-0.0007425032838499249,-0.0012344598205325241,-0.0012344598205325241
6256,-0.0010410127353902,-0.001462786740135639,-0.001462786740135639
6257,-0.001471628887209475,-0.0014576553848283593,-0.0014576553848283593
6258,-0.0008788822028958096,-0.0013592645119223385,-0.0013592645119223385
6259,4.8471705564199965e-05,-0.0012730751703812974,-0.0012730751703812974
6260,-0.0016301127833836249,-0.0013598086234685436,-0.0013598086234685436
6261,-0.0006955433055899751,-0.0012074277834818853,-0.0012074277834818853
6262,-0.00065080076816305,-0.001332773036050792,-0.001332773036050792
6263,-0.002035697259537875,-0.0013876655395389684,-0.0013876655395389684
6264,-0.000978956161401875,-0.0013647148635522093,-0.0013647148635522093
6265,-0.001014619344297475,-0.0011629305788078566,-0.0011629305788078566
6266,-0.001192298328029125,-0.0012657198731419147,-0.0012657198731419147
6267,-0.0017411916647546001,-0.0014912153493867844,-0.0014912153493867844
6268,-0.000901850941737625,-0.0013408115829670443,-0.0013408115829670443
6269,-0.00171366402442405,-0.0013378461657941518,-0.0013378461657941518
6270,-0.0012748647295315499,-0.001484326782209785,-0.001484326782209785
6271,-0.001341474794712025,-0.0012769028980746241,-0.0012769028980746241
6272,-0.00037635082290355,-0.001404777876668601,-0.001404777876668601
6273,-0.00038006356613502496,-0.0012326760950721037,-0.0012326760950721037
6274,-0.0014252391742929807,-0.0013061763682578299,-0.0013061763682578299
6275,-0.001068416824149375,-0.0013687448222588791,-0.0013687448222588791
6276,-0.0010359668803616609,-0.001498697181256415,-0.001498697181256415
6277,-0.0007258030065871025,-0.0014441291135586802,-0.0014441291135586802
6278,-0.00031173684874072496,-0.0013487842072879514,-0.0013487842072879514
6279,-0.0012875631189031998,-0.0013066939756572276,-0.0013066939756572276
6280,-0.000306153344512275,-0.0013812782747010194,-0.0013812782747010194
6281,-0.000843116318883075,-0.0014469925532747984,-0.0014469925532747984
6282,-0.00011129198090164993,-0.0013292233155562693,-0.0013292233155562693
6283,-0.001636467614781075,-0.0013159439598497693,-0.0013159439598497693
6284,-0.0010852745755737692,-0.0013260506156937367,-0.0013260506156937367
6285,-0.002056666708370475,-0.0011313487287025583,-0.0011313487287025583
6286,-0.0008805072580570809,-0.0013696195212867177,-0.0013696195212867177
6287,-0.00010703498519065008,-0.0012852186054418484,-0.0012852186054418484
6288,-0.0009607977078349366,-0.0013193611871130859,-0.0013193611871130859
6289,-0.000853000087949565,-0.0015019488844505977,-0.0015019488844505977
6290,-0.0007747552692212809,-0.0013035948894907742,-0.0013035948894907742
6291,-0.00048658372647613095,-0.0014510950008630274,-0.0014510950008630274
6292,-0.0006624758242289642,-0.0011978298908408133,-0.0011978298908408133
6293,-0.0010262388313819438,-0.00159024814272946,-0.00159024814272946
6294,-0.000930761739132575,-0.0012727509859196673,-0.0012727509859196673
6295,-0.001300990683430075,-0.0013522057865884673,-0.0013522057865884673
6296,-0.0012079144225715,-0.0012442800723494359,-0.0012442800723494359
6297,-0.0005853069154833749,-0.0013514257641003271,-0.0013514257641003271
6298,-0.00110327587011205,-0.0013625499042786357,-0.0013625499042786357
6299,-0.00176187749941875,-0.0014812625053353067,-0.0014812625053353067
6300,-0.000917146217630225,-0.0014551031706716573,-0.0014551031706716573
6301,7.220391591795938e-05,-0.0013191779824942343,-0.0013191779824942343
6302,-0.0021454648575655252,-0.0013167586663922616,-0.0013167586663922616
6303,-0.0006135599637518855,-0.0012174477838600268,-0.0012174477838600268
6304,-0.00073220824912355,-0.0012146440173472551,-0.0012146440173472551
6305,-0.000624557475812875,-0.00128323796157141,-0.00128323796157141
6306,-0.000398744514303075,-0.0012303015325025634,-0.0012303015325025634
6307,-0.0010127978390870001,-0.0014025636098822327,-0.0014025636098822327
6308,-0.000412948144425025,-0.0015752523097663702,-0.0015752523097663702
6309,-0.00055587669168415,-0.001155214781603945,-0.001155214781603945
6310,-0.001694590224583125,-0.0012934520830083908,-0.0012934520830083908
6311,-0.0003615596281872,-0.0010033231363697145,-0.0010033231363697145
6312,-0.0018047250822171503,-0.0015167175673306973,-0.0015167175673306973
6313,-0.00143092615793285,-0.001380019666594196,-0.001380019666594196
6314,-0.001424123697958125,-0.0011121976140526632,-0.0011121976140526632
6315,-0.0011636067415725778,-0.001416073340998871,-0.001416073340998871
6316,-0.0008059808628906602,-0.0012423862227120095,-0.0012423862227120095
6317,-0.0009567245854812182,-0.0012310048427584006,-0.0012310048427584006
6318,-0.00045830557054619264,-0.0013564781770692893,-0.0013564781770692893
6319,-0.0012718849342075,-0.001134145302810331,-0.001134145302810331
6320,-0.0009795921677291,-0.001219826495610579,-0.001219826495610579
6321,-0.0006694964903623751,-0.0012770852624392668,-0.0012770852624392668
6322,7.572772533399996e-05,-0.0013011816069027763,-0.0013011816069027763
6323,-0.0010287495799247998,-0.0014125724481454552,-0.0014125724481454552
6324,-0.0014412820331844,-0.0014058103757831845,-0.0014058103757831845
6325,-0.000423774010864275,-0.0013247749332138924,-0.0013247749332138924
6326,-0.001171710489780625,-0.001494525897062641,-0.001494525897062641
6327,-0.000843315470476275,-0.001557704457716282,-0.001557704457716282
6328,-0.0005155324272991068,-0.0012244889974311708,-0.0012244889974311708
6329,-0.0014747034516436998,-0.001387692503430465,-0.001387692503430465
6330,-0.0014146660967385,-0.0013988936822853608,-0.0013988936822853608
6331,-0.00031862932780515,-0.0013759901774491282,-0.0013759901774491282
6332,-0.0008488950210700846,-0.0015237413612787978,-0.0015237413612787978
6333,-0.0010974445475365,-0.0014908596868524909,-0.0014908596868524909
6334,-0.0020519556845451,-0.0013823767959740899,-0.0013823767959740899
6335,-0.000568346889734925,-0.0011886380566533581,-0.0011886380566533581
6336,-0.0003652064702817712,-0.0011076304199553852,-0.0011076304199553852
6337,-0.00060573596484355,-0.0014602844465468655,-0.0014602844465468655
6338,-0.000509055888008425,-0.0014164962602363155,-0.0014164962602363155
6339,-0.00030114784202278953,-0.0011132764779437543,-0.0011132764779437543
6340,-0.0018691840588307002,-0.0013190021457971162,-0.0013190021457971162
6341,-0.0009786725365604789,-0.0012279426618622116,-0.0012279426618622116
6342,-0.0010251622481278343,-0.001480841038010466,-0.001480841038010466
6343,-0.0009153488147136499,-0.0012987131542272962,-0.0012987131542272962
6344,-0.00039264288501534997,-0.001435500063782871,-0.001435500063782871
6345,-0.0011815608733765947,-0.001318024985997363,-0.001318024985997363
6346,-0.0017987497337015497,-0.0013474557429166475,-0.0013474557429166475
6347,-0.000750504052875,-0.0015165988027758075,-0.0015165988027758075
6348,3.764365212342501e-05,-0.0011295911721236564,-0.0011295911721236564
6349,-0.00030995573888754625,-0.001282532897364767,-0.001282532897364767
6350,-0.001487903849989875,-0.0011686969365694144,-0.0011686969365694144
6351,-0.0008693664979593249,-0.00114422684510156,-0.00114422684510156
6352,-0.00017269390511955005,-0.0012304533961073722,-0.0012304533961073722
6353,-0.0007090626459318749,-0.0012465468870151454,-0.0012465468870151454
6354,-0.00059961437886505,-0.0012814848623099622,-0.0012814848623099622
6355,-0.00029297923776167495,-0.0013231152419922888,-0.0013231152419922888
6356,-0.001991806828611975,-0.001481459175447605,-0.001481459175447605
6357,-8.814489749642499e-05,-0.0010674400801616167,-0.0010674400801616167
6358,-0.0014827732810909502,-0.0014888539255700107,-0.0014888539255700107
6359,-0.0010376118154845,-0.001258573876570892,-0.001258573876570892
6360,-0.0008155042417730499,-0.0012785714442963875,-0.0012785714442963875
6361,-0.0010101193771206499,-0.0012677557100713819,-0.0012677557100713819
6362,-0.0011349398083676748,-0.0012868433068625696,-0.0012868433068625696
6363,-0.00128551674732985,-0.0011322989930191048,-0.0011322989930191048
6364,-0.0009387354135964776,-0.0016046395508264523,-0.0016046395508264523
6365,-0.00036334902655791527,-0.0012516501375616667,-0.0012516501375616667
6366,-0.0011789603286263,-0.0013079650233643822,-0.0013079650233643822
6367,-9.566951412805001e-05,-0.0010403477900165433,-0.0010403477900165433
6368,-0.0007478756152689749,-0.001450375900113593,-0.001450375900113593
6369,-0.0007369710440041963,-0.0012186215445888554,-0.0012186215445888554
6370,0.00038671112380177496,-0.0014617304641854692,-0.0014617304641854692
6371,-0.000517957764180675,-0.0012951309541138687,-0.0012951309541138687
6372,-0.0013232340339501,-0.0012288822939574516,-0.0012288822939574516
6373,-0.0009289198127833999,-0.001346882566416481,-0.001346882566416481
6374,-0.000698142691697475,-0.0013479738087750785,-0.0013479738087750785
6375,-0.0013907262277794,-0.0013441135104095305,-0.0013441135104095305
6376,-0.001242085675211225,-0.0014794686187803575,-0.0014794686187803575
6377,-0.00087828250235675,-0.0012206511053611238,-0.0012206511053611238
6378,-0.0011389848359730501,-0.0013657276458174934,-0.0013657276458174934
6379,-0.000942412754240825,-0.0013608857156920421,-0.0013608857156920421
6380,-0.00012602153441559997,-0.0014818368730455764,-0.0014818368730455764
6381,-0.00116661244472856,-0.0013069899945955571,-0.0013069899945955571
6382,-9.055847033074974e-06,-0.0012661044750477636,-0.0012661044750477636
6383,-0.0005079264355277501,-0.0014303445867219105,-0.0014303445867219105
6384,-0.001226669758220625,-0.001306569504995119,-0.001306569504995119
6385,-0.001047197865326425,-0.0013065871674381281,-0.0013065871674381281
6386,-0.0002933024700286251,-0.001345505327833074,-0.001345505327833074
6387,-0.00114053133502345,-0.0014797324447283183,-0.0014797324447283183
6388,-0.0017658540448358749,-0.0015163307119070574,-0.0015163307119070574
6389,-0.00136489803277345,-0.0013972627533494506,-0.0013972627533494506
6390,-0.00073872029742965,-0.0014593003206440159,-0.0014593003206440159
6391,-0.0020181762556022247,-0.0014308175872973562,-0.0014308175872973562
6392,-0.000619370845157225,-0.0012685559287927525,-0.0012685559287927525
6393,-0.0012572684773336,-0.0015130989399088077,-0.0015130989399088077
6394,-0.000178607339755925,-0.001273387352367062,-0.001273387352367062
6395,-0.000979117258853896,-0.0013004790934583283,-0.0013004790934583283
6396,-0.001056115960035725,-0.0012697086753291542,-0.0012697086753291542
6397,-0.00028917934203032505,-0.0013641969712744875,-0.0013641969712744875
6398,-0.0008115677884124,-0.0014796317829501517,-0.0014796317829501517
6399,-0.0012894314013941002,-0.0012715086052909725,-0.0012715086052909725
6400,-0.000649642049681825,-0.0014989497494019336,-0.0014989497494019336
6401,-0.0009591693732192868,-0.0014830444460725734,-0.0014830444460725734
6402,-9.814040278944999e-05,-0.0012075151114159636,-0.0012075151114159636
6403,-0.001254320373167125,-0.0013673996300861161,-0.0013673996300861161
6404,-0.00100284919324345,-0.0015532352062872386,-0.0015532352062872386
6405,-0.00112607271295645,-0.0014037987779585484,-0.0014037987779585484
6406,-0.000763238727472075,-0.0014162961284244905,-0.0014162961284244905
6407,-0.000610043122789125,-0.001250442888931974,-0.001250442888931974
6408,-0.00025044152307507507,-0.0011646509292533031,-0.0011646509292533031
6409,-0.0011104699099272,-0.0015073378460145048,-0.0015073378460145048
6410,-0.0014874928294299002,-0.0014599782530447406,-0.0014599782530447406
6411,-0.0013975429706388001,-0.0012190589380891006,-0.0012190589380891006
6412,-0.0011283696218836517,-0.0010789870329742956,-0.0010789870329742956
6413,-0.0007561615227184322,-0.0016414525073591686,-0.0016414525073591686
6414,-0.00112700693210785,-0.0012591550305665416,-0.0012591550305665416
6415,-0.002455473767869725,-0.0014877226475848878,-0.0014877226475848878
6416,-0.00107921769284015,-0.0011329652423401652,-0.0011329652423401652
6417,-0.0018203984154646251,-0.0014374079962489036,-0.0014374079962489036
6418,-0.0014838471815799752,-0.0012640714459410355,-0.0012640714459410355
6419,-0.001149649520933825,-0.0013782816540953411,-0.0013782816540953411
6420,-0.001287975095530375,-0.0013493266262392862,-0.0013493266262392862
6421,-0.001049934393021625,-0.001275827956913292,-0.001275827956913292
6422,-0.0017359087713006251,-0.001278121007591565,-0.001278121007591565
6423,-0.001832677491057,-0.0013188017733509869,-0.0013188017733509869
6424,-0.000951809466996425,-0.0013211430224611524,-0.0013211430224611524
6425,5.7268782591375026e-05,-0.0011203772966664081,-0.0011203772966664081
6426,-0.0013230646262934,-0.0015848378587431438,-0.0015848378587431438
6427,-0.0008623762629505749,-0.0015217303169846362,-0.0015217303169846362
6428,-0.001363926028160275,-0.0013827652256850108,-0.0013827652256850108
6429,-0.0013926463315890249,-0.001242123802563369,-0.001242123802563369
6430,-0.00179516362868,-0.0012229100056745277,-0.0012229100056745277
6431,-0.00110394255186065,-0.0012857408888198362,-0.0012857408888198362
6432,-0.0007018086161700499,-0.0013912508402101483,-0.0013912508402101483
6433,-0.0003194993385796193,-0.0014287525951245245,-0.0014287525951245245
6434,-0.001104474497558025,-0.0014687008454203159,-0.0014687008454203159
6435,-0.0009327867473824979,-0.0012203891036451074,-0.0012203891036451074
6436,-0.0008942759596539001,-0.0013284081415237921,-0.0013284081415237921
6437,-0.0006240180049497249,-0.0014982524589697778,-0.0014982524589697778
6438,-0.0005910659488556249,-0.0015054156799540325,-0.0015054156799540325
6439,-0.001025556236530075,-0.0016031493644488766,-0.0016031493644488766
6440,-0.001166884679267475,-0.0014103202696704356,-0.0014103202696704356
6441,0.00022785441522094995,-0.0013503647882535162,-0.0013503647882535162
6442,-0.000854870541523925,-0.0013950107407725851,-0.0013950107407725851
6443,-2.7704073026575053e-05,-0.0014959076592145667,-0.0014959076592145667
6444,-0.00037094711173087504,-0.001422615226876932,-0.001422615226876932
6445,-0.0011215739163898248,-0.0012546658894764928,-0.0012546658894764928
6446,-0.0016994763745101248,-0.0015020684448498836,-0.0015020684448498836
6447,-0.0005699390038314,-0.0013155015201386073,-0.0013155015201386073
6448,-0.001049417693432525,-0.0015730700861653396,-0.0015730700861653396
6449,-0.000911012719761175,-0.0013042081182609495,-0.0013042081182609495
6450,-0.0003805054302194,-0.0014088940893025568,-0.0014088940893025568
6451,-0.001241211541222104,-0.0014285871044717403,-0.0014285871044717403
6452,-0.000676374388309175,-0.0014526654073367786,-0.0014526654073367786
6453,-0.00117819477830185,-0.0014447918037931921,-0.0014447918037931921
6454,-0.001297165193298025,-0.0012733546249939108,-0.0012733546249939108
6455,0.00038340759505653497,-0.001292307171195676,-0.001292307171195676
6456,-0.00056094988468945,-0.0014611286159081811,-0.0014611286159081811
6457,-0.000499282693982475,-0.00144985472605656,-0.00144985472605656
6458,-0.001255562920309875,-0.0014959400110421564,-0.0014959400110421564
6459,-0.0009229664473056,-0.0015086676487294736,-0.0015086676487294736
6460,-0.0011399899041158248,-0.0013035124698750579,-0.0013035124698750579
6461,-0.0007343785232077,-0.0012021725630249544,-0.0012021725630249544
6462,-0.00135467333371625,-0.0015461485860994494,-0.0015461485860994494
6463,-0.0007681157259145924,-0.0013778989442134288,-0.0013778989442134288
6464,-0.0012662380732864251,-0.0016067692406574277,-0.0016067692406574277
6465,-0.0009072472742056501,-0.0012924346729022362,-0.0012924346729022362
6466,-0.0014516491598653,-0.001286131531624331,-0.001286131531624331
6467,-0.0012157161022592,-0.0015499293067359303,-0.0015499293067359303
6468,-0.0013957242207086982,-0.001428513583306721,-0.001428513583306721
6469,-0.000674742077563475,-0.0015038377299144735,-0.0015038377299144735
6470,-0.0005719064380616753,-0.0011739800103092218,-0.0011739800103092218
6471,-0.001058159819709025,-0.0012773304702566274,-0.0012773304702566274
6472,-0.001254288623654875,-0.0013338927665259416,-0.0013338927665259416
6473,-0.0013129338674618002,-0.0015091474389269843,-0.0015091474389269843
6474,-0.001336716988211675,-0.0015884613738989587,-0.0015884613738989587
6475,-0.00036827336550230005,-0.0011668963001303509,-0.0011668963001303509
6476,-0.0010153662609063,-0.001362717002681154,-0.001362717002681154
6477,-0.0006928518667616999,-0.0014640823645805778,-0.0014640823645805778
6478,-0.00105996253160345,-0.0014799136543339948,-0.0014799136543339948
6479,-0.0007107981028810251,-0.00134170181792292,-0.00134170181792292
6480,-0.0019686397260629002,-0.0014300732928914986,-0.0014300732928914986
6481,-0.00155488729369135,-0.0013116925499390727,-0.0013116925499390727
6482,-0.00031509970972267494,-0.001297282700704441,-0.001297282700704441
6483,-0.00027765614288485004,-0.0013076245327865554,-0.0013076245327865554
6484,-0.0007386033903196,-0.0012670868175594316,-0.0012670868175594316
6485,-0.001269190877924375,-0.0012033135125508764,-0.0012033135125508764
6486,5.8661603844674966e-05,-0.001125976388227785,-0.001125976388227785
6487,-0.00063832437323275,-0.0012298663593755994,-0.0012298663593755994
6488,-0.00029322541571975,-0.001172852071735981,-0.001172852071735981
6489,-0.0006623301084458,-0.0014466270798761177,-0.0014466270798761177
6490,-0.00033466052390595,-0.0014629330482566912,-0.0014629330482566912
6491,-0.0013694987779632251,-0.001312259406196912,-0.001312259406196912
6492,-0.0011361288183796001,-0.0014601658083623357,-0.0014601658083623357
6493,-0.00142207683276265,-0.0014144813416758202,-0.0014144813416758202
6494,-0.0011389231997193249,-0.0013693808137018348,-0.0013693808137018348
6495,-0.0017793695309991,-0.0015404508618115703,-0.0015404508618115703
6496,-0.0007776065868716751,-0.0014428399718047942,-0.0014428399718047942
6497,-0.00082947255859115,-0.0014245896249986598,-0.0014245896249986598
6498,-0.000659081684415625,-0.0014969145602901578,-0.0014969145602901578
6499,-0.000726128432322325,-0.0013994487974329525,-0.0013994487974329525
6500,-0.00020108985487427507,-0.0014780094741144265,-0.0014780094741144265
6501,-0.0009791759877380204,-0.0014768941812566196,-0.0014768941812566196
6502,-0.001103775074350875,-0.0013169684894053877,-0.0013169684894053877
6503,-0.000260201002283573,-0.0013524479954818292,-0.0013524479954818292
6504,-0.00124616891526265,-0.0014568077263168824,-0.0014568077263168824
6505,-0.001084656694032475,-0.0010672855137703883,-0.0010672855137703883
6506,-0.0007797037012190751,-0.001422440276291826,-0.001422440276291826
6507,-0.0010218032886601456,-0.0012642809704269523,-0.0012642809704269523
6508,-0.0006439027272174159,-0.0012740605181991663,-0.0012740605181991663
6509,-0.000252342866944225,-0.0014159107661056787,-0.0014159107661056787
6510,-0.0011997039379599503,-0.0011321607868866744,-0.0011321607868866744
6511,-0.00102234191721205,-0.0011638391195254595,-0.0011638391195254595
6512,-0.0010534782297637751,-0.0014929451660695564,-0.0014929451660695564
6513,-0.0019736944253159,-0.0012187838990244477,-0.0012187838990244477
6514,-0.0015335664340914,-0.0013809271457914977,-0.0013809271457914977
6515,-0.00183839089634895,-0.0013367477727371049,-0.0013367477727371049
6516,-0.00043227808710592493,-0.0012820437411040612,-0.0012820437411040612
6517,-0.0017296587323084754,-0.0014255708581144553,-0.0014255708581144553
6518,-0.001049886974861775,-0.001256774616393961,-0.001256774616393961
6519,-0.000806645653003475,-0.00147831820725807,-0.00147831820725807
6520,-0.0005834844113624322,-0.0011294050410081532,-0.0011294050410081532
6521,0.000235055441578,-0.0014098458269017232,-0.0014098458269017232
6522,-0.002267947340497025,-0.001529217206685726,-0.001529217206685726
6523,-0.002052738592968325,-0.0015574945687543413,-0.0015574945687543413
6524,-0.001003878817941025,-0.0013086294140105092,-0.0013086294140105092
6525,-0.0013683802664651752,-0.0012573304822766876,-0.0012573304822766876
6526,-0.00018623653017259996,-0.0013783739031969966,-0.0013783739031969966
6527,-0.0008945897367337501,-0.001348362140278952,-0.001348362140278952
6528,-0.0007008052482295308,-0.001219890243727538,-0.001219890243727538
6529,-0.0012260187705319843,-0.0013516891893855334,-0.0013516891893855334
6530,-0.0008942965435771367,-0.0013485713938427796,-0.0013485713938427796
6531,-0.00118055166052885,-0.0013641867927804646,-0.0013641867927804646
6532,-0.0011616259193848,-0.001054877960309663,-0.001054877960309663
6533,-0.000378446587436375,-0.0014136700248193676,-0.0014136700248193676
6534,-0.00064003504857855,-0.0013935448748732988,-0.0013935448748732988
6535,-0.00116950827501925,-0.0012787940626481965,-0.0012787940626481965
6536,-0.0010911903737826248,-0.001422660990940897,-0.001422660990940897
6537,-0.0009855255845698499,-0.0014532000877915889,-0.0014532000877915889
6538,-0.00021803802278819385,-0.0012816261852808455,-0.0012816261852808455
6539,-0.0009423738455961749,-0.0013141648110343456,-0.0013141648110343456
6540,-0.0008532103693998939,-0.001403461570381058,-0.001403461570381058
6541,-0.0021176919234368,-0.001423743528618884,-0.001423743528618884
6542,-0.00134689821845125,-0.0014024895893183728,-0.0014024895893183728
6543,-0.0017592846249166,-0.001256856317982112,-0.001256856317982112
6544,-0.00036898595652930005,-0.0014123404200762938,-0.0014123404200762938
6545,-0.0012764899147963053,-0.001382133192636211,-0.001382133192636211
6546,-0.0009459711951246,-0.0013714140416768526,-0.0013714140416768526
6547,-0.001096861832594941,-0.0014750732391511547,-0.0014750732391511547
6548,-8.1787009357075e-05,-0.0012261046833610923,-0.0012261046833610923
6549,-0.001255591758564325,-0.0014715353042852087,-0.0014715353042852087
6550,-0.000885560766162175,-0.0011132312979286584,-0.0011132312979286584
6551,-0.0012372385453651741,-0.001368715433276285,-0.001368715433276285
6552,-0.0005043054253333747,-0.0011663770773360752,-0.0011663770773360752
6553,-0.0014857076247507,-0.0011055438428173138,-0.0011055438428173138
6554,-0.000980074488293125,-0.0012303536017841113,-0.0012303536017841113
6555,-0.0015173742406804002,-0.0012393945265502535,-0.0012393945265502535
6556,-0.00043537762811227495,-0.001187241673915437,-0.001187241673915437
6557,-0.0019007301536154001,-0.0013943313264584557,-0.0013943313264584557
6558,-0.00142396884496565,-0.0015085809009248625,-0.0015085809009248625
6559,-0.0008680158966728499,-0.0013997067838845086,-0.0013997067838845086
6560,-0.0006786929059304999,-0.0013858271069852462,-0.0013858271069852462
6561,-0.0008354680992803,-0.0013245318929570261,-0.0013245318929570261
6562,-0.0007480185191452499,-0.0015264824984899858,-0.0015264824984899858
6563,-0.001066618760798875,-0.0013110645834750697,-0.0013110645834750697
6564,-0.001162907559446175,-0.0012640415495324432,-0.0012640415495324432
6565,-0.0008382561330748749,-0.0014698704542222385,-0.0014698704542222385
6566,-0.0008734192093765,-0.001487100719865817,-0.001487100719865817
6567,-0.0008107589209890922,-0.0014664563534011856,-0.0014664563534011856
6568,-0.0017585453998618249,-0.001415710832638494,-0.001415710832638494
6569,-0.000568282526224375,-0.0015159792751650249,-0.0015159792751650249
6570,-3.771638275760472e-05,-0.0011790103975821533,-0.0011790103975821533
6571,-0.0009462011864245751,-0.0014674015544676716,-0.0014674015544676716
6572,-0.001681838896802925,-0.0013163925427510021,-0.0013163925427510021
6573,-0.0007571914527798251,-0.0013329982243061756,-0.0013329982243061756
6574,-0.001056220640136025,-0.0013462526092145738,-0.0013462526092145738
6575,-0.0011458624627022,-0.001281242068223778,-0.001281242068223778
6576,-0.000656584788292175,-0.0012185408025344106,-0.0012185408025344106
6577,-0.001773086315415475,-0.0012435878266149154,-0.0012435878266149154
6578,-0.000692235348226075,-0.0013858371978957718,-0.0013858371978957718
6579,-0.00117595240525175,-0.001235272552192547,-0.001235272552192547
6580,-0.0010430153597898,-0.0012066126856754564,-0.0012066126856754564
6581,-0.0008408622219893057,-0.0014120168211878546,-0.0014120168211878546
6582,-0.0007110627896911,-0.0012769647114010483,-0.0012769647114010483
6583,-0.0003548578680462684,-0.0013015105544584584,-0.0013015105544584584
6584,-0.0016642220637171,-0.0012774565807340496,-0.0012774565807340496
6585,-0.001387972633948125,-0.0015320477462501495,-0.0015320477462501495
6586,-0.00027827675638327496,-0.0013873195973813461,-0.0013873195973813461
6587,-0.0012661439001614,-0.0013171868900164175,-0.0013171868900164175
6588,-0.000933750754037275,-0.0013895217672798617,-0.0013895217672798617
6589,-0.0007577636021103796,-0.0013267413528549913,-0.0013267413528549913
6590,-0.001125962207506825,-0.0014619191611649938,-0.0014619191611649938
6591,-0.0020100929749809,-0.001225711053313426,-0.001225711053313426
6592,-0.000646919250969775,-0.0015002767174058678,-0.0015002767174058678
6593,-0.00083352715064505,-0.001393558613475276,-0.001393558613475276
6594,-0.0017072473331032,-0.0014307219523606828,-0.0014307219523606828
6595,-0.00109066717645255,-0.0015505445235639674,-0.0015505445235639674
6596,-0.001275312187820075,-0.0012221118661749635,-0.0012221118661749635
6597,-0.00012075926681837497,-0.0014097846447998629,-0.0014097846447998629
6598,-0.00029717867511075,-0.0014083341771119287,-0.0014083341771119287
6599,-0.0023798762611601503,-0.0015985762641372082,-0.0015985762641372082
6600,-0.00151619572084325,-0.0015894175238823746,-0.0015894175238823746
6601,1.212810510742497e-05,-0.0012297494850296788,-0.0012297494850296788
6602,-0.001203338757794875,-0.0012538302574166737,-0.0012538302574166737
6603,-0.0016909008596786498,-0.0014242974973896756,-0.0014242974973896756
6604,-0.0004853498721582116,-0.0014172425492649497,-0.0014172425492649497
6605,-0.00024051040386937505,-0.0012680629847901929,-0.0012680629847901929
6606,-0.0013574021549305,-0.0014067471392382926,-0.0014067471392382926
6607,-0.00031915718420445,-0.001023493039253074,-0.001023493039253074
6608,-0.0004004078393177,-0.0014263678123772917,-0.0014263678123772917
6609,-0.001023537552899775,-0.0013799872311902734,-0.0013799872311902734
6610,-0.000246217762618875,-0.00151643585930656,-0.00151643585930656
6611,-0.00068101685283805,-0.0014772249484783558,-0.0014772249484783558
6612,-0.0011936022715285251,-0.0011596314477404692,-0.0011596314477404692
6613,-0.000709417285424575,-0.0015161880402576515,-0.0015161880402576515
6614,-0.001250342079501625,-0.0014205852859538479,-0.0014205852859538479
6615,-0.0009105016677708749,-0.0012488354163908146,-0.0012488354163908146
6616,-0.0006701309119815,-0.0014258883855112511,-0.0014258883855112511
6617,-0.0010030956800164922,-0.0013136304815081989,-0.0013136304815081989
6618,-0.0011249372378563,-0.0013054457434960337,-0.0013054457434960337
6619,-0.001325473549239725,-0.001363912494695581,-0.001363912494695581
6620,-0.00042287875286397506,-0.0011291248910594096,-0.0011291248910594096
6621,-0.000617551457305475,-0.001325153738285107,-0.001325153738285107
6622,-0.0005040042869069321,-0.0012361183357157903,-0.0012361183357157903
6623,-0.00057997190555025,-0.0013392269997180208,-0.0013392269997180208
6624,-0.00145748955014335,-0.0014763016753421914,-0.0014763016753421914
6625,-0.0016872735028733749,-0.0013590952601372308,-0.0013590952601372308
6626,-0.001209608814274725,-0.0010449034777458245,-0.0010449034777458245
6627,-0.0007417554639849001,-0.0011296258607019808,-0.0011296258607019808
6628,-7.629638830309113e-05,-0.001177380558974763,-0.001177380558974763
6629,-0.00160715700337015,-0.0012880435997618812,-0.0012880435997618812
6630,-0.001334406806227388,-0.0010504122916984793,-0.0010504122916984793
6631,-0.0010357905823447238,-0.0013410569532549483,-0.0013410569532549483
6632,-0.0012780439637498499,-0.0014467921633498425,-0.0014467921633498425
6633,-0.0009976262036676502,-0.0016147312758373257,-0.0016147312758373257
6634,-0.0009779101878794499,-0.0014792260744350613,-0.0014792260744350613
6635,-0.0006183696541880233,-0.0014586292200986265,-0.0014586292200986265
6636,-0.00119616361841545,-0.0012941442597449748,-0.0012941442597449748
6637,-0.00069575274826985,-0.0011808943804337097,-0.0011808943804337097
6638,-0.001191986987677528,-0.0016219869600937041,-0.0016219869600937041
6639,-0.001475881115092925,-0.0012578758600602289,-0.0012578758600602289
6640,-0.0006633410507963251,-0.0012554683799217547,-0.0012554683799217547
6641,-0.0013869213683270999,-0.0013424973062236547,-0.0013424973062236547
6642,-0.00099746599108885,-0.001530553344040129,-0.001530553344040129
6643,-0.00028429805212049997,-0.00145277669094843,-0.00145277669094843
6644,-0.0008953638622026999,-0.0013292370585013219,-0.0013292370585013219
6645,-0.00041254907395672915,-0.0011359723688064156,-0.0011359723688064156
6646,-0.0015398858759554,-0.0015595261960964478,-0.0015595261960964478
6647,-0.001911439309943325,-0.00126098943787104,-0.00126098943787104
6648,-0.001148034887084275,-0.0014937619160908635,-0.0014937619160908635
6649,-0.00099981873493285,-0.001452822708282024,-0.001452822708282024
6650,-0.001389617462988075,-0.0013860012465851646,-0.0013860012465851646
6651,-0.00021040002038362498,-0.0015381188878032014,-0.0015381188878032014
6652,-3.760430769122501e-05,-0.0014396964203222807,-0.0014396964203222807
6653,0.00013605485464592262,-0.0014039400473338304,-0.0014039400473338304
6654,-0.0011428038292210165,-0.0015389931011360848,-0.0015389931011360848
6655,-0.001060400897447025,-0.0012470071123152808,-0.0012470071123152808
6656,-0.000907863614196925,-0.0014122963887384073,-0.0014122963887384073
6657,-0.00021108772815249999,-0.0011398151865981516,-0.0011398151865981516
6658,-0.0008600446236428569,-0.0013805383512094267,-0.0013805383512094267
6659,-0.000359965169430025,-0.0012912737925646473,-0.0012912737925646473
6660,-0.0007295382862915749,-0.0012091626586219946,-0.0012091626586219946
6661,-0.00054319153302025,-0.0013383817694231017,-0.0013383817694231017
6662,-0.0014253562259787498,-0.0015234999226564332,-0.0015234999226564332
6663,-0.0007574278500303529,-0.001421959915605883,-0.001421959915605883
6664,-0.001105142799989575,-0.0012765291160279247,-0.0012765291160279247
6665,-0.0012345049877991,-0.0013479728281544413,-0.0013479728281544413
6666,-0.0009951480083481,-0.001464053076606509,-0.001464053076606509
6667,-0.0003915921690452749,-0.0014974055784305687,-0.0014974055784305687
6668,-0.0006527644835242249,-0.001407457104814069,-0.001407457104814069
6669,-0.001063032435309725,-0.001487510834195618,-0.001487510834195618
6670,-0.00069862455704135,-0.0014860104477481986,-0.0014860104477481986
6671,7.060920810887504e-05,-0.0012138136347183996,-0.0012138136347183996
6672,-3.372564423795001e-05,-0.001039625539200843,-0.001039625539200843
6673,-0.000836267116105525,-0.0013080695205127128,-0.0013080695205127128
6674,-0.000538841542306775,-0.0012256149408216472,-0.0012256149408216472
6675,-0.00110261490802445,-0.001407331615156594,-0.001407331615156594
6676,5.1167654272400004e-05,-0.0011901690777414396,-0.0011901690777414396
6677,-3.965875136723452e-05,-0.0011221753833887357,-0.0011221753833887357
6678,-0.0015585639200184,-0.001582983135142,-0.001582983135142
6679,-0.000596765751133653,-0.0014225949884563614,-0.0014225949884563614
6680,-0.001296837935511675,-0.0014483734329001083,-0.0014483734329001083
6681,-0.0005569755720931,-0.0012336143692255226,-0.0012336143692255226
6682,0.00024259264577304997,-0.0011684094572112004,-0.0011684094572112004
6683,-0.00115391392529,-0.0013563283136857616,-0.0013563283136857616
6684,-0.00027099628691437514,-0.0015557441953009971,-0.0015557441953009971
6685,-0.0007680409968602885,-0.0013979530244098576,-0.0013979530244098576
6686,0.000585897778548025,-0.0011906092169204753,-0.0011906092169204753
6687,-0.0010193922683321749,-0.0012546338276219749,-0.0012546338276219749
6688,-0.0012399520673778502,-0.0013192270214835273,-0.0013192270214835273
6689,-0.001285363498905425,-0.00131597913731194,-0.00131597913731194
6690,-0.0007384068154199924,-0.001303724976081892,-0.001303724976081892
6691,-0.0011970853963244252,-0.00138500866764939,-0.00138500866764939
6692,-0.0006803503075109251,-0.0013149118377922548,-0.0013149118377922548
6693,-0.0005494846374161999,-0.001310059334396375,-0.001310059334396375
6694,-0.00066237787833465,-0.0014025020064235064,-0.0014025020064235064
6695,-0.001131217598004725,-0.0013623447126100276,-0.0013623447126100276
6696,0.00016137045377465,-0.0012726408858638502,-0.0012726408858638502
6697,-0.0016159993899597,-0.001369856937692452,-0.001369856937692452
6698,-0.0007481805929878248,-0.0012040538835645838,-0.0012040538835645838
6699,-0.0003221663648227,-0.0013174637272987762,-0.0013174637272987762
6700,-0.0003134257245822,-0.0013376388395371992,-0.0013376388395371992
6701,-0.0013967544013177068,-0.0014192787163233578,-0.0014192787163233578
6702,-0.0005006425895626001,-0.0012286087884906846,-0.0012286087884906846
6703,-0.001159977277993225,-0.0013291831942405861,-0.0013291831942405861
6704,-0.0010350281515045464,-0.0014095974309638309,-0.0014095974309638309
6705,-0.001865545527988075,-0.0012821368047591982,-0.0012821368047591982
6706,-0.001012743977782625,-0.0015205001364552466,-0.0015205001364552466
6707,-0.0009058413237918285,-0.0012273420578210988,-0.0012273420578210988
6708,-0.000730726902411025,-0.0014479621236927118,-0.0014479621236927118
6709,-0.0014886717797861252,-0.0015205408710684165,-0.0015205408710684165
6710,-0.0007487897251325,-0.001293739532485039,-0.001293739532485039
6711,-0.0006982513970572605,-0.001088272981855976,-0.001088272981855976
6712,-0.000509379948268825,-0.0013938340179850748,-0.0013938340179850748
6713,-0.0018912482070093002,-0.001458689227255246,-0.001458689227255246
6714,-0.00105915721299795,-0.0012498970430482367,-0.0012498970430482367
6715,-0.0013807212161640499,-0.0016107263800834006,-0.0016107263800834006
6716,-0.0010151860368740999,-0.0015465535079610018,-0.0015465535079610018
6717,-0.00109739672598615,-0.0012986944497824695,-0.0012986944497824695
6718,-0.00057313547563495,-0.0015678149975853306,-0.0015678149975853306
6719,-0.0009660271780707749,-0.0012751861367473235,-0.0012751861367473235
6720,-0.00033503784108115,-0.0013900832690599814,-0.0013900832690599814
6721,-0.0013591136047807636,-0.001342668531172875,-0.001342668531172875
6722,-0.00027925540882105,-0.0014269762808119724,-0.0014269762808119724
6723,-0.00067952922809955,-0.0012675266726113294,-0.0012675266726113294
6724,-0.00038080631742932504,-0.001246316823417833,-0.001246316823417833
6725,-0.001141773015868,-0.0013361160601715783,-0.0013361160601715783
6726,-0.001483288385250425,-0.0013031602742206488,-0.0013031602742206488
6727,-0.0012849506022871002,-0.0014638117301749888,-0.0014638117301749888
6728,-0.0005299308056360499,-0.0015320321535615762,-0.0015320321535615762
6729,-0.000497627953965725,-0.0013185396936136822,-0.0013185396936136822
6730,-0.001325498945466575,-0.001145499131100338,-0.001145499131100338
6731,-0.001626050016807425,-0.001504797068259589,-0.001504797068259589
6732,-0.0010713021271161,-0.0012919713845790338,-0.0012919713845790338
6733,-0.0008434856858696366,-0.0013752407028356011,-0.0013752407028356011
6734,-0.00058064625518895,-0.0011869325264778233,-0.0011869325264778233
6735,-0.00065794934980905,-0.001407753237121394,-0.001407753237121394
6736,-0.0005002149384869,-0.0013262766505327409,-0.0013262766505327409
6737,-0.000471272138019075,-0.0013413551289692383,-0.0013413551289692383
6738,-9.09873166027e-05,-0.0013565122913645222,-0.0013565122913645222
6739,-0.00038168866932907495,-0.0013259876819605744,-0.0013259876819605744
6740,-0.000847657578986475,-0.0014531613877336634,-0.0014531613877336634
6741,0.00048468533743917496,-0.0013645678313959223,-0.0013645678313959223
6742,-0.0008434957451672338,-0.0014942538758828691,-0.0014942538758828691
6743,-0.001003215918223475,-0.0013080241545361474,-0.0013080241545361474
6744,-0.0015928837409961499,-0.0015912318564562313,-0.0015912318564562313
6745,-0.0011834267408644,-0.0013250875648121965,-0.0013250875648121965
6746,-0.000705416412247325,-0.0015237152633398878,-0.0015237152633398878
6747,-0.000399827678505875,-0.0012757968668169475,-0.0012757968668169475
6748,-0.0015426167621629,-0.0011838138885361038,-0.0011838138885361038
6749,-0.001387026519711183,-0.0014823411977180358,-0.0014823411977180358
6750,-0.0011943920435372177,-0.0014742256400943668,-0.0014742256400943668
6751,-0.0005110081233520624,-0.0011340106342474293,-0.0011340106342474293
6752,-0.00058746342353085,-0.0012635432115571694,-0.0012635432115571694
6753,-0.0013759916076595752,-0.0013431241183662816,-0.0013431241183662816
6754,-0.000970594216109325,-0.0013902619967405415,-0.0013902619967405415
6755,-0.0010921939873187615,-0.0014118439824498841,-0.0014118439824498841
6756,-0.001071765843887375,-0.0012930200341792156,-0.0012930200341792156
6757,-0.00107015260984295,-0.0012753161865331412,-0.0012753161865331412
6758,0.0006305463720395999,-0.001355256234333344,-0.001355256234333344
6759,-0.000506717430781675,-0.0012206992212123128,-0.0012206992212123128
6760,-0.0007345508096376502,-0.0013119611649600555,-0.0013119611649600555
6761,-0.0009886603773456499,-0.0015351344608338288,-0.0015351344608338288
6762,-0.000652832553125325,-0.0013574907661421329,-0.0013574907661421329
6763,-0.00227363652580075,-0.0015360906515202335,-0.0015360906515202335
6764,-0.0006358301730947,-0.001437050465606264,-0.001437050465606264
6765,-8.851397378727496e-05,-0.0015762239909637781,-0.0015762239909637781
6766,-0.001109459849544475,-0.0011394130333421961,-0.0011394130333421961
6767,-0.001230093427846325,-0.0013685790793800626,-0.0013685790793800626
6768,-0.0005632249019018251,-0.0013446759632689048,-0.0013446759632689048
6769,-0.00037992289175329993,-0.0012297823911022908,-0.0012297823911022908
6770,-0.0004979946275221296,-0.0014022490592769785,-0.0014022490592769785
6771,-0.0011444360900497107,-0.0013573663474089487,-0.0013573663474089487
6772,0.000282574735902575,-0.001470656231979795,-0.001470656231979795
6773,-0.00093289221887555,-0.0013877732341323868,-0.0013877732341323868
6774,-0.000456177155773375,-0.0011753966581128652,-0.0011753966581128652
6775,-0.001451491499265225,-0.0012155733241310013,-0.0012155733241310013
6776,-0.0008599322528835751,-0.0014194287449374526,-0.0014194287449374526
6777,-0.00159164308340965,-0.0012856653796054205,-0.0012856653796054205
6778,-0.00105116257142565,-0.0013097256548159546,-0.0013097256548159546
6779,-0.0013490414440110998,-0.001422974649898243,-0.001422974649898243
6780,-0.00113710582161275,-0.0013474090937509835,-0.0013474090937509835
6781,0.00017830098562686625,-0.0012790781539841229,-0.0012790781539841229
6782,-0.000899423760682725,-0.0014870557259412112,-0.0014870557259412112
6783,-0.00021818423823307501,-0.0012380003597829952,-0.0012380003597829952
6784,-0.0012960051703089501,-0.001374526270874843,-0.001374526270874843
6785,-0.0005346655540015094,-0.0014208806168617017,-0.0014208806168617017
6786,-0.0011206339155412,-0.0012665074439635778,-0.0012665074439635778
6787,-0.00155797409153205,-0.0014198701031995894,-0.0014198701031995894
6788,-0.0014474395479168749,-0.0012665514725941692,-0.0012665514725941692
6789,-0.0008864685991780254,-0.0014418435155643546,-0.0014418435155643546
6790,-0.001664500495216975,-0.0016503073996057536,-0.0016503073996057536
6791,-0.0011058552395204,-0.001580083211611258,-0.001580083211611258
6792,0.0001877578803110499,-0.0014206643160290997,-0.0014206643160290997
6793,0.00022318097238254993,-0.0011828023615225148,-0.0011828023615225148
6794,-0.000779743564412675,-0.0013351587402651037,-0.0013351587402651037
6795,-0.0009597369214108717,-0.0015095690912993,-0.0015095690912993
6796,-0.001390613463738625,-0.0015542042926314703,-0.0015542042926314703
6797,-0.001338128937414575,-0.0013299115108952608,-0.0013299115108952608
6798,-0.0007577528022277,-0.001126391139480241,-0.001126391139480241
6799,-0.000386012348083325,-0.001306569427718706,-0.001306569427718706
6800,-0.001031567762277725,-0.0012633624104294479,-0.0012633624104294479
6801,-0.0006687117610230751,-0.0012133577106585307,-0.0012133577106585307
6802,-0.00042565183597002506,-0.0010889935987876027,-0.0010889935987876027
6803,-0.000784599031659925,-0.0013100843067396272,-0.0013100843067396272
6804,-0.001030877187525175,-0.0012583000934203112,-0.0012583000934203112
6805,-0.0017337147936551502,-0.0013691480526655758,-0.0013691480526655758
6806,-0.001714425551995275,-0.0012220172055087846,-0.0012220172055087846
6807,-0.0010379198991266908,-0.0014021306999057665,-0.0014021306999057665
6808,-0.00056716115553905,-0.001397634076736138,-0.001397634076736138
6809,-0.00034431126942715,-0.001384242799782002,-0.001384242799782002
6810,-0.00031584888669605,-0.001134040733446387,-0.001134040733446387
6811,-0.000762776969611425,-0.0012541689623554813,-0.0012541689623554813
6812,-0.00047763741726487494,-0.0014830956809952528,-0.0014830956809952528
6813,-0.001058208770810325,-0.0012373330512993415,-0.0012373330512993415
6814,-0.001133785383630825,-0.0013330867333310778,-0.0013330867333310778
6815,-0.001596345755648225,-0.0013783211819178931,-0.0013783211819178931
6816,-0.0015738762284579749,-0.0013908424017917923,-0.0013908424017917923
6817,-0.0008422817007725778,-0.0014017644933873588,-0.0014017644933873588
6818,-0.0012636571614358248,-0.0015882050750964413,-0.0015882050750964413
6819,-0.001072576388747775,-0.001189989900155491,-0.001189989900155491
6820,-0.0010620593617674749,-0.0015714728670550905,-0.0015714728670550905
6821,-0.001213001296780225,-0.0015586742783461145,-0.0015586742783461145
6822,-0.000592800801730975,-0.0013445402764188184,-0.0013445402764188184
6823,-0.000225866483363425,-0.0012976126786416787,-0.0012976126786416787
6824,-0.001116410753869933,-0.0014247302234366044,-0.0014247302234366044
6825,-0.0014550689791563752,-0.0014197783264833753,-0.0014197783264833753
6826,-0.0010311698710805837,-0.00139357588798192,-0.00139357588798192
6827,-0.000568476382638,-0.0013842346987686092,-0.0013842346987686092
6828,-0.00149151977502975,-0.001473243300474978,-0.001473243300474978
6829,-0.000475711555919375,-0.001238335880344038,-0.001238335880344038
6830,-0.0015299520771983,-0.0013266320381848786,-0.0013266320381848786
6831,-0.001954415242927125,-0.001203744509893839,-0.001203744509893839
6832,-0.000658878353847125,-0.001262216246273173,-0.001262216246273173
6833,-0.0010601519896032,-0.0016056556567835016,-0.0016056556567835016
6834,-0.0008121405550102,-0.0012566965600366983,-0.0012566965600366983
6835,-0.0008141546937691501,-0.0014578601493818416,-0.0014578601493818416
6836,-0.000942724168951925,-0.0014968358272615862,-0.0014968358272615862
6837,-0.00010466622933927498,-0.0012665470344370953,-0.0012665470344370953
6838,-0.0008505072566991751,-0.0014305301418259953,-0.0014305301418259953
6839,-0.0009308445116088,-0.0014340971390829219,-0.0014340971390829219
6840,-0.0009403297300391501,-0.0012557768067791757,-0.0012557768067791757
6841,-0.000937455859755925,-0.0013332015575461924,-0.0013332015575461924
6842,-0.0012252606562602251,-0.0011069507856394868,-0.0011069507856394868
6843,-0.0011949046350982,-0.0013877285854669822,-0.0013877285854669822
6844,-0.0011012382560491355,-0.0013644306188537157,-0.0013644306188537157
6845,-0.001283693127851275,-0.0013140013845241618,-0.0013140013845241618
6846,-0.0007281973555927251,-0.0013327700604472317,-0.0013327700604472317
6847,-0.0004759247982803,-0.0012323537039944192,-0.0012323537039944192
6848,-0.0013182849594894001,-0.001463236031135355,-0.001463236031135355
6849,-0.0007473111264756499,-0.001329165897192253,-0.001329165897192253
6850,-0.0003162360241988,-0.0012000234243670768,-0.0012000234243670768
6851,-0.0007042854676273,-0.0014907771102737224,-0.0014907771102737224
6852,-0.00014822014943187777,-0.0012489684645090164,-0.0012489684645090164
6853,-0.0011267898399284207,-0.0014831886656621518,-0.0014831886656621518
6854,-0.00192518574573085,-0.0015918256282816132,-0.0015918256282816132
6855,-0.00131256798176915,-0.0012916284054374145,-0.0012916284054374145
6856,-0.001541250178510775,-0.001324986209355844,-0.001324986209355844
6857,-0.0009320355874093775,-0.0014647869714484868,-0.0014647869714484868
6858,-0.0017377374721053,-0.0013268740808258608,-0.0013268740808258608
6859,-0.000515269128459425,-0.0012780340884898415,-0.0012780340884898415
6860,-0.001564611015502175,-0.0014273638787913848,-0.0014273638787913848
6861,-0.001042593280433,-0.001294746888072103,-0.001294746888072103
6862,-0.00013738811894029997,-0.001213033801926524,-0.001213033801926524
6863,-0.001336256006472,-0.0012656569001258304,-0.0012656569001258304
6864,-0.0006261997410579999,-0.0013013732402412455,-0.0013013732402412455
6865,0.000132650755139875,-0.0013541845057020354,-0.0013541845057020354
6866,5.20589040129499e-05,-0.0014810569187779937,-0.0014810569187779937
6867,-0.0013533894409620002,-0.0012878805652598107,-0.0012878805652598107
6868,-0.0015056168928676249,-0.0014563878517602883,-0.0014563878517602883
6869,-0.0010933695978343,-0.0013695352114476119,-0.0013695352114476119
6870,-0.0006550320989653,-0.0011228075740904123,-0.0011228075740904123
6871,-0.0011151815523133498,-0.0012945492785622153,-0.0012945492785622153
6872,-0.000557272671855525,-0.0012106915051359286,-0.0012106915051359286
6873,-0.0016011111198682999,-0.0013930177873217996,-0.0013930177873217996
6874,-0.0013858999890593,-0.0013749342650681133,-0.0013749342650681133
6875,9.4979598089475e-05,-0.0014367421060947204,-0.0014367421060947204
6876,-0.001389078440366625,-0.0014821578641241733,-0.0014821578641241733
6877,-0.0013364243268686252,-0.0014121719310406077,-0.0014121719310406077
6878,-0.000201490249082325,-0.0010979004221538513,-0.0010979004221538513
6879,-0.000735699147249825,-0.0012307865911833104,-0.0012307865911833104
6880,-0.0010926187431098998,-0.0012644255857555387,-0.0012644255857555387
6881,-0.00105922191560285,-0.0014986393748209867,-0.0014986393748209867
6882,-0.001200448251607625,-0.0014148242539301203,-0.0014148242539301203
6883,-0.0007681926376211,-0.0014331205236617643,-0.0014331205236617643
6884,-0.000452017380338,-0.001404030875707866,-0.001404030875707866
6885,-0.00023316155739625002,-0.0012100191378921538,-0.0012100191378921538
6886,-0.0016045020286687,-0.001232870600457087,-0.001232870600457087
6887,-0.0005352409457206135,-0.0012116224368228464,-0.0012116224368228464
6888,-0.000867881430685725,-0.0014101406132029026,-0.0014101406132029026
6889,-0.00100882948650195,-0.0013313212336511454,-0.0013313212336511454
6890,-0.001100547577751975,-0.0015099270821496058,-0.0015099270821496058
6891,-0.0015077327026696498,-0.0014373186459057917,-0.0014373186459057917
6892,-0.0009787294850412999,-0.001614709160393471,-0.001614709160393471
6893,-0.0018570410253091001,-0.0015527917767676769,-0.0015527917767676769
6894,-0.001973014661916675,-0.0016145851742446066,-0.0016145851742446066
6895,-0.0013625264793277808,-0.0014616279344816558,-0.0014616279344816558
6896,-0.0015258187021895502,-0.0013476665522303562,-0.0013476665522303562
6897,-0.00018797037876267504,-0.0012689018215718418,-0.0012689018215718418
6898,-0.000250099396902375,-0.0012857382441102334,-0.0012857382441102334
6899,-0.0011593760379502252,-0.001439228243487284,-0.001439228243487284
6900,-0.000876654986341325,-0.0014993774802457486,-0.0014993774802457486
6901,-0.0014905618453909,-0.00157219831836675,-0.00157219831836675
6902,-0.0005553612239892749,-0.0014947352899337724,-0.0014947352899337724
6903,-0.00135339763271025,-0.0013928789359467708,-0.0013928789359467708
6904,-0.00103063296265245,-0.0013941179489336537,-0.0013941179489336537
6905,-0.00073476326934055,-0.0014352189594806157,-0.0014352189594806157
6906,-0.00065034924053795,-0.0011945323662465453,-0.0011945323662465453
6907,-0.000586741133054375,-0.001448605214052365,-0.001448605214052365
6908,-0.000802766342970725,-0.001317925828948831,-0.001317925828948831
6909,-0.0002245394433459,-0.0014529281702426581,-0.0014529281702426581
6910,-0.000342564236190375,-0.0013576779059465238,-0.0013576779059465238
6911,-0.0008873026580715,-0.0014280810838028738,-0.0014280810838028738
6912,-0.00021516345470592503,-0.00119203465848629,-0.00119203465848629
6913,-0.001440754852815975,-0.001313233688946509,-0.001313233688946509
6914,-0.0009202654834132348,-0.0015430797054549676,-0.0015430797054549676
6915,-0.00105847429160475,-0.0014752630417213472,-0.0014752630417213472
6916,-0.00093395034060995,-0.0011775110531867241,-0.0011775110531867241
6917,-0.000940867413753225,-0.0013605989879513136,-0.0013605989879513136
6918,-0.0007589619448452999,-0.0012393237870059854,-0.0012393237870059854
6919,1.9419981363249952e-05,-0.0015761705987025992,-0.0015761705987025992
6920,-0.000383355090586525,-0.0012339333962582578,-0.0012339333962582578
6921,-0.0011280565781168499,-0.0012221444568979532,-0.0012221444568979532
6922,-0.001019543338458225,-0.0015044629389896192,-0.0015044629389896192
6923,-0.0007794411877889999,-0.0012018453814217943,-0.0012018453814217943
6924,7.724227235415005e-05,-0.0013043839252532808,-0.0013043839252532808
6925,-0.000482842475941075,-0.0012378841602627031,-0.0012378841602627031
6926,-0.0006160529386793749,-0.0013340733164527781,-0.0013340733164527781
6927,-0.000927629438952125,-0.0013050140339306235,-0.0013050140339306235
6928,-5.5531256524500014e-05,-0.0013328687729268077,-0.0013328687729268077
6929,-0.001263305530075175,-0.0016244971825331261,-0.0016244971825331261
6930,-0.00028284184411877497,-0.00134532696140545,-0.00134532696140545
6931,-0.0013252038475576751,-0.0014058026978901708,-0.0014058026978901708
6932,-0.0012017081325044,-0.0017037365720158747,-0.0017037365720158747
6933,-0.00044579121597039154,-0.0012035851799702733,-0.0012035851799702733
6934,-0.00048655842476355,-0.00133959533984233,-0.00133959533984233
6935,-0.000576220422924125,-0.0014769179861298324,-0.0014769179861298324
6936,-0.00120707482403215,-0.001165875136344827,-0.001165875136344827
6937,-0.00037002301492825,-0.00103260707176879,-0.00103260707176879
6938,-0.0014316328165801002,-0.0013316756129244309,-0.0013316756129244309
6939,-0.000536413361161525,-0.0011592715897857716,-0.0011592715897857716
6940,-0.0010841010380143751,-0.0015007410803090984,-0.0015007410803090984
6941,-0.0014171321690798501,-0.0012645333618213615,-0.0012645333618213615
6942,-0.001822469979140475,-0.001331664412493919,-0.001331664412493919
6943,-0.001141506583091275,-0.0011758419954921615,-0.0011758419954921615
6944,-2.400496721577497e-05,-0.0013657444737327166,-0.0013657444737327166
6945,-0.0018395112406712248,-0.0014518424670216825,-0.0014518424670216825
6946,-0.00080706870475455,-0.0013904957046785228,-0.0013904957046785228
6947,-0.0015741043738157748,-0.0013743687401651893,-0.0013743687401651893
6948,-0.0013296559610075501,-0.001095807483721144,-0.001095807483721144
6949,-0.001124200293892475,-0.0013461277632741437,-0.0013461277632741437
6950,-0.0010245039932063526,-0.0015100134785071798,-0.0015100134785071798
6951,-0.0006554422424135001,-0.0014766795034694832,-0.0014766795034694832
6952,-0.00136520707590755,-0.0012032359073282477,-0.0012032359073282477
6953,-0.0008016356343741749,-0.0014416194985253038,-0.0014416194985253038
6954,-0.001388215890135025,-0.0012728765173119338,-0.0012728765173119338
6955,-0.001267535364890975,-0.0011920215975758737,-0.0011920215975758737
6956,-0.00019655698256874996,-0.0014135051505870459,-0.0014135051505870459
6957,-0.001771859207961675,-0.0013860925808432682,-0.0013860925808432682
6958,-0.000523285681554475,-0.0013602110536992651,-0.0013602110536992651
6959,-0.0003297634067362,-0.001198131005866882,-0.001198131005866882
6960,-0.0005476030917081887,-0.0012770701033695635,-0.0012770701033695635
6961,-0.0005226594837081251,-0.0012546105300144676,-0.0012546105300144676
6962,-0.001097588089558125,-0.0013026198156737636,-0.0013026198156737636
6963,-0.00048747979146387504,-0.0014287762823260125,-0.0014287762823260125
6964,-0.0009524681688057,-0.001290322063597574,-0.001290322063597574
6965,-0.00077330071098595,-0.0015359496294344137,-0.0015359496294344137
6966,-0.0007909210904287425,-0.001264851647638071,-0.001264851647638071
6967,-0.000865026085782675,-0.0016680607793537138,-0.0016680607793537138
6968,-0.001673857466421725,-0.0013836724678301681,-0.0013836724678301681
6969,-0.000392195236449525,-0.0013129775649446493,-0.0013129775649446493
6970,-0.0004004499594707,-0.001582471813494306,-0.001582471813494306
6971,0.00019827671731747497,-0.0011322194020636257,-0.0011322194020636257
6972,-0.0011099117163565347,-0.0015093551840388907,-0.0015093551840388907
6973,-0.0006002479298728,-0.0014341886339639912,-0.0014341886339639912
6974,-0.0018264351674667,-0.0011308320505694807,-0.0011308320505694807
6975,-0.0005578679056637751,-0.0012180985630707688,-0.0012180985630707688
6976,-0.00023603188519847495,-0.0013626259224383637,-0.0013626259224383637
6977,-0.000638687235078075,-0.0012082309356069563,-0.0012082309356069563
6978,-0.0012548737572408001,-0.0012791044221827726,-0.0012791044221827726
6979,-0.000997011267624925,-0.001206953487265323,-0.001206953487265323
6980,-0.000890089928599,-0.001275774133670102,-0.001275774133670102
6981,-0.0009533743212751751,-0.0013714724762054408,-0.0013714724762054408
6982,-0.0003997495004901291,-0.0011171915862903596,-0.0011171915862903596
6983,-0.0006343081016004682,-0.0013099893225005028,-0.0013099893225005028
6984,-0.0024716387799973752,-0.001604274471049763,-0.001604274471049763
6985,-0.00088160650982345,-0.001449983236444937,-0.001449983236444937
6986,-0.00019554500464592501,-0.0014218720262471492,-0.0014218720262471492
6987,-5.17712300302501e-06,-0.0009950037997047503,-0.0009950037997047503
6988,-0.0007102426246357501,-0.0014013012787187928,-0.0014013012787187928
6989,-0.00034713379876364297,-0.0014860438873583763,-0.0014860438873583763
6990,-0.001524772453923475,-0.0013726857393049218,-0.0013726857393049218
6991,-0.00153004268212935,-0.0012036152436788747,-0.0012036152436788747
6992,-4.0253871978299945e-05,-0.001204050177619409,-0.001204050177619409
6993,-0.0008955284457520251,-0.001351169561966683,-0.001351169561966683
6994,-0.0006338232516524,-0.0011627836470891502,-0.0011627836470891502
6995,-0.0013413079175475249,-0.0014786221783442473,-0.0014786221783442473
6996,-0.000672503897101075,-0.0012356227287680286,-0.0012356227287680286
6997,-0.00152461513995885,-0.0014284134511389644,-0.0014284134511389644
6998,-0.0009316366010822251,-0.0016318976828785265,-0.0016318976828785265
6999,-0.001254614346323775,-0.0013767013319132104,-0.0013767013319132104
7000,-0.0007731702031171985,-0.0015969665557797525,-0.0015969665557797525
7001,-0.0009343692130825481,-0.0014571805799180302,-0.0014571805799180302
7002,-0.00012754572677202503,-0.0013122957980104338,-0.0013122957980104338
7003,-0.0006854828364933249,-0.001297840159068242,-0.001297840159068242
7004,-0.0010377520184688249,-0.0013072756977839208,-0.0013072756977839208
7005,-0.0015422421641391748,-0.0014732091081629364,-0.0014732091081629364
7006,-0.0006263344753113,-0.0013875550386810956,-0.0013875550386810956
7007,-0.00031594813003210003,-0.0013503247680249698,-0.0013503247680249698
7008,-0.0011188481896260843,-0.001508188357249735,-0.001508188357249735
7009,-0.000140732855146375,-0.0012060433975912427,-0.0012060433975912427
7010,-5.434798199905003e-05,-0.0013788416312777644,-0.0013788416312777644
7011,-0.0009297818481766749,-0.001586680461669059,-0.001586680461669059
7012,-3.081093393507501e-05,-0.0012788193398879076,-0.0012788193398879076
7013,-0.0007428085876599751,-0.0011466618644641491,-0.0011466618644641491
7014,0.0003552030233446301,-0.0012229058178286254,-0.0012229058178286254
7015,-0.0006566260524688999,-0.0013282715261881536,-0.0013282715261881536
7016,-0.0008775961406099999,-0.001236545775804255,-0.001236545775804255
7017,-0.001687116030302925,-0.0012597469844015017,-0.0012597469844015017
7018,-0.0006166135682664,-0.001421994691564371,-0.001421994691564371
7019,0.000363510534701875,-0.0011939610456627296,-0.0011939610456627296
7020,-0.0006655694154365326,-0.0014143376164698698,-0.0014143376164698698
7021,-2.7930212307999806e-06,-0.0010460096557729232,-0.0010460096557729232
7022,-0.001015176890215175,-0.0014386548229751268,-0.0014386548229751268
7023,-0.00051971010723535,-0.0015959685462825005,-0.0015959685462825005
7024,-0.000864627620141825,-0.001260996395877084,-0.001260996395877084
7025,-0.0010256839430852,-0.0015746544240706037,-0.0015746544240706037
7026,-0.000645178329232575,-0.001459990949784662,-0.001459990949784662
7027,-0.00131342932831795,-0.0012324717317884599,-0.0012324717317884599
7028,-0.0009307022969758749,-0.0013376399534108048,-0.0013376399534108048
7029,-0.001636383116871175,-0.001444452239848511,-0.001444452239848511
7030,-0.0013399609273622498,-0.0016583764826864234,-0.0016583764826864234
7031,-0.0008370210941176,-0.0013754679436416512,-0.0013754679436416512
7032,-0.001234631544172375,-0.0015519707861658385,-0.0015519707861658385
7033,-0.00069898389091905,-0.0012925135873702634,-0.0012925135873702634
7034,0.000250310614642175,-0.0014249011618117343,-0.0014249011618117343
7035,-0.0009492104860691251,-0.0012727687531076837,-0.0012727687531076837
7036,-0.001200735776597025,-0.0015686062002307308,-0.0015686062002307308
7037,-0.000703355877078875,-0.001373037340021589,-0.001373037340021589
7038,-0.0012670293823868499,-0.0011296570279321961,-0.0011296570279321961
7039,-0.0016487116794915752,-0.001748652653212819,-0.001748652653212819
7040,-0.000477335156992625,-0.0011641686006926913,-0.0011641686006926913
7041,-0.0010673373022395002,-0.00135948941680047,-0.00135948941680047
7042,-0.00046776065299875,-0.0013583586609847102,-0.0013583586609847102
7043,-0.0006597406801229675,-0.0013711386792279086,-0.0013711386792279086
7044,-0.001622638148318925,-0.0011911037427226531,-0.0011911037427226531
7045,-0.0007290075316807999,-0.0012283200009798915,-0.0012283200009798915
7046,-0.0010123312620234017,-0.001263783754247252,-0.001263783754247252
7047,-0.0006080197199602,-0.0013221411756579636,-0.0013221411756579636
7048,-0.0005656589424712999,-0.0012011585284071758,-0.0012011585284071758
7049,-0.0020692260070971,-0.0011620332118566625,-0.0011620332118566625
7050,-0.0009648188999244749,-0.0014471730304325171,-0.0014471730304325171
7051,-0.001273352787480175,-0.0014776046454989407,-0.0014776046454989407
7052,-0.0006962850942040749,-0.0013359280387624788,-0.0013359280387624788
7053,-0.00114391312094565,-0.0013898014723686355,-0.0013898014723686355
7054,-0.00013588789636854992,-0.0013377353801026061,-0.0013377353801026061
7055,-0.001145778908581475,-0.0012626727895814658,-0.0012626727895814658
7056,-0.00021865897893796072,-0.0014881316969473635,-0.0014881316969473635
7057,-0.0013419290176144502,-0.0012575196683684974,-0.0012575196683684974
7058,-0.00039998538816739997,-0.0012984893647149543,-0.0012984893647149543
7059,-0.0016592624590642752,-0.0014443632281394775,-0.0014443632281394775
7060,-0.0002796232341286499,-0.001132420344696328,-0.001132420344696328
7061,-0.0008507486749013,-0.0013980208965186681,-0.0013980208965186681
7062,-0.000352725895887675,-0.00121925466795419,-0.00121925466795419
7063,-0.0008694721010492999,-0.0014811762462351235,-0.0014811762462351235
7064,-0.001249930455169225,-0.0014888320255327455,-0.0014888320255327455
7065,-0.0012688269638178999,-0.001215079599595019,-0.001215079599595019
7066,-0.0007772321663624001,-0.001157938271968408,-0.001157938271968408
7067,-0.000167624894329375,-0.0016270325373613113,-0.0016270325373613113
7068,-0.00072958058993605,-0.001337813422228208,-0.001337813422228208
7069,-0.0008218570295594999,-0.0013739630789116105,-0.0013739630789116105
7070,-0.0008450576651877501,-0.0015482789778593347,-0.0015482789778593347
7071,-0.0009537773735656251,-0.0012396133039541605,-0.0012396133039541605
7072,-0.000983820677047575,-0.0015799584823510382,-0.0015799584823510382
7073,-0.0016082445655114,-0.0014229344672220387,-0.0014229344672220387
7074,-0.001779521487409275,-0.00121985405446209,-0.00121985405446209
7075,-0.000648488771033775,-0.001249452169591395,-0.001249452169591395
7076,-0.0013251635528266502,-0.0012854396856308075,-0.0012854396856308075
7077,-3.000095919182495e-05,-0.0014536930703803388,-0.0014536930703803388
7078,-0.0005253441638753602,-0.0013693568382429945,-0.0013693568382429945
7079,-0.00084904677541185,-0.0013601511898886365,-0.0013601511898886365
7080,-0.001353039304111275,-0.001457718253581846,-0.001457718253581846
7081,-0.001254949799281225,-0.0012226122958206684,-0.0012226122958206684
7082,-0.00039130660165489996,-0.0011897550205808803,-0.0011897550205808803
7083,-0.001276508529091675,-0.0012544099432855137,-0.0012544099432855137
7084,-0.0011022177034586001,-0.0013070880280348289,-0.0013070880280348289
7085,-0.0003854604675918024,-0.0013992360155934134,-0.0013992360155934134
7086,-0.0008655729466864499,-0.0015941618308417996,-0.0015941618308417996
7087,-0.00074933733128275,-0.0012793490832420126,-0.0012793490832420126
7088,0.00025529576436850003,-0.0012464997230011005,-0.0012464997230011005
7089,-0.000763650432697875,-0.001389367057981823,-0.001389367057981823
7090,-0.001456125567797675,-0.0013037953299108282,-0.0013037953299108282
7091,0.0001027691343293,-0.0011271257693754616,-0.0011271257693754616
7092,-0.0008557421507350751,-0.0014375870539024712,-0.0014375870539024712
7093,-0.000593466367837925,-0.0014320242683759172,-0.0014320242683759172
7094,-0.00019647292500246622,-0.0012083588796526048,-0.0012083588796526048
7095,-0.0011948847620675963,-0.0012313071783534885,-0.0012313071783534885
7096,-0.00126819148358815,-0.0014005230884557194,-0.0014005230884557194
7097,-0.0008675615338389939,-0.0010557501913378902,-0.0010557501913378902
7098,-0.00111008452722471,-0.0015174362444325149,-0.0015174362444325149
7099,-0.0011724819036061,-0.001385937067012764,-0.001385937067012764
7100,-0.000527096775338275,-0.0012325692622516217,-0.0012325692622516217
7101,-0.0011302027514271248,-0.001327882505425421,-0.001327882505425421
7102,-0.0007805218680026637,-0.001266460509548868,-0.001266460509548868
7103,-0.0005408099159755,-0.0012352273528366436,-0.0012352273528366436
7104,-0.0005068642830313442,-0.001571652832899102,-0.001571652832899102
7105,-0.0009511046775282676,-0.0012985049365826654,-0.0012985049365826654
7106,-0.00120036900588525,-0.0015227067099466566,-0.0015227067099466566
7107,-0.0003517388355148,-0.0013158836496170029,-0.0013158836496170029
7108,-0.002040005640667425,-0.0014005056120728737,-0.0014005056120728737
7109,-0.00047061481020860003,-0.001339655084263721,-0.001339655084263721
7110,-0.000697047066743925,-0.0013092743327125296,-0.0013092743327125296
7111,-0.00082870440729105,-0.0012650319105103384,-0.0012650319105103384
7112,-0.0008257309658361249,-0.0015028241922405837,-0.0015028241922405837
7113,-0.00090750240317665,-0.0013466983482321793,-0.0013466983482321793
7114,-0.000836639516928425,-0.0015550271726360247,-0.0015550271726360247
7115,-0.0013622040474524498,-0.0012114654541031812,-0.0012114654541031812
7116,-0.00034606903240559997,-0.0010817274277422667,-0.0010817274277422667
7117,-0.0012257332627338,-0.0012694986482463457,-0.0012694986482463457
7118,-0.0014969860791215,-0.0013607416991462194,-0.0013607416991462194
7119,-0.00016894786414342508,-0.0013992177294517296,-0.0013992177294517296
7120,-0.0014607399446543252,-0.0013345477203738044,-0.0013345477203738044
7121,-0.001231245874386275,-0.0015267164729554457,-0.0015267164729554457
7122,-0.001427072167663275,-0.0012421299378065534,-0.0012421299378065534
7123,-0.000971366233397775,-0.0014774698407744073,-0.0014774698407744073
7124,-0.0006638041118188,-0.0014652625254500896,-0.0014652625254500896
7125,-0.0027570116967024754,-0.0013908981123138995,-0.0013908981123138995
7126,-0.00132042764653635,-0.0012294155103189182,-0.0012294155103189182
7127,1.8817507422699988e-05,-0.001398095604897707,-0.001398095604897707
7128,-0.0009941504728748628,-0.001391427109755552,-0.001391427109755552
7129,-0.00034100933788929995,-0.0015636180459063461,-0.0015636180459063461
7130,-0.0005164627078478249,-0.0014869794077813155,-0.0014869794077813155
7131,2.190950147634428e-05,-0.0012475769615143792,-0.0012475769615143792
7132,-0.00044462641174232496,-0.0014079421357330632,-0.0014079421357330632
7133,-0.000952165877568667,-0.0011323457480122675,-0.0011323457480122675
7134,-0.0008330104198128249,-0.0014493648923881702,-0.0014493648923881702
7135,-0.00186937032685295,-0.0012909661973874416,-0.0012909661973874416
7136,-0.0009661048166349001,-0.0013217353273613035,-0.0013217353273613035
7137,0.00012573250712629995,-0.0013375744084355948,-0.0013375744084355948
7138,-0.0008691256632992,-0.00131622242999044,-0.00131622242999044
7139,-0.0003890286838550672,-0.0012880678839573964,-0.0012880678839573964
7140,-0.001312665285126175,-0.0012482958605821155,-0.0012482958605821155
7141,-0.00143304248796295,-0.001182414025948718,-0.001182414025948718
7142,-0.001431752202923412,-0.0015235854433523694,-0.0015235854433523694
7143,-0.00086421064425605,-0.0013241318648866457,-0.0013241318648866457
7144,-0.00036036972029824995,-0.001204069122997091,-0.001204069122997091
7145,-0.0007681258123692,-0.001013118539911594,-0.001013118539911594
7146,-0.00037288867401525,-0.0013307697015377538,-0.0013307697015377538
7147,-0.0005009911752254165,-0.0014236931970891056,-0.0014236931970891056
7148,-0.00021118676418027497,-0.001343150921552103,-0.001343150921552103
7149,-0.001229590671702,-0.0014341580775044142,-0.0014341580775044142
7150,-0.0006936054652938749,-0.001254264512627241,-0.001254264512627241
7151,-0.0013674602904695,-0.001445295927785957,-0.001445295927785957
7152,-0.0005466895661424425,-0.0013669556849720454,-0.0013669556849720454
7153,-0.001233855547261275,-0.0013013470798138055,-0.0013013470798138055
7154,-0.0003382368991314,-0.0012527131142479843,-0.0012527131142479843
7155,-0.0008922535397635,-0.0013820272419046106,-0.0013820272419046106
7156,-0.00103868365295385,-0.001241738763883709,-0.001241738763883709
7157,-0.0005599671275154749,-0.0014944814202893135,-0.0014944814202893135
7158,-0.0006210719463141,-0.001465071210439996,-0.001465071210439996
7159,-0.00106724981992355,-0.0012904848845308374,-0.0012904848845308374
7160,-0.001009005711206607,-0.001320214596275295,-0.001320214596275295
7161,-0.00169640823764125,-0.001521286445700508,-0.001521286445700508
7162,-0.0009840405218622338,-0.0014857053398808192,-0.0014857053398808192
7163,-0.0018402677858270003,-0.0014123175827496298,-0.0014123175827496298
7164,-0.001810668397172025,-0.001428265367492963,-0.001428265367492963
7165,-0.000571660306242825,-0.0012891212599371324,-0.0012891212599371324
7166,-0.001694784993260375,-0.001329922650078761,-0.001329922650078761
7167,-0.0010727639301643,-0.0016240221608613387,-0.0016240221608613387
7168,-0.001775537583261275,-0.001436998481872339,-0.001436998481872339
7169,-0.0013022406806136,-0.0015199590749133485,-0.0015199590749133485
7170,-0.000316075440807575,-0.0013505424412839763,-0.0013505424412839763
7171,-0.0007540932385272749,-0.0012334098539777388,-0.0012334098539777388
7172,-0.001676722353021875,-0.001293765225697768,-0.001293765225697768
7173,-0.0008198045338276196,-0.0011198313757850413,-0.0011198313757850413
7174,-0.00171592213750385,-0.0013951378500797929,-0.0013951378500797929
7175,-0.00141983955511315,-0.0012747994738746475,-0.0012747994738746475
7176,-0.000964892421068125,-0.0013332769982210124,-0.0013332769982210124
7177,-0.0006900213099077,-0.0013244607669492703,-0.0013244607669492703
7178,-0.00107654525482025,-0.0014386838225799252,-0.0014386838225799252
7179,-0.0011138170430490001,-0.0012515585776929708,-0.0012515585776929708
7180,-0.0005869916726847501,-0.0012195161724534783,-0.0012195161724534783
7181,-0.000620367483701975,-0.0014540593481639846,-0.0014540593481639846
7182,-0.00081472859094465,-0.0011698454764791446,-0.0011698454764791446
7183,-0.0008583878631768499,-0.00135702218721108,-0.00135702218721108
7184,-0.0011689371454659,-0.0014455848812787494,-0.0014455848812787494
7185,-0.0012427383715462753,-0.001276713585149561,-0.001276713585149561
7186,-0.0021419371314223747,-0.0015151114503106585,-0.0015151114503106585
7187,-0.0010673994168109,-0.0014063685487715114,-0.0014063685487715114
7188,-0.0002624843974186,-0.0013274605346360437,-0.0013274605346360437
7189,-0.00021873234393025,-0.0012552760744560516,-0.0012552760744560516
7190,0.00037510300617192506,-0.0013170474554001334,-0.0013170474554001334
7191,0.00038660728782647486,-0.0013430929961268292,-0.0013430929961268292
7192,-0.000800284723926225,-0.0013055330410910943,-0.0013055330410910943
7193,0.00016598648222319998,-0.0013359729660519543,-0.0013359729660519543
7194,-0.00111425758773565,-0.0012893394524678746,-0.0012893394524678746
7195,-0.00010898831423392498,-0.0012041921145834371,-0.0012041921145834371
7196,-0.00011798005547879997,-0.0013293897482022528,-0.0013293897482022528
7197,-0.00137831001833055,-0.0011693808973046664,-0.0011693808973046664
7198,-0.00050021386446765,-0.0013283660694500062,-0.0013283660694500062
7199,-0.000513687307652375,-0.0013599770509808685,-0.0013599770509808685
7200,-0.0002069244182633501,-0.0013105374086454296,-0.0013105374086454296
7201,-0.000369041589609175,-0.0013144054852562983,-0.0013144054852562983
7202,-0.0011672526281219597,-0.0015311256801502431,-0.0015311256801502431
7203,-0.00091822377594651,-0.0014075432739849864,-0.0014075432739849864
7204,-0.0003861994415478,-0.0014738065059015917,-0.0014738065059015917
7205,-0.0007004304529901,-0.0014537245870233537,-0.0014537245870233537
7206,-0.0009029293591978501,-0.0014207558729620964,-0.0014207558729620964
7207,-3.157794144742498e-05,-0.0012135009125431907,-0.0012135009125431907
7208,-0.001244857532007175,-0.0013396013395768611,-0.0013396013395768611
7209,0.0004101671504746177,-0.001452351891044803,-0.001452351891044803
7210,7.5461051747575e-05,-0.0011441314062682394,-0.0011441314062682394
7211,-0.00064956387875865,-0.0012571313058805846,-0.0012571313058805846
7212,-0.00031633967611004995,-0.001535846129740153,-0.001535846129740153
7213,-0.000382332281115425,-0.0012978915397663805,-0.0012978915397663805
7214,-0.001387065556746475,-0.0012713352541422862,-0.0012713352541422862
7215,-0.001110591968462025,-0.001361786085982021,-0.001361786085982021
7216,-0.0004341292779173557,-0.0011173373852052884,-0.0011173373852052884
7217,-0.00164048260371025,-0.001337968220456809,-0.001337968220456809
7218,-0.001652929622487725,-0.0011146664697101163,-0.0011146664697101163
7219,-0.0007547438756293,-0.0013807013668021807,-0.0013807013668021807
7220,-0.0008896829237599249,-0.0012952153479074344,-0.0012952153479074344
7221,-0.0008702548328753347,-0.001353245161983281,-0.001353245161983281
7222,-0.0005796992142811,-0.0013165351248001927,-0.0013165351248001927
7223,-0.0006697082454334999,-0.0012732191237083777,-0.0012732191237083777
7224,-0.001135471318309475,-0.0013952410254721398,-0.0013952410254721398
7225,-0.0014847924089702001,-0.0015115860971728202,-0.0015115860971728202
7226,-0.0005207603533069,-0.0015532739898789657,-0.0015532739898789657
7227,-0.000367885071229425,-0.0010810308287682424,-0.0010810308287682424
7228,-0.001148325426183525,-0.0013727998853070784,-0.0013727998853070784
7229,-0.0007129075925974479,-0.0013174671311127176,-0.0013174671311127176
7230,-0.0023384654647460746,-0.0014329873225175324,-0.0014329873225175324
7231,-0.00069284636414935,-0.0014803438269046212,-0.0014803438269046212
7232,-0.00014367056444482498,-0.0011948328014848278,-0.0011948328014848278
7233,-0.0012988665869452251,-0.00124091621130496,-0.00124091621130496
7234,-0.001167752227013825,-0.0014168480208582384,-0.0014168480208582384
7235,-0.000775198166834375,-0.001155581267634756,-0.001155581267634756
7236,-0.0001747918552489883,-0.0013036429532697798,-0.0013036429532697798
7237,-0.000700778541784,-0.0011368500360553855,-0.0011368500360553855
7238,-0.0007776699134520001,-0.0012683747259616721,-0.0012683747259616721
7239,-0.001181481833638065,-0.0013403006844497068,-0.0013403006844497068
7240,-0.0014763374405002499,-0.0014277115086548783,-0.0014277115086548783
7241,-0.0014219464849188751,-0.0013287338524189504,-0.0013287338524189504
7242,-0.00038404101751867494,-0.0012301492011841707,-0.0012301492011841707
7243,-0.0005352447755941751,-0.0012755767891476034,-0.0012755767891476034
7244,-0.0009313831197484,-0.00127482774736209,-0.00127482774736209
7245,-0.0013904265250544502,-0.00126682303635679,-0.00126682303635679
7246,-0.001337926663154725,-0.0012494820999533478,-0.0012494820999533478
7247,-0.0008908443437466501,-0.0012721626206419435,-0.0012721626206419435
7248,-0.001550871594375725,-0.0013262623425082697,-0.0013262623425082697
7249,-0.001515718777904075,-0.0016123841267252645,-0.0016123841267252645
7250,-0.0013088069841679251,-0.0012986861930365857,-0.0012986861930365857
7251,-0.0009618921392161499,-0.001535715917228237,-0.001535715917228237
7252,-0.0006372430969361501,-0.0014380799529112353,-0.0014380799529112353
7253,-0.0016960745202670678,-0.0010723557767764013,-0.0010723557767764013
7254,-0.0023350056778769,-0.0014983065480614237,-0.0014983065480614237
7255,-0.00132462940894965,-0.0015416137271477858,-0.0015416137271477858
7256,-0.000690491036023,-0.0012531828381429628,-0.0012531828381429628
7257,-0.00045130927437419995,-0.001223185397291071,-0.001223185397291071
7258,-0.001202316734308275,-0.0013103425124842097,-0.0013103425124842097
7259,-0.000287933268975975,-0.0014043557781865332,-0.0014043557781865332
7260,-3.583060064510005e-05,-0.0015891784411627642,-0.0015891784411627642
7261,-0.001395323750254175,-0.0013811976745879346,-0.0013811976745879346
7262,-0.0016176540894067,-0.0012215803649712315,-0.0012215803649712315
7263,-0.0018758456393634252,-0.001406671292573742,-0.001406671292573742
7264,-0.00027885235443025,-0.0013565769900244884,-0.0013565769900244884
7265,-0.0008548825307340249,-0.0016200691207252152,-0.0016200691207252152
7266,-0.00033252266685772494,-0.0012391533496351793,-0.0012391533496351793
7267,-0.001637838959199825,-0.00129427919465662,-0.00129427919465662
7268,-0.0007056192573047749,-0.0014297846675788326,-0.0014297846675788326
7269,-0.001032279144179,-0.001469039327764604,-0.001469039327764604
7270,-0.0009457364422794661,-0.0013361545777028088,-0.0013361545777028088
7271,-0.0003822848827032,-0.0014919984458776475,-0.0014919984458776475
7272,-0.0009482414157607501,-0.0013106714502205978,-0.0013106714502205978
7273,-7.354247401424987e-06,-0.00146302813420017,-0.00146302813420017
7274,-0.000700917630061275,-0.0011782424190353395,-0.0011782424190353395
7275,-0.0013471016448540498,-0.0014018220283586883,-0.0014018220283586883
7276,-0.0019116603935061,-0.0015098122876343303,-0.0015098122876343303
7277,-0.00021205571858665004,-0.0014136387490851741,-0.0014136387490851741
7278,-0.0017250058810103252,-0.0013364295792087867,-0.0013364295792087867
7279,-0.0015911295611978251,-0.0013621213505757815,-0.0013621213505757815
7280,-0.0009867029269008,-0.0015680354566258775,-0.0015680354566258775
7281,-0.001235770324434675,-0.0015503037038216386,-0.0015503037038216386
7282,-0.0012551450970123294,-0.0014708033688937226,-0.0014708033688937226
7283,-0.001579465397552375,-0.0013513820789809554,-0.0013513820789809554
7284,-0.00046555165861262497,-0.0013463639419547752,-0.0013463639419547752
7285,-0.00172942249639165,-0.0014107866235946885,-0.0014107866235946885
7286,-0.00029527859092899996,-0.0014298361962942234,-0.0014298361962942234
7287,-0.00051385099234575,-0.0013824348360311248,-0.0013824348360311248
7288,-0.0010021716043501251,-0.0014238254744230127,-0.0014238254744230127
7289,-0.001267862988234375,-0.0014596834238760456,-0.0014596834238760456
7290,-0.0007338288062875588,-0.0012762541298324708,-0.0012762541298324708
7291,-0.0013714413082643751,-0.0011718597625292257,-0.0011718597625292257
7292,-0.0015328123136273,-0.001404649085029824,-0.001404649085029824
7293,-0.001213823125776125,-0.0014090127301899852,-0.0014090127301899852
7294,-0.000719386292294175,-0.0014829614319265215,-0.0014829614319265215
7295,-0.0011431929501096588,-0.0012497498673637447,-0.0012497498673637447
7296,0.0001597880928151,-0.001162548049922218,-0.001162548049922218
7297,-0.000694319866210475,-0.001311277751711716,-0.001311277751711716
7298,-0.0012414195489237,-0.0013752770485011155,-0.0013752770485011155
7299,-0.00010799052393453779,-0.0012517699092988444,-0.0012517699092988444
7300,-0.000680841303169475,-0.0014613216169083857,-0.0014613216169083857
7301,-0.00103704514977605,-0.0013737392020711401,-0.0013737392020711401
7302,-0.000200308399848175,-0.0012590064047555561,-0.0012590064047555561
7303,0.00028513258210295,-0.0013176990004143537,-0.0013176990004143537
7304,-0.0006460277613151355,-0.0014178659023761874,-0.0014178659023761874
7305,-0.0007111151342532,-0.0013430593696180655,-0.0013430593696180655
7306,-0.0003654474804803,-0.001043340678860317,-0.001043340678860317
7307,-0.00155897708663815,-0.0013070014447396842,-0.0013070014447396842
7308,-0.00024932953203509996,-0.0012352434675517165,-0.0012352434675517165
7309,-0.0005008306111323852,-0.001352222719427489,-0.001352222719427489
7310,-0.0004636808362087307,-0.0012053609814106012,-0.0012053609814106012
7311,-0.0003772958595503,-0.0016192726893129354,-0.0016192726893129354
7312,-0.0011148212176383108,-0.0013464014606284678,-0.0013464014606284678
7313,-0.00164461263889535,-0.0013322486156248337,-0.0013322486156248337
7314,-0.0007507704853756499,-0.0011621751995025077,-0.0011621751995025077
7315,-0.000705673267283567,-0.001306829329347248,-0.001306829329347248
7316,-0.000388768371328925,-0.0012657700541302598,-0.0012657700541302598
7317,-0.001312534342364125,-0.0012023434753443997,-0.0012023434753443997
7318,-0.0018575103197657,-0.0013510192360798182,-0.0013510192360798182
7319,-0.00097949741735345,-0.0013696781452826464,-0.0013696781452826464
7320,-0.001328458418633025,-0.001410748114893432,-0.001410748114893432
7321,-0.0015387042831974999,-0.0015083782957554504,-0.0015083782957554504
7322,-0.000997928196606075,-0.0012981270846371359,-0.0012981270846371359
7323,-0.0008129193891048999,-0.0015373448623401441,-0.0015373448623401441
7324,-0.00094387143478965,-0.001484427997229984,-0.001484427997229984
7325,4.229680827774992e-06,-0.0014407527858811325,-0.0014407527858811325
7326,-0.0012710386569168,-0.0014898439410952324,-0.0014898439410952324
7327,-0.0011047939705148,-0.0013839248177670983,-0.0013839248177670983
7328,-0.00155647893670095,-0.0013535301005494222,-0.0013535301005494222
7329,-0.000201450296637025,-0.0014740728326457053,-0.0014740728326457053
7330,-0.002128316981968725,-0.0015739698091525255,-0.0015739698091525255
7331,-0.00022236133179499997,-0.0014149700508025566,-0.0014149700508025566
7332,-0.000766267869841,-0.00127868811961984,-0.00127868811961984
7333,6.146146449470199e-05,-0.001527236671954395,-0.001527236671954395
7334,-0.00012172805623759998,-0.00132845988000181,-0.00132845988000181
7335,-0.0008881124528492446,-0.001311198321698139,-0.001311198321698139
7336,-0.0006969310825371749,-0.0012537557490371377,-0.0012537557490371377
7337,-0.0006180216356435591,-0.0011856705082780214,-0.0011856705082780214
7338,-0.00012961789002612504,-0.001491384747018527,-0.001491384747018527
7339,-0.000677437837289,-0.0012966993813798783,-0.0012966993813798783
7340,-0.0003620660094056,-0.0013808367324651292,-0.0013808367324651292
7341,-0.001520157015177325,-0.0012385040250724767,-0.0012385040250724767
7342,-0.0010632644262732881,-0.0012313419670572994,-0.0012313419670572994
7343,-0.00065900544435175,-0.0012966910301627956,-0.0012966910301627956
7344,-0.0005895007451873751,-0.0013688010728820925,-0.0013688010728820925
7345,-0.00015380318333374488,-0.0013348079886018162,-0.0013348079886018162
7346,-0.00021831021355687508,-0.001317024131812609,-0.001317024131812609
7347,-0.0016165867080327,-0.001502350847013523,-0.001502350847013523
7348,-0.0002976534998332,-0.0013073526005299458,-0.0013073526005299458
7349,-0.00073156335395395,-0.0011553767926689813,-0.0011553767926689813
7350,-0.001245729324139525,-0.0012180931915202805,-0.0012180931915202805
7351,-0.0005282439207119749,-0.0014840513034158071,-0.0014840513034158071
7352,-0.001912236697533125,-0.0017481262578616964,-0.0017481262578616964
7353,-0.001033546850338,-0.0013917677624695043,-0.0013917677624695043
7354,-0.001590038706671475,-0.0012042099983307316,-0.0012042099983307316
7355,-0.0017917969308692502,-0.001304963052088981,-0.001304963052088981
7356,-0.0018833171110635252,-0.0013477143393509556,-0.0013477143393509556
7357,-0.000830625063499675,-0.001299350816300159,-0.001299350816300159
7358,-0.001219076374006591,-0.0015642128164678735,-0.0015642128164678735
7359,-0.0005700056092923113,-0.0013096751780383054,-0.0013096751780383054
7360,-0.001033355181146075,-0.0012611828806813963,-0.0012611828806813963
7361,-0.0012827955172386748,-0.0012235181617001648,-0.0012235181617001648
7362,-0.000331195938375775,-0.0014998446448014613,-0.0014998446448014613
7363,0.00022657091433022497,-0.0012945220017345409,-0.0012945220017345409
7364,-0.0007403875225465544,-0.001253037608798579,-0.001253037608798579
7365,-0.0005856689235020499,-0.0010746118989437433,-0.0010746118989437433
7366,-0.00067289277666985,-0.0014117815711264675,-0.0014117815711264675
7367,-0.00096386110749935,-0.0013829573814154242,-0.0013829573814154242
7368,-0.001777233466209966,-0.0013701816092045061,-0.0013701816092045061
7369,-0.0003386406960401425,-0.00132684266090569,-0.00132684266090569
7370,-0.00031566519134762505,-0.0012439733741718365,-0.0012439733741718365
7371,-0.000677122771269925,-0.0012203147695738132,-0.0012203147695738132
7372,-0.00073438459381055,-0.001137053624788102,-0.001137053624788102
7373,-0.0006954323774121501,-0.0012894883957429823,-0.0012894883957429823
7374,-0.0011427679546283,-0.0015479607319630112,-0.0015479607319630112
7375,-0.0005827368441886251,-0.0014445318816474853,-0.0014445318816474853
7376,-0.000281819314219375,-0.0014811946114931403,-0.0014811946114931403
7377,-0.0014967383801945749,-0.0014572931633187382,-0.0014572931633187382
7378,-0.001211878904241725,-0.0013135610582730266,-0.0013135610582730266
7379,-0.00079424623092115,-0.0013776472727548468,-0.0013776472727548468
7380,-0.0005274618411644749,-0.0012998599229437223,-0.0012998599229437223
7381,-0.0007790925564156749,-0.0012544754609883735,-0.0012544754609883735
7382,-0.0004694109268737749,-0.0015557889778680775,-0.0015557889778680775
7383,-0.001190034496006475,-0.001204748085696125,-0.001204748085696125
7384,-0.00012060366303265,-0.0013007870673521352,-0.0013007870673521352
7385,-0.0015908789859497999,-0.0013794981489093452,-0.0013794981489093452
7386,-0.000363834078043625,-0.0014458718549652568,-0.0014458718549652568
7387,-0.0013666639487975,-0.001544803081563504,-0.001544803081563504
7388,-0.00034119139607409997,-0.001576954422320388,-0.001576954422320388
7389,-0.00133520463266785,-0.0012593646237898815,-0.0012593646237898815
7390,-0.001120201718301325,-0.0013560710286150527,-0.0013560710286150527
7391,-0.00076296851919745,-0.0014898714789231531,-0.0014898714789231531
7392,0.000329931743463275,-0.001646140525456398,-0.001646140525456398
7393,-0.0019935577384611,-0.0013376417247394612,-0.0013376417247394612
7394,8.400066034117499e-05,-0.0011268626718899928,-0.0011268626718899928
7395,-0.0014688948007417,-0.0013141349646958317,-0.0013141349646958317
7396,-0.001048053596741425,-0.0013008041035948866,-0.0013008041035948866
7397,-0.00219184775823025,-0.0014993389935339025,-0.0014993389935339025
7398,-0.0012545037580471501,-0.0015192497306630774,-0.0015192497306630774
7399,-0.000481798245650425,-0.0012797199042413844,-0.0012797199042413844
7400,-0.0013169460768478,-0.0015001859800049594,-0.0015001859800049594
7401,-0.0011819975481774168,-0.0014851972797116423,-0.0014851972797116423
7402,-0.0008826112790361,-0.0013128659341784977,-0.0013128659341784977
7403,-0.0007995123638886523,-0.0012793124431301505,-0.0012793124431301505
7404,-0.000698417487086025,-0.0013270863934956515,-0.0013270863934956515
7405,-0.0014792823954105248,-0.0010982752537635292,-0.0010982752537635292
7406,-0.0007647916250436749,-0.0015235730755252155,-0.0015235730755252155
7407,-0.00074963003603905,-0.0012187231289621536,-0.0012187231289621536
7408,-0.000556325335611225,-0.0013184289721469805,-0.0013184289721469805
7409,-0.0010713301525146748,-0.001357913585975255,-0.001357913585975255
7410,-0.0014664789894273751,-0.0013705461006718158,-0.0013705461006718158
7411,-0.0007670292115024,-0.0015026714970516172,-0.0015026714970516172
7412,-0.0004623465263489,-0.0014837982119626203,-0.0014837982119626203
7413,-0.0009808264778382,-0.0011380770254741535,-0.0011380770254741535
7414,-0.0011182806554185,-0.0010525539510678255,-0.0010525539510678255
7415,-0.00023164234127262507,-0.0013204780625989147,-0.0013204780625989147
7416,-0.0011196121690690499,-0.001266989856776481,-0.001266989856776481
7417,-0.0007409430337501,-0.0014715427076812517,-0.0014715427076812517
7418,-0.001773602458325475,-0.0014765235845204919,-0.0014765235845204919
7419,-0.0006506152811059751,-0.0013879429544967625,-0.0013879429544967625
7420,-0.001159980645348075,-0.0012852051000028304,-0.0012852051000028304
7421,-0.0012898054630561002,-0.001288756010670702,-0.001288756010670702
7422,-0.0018978874046852252,-0.0013233426915754385,-0.0013233426915754385
7423,-0.000572725958169725,-0.001074263995290828,-0.001074263995290828
7424,-0.00026355481056145,-0.0014439733503883558,-0.0014439733503883558
7425,-0.00050935290368465,-0.001392703535377281,-0.001392703535377281
7426,-0.0010017861293759101,-0.0012431012407552275,-0.0012431012407552275
7427,-0.00141425618367265,-0.0016993961885990643,-0.0016993961885990643
7428,-0.001033039860968025,-0.0014978433628790838,-0.0014978433628790838
7429,-0.00039805856777147503,-0.0014098948311426392,-0.0014098948311426392
7430,-0.0007951482791200249,-0.0014965994070573238,-0.0014965994070573238
7431,-0.001231758279824725,-0.0013341071190059893,-0.0013341071190059893
7432,-0.000990414213727925,-0.0015551584800115271,-0.0015551584800115271
7433,-0.0005362453193705624,-0.0013738495123971554,-0.0013738495123971554
7434,-0.000519763061845325,-0.0014629721946417807,-0.0014629721946417807
7435,-7.291731083575062e-06,-0.001271540351343748,-0.001271540351343748
7436,-0.0010256636499223,-0.0015010223820501865,-0.0015010223820501865
7437,0.000252797043736825,-0.001144161570073288,-0.001144161570073288
7438,-0.00042927262598099996,-0.0013003696849960176,-0.0013003696849960176
7439,-0.00041740386909672504,-0.001350997889688318,-0.001350997889688318
7440,-0.0007130953219365338,-0.001360281580282342,-0.001360281580282342
7441,-0.00042337367682955,-0.0014325360872125628,-0.0014325360872125628
7442,-0.001176785919579525,-0.0014954799713792512,-0.0014954799713792512
7443,-0.0011155454853962999,-0.0013324296729556116,-0.0013324296729556116
7444,-0.0008635777800872499,-0.0014085997381984184,-0.0014085997381984184
7445,-0.001998229705249043,-0.0014882651363606059,-0.0014882651363606059
7446,-0.0007843735883617,-0.001252511801292187,-0.001252511801292187
7447,-0.0010714881512079752,-0.001191838708608054,-0.001191838708608054
7448,-0.000960371466502625,-0.0015044508592973957,-0.0015044508592973957
7449,-0.0010799200222527,-0.0012976684797554488,-0.0012976684797554488
7450,-0.000523598749142575,-0.0013032654800107229,-0.0013032654800107229
7451,-0.0008771793442089,-0.0014474113448290182,-0.0014474113448290182
7452,-0.00019361971504355,-0.0010970503240427568,-0.0010970503240427568
7453,-0.00043360348688247495,-0.0014202720209352065,-0.0014202720209352065
7454,-0.0003975915896907749,-0.0015158809260689462,-0.0015158809260689462
7455,-0.0008667513116112308,-0.0014884920787266703,-0.0014884920787266703
7456,-0.0013910696934119249,-0.0014634026898401173,-0.0014634026898401173
7457,-0.001337815224872925,-0.0013786344850892417,-0.0013786344850892417
7458,-0.0003038417914389,-0.001287215616585472,-0.001287215616585472
7459,-0.00065352294701645,-0.001198677627429527,-0.001198677627429527
7460,0.0003351040648967563,-0.001123688264209337,-0.001123688264209337
7461,-0.0007707520594102751,-0.0013246743195783916,-0.0013246743195783916
7462,-0.0012286164502161249,-0.0014806299777348482,-0.0014806299777348482
7463,-0.0016800930945513807,-0.0014686126258210896,-0.0014686126258210896
7464,-0.000555900469528925,-0.0012607446309279397,-0.0012607446309279397
7465,7.813643602552501e-05,-0.0012581092859620328,-0.0012581092859620328
7466,-0.000343969427611225,-0.0014291437173421025,-0.0014291437173421025
7467,-0.0001781407628165,-0.001388890769197595,-0.001388890769197595
7468,-0.000532478147997775,-0.0013224802003665664,-0.0013224802003665664
7469,-0.002572981683714825,-0.0016074131844819616,-0.0016074131844819616
7470,-0.0008267902233116,-0.0016450514720861929,-0.0016450514720861929
7471,-0.0011965496947010002,-0.0013848431164949163,-0.0013848431164949163
7472,-0.00033520742169322495,-0.0012515711910672817,-0.0012515711910672817
7473,-0.001308562182027725,-0.001472919080096934,-0.001472919080096934
7474,-0.0008601189326982257,-0.0017578375683167677,-0.0017578375683167677
7475,-0.000667729897600925,-0.0013578780659181785,-0.0013578780659181785
7476,-0.001106385797405675,-0.0014087520667704788,-0.0014087520667704788
7477,-0.0011622882412800882,-0.0011372439647895027,-0.0011372439647895027
7478,-0.0008844076598062954,-0.0013665763999550003,-0.0013665763999550003
7479,-0.000324840056352,-0.0013985997611491757,-0.0013985997611491757
7480,-0.0008333545180189173,-0.0014010434224165963,-0.0014010434224165963
7481,-0.0016281991748614997,-0.0012420591395033965,-0.0012420591395033965
7482,-0.000994787110000125,-0.0012657113029844508,-0.0012657113029844508
7483,-0.00044159702170395,-0.0011656695173432677,-0.0011656695173432677
7484,-0.00040130541774094586,-0.0012775131787996386,-0.0012775131787996386
7485,-0.0011768623047595252,-0.0012722342068295848,-0.0012722342068295848
7486,-0.0007074973092167138,-0.0011737587095659737,-0.0011737587095659737
7487,-0.0007029574822806249,-0.0010658312914280422,-0.0010658312914280422
7488,-0.0006221575176266999,-0.0012635856745820567,-0.0012635856745820567
7489,-0.000354801459870775,-0.0012276468752951103,-0.0012276468752951103
7490,-0.001459739086800425,-0.0014731822430078402,-0.0014731822430078402
7491,-0.0003410803485807888,-0.0013517407224149904,-0.0013517407224149904
7492,-0.00016783961235039278,-0.001492181258502216,-0.001492181258502216
7493,-0.000643079697230775,-0.0013344011433933682,-0.0013344011433933682
7494,-0.0010165589963232625,-0.0012017205264493941,-0.0012017205264493941
7495,-0.00011732330986375002,-0.0014665003188005054,-0.0014665003188005054
7496,-0.0008778784221431,-0.0012099910752425974,-0.0012099910752425974
7497,-0.00081715994333815,-0.0011902215488832867,-0.0011902215488832867
7498,-0.000527363422834925,-0.0014721276326862887,-0.0014721276326862887
7499,-0.001611625682801925,-0.00140738387628881,-0.00140738387628881
7500,-0.00048348036489672503,-0.001395607442938082,-0.001395607442938082
7501,-0.0009100488095135249,-0.0015024528832218854,-0.0015024528832218854
7502,-0.0012894632319639249,-0.0014936908682532256,-0.0014936908682532256
7503,-0.0011667999561015174,-0.0011542747835583214,-0.0011542747835583214
7504,-0.0005471532096196999,-0.001387833860749961,-0.001387833860749961
7505,-0.000302530650554475,-0.0013783960211436349,-0.0013783960211436349
7506,-0.000849607855744325,-0.001349214308686572,-0.001349214308686572
7507,-0.0015697911643742998,-0.001299830975879035,-0.001299830975879035
7508,-0.00119267409059075,-0.0013846574375688937,-0.0013846574375688937
7509,-0.001018119639647925,-0.0012553075594173584,-0.0012553075594173584
7510,-0.0007311159528202,-0.0012152901567107136,-0.0012152901567107136
7511,-0.0005216270969677251,-0.001477153344726267,-0.001477153344726267
7512,-0.00021330759794718486,-0.001591449163827862,-0.001591449163827862
7513,-0.001143269499060025,-0.00139459518504233,-0.00139459518504233
7514,-0.001584904497683225,-0.0013398488507816908,-0.0013398488507816908
7515,-0.0014370161405047749,-0.0013710846952834676,-0.0013710846952834676
7516,-0.00123814629126735,-0.001046166903234973,-0.001046166903234973
7517,-0.000997455800940725,-0.0014616636097798533,-0.0014616636097798533
7518,-0.0015636256763901998,-0.001411552022145428,-0.001411552022145428
7519,-0.001744466503796075,-0.0013174517399155911,-0.0013174517399155911
7520,-0.00047437096389608263,-0.0013058007043642878,-0.0013058007043642878
7521,-0.0004165879299051,-0.001393575685301483,-0.001393575685301483
7522,-0.0012795233798015499,-0.0013779731206972762,-0.0013779731206972762
7523,-0.0006000109667064251,-0.0011552350596421932,-0.0011552350596421932
7524,-0.000654284352991325,-0.0015070568635421765,-0.0015070568635421765
7525,-0.001133391535170125,-0.0013767298370557554,-0.0013767298370557554
7526,-0.000323294902151,-0.0012404946843752969,-0.0012404946843752969
7527,-0.00104000430572585,-0.0013911465272813132,-0.0013911465272813132
7528,-0.0004067901923332888,-0.0015573300753594591,-0.0015573300753594591
7529,-0.001845477500695825,-0.0013037355422170721,-0.0013037355422170721
7530,-0.001247362447944875,-0.0013509644516718172,-0.0013509644516718172
7531,-4.3437313012325014e-05,-0.0013483829524550313,-0.0013483829524550313
7532,-0.0005536462134041179,-0.001293047661533643,-0.001293047661533643
7533,-0.001012381581107925,-0.0013894767483354823,-0.0013894767483354823
7534,-0.00095439753442705,-0.0012336928759557858,-0.0012336928759557858
7535,0.000740379114781525,-0.0012179938210948047,-0.0012179938210948047
7536,-0.000698517092695775,-0.0011624931694380108,-0.0011624931694380108
7537,-0.0014172262449364955,-0.0013467706383978068,-0.0013467706383978068
7538,-0.0014684873495392752,-0.0013310328894115852,-0.0013310328894115852
7539,-0.000884376317031025,-0.0012965744650793776,-0.0012965744650793776
7540,-0.0007237062185139248,-0.0016493378091021389,-0.0016493378091021389
7541,-0.0015955274495494751,-0.0014460262089993963,-0.0014460262089993963
7542,0.00012472218678737492,-0.0012321463561145998,-0.0012321463561145998
7543,-0.0005551436922511249,-0.0014770193145533948,-0.0014770193145533948
7544,-0.0015174417987393499,-0.0014184452302559416,-0.0014184452302559416
7545,-0.0002258597205470958,-0.0012945118850299375,-0.0012945118850299375
7546,-0.001565863273533225,-0.0015070703525632406,-0.0015070703525632406
7547,-0.00080934008550755,-0.0014711543892333618,-0.0014711543892333618
7548,-0.00097068104206355,-0.0013164424867019124,-0.0013164424867019124
7549,-0.0010533676459096501,-0.0012935459395585992,-0.0012935459395585992
7550,-0.000285467927069225,-0.0015550582784169503,-0.0015550582784169503
7551,0.00032732015336267497,-0.0011399523040111661,-0.0011399523040111661
7552,-0.001535336956483425,-0.0013635987678826634,-0.0013635987678826634
7553,-0.000692027081549625,-0.0014360601619052477,-0.0014360601619052477
7554,-0.0013278150286893,-0.0013377805985479558,-0.0013377805985479558
7555,-0.000309723943778775,-0.001152168542350973,-0.001152168542350973
7556,-0.0007210026488664847,-0.0013353301528607647,-0.0013353301528607647
7557,-0.00017961382721127465,-0.0012716174454152462,-0.0012716174454152462
7558,-0.001092053868319375,-0.00132001251370299,-0.00132001251370299
7559,-0.00060726090113045,-0.0014178697817998302,-0.0014178697817998302
7560,-0.00135039623075575,-0.001458308496443823,-0.001458308496443823
7561,-0.0007950492657714039,-0.0012185153293926972,-0.0012185153293926972
7562,-0.000783368121983025,-0.0013735320803534537,-0.0013735320803534537
7563,-0.00105683169455515,-0.0012750643511848744,-0.0012750643511848744
7564,-0.00050660616287075,-0.0013807864394604576,-0.0013807864394604576
7565,-0.00032302862247847507,-0.0010478252759345923,-0.0010478252759345923
7566,-0.0011906128136363,-0.0014879249749533848,-0.0014879249749533848
7567,-0.000531896623379225,-0.0012488884217079254,-0.0012488884217079254
7568,-0.00086213885071435,-0.001368740461383055,-0.001368740461383055
7569,-0.001132439530545625,-0.0015571687221691119,-0.0015571687221691119
7570,-0.001575343134619475,-0.0014545695521142037,-0.0014545695521142037
7571,-0.000924763885563175,-0.0014264467394767234,-0.0014264467394767234
7572,-0.00036547197062680286,-0.0013711204068767898,-0.0013711204068767898
7573,-9.273364719665001e-05,-0.0012697999426030716,-0.0012697999426030716
7574,-0.001102868133468425,-0.0014178374312505332,-0.0014178374312505332
7575,-0.001153692665164325,-0.0013403461555327825,-0.0013403461555327825
7576,-0.000388974909671181,-0.0016129049293934577,-0.0016129049293934577
7577,-0.0011952265825118885,-0.0013436551338627104,-0.0013436551338627104
7578,-0.001280944596356391,-0.0015552762433393048,-0.0015552762433393048
7579,-0.001747868151414975,-0.0014085583036681094,-0.0014085583036681094
7580,-0.0007679220666773,-0.0012191484347171511,-0.0012191484347171511
7581,-0.0008759857498013249,-0.0014346242819737642,-0.0014346242819737642
7582,-0.001480819339355,-0.0013607857885042662,-0.0013607857885042662
7583,-0.0011940789887808902,-0.0015592943293391912,-0.0015592943293391912
7584,-0.0006331243532875499,-0.0016290434881862496,-0.0016290434881862496
7585,-0.0014420278688052107,-0.0016332428694330742,-0.0016332428694330742
7586,-0.001084872169096424,-0.0013099611410136538,-0.0013099611410136538
7587,-0.001335489243066425,-0.0013129492545458019,-0.0013129492545458019
7588,-0.001067137717905075,-0.0014712815277051485,-0.0014712815277051485
7589,-0.0009780388650777751,-0.0014037877617711567,-0.0014037877617711567
7590,-0.000973506044401875,-0.0014598560679963245,-0.0014598560679963245
7591,-0.0007411675071983749,-0.0012848100903276821,-0.0012848100903276821
7592,-0.0002638696710155001,-0.0013134316270626758,-0.0013134316270626758
7593,-0.00134056440558675,-0.001407031472522241,-0.001407031472522241
7594,-0.00044437859027902503,-0.0013164745314087794,-0.0013164745314087794
7595,-6.75323356079e-05,-0.0013237440914891895,-0.0013237440914891895
7596,-0.00016287301032502497,-0.0012745529541996112,-0.0012745529541996112
7597,-0.0008534698393693,-0.0014626804548470028,-0.0014626804548470028
7598,-0.000205902824119475,-0.0013089316366936205,-0.0013089316366936205
7599,-0.0009565434754037855,-0.001265324200746289,-0.001265324200746289
7600,-0.000677903764257025,-0.001334317534777578,-0.001334317534777578
7601,-0.0009156844030970251,-0.001424027315464478,-0.001424027315464478
7602,-0.000625836593707025,-0.0011289349505304534,-0.0011289349505304534
7603,-0.0006848851289873198,-0.0016277557706530755,-0.0016277557706530755
7604,0.00027273390259167506,-0.0013036312657797326,-0.0013036312657797326
7605,-0.0010131969047107,-0.0011333204920122746,-0.0011333204920122746
7606,-0.00082319579010755,-0.0013149318756329115,-0.0013149318756329115
7607,-0.001059383673867225,-0.0013176766405756137,-0.0013176766405756137
7608,-0.0009453701739602251,-0.0012534091623061336,-0.0012534091623061336
7609,-0.0008189146873681187,-0.00150796099887966,-0.00150796099887966
7610,6.983122929847497e-05,-0.0014085878273527163,-0.0014085878273527163
7611,-0.0013665902821695703,-0.0011893822750851765,-0.0011893822750851765
7612,-0.00105619513329255,-0.0013037667268913813,-0.0013037667268913813
7613,-0.0014093824757075752,-0.0013533041548085087,-0.0013533041548085087
7614,-0.0008625749137478751,-0.0015218094974699654,-0.0015218094974699654
7615,-0.0006238145925234748,-0.0013335142252812416,-0.0013335142252812416
7616,-0.0010041066752823479,-0.0012069258295237968,-0.0012069258295237968
7617,-0.0009507495097017,-0.0013796458816475515,-0.0013796458816475515
7618,-0.00082816242409425,-0.0013842149365891495,-0.0013842149365891495
7619,-2.07837360879996e-06,-0.0013517689785114298,-0.0013517689785114298
7620,-0.0013521106796195,-0.0015577627510745642,-0.0015577627510745642
7621,-0.0004094651017121,-0.0010639312825930437,-0.0010639312825930437
7622,-0.000824750429136975,-0.001332495128876434,-0.001332495128876434
7623,-7.094173424025002e-06,-0.0015311313175277058,-0.0015311313175277058
7624,-0.0022574225395368248,-0.0013393858447622847,-0.0013393858447622847
7625,-0.00112169249943105,-0.0013836166533059862,-0.0013836166533059862
7626,-0.0003426704985727445,-0.001189224174823873,-0.001189224174823873
7627,-0.00025373029911412504,-0.0010924251116765816,-0.0010924251116765816
7628,-0.0006102734678836499,-0.0013280964890399925,-0.0013280964890399925
7629,-0.0008849489171451001,-0.001208692948568983,-0.001208692948568983
7630,-0.00031927427940844997,-0.0014150935618109089,-0.0014150935618109089
7631,5.105367566219999e-05,-0.0011589933922151513,-0.0011589933922151513
7632,-0.0018355573790375002,-0.0012355374757790994,-0.0012355374757790994
7633,-0.0014288123727765,-0.0013777922040216202,-0.0013777922040216202
7634,-0.0003794545595383,-0.0012862367888252723,-0.0012862367888252723
7635,-0.00018693218995645,-0.0014976380341064034,-0.0014976380341064034
7636,-0.0015443663644681,-0.0015581554289148265,-0.0015581554289148265
7637,-0.0012415540740691,-0.00155991966785642,-0.00155991966785642
7638,-0.000567206205353175,-0.0012345601564526822,-0.0012345601564526822
7639,-0.00060312775097795,-0.0014134906523314084,-0.0014134906523314084
7640,-0.0010849596780843,-0.0015152481827298055,-0.0015152481827298055
7641,0.000204259812141575,-0.00120541583825135,-0.00120541583825135
7642,-0.000696708576075475,-0.001335702515123472,-0.001335702515123472
7643,-0.0017867169720734001,-0.0014173699192030365,-0.0014173699192030365
7644,-0.00102409637029095,-0.0013022650824104337,-0.0013022650824104337
7645,-0.001284869370908025,-0.0013046527768574066,-0.0013046527768574066
7646,-0.000856543710071625,-0.0013135595590193837,-0.0013135595590193837
7647,-0.0008889504315183,-0.0011956784003950508,-0.0011956784003950508
7648,0.0001548598258348,-0.001424973338595704,-0.001424973338595704
7649,-0.00039911914405565,-0.001340160109946058,-0.001340160109946058
7650,-0.0005579982490941499,-0.001351006344484353,-0.001351006344484353
7651,-0.000650357959401675,-0.0014513786465803326,-0.0014513786465803326
7652,-0.001040939308542825,-0.0012301635083690361,-0.0012301635083690361
7653,-0.0018017936149600498,-0.0012724613885073729,-0.0012724613885073729
7654,-0.0001695428111919,-0.0014017521363088922,-0.0014017521363088922
7655,-0.0014693542890105,-0.001359749853612693,-0.001359749853612693
7656,-0.0010820654935613499,-0.0013130460189331719,-0.0013130460189331719
7657,0.00015453330664052492,-0.0012670817381565305,-0.0012670817381565305
7658,-0.0015229382793368249,-0.0015003324573328125,-0.0015003324573328125
7659,-0.0012854836255406007,-0.001607237563135803,-0.001607237563135803
7660,-0.000918126923868175,-0.0012005843252606142,-0.0012005843252606142
7661,-0.001026643411689875,-0.0013736920278477228,-0.0013736920278477228
7662,-0.00113098353060255,-0.0012973962918227473,-0.0012973962918227473
7663,-0.0014275530537704,-0.001183338573954404,-0.001183338573954404
7664,-0.00172671041440525,-0.0012182332877692249,-0.0012182332877692249
7665,-0.0009763601634968,-0.0015315234455943805,-0.0015315234455943805
7666,-0.00062262328881885,-0.0011658701218215163,-0.0011658701218215163
7667,0.0003558325204475001,-0.0013013279354045237,-0.0013013279354045237
7668,-0.00110642817910205,-0.0015447605732041277,-0.0015447605732041277
7669,-0.0007690536870013751,-0.0011785440713643958,-0.0011785440713643958
7670,-0.00035995892963657503,-0.001382878262039182,-0.001382878262039182
7671,-0.0004448483014221499,-0.0014084612942886505,-0.0014084612942886505
7672,-0.0008223716225126,-0.0013401319114370374,-0.0013401319114370374
7673,-0.001041374836364625,-0.001528329809373797,-0.001528329809373797
7674,-0.0016328010131982,-0.001530750800068734,-0.001530750800068734
7675,-0.00018690517242709996,-0.0011600890687461765,-0.0011600890687461765
7676,-0.0015385037217547002,-0.0015542467529660897,-0.0015542467529660897
7677,-0.00097726036664085,-0.0012577495269322462,-0.0012577495269322462
7678,-0.001926344097185125,-0.001289592061728722,-0.001289592061728722
7679,-0.0020075720391768,-0.0014644907960925685,-0.0014644907960925685
7680,-0.0008640637717238249,-0.0011762021475512183,-0.0011762021475512183
7681,-0.00135550859704745,-0.001436002471525891,-0.001436002471525891
7682,-0.0003617062118274599,-0.001263069067092275,-0.001263069067092275
7683,-0.00031994607743877495,-0.001316940436686993,-0.001316940436686993
7684,-0.0008381910419365,-0.0012535065800913059,-0.0012535065800913059
7685,-0.0007171308697645749,-0.0013887296126457295,-0.0013887296126457295
7686,-0.0008013869576727,-0.0014999485557197429,-0.0014999485557197429
7687,-0.000584291509618025,-0.0013704295079540283,-0.0013704295079540283
7688,-0.0013670090379574,-0.0011900807479099875,-0.0011900807479099875
7689,-0.001269923657094875,-0.0014694142095316885,-0.0014694142095316885
7690,-0.000464588282519325,-0.0013598662251775577,-0.0013598662251775577
7691,-0.00025133662356509995,-0.001261653707888959,-0.001261653707888959
7692,-0.00123507290366295,-0.0013816959266936704,-0.0013816959266936704
7693,-0.001243117120404525,-0.00149317265490483,-0.00149317265490483
7694,-3.592402233157499e-05,-0.0016312564126319275,-0.0016312564126319275
7695,-0.0011743581334552,-0.0014985656162972568,-0.0014985656162972568
7696,-0.0009254051928122,-0.0014263660467401058,-0.0014263660467401058
7697,-0.000322641850108425,-0.001381338609858336,-0.001381338609858336
7698,-0.0009654851334199501,-0.0013206107203740458,-0.0013206107203740458
7699,-0.0005457552590228586,-0.0014528129630629032,-0.0014528129630629032
7700,-0.001434016134440641,-0.0012659847900146231,-0.0012659847900146231
7701,-0.001000867468690975,-0.0016503367027858552,-0.0016503367027858552
7702,5.696908416857188e-05,-0.0011463752723686752,-0.0011463752723686752
7703,-0.000335540997011675,-0.001327286008013385,-0.001327286008013385
7704,-0.0009082967710614187,-0.0010389716729332853,-0.0010389716729332853
7705,-0.000825057755169075,-0.0014011291660942643,-0.0014011291660942643
7706,-0.000619005252278875,-0.00127308459186361,-0.00127308459186361
7707,-3.309549614565003e-05,-0.0013280586923153492,-0.0013280586923153492
7708,-0.000958186812487325,-0.0013028021487651081,-0.0013028021487651081
7709,-0.000977358811002675,-0.0014900433893403325,-0.0014900433893403325
7710,-0.0007241790800467,-0.0013543625640645995,-0.0013543625640645995
7711,-0.0017526957608815967,-0.0014711078943397393,-0.0014711078943397393
7712,-0.000971690878139675,-0.0011714477472698885,-0.0011714477472698885
7713,-0.0013300413926259002,-0.0015675949694816016,-0.0015675949694816016
7714,-0.0010140675494384249,-0.001147954336792931,-0.001147954336792931
7715,-0.000948741471785975,-0.0013827076992733137,-0.0013827076992733137
7716,0.00010176505675489996,-0.0014586553140116302,-0.0014586553140116302
7717,-0.0013251648361868604,-0.0015336932161958835,-0.0015336932161958835
7718,-0.0011283189576893737,-0.0013689344669673203,-0.0013689344669673203
7719,-0.00031309006428180235,-0.0012263892156123752,-0.0012263892156123752
7720,-0.0011074808069923001,-0.0013683118862812865,-0.0013683118862812865
7721,-0.0014237615135187,-0.0013609107424276284,-0.0013609107424276284
7722,-0.001003963417162722,-0.0015631969688419353,-0.0015631969688419353
7723,-0.0007921626930827751,-0.0013577239105215216,-0.0013577239105215216
7724,-0.001891759901331475,-0.0012645163588256912,-0.0012645163588256912
7725,-0.000757616279812625,-0.0012497732978869463,-0.0012497732978869463
7726,-0.00031717114379847507,-0.0012241798277021925,-0.0012241798277021925
7727,-0.0005016211015697501,-0.001173872437678089,-0.001173872437678089
7728,-0.0001415060890961,-0.001309000364956356,-0.001309000364956356
7729,-0.00026071997017872736,-0.0012360072087192735,-0.0012360072087192735
7730,-0.0006170405042351884,-0.001145654211123067,-0.001145654211123067
7731,-0.00040501932213554996,-0.0014297259758855496,-0.0014297259758855496
7732,-0.0009610875436813001,-0.0013990451361930673,-0.0013990451361930673
7733,-0.0013268367088625501,-0.0014367849864587766,-0.0014367849864587766
7734,-0.0015078626861102502,-0.0015688043633641108,-0.0015688043633641108
7735,-0.000822413045122375,-0.0011936149227437798,-0.0011936149227437798
7736,-0.00173756806148455,-0.0012643900652206674,-0.0012643900652206674
7737,-0.00178931515490375,-0.0013821125042266782,-0.0013821125042266782
7738,-0.0016595449544377248,-0.001304837973602082,-0.001304837973602082
7739,-0.0012385059937963499,-0.0014345603519272845,-0.0014345603519272845
7740,-0.001855260747489575,-0.0012151991473393453,-0.0012151991473393453
7741,9.868607309042494e-05,-0.0014526723325402745,-0.0014526723325402745
7742,-0.0009754723201944501,-0.0013681988194718057,-0.0013681988194718057
7743,-0.000685725088847525,-0.0013594700450970405,-0.0013594700450970405
7744,-0.001052276682233175,-0.0012348741254258379,-0.0012348741254258379
7745,-0.000402862662747075,-0.0013205334401374888,-0.0013205334401374888
7746,-4.241324246095381e-05,-0.0013294518892955599,-0.0013294518892955599
7747,-0.001239076291789675,-0.0010620699904694735,-0.0010620699904694735
7748,-0.00097964193598455,-0.0011788786721095006,-0.0011788786721095006
7749,-0.000975054243866775,-0.0013920456554818335,-0.0013920456554818335
7750,-0.0007816752708758249,-0.0012548509191779478,-0.0012548509191779478
7751,-0.001132263707837925,-0.0012317296206650328,-0.0012317296206650328
7752,-0.001024893667741925,-0.0013861365467489556,-0.0013861365467489556
7753,-0.001195016057160925,-0.0011342826621192265,-0.0011342826621192265
7754,-0.000647170476122175,-0.0014190529776228799,-0.0014190529776228799
7755,-0.0010496924526297688,-0.0013151664048679337,-0.0013151664048679337
7756,-0.001220574764939,-0.0012202316377539258,-0.0012202316377539258
7757,-0.0010147901663645,-0.0013252935225908338,-0.0013252935225908338
7758,-0.00033523591094659997,-0.0012762050260460693,-0.0012762050260460693
7759,-0.001057087289158425,-0.0012948528992720858,-0.0012948528992720858
7760,-0.0018599454255296003,-0.0016153850263683019,-0.0016153850263683019
7761,-0.000907211678967025,-0.0013323359708686605,-0.0013323359708686605
7762,-0.000635390996885175,-0.001366396380412165,-0.001366396380412165
7763,-0.000632994996237575,-0.0012565631915148136,-0.0012565631915148136
7764,-0.001218021646152925,-0.0013289375699379294,-0.0013289375699379294
7765,-0.00063398260625195,-0.0010867945998205742,-0.0010867945998205742
7766,-0.0006401096882427219,-0.0014179833115365017,-0.0014179833115365017
7767,-0.0009043207840039439,-0.00150328138387896,-0.00150328138387896
7768,-0.00018397481538603224,-0.0014326704676210418,-0.0014326704676210418
7769,-0.00047536243475874995,-0.0015363949738562248,-0.0015363949738562248
7770,-0.0013753903038049502,-0.0011256540044154895,-0.0011256540044154895
7771,-0.0007320264342844001,-0.001438367471439107,-0.001438367471439107
7772,-0.000783774212742325,-0.0015204218235645073,-0.0015204218235645073
7773,3.0787397071974966e-05,-0.0012526633505572872,-0.0012526633505572872
7774,0.0002623157925095249,-0.0014731798394769177,-0.0014731798394769177
7775,-0.001314243279100825,-0.0012954054544479898,-0.0012954054544479898
7776,-0.001606563848576725,-0.001214447349773284,-0.001214447349773284
7777,-0.001024278001626075,-0.0014781408543655804,-0.0014781408543655804
7778,-0.0017842138771236,-0.0014330841034537378,-0.0014330841034537378
7779,-0.00048572796146175,-0.001518542442593488,-0.001518542442593488
7780,-0.00033198765408187504,-0.0012861892863288568,-0.0012861892863288568
7781,-0.0009026304761256038,-0.001349231031366317,-0.001349231031366317
7782,-0.001243234765063,-0.0014635206908934677,-0.0014635206908934677
7783,-0.000625289612707175,-0.0014973378528042838,-0.0014973378528042838
7784,-0.0006434802443577691,-0.001426153403798567,-0.001426153403798567
7785,-0.0014809529809720501,-0.0012286436113903112,-0.0012286436113903112
7786,-0.00023753010561259995,-0.001369741043911837,-0.001369741043911837
7787,-0.0013754318495054249,-0.0016418343109371937,-0.0016418343109371937
7788,-0.0005419977743157751,-0.0013545449975495357,-0.0013545449975495357
7789,-0.000218727342728425,-0.0012685747861579605,-0.0012685747861579605
7790,-0.0006388565962644,-0.0013889794596354064,-0.0013889794596354064
7791,-0.0004063976003508803,-0.001155578076519658,-0.001155578076519658
7792,-0.000400100599908875,-0.0014349256837334807,-0.0014349256837334807
7793,-0.000465638770606725,-0.0013379851409156917,-0.0013379851409156917
7794,-0.0006511850720314,-0.0012332482573304566,-0.0012332482573304566
7795,1.1473004894998595e-05,-0.0013664223530750448,-0.0013664223530750448
7796,-0.000180374827002625,-0.0015135498907988651,-0.0015135498907988651
7797,-0.000832639771070625,-0.001359159615249486,-0.001359159615249486
7798,-0.000178862915911875,-0.0012861332815259305,-0.0012861332815259305
7799,-0.00019154957271374996,-0.0012573059726114146,-0.0012573059726114146
7800,-0.0016371485696819751,-0.0010851352489133438,-0.0010851352489133438
7801,-0.001414040715262575,-0.0013669906468646335,-0.0013669906468646335
7802,-0.0016056723407928252,-0.0014638521749881948,-0.0014638521749881948
7803,-0.000709153523937325,-0.0013316754205738648,-0.0013316754205738648
7804,-0.0012197572730517,-0.0015394442625466468,-0.0015394442625466468
7805,-0.001316014004966025,-0.0013997057059415225,-0.0013997057059415225
7806,-0.0009935273137222657,-0.0012837129695786181,-0.0012837129695786181
7807,-0.00099662918598,-0.0012494877605554176,-0.0012494877605554176
7808,-0.0007751620140610501,-0.0014363274863767764,-0.0014363274863767764
7809,-0.0007684034656754,-0.0013527758022074412,-0.0013527758022074412
7810,-0.001057651196854475,-0.0013668498587999349,-0.0013668498587999349
7811,-0.0009418465244764749,-0.0011139664815720423,-0.0011139664815720423
7812,-0.00152513196107915,-0.0015804627506785002,-0.0015804627506785002
7813,-0.0008007546303461502,-0.001391596933461101,-0.001391596933461101
7814,-0.00041751536253804996,-0.001400623831042748,-0.001400623831042748
7815,-0.000850769607390075,-0.0011908403566147292,-0.0011908403566147292
7816,-0.00154906829380685,-0.0013829653871364324,-0.0013829653871364324
7817,-4.8702658736799994e-05,-0.0011084141441599306,-0.0011084141441599306
7818,0.0006713580360882999,-0.0014755760078521438,-0.0014755760078521438
7819,-0.000743984653693919,-0.0014774869603536725,-0.0014774869603536725
7820,-0.001100857210668975,-0.0012716594213550187,-0.0012716594213550187
7821,-0.0010446573953939,-0.0011088985516096504,-0.0011088985516096504
7822,-0.0013585369411835,-0.0015281077245322709,-0.0015281077245322709
7823,-0.001191044910935425,-0.00144199057053367,-0.00144199057053367
7824,-8.163209882295009e-05,-0.0011357204637928273,-0.0011357204637928273
7825,-0.0007115577935455751,-0.0016451805503224966,-0.0016451805503224966
7826,-0.0005555114364014,-0.0013033727198622682,-0.0013033727198622682
7827,-0.001636086511201875,-0.0015770153934217591,-0.0015770153934217591
7828,-0.00010008706878324999,-0.0013645181775654317,-0.0013645181775654317
7829,-0.001047844653048675,-0.001344263922132524,-0.001344263922132524
7830,-0.0013784749611896999,-0.0015454744063557347,-0.0015454744063557347
7831,1.8106664191575023e-05,-0.0013826765521233067,-0.0013826765521233067
7832,-0.0009465377537714,-0.0012627460454989758,-0.0012627460454989758
7833,-0.000885614372420525,-0.0012648939520099236,-0.0012648939520099236
7834,-0.00102850111740705,-0.0015338172120356124,-0.0015338172120356124
7835,-0.0010970336944894998,-0.0014370589662810434,-0.0014370589662810434
7836,-0.0007836704710275999,-0.0013190165538428968,-0.0013190165538428968
7837,-0.0011986520257498252,-0.0012280155625305007,-0.0012280155625305007
7838,-0.001215168256522325,-0.0013204164784774456,-0.0013204164784774456
7839,-0.000336297232929975,-0.0012845661796379677,-0.0012845661796379677
7840,-0.0008748790590981214,-0.00134194731726731,-0.00134194731726731
7841,0.00014926298263392507,-0.0012250739688700388,-0.0012250739688700388
7842,-0.001539010322422575,-0.001355590019198921,-0.001355590019198921
7843,-0.000416990862498475,-0.001321499684545687,-0.001321499684545687
7844,-0.001599675304092375,-0.001217762387510611,-0.001217762387510611
7845,-0.0007528219760735001,-0.001391984220723323,-0.001391984220723323
7846,-0.0008401322760720499,-0.001263784949424845,-0.001263784949424845
7847,0.000132440517254425,-0.001290248042961757,-0.001290248042961757
7848,-0.0010959642919028,-0.0012389159075647143,-0.0012389159075647143
7849,-0.0018640401954960252,-0.0013696865946289916,-0.0013696865946289916
7850,-0.00074755329535405,-0.0013214739096813245,-0.0013214739096813245
7851,-0.00103929410983075,-0.0014158706516820925,-0.0014158706516820925
7852,-1.177219425979998e-05,-0.0013793259087494247,-0.0013793259087494247
7853,-0.000928147387786575,-0.0016245437650504117,-0.0016245437650504117
7854,-0.00019773644263096926,-0.001459048835591811,-0.001459048835591811
7855,-0.0015941166193104998,-0.001284770155836246,-0.001284770155836246
7856,-0.001015573913128575,-0.0012231492851604384,-0.0012231492851604384
7857,-0.0008094748488225607,-0.0012572095350439957,-0.0012572095350439957
7858,-0.000749193719528075,-0.001511033140592337,-0.001511033140592337
7859,-0.0009432589523528,-0.0016315716205889457,-0.0016315716205889457
7860,-0.0005658104171703949,-0.0012485499007361747,-0.0012485499007361747
7861,-0.00124097465046455,-0.0013727612937945136,-0.0013727612937945136
7862,-0.001276787323131525,-0.0012720693739309294,-0.0012720693739309294
7863,-0.001657080322598725,-0.0013739844657048206,-0.0013739844657048206
7864,-0.001483974176686075,-0.0013080256091805818,-0.0013080256091805818
7865,-0.0009535665120256751,-0.0015467630962233841,-0.0015467630962233841
7866,-0.0009319018830550999,-0.0014550193670393708,-0.0014550193670393708
7867,-0.00165164261690525,-0.0014996574397302868,-0.0014996574397302868
7868,-0.000661301192115575,-0.0014511449624512339,-0.0014511449624512339
7869,-0.000368531031778825,-0.0013487194157321039,-0.0013487194157321039
7870,-0.0007365116181582,-0.0010422929872013422,-0.0010422929872013422
7871,-0.00041866489116005,-0.0012574879941528695,-0.0012574879941528695
7872,-0.000733857963493225,-0.0012305239613988152,-0.0012305239613988152
7873,4.022520118489997e-05,-0.0011773503092659668,-0.0011773503092659668
7874,-0.0006280838905238502,-0.0012188424388499496,-0.0012188424388499496
7875,-0.00060027696740395,-0.0012577348298957076,-0.0012577348298957076
7876,-0.0009495014907409749,-0.001303628880902889,-0.001303628880902889
7877,-0.000454231935717775,-0.001407009956790349,-0.001407009956790349
7878,-0.0012724583400493,-0.0013941666477476123,-0.0013941666477476123
7879,-0.0019253629066774,-0.0013840096868060294,-0.0013840096868060294
7880,-0.000784889931275925,-0.0016366690803217509,-0.0016366690803217509
7881,-0.001777579563912925,-0.0012674451079620686,-0.0012674451079620686
7882,-0.000865916096010625,-0.001254650885613934,-0.001254650885613934
7883,-0.0005527078373671249,-0.0013427915492866494,-0.0013427915492866494
7884,-0.0009194541286182251,-0.0014425781027479043,-0.0014425781027479043
7885,-0.000864640818274775,-0.0013528466204577702,-0.0013528466204577702
7886,-0.0015826605989204751,-0.001305447252085429,-0.001305447252085429
7887,-0.00092281710435285,-0.0012892464785596199,-0.0012892464785596199
7888,-0.00021613615641427497,-0.0010590975048787859,-0.0010590975048787859
7889,-0.000840474496965775,-0.0014097648982227713,-0.0014097648982227713
7890,-0.000757049016565225,-0.0015260640919094461,-0.0015260640919094461
7891,-0.0002417944093358,-0.001430144047216038,-0.001430144047216038
7892,-0.001377599949778275,-0.0013588753279623793,-0.0013588753279623793
7893,-0.00155601568491885,-0.001389368423664283,-0.001389368423664283
7894,-0.0010725122220063,-0.0015428616194879134,-0.0015428616194879134
7895,-0.0006824649272369979,-0.0013146477028710788,-0.0013146477028710788
7896,-0.00153513647001405,-0.0013938058829515857,-0.0013938058829515857
7897,-0.00067638184282305,-0.0013117831692103404,-0.0013117831692103404
7898,-0.0005740160642371752,-0.0012576778647898645,-0.0012576778647898645
7899,-0.000478611836413775,-0.0015349134652030208,-0.0015349134652030208
7900,-0.0006080294304828999,-0.0012803292933287426,-0.0012803292933287426
7901,-0.0015136049559876501,-0.0016464527919518076,-0.0016464527919518076
7902,-0.00144919134885215,-0.0014376309966130602,-0.0014376309966130602
7903,-0.0009796054224874501,-0.0015365421872225735,-0.0015365421872225735
7904,-0.001276714688761825,-0.0011909272577310488,-0.0011909272577310488
7905,3.536992833979999e-05,-0.0013187654405052759,-0.0013187654405052759
7906,-0.000778768744079475,-0.0014224452723107424,-0.0014224452723107424
7907,-0.001225621523969725,-0.0011424266034199796,-0.0011424266034199796
7908,0.00044281933337409987,-0.0011966336787319275,-0.0011966336787319275
7909,-0.0017342569394234,-0.0013703924797982621,-0.0013703924797982621
7910,-0.0008469971344049999,-0.0014879204357181302,-0.0014879204357181302
7911,-0.000722978522316066,-0.0013192225644555434,-0.0013192225644555434
7912,-0.000453381130374725,-0.0014162856697077432,-0.0014162856697077432
7913,-0.0006817992649608,-0.0014928529000317364,-0.0014928529000317364
7914,-0.000369806343386975,-0.001518616401650035,-0.001518616401650035
7915,-0.00180103376811625,-0.0013199237912102791,-0.0013199237912102791
7916,-0.00087659578808225,-0.0013753219339098259,-0.0013753219339098259
7917,-0.001172942775279,-0.001352321453113158,-0.001352321453113158
7918,-0.000793619979036425,-0.0011841145301298905,-0.0011841145301298905
7919,-0.0006771311187672587,-0.0011408349045783676,-0.0011408349045783676
7920,-0.000610921281482575,-0.0011398694174633434,-0.0011398694174633434
7921,-0.00163797529779555,-0.0013799475847548987,-0.0013799475847548987
7922,-0.0014018134657130502,-0.001235990066397449,-0.001235990066397449
7923,-0.0007443126259523001,-0.001156647495334285,-0.001156647495334285
7924,-1.9593816638524992e-05,-0.0011365540294708243,-0.0011365540294708243
7925,-0.0011438615437305453,-0.001481187125467696,-0.001481187125467696
7926,-0.0004352741512968499,-0.0011795073070966025,-0.0011795073070966025
7927,-0.0015620632434471089,-0.0012398088139843855,-0.0012398088139843855
7928,-0.00075104861474525,-0.001141204979238219,-0.001141204979238219
7929,-0.00100090645971875,-0.0015055723743553373,-0.0015055723743553373
7930,-0.0003297393451245249,-0.0012410931946045443,-0.0012410931946045443
7931,-0.00032726595734255005,-0.0013556870328757715,-0.0013556870328757715
7932,-0.001181292983401175,-0.0013278636706917086,-0.0013278636706917086
7933,-0.00137306549735055,-0.0014022697282310424,-0.0014022697282310424
7934,-0.0014789664622619,-0.0012476198910373448,-0.0012476198910373448
7935,-0.001132863722229625,-0.0012963820120038814,-0.0012963820120038814
7936,-0.00060079289575365,-0.0012693188437757634,-0.0012693188437757634
7937,-0.0016082534106354118,-0.001428150582964748,-0.001428150582964748
7938,-0.000222512217985425,-0.0014169965569523347,-0.0014169965569523347
7939,-0.0006932816996865,-0.0013046650821533562,-0.0013046650821533562
7940,-0.0011942643053563001,-0.0013408670993691498,-0.0013408670993691498
7941,-0.0003819490699443001,-0.0012569595900437103,-0.0012569595900437103
7942,-0.0009396078985224249,-0.0012691710865477411,-0.0012691710865477411
7943,-0.00044115379265002505,-0.0012745926694850424,-0.0012745926694850424
7944,-0.0015559261788395,-0.001316260396076955,-0.001316260396076955
7945,-0.001005841251647,-0.0012592310284637045,-0.0012592310284637045
7946,-0.0002490490585387572,-0.0014124035537367405,-0.0014124035537367405
7947,-0.00077962383582775,-0.001519876311206069,-0.001519876311206069
7948,-0.00063606327367535,-0.001348938192969934,-0.001348938192969934
7949,-0.0019737140934498,-0.001485951720624598,-0.001485951720624598
7950,-0.000684337249490775,-0.0013013199974699237,-0.0013013199974699237
7951,-0.0011609868892543999,-0.0013437337723117614,-0.0013437337723117614
7952,-0.001082152741195075,-0.0012458996473030256,-0.0012458996473030256
7953,-0.00243730828431305,-0.0013894113032126842,-0.0013894113032126842
7954,-2.597168502695e-05,-0.0013646491505247462,-0.0013646491505247462
7955,-0.0008188782773889333,-0.0013208473464989112,-0.0013208473464989112
7956,-0.00046601096857814997,-0.0014371959656631662,-0.0014371959656631662
7957,-0.0012576387647114749,-0.0013599140352516732,-0.0013599140352516732
7958,-0.001095302487569275,-0.0014331320579609485,-0.0014331320579609485
7959,-0.0001299499158744999,-0.0013584916915740342,-0.0013584916915740342
7960,-0.001269987012889025,-0.0014434699775473614,-0.0014434699775473614
7961,-0.000677215321988525,-0.0013109524533682917,-0.0013109524533682917
7962,-0.00021628593734887504,-0.0012147578219980065,-0.0012147578219980065
7963,-0.00048741330304351874,-0.0014215048951655477,-0.0014215048951655477
7964,0.00033439758849374994,-0.0012970733934446724,-0.0012970733934446724
7965,-0.000865024504485,-0.0012712012907189984,-0.0012712012907189984
7966,-0.0017580373089649249,-0.0012108909099846521,-0.0012108909099846521
7967,-0.0006929277761850499,-0.001502731491207038,-0.001502731491207038
7968,-0.0017090623484869749,-0.001317103522179854,-0.001317103522179854
7969,-0.00193587210722175,-0.0014026218152133505,-0.0014026218152133505
7970,-0.0006285380350023249,-0.0012337914801207003,-0.0012337914801207003
7971,-0.000379149872994275,-0.0012043731688245658,-0.0012043731688245658
7972,-0.0004343069991501,-0.0012462482741899844,-0.0012462482741899844
7973,-0.000752852111463325,-0.0013175440080400785,-0.0013175440080400785
7974,-0.00084295050684325,-0.0013545038127383995,-0.0013545038127383995
7975,-0.001022539748431075,-0.0013588978010439993,-0.0013588978010439993
7976,-0.0012576230282240251,-0.0016565989102146695,-0.0016565989102146695
7977,-0.0008523281926990001,-0.001290283409292474,-0.001290283409292474
7978,-0.0014167856466340248,-0.0014367333056687951,-0.0014367333056687951
7979,-0.00048169065926848107,-0.0015047868070673987,-0.0015047868070673987
7980,-0.0014905507694475248,-0.0013538703701681373,-0.0013538703701681373
7981,-0.00012230446981475,-0.0014948857156299442,-0.0014948857156299442
7982,-0.001813885424745925,-0.0013986678127570584,-0.0013986678127570584
7983,-0.0010065173871236998,-0.0014279127523714494,-0.0014279127523714494
7984,-0.0007088548603823024,-0.001257195662229708,-0.001257195662229708
7985,-0.000511663599456925,-0.001427162071085264,-0.001427162071085264
7986,-0.0013777678173472999,-0.0012965108954252178,-0.0012965108954252178
7987,-0.000957237323411125,-0.0012200879868558717,-0.0012200879868558717
7988,-0.0020001488347030747,-0.0012925975421846894,-0.0012925975421846894
7989,-0.0006243987258036524,-0.0011793203488454508,-0.0011793203488454508
7990,-0.0016565355172655498,-0.0014678490894528922,-0.0014678490894528922
7991,-0.0006856701567885251,-0.0012305257924612378,-0.0012305257924612378
7992,-0.0005376707263173,-0.001229120288018736,-0.001229120288018736
7993,-0.0005868304066924,-0.0013588556216505353,-0.0013588556216505353
7994,-0.00141036754478535,-0.0015007652008730233,-0.0015007652008730233
7995,-0.0006676527220223061,-0.001442926392314035,-0.001442926392314035
7996,-2.1764320433024993e-05,-0.0012253049686127427,-0.0012253049686127427
7997,-0.0014562265194688001,-0.0014037776227563213,-0.0014037776227563213
7998,-0.000576978679023025,-0.0012569621032931702,-0.0012569621032931702
7999,-0.001633221016769,-0.0013388647358217843,-0.0013388647358217843
8000,-0.0006386624165965089,-0.0015549225941380279,-0.0015549225941380279
8001,-0.0012609385885129249,-0.001325354808697928,-0.001325354808697928
8002,-0.00051809539732275,-0.0013695764699523853,-0.0013695764699523853
8003,-0.0012985784151167748,-0.0011473004236275204,-0.0011473004236275204
8004,-0.00037344107029825,-0.0012590292683962695,-0.0012590292683962695
8005,-0.001935039354656925,-0.0014229699159739703,-0.0014229699159739703
8006,-0.001908462821722575,-0.0011698474436060494,-0.0011698474436060494
8007,-0.0011106223070639501,-0.0015856969769622237,-0.0015856969769622237
8008,-0.0001243996478165866,-0.0012433289942266478,-0.0012433289942266478
8009,-0.00093377881359435,-0.001475157874725965,-0.001475157874725965
8010,-0.0015486467550566,-0.0013811396221464795,-0.0013811396221464795
8011,-0.001948160182741625,-0.0014120196470735534,-0.0014120196470735534
8012,-0.0017910022997786748,-0.0015202379094851777,-0.0015202379094851777
8013,-0.001152764379836125,-0.0013886930121033304,-0.0013886930121033304
8014,-0.00084130068859435,-0.0015347563759973164,-0.0015347563759973164
8015,-0.00010725441252800003,-0.001260568432922014,-0.001260568432922014
8016,-0.0012766414402565999,-0.001400470066553833,-0.001400470066553833
8017,-0.00044768815353732507,-0.0012733037167341843,-0.0012733037167341843
8018,-0.0005920389511573391,-0.0012246959777676225,-0.0012246959777676225
8019,-0.001406557766824525,-0.0016028137948091148,-0.0016028137948091148
8020,-0.0003943227954543749,-0.001272267339613083,-0.001272267339613083
8021,0.00014623800570027497,-0.001285999584521305,-0.001285999584521305
8022,0.0004627217029087,-0.001320557109924761,-0.001320557109924761
8023,-0.000710687974705125,-0.0012921948751852869,-0.0012921948751852869
8024,5.5775011478749795e-06,-0.0013950493564583283,-0.0013950493564583283
8025,-0.00033104642429674996,-0.0015597387841847017,-0.0015597387841847017
8026,-0.00052459941749845,-0.0014116394487918831,-0.0014116394487918831
8027,0.0004311988528176677,-0.0013130661995136618,-0.0013130661995136618
8028,-0.001250270136835839,-0.0015233644892557628,-0.0015233644892557628
8029,-0.000335048893714125,-0.001211533380336325,-0.001211533380336325
8030,-0.00283232804706165,-0.0015041020583080257,-0.0015041020583080257
8031,-0.000951440044979275,-0.0012461784682568434,-0.0012461784682568434
8032,-0.000432483531154,-0.0012938478866255788,-0.0012938478866255788
8033,0.000369583766059225,-0.0012429896377615095,-0.0012429896377615095
8034,-0.0010336094824340998,-0.0012660916950554988,-0.0012660916950554988
8035,-0.0009024472903289443,-0.0012338712865033199,-0.0012338712865033199
8036,-0.00110860341416875,-0.0014656151813698859,-0.0014656151813698859
8037,-0.0007129008534339,-0.0011960428696434029,-0.0011960428696434029
8038,-0.0004360109742230102,-0.0014486630257466774,-0.0014486630257466774
8039,-0.001560677144142875,-0.001431621291799008,-0.001431621291799008
8040,-0.000607681993861575,-0.0014720458074023988,-0.0014720458074023988
8041,-0.000635237679038825,-0.0011921654712516326,-0.0011921654712516326
8042,-0.0013895897826508,-0.0013321551346231336,-0.0013321551346231336
8043,-0.00046637588859377505,-0.0013551222887784897,-0.0013551222887784897
8044,-0.0007301587526931501,-0.0014927075645511535,-0.0014927075645511535
8045,-0.0011964355264061,-0.0012283384812761275,-0.0012283384812761275
8046,-0.00103607385352995,-0.0012444158235712618,-0.0012444158235712618
8047,-0.00124272756210155,-0.0013151288505301782,-0.0013151288505301782
8048,-0.00048687640213813574,-0.0013971173474607622,-0.0013971173474607622
8049,-0.000522193032793775,-0.0009869696368855453,-0.0009869696368855453
8050,-0.00070637726531815,-0.0013455493492536667,-0.0013455493492536667
8051,-0.0008250331230724749,-0.0012671210295106148,-0.0012671210295106148
8052,-0.001005968258662275,-0.0012883512590951313,-0.0012883512590951313
8053,-0.00031533425753707024,-0.0014851455825542342,-0.0014851455825542342
8054,-0.0006096920033631,-0.0013591212407560898,-0.0013591212407560898
8055,-0.0002492358398929815,-0.001261357503900465,-0.001261357503900465
8056,-0.000896438812048275,-0.001287405599456573,-0.001287405599456573
8057,-0.0011309443370762001,-0.001483070669245343,-0.001483070669245343
8058,-0.00124227769348195,-0.0013046171010322868,-0.0013046171010322868
8059,-0.0006760293685392986,-0.0012682916437930787,-0.0012682916437930787
8060,-0.0016093701273146,-0.0015710855328191363,-0.0015710855328191363
8061,-0.00030548437413385,-0.0015342925368594298,-0.0015342925368594298
8062,-0.0006566691957639,-0.0013638593534823446,-0.0013638593534823446
8063,-0.0006104328773243999,-0.0011787438727275039,-0.0011787438727275039
8064,-0.000642519367798025,-0.0014081776363376213,-0.0014081776363376213
8065,-0.00061902249801484,-0.0012403018195841194,-0.0012403018195841194
8066,0.000966495558093775,-0.001029031547287285,-0.001029031547287285
8067,-0.000703682936869175,-0.0013969753200435483,-0.0013969753200435483
8068,-0.000767232531400275,-0.0010676049526898343,-0.0010676049526898343
8069,-0.002632784737600175,-0.001508199240665639,-0.001508199240665639
8070,-0.00030138235245415006,-0.001092763820536812,-0.001092763820536812
8071,-0.000264588011971075,-0.0013127300773900408,-0.0013127300773900408
8072,-0.0018245268068595752,-0.0014823242933923065,-0.0014823242933923065
8073,-0.0008768911973667078,-0.0014813377444134398,-0.0014813377444134398
8074,-0.0011025856031721501,-0.0013431230258253717,-0.0013431230258253717
8075,-0.001355944699369775,-0.001310705498857682,-0.001310705498857682
8076,-0.0005222956475122436,-0.0013864997672841937,-0.0013864997672841937
8077,-0.00041565742630984994,-0.001303929880655693,-0.001303929880655693
8078,-0.0008741359103071749,-0.001367958992728801,-0.001367958992728801
8079,-0.00048826287117822493,-0.0012381371274099008,-0.0012381371274099008
8080,-0.00032244632281859997,-0.0011391908564662727,-0.0011391908564662727
8081,-5.034919925952499e-05,-0.0012215585087708132,-0.0012215585087708132
8082,-3.4701950076500483e-06,-0.001385779050229194,-0.001385779050229194
8083,0.000360673922070575,-0.0012180223028812175,-0.0012180223028812175
8084,-0.0013278588324352751,-0.001463070411297213,-0.001463070411297213
8085,2.58540497287494e-06,-0.0012495649620224356,-0.0012495649620224356
8086,-0.0006582220910537,-0.0013329189854491912,-0.0013329189854491912
8087,-0.000686916820604925,-0.0012056784238401322,-0.0012056784238401322
8088,-0.0013130505548865,-0.0015755163156775803,-0.0015755163156775803
8089,-0.001290568094745925,-0.001380900910087823,-0.001380900910087823
8090,-0.001218765667191875,-0.0012078383121193648,-0.0012078383121193648
8091,-4.768379938627373e-07,-0.001015909957432411,-0.001015909957432411
8092,-0.00019641396907624996,-0.0012702895163268836,-0.0012702895163268836
8093,-0.00035854587998240605,-0.001324103974971022,-0.001324103974971022
8094,-0.00045611174300214997,-0.0014541639660017357,-0.0014541639660017357
8095,-0.000417688329146,-0.0014479079878205784,-0.0014479079878205784
8096,-0.0009892801420076749,-0.0012655520166758303,-0.0012655520166758303
8097,0.00015060239006542517,-0.0010393933678833622,-0.0010393933678833622
8098,-2.0489396274624958e-05,-0.0012673629082292758,-0.0012673629082292758
8099,-0.0006505362159054001,-0.001203375118248881,-0.001203375118248881
8100,-0.0005936512277198446,-0.0012961376776247607,-0.0012961376776247607
8101,-0.0026386442975362746,-0.0013716129742163388,-0.0013716129742163388
8102,-0.0004391141205064749,-0.0012416936883897281,-0.0012416936883897281
8103,-0.0015971101719744,-0.001466965451895359,-0.001466965451895359
8104,-0.0018304924121583248,-0.0013478922509291026,-0.0013478922509291026
8105,-0.000507143504428125,-0.0012749610109797393,-0.0012749610109797393
8106,-0.001009506523182125,-0.0014299249354871812,-0.0014299249354871812
8107,-0.00033567716929607503,-0.0012223465006922448,-0.0012223465006922448
8108,-0.00079270961055155,-0.0015586740338108399,-0.0015586740338108399
8109,-0.00159347026842525,-0.001338816148469992,-0.001338816148469992
8110,-0.0008612602364456999,-0.0011688117618766797,-0.0011688117618766797
8111,-0.0007828109277511535,-0.0011101600658437588,-0.0011101600658437588
8112,-0.00109764359061225,-0.001315062912461972,-0.001315062912461972
8113,-0.0006606924359370999,-0.0013545970492364126,-0.0013545970492364126
8114,-0.0011718425724472749,-0.0014725309619196597,-0.0014725309619196597
8115,-0.0023370596103609,-0.0013035300504066901,-0.0013035300504066901
8116,-0.000367384977588175,-0.0014084377554363593,-0.0014084377554363593
8117,-0.001649209295674425,-0.001333892517375442,-0.001333892517375442
8118,-0.00023584171168872497,-0.0011875126644857147,-0.0011875126644857147
8119,-0.00017280050942987505,-0.0011143458918296796,-0.0011143458918296796
8120,-0.0008245249875685578,-0.0014265666218521722,-0.0014265666218521722
8121,-1.790861575242498e-05,-0.00123893087975089,-0.00123893087975089
8122,-0.0003012694537028,-0.0015374747409671874,-0.0015374747409671874
8123,-0.001218346138721375,-0.0010526333532494406,-0.0010526333532494406
8124,-0.0014182821171010748,-0.001555663897927839,-0.001555663897927839
8125,-0.0007004224882763,-0.0013344446338577585,-0.0013344446338577585
8126,-0.001423433620442825,-0.0014994621567616401,-0.0014994621567616401
8127,-0.0007605633021524499,-0.0011376642061140367,-0.0011376642061140367
8128,-1.2246997083674975e-05,-0.0011419854557304747,-0.0011419854557304747
8129,-0.00144743690955935,-0.0013725998830869392,-0.0013725998830869392
8130,-0.000588147706802025,-0.0013303615962947711,-0.0013303615962947711
8131,-0.0009527469356003249,-0.0011846881690997003,-0.0011846881690997003
8132,-0.00050043527794055,-0.0014077918264138554,-0.0014077918264138554
8133,-0.00025588607528635,-0.0012793819752302872,-0.0012793819752302872
8134,0.00039282676391857497,-0.0013668200097021513,-0.0013668200097021513
8135,-9.083476961955003e-05,-0.0013367610877533357,-0.0013367610877533357
8136,-0.0010456054574103095,-0.0013703587944141832,-0.0013703587944141832
8137,-0.0005369244934593999,-0.0012322687020844358,-0.0012322687020844358
8138,-0.000618342027993625,-0.001360140775388497,-0.001360140775388497
8139,-0.001156377578241925,-0.0013027497109513882,-0.0013027497109513882
8140,-0.001106778944017875,-0.0013688558901946083,-0.0013688558901946083
8141,-0.000994610573048775,-0.0012930071284175545,-0.0012930071284175545
8142,-0.000585238137944475,-0.001198766037262817,-0.001198766037262817
8143,-0.002030470828684375,-0.0013311108810026336,-0.0013311108810026336
8144,-0.000572491869802425,-0.0013064687887619326,-0.0013064687887619326
8145,-0.00103005126479115,-0.0012530418278855595,-0.0012530418278855595
8146,-0.001879521949501025,-0.0014301962246686649,-0.0014301962246686649
8147,-0.000531495274393825,-0.0013929373246448955,-0.0013929373246448955
8148,-0.00118635886724615,-0.0014889852566377316,-0.0014889852566377316
8149,-0.00116227618041715,-0.0014783714906562895,-0.0014783714906562895
8150,-0.000632901073972707,-0.0012451826018860742,-0.0012451826018860742
8151,-4.506957222372813e-05,-0.0013495254398908025,-0.0013495254398908025
8152,-0.0007158144890351749,-0.0012369393471034068,-0.0012369393471034068
8153,-0.00108619298775025,-0.001456401343396523,-0.001456401343396523
8154,-0.0011805155655712249,-0.0013898519471650824,-0.0013898519471650824
8155,-0.00118904320715245,-0.001450360467624462,-0.001450360467624462
8156,-0.00117420978007795,-0.0013733536215058766,-0.0013733536215058766
8157,-0.001993873435637275,-0.001312469510581166,-0.001312469510581166
8158,-0.00030275485202827494,-0.0013116446922380128,-0.0013116446922380128
8159,-0.0007992543447643749,-0.0015340358575403619,-0.0015340358575403619
8160,-0.0005777521087879,-0.0013167762951610874,-0.0013167762951610874
8161,-0.0006850539942899188,-0.001248718826595027,-0.001248718826595027
8162,-0.0012841008602255748,-0.0012793609417119688,-0.0012793609417119688
8163,-0.0009628894913238249,-0.0012696397890898485,-0.0012696397890898485
8164,-0.0006451804898996046,-0.0012070919821861748,-0.0012070919821861748
8165,-0.001418295609824175,-0.0015502768237485262,-0.0015502768237485262
8166,-0.0004027116844855,-0.0013744516887978558,-0.0013744516887978558
8167,-0.00089937390185025,-0.001227048023447173,-0.001227048023447173
8168,-0.001083627365717475,-0.0011664810613324745,-0.0011664810613324745
8169,-0.0009549189748565251,-0.0012181926423018934,-0.0012181926423018934
8170,-0.00046787255226368176,-0.0013141782758981238,-0.0013141782758981238
8171,-0.0013280766421217749,-0.0014550629909369343,-0.0014550629909369343
8172,-0.000719729402173825,-0.0014489850361366534,-0.0014489850361366534
8173,-0.0010413372011482001,-0.0012437454131129205,-0.0012437454131129205
8174,-0.00102573863605725,-0.0011935560966474317,-0.0011935560966474317
8175,-0.000631153473410075,-0.0014159074114471564,-0.0014159074114471564
8176,-0.0007447713887244064,-0.0013633947049764908,-0.0013633947049764908
8177,-0.0012574408741759,-0.0012831381417984424,-0.0012831381417984424
8178,-0.000402156649404525,-0.0013858935822613286,-0.0013858935822613286
8179,-0.0007163113985565251,-0.001369506363063321,-0.001369506363063321
8180,-0.0004281987490782,-0.0015675465626863742,-0.0015675465626863742
8181,0.00014723618700715002,-0.0013444708258921424,-0.0013444708258921424
8182,-0.0010152472608563501,-0.0014913671264939362,-0.0014913671264939362
8183,-0.0003806979693940089,-0.0012966031744510366,-0.0012966031744510366
8184,-0.0009321051242529749,-0.0013083870223801217,-0.0013083870223801217
8185,-0.00035735794760145,-0.0012330678223855841,-0.0012330678223855841
8186,-0.001127965147104125,-0.0013171580787705059,-0.0013171580787705059
8187,-0.00108132223695465,-0.0015464440146057965,-0.0015464440146057965
8188,-0.0008728268039772749,-0.0011673064173577108,-0.0011673064173577108
8189,-0.000885906528034375,-0.0013355813621409203,-0.0013355813621409203
8190,-0.00113244515132315,-0.0013957636687564263,-0.0013957636687564263
8191,-0.0008468904138367499,-0.001293051017050522,-0.001293051017050522
8192,-0.000292948046220975,-0.001011783769434055,-0.001011783769434055
8193,-0.0007810360880422001,-0.0012612568667875344,-0.0012612568667875344
8194,-0.0004451550351006818,-0.0011414288174877495,-0.0011414288174877495
8195,-0.00015478127336167503,-0.0010713753230278042,-0.0010713753230278042
8196,-0.0010286473904107,-0.0012817745153780762,-0.0012817745153780762
8197,-0.0018371328147697252,-0.0013582607015855826,-0.0013582607015855826
8198,-0.0021721708471974747,-0.0014858709377772337,-0.0014858709377772337
8199,-0.001398949007014575,-0.0013849189368704206,-0.0013849189368704206
8200,-0.0009577818001847999,-0.001281069677769524,-0.001281069677769524
8201,-0.001031034337917825,-0.0013286346271548701,-0.0013286346271548701
8202,-0.0007430446648122749,-0.0013626587896884254,-0.0013626587896884254
8203,-0.00021119604160954995,-0.0015076098384083137,-0.0015076098384083137
8204,-0.0001109253280659429,-0.0010905786302761132,-0.0010905786302761132
8205,-0.00058644026996155,-0.0013494137558206388,-0.0013494137558206388
8206,-0.001481814408875,-0.001323174293916639,-0.001323174293916639
8207,-0.00088791250939045,-0.001370648056258893,-0.001370648056258893
8208,-0.0015714626424577249,-0.0016670060458252882,-0.0016670060458252882
8209,-0.00099198272850035,-0.001439299430142519,-0.001439299430142519
8210,-0.0016337514214485051,-0.001447674985051853,-0.001447674985051853
8211,-0.00018224175852610004,-0.001341997890895583,-0.001341997890895583
8212,-0.00084366911195865,-0.001442891595059514,-0.001442891595059514
8213,-0.00027918850278177496,-0.001225890822360569,-0.001225890822360569
8214,-0.00167887975514135,-0.0013278469512245123,-0.0013278469512245123
8215,-0.0009062879148837499,-0.00147139478396998,-0.00147139478396998
8216,-0.001608854097121525,-0.0013651426658506964,-0.0013651426658506964
8217,-0.0014952806245427,-0.0012419607238344055,-0.0012419607238344055
8218,-0.0006368994902586501,-0.0013974361660026393,-0.0013974361660026393
8219,-0.0011510381096181501,-0.0014119436265264507,-0.0014119436265264507
8220,-0.0006181535571696751,-0.0014914722482644196,-0.0014914722482644196
8221,-0.001492597316334375,-0.0013851543921862232,-0.0013851543921862232
8222,-0.00063773785544305,-0.001475346075271271,-0.001475346075271271
8223,-0.0012586431766359002,-0.0011360317257070106,-0.0011360317257070106
8224,-0.000583002197789825,-0.001536491456923724,-0.001536491456923724
8225,-0.00022920660356469996,-0.0011749623229239418,-0.0011749623229239418
8226,-0.0013406707558667502,-0.0014617929113408547,-0.0014617929113408547
8227,-0.001134612782158975,-0.0013724691116569286,-0.0013724691116569286
8228,-1.9698706047230677e-05,-0.001270769490726854,-0.001270769490726854
8229,-0.001550284143723,-0.00128409437269356,-0.00128409437269356
8230,-0.0001901316739238855,-0.0014283016318497822,-0.0014283016318497822
8231,-0.0008521187728243251,-0.0011759197486799298,-0.0011759197486799298
8232,-0.00142261390011875,-0.0013222986967213837,-0.0013222986967213837
8233,-0.0006003647508621001,-0.0010414750911359474,-0.0010414750911359474
8234,-0.001331568503605825,-0.001367210417467383,-0.001367210417467383
8235,-0.0013584030627906,-0.0013746843846907638,-0.0013746843846907638
8236,-0.00121291070382575,-0.0012872640988550181,-0.0012872640988550181
8237,-0.0005368807588503575,-0.0013082294341881376,-0.0013082294341881376
8238,-0.0008856736895501499,-0.0014105597880267598,-0.0014105597880267598
8239,-0.0003147873172341104,-0.0014738430949826123,-0.0014738430949826123
8240,-0.00121371163589285,-0.001253251145865321,-0.001253251145865321
8241,-0.0009580999992363499,-0.001144123190968759,-0.001144123190968759
8242,-0.001015010139245575,-0.0011976274690742878,-0.0011976274690742878
8243,-0.00087011181471375,-0.0014359159894664114,-0.0014359159894664114
8244,-0.0005695082108237749,-0.0012603410006846102,-0.0012603410006846102
8245,-0.0009423379242904999,-0.0012631790162866763,-0.0012631790162866763
8246,-0.00059588232661315,-0.0013084657158277965,-0.0013084657158277965
8247,-0.0006697013006242249,-0.001482183432085682,-0.001482183432085682
8248,-0.0009028204996835335,-0.001367388665725376,-0.001367388665725376
8249,-0.0010264340314555251,-0.0013214948704284456,-0.0013214948704284456
8250,-0.00055627684850375,-0.0013283241832876237,-0.0013283241832876237
8251,-0.0007040296893709749,-0.001145720659961676,-0.001145720659961676
8252,-0.00081067796804925,-0.0014466384979778914,-0.0014466384979778914
8253,-0.001254708153271175,-0.0015100927314499,-0.0015100927314499
8254,0.0001386652307050249,-0.001388738786109967,-0.001388738786109967
8255,-0.0003853487708745,-0.0013410443275035358,-0.0013410443275035358
8256,-0.0015626831636910252,-0.0014052257082666519,-0.0014052257082666519
8257,-0.00179972936468375,-0.0015557128825949799,-0.0015557128825949799
8258,-0.0008422674616946251,-0.0014575222011932159,-0.0014575222011932159
8259,-0.001021809472175525,-0.001283240338627828,-0.001283240338627828
8260,-0.00030352640452779004,-0.0012906827421062606,-0.0012906827421062606
8261,-0.0010283719156982752,-0.0013747335664060364,-0.0013747335664060364
8262,-0.00034054067467402494,-0.001380449481044509,-0.001380449481044509
8263,-0.0008950319209142751,-0.0013756536118293206,-0.0013756536118293206
8264,-0.00100939251167935,-0.0013179613769948144,-0.0013179613769948144
8265,-0.00045007454698815,-0.0010990271310102645,-0.0010990271310102645
8266,-0.0006311594843259555,-0.001273193563362222,-0.001273193563362222
8267,-0.0015148143768426749,-0.0015516459800668143,-0.0015516459800668143
8268,-0.000785266747342375,-0.0013732753045631496,-0.0013732753045631496
8269,-0.00159247550732645,-0.0013658893921617988,-0.0013658893921617988
8270,-0.00047095617217979995,-0.0014863724016629316,-0.0014863724016629316
8271,-0.000589825882537925,-0.0012613279994546154,-0.0012613279994546154
8272,-0.001193708190056425,-0.0015383949336216936,-0.0015383949336216936
8273,-0.000784408390568225,-0.001355296264500631,-0.001355296264500631
8274,-0.0003652383716798499,-0.0014505678758129934,-0.0014505678758129934
8275,-0.00117888165842885,-0.0014747227523651137,-0.0014747227523651137
8276,-3.6313684259459806e-07,-0.0013363581134416397,-0.0013363581134416397
8277,-0.00048291462844835,-0.0014414498551300271,-0.0014414498551300271
8278,-0.0011632021284344002,-0.0014876470358634146,-0.0014876470358634146
8279,3.065552305207494e-05,-0.001423729325401494,-0.001423729325401494
8280,-0.0006097730859741751,-0.0015117223999127412,-0.0015117223999127412
8281,-0.0014196364197745,-0.0016182539132019629,-0.0016182539132019629
8282,-0.0008408923614830501,-0.0013716440468540545,-0.0013716440468540545
8283,-0.00047391271670971843,-0.001488656342040033,-0.001488656342040033
8284,-0.001216572553801275,-0.0012829957145703776,-0.0012829957145703776
8285,-0.00187971868654825,-0.0016206185893069384,-0.0016206185893069384
8286,0.0007904088085732502,-0.001292505367522023,-0.001292505367522023
8287,-0.0012407020063993999,-0.0012691176050345504,-0.0012691176050345504
8288,-0.0003148994487857,-0.0013011275908028448,-0.0013011275908028448
8289,-0.0004804475402745818,-0.0013010914900302081,-0.0013010914900302081
8290,-0.0008698444913418344,-0.0012712613646217172,-0.0012712613646217172
8291,-0.0013542529082223751,-0.001182383038669351,-0.001182383038669351
8292,-0.00048284990422024993,-0.001262543786367932,-0.001262543786367932
8293,-0.0008164481064970501,-0.001368213436372941,-0.001368213436372941
8294,-0.00117257645077445,-0.0012750305679882488,-0.0012750305679882488
8295,-0.0007988768552364251,-0.0014950517615242868,-0.0014950517615242868
8296,-0.0007079432881133249,-0.0014105744126331145,-0.0014105744126331145
8297,-0.0012014520131489249,-0.0012790932646679224,-0.0012790932646679224
8298,-0.0010406219934143198,-0.0013926985038663089,-0.0013926985038663089
8299,-0.0004253289800127251,-0.001592637495462985,-0.001592637495462985
8300,-0.001046135770540775,-0.0012614130192797268,-0.0012614130192797268
8301,-0.0007671711475530251,-0.0014525736358831703,-0.0014525736358831703
8302,-0.0008229710014005,-0.0014133677575788072,-0.0014133677575788072
8303,-0.00086105149897805,-0.0013482814972366557,-0.0013482814972366557
8304,-0.00036419498789235004,-0.0013264753767720165,-0.0013264753767720165
8305,-0.0008797903818901249,-0.0014115023733896807,-0.0014115023733896807
8306,-0.0016158408355131128,-0.001544658959206421,-0.001544658959206421
8307,-0.00174861925383505,-0.001582642817525137,-0.001582642817525137
8308,-0.000848608324103675,-0.0014730988509011982,-0.0014730988509011982
8309,-0.000513194623610975,-0.0012888391898861183,-0.0012888391898861183
8310,-0.000657267538894,-0.0014582955661598801,-0.0014582955661598801
8311,0.0003702572281415251,-0.0014159325079170617,-0.0014159325079170617
8312,-0.00087019887427685,-0.001329752124072171,-0.001329752124072171
8313,-9.764702824799956e-06,-0.0013006873901428284,-0.0013006873901428284
8314,-0.0003848325004262103,-0.0013330898928439114,-0.0013330898928439114
8315,-0.0007457253041736501,-0.0012561899477604038,-0.0012561899477604038
8316,-0.00095762710554025,-0.0014717189287598961,-0.0014717189287598961
8317,-0.00038321726869137507,-0.0013806180324625616,-0.0013806180324625616
8318,-0.001109746082795275,-0.0014911762503070022,-0.0014911762503070022
8319,-0.001687674885808992,-0.0013150867899415285,-0.0013150867899415285
8320,-0.000892820622679725,-0.0013744213812110647,-0.0013744213812110647
8321,-0.0006404569538572501,-0.0010960125392527084,-0.0010960125392527084
8322,-0.0007097681518376,-0.001401541465246988,-0.001401541465246988
8323,-0.0008311662549089,-0.0015209532720585773,-0.0015209532720585773
8324,-0.001411007254097525,-0.001433845713323991,-0.001433845713323991
8325,-0.0011993058815485,-0.001230516651588335,-0.001230516651588335
8326,-1.4788518493924968e-05,-0.0014272172199720021,-0.0014272172199720021
8327,-0.0003190934639676001,-0.0015119241620606787,-0.0015119241620606787
8328,-0.001720934813785,-0.0014408127249441538,-0.0014408127249441538
8329,-0.0009139184697231818,-0.0016100235268798533,-0.0016100235268798533
8330,-0.000435994500566225,-0.0015389746101427248,-0.0015389746101427248
8331,-0.000291880698147775,-0.0012596855729391373,-0.0012596855729391373
8332,-0.000423310478558025,-0.0013066888639937618,-0.0013066888639937618
8333,-0.0009224358452006752,-0.0014138479703227733,-0.0014138479703227733
8334,-0.0007069029372210499,-0.0013197289862817531,-0.0013197289862817531
8335,-0.0007217504446620353,-0.0013569479756978288,-0.0013569479756978288
8336,-0.0015810429358399,-0.0013847041186933109,-0.0013847041186933109
8337,-0.002247211953269975,-0.00152685363814457,-0.00152685363814457
8338,-0.0011047423609264,-0.0013095783352433071,-0.0013095783352433071
8339,-0.0011976308181535999,-0.0012576535243731836,-0.0012576535243731836
8340,-0.0005857151690767,-0.001399765770353425,-0.001399765770353425
8341,-0.00059316519341405,-0.0013091592179926969,-0.0013091592179926969
8342,-0.0007357259486745501,-0.0012899022943585602,-0.0012899022943585602
8343,-0.00041456881693985,-0.0013367312409120616,-0.0013367312409120616
8344,0.000261726991235725,-0.0012083512734455235,-0.0012083512734455235
8345,-0.0005594928241967,-0.0012399484063571606,-0.0012399484063571606
8346,0.0012175781753172498,-0.0012869972130645079,-0.0012869972130645079
8347,-0.001122756074170389,-0.0013394771786120966,-0.0013394771786120966
8348,-0.001014297849013825,-0.0013718377117305743,-0.0013718377117305743
8349,-0.0013517937786602752,-0.0014288728511262577,-0.0014288728511262577
8350,-0.0015152832638334248,-0.0015728732628012498,-0.0015728732628012498
8351,-0.0003376981495959,-0.001513481292891095,-0.001513481292891095
8352,-0.001205421564458525,-0.0016726130665514955,-0.0016726130665514955
8353,-0.001398075866214725,-0.0014190147301490431,-0.0014190147301490431
8354,-0.001403147590173225,-0.0012780421872219565,-0.0012780421872219565
8355,-0.0012862781938963463,-0.0016406428654576145,-0.0016406428654576145
8356,-0.0021079404344879252,-0.0012470625502032139,-0.0012470625502032139
8357,-4.1403100176000006e-05,-0.0012953801670852433,-0.0012953801670852433
8358,-0.001016910921812,-0.0014585549422925469,-0.0014585549422925469
8359,-0.001147828638784725,-0.0015106302082947456,-0.0015106302082947456
8360,-0.00117519259722995,-0.0015725463034514894,-0.0015725463034514894
8361,-0.0017964987074701,-0.0013685656254013119,-0.0013685656254013119
8362,-0.0006941698775480751,-0.0011810161830759103,-0.0011810161830759103
8363,-0.001140735583520075,-0.0012622475049795699,-0.0012622475049795699
8364,-0.0013043362983827847,-0.001325681580637742,-0.001325681580637742
8365,-0.001347103295234825,-0.0015934898234173287,-0.0015934898234173287
8366,-0.0007372136927667827,-0.0014139420130722371,-0.0014139420130722371
8367,-0.0006495168130465945,-0.0013479591602358386,-0.0013479591602358386
8368,-0.0011169458948071,-0.0014610827850193467,-0.0014610827850193467
8369,-0.0005697144511580444,-0.0013850262321992916,-0.0013850262321992916
8370,-0.00120957460369815,-0.0013682163379237246,-0.0013682163379237246
8371,-0.00091169199962025,-0.0014647432137475489,-0.0014647432137475489
8372,-0.00114356641589825,-0.0014247729461515908,-0.0014247729461515908
8373,-0.0015529299598459748,-0.0013458448183941425,-0.0013458448183941425
8374,-0.002066653222711175,-0.001514194564825455,-0.001514194564825455
8375,-0.0007532219739265,-0.0014904890588342047,-0.0014904890588342047
8376,-0.0010629352107539313,-0.0014015517112028935,-0.0014015517112028935
8377,-0.0007358320159126999,-0.0010785580518528166,-0.0010785580518528166
8378,-0.0013822238548224497,-0.0012399416164180373,-0.0012399416164180373
8379,-0.00064604462220435,-0.0011371485780466621,-0.0011371485780466621
8380,-0.001743430130433425,-0.001398227084804807,-0.001398227084804807
8381,-0.0007531362253794,-0.0014257305168223833,-0.0014257305168223833
8382,-0.001083054240710075,-0.0015133465308511556,-0.0015133465308511556
8383,-0.00070445922365115,-0.0014761827186833161,-0.0014761827186833161
8384,-0.001103318278056025,-0.0016606128702037822,-0.0016606128702037822
8385,-0.0006979329255477,-0.001359457184301274,-0.001359457184301274
8386,-0.0014281997500595884,-0.0013159898058580672,-0.0013159898058580672
8387,-0.0012921210348775748,-0.001245442084966326,-0.001245442084966326
8388,-0.00031242471277314997,-0.0013545990674204132,-0.0013545990674204132
8389,-0.001299343625794325,-0.0013780070751498537,-0.0013780070751498537
8390,-0.0004206395399914452,-0.0014028316496151427,-0.0014028316496151427
8391,-0.0002805610006580499,-0.0014323232187106148,-0.0014323232187106148
8392,-0.0006959313536177,-0.0012962530867796007,-0.0012962530867796007
8393,-0.001354299297427925,-0.0012403370075921697,-0.0012403370075921697
8394,-0.00013322559261387502,-0.0012339737299392748,-0.0012339737299392748
8395,-0.0008840769155173749,-0.0012611814556315166,-0.0012611814556315166
8396,-0.0011350292381111,-0.0013726203494167214,-0.0013726203494167214
8397,-0.00120299222214595,-0.0014612512065140413,-0.0014612512065140413
8398,-0.0014453865200175751,-0.0013577609595916487,-0.0013577609595916487
8399,-0.001246895440314025,-0.0014518396157994903,-0.0014518396157994903
8400,-0.00076730607618645,-0.001443827217853509,-0.001443827217853509
8401,-0.000955337069663025,-0.0012877478180437355,-0.0012877478180437355
8402,-0.0008597222547396499,-0.001509737649996587,-0.001509737649996587
8403,-0.0009608666292221251,-0.0014774964575221413,-0.0014774964575221413
8404,-0.0009217934776300092,-0.0012255573191053612,-0.0012255573191053612
8405,-0.00113587536900285,-0.001128597148285395,-0.001128597148285395
8406,-0.00130101124196775,-0.0014140058810511859,-0.0014140058810511859
8407,-0.000941355454536025,-0.0011272087148984995,-0.0011272087148984995
8408,-0.001271297762302125,-0.0014966426976134501,-0.0014966426976134501
8409,-0.0008639722686984001,-0.0016145095533890686,-0.0016145095533890686
8410,-0.001425470400470825,-0.0013067040728627528,-0.0013067040728627528
8411,-0.001201969127144375,-0.0012354160567097305,-0.0012354160567097305
8412,-0.001164240512549825,-0.0013261854645865384,-0.0013261854645865384
8413,-0.000758703089613825,-0.0013999672241227954,-0.0013999672241227954
8414,-0.0009089448111106,-0.0011432162732882278,-0.0011432162732882278
8415,-0.0006210060128834629,-0.001089072963432574,-0.001089072963432574
8416,-0.00028372030857007504,-0.001273861995859763,-0.001273861995859763
8417,-0.0007062986609431,-0.0014212045073200704,-0.0014212045073200704
8418,-0.001333207827587125,-0.0017034648181005246,-0.0017034648181005246
8419,-0.001315503614464975,-0.0010552760706621258,-0.0010552760706621258
8420,-0.000561775312250925,-0.001247423063639762,-0.001247423063639762
8421,-0.0008266445375922,-0.0011379389932076292,-0.0011379389932076292
8422,0.0001546934371236096,-0.0012629144295216623,-0.0012629144295216623
8423,8.681349297936543e-05,-0.0013145168264245039,-0.0013145168264245039
8424,-0.000843674998455375,-0.0013844200038998415,-0.0013844200038998415
8425,0.00015703249761573042,-0.0012798031657318925,-0.0012798031657318925
8426,-0.0008146556626575907,-0.0013502335254967086,-0.0013502335254967086
8427,-0.00125813845367105,-0.0014158288487975462,-0.0014158288487975462
8428,-0.002393307223601525,-0.0014808223929959037,-0.0014808223929959037
8429,-0.00206360699628755,-0.0015237336448857826,-0.0015237336448857826
8430,-0.0006585964027612018,-0.0014507097670490442,-0.0014507097670490442
8431,-0.0014513192462147502,-0.0013934727551779872,-0.0013934727551779872
8432,-0.00018549632364942494,-0.0013108925243853144,-0.0013108925243853144
8433,-0.0007858851319211249,-0.0012261350735042198,-0.0012261350735042198
8434,-0.0006088372472887382,-0.0012222860506740957,-0.0012222860506740957
8435,-0.0010146639376576749,-0.0014141808918378062,-0.0014141808918378062
8436,8.7593995475875e-05,-0.0013274170544429376,-0.0013274170544429376
8437,-0.0013662404112875998,-0.0015021259405315374,-0.0015021259405315374
8438,5.8910177376375066e-05,-0.0014625227820403966,-0.0014625227820403966
8439,-0.0014650562475781,-0.0013464994600242506,-0.0013464994600242506
8440,-0.0015486392561013752,-0.0013426415556095474,-0.0013426415556095474
8441,-0.00099925102713875,-0.0012433254159426547,-0.0012433254159426547
8442,-0.0010215098481839,-0.0012791063686997297,-0.0012791063686997297
8443,-0.0011135329925827,-0.0012445870445107162,-0.0012445870445107162
8444,-0.0016911063143712501,-0.001235697579055111,-0.001235697579055111
8445,-0.0006822293905825499,-0.001445958341902408,-0.001445958341902408
8446,-0.0009417655430087248,-0.0012852758962458135,-0.0012852758962458135
8447,-0.0011371170649416501,-0.0014422848265853079,-0.0014422848265853079
8448,-0.000915686192373625,-0.001122288274176591,-0.001122288274176591
8449,-0.00031400087795864994,-0.00121042308004608,-0.00121042308004608
8450,-0.0006235737048133811,-0.0015386078529911844,-0.0015386078529911844
8451,-0.0006515735122256249,-0.001214091403648986,-0.001214091403648986
8452,-0.000762941544727875,-0.0013871650320634687,-0.0013871650320634687
8453,-0.0006977374025215,-0.0014709519387477515,-0.0014709519387477515
8454,-0.000427471715278825,-0.0014043377348825152,-0.0014043377348825152
8455,-0.00089602417534335,-0.0013331933152551034,-0.0013331933152551034
8456,-0.001224408720334125,-0.0014406932727913156,-0.0014406932727913156
8457,-0.0005796122745549,-0.001055851345615962,-0.001055851345615962
8458,-0.001357135108125425,-0.0014272351627858109,-0.0014272351627858109
8459,-0.00062964297066785,-0.0013138752369149028,-0.0013138752369149028
8460,-0.000792755926605725,-0.0013463954884278674,-0.0013463954884278674
8461,-0.0009614777447454999,-0.0014587441102730152,-0.0014587441102730152
8462,-0.000713081184293,-0.0013325963068096542,-0.0013325963068096542
8463,-0.0002827558379410713,-0.0014233131110321662,-0.0014233131110321662
8464,-0.000338939883995775,-0.0011882328239952943,-0.0011882328239952943
8465,-0.001130803826906175,-0.0012009145379134655,-0.0012009145379134655
8466,-0.00092059166449235,-0.001287580508426413,-0.001287580508426413
8467,-0.00021878013688559998,-0.0012564559128747355,-0.0012564559128747355
8468,-0.0007619767790432775,-0.001227732050889436,-0.001227732050889436
8469,-0.0007357064529656751,-0.0012471388301781823,-0.0012471388301781823
8470,-0.00017073522181452496,-0.0012813064487412387,-0.0012813064487412387
8471,-0.000941663816079925,-0.001363417706312192,-0.001363417706312192
8472,-0.0012717103929090249,-0.0013105114153904103,-0.0013105114153904103
8473,-0.0008237324727777571,-0.0014841984286303347,-0.0014841984286303347
8474,-0.001268824009195775,-0.0009586705001289352,-0.0009586705001289352
8475,-0.0010434314044625,-0.0012800005503467752,-0.0012800005503467752
8476,-0.000426996155392,-0.0013933050306223938,-0.0013933050306223938
8477,0.00011755902083795001,-0.0012325752801514043,-0.0012325752801514043
8478,-0.00089140729236595,-0.0013269650811219284,-0.0013269650811219284
8479,-0.000662030893487775,-0.0014369494769395912,-0.0014369494769395912
8480,-0.0009575800307917249,-0.0012038976727214022,-0.0012038976727214022
8481,-0.001937795083254125,-0.0014915755716113643,-0.0014915755716113643
8482,-0.0007147072958067,-0.0012503158279012236,-0.0012503158279012236
8483,-0.00081666335834145,-0.0013423097465782325,-0.0013423097465782325
8484,-0.0015337521159592752,-0.0014226319617355048,-0.0014226319617355048
8485,-0.0006956796154009249,-0.0012107246893392591,-0.0012107246893392591
8486,-0.001166976309815,-0.0012379165543460091,-0.0012379165543460091
8487,-9.639875452375005e-05,-0.0013207824619129373,-0.0013207824619129373
8488,-0.00033317785708940003,-0.0013065349512173226,-0.0013065349512173226
8489,-0.0018479342178884,-0.0013158206195241706,-0.0013158206195241706
8490,-0.001957659218228925,-0.0012699450625913164,-0.0012699450625913164
8491,-0.0005422115468314251,-0.00136201514111857,-0.00136201514111857
8492,-0.0011831368073976,-0.0012131526117005365,-0.0012131526117005365
8493,-0.0005574027448663999,-0.0012345772332533623,-0.0012345772332533623
8494,-0.0007056708874098001,-0.001517467330215652,-0.001517467330215652
8495,-0.00038517644807397505,-0.001181089693033958,-0.001181089693033958
8496,-0.002011092911036925,-0.0012470704847636733,-0.0012470704847636733
8497,-0.000291758381524125,-0.0013314968871823481,-0.0013314968871823481
8498,-0.000706921736942625,-0.0013968518326741208,-0.0013968518326741208
8499,-0.0006824123953731501,-0.0011857308138516205,-0.0011857308138516205
8500,-0.001154931578286775,-0.0013549445325554707,-0.0013549445325554707
8501,-0.00126242437153695,-0.001315209443785318,-0.001315209443785318
8502,-0.001453625770164075,-0.0013989362110441138,-0.0013989362110441138
8503,-0.00115360242688025,-0.001441100841071263,-0.001441100841071263
8504,-0.0005205166813845247,-0.0014153148852066172,-0.0014153148852066172
8505,-0.00118476149452975,-0.001613849419469308,-0.001613849419469308
8506,-0.002047316536586025,-0.0011977788630658608,-0.0011977788630658608
8507,-0.0007760129653191696,-0.0012215356274147154,-0.0012215356274147154
8508,-0.001429865459006925,-0.0013718566153700438,-0.0013718566153700438
8509,-0.00021461099279525,-0.0012781485390407632,-0.0012781485390407632
8510,-0.001459031632677925,-0.0013571545786494235,-0.0013571545786494235
8511,-0.0006972889924732,-0.0013508370919183854,-0.0013508370919183854
8512,-0.0010100934750545856,-0.0013350607941920382,-0.0013350607941920382
8513,-0.00040387425703819994,-0.0013140668052992362,-0.0013140668052992362
8514,-0.001224183936284625,-0.0013546157416280604,-0.0013546157416280604
8515,-0.0009766329276629075,-0.001373657912933141,-0.001373657912933141
8516,0.00011034213203678015,-0.0011603147497056176,-0.0011603147497056176
8517,0.00037700683024334997,-0.0012926689802002867,-0.0012926689802002867
8518,-8.403379696830695e-05,-0.0012715864257916948,-0.0012715864257916948
8519,-0.0012514555153752497,-0.0015811334469382245,-0.0015811334469382245
8520,-0.00136280436063165,-0.0013219818632649375,-0.0013219818632649375
8521,-0.0008640282831641,-0.00149614607570417,-0.00149614607570417
8522,-0.001466073440724975,-0.0012716929218284006,-0.0012716929218284006
8523,-0.0020547486845283753,-0.0014421456237083885,-0.0014421456237083885
8524,-0.0006579600863071337,-0.0014119072841631683,-0.0014119072841631683
8525,-0.0010980058402365665,-0.001599518934122397,-0.001599518934122397
8526,-0.001097013108099375,-0.0012434557536549196,-0.0012434557536549196
8527,-0.00187858300400885,-0.0013192621205704686,-0.0013192621205704686
8528,-0.0006143521811104505,-0.0013444482144639026,-0.0013444482144639026
8529,-0.000686640883673575,-0.0012914803834477577,-0.0012914803834477577
8530,-0.0009882660744236595,-0.0014755763224631815,-0.0014755763224631815
8531,-0.00144576489163255,-0.0014410736395769972,-0.0014410736395769972
8532,-0.0013972769555221252,-0.0013891901442719837,-0.0013891901442719837
8533,-0.000994189823571375,-0.0013166079195059636,-0.0013166079195059636
8534,-0.0019081292606526502,-0.001426558608198459,-0.001426558608198459
8535,-0.0007425872590964499,-0.0012476078410726301,-0.0012476078410726301
8536,-0.000897071816747525,-0.0014072864545448883,-0.0014072864545448883
8537,-0.000205933513482,-0.0012021474376373237,-0.0012021474376373237
8538,-0.0008960994626860001,-0.0013400173106434838,-0.0013400173106434838
8539,-0.000929043496988825,-0.0013633818811942967,-0.0013633818811942967
8540,-0.0006249856405001749,-0.0010685284196457155,-0.0010685284196457155
8541,0.0003172432127560499,-0.001271347452488254,-0.001271347452488254
8542,-0.00022603209576322507,-0.0011524740866914894,-0.0011524740866914894
8543,-0.00166750214408685,-0.0012336665526188817,-0.0012336665526188817
8544,-0.00033574912325419996,-0.001356835539886555,-0.001356835539886555
8545,-0.000965433188535225,-0.0014237781857872754,-0.0014237781857872754
8546,-0.0005688389452618428,-0.001353714256040188,-0.001353714256040188
8547,-0.00014678831362559998,-0.0012867494516424012,-0.0012867494516424012
8548,-0.000450501778852,-0.0013565510434439378,-0.0013565510434439378
8549,-0.0007912148390101,-0.0013989660888584841,-0.0013989660888584841
8550,-0.0012820488289585752,-0.0013136014861875787,-0.0013136014861875787
8551,0.0005843066462692501,-0.0013773090459132924,-0.0013773090459132924
8552,-0.001423889899754575,-0.0014578549396111334,-0.0014578549396111334
8553,-3.827168334942499e-05,-0.0013641722504101486,-0.0013641722504101486
8554,-6.111577218332495e-05,-0.0012459281302033764,-0.0012459281302033764
8555,-0.00101023254976165,-0.0014383875707782879,-0.0014383875707782879
8556,-0.000925894605489725,-0.0010039045884932807,-0.0010039045884932807
8557,-0.0008597433744229499,-0.0015519554448370006,-0.0015519554448370006
8558,-0.001027616601318375,-0.0013079512710750794,-0.0013079512710750794
8559,-0.0013288263218982337,-0.001305244833782874,-0.001305244833782874
8560,-0.000776270317833875,-0.001386679195270446,-0.001386679195270446
8561,-0.0015577659316861,-0.0015296347374090806,-0.0015296347374090806
8562,-0.00044915952246445384,-0.001194104450813893,-0.001194104450813893
8563,-0.0003696815226217386,-0.0012885150873846677,-0.0012885150873846677
8564,-0.0004891895996955,-0.0014762288612471094,-0.0014762288612471094
8565,-0.0009232901442110949,-0.0012404059408701992,-0.0012404059408701992
8566,-0.0004046496147681708,-0.0015231259680910081,-0.0015231259680910081
8567,-0.00032222012545445,-0.0012142031848762819,-0.0012142031848762819
8568,-0.0005785934806124,-0.0011869063530039882,-0.0011869063530039882
8569,-0.0013219277358855748,-0.0014029103090176394,-0.0014029103090176394
8570,-0.001117355273847675,-0.0013237490996669387,-0.0013237490996669387
8571,-0.0005922375272848751,-0.001159663990700153,-0.001159663990700153
8572,-0.000965963636667275,-0.0013233604593262996,-0.0013233604593262996
8573,-4.126048339280191e-05,-0.0014304148329229963,-0.0014304148329229963
8574,-0.0007921677880559888,-0.00130208018372063,-0.00130208018372063
8575,-0.000721691010581525,-0.0012448508280624927,-0.0012448508280624927
8576,-0.000982968467271075,-0.0015023636398490445,-0.0015023636398490445
8577,-0.0005848574467773001,-0.0012518421068050329,-0.0012518421068050329
8578,-9.675456977557498e-05,-0.0011135637457197816,-0.0011135637457197816
8579,-0.0004278934693272,-0.0012833449079812651,-0.0012833449079812651
8580,-0.001050388000592975,-0.001466283340427728,-0.001466283340427728
8581,-0.0013897829776513002,-0.0014363201472097564,-0.0014363201472097564
8582,-0.00088218046088745,-0.0012001512663773277,-0.0012001512663773277
8583,-0.0008852145926404999,-0.0012549599491831116,-0.0012549599491831116
8584,-0.000950301790826325,-0.0013959017207446482,-0.0013959017207446482
8585,-0.0003792061050593751,-0.0013145880372862977,-0.0013145880372862977
8586,-0.00099395081169125,-0.001360718329191297,-0.001360718329191297
8587,-0.000843401314004075,-0.0014925810356427836,-0.0014925810356427836
8588,-0.001014911422618825,-0.001121511162551669,-0.001121511162551669
8589,-0.00046446553486254434,-0.0014134421932984168,-0.0014134421932984168
8590,-0.0007834011486615251,-0.001314118060935009,-0.001314118060935009
8591,-0.00037039128307394436,-0.0012939845234907384,-0.0012939845234907384
8592,-0.000535356773208875,-0.0012662981228878261,-0.0012662981228878261
8593,-0.0006315346281741249,-0.0012383335846317346,-0.0012383335846317346
8594,-0.000638709079341825,-0.0012653343868682936,-0.0012653343868682936
8595,-0.0007874377289394751,-0.0014410339993616,-0.0014410339993616
8596,-0.0013227532888718404,-0.0013206873635146358,-0.0013206873635146358
8597,-0.0006916067305807001,-0.0013759059093070346,-0.0013759059093070346
8598,-0.001052744848841275,-0.001324430290861596,-0.001324430290861596
8599,-0.00033795570660130007,-0.0014466786307842305,-0.0014466786307842305
8600,-0.0010758142539573,-0.001540530997373309,-0.001540530997373309
8601,-0.00056958833045245,-0.0012920445955868908,-0.0012920445955868908
8602,-0.0008421184706052,-0.0013804813640313066,-0.0013804813640313066
8603,-0.00039338687609372504,-0.001389408464503483,-0.001389408464503483
8604,-0.0018184322149148503,-0.0015313834137388683,-0.0015313834137388683
8605,-0.00011108361403585005,-0.001255801788245695,-0.001255801788245695
8606,-0.00202416976877865,-0.0016947798668371916,-0.0016947798668371916
8607,-0.0010924111268823,-0.0013967699072546939,-0.0013967699072546939
8608,-0.00026641193105157506,-0.0011199717287195083,-0.0011199717287195083
8609,-0.0013238150116053,-0.0014925605628759977,-0.0014925605628759977
8610,-0.0014685987673095499,-0.0014278288341921786,-0.0014278288341921786
8611,-0.001016702888372775,-0.00126733211463459,-0.00126733211463459
8612,-0.0008497580054485751,-0.0012870887439294858,-0.0012870887439294858
8613,-0.00074669181882565,-0.0011913674817884828,-0.0011913674817884828
8614,-0.00039831471812799997,-0.0014386491981070127,-0.0014386491981070127
8615,-0.00102075390283225,-0.0015373989153570984,-0.0015373989153570984
8616,6.561493814904909e-05,-0.001473106377043703,-0.001473106377043703
8617,4.004107291614997e-05,-0.0011473091069241427,-0.0011473091069241427
8618,-0.001580614687225175,-0.001394104991198323,-0.001394104991198323
8619,-0.0012427691679151752,-0.0012693912684454871,-0.0012693912684454871
8620,-0.000699346493389768,-0.0012251424401049202,-0.0012251424401049202
8621,-0.0007572942642546251,-0.0011967309449025386,-0.0011967309449025386
8622,-0.000748843963381,-0.0013506304649123257,-0.0013506304649123257
8623,-0.001758518656154225,-0.0014599360917954053,-0.0014599360917954053
8624,-0.000846865217038425,-0.0014293549356745566,-0.0014293549356745566
8625,-0.000445392380912875,-0.0012192047873560564,-0.0012192047873560564
8626,-0.000729653130405675,-0.0013949457457148333,-0.0013949457457148333
8627,-0.00047297764233085004,-0.0012154011355630318,-0.0012154011355630318
8628,-0.00038374567960995,-0.0015517764923002491,-0.0015517764923002491
8629,-0.0011820657618371502,-0.0013764789865975892,-0.0013764789865975892
8630,-0.0009179092760085999,-0.001265986016585266,-0.001265986016585266
8631,-0.0003719342523570851,-0.0013125228689342843,-0.0013125228689342843
8632,-0.000562565858562325,-0.0014575111222232006,-0.0014575111222232006
8633,-0.001810756046720225,-0.0015601916006989858,-0.0015601916006989858
8634,-0.000697501962943425,-0.0013866693426162794,-0.0013866693426162794
8635,-0.00018350281952945,-0.0011802976852890766,-0.0011802976852890766
8636,-0.0019989356279314753,-0.001520383027959381,-0.001520383027959381
8637,0.0007764070408019998,-0.0012792403102319394,-0.0012792403102319394
8638,-0.000645839659518825,-0.0012360675085134284,-0.0012360675085134284
8639,-0.0011792966428077,-0.00123171798899357,-0.00123171798899357
8640,-0.0013896568699782,-0.0013589280848917726,-0.0013589280848917726
8641,-0.0016969732154769501,-0.001349992292073095,-0.001349992292073095
8642,-0.00010639313588637497,-0.001336055145044317,-0.001336055145044317
8643,-0.0002119785526946,-0.0013368575879952782,-0.0013368575879952782
8644,-0.0010239193449008749,-0.0011826230977227431,-0.0011826230977227431
8645,-0.000353632002049925,-0.0012080457320043866,-0.0012080457320043866
8646,-0.000469196496864975,-0.0013472145208411153,-0.0013472145208411153
8647,-0.0013062687271102461,-0.0014860140099294827,-0.0014860140099294827
8648,-0.0015678288314362747,-0.0013536811533021872,-0.0013536811533021872
8649,-0.0010451048038999501,-0.0013836713964068559,-0.0013836713964068559
8650,-0.0006192960504213988,-0.001156657382415585,-0.001156657382415585
8651,-0.00013663943983737505,-0.001316705407067913,-0.001316705407067913
8652,-0.0004749845283944,-0.0013309639158507608,-0.0013309639158507608
8653,-0.000885185707465475,-0.001336269109956232,-0.001336269109956232
8654,-0.0018513865555505812,-0.0014616731565784875,-0.0014616731565784875
8655,-0.00253121023580735,-0.0014896263719623166,-0.0014896263719623166
8656,-0.0006698351099930749,-0.0011560450776569877,-0.0011560450776569877
8657,-0.0009145417748664499,-0.0015100795844119452,-0.0015100795844119452
8658,-0.0010878427675966556,-0.001235819471308632,-0.001235819471308632
8659,-0.000708456753183425,-0.0014668148335234275,-0.0014668148335234275
8660,-0.001653202422555175,-0.0014606249667022785,-0.0014606249667022785
8661,-0.0005233448561468839,-0.0013016296761885217,-0.0013016296761885217
8662,-0.001046461391503,-0.0013294428736138062,-0.0013294428736138062
8663,-0.00093255980977115,-0.0013831797315978635,-0.0013831797315978635
8664,-0.001958578398008275,-0.0012688025508665497,-0.0012688025508665497
8665,-0.00086006086935315,-0.001245189011149584,-0.001245189011149584
8666,-0.0007048152464350499,-0.0012568920621123492,-0.0012568920621123492
8667,-0.0014059236515592002,-0.001206249936952026,-0.001206249936952026
8668,-0.0010017706523052499,-0.001490631312707759,-0.001490631312707759
8669,-0.0009872117675457,-0.0013014716105506025,-0.0013014716105506025
8670,-0.00034215593722652503,-0.0010282551540758465,-0.0010282551540758465
8671,-0.0004628915048839,-0.0011504161966100672,-0.0011504161966100672
8672,-0.0008420745895172999,-0.0013286047356224119,-0.0013286047356224119
8673,-0.0022754043760326997,-0.0016190801965865697,-0.0016190801965865697
8674,-0.00063133658598165,-0.0010908347840129448,-0.0010908347840129448
8675,-0.0014592904181127751,-0.0014751966670137708,-0.0014751966670137708
8676,-0.0009696561591786249,-0.0012893115847328034,-0.0012893115847328034
8677,-0.001269645484217375,-0.0012905762422016662,-0.0012905762422016662
8678,-0.0005121324278816999,-0.0013761291815640483,-0.0013761291815640483
8679,-0.0007367918289581,-0.001419054874980721,-0.001419054874980721
8680,-0.0011785933195493999,-0.001164928086783124,-0.001164928086783124
8681,-0.0011166357492444251,-0.0011906080028878188,-0.0011906080028878188
8682,-0.001281937898409775,-0.0015052230701120039,-0.0015052230701120039
8683,-0.00101901468939975,-0.0013095780803512205,-0.0013095780803512205
8684,-0.00034247607844002496,-0.0014944918308695686,-0.0014944918308695686
8685,-0.0005334084361691251,-0.0015732970869025888,-0.0015732970869025888
8686,1.9663341015449987e-05,-0.0012263298329264712,-0.0012263298329264712
8687,-0.0009256193385027501,-0.00135722349262828,-0.00135722349262828
8688,-0.00049137836551775,-0.0013507405647686073,-0.0013507405647686073
8689,-0.0009871714325622749,-0.0014784203301101482,-0.0014784203301101482
8690,-0.001368487768810825,-0.0016265442562030743,-0.0016265442562030743
8691,-0.0014540948468052197,-0.0013606360020243303,-0.0013606360020243303
8692,-0.00082546196266345,-0.0016565831905593822,-0.0016565831905593822
8693,-0.0011866479839619001,-0.0013675542526932268,-0.0013675542526932268
8694,-0.0009792092187539,-0.0013741974888773268,-0.0013741974888773268
8695,-0.00145201705392825,-0.0016404819628287395,-0.0016404819628287395
8696,-0.0012101483664649002,-0.0012259822294261196,-0.0012259822294261196
8697,-0.0007742702022810249,-0.0014353776432414179,-0.0014353776432414179
8698,-0.001304827831830825,-0.0014467622229552605,-0.0014467622229552605
8699,-0.00025074500306385,-0.0013945703520624902,-0.0013945703520624902
8700,-0.00015085994922158327,-0.0013106765979384758,-0.0013106765979384758
8701,-0.001558097318312425,-0.0012294175636697478,-0.0012294175636697478
8702,-0.00065683866216805,-0.0014050507756491212,-0.0014050507756491212
8703,-0.000571848312921175,-0.0015458926890426815,-0.0015458926890426815
8704,-0.00132326786837425,-0.0012650250404610773,-0.0012650250404610773
8705,-0.001279912477155775,-0.0014071561456009917,-0.0014071561456009917
8706,-0.0016783801354965,-0.001364047671619547,-0.001364047671619547
8707,-0.0010208354316227001,-0.0013370125869949412,-0.0013370125869949412
8708,-0.0008365798652422249,-0.0013731526877521218,-0.0013731526877521218
8709,-0.001677122417152325,-0.0014893974402298833,-0.0014893974402298833
8710,-0.00041649267465195,-0.001353395144269738,-0.001353395144269738
8711,-0.0015489189437517998,-0.0012716714346431173,-0.0012716714346431173
8712,-0.00087733325284905,-0.0014754733497955677,-0.0014754733497955677
8713,-0.0010680888157146018,-0.0013567844512451144,-0.0013567844512451144
8714,0.00010561051391822499,-0.001411517924396264,-0.001411517924396264
8715,-0.00109956162177585,-0.0013554604391799213,-0.0013554604391799213
8716,-0.002608636722382175,-0.001461316261363023,-0.001461316261363023
8717,-0.001442723873555575,-0.0014071880199740536,-0.0014071880199740536
8718,-0.0006496535229844,-0.0013427053424077383,-0.0013427053424077383
8719,-0.0006755021306318,-0.0012818558757446716,-0.0012818558757446716
8720,0.00023229710703807495,-0.0013880366924679758,-0.0013880366924679758
8721,-0.000255174050268175,-0.0016131851981479714,-0.0016131851981479714
8722,-0.001342134615801,-0.0013813393132442943,-0.0013813393132442943
8723,-0.00083590700149415,-0.0012134853410927708,-0.0012134853410927708
8724,-0.001154246464982425,-0.0013210166179602573,-0.0013210166179602573
8725,-0.0005538735851153751,-0.0013679520629878532,-0.0013679520629878532
8726,-0.00033912552810300004,-0.0012313392032735782,-0.0012313392032735782
8727,-0.001381390442653775,-0.0012995738487538264,-0.0012995738487538264
8728,-0.00025011264106515,-0.0012642246440659128,-0.0012642246440659128
8729,-0.0009175700477158,-0.0016110734504735152,-0.0016110734504735152
8730,-0.0004432353795892001,-0.001407319343011951,-0.001407319343011951
8731,-0.00015951536837353192,-0.0013895731678753903,-0.0013895731678753903
8732,-0.0010657000545978455,-0.001242483825005921,-0.001242483825005921
8733,-0.0014346435080596753,-0.001262010796113252,-0.001262010796113252
8734,-0.0015884670550183999,-0.0015274711774205423,-0.0015274711774205423
8735,-0.00059884158573095,-0.0015496992881670526,-0.0015496992881670526
8736,-0.00117494397416625,-0.0012153049972836634,-0.0012153049972836634
8737,-0.0011180744392656002,-0.0011571517936119775,-0.0011571517936119775
8738,-0.000937749262740625,-0.001508687231533573,-0.001508687231533573
8739,-0.000424655827058225,-0.0013711028598986576,-0.0013711028598986576
8740,-0.0006085650991636,-0.0013143197422943577,-0.0013143197422943577
8741,-0.0006700336537374028,-0.0012775703067091472,-0.0012775703067091472
8742,-0.002134609880811975,-0.0012572710926714364,-0.0012572710926714364
8743,-0.0010233381368299748,-0.001277341810361527,-0.001277341810361527
8744,-0.001351937697237938,-0.001403958947976717,-0.001403958947976717
8745,-0.001859857969621175,-0.001399424839287226,-0.001399424839287226
8746,-0.0016162574506989752,-0.001336087007879501,-0.001336087007879501
8747,-0.0017779300634174252,-0.0012915331402856584,-0.0012915331402856584
8748,-0.0007764605619235653,-0.001292004124429618,-0.001292004124429618
8749,-0.0008455803224839,-0.0012957949544974555,-0.0012957949544974555
8750,-0.0005912644042035442,-0.001183727077362262,-0.001183727077362262
8751,-0.0018278506327516998,-0.0015371569933427891,-0.0015371569933427891
8752,-0.00107888148877065,-0.0013175321344963838,-0.0013175321344963838
8753,-0.0009117693986944501,-0.0013613582502097288,-0.0013613582502097288
8754,-0.00149289968331005,-0.0014005616312857882,-0.0014005616312857882
8755,-9.438416677052503e-05,-0.0012462709649848473,-0.0012462709649848473
8756,-0.000998317040645175,-0.0012410635548352046,-0.0012410635548352046
8757,-0.001682979495239725,-0.0014009122460125944,-0.0014009122460125944
8758,-0.001465519187754375,-0.0015153984613314334,-0.0015153984613314334
8759,-0.000269245995210725,-0.001240366698913173,-0.001240366698913173
8760,-0.00136472383356525,-0.0011257380332773104,-0.0011257380332773104
8761,-0.0013451550967164751,-0.0014692865787581978,-0.0014692865787581978
8762,-0.000534256464803311,-0.0013807735552389163,-0.0013807735552389163
8763,-0.002063734346903875,-0.0013213020985214465,-0.0013213020985214465
8764,-0.0010711337172764,-0.0015162577271786934,-0.0015162577271786934
8765,-0.000980139827620675,-0.001382779284855817,-0.001382779284855817
8766,-0.0021879543358608003,-0.0012398236907492552,-0.0012398236907492552
8767,-0.00031423560544317504,-0.001383711301924433,-0.001383711301924433
8768,-0.0016129942205179502,-0.0014537596623618444,-0.0014537596623618444
8769,-0.0017876763948574499,-0.0012941677489419514,-0.0012941677489419514
8770,-0.00028263734221182504,-0.0011121750184263284,-0.0011121750184263284
8771,-0.000924108285667975,-0.001641717730783422,-0.001641717730783422
8772,-0.001728604267288875,-0.0014109005956278065,-0.0014109005956278065
8773,-0.0007528970456122501,-0.0014645855703240532,-0.0014645855703240532
8774,-0.001016810265923175,-0.0012751726319756539,-0.0012751726319756539
8775,-0.0008004121883355,-0.0015103960559685282,-0.0015103960559685282
8776,-0.00017926873225427502,-0.0012432657465672895,-0.0012432657465672895
8777,-0.001014378090835975,-0.001231779750739143,-0.001231779750739143
8778,-0.001680566826730275,-0.0013355842919552969,-0.0013355842919552969
8779,-0.0011568157807146499,-0.0013427235077366814,-0.0013427235077366814
8780,-0.0013419743156558,-0.001421857410547403,-0.001421857410547403
8781,-0.0016065322131171,-0.001381968227444366,-0.001381968227444366
8782,-0.0012347049829714,-0.0012168541666638187,-0.0012168541666638187
8783,-0.0006240000446336999,-0.0012874828331635464,-0.0012874828331635464
8784,-0.0018240156682772751,-0.001477630519577418,-0.001477630519577418
8785,0.000137272251056625,-0.001237664758893135,-0.001237664758893135
8786,-0.000946828777432825,-0.0011573216430876027,-0.0011573216430876027
8787,-0.00026696316474087497,-0.0013303619081158696,-0.0013303619081158696
8788,-3.562267801755e-05,-0.001345533084506791,-0.001345533084506791
8789,-0.0008800642952763749,-0.0013567678357333322,-0.0013567678357333322
8790,-0.001349975400063725,-0.0013463611436515092,-0.0013463611436515092
8791,-0.0006782255086862479,-0.0012120655499872567,-0.0012120655499872567
8792,-0.0008450322715369499,-0.001235153097951882,-0.001235153097951882
8793,-0.00105196437663115,-0.0012138450116401655,-0.0012138450116401655
8794,-0.001242921381007275,-0.0013052660340782923,-0.0013052660340782923
8795,-0.0013102617035605248,-0.0014163369180801182,-0.0014163369180801182
8796,-0.000794080922060125,-0.0012729823685326174,-0.0012729823685326174
8797,-0.00042713461206654997,-0.0011729086847154589,-0.0011729086847154589
8798,-0.0007462587423552,-0.001239688687531063,-0.001239688687531063
8799,-0.000789182284381975,-0.0015119153569507898,-0.0015119153569507898
8800,-0.001734133203122775,-0.001482195838495417,-0.001482195838495417
8801,-0.0015102766727535001,-0.0014602920124213434,-0.0014602920124213434
8802,3.850568208999653e-07,-0.0012737138961470538,-0.0012737138961470538
8803,-0.001017232788607925,-0.0015797950384189817,-0.0015797950384189817
8804,-0.000351065238273225,-0.0012975755726186355,-0.0012975755726186355
8805,-0.001216813925185625,-0.0012897185358388941,-0.0012897185358388941
8806,-0.0009300836194060249,-0.0012811922284633563,-0.0012811922284633563
8807,-0.001343789913439825,-0.0012776943025348936,-0.0012776943025348936
8808,-0.000951272067339675,-0.0013389968884958752,-0.0013389968884958752
8809,-0.00031447450231320007,-0.0011669040882960821,-0.0011669040882960821
8810,-0.00020027521993785566,-0.0011672194235695951,-0.0011672194235695951
8811,-0.0009692845242114251,-0.0012800325418549161,-0.0012800325418549161
8812,-0.0007821747289424,-0.0012369930998000797,-0.0012369930998000797
8813,-0.000932731799871975,-0.0013677307715102948,-0.0013677307715102948
8814,0.0004458974726608249,-0.001307656006887676,-0.001307656006887676
8815,-0.0009998668967466,-0.0013606026584622876,-0.0013606026584622876
8816,-0.001311048893172925,-0.0013376788483144015,-0.0013376788483144015
8817,-0.0006461627142607001,-0.001393589210105846,-0.001393589210105846
8818,-0.00098113920798215,-0.001472733793914159,-0.001472733793914159
8819,0.00045441989714937504,-0.001209085421586538,-0.001209085421586538
8820,-0.0009088323513175758,-0.0013258424896338212,-0.0013258424896338212
8821,-0.000548646340373525,-0.001382660439810143,-0.001382660439810143
8822,-0.0011130567518383501,-0.0014246246255627077,-0.0014246246255627077
8823,-0.0013583957957785,-0.001705590739812999,-0.001705590739812999
8824,-0.00030023195407790005,-0.0014715293675244328,-0.0014715293675244328
8825,-0.00051966806142795,-0.0012159914647733748,-0.0012159914647733748
8826,-0.0003247294574306,-0.0013037790575194895,-0.0013037790575194895
8827,-0.001328746910986375,-0.00154928731253287,-0.00154928731253287
8828,-0.001466257403346575,-0.0013227630377490277,-0.0013227630377490277
8829,-0.001286438624476075,-0.0011950233076179055,-0.0011950233076179055
8830,-0.00026393284586967496,-0.0013697668901531794,-0.0013697668901531794
8831,-0.0012168665247617007,-0.00117977496394997,-0.00117977496394997
8832,-0.000678643884000075,-0.001341723433305586,-0.001341723433305586
8833,-0.0006837607549066439,-0.001205225055157635,-0.001205225055157635
8834,-0.001332808262275875,-0.0014343323649363365,-0.0014343323649363365
8835,-0.0005210832560201696,-0.001164486803284821,-0.001164486803284821
8836,-0.0008965750819686749,-0.0012766330455884771,-0.0012766330455884771
8837,-0.00198329875411855,-0.0013506560686556632,-0.0013506560686556632
8838,-0.00163123991840065,-0.0013539032351441123,-0.0013539032351441123
8839,-0.001022934582214925,-0.0014383012663512198,-0.0014383012663512198
8840,-0.001151202038384525,-0.0012745026201753653,-0.0012745026201753653
8841,-0.001506256129540208,-0.0015254712681846063,-0.0015254712681846063
8842,-0.00083762072913555,-0.0014673128988469252,-0.0014673128988469252
8843,-0.0009174525406669384,-0.0011301872426292996,-0.0011301872426292996
8844,-0.000588923688175575,-0.0011886983083403196,-0.0011886983083403196
8845,-0.0008888802032553001,-0.0012924477896006832,-0.0012924477896006832
8846,-0.0001521763229022001,-0.0012847460369560784,-0.0012847460369560784
8847,-0.0012125283059904,-0.001279983968001533,-0.001279983968001533
8848,-0.00104884011469145,-0.0015599796365261829,-0.0015599796365261829
8849,-0.0012068261253525248,-0.0013947353289879038,-0.0013947353289879038
8850,-0.00089849709538765,-0.0014615411528431602,-0.0014615411528431602
8851,-0.000734799458157725,-0.0012065447350839043,-0.0012065447350839043
8852,-0.000655956125724575,-0.001510923915328767,-0.001510923915328767
8853,-0.00096746928370945,-0.0013568780633194844,-0.0013568780633194844
8854,5.0237730381775e-05,-0.0012741805065490254,-0.0012741805065490254
8855,-0.0007509362125580251,-0.0012968411701788738,-0.0012968411701788738
8856,-0.000899234452505225,-0.0011911408770780333,-0.0011911408770780333
8857,-0.000972944773228525,-0.0013197958047130092,-0.0013197958047130092
8858,-0.00026326914501779996,-0.0014200039766056906,-0.0014200039766056906
8859,-0.00120020056016745,-0.0013875871672235278,-0.0013875871672235278
8860,-0.0005143929275261749,-0.001130357889290464,-0.001130357889290464
8861,-0.00192773743695805,-0.0012557395505989582,-0.0012557395505989582
8862,-0.001255908654259475,-0.0013837292319077172,-0.0013837292319077172
8863,-0.000878186383366425,-0.0014006224612046075,-0.0014006224612046075
8864,8.844063947442503e-05,-0.0013094228514668688,-0.0013094228514668688
8865,-0.000790588906307775,-0.001425260045850224,-0.001425260045850224
8866,-0.00030809942317464994,-0.0014042958744247425,-0.0014042958744247425
8867,-0.0006762559265940751,-0.0013770508523953736,-0.0013770508523953736
8868,-0.0006900840529882999,-0.0012372463702323014,-0.0012372463702323014
8869,-0.00138331484774485,-0.0014668584041747563,-0.0014668584041747563
8870,-0.0016757627543450434,-0.001436423666364964,-0.001436423666364964
8871,-0.0010368415248039999,-0.0013030602989440377,-0.0013030602989440377
8872,-0.000875384115220625,-0.0013200309401317398,-0.0013200309401317398
8873,-0.0011384589184672501,-0.001399091934054697,-0.001399091934054697
8874,-0.00112637625180025,-0.0013403526973406548,-0.0013403526973406548
8875,-0.0003100899813270571,-0.0013200986591020254,-0.0013200986591020254
8876,-0.0011625464730757,-0.001298235937263659,-0.001298235937263659
8877,-0.001364695958482875,-0.0015178781253268878,-0.0015178781253268878
8878,-0.00045127732078279994,-0.0014683267766319027,-0.0014683267766319027
8879,-0.0018065103406766502,-0.00133941350660247,-0.00133941350660247
8880,-0.0009893969451958999,-0.0011349685661961905,-0.0011349685661961905
8881,-0.00175531908618585,-0.0012299628685766262,-0.0012299628685766262
8882,-0.001105588506134825,-0.001532390369366358,-0.001532390369366358
8883,-0.0007039953597812001,-0.0012528628185351502,-0.0012528628185351502
8884,-0.0003186265505842,-0.0012251001875231734,-0.0012251001875231734
8885,-0.001151398711134625,-0.001253224734750172,-0.001253224734750172
8886,-0.0007820423269712499,-0.0014377873730839078,-0.0014377873730839078
8887,-0.00107088098189265,-0.0014376526596370767,-0.0014376526596370767
8888,-0.000829387798456125,-0.0014582525368170337,-0.0014582525368170337
8889,-0.0015355168155294998,-0.0013344753520562835,-0.0013344753520562835
8890,-0.001417299073739425,-0.0014107206342304185,-0.0014107206342304185
8891,-0.00075188148930525,-0.0013580786134031887,-0.0013580786134031887
8892,-0.0003885326884422,-0.001240766148330867,-0.001240766148330867
8893,-0.00055752951419935,-0.0014353928863369903,-0.0014353928863369903
8894,-0.001066096560630125,-0.0012780798468393798,-0.0012780798468393798
8895,-0.001128077514878325,-0.0015053961304205585,-0.0015053961304205585
8896,-0.0013422977432866,-0.0014632734689320741,-0.0014632734689320741
8897,-0.000565833048489025,-0.0014751886656033065,-0.0014751886656033065
8898,-0.0007346233936324106,-0.0012218048440166898,-0.0012218048440166898
8899,-0.0012430865214885418,-0.0012487097843291882,-0.0012487097843291882
8900,-0.0018049727239,-0.0014167479740900455,-0.0014167479740900455
8901,-0.0012369081016504614,-0.001424064610150056,-0.001424064610150056
8902,-0.0006414877599918635,-0.0012379323188307144,-0.0012379323188307144
8903,-0.0007056593907340751,-0.0015198727437877309,-0.0015198727437877309
8904,-0.001171284518301775,-0.001363707657229915,-0.001363707657229915
8905,-0.001281995375448725,-0.0014129495185887045,-0.0014129495185887045
8906,-0.0005580868420136,-0.0010631484349237301,-0.0010631484349237301
8907,-0.0012008873467774,-0.0014006000937168098,-0.0014006000937168098
8908,-0.00028358582174222504,-0.0013924204442950338,-0.0013924204442950338
8909,-0.0001846444971542,-0.0012677975934391782,-0.0012677975934391782
8910,-0.0006007758119969499,-0.0013419038985639977,-0.0013419038985639977
8911,-0.0013065379132873,-0.001125214893322058,-0.001125214893322058
8912,-0.0013347213028198752,-0.0012576328040038859,-0.0012576328040038859
8913,-0.001366662160677575,-0.0010956470170692457,-0.0010956470170692457
8914,-0.001209763678588621,-0.0014360366858636134,-0.0014360366858636134
8915,-0.00040855111667842506,-0.0011819880663207132,-0.0011819880663207132
8916,0.00018159576758917495,-0.0011520133480591522,-0.0011520133480591522
8917,-0.0011537627111461752,-0.0014472931508982658,-0.0014472931508982658
8918,-0.0006095607646359213,-0.001403646431783941,-0.001403646431783941
8919,-0.001025085781815625,-0.001388667902770992,-0.001388667902770992
8920,-0.0009333963610105322,-0.0012478542624061886,-0.0012478542624061886
8921,-0.00056051828397905,-0.00142172144755432,-0.00142172144755432
8922,-0.00126917821711945,-0.0014009025123692578,-0.0014009025123692578
8923,-0.0014113453190592001,-0.001439668951326204,-0.001439668951326204
8924,-0.00165492170196925,-0.0014447868812601018,-0.0014447868812601018
8925,-0.001433436462765025,-0.0016082108787899415,-0.0016082108787899415
8926,-0.0007011990949572501,-0.0015401144403411771,-0.0015401144403411771
8927,-0.0004794887581956746,-0.0013398456917284628,-0.0013398456917284628
8928,-0.0005445475332997568,-0.001528778325698189,-0.001528778325698189
8929,-0.0011628572413693002,-0.0013879567489832705,-0.0013879567489832705
8930,-0.0005529443457037501,-0.001227601841871206,-0.001227601841871206
8931,-0.001146382276024125,-0.0010894638709086357,-0.0010894638709086357
8932,-0.001042344136819166,-0.0012041617700105619,-0.0012041617700105619
8933,-0.00164137265000455,-0.0014272799718463192,-0.0014272799718463192
8934,-0.000304472571510175,-0.0012992973247011935,-0.0012992973247011935
8935,-0.0013482573872835,-0.0014697693927449985,-0.0014697693927449985
8936,-0.00119266782693205,-0.0011413364156137803,-0.0011413364156137803
8937,-0.0015297228186179248,-0.0014582401714551053,-0.0014582401714551053
8938,-0.0006023210201657,-0.0014600544807067983,-0.0014600544807067983
8939,-3.018269676162503e-05,-0.0013621585825635916,-0.0013621585825635916
8940,-0.0018887863787916,-0.0014948245845938862,-0.0014948245845938862
8941,-0.00031176451610746315,-0.0014216954006014094,-0.0014216954006014094
8942,-0.0001637369324827,-0.0016107488571085779,-0.0016107488571085779
8943,-0.00201072351378305,-0.0014885663943904723,-0.0014885663943904723
8944,-0.0012978511982094658,-0.0011234047304371846,-0.0011234047304371846
8945,-0.00032078231969232495,-0.0014967903366937278,-0.0014967903366937278
8946,-0.00089101373564385,-0.001280319651444968,-0.001280319651444968
8947,-0.0006225164354529,-0.001069443400484751,-0.001069443400484751
8948,-0.001129402994806825,-0.0014251552880338518,-0.0014251552880338518
8949,-0.000542791582976375,-0.001251896105541205,-0.001251896105541205
8950,-0.001069469725933625,-0.0013354586325143014,-0.0013354586325143014
8951,-0.000111224170379925,-0.001116697753644713,-0.001116697753644713
8952,-0.0010143882220734796,-0.0015134534093593282,-0.0015134534093593282
8953,-0.00036606268388035003,-0.0013490808379014317,-0.0013490808379014317
8954,-0.00102371831574175,-0.0014937730759918386,-0.0014937730759918386
8955,-0.0014319514293281749,-0.0015253547365294599,-0.0015253547365294599
8956,-0.000449821129960925,-0.0013616056228455025,-0.0013616056228455025
8957,-0.0019414443187424748,-0.0014656196198658007,-0.0014656196198658007
8958,-0.0009942002834176,-0.001333802441202526,-0.001333802441202526
8959,-0.00021989923432870723,-0.0015023448970309422,-0.0015023448970309422
8960,-0.0005803770791427,-0.001253099377543413,-0.001253099377543413
8961,-0.0014513119664178,-0.0015505068499202055,-0.0015505068499202055
8962,-0.000600463726593625,-0.0013239176274593958,-0.0013239176274593958
8963,-0.0013465213431718501,-0.0012177746927476544,-0.0012177746927476544
8964,-0.00086607696146785,-0.0012108619809079368,-0.0012108619809079368
8965,-0.0012806364460050499,-0.0013318252094543486,-0.0013318252094543486
8966,-0.00024113462062247501,-0.0011511877922183557,-0.0011511877922183557
8967,-0.0011618014244796,-0.0014081853068329462,-0.0014081853068329462
8968,-0.000523726524030825,-0.0014877951030787427,-0.0014877951030787427
8969,-0.0007955437742978499,-0.0013142856864889738,-0.0013142856864889738
8970,-0.000923265244340325,-0.001280622829953423,-0.001280622829953423
8971,-0.0010599622941999,-0.001551349852847576,-0.001551349852847576
8972,-0.00089571336668,-0.0013753854141515661,-0.0013753854141515661
8973,-0.001316680012287675,-0.0012577855299549215,-0.0012577855299549215
8974,-0.0010879867245707751,-0.0013083014309804187,-0.0013083014309804187
8975,-0.0020913757063648498,-0.0014209489793189157,-0.0014209489793189157
8976,-0.000845847950462575,-0.0012125906012199264,-0.0012125906012199264
8977,-0.0007941070458023749,-0.0014950086140931844,-0.0014950086140931844
8978,-0.0006241439052365823,-0.0010216262676867476,-0.0010216262676867476
8979,-0.0008118876875737,-0.0014675858813308668,-0.0014675858813308668
8980,-0.0006111052021810018,-0.001338000232676793,-0.001338000232676793
8981,-0.0006260057951881,-0.0015050020409566808,-0.0015050020409566808
8982,-0.0009243582537571499,-0.0012671178906172482,-0.0012671178906172482
8983,-0.0007657343761045249,-0.0011937842169013973,-0.0011937842169013973
8984,-0.0007495018859488536,-0.001384346829352275,-0.001384346829352275
8985,-0.000793289908925625,-0.001287686387578258,-0.001287686387578258
8986,-0.0007954230085763,-0.0014244936311661495,-0.0014244936311661495
8987,0.000387892618796125,-0.0012441406868780199,-0.0012441406868780199
8988,-0.0005902627860213587,-0.00141878969995657,-0.00141878969995657
8989,-0.0005662609591066501,-0.001445171202386658,-0.001445171202386658
8990,-0.001389479223203725,-0.0014885465022942584,-0.0014885465022942584
8991,-0.001027307402532125,-0.0012604590604888024,-0.0012604590604888024
8992,-0.0014759062570486614,-0.001313535209113133,-0.001313535209113133
8993,-0.001098519892916525,-0.0012604005915912522,-0.0012604005915912522
8994,-0.000379906537553325,-0.0013550190582233268,-0.0013550190582233268
8995,-0.0010936189145082924,-0.0014839449009422382,-0.0014839449009422382
8996,-0.00048194097739646084,-0.0014515544204320272,-0.0014515544204320272
8997,-0.001227557817488725,-0.0015376919535697831,-0.0015376919535697831
8998,-0.001073110168299975,-0.001592850741172246,-0.001592850741172246
8999,-0.00055428294310775,-0.0013483100976695048,-0.0013483100976695048
9000,-0.0003742181133057149,-0.0014024748737941426,-0.0014024748737941426
9001,-0.0007390884151573249,-0.0015499612152910561,-0.0015499612152910561
9002,-0.001967012629922825,-0.001691554818905912,-0.001691554818905912
9003,-0.000356310700529975,-0.0016422738652370453,-0.0016422738652370453
9004,-0.00097847547698705,-0.0013824595954912138,-0.0013824595954912138
9005,-0.002099113848997575,-0.0012455242374110312,-0.0012455242374110312
9006,-0.001074803524760825,-0.0011861873646642658,-0.0011861873646642658
9007,-0.000539096905835975,-0.0014666556631598134,-0.0014666556631598134
9008,-0.0009595517871602,-0.0014101562008861754,-0.0014101562008861754
9009,6.160552524222502e-05,-0.0010722965371676718,-0.0010722965371676718
9010,-0.0021217575439651,-0.0012162374259001626,-0.0012162374259001626
9011,-0.0007946398611638501,-0.0014807877390165729,-0.0014807877390165729
9012,-0.0009901150827562749,-0.0012163973239968815,-0.0012163973239968815
9013,-0.00117736882148585,-0.0013140626747414326,-0.0013140626747414326
9014,-0.0009486017272840751,-0.0013249713971790586,-0.0013249713971790586
9015,-0.0008579866458760749,-0.0015611044016852532,-0.0015611044016852532
9016,-0.0013656160779546998,-0.0010709412469822193,-0.0010709412469822193
9017,-0.0011517731501227498,-0.0013975644932575297,-0.0013975644932575297
9018,-0.0004456601962721,-0.0014027109293432052,-0.0014027109293432052
9019,-0.001111727933213,-0.0014118829613342248,-0.0014118829613342248
9020,-0.0005935525862524731,-0.001329555469960419,-0.001329555469960419
9021,-0.0007302665653236251,-0.0015342537038189991,-0.0015342537038189991
9022,-0.001259965483894425,-0.0013235268780083737,-0.0013235268780083737
9023,-0.00116094463163775,-0.0011691446996700587,-0.0011691446996700587
9024,-0.0010917309081552998,-0.0013711561290350924,-0.0013711561290350924
9025,-0.0015712330584040748,-0.00156093658987847,-0.00156093658987847
9026,-0.0006228783051564,-0.001319167462645792,-0.001319167462645792
9027,-0.0013896570025832902,-0.0012074625457053673,-0.0012074625457053673
9028,-0.0012131253919563248,-0.0013660288324310467,-0.0013660288324310467
9029,-0.0010779819440167278,-0.0012272551084378143,-0.0012272551084378143
9030,-0.0002255709984802,-0.0011592836127665997,-0.0011592836127665997
9031,-0.0011391941689401,-0.0012271878804049848,-0.0012271878804049848
9032,-0.00046087500920289997,-0.0012800994195044635,-0.0012800994195044635
9033,-0.000847596985771775,-0.0011673664570282635,-0.0011673664570282635
9034,-0.0013145992747139,-0.0012868274490231027,-0.0012868274490231027
9035,-0.0007069964267499442,-0.0014198819460409266,-0.0014198819460409266
9036,-0.0004444626664629,-0.0013886192583460653,-0.0013886192583460653
9037,-0.000962018915834025,-0.0013917872132017145,-0.0013917872132017145
9038,-0.0011674091229461,-0.0015828953020433367,-0.0015828953020433367
9039,-0.0007316527113099096,-0.0016615736355553017,-0.0016615736355553017
9040,-0.0025907828804409,-0.0012722415788606258,-0.0012722415788606258
9041,-0.00052233584989105,-0.0010795028642332576,-0.0010795028642332576
9042,-0.00033094681807350004,-0.0013467197328884202,-0.0013467197328884202
9043,-0.000266348268767775,-0.0012995798741109138,-0.0012995798741109138
9044,-0.0012734608736459999,-0.0014236549627302455,-0.0014236549627302455
9045,-0.0010573935937072925,-0.001498997413213785,-0.001498997413213785
9046,-0.0013949712348020249,-0.0013760515399352591,-0.0013760515399352591
9047,-0.0016720865504248747,-0.001501350164215461,-0.001501350164215461
9048,-0.00102851969219965,-0.0015422095562356583,-0.0015422095562356583
9049,-0.00044823074451002496,-0.0014064883014961074,-0.0014064883014961074
9050,-0.0007057599658779999,-0.0012640546195204934,-0.0012640546195204934
9051,-0.0005456558757787237,-0.0013529019801343098,-0.0013529019801343098
9052,9.297485688617498e-05,-0.0012758444206208714,-0.0012758444206208714
9053,-0.001102037934387875,-0.001111752290532068,-0.001111752290532068
9054,-0.0011262457544975331,-0.0012254321229401898,-0.0012254321229401898
9055,-0.000804352066185325,-0.0016242430694416027,-0.0016242430694416027
9056,-0.0014908217996132999,-0.0013192116548469005,-0.0013192116548469005
9057,-0.0004185310826867,-0.0013791733402110098,-0.0013791733402110098
9058,-0.000764364233977025,-0.0012405133973484152,-0.0012405133973484152
9059,-0.001279365622705175,-0.0013261884328823262,-0.0013261884328823262
9060,-0.000720002096938625,-0.0015135728327666873,-0.0015135728327666873
9061,-0.0007697786709274749,-0.0012462932560390212,-0.0012462932560390212
9062,-0.0012612218322023252,-0.001278111413715263,-0.001278111413715263
9063,-0.0006345656479143,-0.0012991379756622488,-0.0012991379756622488
9064,-0.000704303491640275,-0.0011737241403205253,-0.0011737241403205253
9065,-0.0008384513432672,-0.0012111633020715246,-0.0012111633020715246
9066,-0.0007710147148160501,-0.0014635627461864309,-0.0014635627461864309
9067,9.409054312105e-05,-0.001253651661310451,-0.001253651661310451
9068,-0.00115521358163705,-0.0012255118946752767,-0.0012255118946752767
9069,-0.0007827726244737749,-0.0015031086738145811,-0.0015031086738145811
9070,-0.0005496149855425,-0.0009449465237876797,-0.0009449465237876797
9071,-0.0013734184304616142,-0.0015332290285753592,-0.0015332290285753592
9072,-0.000874064551332525,-0.0013974263553383388,-0.0013974263553383388
9073,-0.0008332772052983,-0.0013024817558526425,-0.0013024817558526425
9074,-0.0007834059207846501,-0.0016367691606307207,-0.0016367691606307207
9075,-0.0009097933243810061,-0.0016783189365571743,-0.0016783189365571743
9076,-0.0014043670784399,-0.0014961451235171648,-0.0014961451235171648
9077,-0.000869346493707525,-0.001532753014928162,-0.001532753014928162
9078,-0.000731770456423475,-0.0013862892809840858,-0.0013862892809840858
9079,0.00019768073136880004,-0.0014553868446617413,-0.0014553868446617413
9080,-0.0019165057061316,-0.001442097068311906,-0.001442097068311906
9081,-0.001453223481457525,-0.001443131766242453,-0.001443131766242453
9082,-0.00178821681638905,-0.0012644782144821264,-0.0012644782144821264
9083,-0.00093183062472145,-0.0013265591260974033,-0.0013265591260974033
9084,-0.000954899113862123,-0.0013427702959128425,-0.0013427702959128425
9085,-0.001235653208076175,-0.0013535857642426122,-0.0013535857642426122
9086,-0.0006569637152982,-0.0013283841454979758,-0.0013283841454979758
9087,-0.001495978058620475,-0.0013082414493077352,-0.0013082414493077352
9088,-0.0005969708609532109,-0.001119508257167164,-0.001119508257167164
9089,-0.0007057473075884,-0.001326800709001636,-0.001326800709001636
9090,-0.00108764377617675,-0.0015072379670993258,-0.0015072379670993258
9091,-0.0001538770950325,-0.0012960062926846763,-0.0012960062926846763
9092,-0.0009478068511794501,-0.0012473170071843898,-0.0012473170071843898
9093,-0.00113475212070255,-0.0013929283890825265,-0.0013929283890825265
9094,-0.001242678382793975,-0.0014802147823291716,-0.0014802147823291716
9095,-0.0013489317259945,-0.0014017694842577404,-0.0014017694842577404
9096,-0.00139158308752625,-0.0013801559206404778,-0.0013801559206404778
9097,-0.001324815651984725,-0.0015947615670467655,-0.0015947615670467655
9098,-0.000959294814958375,-0.0013626530326519884,-0.0013626530326519884
9099,-0.00045461412139169996,-0.0012528330683254268,-0.0012528330683254268
9100,-0.001475779833240575,-0.0012561567762565558,-0.0012561567762565558
9101,-0.0007135814454750471,-0.0016506966424235567,-0.0016506966424235567
9102,-0.000916170745697075,-0.0013507039189410027,-0.0013507039189410027
9103,-0.0003596002280508,-0.0013234670898180795,-0.0013234670898180795
9104,-0.000396654004761625,-0.00135081171350665,-0.00135081171350665
9105,-0.00054627119326145,-0.001318098889093099,-0.001318098889093099
9106,-0.0010399750849597,-0.0011885959524728176,-0.0011885959524728176
9107,-0.001050363564961,-0.0013077650105110432,-0.0013077650105110432
9108,-0.001178557935298925,-0.0013633947060975094,-0.0013633947060975094
9109,-0.0011640237408403501,-0.0013055726373089964,-0.0013055726373089964
9110,-0.001067130586895725,-0.001691112973571089,-0.001691112973571089
9111,-0.0006143234936057678,-0.0011620662320867788,-0.0011620662320867788
9112,-0.000557915606220125,-0.0013637836075846772,-0.0013637836075846772
9113,-0.00057960133722655,-0.001396648236163386,-0.001396648236163386
9114,-0.000815765054034975,-0.0011696082702329822,-0.0011696082702329822
9115,-0.001353382161867775,-0.0013288512462278598,-0.0013288512462278598
9116,-0.0003639814193716196,-0.0012419076834827105,-0.0012419076834827105
9117,0.00025611892902935003,-0.001033575259309591,-0.001033575259309591
9118,-0.0008154111473356999,-0.0014728165779070354,-0.0014728165779070354
9119,-0.001245290271700175,-0.0013105079364737573,-0.0013105079364737573
9120,-0.00100497241433125,-0.0012664121935724447,-0.0012664121935724447
9121,-0.000621526814117575,-0.0015292342841340336,-0.0015292342841340336
9122,-0.0008937294179732058,-0.001444481677269435,-0.001444481677269435
9123,-0.0015423541369791,-0.0012272699016429808,-0.0012272699016429808
9124,-0.0004818928997255,-0.0010494742607870123,-0.0010494742607870123
9125,-0.0015078327731160499,-0.0012258986930863542,-0.0012258986930863542
9126,-0.00017575287042556154,-0.0011327192998688315,-0.0011327192998688315
9127,-0.0019129259160917751,-0.0013472009050625579,-0.0013472009050625579
9128,-0.00015977862531872498,-0.0015539630501064288,-0.0015539630501064288
9129,-0.000753318187757075,-0.0013784931082078547,-0.0013784931082078547
9130,-0.0007496566974483933,-0.0012612057249287829,-0.0012612057249287829
9131,-0.0015801872654567,-0.00157128727813689,-0.00157128727813689
9132,-0.0009910598881105,-0.0013132673361782952,-0.0013132673361782952
9133,2.1219811039880764e-05,-0.0014878000353938416,-0.0014878000353938416
9134,-0.000601534180061225,-0.0013902942305194703,-0.0013902942305194703
9135,-0.0013378313185904,-0.0012358140405073605,-0.0012358140405073605
9136,-0.001352284922785775,-0.0015067554823600573,-0.0015067554823600573
9137,-0.001227576674005875,-0.001318625932828837,-0.001318625932828837
9138,-0.00157183484080495,-0.0015468831784762934,-0.0015468831784762934
9139,-0.000985665551772575,-0.0013503769271552145,-0.0013503769271552145
9140,-0.0005605644025845815,-0.0013812978088542664,-0.0013812978088542664
9141,-0.00177193057091575,-0.0014748582860954916,-0.0014748582860954916
9142,-0.00191012194393655,-0.0013313201291561506,-0.0013313201291561506
9143,-0.00016724170063755003,-0.0012173814984739902,-0.0012173814984739902
9144,-0.000792149342435225,-0.0013180919049801366,-0.0013180919049801366
9145,-0.00012490609181917494,-0.0014800164956503576,-0.0014800164956503576
9146,-0.0011980728189119,-0.0010657102756148938,-0.0010657102756148938
9147,-0.000913907851513575,-0.001480596952400908,-0.001480596952400908
9148,-0.0008774699016484749,-0.0013978802406100898,-0.0013978802406100898
9149,-0.00151935638866015,-0.0013730914939960699,-0.0013730914939960699
9150,-0.000827871514696425,-0.001367051919607264,-0.001367051919607264
9151,-0.00133808398684515,-0.0012510862717266878,-0.0012510862717266878
9152,-0.00125327260210695,-0.001488021718271548,-0.001488021718271548
9153,-0.001160796093936725,-0.0013336465960260095,-0.0013336465960260095
9154,-0.0017867180048557253,-0.0013802730865874373,-0.0013802730865874373
9155,-0.000138449006826625,-0.0013385123290054223,-0.0013385123290054223
9156,-0.0003213747442704789,-0.0013027797755793184,-0.0013027797755793184
9157,-0.00044266783203702505,-0.00137285103001728,-0.00137285103001728
9158,-0.00184893306518645,-0.0013566536420430541,-0.0013566536420430541
9159,-0.001142116975300175,-0.0015036590836877742,-0.0015036590836877742
9160,-0.00101018977345245,-0.001472017800538652,-0.001472017800538652
9161,-6.286623158279999e-05,-0.0014018839047367341,-0.0014018839047367341
9162,-0.001536916558997225,-0.0014336915321710162,-0.0014336915321710162
9163,-0.0021735817798119996,-0.0014135614915925117,-0.0014135614915925117
9164,-0.0003957999851836,-0.0013257855698258075,-0.0013257855698258075
9165,-0.001213043040202675,-0.0014081882276559146,-0.0014081882276559146
9166,-0.0012726083120461252,-0.0015443152724426484,-0.0015443152724426484
9167,1.5146901710500166e-06,-0.0013446926154456773,-0.0013446926154456773
9168,-0.0012499734688199,-0.001505023306841322,-0.001505023306841322
9169,-0.0014693606296046,-0.0012788805531246286,-0.0012788805531246286
9170,-0.0014045930855100999,-0.0013517330961428432,-0.0013517330961428432
9171,-0.0011654700202760502,-0.0013606505521991407,-0.0013606505521991407
9172,-0.0010695794210298943,-0.0015213425584997425,-0.0015213425584997425
9173,-0.001010346136162225,-0.0011796083229318145,-0.0011796083229318145
9174,-0.0009016982276981027,-0.0013149893817511397,-0.0013149893817511397
9175,-0.0007384345327678999,-0.0014679689377010614,-0.0014679689377010614
9176,-0.00078310451082515,-0.00142552841814372,-0.00142552841814372
9177,-0.00021589316281862497,-0.0011683624885101252,-0.0011683624885101252
9178,-0.0006127811925942249,-0.0013519320588134451,-0.0013519320588134451
9179,-0.001353388244463975,-0.0016680719387870912,-0.0016680719387870912
9180,-0.0010994159986812,-0.0013473950507658645,-0.0013473950507658645
9181,-0.00119636482480855,-0.0012559074856187454,-0.0012559074856187454
9182,-0.000551327069218575,-0.001230125180438288,-0.001230125180438288
9183,-0.00105025116970495,-0.001414278390893714,-0.001414278390893714
9184,-0.0007364931351620251,-0.0012190673820918897,-0.0012190673820918897
9185,-0.001988659890471625,-0.0012393356340372693,-0.0012393356340372693
9186,-0.001498780739741475,-0.0014195589455303975,-0.0014195589455303975
9187,-0.0010126981255220002,-0.0015457304505005554,-0.0015457304505005554
9188,-0.0012403772393851501,-0.0013301796085210496,-0.0013301796085210496
9189,-0.001280121145378625,-0.0014455901576382415,-0.0014455901576382415
9190,-0.00168180145634885,-0.0014632780984492138,-0.0014632780984492138
9191,-0.00047100294067005,-0.0015672830947652489,-0.0015672830947652489
9192,-0.000507452218151,-0.0010427214403942902,-0.0010427214403942902
9193,-0.0006012238250558,-0.0012617413810332044,-0.0012617413810332044
9194,-0.0008675103373221,-0.0013637943212868463,-0.0013637943212868463
9195,-0.00148373525606905,-0.001249418577379258,-0.001249418577379258
9196,-1.3213720057625054e-05,-0.001447015080392795,-0.001447015080392795
9197,-0.0009688767604218249,-0.0013777994194339315,-0.0013777994194339315
9198,-0.00026160149231835,-0.001364993188065485,-0.001364993188065485
9199,-0.00068516713727585,-0.0014064136913590445,-0.0014064136913590445
9200,-0.0005360699007923751,-0.0014739636243576717,-0.0014739636243576717
9201,0.00011543046821855006,-0.0012808715492846406,-0.0012808715492846406
9202,-0.00041068162597099995,-0.0011219231147874347,-0.0011219231147874347
9203,-0.00106329302925715,-0.0013654195571003004,-0.0013654195571003004
9204,-0.0006378093975996,-0.0013849467075751959,-0.0013849467075751959
9205,-0.00019290065602957498,-0.0011764738845892258,-0.0011764738845892258
9206,-0.0002472452256673,-0.001286718544099246,-0.001286718544099246
9207,-0.0011012973420943249,-0.0013078589420221058,-0.0013078589420221058
9208,-0.0009798022146309251,-0.0011629776400435715,-0.0011629776400435715
9209,-0.0006891721032943751,-0.0015901301325821893,-0.0015901301325821893
9210,-0.00050006154599025,-0.0012199847620483714,-0.0012199847620483714
9211,-0.0008376388704990001,-0.001239196989050193,-0.001239196989050193
9212,-0.0013284303564934903,-0.0014247079801183614,-0.0014247079801183614
9213,-0.000531989483175125,-0.001463393597326791,-0.001463393597326791
9214,-0.0002716655888983137,-0.0014015263012913826,-0.0014015263012913826
9215,-0.0007508887699494,-0.0010891849606072862,-0.0010891849606072862
9216,-0.0011156143778898251,-0.0011331044855876825,-0.0011331044855876825
9217,-0.0013459276961346248,-0.0015406154746473672,-0.0015406154746473672
9218,-0.000534680127524375,-0.001406836407051575,-0.001406836407051575
9219,-0.001773688253609725,-0.0014036668440052921,-0.0014036668440052921
9220,-0.00103515363807125,-0.0013638383203776298,-0.0013638383203776298
9221,0.00016342318872275,-0.0013885017650318212,-0.0013885017650318212
9222,0.00024118275742947504,-0.0014619751889713075,-0.0014619751889713075
9223,-0.001370730327214225,-0.0013789033141666338,-0.0013789033141666338
9224,-0.0008591535374387999,-0.0011566075545721745,-0.0011566075545721745
9225,-0.0009882240488762498,-0.0016338674861277656,-0.0016338674861277656
9226,-0.0004948971542712019,-0.0014791123291381604,-0.0014791123291381604
9227,-0.0007227986158928389,-0.0014923030359720005,-0.0014923030359720005
9228,-0.0011173907933760248,-0.0015345674165075543,-0.0015345674165075543
9229,-0.00036630155249352497,-0.0014645066986898427,-0.0014645066986898427
9230,-0.0006701648672995605,-0.001355908301329462,-0.001355908301329462
9231,-0.0013693741719112,-0.0014198426040608059,-0.0014198426040608059
9232,-0.0010435687585404999,-0.0012603420859721246,-0.0012603420859721246
9233,-0.001247512258881925,-0.00119620071236287,-0.00119620071236287
9234,-0.001106746234410275,-0.0013473375942428772,-0.0013473375942428772
9235,-0.00126092332895065,-0.0015553337043832153,-0.0015553337043832153
9236,-0.00029733584432222506,-0.001679950113894282,-0.001679950113894282
9237,-0.00021103286698421033,-0.0013251056208400864,-0.0013251056208400864
9238,-0.0010724095846268251,-0.0013593257912030323,-0.0013593257912030323
9239,-0.0008062443078268751,-0.0013998952450326337,-0.0013998952450326337
9240,-0.0011543037133124748,-0.0015253882705198033,-0.0015253882705198033
9241,-0.0015468105993899752,-0.0015613102844332716,-0.0015613102844332716
9242,-0.001264517495295225,-0.0012032507072828472,-0.0012032507072828472
9243,-0.000573925372578425,-0.0014529249140568144,-0.0014529249140568144
9244,-0.0016677730874520502,-0.0015543432952735599,-0.0015543432952735599
9245,-0.0010362119007696,-0.0013879782206260242,-0.0013879782206260242
9246,6.242214525662501e-05,-0.0011813076099256741,-0.0011813076099256741
9247,-0.0014729052366788751,-0.001369451943426024,-0.001369451943426024
9248,-0.0001821349772943,-0.0012599526563256704,-0.0012599526563256704
9249,-0.000741856649828075,-0.001186425268079977,-0.001186425268079977
9250,-0.00098564382435925,-0.0013321643733766714,-0.0013321643733766714
9251,-0.001405589065638475,-0.0012962359980692522,-0.0012962359980692522
9252,-0.00101058529300335,-0.001354936326793771,-0.001354936326793771
9253,-0.00111038418965615,-0.0015638337461447455,-0.0015638337461447455
9254,-0.0010960793430507,-0.0012001315644748919,-0.0012001315644748919
9255,-0.0011611191665722499,-0.001244601253555416,-0.001244601253555416
9256,-0.00107244551162,-0.0014624735905261455,-0.0014624735905261455
9257,-0.001267444159296775,-0.0013247240533142747,-0.0013247240533142747
9258,-0.0008973414926095056,-0.0013977816477290306,-0.0013977816477290306
9259,-0.0013809979630129501,-0.0014690959501461184,-0.0014690959501461184
9260,-0.00036873026446977497,-0.0011963410001300686,-0.0011963410001300686
9261,-0.00028771160880645,-0.001512622751675189,-0.001512622751675189
9262,-0.00083020687577595,-0.001419350130190398,-0.001419350130190398
9263,-0.000511987003139575,-0.0013721616576912966,-0.0013721616576912966
9264,-0.0007698909409322499,-0.0012495601472784933,-0.0012495601472784933
9265,-0.0012262312440249,-0.0013662841631699194,-0.0013662841631699194
9266,-0.001490200904099875,-0.001248135153447869,-0.001248135153447869
9267,-0.00027372441976369997,-0.001254982561119238,-0.001254982561119238
9268,-0.0008750711719573,-0.0012744251255038602,-0.0012744251255038602
9269,-0.0016655531078639003,-0.0015981858054612838,-0.0015981858054612838
9270,-0.00125740956833765,-0.0014359881958875308,-0.0014359881958875308
9271,-0.001299889913877725,-0.0011348240520575074,-0.0011348240520575074
9272,-0.000688243690881975,-0.0012555151097334671,-0.0012555151097334671
9273,-0.00105117861206065,-0.0013946747021818709,-0.0013946747021818709
9274,-0.0007290758738665499,-0.0010897340407328637,-0.0010897340407328637
9275,-0.0010946659859820498,-0.0012603840625665895,-0.0012603840625665895
9276,-0.0010406043675103384,-0.0013726913237052836,-0.0013726913237052836
9277,-0.0003349231185779,-0.001367175808419459,-0.001367175808419459
9278,-0.0012496446247030604,-0.001446380979976733,-0.001446380979976733
9279,-0.000525901850446675,-0.0014418392888979486,-0.0014418392888979486
9280,-0.0016342349994354073,-0.001655152372872871,-0.001655152372872871
9281,-0.000793193028864181,-0.0012569836972039494,-0.0012569836972039494
9282,-0.00063415719040005,-0.0012853268743158164,-0.0012853268743158164
9283,-0.0010422221215588751,-0.0013673310667745824,-0.0013673310667745824
9284,-0.001058075234666225,-0.0015166898677324257,-0.0015166898677324257
9285,-0.001012584220898275,-0.0011288158487188053,-0.0011288158487188053
9286,-0.00023839971937319998,-0.0011837465462551306,-0.0011837465462551306
9287,-0.0015000077962551751,-0.0014200232085076479,-0.0014200232085076479
9288,-0.0002630009552551999,-0.0014239617490657108,-0.0014239617490657108
9289,-0.000946763803331625,-0.001321486304891582,-0.001321486304891582
9290,-0.00101941672665725,-0.001491469731670266,-0.001491469731670266
9291,-0.001603434493847975,-0.001385813736359773,-0.001385813736359773
9292,-0.0003666689159188,-0.001248177828639499,-0.001248177828639499
9293,-0.0006269157331393999,-0.0015342778581750004,-0.0015342778581750004
9294,-0.001075553165723582,-0.001493549491353042,-0.001493549491353042
9295,-0.001388116853614,-0.001554621631863182,-0.001554621631863182
9296,-0.000898310991840225,-0.001234615039297686,-0.001234615039297686
9297,-0.00034378258167299996,-0.0014834476731189214,-0.0014834476731189214
9298,-0.0011426442273665847,-0.001409959360643525,-0.001409959360643525
9299,-0.000534010292948215,-0.0012642445648803197,-0.0012642445648803197
9300,-0.001472321126547725,-0.0013404569574375893,-0.0013404569574375893
9301,-0.0016651151688412999,-0.0014534952174338677,-0.0014534952174338677
9302,-0.0015352109161531251,-0.0013287072016767716,-0.0013287072016767716
9303,-0.00048302101989482503,-0.001417485614842914,-0.001417485614842914
9304,9.483827217887495e-05,-0.0011457101303546703,-0.0011457101303546703
9305,-0.00165444102274135,-0.0013319179292144994,-0.0013319179292144994
9306,-8.191718378402501e-05,-0.001264686644193243,-0.001264686644193243
9307,-0.00031296846279765003,-0.0011660618664367161,-0.0011660618664367161
9308,-0.0008778548549792,-0.0010795288974447571,-0.0010795288974447571
9309,-0.0015765260165158752,-0.001407547198363924,-0.001407547198363924
9310,-0.00111180985087785,-0.0013194539466412321,-0.0013194539466412321
9311,-0.0021731702067593495,-0.0013861925457122697,-0.0013861925457122697
9312,-0.0014608511454089874,-0.001297457281344644,-0.001297457281344644
9313,-0.00056792495606885,-0.0015771734887194263,-0.0015771734887194263
9314,-0.0006794821594490251,-0.001529169905709456,-0.001529169905709456
9315,-0.0017129757192228998,-0.0012783961849283847,-0.0012783961849283847
9316,-0.001258002508472625,-0.0013670828514404096,-0.0013670828514404096
9317,-0.0007069223550087,-0.001233150335467342,-0.001233150335467342
9318,-0.00102829160133885,-0.0011995693066482824,-0.0011995693066482824
9319,-0.0013404301440573,-0.0012620464757735635,-0.0012620464757735635
9320,-0.00028445334460187497,-0.0013407108674585114,-0.0013407108674585114
9321,-0.00066963527911425,-0.001663068409752383,-0.001663068409752383
9322,-0.001516772744013775,-0.0015426616386459316,-0.0015426616386459316
9323,-0.0018187479248858748,-0.0013149756831940024,-0.0013149756831940024
9324,-0.0012815186042076,-0.0015830071844989014,-0.0015830071844989014
9325,-0.000526253403989725,-0.0015669594808255314,-0.0015669594808255314
9326,-0.000873668953878975,-0.0012281404863840998,-0.0012281404863840998
9327,-0.001683993865416475,-0.0011274693749035534,-0.0011274693749035534
9328,-0.00043090583075508753,-0.001375372510973104,-0.001375372510973104
9329,-0.00067600677842205,-0.0012546286731540935,-0.0012546286731540935
9330,-0.00111910599529275,-0.0013789773779544847,-0.0013789773779544847
9331,-0.0011242501387182002,-0.001448714393690784,-0.001448714393690784
9332,-0.0018305253897105498,-0.001563411268929093,-0.001563411268929093
9333,-0.00052216698714265,-0.001385752294675109,-0.001385752294675109
9334,-0.000402825320947425,-0.0013987442847541436,-0.0013987442847541436
9335,-0.000604905355530775,-0.0013478084503057075,-0.0013478084503057075
9336,-0.001655288943093875,-0.001457473807682368,-0.001457473807682368
9337,-0.000719723978111425,-0.0013988895411646235,-0.0013988895411646235
9338,-0.00014572136715152505,-0.0015964821569556004,-0.0015964821569556004
9339,-0.0013090639558339498,-0.0012799485549756706,-0.0012799485549756706
9340,-0.001011587625624475,-0.0012581722313767434,-0.0012581722313767434
9341,-0.000444778807058825,-0.00143894751414322,-0.00143894751414322
9342,-0.00034985040806042504,-0.001433579040508249,-0.001433579040508249
9343,-0.0005768560073339752,-0.0014763667939345585,-0.0014763667939345585
9344,-0.00099359884357745,-0.00133863975213783,-0.00133863975213783
9345,-0.0004203241664311,-0.0013282089578331045,-0.0013282089578331045
9346,-0.001738134312338025,-0.0014540439295462647,-0.0014540439295462647
9347,-0.001026294184441525,-0.0014516915524319567,-0.0014516915524319567
9348,-0.0012828025727551,-0.0014519060502656478,-0.0014519060502656478
9349,-0.001281382664969225,-0.0015301265553538397,-0.0015301265553538397
9350,-0.0015278248099362042,-0.0011595877671253816,-0.0011595877671253816
9351,-0.00103780648336235,-0.0013738865229478536,-0.0013738865229478536
9352,-0.002199882884903425,-0.0012702902249887521,-0.0012702902249887521
9353,-0.0007628374709149815,-0.0014713313329373725,-0.0014713313329373725
9354,1.106640811638653e-05,-0.0014577895784579902,-0.0014577895784579902
9355,-0.001423767762090575,-0.001482596785517101,-0.001482596785517101
9356,-0.001592136505634175,-0.0012571687057800868,-0.0012571687057800868
9357,-0.0005578782190381749,-0.001325249392944431,-0.001325249392944431
9358,-0.00016240693375134038,-0.0013422308044954874,-0.0013422308044954874
9359,-0.00045952470122347496,-0.0011931812781248957,-0.0011931812781248957
9360,-0.00100804669156675,-0.0011847913492789336,-0.0011847913492789336
9361,-0.000628057935676,-0.0012428071274186445,-0.0012428071274186445
9362,-0.0008335338268031841,-0.00151574107001141,-0.00151574107001141
9363,-0.0008649392058739501,-0.0011706231772174377,-0.0011706231772174377
9364,-0.00071338016785465,-0.0013685193762887444,-0.0013685193762887444
9365,-0.000808616221592417,-0.0012485267765846271,-0.0012485267765846271
9366,-0.001198712772001325,-0.0012037402319410953,-0.0012037402319410953
9367,-0.0009475911029138,-0.0014476799276190461,-0.0014476799276190461
9368,-0.0004315694513871,-0.0014074192356838852,-0.0014074192356838852
9369,7.232697325747494e-05,-0.001419615231213067,-0.001419615231213067
9370,-0.00129922706941105,-0.0012932869708719506,-0.0012932869708719506
9371,-0.00091044668066375,-0.0015698967542853391,-0.0015698967542853391
9372,-0.0009333140913484748,-0.0014479851568161685,-0.0014479851568161685
9373,-0.000645037055933475,-0.001298804915215672,-0.001298804915215672
9374,-0.00103648266364095,-0.0012745443570004176,-0.0012745443570004176
9375,-0.0005224157911874249,-0.001310988863854836,-0.001310988863854836
9376,-0.0017501904868589748,-0.0012972633353523604,-0.0012972633353523604
9377,-0.001634769629122075,-0.0011121390442865146,-0.0011121390442865146
9378,-0.001695794794217325,-0.0012230355253109932,-0.0012230355253109932
9379,-0.0017453717169715252,-0.0012634943617594878,-0.0012634943617594878
9380,-0.00025907600694102497,-0.0014819658560035283,-0.0014819658560035283
9381,-0.00213271919654125,-0.0013565635579449306,-0.0013565635579449306
9382,-0.001652944355664525,-0.0012879379970701648,-0.0012879379970701648
9383,-0.0008847711512506751,-0.0013980846117720733,-0.0013980846117720733
9384,-0.0018362186096313726,-0.0014559734031260086,-0.0014559734031260086
9385,-0.001101252097772575,-0.0015380538123811157,-0.0015380538123811157
9386,-0.0005569708737198,-0.0010682805558335539,-0.0010682805558335539
9387,-0.0016579266865795002,-0.0013607599218536748,-0.0013607599218536748
9388,-0.000253202433026425,-0.0013827303258921104,-0.0013827303258921104
9389,-0.0009393510945505498,-0.0012452693317062664,-0.0012452693317062664
9390,0.00017288010886524997,-0.0012843813106129102,-0.0012843813106129102
9391,-0.0003656527136734,-0.0013810698157955164,-0.0013810698157955164
9392,-0.0015042694853581481,-0.00136143593580072,-0.00136143593580072
9393,-0.0010928125283700344,-0.0014473783327169634,-0.0014473783327169634
9394,-0.00014533987547222501,-0.0016071983646242358,-0.0016071983646242358
9395,-0.0018363455312056499,-0.0013983630650230706,-0.0013983630650230706
9396,-0.0005932588483072,-0.0012547097380399205,-0.0012547097380399205
9397,-0.000684761419131075,-0.001548069148273723,-0.001548069148273723
9398,-0.001422173689902575,-0.0013904883059099394,-0.0013904883059099394
9399,0.0004157915476552001,-0.0012646662084148572,-0.0012646662084148572
9400,-0.000657886061116,-0.0012725601749197916,-0.0012725601749197916
9401,-0.0011898561558152001,-0.0014686236741993364,-0.0014686236741993364
9402,-0.001407738607027075,-0.0014266640765301776,-0.0014266640765301776
9403,-0.0006786709165950873,-0.0013791790109848512,-0.0013791790109848512
9404,-0.00045759293405405355,-0.001289562783765328,-0.001289562783765328
9405,-0.001684970096944075,-0.001469865080588254,-0.001469865080588254
9406,-0.0005909796820422,-0.0013252880453894092,-0.0013252880453894092
9407,-0.001267124284059125,-0.0014341609989365436,-0.0014341609989365436
9408,-0.00166343625310785,-0.0013190215719022713,-0.0013190215719022713
9409,-0.0002678254029802,-0.0011299281135353902,-0.0011299281135353902
9410,-0.000407295487338625,-0.001386944490055202,-0.001386944490055202
9411,-0.00041067727384690004,-0.001487702321356237,-0.001487702321356237
9412,-0.00037354384235997507,-0.0012594739643472246,-0.0012594739643472246
9413,-0.00047197919715419247,-0.0010806678234318366,-0.0010806678234318366
9414,-0.0002360087932992749,-0.0013180082114575046,-0.0013180082114575046
9415,-5.19000195725001e-05,-0.0012494837470520914,-0.0012494837470520914
9416,-0.0010690643943868,-0.0012856304381494473,-0.0012856304381494473
9417,-0.001143036317067325,-0.0013349310575491353,-0.0013349310575491353
9418,-0.00048593087150805174,-0.0013689922557550585,-0.0013689922557550585
9419,-0.00016803102347328724,-0.0011895112744922652,-0.0011895112744922652
9420,-0.00017176687848609995,-0.0013252478877340316,-0.0013252478877340316
9421,-0.0008952961994799501,-0.001593463921514963,-0.001593463921514963
9422,-0.00114443101484905,-0.0013725650875915187,-0.0013725650875915187
9423,-0.0005934490176130287,-0.001510901261194746,-0.001510901261194746
9424,-0.0006355207934696,-0.001411662212238965,-0.001411662212238965
9425,-0.001337228414635,-0.0015522664125598045,-0.0015522664125598045
9426,-0.001000150827029325,-0.0012930256782437114,-0.0012930256782437114
9427,-0.00184882733890895,-0.0011264685978440404,-0.0011264685978440404
9428,-0.000699921551431225,-0.0013975836492968942,-0.0013975836492968942
9429,-0.0007006945525120001,-0.0013275241080719178,-0.0013275241080719178
9430,0.000428089473694425,-0.001104699489182761,-0.001104699489182761
9431,-0.0011654017568915,-0.0012160647101530375,-0.0012160647101530375
9432,-0.00109503846265595,-0.001556708590536082,-0.001556708590536082
9433,-0.0004997141247592529,-0.0011629016550838793,-0.0011629016550838793
9434,-0.000545352928311725,-0.0015150466953852467,-0.0015150466953852467
9435,-0.0014052526379658501,-0.0013842164728001412,-0.0013842164728001412
9436,-0.0011674387438179,-0.0012617051626962906,-0.0012617051626962906
9437,-0.0014949452204269498,-0.001418413106908886,-0.001418413106908886
9438,-0.0010095095412511752,-0.001206419355359194,-0.001206419355359194
9439,-0.0008429699057243999,-0.0015472668692994033,-0.0015472668692994033
9440,4.390193646644997e-05,-0.001409087768298374,-0.001409087768298374
9441,9.483382704919998e-05,-0.0012723166278642453,-0.0012723166278642453
9442,-0.0012544425184916178,-0.0012790721310930167,-0.0012790721310930167
9443,-0.001657015010922525,-0.0011006453922394867,-0.0011006453922394867
9444,-0.0005246361438900499,-0.0015724574035927417,-0.0015724574035927417
9445,-0.001058479493072575,-0.001232149483634824,-0.001232149483634824
9446,-0.00085495126715815,-0.0011779761979598994,-0.0011779761979598994
9447,-0.0011204112251204748,-0.0012373257390149014,-0.0012373257390149014
9448,-0.0014060682921576,-0.0013515741441573615,-0.0013515741441573615
9449,-0.0009330138242458618,-0.0012770341142464353,-0.0012770341142464353
9450,-0.00178873949041675,-0.0015420534621737696,-0.0015420534621737696
9451,-0.000306663914113625,-0.0013816637532208542,-0.0013816637532208542
9452,-0.0001281381168336137,-0.0011007261978423738,-0.0011007261978423738
9453,-0.0012931590725309,-0.0013247701691770112,-0.0013247701691770112
9454,-0.0014902148684595498,-0.0012189424865199367,-0.0012189424865199367
9455,-0.00016910332057227498,-0.001303192526892465,-0.001303192526892465
9456,-0.0016404986289958502,-0.001289598200531315,-0.001289598200531315
9457,-0.0010297368300736251,-0.0013955619760898344,-0.0013955619760898344
9458,-0.0012179186314466499,-0.0013332275602302279,-0.0013332275602302279
9459,-0.0005854283888393249,-0.001592383271638419,-0.001592383271638419
9460,0.00010809140993014998,-0.0016460251966608787,-0.0016460251966608787
9461,-0.0012483942390741,-0.001331496778328792,-0.001331496778328792
9462,-0.0017669317433539,-0.0015773373433665356,-0.0015773373433665356
9463,-0.0006896364672553749,-0.0015401444853712393,-0.0015401444853712393
9464,-0.000579040974955275,-0.0013879605688810462,-0.0013879605688810462
9465,-0.0015390050223549748,-0.0013921649762581195,-0.0013921649762581195
9466,-0.000192264914578625,-0.0012077272244325036,-0.0012077272244325036
9467,0.00018979767077584992,-0.0011405392245102917,-0.0011405392245102917
9468,-0.001079661723311075,-0.0014050867778585218,-0.0014050867778585218
9469,-0.0007741336645818249,-0.0013126689131415614,-0.0013126689131415614
9470,-0.0004157779671769517,-0.0015991778587482602,-0.0015991778587482602
9471,-7.934414363261258e-05,-0.0012359706796663229,-0.0012359706796663229
9472,-0.00026549709399557495,-0.0014970415518087948,-0.0014970415518087948
9473,-0.0010161930197092,-0.0013438719512303854,-0.0013438719512303854
9474,-0.0016254768846043002,-0.0014397012526644005,-0.0014397012526644005
9475,-0.0006634449968069238,-0.0013940435753988201,-0.0013940435753988201
9476,-0.0005607316656455,-0.00138256010997003,-0.00138256010997003
9477,-0.000406060091848425,-0.0013745229218641013,-0.0013745229218641013
9478,0.00012822957419394992,-0.0012593850489490625,-0.0012593850489490625
9479,-0.00025384433575465,-0.0012028186258402776,-0.0012028186258402776
9480,-0.0009359242978891498,-0.0010817104973837237,-0.0010817104973837237
9481,-0.00014503174707009998,-0.0011425910755913234,-0.0011425910755913234
9482,2.337234744625012e-06,-0.0012905465369644571,-0.0012905465369644571
9483,1.727307410822495e-05,-0.0014540389140922816,-0.0014540389140922816
9484,-0.001057357874128125,-0.0011857299255079272,-0.0011857299255079272
9485,-0.0013819851196011,-0.0013517516255726206,-0.0013517516255726206
9486,-0.0013283073841425241,-0.0015413611575482615,-0.0015413611575482615
9487,-0.0012630470193815248,-0.0014781415100615187,-0.0014781415100615187
9488,-0.001583426453599575,-0.001524415737685014,-0.001524415737685014
9489,-0.0007895448643960485,-0.0012483950098241873,-0.0012483950098241873
9490,-0.001025376962714239,-0.0013143345848724364,-0.0013143345848724364
9491,-8.968259507719845e-05,-0.0013148820572855347,-0.0013148820572855347
9492,-0.0009800464174103752,-0.0010267649865728732,-0.0010267649865728732
9493,-0.00253837020847115,-0.0015620977297155331,-0.0015620977297155331
9494,-0.001262633682399575,-0.0013773100974907207,-0.0013773100974907207
9495,-0.00045095679017759997,-0.0012777073820281627,-0.0012777073820281627
9496,-0.000694183894125725,-0.00131528738750585,-0.00131528738750585
9497,-0.001412248987448225,-0.0013405243322141525,-0.0013405243322141525
9498,-0.0007478499950628,-0.0014967869074480214,-0.0014967869074480214
9499,-0.0006271240804364751,-0.001392745105367372,-0.001392745105367372
9500,-0.001066765568381075,-0.0013204706370354518,-0.0013204706370354518
9501,-0.0004079726112974764,-0.0011783758613437276,-0.0011783758613437276
9502,-0.0006744929275349387,-0.0013078663572128855,-0.0013078663572128855
9503,-0.00019681814230135985,-0.0013151648576252017,-0.0013151648576252017
9504,-0.00038969804220510005,-0.0012215426887397982,-0.0012215426887397982
9505,-0.0013492882804321251,-0.0012626789396296037,-0.0012626789396296037
9506,-0.00121924935736525,-0.0014169037299241536,-0.0014169037299241536
9507,-0.00040710832209102507,-0.0012327634529008728,-0.0012327634529008728
9508,-0.0016332815945116997,-0.001368540654535916,-0.001368540654535916
9509,-0.0014200058465196502,-0.001302470968491236,-0.001302470968491236
9510,-0.0012702322665260751,-0.001452991046213812,-0.001452991046213812
9511,-0.0014826451163393866,-0.001229743221110586,-0.001229743221110586
9512,-0.0012553143624831,-0.0010113040444269916,-0.0010113040444269916
9513,-0.0015218658702315,-0.0013621694327466888,-0.0013621694327466888
9514,-0.00020402626689252498,-0.001200892231332254,-0.001200892231332254
9515,-0.0002854783234208499,-0.0013521940206293983,-0.0013521940206293983
9516,-0.00117748681764855,-0.0013398721868900039,-0.0013398721868900039
9517,-0.000269478879022525,-0.001344204421890956,-0.001344204421890956
9518,-0.0015621567498400252,-0.0013433485829674875,-0.0013433485829674875
9519,-0.00046682528569975,-0.0014015392273801176,-0.0014015392273801176
9520,-0.0007194520799631338,-0.0013813725378648625,-0.0013813725378648625
9521,-0.001168894711663925,-0.0014356980039186894,-0.0014356980039186894
9522,-0.0011844835480346,-0.0013517778390739843,-0.0013517778390739843
9523,-0.0008601179245023443,-0.001536970310646145,-0.001536970310646145
9524,-0.0008888738352637001,-0.0013676879406081385,-0.0013676879406081385
9525,-0.000915803320463625,-0.0014903934041105597,-0.0014903934041105597
9526,-0.001207181733253625,-0.0013941643173075848,-0.0013941643173075848
9527,-0.0012515008393126248,-0.0011188651050243138,-0.0011188651050243138
9528,-0.000735057446260925,-0.0015369929145167605,-0.0015369929145167605
9529,-0.0010585562059534,-0.0013981309115858606,-0.0013981309115858606
9530,-0.000928677356525525,-0.0014217629892502846,-0.0014217629892502846
9531,-0.0004857764998537249,-0.0015187855428069098,-0.0015187855428069098
9532,-0.000573669766356425,-0.0012361460908841256,-0.0012361460908841256
9533,-0.0007494482760802751,-0.0013185742341489783,-0.0013185742341489783
9534,-0.001034003697886175,-0.0012027085795633652,-0.0012027085795633652
9535,0.00018619246615430004,-0.0011835084108446738,-0.0011835084108446738
9536,-0.001086917485392525,-0.0015937796729062152,-0.0015937796729062152
9537,0.0006837542545800499,-0.001167469512248995,-0.001167469512248995
9538,-0.0004070110003973,-0.0014898154621618331,-0.0014898154621618331
9539,-0.00030526191801352227,-0.0011922035092251063,-0.0011922035092251063
9540,-0.0006990736836314,-0.0012806044720629426,-0.0012806044720629426
9541,-0.0005547097878443811,-0.0013971688729517572,-0.0013971688729517572
9542,-0.0015290090307477752,-0.0011931545949578533,-0.0011931545949578533
9543,-0.001076813208191325,-0.0013508059982483421,-0.0013508059982483421
9544,-0.0011113819268935249,-0.0012909538131479074,-0.0012909538131479074
9545,-0.000861683859137375,-0.0014553672158411945,-0.0014553672158411945
9546,-0.001326878619237525,-0.001276450933266057,-0.001276450933266057
9547,-0.0017958077627906349,-0.0014538215185004864,-0.0014538215185004864
9548,-0.0007446579759358193,-0.0013117007265407126,-0.0013117007265407126
9549,-0.0022794696977763,-0.0014506279641016476,-0.0014506279641016476
9550,-0.0007173089779428,-0.001199240039080237,-0.001199240039080237
9551,-0.0015394323356726,-0.0012704055195944164,-0.0012704055195944164
9552,0.000103639998442775,-0.0014269927237729812,-0.0014269927237729812
9553,-0.001212599815362125,-0.0013762365017294183,-0.0013762365017294183
9554,-0.0014752532608251,-0.0013404925621782681,-0.0013404925621782681
9555,-0.00122296933454695,-0.0013142199735641361,-0.0013142199735641361
9556,-0.0009511212875757249,-0.001597899700055835,-0.001597899700055835
9557,-0.0020742573287521253,-0.0015420037194436732,-0.0015420037194436732
9558,-0.0006117510397277,-0.0013996945802073283,-0.0013996945802073283
9559,-0.0005157866225621425,-0.0011600740435324995,-0.0011600740435324995
9560,0.00015594106832795006,-0.0013961508510823544,-0.0013961508510823544
9561,-0.0003844930772596584,-0.0013080566968144353,-0.0013080566968144353
9562,-0.00089620357740995,-0.0012259857575574224,-0.0012259857575574224
9563,-0.00044046089883082503,-0.001336710475755513,-0.001336710475755513
9564,-0.001133656877715875,-0.0013676457348349956,-0.0013676457348349956
9565,-0.000899653936758025,-0.0012715722991726375,-0.0012715722991726375
9566,-0.000895426940867675,-0.0012675407466400375,-0.0012675407466400375
9567,-0.001617215679315225,-0.0013951683619734916,-0.0013951683619734916
9568,-0.001750631558040775,-0.0012683398098183277,-0.0012683398098183277
9569,-0.0014107290199566,-0.0013698185196540937,-0.0013698185196540937
9570,-0.0009475158531141749,-0.0014081762861287753,-0.0014081762861287753
9571,-0.001097902477748425,-0.0013249129608894656,-0.0013249129608894656
9572,-0.0007460649573036851,-0.001315391448406398,-0.001315391448406398
9573,-0.000713209218176625,-0.0009956131485285504,-0.0009956131485285504
9574,-0.0007827659801658675,-0.0014291720081712356,-0.0014291720081712356
9575,-0.000920505536006725,-0.0010541803147799025,-0.0010541803147799025
9576,-0.0002512412077318751,-0.0014400582155191923,-0.0014400582155191923
9577,-0.0010275941485226,-0.001441576859571915,-0.001441576859571915
9578,-0.000983326389802475,-0.0014847072094244576,-0.0014847072094244576
9579,-0.00064826899606545,-0.001226458231282605,-0.001226458231282605
9580,-0.0016442374482290999,-0.0013781362679799612,-0.0013781362679799612
9581,-0.0008444165000069501,-0.0011591852403131757,-0.0011591852403131757
9582,-0.0005379602122189,-0.0012424590733060266,-0.0012424590733060266
9583,-0.000300450256908175,-0.0011668483011199552,-0.0011668483011199552
9584,-0.001132510128063975,-0.0013267803374268099,-0.0013267803374268099
9585,-0.00011014960224550003,-0.001222884153721844,-0.001222884153721844
9586,-0.00048146175092365006,-0.0015996768796745823,-0.0015996768796745823
9587,-0.0013361329747394,-0.001206173407785463,-0.001206173407785463
9588,-0.000929031957767725,-0.001263528100244832,-0.001263528100244832
9589,-0.0007970659337857751,-0.0013503668279818484,-0.0013503668279818484
9590,-0.0023260860525136,-0.001346938733419652,-0.001346938733419652
9591,-0.000925510685302875,-0.0016418512037475348,-0.0016418512037475348
9592,-0.00072518465832505,-0.0012512623718036733,-0.0012512623718036733
9593,-0.000875336701413525,-0.0013411527401280285,-0.0013411527401280285
9594,-0.0017106321446920501,-0.0014518584690455373,-0.0014518584690455373
9595,-0.0009849277862558,-0.0013528807762050764,-0.0013528807762050764
9596,-0.0012401695764556,-0.0014097969775295116,-0.0014097969775295116
9597,-0.0005628815432390001,-0.0015089055364767782,-0.0015089055364767782
9598,-0.0015689953226327,-0.0013605728686396858,-0.0013605728686396858
9599,-0.0006602109039378501,-0.001504072170192378,-0.001504072170192378
9600,-0.000413398594151775,-0.0014573165898412624,-0.0014573165898412624
9601,-0.001667982666649925,-0.0014038787844334382,-0.0014038787844334382
9602,-0.00042091592261165,-0.0011892807871486675,-0.0011892807871486675
9603,-0.0009440735518269735,-0.0012043071804470368,-0.0012043071804470368
9604,-0.0005583502921819714,-0.0012988672069712945,-0.0012988672069712945
9605,-0.0001846771756436,-0.0012785657490675644,-0.0012785657490675644
9606,-0.00156871196066135,-0.0013835970549473933,-0.0013835970549473933
9607,-3.4722257824305956e-05,-0.0012635981828187145,-0.0012635981828187145
9608,-0.001678990805020775,-0.001537676942880526,-0.001537676942880526
9609,-0.0011248192028728,-0.0014201269956290088,-0.0014201269956290088
9610,0.0005045383558798168,-0.0011262422668095024,-0.0011262422668095024
9611,-0.001212333170769375,-0.0013845888595931538,-0.0013845888595931538
9612,-0.00029469841846535,-0.0015256524130915939,-0.0015256524130915939
9613,-0.0009610267322018124,-0.001394149957895426,-0.001394149957895426
9614,-6.568112581999965e-07,-0.0013806902699743263,-0.0013806902699743263
9615,-0.0007592827047947326,-0.0014458433413484773,-0.0014458433413484773
9616,-0.0005667388949888738,-0.001514537359068038,-0.001514537359068038
9617,-0.00095273590258735,-0.0013068083236869546,-0.0013068083236869546
9618,-0.000705962564371875,-0.0014220269096664308,-0.0014220269096664308
9619,-0.0002527481189159778,-0.0013684932425894445,-0.0013684932425894445
9620,-0.0006526234760469501,-0.0013619854150092032,-0.0013619854150092032
9621,9.3922444275375e-05,-0.001171020995519242,-0.001171020995519242
9622,-0.0009728265154149,-0.0015665132878223498,-0.0015665132878223498
9623,-0.000620224092041,-0.0012674895522362339,-0.0012674895522362339
9624,-0.0017015362562814,-0.0013873508975259954,-0.0013873508975259954
9625,-0.001133500683928,-0.0012627278515621161,-0.0012627278515621161
9626,-0.001345823436397475,-0.0013648027815098178,-0.0013648027815098178
9627,-0.000333305823124881,-0.0013356135330685167,-0.0013356135330685167
9628,-0.00046116049848049805,-0.0014677585995462976,-0.0014677585995462976
9629,-0.0012373181043211002,-0.0013686578085714885,-0.0013686578085714885
9630,-0.000741988604444825,-0.0015045642668678632,-0.0015045642668678632
9631,-0.0011741092720878,-0.0013639538740532599,-0.0013639538740532599
9632,-0.0009587392977670501,-0.0010403684193430764,-0.0010403684193430764
9633,-0.00039098618929852495,-0.001437653219720287,-0.001437653219720287
9634,-0.000525143079201475,-0.0013283747730195986,-0.0013283747730195986
9635,-0.00081280786816175,-0.001446943178508048,-0.001446943178508048
9636,-0.0012368782809516249,-0.0015056339159940945,-0.0015056339159940945
9637,-0.0016017278350609501,-0.0014209266695586042,-0.0014209266695586042
9638,-0.000746499772487675,-0.0014646704439243523,-0.0014646704439243523
9639,-0.001429841279169575,-0.0016732066976452385,-0.0016732066976452385
9640,-0.0005960755106032194,-0.001381794820615296,-0.001381794820615296
9641,-0.001518602601671475,-0.0015251512248416338,-0.0015251512248416338
9642,-0.000533017543032875,-0.001471743956252923,-0.001471743956252923
9643,-0.00037007723458832507,-0.0010492690692751878,-0.0010492690692751878
9644,-0.0012851970947264,-0.0013819701140449184,-0.0013819701140449184
9645,-0.00024204517610877503,-0.0013221427044246403,-0.0013221427044246403
9646,-0.000528838969998375,-0.0011099011291527885,-0.0011099011291527885
9647,-0.001042606727848025,-0.0014077578265627635,-0.0014077578265627635
9648,-0.000538409232847875,-0.0013567154022016716,-0.0013567154022016716
9649,-0.001368791460214125,-0.0016329695176906475,-0.0016329695176906475
9650,-0.00061126356550275,-0.0014269590107141839,-0.0014269590107141839
9651,-0.000947111498258907,-0.0014705715468242612,-0.0014705715468242612
9652,-0.0008616183670664434,-0.001454639381380298,-0.001454639381380298
9653,-0.0005311801330289249,-0.001373558956887058,-0.001373558956887058
9654,-0.000710717551291475,-0.001437612917755808,-0.001437612917755808
9655,-0.000699662686145,-0.0012323298399178064,-0.0012323298399178064
9656,-0.0008984882412284251,-0.001245524729251476,-0.001245524729251476
9657,-0.00045502849689744995,-0.0014299602292532224,-0.0014299602292532224
9658,-0.0005063786149997001,-0.0012116222907462696,-0.0012116222907462696
9659,-0.001528293023897175,-0.0015536470899559429,-0.0015536470899559429
9660,-0.0005503541144535109,-0.0012199975134010038,-0.0012199975134010038
9661,-0.00081250728177285,-0.0013291827425405602,-0.0013291827425405602
9662,-0.000370949522866775,-0.0012081773906580686,-0.0012081773906580686
9663,0.00021105169078725,-0.001396745409880133,-0.001396745409880133
9664,-0.00050155701010665,-0.0015344427750338871,-0.0015344427750338871
9665,0.000160951310918425,-0.001195985346787612,-0.001195985346787612
9666,-0.00132256258351685,-0.0013953208276392417,-0.0013953208276392417
9667,-0.000813591173756025,-0.0012140821983559324,-0.0012140821983559324
9668,-0.0006302026024186751,-0.0013574558823227496,-0.0013574558823227496
9669,-0.00031167591439960006,-0.0013272748323360911,-0.0013272748323360911
9670,-0.0015252639081013001,-0.001418366826887388,-0.001418366826887388
9671,-0.000820326108166725,-0.0014683347177225344,-0.0014683347177225344
9672,-8.395215125415003e-05,-0.0014377214858117564,-0.0014377214858117564
9673,-0.000167826101887825,-0.0011788687262703698,-0.0011788687262703698
9674,-0.00023375851643534998,-0.001267095417448438,-0.001267095417448438
9675,0.00020950821990677504,-0.0014785205807446298,-0.0014785205807446298
9676,-0.001720603270375725,-0.0011615169292656896,-0.0011615169292656896
9677,-0.001142517446002725,-0.0013484598501471473,-0.0013484598501471473
9678,-0.001213513722409875,-0.0012639138563817543,-0.0012639138563817543
9679,-0.00077999343329115,-0.0013276576698557137,-0.0013276576698557137
9680,-0.0008076111370626,-0.0010956367998113895,-0.0010956367998113895
9681,-0.00015656442037844992,-0.0013449678570487396,-0.0013449678570487396
9682,1.0222579752525065e-05,-0.001444435142351673,-0.001444435142351673
9683,-0.00041236887452012497,-0.0011004722243393404,-0.0011004722243393404
9684,-0.0007490742106511751,-0.0013084182383942848,-0.0013084182383942848
9685,-0.00031894637383657494,-0.0011526618587605656,-0.0011526618587605656
9686,3.0214182654764176e-05,-0.0013004305085672083,-0.0013004305085672083
9687,-0.00057929130717415,-0.0013988087811132386,-0.0013988087811132386
9688,-0.00209250558045365,-0.001498502549073234,-0.001498502549073234
9689,-0.0010804405478691999,-0.001264343449270618,-0.001264343449270618
9690,-0.00039846593281522505,-0.0010895709637929784,-0.0010895709637929784
9691,-0.0012508280378381999,-0.001455672838231657,-0.001455672838231657
9692,-0.000545525794735125,-0.0013268358697133553,-0.0013268358697133553
9693,-0.001102183005559575,-0.0015546099475809841,-0.0015546099475809841
9694,-0.0009099057364687751,-0.0014225262159335283,-0.0014225262159335283
9695,-0.0014538914882389498,-0.0010835504189623448,-0.0010835504189623448
9696,-0.001509756781953175,-0.001546836936365016,-0.001546836936365016
9697,-0.00042292270514605,-0.0011696922638372881,-0.0011696922638372881
9698,-0.00043513351938924996,-0.0013055921724110465,-0.0013055921724110465
9699,-0.0011700188463177,-0.0011096661595808427,-0.0011096661595808427
9700,-0.002031783676467375,-0.0013294930437438084,-0.0013294930437438084
9701,-0.000372376047087015,-0.0013349451844447034,-0.0013349451844447034
9702,-0.002008789031007375,-0.0017597773109615596,-0.0017597773109615596
9703,-0.001118451157107475,-0.0014419160986395242,-0.0014419160986395242
9704,-0.0018046129652694249,-0.001185830445768034,-0.001185830445768034
9705,-0.0020757070441042,-0.0012769730080083152,-0.0012769730080083152
9706,-0.0012961047635256248,-0.0012834053925652419,-0.0012834053925652419
9707,-0.000808603597125825,-0.0014933632300585746,-0.0014933632300585746
9708,-0.0012679189650972,-0.0014403011092776045,-0.0014403011092776045
9709,-0.00107906975071515,-0.001272527716870746,-0.001272527716870746
9710,-0.000854114478779125,-0.0012527763121099281,-0.0012527763121099281
9711,-0.000670273082841625,-0.0013547768763987698,-0.0013547768763987698
9712,-0.0009443805868293248,-0.0011572683047551494,-0.0011572683047551494
9713,-0.0005996787717978501,-0.0013006897329671827,-0.0013006897329671827
9714,-0.001434006616794575,-0.0012191430047422515,-0.0012191430047422515
9715,-0.0012512461665424,-0.00128252460455631,-0.00128252460455631
9716,-0.0016404644624774,-0.0012962793148661212,-0.0012962793148661212
9717,-0.000737954230794775,-0.0013274695258849007,-0.0013274695258849007
9718,-0.0013790672098347749,-0.0011846244632297298,-0.0011846244632297298
9719,-0.0006163389683002669,-0.0011917754302374819,-0.0011917754302374819
9720,-0.00017847301606973662,-0.0014366322357088652,-0.0014366322357088652
9721,-0.00090754589522145,-0.0012202769088613236,-0.0012202769088613236
9722,-0.0009499349738739249,-0.0015274338649643097,-0.0015274338649643097
9723,-0.00108606555580595,-0.0013614891631118903,-0.0013614891631118903
9724,-0.000474237693400125,-0.0012628895501837272,-0.0012628895501837272
9725,-0.001430766751614725,-0.001265769029735111,-0.001265769029735111
9726,-0.0008492529691309749,-0.0012510408869368648,-0.0012510408869368648
9727,-0.00061353968084915,-0.0011401426515269912,-0.0011401426515269912
9728,-0.000431332241259625,-0.00146684706753854,-0.00146684706753854
9729,-0.0011007027187260386,-0.0014414738117140388,-0.0014414738117140388
9730,-0.0010067023911988,-0.0011783762003388808,-0.0011783762003388808
9731,-0.0009401397954436001,-0.0014075725998535032,-0.0014075725998535032
9732,-0.0007592486645127501,-0.0012232698880072872,-0.0012232698880072872
9733,-6.585323071436097e-05,-0.0012764516999602582,-0.0012764516999602582
9734,-4.533062776275042e-06,-0.0013335679784486282,-0.0013335679784486282
9735,-0.0009727075641353668,-0.0014042431850915375,-0.0014042431850915375
9736,-0.000772364165952475,-0.0014583514642594628,-0.0014583514642594628
9737,-0.00123782364797225,-0.001277768667106222,-0.001277768667106222
9738,-0.0007973859089350499,-0.0013875004622448232,-0.0013875004622448232
9739,-0.0009287858140183748,-0.0012468342821793138,-0.0012468342821793138
9740,-0.00047944978958605004,-0.0012709964016640277,-0.0012709964016640277
9741,-0.00081398978392395,-0.0012197709233615595,-0.0012197709233615595
9742,-0.0006741476394978497,-0.0014242097515862154,-0.0014242097515862154
9743,-0.00020473200894762503,-0.0013911244101174358,-0.0013911244101174358
9744,-0.0010016664513922751,-0.0012276859937238001,-0.0012276859937238001
9745,-0.001982615105346975,-0.0014345282859443398,-0.0014345282859443398
9746,-0.000984272711685625,-0.001207325362755118,-0.001207325362755118
9747,-0.0007031115525438078,-0.001177895525426999,-0.001177895525426999
9748,-0.0004595781570609238,-0.0012891605379814174,-0.0012891605379814174
9749,-0.0013409254170647501,-0.0015699656595901303,-0.0015699656595901303
9750,-0.001184067802666625,-0.0014720194963517624,-0.0014720194963517624
9751,-0.0004994353765449501,-0.001207194471695941,-0.001207194471695941
9752,-0.00012502218298562502,-0.0012008795630217548,-0.0012008795630217548
9753,-0.0008417591099663499,-0.0011447505828852892,-0.0011447505828852892
9754,-0.0007354868831768249,-0.001579298918943671,-0.001579298918943671
9755,-0.000905694065774375,-0.001129686283376759,-0.001129686283376759
9756,0.00012296991033270002,-0.001367157692217531,-0.001367157692217531
9757,-0.0006553073933762252,-0.001474622050381104,-0.001474622050381104
9758,-0.0006446128249086921,-0.0012456624368806853,-0.0012456624368806853
9759,-0.001319196257024025,-0.0013283403457101802,-0.0013283403457101802
9760,-0.0005756348728326,-0.0012483359197244632,-0.0012483359197244632
9761,-0.001077807038344875,-0.0014145105448556535,-0.0014145105448556535
9762,-0.001160970669576675,-0.0013156166903544012,-0.0013156166903544012
9763,-0.00038917365766652495,-0.0011665606352960613,-0.0011665606352960613
9764,-0.00017593457478395002,-0.0012053397865610601,-0.0012053397865610601
9765,-0.00047459633355927496,-0.0014732024205617881,-0.0014732024205617881
9766,-0.00034147284770492497,-0.0014487216930369863,-0.0014487216930369863
9767,-0.000401426226301925,-0.0011150127935030077,-0.0011150127935030077
9768,-0.0005541681210435989,-0.0012873372262636278,-0.0012873372262636278
9769,-0.0016677384952151501,-0.0011963087242959649,-0.0011963087242959649
9770,-0.0010185913783752251,-0.0013399517184797757,-0.0013399517184797757
9771,-0.000594914495801675,-0.0014957573246874663,-0.0014957573246874663
9772,-0.001343409956446325,-0.0013883802220550207,-0.0013883802220550207
9773,-0.00130357444880915,-0.0014302013591447995,-0.0014302013591447995
9774,-0.0006605609631009499,-0.001493853683003895,-0.001493853683003895
9775,-0.0006764125300101249,-0.001687332517683012,-0.001687332517683012
9776,-0.000943105233406825,-0.001362352113410216,-0.001362352113410216
9777,-0.0010096639640814501,-0.001429009762226485,-0.001429009762226485
9778,-0.001300609033925175,-0.0013731405281943794,-0.0013731405281943794
9779,-0.0004909684324009,-0.0014764733802641967,-0.0014764733802641967
9780,-0.0005146971755705251,-0.0011037319460033331,-0.0011037319460033331
9781,-0.00013143044484665006,-0.0013846492788675243,-0.0013846492788675243
9782,-0.0012595527124825501,-0.0012105821330825437,-0.0012105821330825437
9783,-0.0005235527110424565,-0.0013611239666598348,-0.0013611239666598348
9784,-0.000258662094271475,-0.0012968817083641349,-0.0012968817083641349
9785,-0.0009575690885426251,-0.0013874410291045973,-0.0013874410291045973
9786,-0.0010375219776346944,-0.0015160558988065987,-0.0015160558988065987
9787,-0.0008930147166475882,-0.0014090809589040849,-0.0014090809589040849
9788,-0.0013017372454609249,-0.0014591361440392805,-0.0014591361440392805
9789,-0.00031074050465775005,-0.0013428297184864737,-0.0013428297184864737
9790,-0.0015090367895697,-0.0015178711933897656,-0.0015178711933897656
9791,-0.0012214266345253,-0.0010979436514313265,-0.0010979436514313265
9792,-0.000873906326053975,-0.0012704083120997365,-0.0012704083120997365
9793,-0.001321780393087575,-0.0013402023341265294,-0.0013402023341265294
9794,-0.00095651650838685,-0.0014090571790107984,-0.0014090571790107984
9795,-0.0019801869584819,-0.0013519756161020082,-0.0013519756161020082
9796,-0.0008660062041249499,-0.001172246702125353,-0.001172246702125353
9797,-0.0010189916167125108,-0.0014557386397575007,-0.0014557386397575007
9798,-0.0012555752537778248,-0.0013861428922081651,-0.0013861428922081651
9799,-0.0007051596423350501,-0.0011731983323024012,-0.0011731983323024012
9800,-0.00187469049171585,-0.0015921442745621879,-0.0015921442745621879
9801,-0.0011529543671954,-0.0014272830222204391,-0.0014272830222204391
9802,-0.000676586399604225,-0.0012225263907443538,-0.0012225263907443538
9803,-0.00028231827796882677,-0.0014842115094751917,-0.0014842115094751917
9804,-0.001236106222492225,-0.00140813522824295,-0.00140813522824295
9805,-0.00031952468446517503,-0.0014117130231238904,-0.0014117130231238904
9806,-0.0015281849880356248,-0.001252194808477695,-0.001252194808477695
9807,-0.0003878219413490251,-0.0012033552594778885,-0.0012033552594778885
9808,-0.000821420293818798,-0.001277984387822149,-0.001277984387822149
9809,-0.0005422886331697,-0.0014245655490521007,-0.0014245655490521007
9810,-0.0005627472927700749,-0.00157249159956682,-0.00157249159956682
9811,-0.0014018856502596001,-0.001333352612189744,-0.001333352612189744
9812,-0.0007205016281943751,-0.0013628242319869413,-0.0013628242319869413
9813,-0.0015612510424329999,-0.001341109950876038,-0.001341109950876038
9814,-0.000565772942417725,-0.001369419412137243,-0.001369419412137243
9815,-0.00126786022379905,-0.0014566730631134907,-0.0014566730631134907
9816,-0.0010802883351288249,-0.0014376833717446827,-0.0014376833717446827
9817,-0.0006249092094645426,-0.001453224001862799,-0.001453224001862799
9818,-0.0013826450349698751,-0.0011827258181928966,-0.0011827258181928966
9819,-0.00087066782178195,-0.001503877286074031,-0.001503877286074031
9820,-0.0007991172751754957,-0.0012596143598101548,-0.0012596143598101548
9821,-0.00023630178215057506,-0.0013897960949805087,-0.0013897960949805087
9822,-0.00178925297540985,-0.001330499903641089,-0.001330499903641089
9823,-0.0003488722810588,-0.0013416064339080553,-0.0013416064339080553
9824,-0.0016684475841329,-0.001619982546625631,-0.001619982546625631
9825,-0.00096751668365485,-0.0013414723999963002,-0.0013414723999963002
9826,-0.00046366219369260004,-0.001335960113496483,-0.001335960113496483
9827,-0.0010000456605457999,-0.0012870459632170718,-0.0012870459632170718
9828,-0.0011119539114049998,-0.0011976255053944538,-0.0011976255053944538
9829,-0.001456545240594475,-0.0013516481496786345,-0.0013516481496786345
9830,-0.00042131369503920727,-0.001506369126337292,-0.001506369126337292
9831,-0.00086397918787095,-0.0013266394924784225,-0.0013266394924784225
9832,-0.0014099285630848502,-0.0011975349210783482,-0.0011975349210783482
9833,-0.0007742388690546267,-0.0010911603908342839,-0.0010911603908342839
9834,-0.001117558129488625,-0.001290696498616683,-0.001290696498616683
9835,-0.0011855332059888752,-0.0014104980595039905,-0.0014104980595039905
9836,-0.00029700382831377505,-0.0017688274870694249,-0.0017688274870694249
9837,-0.0008794627484418749,-0.0013967801564369064,-0.0013967801564369064
9838,-0.00117023107793085,-0.0016457684440823932,-0.0016457684440823932
9839,-0.00043579233425337493,-0.0013818218723825348,-0.0013818218723825348
9840,-0.0008680996832483499,-0.0013513684486378388,-0.0013513684486378388
9841,-0.0013751464666076749,-0.0015780643110375285,-0.0015780643110375285
9842,-0.00021298137717785,-0.0013851424645695734,-0.0013851424645695734
9843,-0.00159967107310505,-0.0013838769519190722,-0.0013838769519190722
9844,-0.0019087305812323999,-0.0014813917058441154,-0.0014813917058441154
9845,-0.0006184852073661,-0.001320799992519715,-0.001320799992519715
9846,-2.4840173107750017e-05,-0.0013004419393765475,-0.0013004419393765475
9847,-0.00042447657483630005,-0.0013614681857011387,-0.0013614681857011387
9848,-0.00064750355654945,-0.0012313351761871595,-0.0012313351761871595
9849,-0.00113512849441375,-0.0013511240393566006,-0.0013511240393566006
9850,-0.0005139060683505564,-0.0013676026945456555,-0.0013676026945456555
9851,-0.0005723807338073251,-0.0013990284111992128,-0.0013990284111992128
9852,-0.00093977519640845,-0.0013260086078014665,-0.0013260086078014665
9853,-0.000361002200653125,-0.0014057926709190659,-0.0014057926709190659
9854,-1.0764929142925e-05,-0.0013349623113994922,-0.0013349623113994922
9855,-0.0009893628920215748,-0.001243971133316811,-0.001243971133316811
9856,-0.0007003527108586858,-0.0012998205715430847,-0.0012998205715430847
9857,-0.0005486468028772749,-0.0014997676008898062,-0.0014997676008898062
9858,-0.0015244739193643999,-0.0013274709016824517,-0.0013274709016824517
9859,-0.0009321147129815466,-0.0015106651086656381,-0.0015106651086656381
9860,-0.0015069803638083751,-0.0013320002681133597,-0.0013320002681133597
9861,-0.0008133638075007749,-0.0013337080601007495,-0.0013337080601007495
9862,-0.001018941319425975,-0.0016224039934794351,-0.0016224039934794351
9863,-0.001268021959188975,-0.0011904737397524798,-0.0011904737397524798
9864,-0.00012239024491360003,-0.0013919210945330617,-0.0013919210945330617
9865,-0.000629746458846975,-0.0013805815074573505,-0.0013805815074573505
9866,-0.0011099373474521002,-0.001453393562452078,-0.001453393562452078
9867,-0.00138379950195915,-0.001424426742215453,-0.001424426742215453
9868,-0.0007696499223832001,-0.0012359731015121347,-0.0012359731015121347
9869,-0.0014973408034065,-0.001511021098664869,-0.001511021098664869
9870,-0.00032986060314055005,-0.0013977372141252672,-0.0013977372141252672
9871,-0.0008139817822705136,-0.0011493993275180274,-0.0011493993275180274
9872,-0.001268469110399225,-0.0014103950864790466,-0.0014103950864790466
9873,-0.000559012822719125,-0.001095143505843544,-0.001095143505843544
9874,-0.0005050124753758298,-0.001384110671012355,-0.001384110671012355
9875,-0.001276118600574825,-0.0013284731383775641,-0.0013284731383775641
9876,-0.001074467163702125,-0.0013592690052982514,-0.0013592690052982514
9877,-0.0006559289543619,-0.0013210352955800512,-0.0013210352955800512
9878,-0.0014135812311567,-0.001415188792525019,-0.001415188792525019
9879,-0.00036841966660529997,-0.0013115686324358695,-0.0013115686324358695
9880,-0.000526440284455175,-0.0011487071289231878,-0.0011487071289231878
9881,-0.00043973939629896914,-0.0011579402693828811,-0.0011579402693828811
9882,-0.0007973592106334749,-0.0013287052665737471,-0.0013287052665737471
9883,-0.0008201298928909249,-0.001289686600884028,-0.001289686600884028
9884,-0.001313212842045225,-0.0014994912086945774,-0.0014994912086945774
9885,-0.001101552735663575,-0.001529079463081185,-0.001529079463081185
9886,-0.000442203960839075,-0.0013521126249230724,-0.0013521126249230724
9887,-0.000750244891886625,-0.0013241316369239297,-0.0013241316369239297
9888,-0.000557641495483025,-0.001471903181636543,-0.001471903181636543
9889,-0.000835023662314575,-0.0013354713784887646,-0.0013354713784887646
9890,-0.000657323527853475,-0.0011617650204718173,-0.0011617650204718173
9891,-0.000376087179451925,-0.001233006347571015,-0.001233006347571015
9892,0.00018519269092199994,-0.0013520750699999654,-0.0013520750699999654
9893,-0.0009158576424286838,-0.0013398188179359583,-0.0013398188179359583
9894,0.000604966245409975,-0.0013173662207149504,-0.0013173662207149504
9895,-0.001337373650230575,-0.0012785520156647708,-0.0012785520156647708
9896,-0.0009657635968701251,-0.001519957768511022,-0.001519957768511022
9897,-0.00069023085818365,-0.0015212126466107596,-0.0015212126466107596
9898,-0.001683283418148075,-0.0014046332093643778,-0.0014046332093643778
9899,-0.00025764334801185,-0.0012961955404763132,-0.0012961955404763132
9900,-0.000822126768832175,-0.0015200916718103707,-0.0015200916718103707
9901,-0.000468899333455075,-0.0015879217464561772,-0.0015879217464561772
9902,-0.001005834816357125,-0.0014218758286417231,-0.0014218758286417231
9903,-0.0007872388945731,-0.0013265988969934734,-0.0013265988969934734
9904,-0.000707937024360675,-0.0012323782009032544,-0.0012323782009032544
9905,-0.0009080855774924378,-0.0012911053706599826,-0.0012911053706599826
9906,-0.0010433671762555999,-0.0013014192629531179,-0.0013014192629531179
9907,-0.000514878075001525,-0.0013305122246497273,-0.0013305122246497273
9908,-0.00115995438557635,-0.0014508919110758154,-0.0014508919110758154
9909,-0.0006520885391806,-0.0012551511097571618,-0.0012551511097571618
9910,-0.0008859181646461,-0.0012608755853964666,-0.0012608755853964666
9911,-0.000801329412215575,-0.001233098473547341,-0.001233098473547341
9912,-0.0010656127509359001,-0.001314267755189306,-0.001314267755189306
9913,-0.0013618189948654,-0.0013370778336168146,-0.0013370778336168146
9914,-0.0009408845524766498,-0.0014339937987489382,-0.0014339937987489382
9915,-0.0007995068817578249,-0.0013039919506660114,-0.0013039919506660114
9916,-0.00052934646229895,-0.0015536891823874758,-0.0015536891823874758
9917,-0.0007498332855876748,-0.001443879905111307,-0.001443879905111307
9918,-0.00094366432746445,-0.0012813727523395496,-0.0012813727523395496
9919,-0.0006746254533450501,-0.0015142362080971285,-0.0015142362080971285
9920,-0.000428611570500975,-0.001244401957056822,-0.001244401957056822
9921,-0.00026218164911773575,-0.001372415562534251,-0.001372415562534251
9922,-0.000799361945160698,-0.0014009699869219285,-0.0014009699869219285
9923,-0.00018864672963947497,-0.0014033269820627244,-0.0014033269820627244
9924,-0.000979173046565775,-0.0015096594689667478,-0.0015096594689667478
9925,-0.0017023154648161999,-0.001191139538769692,-0.001191139538769692
9926,-0.00025379041334065,-0.0011687919390329937,-0.0011687919390329937
9927,-0.00072595771055475,-0.001248146034725018,-0.001248146034725018
9928,-0.001163544910423675,-0.001517110777901372,-0.001517110777901372
9929,-0.0002009834183385,-0.0011948853773268103,-0.0011948853773268103
9930,-0.00034421165553497496,-0.0012190509705462145,-0.0012190509705462145
9931,-0.0018389873658383501,-0.0013162115190780226,-0.0013162115190780226
9932,0.00011979367735165,-0.001252298100207644,-0.001252298100207644
9933,-0.000167894197842059,-0.001318656022136758,-0.001318656022136758
9934,-0.000503931032264075,-0.0013294156373639052,-0.0013294156373639052
9935,-0.000522574387658725,-0.0015019207428369952,-0.0015019207428369952
9936,-0.0011358208455929835,-0.00162338687023099,-0.00162338687023099
9937,-0.0005557285983773052,-0.0012870209081776898,-0.0012870209081776898
9938,-0.0006570622469794425,-0.0014129922703303365,-0.0014129922703303365
9939,-0.001984223676678325,-0.0011909538702153182,-0.0011909538702153182
9940,-0.00011526169623545,-0.0014202964093569727,-0.0014202964093569727
9941,-0.0007433187944914,-0.0013260956715096903,-0.0013260956715096903
9942,0.00010072860720947494,-0.0013570085924567113,-0.0013570085924567113
9943,-0.00076401778599345,-0.001166597299516986,-0.001166597299516986
9944,-0.00068264102356565,-0.0012406849000100605,-0.0012406849000100605
9945,-0.0005110273102564571,-0.001230041776449073,-0.001230041776449073
9946,-0.0014102573496869693,-0.0015945838929925054,-0.0015945838929925054
9947,-0.00170546281316685,-0.0014168085308456843,-0.0014168085308456843
9948,-0.001078539639646175,-0.0010499466228349695,-0.0010499466228349695
9949,-0.0013539266359760501,-0.0012962960136821723,-0.0012962960136821723
9950,-0.000469372161211675,-0.0010757287572237294,-0.0010757287572237294
9951,-0.001495209082073225,-0.0012697754984853672,-0.0012697754984853672
9952,-0.0006915773927811789,-0.0014442475844558236,-0.0014442475844558236
9953,-0.0007424496451658249,-0.001369755361702318,-0.001369755361702318
9954,-0.00043671601098904997,-0.0013270741171999357,-0.0013270741171999357
9955,-0.002066114486429425,-0.0013343708721467093,-0.0013343708721467093
9956,-0.0012332443279024002,-0.001588443045224807,-0.001588443045224807
9957,-0.001552187713651325,-0.0015096622068636585,-0.0015096622068636585
9958,-0.0010488170120501249,-0.0013010400470166482,-0.0013010400470166482
9959,-0.0016672153971481,-0.0014418350395351302,-0.0014418350395351302
9960,-0.00121963597265375,-0.0013643113694395662,-0.0013643113694395662
9961,-0.00181019143975835,-0.0013669138946709152,-0.0013669138946709152
9962,-0.0009925526897021,-0.0013302049994876504,-0.0013302049994876504
9963,-0.00017907816378617502,-0.0013603147529721046,-0.0013603147529721046
9964,-0.0005978324542103201,-0.0013253812945156589,-0.0013253812945156589
9965,-0.0005721881564916501,-0.0014444843794388254,-0.0014444843794388254
9966,-0.000835986209365375,-0.001242975974530737,-0.001242975974530737
9967,-0.001186977068026775,-0.001357358902919028,-0.001357358902919028
9968,-0.0018891120662489751,-0.0016467043320259546,-0.0016467043320259546
9969,-0.00129921294478295,-0.0014751473170083762,-0.0014751473170083762
9970,-0.00081043284718785,-0.0012756064368424028,-0.0012756064368424028
9971,-0.000976132023642175,-0.0012001776065577643,-0.0012001776065577643
9972,-0.000538865477688075,-0.0014274194472979715,-0.0014274194472979715
9973,-0.002525145094963025,-0.0013901646634688492,-0.0013901646634688492
9974,-0.000252828801670125,-0.0012657490245733883,-0.0012657490245733883
9975,-0.0005297832351807501,-0.0010707998690532787,-0.0010707998690532787
9976,-0.0008765366068083,-0.0016124250173337954,-0.0016124250173337954
9977,7.103820765205001e-05,-0.0012813343051699686,-0.0012813343051699686
9978,-0.0012185116881565,-0.0014831443210417234,-0.0014831443210417234
9979,-0.001493909555323675,-0.001341412298920454,-0.001341412298920454
9980,-0.0006885090567095001,-0.0012576285116699813,-0.0012576285116699813
9981,-0.002134317234934325,-0.0013344549390371513,-0.0013344549390371513
9982,-0.000976740262083825,-0.001407593369016067,-0.001407593369016067
9983,-0.0006921016595289749,-0.001324328620729677,-0.001324328620729677
9984,-0.000195341206446775,-0.0013713192422516196,-0.0013713192422516196
9985,0.000670737342635425,-0.0013666600222157193,-0.0013666600222157193
9986,-0.00131899232008665,-0.0013955735708174209,-0.0013955735708174209
9987,-0.0006038198553726251,-0.0013025562853704738,-0.0013025562853704738
9988,-0.0008831005134221749,-0.00153505513590073,-0.00153505513590073
9989,-0.001301871815732075,-0.001370136766400464,-0.001370136766400464
9990,-0.000511135508723925,-0.0013468397977822498,-0.0013468397977822498
9991,-0.0008215993277018278,-0.0014379687211119917,-0.0014379687211119917
9992,-0.000865573953423775,-0.0013614550259743678,-0.0013614550259743678
9993,-0.0015557279615255751,-0.0016877559128784716,-0.0016877559128784716
9994,-0.000597034141064475,-0.0014287036253460967,-0.0014287036253460967
9995,-0.001612063909807,-0.0015572799638944714,-0.0015572799638944714
9996,-0.0003973743315120686,-0.0011943439998368228,-0.0011943439998368228
9997,-0.000944218740311267,-0.0016819352698175802,-0.0016819352698175802
9998,-0.00010247392465902495,-0.0011381801774056647,-0.0011381801774056647
9999,-0.000507666613186175,-0.0014316260482143785,-0.0014316260482143785
