replicate,confidence_aurc_60_100,confidence_error_rate_80,confidence_fnr_80,confidence_grade0_minus_grade4_gap_80,confidence_nonref_minus_ref_gap_80,joint_aurc_60_100,joint_error_rate_80,joint_fnr_80,joint_grade0_minus_grade4_gap_80,joint_nonref_minus_ref_gap_80,quality_aurc_60_100,quality_error_rate_80,quality_fnr_80,quality_grade0_minus_grade4_gap_80,quality_nonref_minus_ref_gap_80,protected_aurc_60_100,protected_error_rate_80,protected_fnr_80,protected_grade0_minus_grade4_gap_80,protected_nonref_minus_ref_gap_80,delta_joint_minus_confidence_aurc_60_100,delta_joint_minus_confidence_error_rate_80,delta_joint_minus_confidence_fnr_80
0,0.1402385648333738,0.1403209286445886,0.09289617486338798,-0.17883663366336644,-0.1384211510881087,0.13781616312248862,0.1389552748378286,0.08464730290456432,-0.01268564356435642,-0.05164931096838565,0.17837145619058267,0.17651075452372825,0.14688128772635814,0.31748487348734866,0.1892567188376878,0.1854815518409972,0.1905087060430181,0.05355776587605203,-0.1291254125412541,-0.16810625428696135,-0.0024224017108851748,-0.0013656538067599866,-0.008248871958823664
1,0.1486094605591303,0.14680778422669855,0.10716981132075472,-0.1470588235294118,-0.14422594226173668,0.14658665271849258,0.14202799590303858,0.0944,0.013725490196078494,-0.059483709528371675,0.18767932375188145,0.18572891771935815,0.15728155339805824,0.2910364145658263,0.1890935064894994,0.19531382980775577,0.20143393649709798,0.0695266272189349,-0.1432306255835667,-0.17473314604574808,-0.0020228078406377137,-0.004779788323659967,-0.01276981132075472
2,0.14599790414717917,0.14202799590303858,0.11613876319758673,-0.1493542614851986,-0.15377852627830368,0.1434590052987214,0.13827244793444862,0.11243072050673,-0.008237056054770986,-0.08246097575451816,0.18784110188433076,0.18607033117104813,0.16875602700096431,0.28876959582992956,0.17337658644191867,0.19201292551099722,0.19767838852850803,0.07094846900672143,-0.13734780410005054,-0.16849484622765631,-0.00253889884845776,-0.003755547968589956,-0.0037080426908567277
3,0.13492164797614598,0.13417548651416866,0.09732540861812779,-0.1758217557166427,-0.15672830950509975,0.13199792823262713,0.13212700580402867,0.08963367108339829,-0.049159767377623176,-0.0857173109354401,0.17048659518576323,0.16387845681119836,0.13815789473684212,0.2819202544213929,0.16113044599718607,0.17713518827292685,0.1816319562990782,0.05967976710334789,-0.18926323804973466,-0.18828875331383732,-0.002923719743518849,-0.0020484807101399938,-0.007691737534729501
4,0.14236704035799064,0.1406623420962786,0.09930178432893716,-0.1619546080691855,-0.12682090033750248,0.14185391459163801,0.13861386138613863,0.09315746084089035,-0.021810152411400274,-0.04048726920786183,0.17921493326110974,0.17343803345851827,0.15612648221343872,0.29224830756311193,0.18784246575342467,0.18665478792224122,0.1891430522362581,0.06605922551252848,-0.1303949878822256,-0.1586280275957911,-0.0005131257663526234,-0.002048480710139966,-0.0061443234880468045
5,0.1373791368481642,0.13622396722430863,0.08856926570779712,-0.1432533539731683,-0.13504956354490305,0.13881176863146832,0.13622396722430863,0.08507223113964688,-0.0056329549363605125,-0.050393919218819305,0.18218340798153135,0.1819733697507682,0.1487279843444227,0.30274982800137606,0.20244427183508418,0.18502514787591517,0.1874359849778081,0.047619047619047616,-0.15961472308221536,-0.16101062780490216,0.0014326317833041335,0.0,-0.003497034568150245
6,0.15276917819305508,0.1502219187435985,0.10653188180404355,-0.16560724413101002,-0.15553864279925156,0.15376719549562243,0.15602594742232845,0.09666666666666666,0.010072420227064338,-0.05706429293283033,0.1965534799563464,0.19631273472174804,0.1514543630892678,0.2560534665781179,0.17538097477511738,0.20407002225899293,0.20894503243427792,0.057736720554272515,-0.16076341671673888,-0.1704243003371989,0.00099801730256735,0.00580402867872995,-0.009865215137376884
7,0.13457752645246837,0.12905428473881872,0.10113207547169811,-0.14997187136350676,-0.1460938090821119,0.1349794119194925,0.13451689996585867,0.10199203187250996,0.017428194912184614,-0.06696834394914286,0.17701321622986393,0.17514510071696826,0.1532567049808429,0.2964681221630536,0.171538415237378,0.1825184665395893,0.18436326391259816,0.05812220566318927,-0.15311418685121103,-0.16530999347154718,0.0004018854670241323,0.005462615227039946,0.000859956400811851
8,0.13696877791277642,0.13724820757937864,0.10052910052910052,-0.1859358518576396,-0.15225808526640805,0.13811074380083355,0.13724820757937864,0.09350237717908082,-0.04853303121459551,-0.08317519891536695,0.18659603862882687,0.18504609081597814,0.16288252714708787,0.2959331171621674,0.19881887815691546,0.18507295006812877,0.18675315807442813,0.054969879518072286,-0.15028714302457324,-0.1579206169345262,0.0011419658880571226,0.0,-0.007026723350019706
9,0.15300405364477243,0.1498805052919085,0.11322188449848024,-0.18482861980596732,-0.15466338068556107,0.1519364380872748,0.1505633321952885,0.10832659660468877,-0.015313243639026197,-0.06498151635628091,0.19642625394931257,0.19358142710822807,0.17344961240310078,0.31215106168771733,0.16773724551083835,0.2016745713316436,0.20416524411061795,0.06920152091254753,-0.1471490023796449,-0.15352816721303852,-0.0010676155574976254,0.0006828269033800072,-0.0048952878937914696
10,0.13542465863119116,0.13212700580402867,0.09705882352941177,-0.14166195590729225,-0.15110874122016693,0.1357719515117186,0.13417548651416866,0.09735202492211838,0.017637083097795436,-0.06581963495507415,0.17860442467315302,0.17480368726527826,0.14972273567467653,0.260712266817411,0.16086983169688274,0.18030202087346367,0.18436326391259816,0.05755395683453238,-0.17682306387789715,-0.18477549369322988,0.00034729288052745555,0.0020484807101399938,0.00029320139270661016
11,0.1427630438274669,0.1403209286445886,0.10444444444444445,-0.19235501432346191,-0.1724733531728584,0.14395605164605457,0.1399795151928986,0.0997643362136685,-0.023766199594570048,-0.08547132756660358,0.18742359756621366,0.1812905428473882,0.1560418648905804,0.24914670708612974,0.1653656813241572,0.19117181219567211,0.19631273472174804,0.06939371804236669,-0.1713219462119724,-0.1939413854653108,0.0011930078185876658,-0.00034141345168997583,-0.004680108230775956
12,0.1475532743847253,0.14339364970979857,0.10558069381598793,-0.20401186790505677,-0.14722417286972567,0.14997512059748996,0.14749061113007852,0.09777424483306836,-0.01738261093911242,-0.07035943531198441,0.19700057814169455,0.19016729259132809,0.1603864734299517,0.3156604747162023,0.18171168932590254,0.19814945321565955,0.20177534994878799,0.0605833956619297,-0.1670859133126935,-0.15965817453347797,0.0024218462127646723,0.00409696142027996,-0.007806448982919573
13,0.14819769934420174,0.14544213041993856,0.09696969696969697,-0.1703779503843732,-0.15637717041641264,0.14626146846981303,0.1410037555479686,0.09538950715421304,-0.02464089179671125,-0.0860403128671059,0.18999107781425778,0.1891430522362581,0.1596884128529698,0.2838828137899001,0.17602120477627925,0.19771442453858779,0.20143393649709798,0.06006006006006006,-0.1753257238862974,-0.16999075574853661,-0.0019362308743887113,-0.004438374871969963,-0.0015801898154839261
14,0.15080200343050143,0.14749061113007852,0.1031390134529148,-0.16941605261072812,-0.1477110398454604,0.15211481869644455,0.15329463980880847,0.0936,0.023014552465467575,-0.04852107358942803,0.19013485860230875,0.18333902355752818,0.15289648622981955,0.3007210205213533,0.17352919177919013,0.19612578236448105,0.198702628883578,0.060178306092124816,-0.14981380239283737,-0.15672830950509975,0.0013128152659431236,0.00580402867872995,-0.009539013452914802
15,0.1364825815089818,0.13588255377261865,0.10291970802919707,-0.14789460181180236,-0.15031193008363486,0.1359798106562498,0.13383407306247866,0.09814528593508501,0.011461980696752527,-0.06522113328227497,0.1724008800760296,0.1693410720382383,0.1559040590405904,0.28232896462757595,0.16989817366885118,0.17626361463394144,0.1795834755889382,0.06326383896477354,-0.1275398296602238,-0.17382386077874745,-0.0005027708527319819,-0.0020484807101399938,-0.004774422094112066
16,0.14259066019481662,0.1392966882895186,0.0962686567164179,-0.16009072266544933,-0.16023767981461412,0.14511847529364247,0.14510071696824856,0.09062003179650238,0.0373759990724839,-0.06760523581657862,0.19206546906087893,0.1898258791396381,0.15259117082533588,0.28387064049332267,0.17640217764166144,0.19227940289414303,0.19289860020484806,0.0556792873051225,-0.14462004449178645,-0.16814532747298305,0.002527815098825853,0.00580402867872995,-0.005648624919915524
17,0.1461745920849807,0.14441789006486855,0.10439970171513796,-0.15725553977489648,-0.13347534556445873,0.14734852450642058,0.14441789006486855,0.10078740157480315,0.0262328003543012,-0.05373852411958957,0.19252326075202483,0.1894844656879481,0.16177861873226113,0.30719979841480727,0.1854719402150179,0.19482373766340327,0.198361215431888,0.0620891161431702,-0.1626693239260244,-0.1649208526131396,0.0011739324214398716,0.0,-0.003612300140334812
18,0.1372494813079928,0.13622396722430863,0.10200927357032458,-0.20244492830835514,-0.16852897946510614,0.13454329296604958,0.1283714578354387,0.0874897792313982,-0.0523016994432991,-0.0871499790920176,0.17639963522746557,0.1724137931034483,0.1393939393939394,0.2503300826944014,0.17991068410417432,0.18260700845264924,0.18368043700921816,0.049766718506998445,-0.13307351385575195,-0.15935951463433562,-0.002706188341943222,-0.007852509388869916,-0.01451949433892638
19,0.14610404654611617,0.14475930351655855,0.10411810411810411,-0.13845486622158898,-0.1547761026102611,0.1479357565211981,0.15090474564697848,0.11028192371475953,0.05095040170809351,-0.06207245724572463,0.19086380024259586,0.18846022533287812,0.1617195496417605,0.3207031755937312,0.20001562656265626,0.1958756382025795,0.199044042335268,0.060324825986078884,-0.0989885669206042,-0.16164303930393042,0.0018317099750819188,0.006145442130419926,0.0061638195966554205
20,0.14891334785772073,0.15158757255035848,0.12295081967213115,-0.15614577892072168,-0.1457088969599205,0.14953813534372737,0.14783202458176853,0.10488958990536278,0.00206767924351392,-0.062413473431579214,0.19668018833731724,0.19016729259132809,0.16999050332383667,0.2576144171655884,0.17959350033319643,0.19614635656493026,0.200751109593718,0.07270029673590504,-0.14681024899211104,-0.15246257994870493,0.0006247874860066394,-0.003755547968589956,-0.01806122976676837
21,0.13285663992437508,0.1297371116421987,0.10959885386819485,-0.1567341035426142,-0.14997331240904554,0.13275975439917564,0.12700580402867873,0.10075757575757575,0.02757767438618508,-0.06532970199617094,0.1780175777834983,0.17446227381358825,0.17387387387387387,0.3058480143586527,0.16855395835519282,0.1733687340365631,0.1724137931034483,0.06120996441281139,-0.1412079390802795,-0.15999689785267546,-9.68855251994305e-05,-0.002731307613519973,-0.008841278110619091
22,0.15237583237214553,0.1488562649368385,0.10716981132075472,-0.15353544531066377,-0.14422594226173668,0.1515378088920636,0.1495390918402185,0.10660302307080351,0.04092935429904376,-0.06739298458348564,0.1906819440181207,0.18811881188118812,0.17077798861480076,0.2756203497225882,0.1619759920148226,0.19755581351478915,0.19801980198019803,0.06282722513089005,-0.13472990615994485,-0.15778469949907514,-0.000838023480081912,0.0006828269033799794,-0.0005667882499512111
23,0.1517278946759073,0.14919767838852852,0.11271896420411272,-0.15313440167004355,-0.14468050861097692,0.14685807318434413,0.14510071696824856,0.10097719869706841,0.0028734573586296497,-0.048334757146925256,0.18261078494095626,0.17651075452372825,0.15354713313896987,0.21234113096334495,0.17722764922185497,0.1946825811962787,0.19801980198019803,0.05922551252847381,-0.18137778596426601,-0.14921442632693238,-0.0048698214915631755,-0.00409696142027996,-0.01174176550704431
24,0.14831290521718923,0.14236940935472858,0.09146341463414634,-0.1595506579041156,-0.15861345320898468,0.14876834161020008,0.14714919767838852,0.08766233766233766,0.015695610646214386,-0.06761332150480726,0.1904961845618261,0.1888016387845681,0.14720314033366044,0.320084964431836,0.17467452915756543,0.19667053662416326,0.198361215431888,0.05275056518462698,-0.18003620967397038,-0.17567597790351797,0.0004554363930108496,0.004779788323659939,-0.0038010769718086757
25,0.15161042128628988,0.1485148514851485,0.10541945063103192,-0.16464820292533366,-0.14669452513019499,0.15319129692201874,0.15227039945373846,0.10250391236306729,0.001163075300113281,-0.06910170273803362,0.198354638613068,0.1911915329463981,0.17212347988774557,0.2872568309328698,0.1659258317541651,0.19873659094044085,0.199044042335268,0.06411201179071481,-0.13433045378910202,-0.15793986170876917,0.0015808756357288678,0.003755547968589956,-0.002915538267964632
26,0.1555913234431099,0.15602594742232845,0.11285266457680251,-0.14130434782608692,-0.14028751358848446,0.15243843465946105,0.1485148514851485,0.10817506193228736,-0.01334607421563938,-0.06593195136884455,0.19111781746828374,0.18470467736428817,0.16913946587537093,0.2679168657429527,0.162854393922355,0.1988419672735578,0.20177534994878799,0.06411258795934324,-0.12361841057493239,-0.14371930876785255,-0.0031528887836488606,-0.00751109593717994,-0.0046776026445151525
27,0.15211673207211765,0.14919767838852852,0.11187739463601533,-0.17529341127424325,-0.14593754004469806,0.15120612272476258,0.15329463980880847,0.11291632818846466,-0.0183410367953597,-0.06185709352362623,0.1916936279352583,0.18846022533287812,0.17378640776699028,0.27917119811491753,0.16652357878360924,0.19691554785642973,0.19938545578695802,0.06646294881588999,-0.14596927678085925,-0.15048242904583709,-0.000910609347355068,0.00409696142027996,0.0010389335524493282
28,0.14403016601661475,0.13793103448275862,0.093519882179676,-0.15686392093837698,-0.14978938324831315,0.14330971947218296,0.1389552748378286,0.09217660728117738,-0.01864829023072201,-0.07458649815283147,0.1806698198466896,0.17651075452372825,0.1580916744621141,0.29705335083252515,0.17459321067100353,0.18975503567615934,0.19324001365653806,0.0666183924692252,-0.1485301021509614,-0.17560529902735922,-0.0007204465444317909,0.001024240355069983,-0.0013432748984986143
29,0.1433451543977631,0.14373506316148857,0.10874524714828897,-0.16879290617848974,-0.15070484319469435,0.14463484532981422,0.14475930351655855,0.10260586319218241,0.010469107551487444,-0.05200634953679606,0.18415741506657402,0.1806077159440082,0.15467980295566502,0.2771453089244852,0.18963479010840312,0.19048470132825268,0.1905087060430181,0.05753217259651779,-0.12285469107551483,-0.15751163586075623,0.001289690932051113,0.001024240355069983,-0.006139383956106553
30,0.14582919292591454,0.14475930351655855,0.11863117870722434,-0.18228665930060695,-0.1677149042588929,0.14742808067994662,0.1498805052919085,0.11495176848874598,-0.034363385900213816,-0.08684135219538902,0.19027646515754526,0.18675315807442813,0.17543859649122806,0.26510460761382715,0.16147462456297512,0.19290044433274345,0.19221577330146808,0.06985573272589218,-0.14792147971702851,-0.1699930324860338,0.00159888775403208,0.005121201775349943,-0.0036794102184783545
31,0.1382361588444063,0.13485831341754864,0.09124087591240876,-0.16862812440373975,-0.1475483976639067,0.14148852170032816,0.13861386138613863,0.0882800608828006,-0.016741079946575033,-0.08488262084442577,0.18848066211833536,0.18504609081597814,0.13796296296296295,0.2760236596069452,0.17697080372269036,0.18630953767690278,0.19358142710822807,0.05903271692745377,-0.18475672581568403,-0.1878335399050015,0.00325236285592187,0.003755547968589984,-0.002960815029608155
32,0.14169114504306296,0.1389552748378286,0.09970014992503748,-0.19130174221993923,-0.17983700779581901,0.1426795686580045,0.14305223625810856,0.09417398244213887,-0.028448735460421593,-0.08778241223496697,0.18646331482239403,0.18572891771935815,0.15588235294117647,0.2756283782994968,0.1770166095635335,0.19381115763954265,0.200409696142028,0.057057057057057055,-0.1615765981375331,-0.17756405481900783,0.0009884236149415304,0.00409696142027996,-0.0055261674828986085
33,0.14392115123445584,0.14168658245134857,0.09970014992503748,-0.17519732470775495,-0.1760441187778905,0.1429247897043367,0.13861386138613863,0.09141494435612083,0.0046437933073884,-0.08974882112621207,0.1880514847753549,0.18607033117104813,0.14511352418558737,0.30143767751922135,0.1884399673561724,0.19184114197364302,0.19494708091498805,0.054355919583023084,-0.15588834451689215,-0.18626329876295766,-0.0009963615301191442,-0.003072721065209949,-0.008285205568916654
34,0.15018145723877463,0.14714919767838852,0.11205564142194745,-0.16627940749346493,-0.15231436327540926,0.14753010759584242,0.14373506316148857,0.10299003322259136,0.008024870644678939,-0.04958261134650033,0.19184838030286402,0.1894844656879481,0.16700201207243462,0.3149277654069986,0.19012480982095348,0.19668185029018073,0.19767838852850803,0.06491499227202473,-0.1636008648788202,-0.15231436327540926,-0.0026513496429322048,-0.0034141345168999526,-0.00906560819935609
35,0.14697361425222275,0.14510071696824856,0.1125,-0.19079920930419503,-0.18138861761536695,0.1467052524549075,0.1488562649368385,0.1029535864978903,-0.017006902145913383,-0.07165216930495943,0.18828689013609956,0.18402185046090816,0.15025906735751296,0.3197732413047212,0.18247434257177386,0.19840008710928175,0.198702628883578,0.05435651478816946,-0.1577153129715766,-0.14789012286797942,-0.00026836179731523635,0.003755547968589956,-0.009546413502109705
36,0.14029789378130644,0.14202799590303858,0.10695970695970695,-0.22424724764557624,-0.16786758563074355,0.14154845994007492,0.13758962103106862,0.10178710178710179,-0.04177388689923511,-0.08013723033072873,0.18436024614534807,0.1816319562990782,0.15874524714828897,0.29950037582349565,0.18417858371418738,0.18580774366994604,0.1898258791396381,0.060539752005835154,-0.19121899456161295,-0.1746160744999754,0.001250566158768479,-0.004438374871969963,-0.005172605172605163
37,0.1535235093673712,0.1481734380334585,0.11501120238984316,-0.14844517184942718,-0.15536691818316317,0.15589070774375272,0.15466029361556846,0.1111111111111111,-0.010474631751227426,-0.07635498347881842,0.20132008915861221,0.199044042335268,0.17511961722488037,0.30099412014305627,0.17648320757508507,0.20242529226217035,0.20553089791737794,0.06686701728024042,-0.11178396072013097,-0.14633698278838092,0.002367198376381524,0.006486855582109957,-0.0039000912787320596
38,0.14854548014681462,0.1481734380334585,0.11926605504587157,-0.1813108599585468,-0.15311895877878245,0.147064283092511,0.14305223625810856,0.10500410172272355,-0.0034081576786203494,-0.05190423174687464,0.1916191100417769,0.18846022533287812,0.1681592039800995,0.2942063274803488,0.1914660107792855,0.19534104855438827,0.198361215431888,0.06748466257668712,-0.12706777208556574,-0.14856998228296625,-0.0014811970543036346,-0.005121201775349943,-0.014261953323148016
39,0.15011564079789064,0.1498805052919085,0.1110277569392348,-0.1956392937551843,-0.1701806664504777,0.14851441204645616,0.14680778422669855,0.10853950518754989,-0.018197823032519045,-0.07944324838469996,0.19124037063857222,0.18777739842949812,0.16810758885686838,0.25448738566406537,0.1610109094896114,0.19791281268478053,0.20314100375554797,0.06912096168294515,-0.18195565938189473,-0.16791223099883323,-0.0016012287514344803,-0.003072721065209949,-0.0024882517516849195
40,0.13337547869640706,0.1317855923523387,0.10258358662613981,-0.18913170566606663,-0.16505815023096004,0.132662140364446,0.13110276544895869,0.09313725490196079,0.01178058799095405,-0.06036038723727988,0.17106396871603508,0.1707067258449983,0.13609467455621302,0.29742234734850237,0.17862363698742523,0.17684489475954848,0.1785592352338682,0.0518018018018018,-0.16622821187366355,-0.1832664568385567,-0.0007133383319610498,-0.0006828269033800072,-0.009446331724179025
41,0.14895115719000726,0.14749061113007852,0.10975609756097561,-0.1629061429725881,-0.1454232417568807,0.15029182967427104,0.14749061113007852,0.09698451507742462,0.026218909939840218,-0.04903572224837127,0.1932964502957956,0.1911915329463981,0.168141592920354,0.2976949422132147,0.18909814947853443,0.19708024354650175,0.198702628883578,0.06485671191553545,-0.14352416013545588,-0.161298833205341,0.001340672484263783,0.0,-0.012771582483550994
42,0.14457608706598235,0.14441789006486855,0.0962278675904542,-0.15147757647757643,-0.14571182446038866,0.14342010747233755,0.1396381017412086,0.08340147179067865,-0.001470151470151504,-0.05922236807430503,0.18962293045277737,0.18333902355752818,0.14579256360078277,0.25810810810810814,0.1695194836836269,0.19684181867375958,0.20143393649709798,0.05801526717557252,-0.11283041283041284,-0.1582300352531114,-0.0011559795936448014,-0.004779788323659939,-0.012826395799775542
43,0.14433548081493422,0.14305223625810856,0.10872894333843798,-0.16417313883816265,-0.14519148851707775,0.14280537523457856,0.14407647661317857,0.10285714285714286,0.0277679992372738,-0.05319847400924893,0.18529649029491743,0.18436326391259816,0.1614785992217899,0.2678103892103585,0.17053762300361897,0.1921536469072365,0.19494708091498805,0.061607813673929375,-0.16194363160326497,-0.17358439422937066,-0.0015301055803556562,0.0010242403550700108,-0.005871800481295125
44,0.1483439063871348,0.14646637077500854,0.09687034277198212,-0.1655144400019115,-0.13829492080561956,0.1482914583689221,0.14714919767838852,0.08664546899841018,-0.0014734695828090283,-0.04388775537763112,0.1887244113753625,0.18436326391259816,0.15120593692022263,0.2791826624400656,0.1584133133966299,0.19574805287805738,0.199726869238648,0.0625,-0.16592462207496372,-0.17650734490742448,-5.244801821269185e-05,0.0006828269033799794,-0.010224873773571938
45,0.15747391242130707,0.15431888016387846,0.1126984126984127,-0.15156733347081874,-0.13431049055189392,0.15604691976707416,0.15534312051894844,0.10219594594594594,0.01637622877569267,-0.04709151517867527,0.19627693852707775,0.19324001365653806,0.16495901639344263,0.3121330858596274,0.19161304900066034,0.20665974447096133,0.21235916695117787,0.06834249803613511,-0.12595036777342405,-0.14922952581310256,-0.0014269926542329059,0.001024240355069983,-0.010502466752466758
46,0.14216780482684885,0.14168658245134857,0.1019786910197869,-0.13856574392241827,-0.14581398803996581,0.14164727547313288,0.13827244793444862,0.09824281150159744,0.010429719103906443,-0.07553826344265746,0.19134753692695794,0.18846022533287812,0.16370808678500987,0.29366309714040395,0.19422984065668758,0.19305671422337584,0.19733697507681802,0.060948081264108354,-0.15139512399165622,-0.16281617947479843,-0.000520529353715965,-0.0034141345168999526,-0.003735879518189461
47,0.15587274835275838,0.15431888016387846,0.10916030534351145,-0.1693367709469875,-0.15633844991638035,0.1530745684581109,0.15124615909866848,0.108,-0.037444232613582984,-0.0880883511382472,0.19096103014899563,0.18607033117104813,0.16746871992300288,0.2682387018866752,0.15192449623152104,0.20295918023992543,0.20484807101399796,0.0696442089326268,-0.14130455885036675,-0.16885096802570465,-0.002798179894647479,-0.003072721065209977,-0.0011603053435114558
48,0.15383057437001996,0.1502219187435985,0.10432766615146831,-0.18147255626783965,-0.15421358887831704,0.15311682261920512,0.1505633321952885,0.10074318744838975,-0.030321463665715198,-0.059427057069446954,0.18760717732730442,0.1816319562990782,0.158,0.2846887526710652,0.18153629487840373,0.1987768530878262,0.199044042335268,0.05918524212144504,-0.16355497325035484,-0.16220763372966762,-0.0007137517508148394,0.0003414134516900036,-0.0035844787030785558
49,0.13925670550445918,0.13588255377261865,0.09083910700538876,-0.16315981311508,-0.1523289709386385,0.13662267737875117,0.1314441789006487,0.08285946385052803,-0.03934487189399538,-0.07481872639241016,0.17851668076394636,0.17309662000682827,0.14456630109670987,0.28714595506073026,0.18506856414494421,0.18808421117631396,0.19392284055991807,0.05098934550989345,-0.16513138274959405,-0.16942681900030665,-0.00263402812570801,-0.004438374871969963,-0.00797964315486073
50,0.14022738677360663,0.13758962103106862,0.0915915915915916,-0.14254639480890363,-0.14280796345592184,0.13917397396136774,0.13622396722430863,0.09040880503144653,0.0032032109295100364,-0.07515153567958954,0.1814910317343219,0.17753499487879823,0.16076555023923444,0.3460923808838827,0.18081528274086744,0.18567271651957754,0.1898258791396381,0.06060606060606061,-0.12766005967866145,-0.16648771317763822,-0.0010534128122388908,-0.0013656538067599866,-0.0011827865601450605
51,0.14869786699525642,0.14783202458176853,0.10494296577946768,-0.18578358440270293,-0.1639201310679853,0.15022946036866205,0.14680778422669855,0.09387755102040816,-0.0297060008678941,-0.0614984064002545,0.19496472665684786,0.19255718675315808,0.16157635467980297,0.2747776021325399,0.1774856178244505,0.1999114126270038,0.200068282690338,0.060836501901140684,-0.1662908375178228,-0.1639201310679853,0.0015315933734056375,-0.001024240355069983,-0.01106541475905952
52,0.14154842540024995,0.1389552748378286,0.11595273264401773,-0.18725779878251592,-0.1536376140592186,0.14042114176747048,0.13519972686923865,0.10850897736143637,-0.033171414648484276,-0.0715622582190183,0.1832236847921479,0.17890064868555822,0.17476635514018693,0.2727794837681675,0.16566924975745145,0.18361944386306797,0.1874359849778081,0.07263389581804842,-0.16558054809990486,-0.16375649354636668,-0.0011272836327794744,-0.003755547968589956,-0.0074437552825813574
53,0.1391360544488693,0.13588255377261865,0.10037174721189591,-0.15906746060990162,-0.14722828545021927,0.14034640468652498,0.13793103448275862,0.10142630744849446,0.034281176765369126,-0.05383839203193519,0.18403785839538353,0.18333902355752818,0.1622889305816135,0.327455524931095,0.1666967779678682,0.18573520808877475,0.1905087060430181,0.06569343065693431,-0.1696777307766002,-0.17535777141958186,0.0012103502376556718,0.002048480710139966,0.0010545602365985424
54,0.13599283673153592,0.13417548651416866,0.09828393135725429,-0.14844132452777914,-0.14620066039624402,0.13288919599542373,0.1293956981905087,0.0872093023255814,0.046192213550085404,-0.05699563743727787,0.17246380666869418,0.1703653123933083,0.15307150050352467,0.3854431256638803,0.1843153862081307,0.17925488808810128,0.18333902355752818,0.054657428791377985,-0.13379208423775002,-0.1656427807847366,-0.00310364073611219,-0.004779788323659967,-0.011074629031672889
55,0.14554634497440713,0.14475930351655855,0.10846153846153846,-0.21979844319933817,-0.15631354285030796,0.14350993023150965,0.14407647661317857,0.10462287104622871,-0.04185687962997786,-0.07988956003428827,0.1752141999834718,0.1686582451348583,0.14410905550146055,0.2537397059376527,0.15508567071347412,0.18896194164016153,0.1898258791396381,0.06030534351145038,-0.18947091339826272,-0.167720107449714,-0.00203641474289748,-0.0006828269033799794,-0.003838667415309749
56,0.145534290583773,0.14373506316148857,0.09408194233687406,-0.13106582612520168,-0.13352328091273513,0.1442700739645647,0.14373506316148857,0.08966074313408724,0.05085275863754091,-0.04318717237126124,0.1830561707103765,0.17753499487879823,0.14561234329797493,0.3572008014465131,0.18378230033919207,0.1912247230005794,0.19631273472174804,0.060178306092124816,-0.1458241704539901,-0.16514091890225102,-0.0012642166192083082,0.0,-0.004421199202786816
57,0.1457496661443132,0.14612495732331854,0.09925373134328358,-0.1548022598870057,-0.14903431891479357,0.1434882203078768,0.14236940935472858,0.09448818897637795,0.00790960451977396,-0.07014882197986161,0.18113429591553648,0.17685216797541822,0.150997150997151,0.3073799435028248,0.17439621851842735,0.19108617404039163,0.19494708091498805,0.06254598969830757,-0.15992231638418075,-0.17044609665427513,-0.002261445836436393,-0.003755547968589956,-0.0047655423669056285
58,0.14216304031299246,0.1413451689996586,0.10156833457804332,-0.16274670211678077,-0.14140440969709267,0.13950026672870766,0.13383407306247866,0.09482758620689655,-0.013344922793741776,-0.07050444611420215,0.181125982097274,0.17616934107203824,0.15944700460829492,0.24471984708205186,0.14444623712916405,0.1879460578956294,0.19255718675315808,0.0668626010286554,-0.16793049470214827,-0.16616312713873682,-0.0026627735842847944,-0.00751109593717994,-0.006740748371146771
59,0.15080243370810295,0.1488562649368385,0.10584752035529238,-0.16813692514677103,-0.15490916466526228,0.15221405042868227,0.14646637077500854,0.1014832162373146,0.005144630626223168,-0.07613142735093958,0.19803281175072537,0.19699556162512802,0.16322701688555347,0.2882904231898239,0.16582876582876582,0.19868469149578966,0.20177534994878799,0.0552689756816507,-0.1386604085127201,-0.16166154214934703,0.0014116167205793229,-0.0023898941618299696,-0.00436430411797778
60,0.14933821762187782,0.14510071696824856,0.11415863602668644,-0.13255781310313375,-0.15544920284667751,0.14896676912037582,0.14475930351655855,0.1062992125984252,0.04732077060743234,-0.06649114779746579,0.18983980745456727,0.1874359849778081,0.15714285714285714,0.31784398357721866,0.18124014474464278,0.19192312138300005,0.19221577330146808,0.06078576723498888,-0.1254939116398217,-0.15544920284667751,-0.00037144850150200304,-0.0003414134516900036,-0.007859423428261236
61,0.15516474121662663,0.15466029361556846,0.1164021164021164,-0.1566464423607281,-0.15038245244383774,0.1554297646945844,0.15397746671218845,0.10717163577759871,0.01553594410737269,-0.05755643430176771,0.197713697937313,0.19289860020484806,0.16666666666666666,0.29637801066372493,0.1722445618304299,0.20268865334161468,0.20621372482075795,0.06601650412603151,-0.13302077587791872,-0.16170269855872432,0.0002650234779577598,-0.0006828269033800072,-0.009230480624517687
62,0.15417183678105167,0.15227039945373846,0.11733128834355828,-0.1572325940482875,-0.13822572330691407,0.15654189988586356,0.15500170706725844,0.11444805194805195,0.011504538648699159,-0.056544211314170756,0.19699044032704716,0.19494708091498805,0.17054263565891473,0.2711257720381808,0.17034887755456096,0.20229499495084255,0.20450665756230796,0.07283763277693475,-0.13614776342878532,-0.15410823952772523,0.002370063104811887,0.002731307613519973,-0.0028832363955063334
63,0.1530293696070689,0.1519289860020485,0.10275502606105734,-0.19148393025808597,-0.15148388033700488,0.1514128856126884,0.15261181290542847,0.09780907668231612,-0.025866941880522742,-0.07824750835420147,0.19144607038548908,0.1874359849778081,0.14447592067988668,0.2839036362509163,0.16850272955708967,0.20092766255667938,0.20314100375554797,0.05787545787545788,-0.1715503754408102,-0.176271575469646,-0.0016164839943804965,0.0006828269033799794,-0.004945949378741224
64,0.15269671897859188,0.15090474564697848,0.10841546626231995,-0.17971380471380471,-0.1496037315076767,0.15211124853327262,0.15295322635711847,0.09863672814755413,-0.0075252525252524904,-0.06802836005237378,0.19278858022333353,0.1891430522362581,0.15523809523809523,0.31920875420875416,0.15517092017949652,0.2020959816961726,0.20382383065892795,0.06551204819277108,-0.1472558922558923,-0.15980065293958956,-0.0005854704453192583,0.0020484807101399938,-0.009778738114765817
65,0.1423005491736777,0.13724820757937864,0.0984732824427481,-0.1680047873136189,-0.14315530012138622,0.14248708233048393,0.14202799590303858,0.09385113268608414,-0.005481769606838216,-0.05924145960809579,0.18799133529736356,0.18436326391259816,0.15625,0.3119603421303915,0.18116035375430417,0.19338984143626373,0.19460566746329805,0.0547112462006079,-0.16494068496262682,-0.14995912502786934,0.0001865331568062234,0.004779788323659939,-0.00462214975666396
66,0.14412713063042523,0.14373506316148857,0.09864457831325302,-0.20214063135076543,-0.16168270004580965,0.14390595198125508,0.14271082280641859,0.08910103420843278,-0.019148263559589873,-0.08120566058760159,0.188941796255317,0.18436326391259816,0.1434108527131783,0.28771169218263104,0.1738272109348884,0.18990749061562312,0.19358142710822807,0.0531437125748503,-0.1511990245224224,-0.17075053547772034,-0.00022117864917015062,-0.001024240355069983,-0.009543544104820237
67,0.15273194520759364,0.1481734380334585,0.10878010878010878,-0.1678942827301213,-0.129236832175748,0.15333770039062727,0.1519289860020485,0.10364842454394693,0.04067935152808688,-0.03712005813547248,0.19481085869895354,0.19187435984977808,0.18297455968688844,0.30632577993733257,0.17213286067206723,0.20048579346591947,0.20587231136906795,0.0764525993883792,-0.14383542981699282,-0.15311895877878245,0.0006057551830336294,0.003755547968589984,-0.005131684236161851
68,0.1456607274326445,0.1403209286445886,0.1128165771297007,-0.16988470988470994,-0.15215396095013056,0.14640432594981073,0.14305223625810856,0.1085899513776337,-0.007185787185787218,-0.07359470215147368,0.1889377758035396,0.1812905428473882,0.1695906432748538,0.290999810999811,0.16322161422708614,0.1921028230181334,0.19460566746329805,0.0752851711026616,-0.17360045360045362,-0.1658164407412014,0.0007435985171662385,0.002731307613519973,-0.00422662575206699
69,0.1360807871648835,0.13451689996585867,0.10808709175738725,-0.15586574003300446,-0.13656738340814423,0.1350551032440678,0.1314441789006487,0.1036734693877551,0.00726921373330669,-0.06705229797923218,0.18394572753025815,0.18333902355752818,0.17364657814096016,0.33932078222933004,0.21328722686523316,0.18552509932852096,0.1888016387845681,0.07066869300911854,-0.16851483828988267,-0.17075513034039613,-0.001025683920815701,-0.003072721065209977,-0.00441362236963215
70,0.1397875902652317,0.13827244793444862,0.10553892215568862,-0.17646400218327618,-0.15571902400983195,0.14112283711696744,0.13519972686923865,0.0958036421219319,-0.025545031821951003,-0.07325355557255642,0.1846503375412036,0.18402185046090816,0.16878048780487806,0.2359285396890931,0.19560646481198596,0.18668231830238594,0.18846022533287812,0.06829992576095026,-0.13832489529720904,-0.16814532747298305,0.0013352468517357496,-0.003072721065209977,-0.009735280033756719
71,0.1460376581650423,0.1399795151928986,0.10566037735849057,-0.17480301049432878,-0.15452309793365526,0.14778375202850086,0.14202799590303858,0.09473684210526316,0.012299918730786952,-0.05259752790752914,0.18927629306192567,0.18504609081597814,0.15024390243902438,0.29126532631355784,0.18522880215343207,0.19290845905509488,0.19733697507681802,0.0619865571321882,-0.17510865340447335,-0.17037818660438597,0.0017460938634585588,0.002048480710139966,-0.01092353525322741
72,0.14320856654549813,0.14202799590303858,0.11153846153846154,-0.1821222256004864,-0.14496343345335805,0.14362292296250254,0.14202799590303858,0.10218978102189781,-0.0014734429450148356,-0.06875082315110936,0.18729678023014618,0.18333902355752818,0.16034985422740525,0.2761886942488949,0.16329951269454324,0.19250307088540003,0.19733697507681802,0.07159005275056518,-0.16521271370769697,-0.17567597790351797,0.00041435641700440784,0.0,-0.009348680516563734
73,0.14671288957804413,0.14578354387162853,0.1,-0.17696471196387575,-0.14315530012138622,0.14566491417731656,0.14510071696824856,0.09277504105090312,0.032068629984948194,-0.03882998488864675,0.18267442550222882,0.17480368726527826,0.14467253176930597,0.26922901494534235,0.1822943245720514,0.19613854469003933,0.198361215431888,0.06179351921627732,-0.14642786553753062,-0.16243280402308813,-0.0010479754007275688,-0.0006828269033799794,-0.007224958949096888
74,0.13900617703030724,0.13485831341754864,0.09382151029748284,-0.15837171460878685,-0.1471065878171629,0.13892494693709162,0.13690679412768864,0.09024390243902439,-0.005753054414076586,-0.055194755898607006,0.1874428477519964,0.18299761010583818,0.1582591493570722,0.2551697509583827,0.19330760447378492,0.1902998384266017,0.19460566746329805,0.06787330316742081,-0.145085817773978,-0.16412729743171028,-8.123009321561736e-05,0.0020484807101399938,-0.0035776078584584536
75,0.15292141067111378,0.15397746671218845,0.09395973154362416,-0.15949388037582846,-0.16230428524485463,0.15319656439313517,0.15261181290542847,0.09011857707509881,-0.011823625435369745,-0.07643215607504461,0.19297462366310045,0.1908501194947081,0.14543726235741444,0.28235840611435836,0.1642357848877123,0.2004443053968108,0.20416524411061795,0.05522827687776141,-0.18155950742103166,-0.18151252466441736,0.0002751537220213873,-0.0013656538067599866,-0.003841154468525357
76,0.1373284122954914,0.13588255377261865,0.0944527736131934,-0.17878485275689215,-0.14785779780332464,0.13730104478699987,0.13588255377261865,0.08781645569620253,0.010030936716792005,-0.06887780253583897,0.1813727880489934,0.1782178217821782,0.15311004784688995,0.26191259398496236,0.17821675408672333,0.18408773773348197,0.18811881188118812,0.06153846153846154,-0.16379425125313285,-0.18283465285035394,-2.7367508491527026e-05,0.0,-0.006636317916990875
77,0.1499913022181603,0.1495390918402185,0.10518292682926829,-0.14893084931857647,-0.146362094208211,0.14851299517761063,0.14441789006486855,0.08949096880131363,0.027130898934850545,-0.03974562798092207,0.19158289372852896,0.18709457152611814,0.16122650840751732,0.3275914499955985,0.19503744126427802,0.19871329058283235,0.199726869238648,0.060514372163388806,-0.17256860250162043,-0.15770427146643318,-0.001478307040549659,-0.005121201775349943,-0.01569195802795466
78,0.14031895967876026,0.13861386138613863,0.08873456790123457,-0.16000318826717674,-0.12727970867292593,0.14339412465118206,0.14202799590303858,0.08224755700325732,-0.007763430575482233,-0.05016969306611829,0.19060599157702285,0.18504609081597814,0.14201762977473065,0.32131356607683725,0.1845622662075458,0.19268784112939738,0.19597132127005804,0.052075471698113204,-0.16271321536744776,-0.16016486238759386,0.003075164972421801,0.0034141345168999526,-0.0064870108979772495
79,0.13860478371498208,0.13588255377261865,0.10570342205323194,-0.1675357128441478,-0.1563560899344848,0.14031993585996558,0.1396381017412086,0.09951845906902086,-0.001104502038374977,-0.07797424061941627,0.18293118723736618,0.17890064868555822,0.16034985422740525,0.25120082489055884,0.16853099563232077,0.18790200583412692,0.19016729259132809,0.06439393939393939,-0.14981414276330995,-0.16203593408775063,0.001715152144983495,0.003755547968589956,-0.006184962984211076
80,0.15626168364379595,0.15227039945373846,0.11544117647058824,-0.20276134513836508,-0.16783576747378282,0.1531980277286796,0.15363605326049845,0.10910518053375197,-0.014406241314964041,-0.07099535311641314,0.1896294026533618,0.18470467736428817,0.1536286522148916,0.26379481478540523,0.16885358011753737,0.19890905428205474,0.20279959030385797,0.06656804733727811,-0.14303211974431262,-0.158827356835888,-0.0030636559151163423,0.0013656538067599866,-0.006335995936836272
81,0.14536586328453394,0.1399795151928986,0.10415035238841033,-0.1623431748178199,-0.14999794938069733,0.14545594970057016,0.14271082280641859,0.0937759336099585,0.016625347456990403,-0.06745222604900136,0.19342029965095783,0.1891430522362581,0.1548582995951417,0.3268236796634362,0.1813314123256935,0.1981521157743736,0.200068282690338,0.05850234009360374,-0.13584253624821574,-0.15573029127873184,9.008641603622247e-05,0.002731307613519973,-0.010374418778451827
82,0.14964735942473995,0.14373506316148857,0.11051829268292683,-0.15800908474362418,-0.13793018171746252,0.1499354052317381,0.14783202458176853,0.1033091202582728,0.016978691860006667,-0.05529238507879042,0.19599558196266498,0.19631273472174804,0.18085106382978725,0.30102282226393073,0.1767726602763846,0.20296282013088476,0.20518948446568794,0.07841672890216579,-0.13912196583757874,-0.16849484622765631,0.0002880458069981495,0.00409696142027996,-0.007209172424654034
83,0.14066119854742593,0.13724820757937864,0.11181102362204724,-0.16979507778509606,-0.15536205820190097,0.139913078644113,0.1403209286445886,0.10867733782645324,-0.0008163492490514956,-0.05986615001742168,0.17834350487783382,0.1795834755889382,0.1797520661157025,0.292100893345826,0.19210498121632502,0.18524671604133,0.1888016387845681,0.0689928628072958,-0.15424547992986815,-0.14500708020599362,-0.000748119903312916,0.003072721065209949,-0.0031336857955940045
84,0.14756456648774502,0.14714919767838852,0.1042296072507553,-0.15684210108105312,-0.1328587366912216,0.14511742183826898,0.14168658245134857,0.09630818619582665,0.01958688751246529,-0.044922899595841725,0.1851113538502546,0.18265619665414817,0.15355086372360843,0.31986618937699396,0.1850631358843826,0.18966614155312303,0.1908501194947081,0.0529455630126771,-0.12484952264411064,-0.1520242396479069,-0.0024471446494760407,-0.005462615227039946,-0.007921421054928643
85,0.16285502941365207,0.16387845681119836,0.12441679626749612,-0.13083619702176397,-0.1290384104051271,0.15830921248617294,0.15602594742232845,0.11538461538461539,0.03892325315005729,-0.05623830504178495,0.1955177265749243,0.19221577330146808,0.18489835430784124,0.23909507445589917,0.15874950610933436,0.20567966885221334,0.20416524411061795,0.07413127413127413,-0.13190721649484538,-0.13927592522184695,-0.004545816927479129,-0.007852509388869916,-0.009032180882880728
86,0.14399567264098195,0.1403209286445886,0.09827456864216054,-0.18810578649607046,-0.14300517943299618,0.14559289849437587,0.14202799590303858,0.09234411996842937,-0.001656636018298796,-0.06859793265998237,0.19096430817160231,0.18641174462273813,0.1603415559772296,0.31617385655120134,0.17153454556201642,0.19260616720247994,0.19597132127005804,0.06461086637298091,-0.164884008409503,-0.17569927271204766,0.0015972258533939188,0.0017070672584499902,-0.005930448673731173
87,0.1417338061798401,0.1396381017412086,0.0988112927191679,-0.16584122805124546,-0.13724325252302294,0.13824744701882544,0.13519972686923865,0.09867909867909867,-0.018483350957077205,-0.07100761505352615,0.17412396241179323,0.1700238989416183,0.1595940959409594,0.2910525331434285,0.1568878833584716,0.17954349507952183,0.17924206213724822,0.05886627906976744,-0.16164749634936737,-0.17092239021937738,-0.0034863591610146683,-0.004438374871969963,-0.00013219404006922786
88,0.1396271939611196,0.13656538067599863,0.10131477184841454,-0.20665453646127763,-0.16546724329086226,0.13738756004205716,0.13280983270740868,0.09038619556285948,-0.024998233465234554,-0.07840049353425083,0.18196431804698557,0.17890064868555822,0.15195071868583163,0.3510740531373657,0.19998398266123085,0.18743389525036763,0.1898258791396381,0.056545313710302095,-0.16210606274731487,-0.16317601303410945,-0.002239633919062456,-0.003755547968589956,-0.010928576285555061
89,0.15096703494365266,0.14714919767838852,0.12471308339709258,-0.1777213012198937,-0.155761784468613,0.14580044312901064,0.14544213041993856,0.11607142857142858,-0.0064279011573350475,-0.07039084751442037,0.18095198613172483,0.17548651416865824,0.16633858267716536,0.28556459180481697,0.17547745091365397,0.18915110797830467,0.1888016387845681,0.059375,-0.0765092274006881,-0.12502824716510363,-0.005166591814642019,-0.0017070672584499624,-0.008641654825664008
90,0.14680377173723924,0.14578354387162853,0.09438202247191012,-0.18246894306581707,-0.15833444479023107,0.1442206513834653,0.14510071696824856,0.09141055949566587,-0.00018354804420483983,-0.08371493353487758,0.1841257835391924,0.1812905428473882,0.1396917148362235,0.31180980388597423,0.1774533558588598,0.192907689192014,0.19665414817343804,0.05096011816838995,-0.14487790021037428,-0.17981581924252976,-0.002583120353773949,-0.0006828269033799794,-0.0029714629762442463
91,0.1431294594431371,0.14236940935472858,0.10542168674698796,-0.19296510477874873,-0.171123684732976,0.14197916642202482,0.13827244793444862,0.09485530546623794,-0.010687316011775305,-0.07570230295810998,0.18302463432938315,0.1806077159440082,0.1455078125,0.3060982278952329,0.1742108397855867,0.18908619292821066,0.1898258791396381,0.053231939163498096,-0.14541226937233598,-0.1563560899344848,-0.0011502930211122753,-0.00409696142027996,-0.01056638128075002
92,0.1289035458739335,0.12734721748036873,0.09063444108761329,-0.16644590580999785,-0.1430960458252919,0.12625165793792373,0.1198361215431888,0.08274231678486997,-0.028875909058197147,-0.0809517418208241,0.1722764389968562,0.1693410720382383,0.15249266862170088,0.3512820662438173,0.19700278154461348,0.17470079585277432,0.1785592352338682,0.05743740795287187,-0.18413400475754238,-0.18151252466441736,-0.0026518879360097614,-0.007511095937179926,-0.007892124302743317
93,0.15303863316134425,0.1488562649368385,0.10294117647058823,-0.14168383074740964,-0.13398319419571336,0.15316302530601883,0.15227039945373846,0.09413707679603633,0.029132707360783994,-0.04188721283460717,0.19437661488542132,0.1911915329463981,0.16422287390029325,0.2900562431024002,0.17186642291709608,0.1986631375480461,0.19938545578695802,0.06,-0.1413730084256456,-0.14307909358940285,0.00012439214467457882,0.0034141345168999526,-0.008804099674551896
94,0.15178253897326763,0.1505633321952885,0.10742496050552923,-0.11330104336784608,-0.13358635734559354,0.1495145852222355,0.14612495732331854,0.09615384615384616,0.03226733855350006,-0.053413087502834466,0.1904216297952561,0.18607033117104813,0.15423387096774194,0.241040732473776,0.18023472746749236,0.20288047308589563,0.20723796517582793,0.06055900621118013,-0.12383255004212612,-0.15878367072474653,-0.0022679537510321146,-0.004438374871969963,-0.01127111435168307
95,0.14938403876275533,0.14475930351655855,0.11773584905660377,-0.14805737496732474,-0.1460938090821119,0.14986675429051471,0.14783202458176853,0.11699604743083004,-0.02289585260632665,-0.07827198182528128,0.19759585022167764,0.19426425401160805,0.1951923076923077,0.2835285197043377,0.17605987038783333,0.19944898754593768,0.199044042335268,0.07429871114480667,-0.12095684270827345,-0.1393116263564288,0.0004827155277593864,0.003072721065209977,-0.0007398016257737228
96,0.1418798181360414,0.13827244793444862,0.09663250366032211,-0.15897906973373344,-0.15413947358105984,0.1437581532529475,0.14271082280641859,0.09041731066460587,-0.008749329622704471,-0.07339805777673247,0.19061025634602638,0.18572891771935815,0.15157116451016636,0.29172645707411116,0.164340555424898,0.1902330593809498,0.19494708091498805,0.05507246376811594,-0.12410133205780471,-0.16983919332079023,0.0018783351169061047,0.004438374871969963,-0.00621519299571624
97,0.1517617100095198,0.1485148514851485,0.10914681014604151,-0.18304445783295908,-0.14515824991110426,0.15025656561794978,0.14578354387162853,0.09624796084828711,-0.03746244166471324,-0.05986494061455283,0.19442921989229534,0.19187435984977808,0.1665053242981607,0.2180252887947819,0.15962317530857295,0.1962395062341313,0.198361215431888,0.06055900621118013,-0.1204501382224229,-0.130374076299702,-0.0015051443915700125,-0.002731307613519973,-0.012898849297754394
98,0.14803504159475753,0.14475930351655855,0.11306340718105425,-0.13133958103638366,-0.13827381880555123,0.14569124172742254,0.14271082280641859,0.10966693744922827,0.046088294744579206,-0.04990049972897315,0.1881098947879789,0.18333902355752818,0.17543859649122806,0.27759019355629055,0.18236271066459742,0.19380446609287735,0.19938545578695802,0.07640449438202247,-0.12367925395075341,-0.16773159183107722,-0.002343799867334989,-0.002048480710139966,-0.003396469731825974
99,0.15264383944481213,0.1505633321952885,0.1085672082717873,-0.18656006914433887,-0.15921626293748936,0.15137626449407623,0.15329463980880847,0.09763779527559055,-0.03501872659176031,-0.06466470109450728,0.19529598027140563,0.19016729259132809,0.1596958174904943,0.2899020455200231,0.18071911416466047,0.1969128169649619,0.19767838852850803,0.05617147080561715,-0.13686257562662052,-0.15809064910602533,-0.0012675749507359002,0.002731307613519973,-0.01092941299619675
100,0.14891541944062006,0.14749061113007852,0.10914454277286136,-0.15964997641500667,-0.14384836498011455,0.1484547696862831,0.14714919767838852,0.0974076983503535,0.009985551870271392,-0.05075460689230593,0.1946405623739922,0.1905087060430181,0.1692876965772433,0.30316001767945944,0.16459480940720284,0.19483997035944814,0.199726869238648,0.06588579795021962,-0.13147426635814274,-0.15506448041238063,-0.0004606497543369614,-0.0003414134516900036,-0.011736844422507858
101,0.14792143822494944,0.14680778422669855,0.10567210567210568,-0.17808856386832095,-0.1320555945046913,0.14841908461790101,0.14612495732331854,0.09105960264900662,0.003892875389859385,-0.04215208062968323,0.1958991247080078,0.19221577330146808,0.15615615615615616,0.32210017005116787,0.19569392443204703,0.1991344391468181,0.20177534994878799,0.059094397544128936,-0.15506493209391703,-0.15026390111228782,0.0004976463929515784,-0.0006828269033800072,-0.014612503023099063
102,0.15211087900534326,0.1502219187435985,0.11229135053110774,-0.1877689030883919,-0.15693380763060616,0.1532760176937054,0.15568453397063844,0.10394842868654311,0.020166844160454334,-0.06952237024637098,0.20043492579478156,0.198702628883578,0.17058823529411765,0.3470056798012069,0.18135980718110878,0.20338244446664816,0.20450665756230796,0.061456752655538696,-0.14998757543485974,-0.15693380763060616,0.001165138688362155,0.005462615227039946,-0.00834292184456463
103,0.16166702253081372,0.15841584158415842,0.11957349581111958,-0.1830011569049943,-0.14186915858941584,0.16249506677782577,0.16285421645612838,0.11717495987158909,0.010196084593521726,-0.06597501581424414,0.20269055994756194,0.199044042335268,0.17341040462427745,0.32174922463795164,0.1696366513086771,0.21068112612124718,0.21645612837145783,0.07987942727957799,-0.1480229495381219,-0.1577276361842278,0.0008280442470120497,0.004438374871969963,-0.0023985359395304884
104,0.14101913873306196,0.1389552748378286,0.09406322282189669,-0.168705126102075,-0.15004925786374956,0.14003836156910263,0.13861386138613863,0.08756137479541735,-0.019882865944778616,-0.0645600175554093,0.17447776765172304,0.16797541823147832,0.13864306784660768,0.27608702314019495,0.1691105726207206,0.18722979559793013,0.18846022533287812,0.05267175572519084,-0.16851585131293612,-0.16486739285052843,-0.0009807771639593343,-0.00034141345168997583,-0.006501848026479337
105,0.13745439977329466,0.1392966882895186,0.094553706505295,-0.16085348710903813,-0.13246026407665568,0.13481707443441565,0.12905428473881872,0.08733280881195908,-0.053283042075333076,-0.07494080573192696,0.17480008373114606,0.16968248548992831,0.14433962264150943,0.29231494201463215,0.16303185526293096,0.18191257963008664,0.18538750426766815,0.057291666666666664,-0.14085212932494162,-0.15727257944104844,-0.002637325338879004,-0.010242403550699886,-0.00722089769333592
106,0.14219197611695322,0.1392966882895186,0.10719754977029096,-0.15959470255352304,-0.14237188117535338,0.14176755711851086,0.13827244793444862,0.10073710073710074,0.03746567396796174,-0.04589999925616828,0.18266932095231073,0.1782178217821782,0.15860735009671179,0.2823008206841455,0.16633814096603916,0.18957157604097907,0.19153294639808807,0.06278366111951589,-0.14795869295106712,-0.16053129424249413,-0.0004244189984423663,-0.001024240355069983,-0.0064604490331902215
107,0.1451225846586738,0.14271082280641859,0.10711493354182955,-0.15682522730980875,-0.12388996800571439,0.1465648129153194,0.14475930351655855,0.10430463576158941,0.004757560924961823,-0.043072147689078855,0.18841276227347964,0.18436326391259816,0.16583912611717974,0.33399709280766554,0.18572196334815705,0.19110488927274105,0.19392284055991807,0.06717557251908397,-0.15407192334505104,-0.15917662194678073,0.0014422282566455835,0.002048480710139966,-0.0028102977802401397
108,0.1542374822470365,0.1519289860020485,0.10802700675168792,-0.15938015767652192,-0.13836005433905074,0.15351003391479406,0.15090474564697848,0.10626486915146709,0.030412842032891296,-0.05726852465540622,0.1977413762331176,0.19494708091498805,0.17305893358278765,0.2891337667443463,0.1589755545009791,0.2018023365418576,0.20553089791737794,0.06809770540340489,-0.1258069478710251,-0.15863293675996182,-0.0007274483322424474,-0.0010242403550700108,-0.0017621376002208283
109,0.13852581246475756,0.13656538067599863,0.0962406015037594,-0.20707032241685708,-0.15736786750636755,0.1349879735571332,0.13280983270740868,0.08976377952755905,-0.060265477097160236,-0.08946077029988597,0.17529724664892804,0.17446227381358825,0.14985590778097982,0.27679795452072686,0.16971798403818528,0.18258148043036693,0.18504609081597814,0.05274888558692422,-0.1636274616472636,-0.17547642676142916,-0.003537838907624352,-0.003755547968589956,-0.00647682197620035
110,0.1602709824295454,0.15875725503584842,0.12650602409638553,-0.18428816721863983,-0.1541665121682919,0.15912173712059738,0.15841584158415842,0.11689351481184948,-0.005489608196491913,-0.06477437057362156,0.20326363602257622,0.20245817685216796,0.1873198847262248,0.2643836417472476,0.17058721742247274,0.20487191250581452,0.20553089791737794,0.07471698113207548,-0.1120709360862886,-0.15077187387988678,-0.001149245308948027,-0.0003414134516900036,-0.009612509284536053
111,0.14140545409573096,0.13758962103106862,0.104570100697134,-0.15271539639873988,-0.14132109090445244,0.14134598788213418,0.13861386138613863,0.09958847736625515,0.012404982802971198,-0.05473220672041401,0.18377520419956736,0.18231478320245817,0.16385302879841113,0.314425272406717,0.18224789736221747,0.18688791714593594,0.18811881188118812,0.05495356037151703,-0.12769733229284086,-0.14246041832792655,-5.9466213596787165e-05,0.0010242403550700108,-0.0049816233308788566
112,0.15258407822144565,0.15158757255035848,0.11119573495811119,-0.17479303454182127,-0.15031662439222748,0.14945599440713714,0.14714919767838852,0.1099434114793856,0.01074793034541821,-0.06405941232330892,0.19786557516700268,0.19494708091498805,0.17635467980295566,0.2995218384242079,0.18790244398326872,0.20393743549588644,0.20723796517582793,0.0659090909090909,-0.17110690836425924,-0.15826136760910148,-0.0031280838143085132,-0.004438374871969963,-0.0012523234787255866
113,0.13632549478801276,0.13246841925571867,0.09345106696100074,-0.18189116859946475,-0.16670971614404606,0.1390404119489738,0.1392966882895186,0.09154929577464789,-0.02738626226583407,-0.0754995584353606,0.18590610451474454,0.18538750426766815,0.14299065420560747,0.24942016057091887,0.1587191181499057,0.18742124621481795,0.1905087060430181,0.04956268221574344,-0.16333630686886713,-0.1813483834306252,0.0027149171609610334,0.006828269033799933,-0.0019017711863528464
114,0.14291286686066376,0.14202799590303858,0.10593538692712247,-0.14970109207305593,-0.14168035632631637,0.1424936445625255,0.14339364970979857,0.09615384615384616,0.03291125337350154,-0.04808896456905676,0.1862008111707821,0.18333902355752818,0.16104146576663453,0.28917968995167254,0.18983613977771174,0.187276703034503,0.18846022533287812,0.05389221556886228,-0.108383543588778,-0.14731839197434393,-0.00041922229813826095,0.0013656538067599866,-0.00978154077327631
115,0.16199975077796872,0.16387845681119836,0.12546125461254612,-0.15203145478374835,-0.15383352104262615,0.1596481579292105,0.15534312051894844,0.11442006269592477,0.03155903729298226,-0.06502906808091735,0.19656084473154034,0.19187435984977808,0.18474264705882354,0.24839896342189915,0.14630304782795944,0.20272153520869868,0.20450665756230796,0.08102189781021898,-0.1506910520671988,-0.17069512603535564,-0.002351592848758216,-0.008535336292249923,-0.011041191916621354
116,0.13778484961636048,0.13690679412768864,0.0970724191063174,-0.17407887879896655,-0.13798398429270475,0.1359660797928298,0.13315124615909868,0.09415584415584416,-0.02209988653457373,-0.06299331577391099,0.1767283772392926,0.17309662000682827,0.1552734375,0.3231805800411728,0.17334091228531778,0.18259811577870744,0.18607033117104813,0.06056018168054504,-0.15669501454353263,-0.16411709604925417,-0.001818769823530686,-0.003755547968589956,-0.002916574950473247
117,0.1450322813794637,0.1413451689996586,0.09781021897810219,-0.17275190933727513,-0.15400244947086716,0.1437462112906731,0.14168658245134857,0.09237875288683603,-0.03684581001654175,-0.07445369548542868,0.188123774490259,0.18504609081597814,0.15101289134438306,0.27769682891634107,0.16419256647088643,0.19100679633090883,0.19426425401160805,0.05695746214852199,-0.154812937739767,-0.173049334227944,-0.0012860700887905863,0.00034141345168997583,-0.005431466091266157
118,0.14745862690490025,0.14578354387162853,0.10093896713615023,-0.17128369743350724,-0.14447569756975698,0.14543431154100614,0.14475930351655855,0.09760132340777503,0.004670280104042912,-0.0655059255925593,0.18437920398658603,0.1816319562990782,0.16584402764067127,0.2823593089864834,0.15881400640064003,0.19553360001795228,0.19699556162512802,0.06779661016949153,-0.15113289531055019,-0.1673654865486549,-0.002024315363894108,-0.001024240355069983,-0.0033376437283752086
119,0.15735508529093573,0.15466029361556846,0.10526315789473684,-0.1582779123833834,-0.14813546659056354,0.1563809422928159,0.15670877432570843,0.10281923714759536,0.07307090225638879,-0.05001593618298661,0.19627359424050708,0.1898258791396381,0.16090819348469892,0.3008817498064006,0.17018254484797068,0.2085918683255457,0.2079207920792079,0.05955143078112916,-0.1288707420591001,-0.14927639136274462,-0.0009741429981198202,0.002048480710139966,-0.002443920747141476
120,0.15089573213993707,0.14578354387162853,0.1162079510703364,-0.1509751886671542,-0.1418252233049222,0.14957925702370528,0.14680778422669855,0.10857142857142857,0.043431141200684587,-0.04768515206167767,0.18642376926306606,0.1802663024923182,0.16423712342079688,0.27929901010999614,0.1746215221994779,0.19681618402744355,0.19767838852850803,0.06483600305110603,-0.14749021795674033,-0.14522787648238877,-0.0013164751162317856,0.0010242403550700108,-0.0076365224989078245
121,0.14403704763370223,0.1396381017412086,0.10850897736143637,-0.1556486371638438,-0.14600717222076454,0.14402814407813594,0.1392966882895186,0.10227272727272728,-0.05406194985734236,-0.08995451762442053,0.19061827942469348,0.1894844656879481,0.17465069860279442,0.26898750986462694,0.17314977946045906,0.19695230310283515,0.20109252304540798,0.07318952234206472,-0.14311107569962966,-0.16545401157051642,-8.903555566291965e-06,-0.0003414134516900036,-0.006236250088709094
122,0.15018108574362324,0.14578354387162853,0.11102661596958174,-0.1679381741399253,-0.1563560899344848,0.1508153149332621,0.14783202458176853,0.10194174757281553,0.020846222126583713,-0.06661455231288471,0.1953842616167551,0.19221577330146808,0.17424975798644723,0.2834212012803615,0.1639871203097082,0.19797983520054468,0.20279959030385797,0.06311787072243347,-0.134488393361487,-0.1563560899344848,0.0006342291896388741,0.0020484807101399938,-0.009084868396766213
123,0.15619189557802826,0.15602594742232845,0.131477184841454,-0.1489086658415355,-0.13230287304128097,0.15555361232243983,0.15466029361556846,0.11643270024772914,0.03947073731360884,-0.03913264851793119,0.19838850559976504,0.19528849436667806,0.18092428711897737,0.3014282627060372,0.18129446803731109,0.20310516170074627,0.20416524411061795,0.07668711656441718,-0.10768747175890458,-0.1448013177944133,-0.0006382832555884288,-0.0013656538067599866,-0.015044484593724844
124,0.15345677689798734,0.14783202458176853,0.10187265917602996,-0.16929044496145396,-0.14991878216702315,0.15104521077478966,0.14749061113007852,0.09865824782951854,-0.018819056574712834,-0.0731798715368398,0.1915518585550695,0.18641174462273813,0.15200764818355642,0.31101905819599707,0.17622158801125554,0.19799880535305406,0.20348241720723798,0.05891016200294551,-0.13982360427694773,-0.17587459017429097,-0.002411566123197678,-0.0003414134516900036,-0.003214411346511417
125,0.14073035447630072,0.13793103448275862,0.10453497309761722,-0.1687680669167846,-0.15460868401352768,0.13999392641416583,0.13554114032092865,0.08964955175224124,-0.002898394735223575,-0.07025930024263194,0.18975786628721256,0.18675315807442813,0.16347124117053483,0.3470462513069684,0.19874684259427855,0.19033194400567402,0.1911915329463981,0.053929121725731895,-0.1505627652377145,-0.15118911440119398,-0.0007364280621348918,-0.0023898941618299696,-0.014885421345375988
126,0.1473960368620999,0.1399795151928986,0.09714726291441789,-0.1423824782770995,-0.14060927341528828,0.14746729182842544,0.1502219187435985,0.1,0.04242202485890745,-0.053041475870828636,0.19116263354550542,0.18607033117104813,0.15497076023391812,0.2884867703748055,0.16758388417625114,0.19912220968148947,0.200068282690338,0.0649546827794562,-0.15921749511211636,-0.17131486476204671,7.125496632554018e-05,0.010242403550699886,0.002852737085582119
127,0.13859889556541996,0.13519972686923865,0.09684519442406456,-0.2030043915984684,-0.14615961457089444,0.13839216520113704,0.13212700580402867,0.09370199692780339,-0.04707206380662288,-0.07781491044255995,0.18263087513997486,0.18368043700921816,0.15470643056849953,0.29870209304316975,0.17875783128512168,0.1883896327481858,0.19324001365653806,0.06647605432451752,-0.19469827638934767,-0.18649419405646872,-0.00020673036428292546,-0.003072721065209977,-0.0031431974962611714
128,0.14152869671892318,0.13793103448275862,0.09775524981897175,-0.2096757241684778,-0.15157018262478705,0.14131836367567174,0.13656538067599863,0.08358662613981763,-0.057152723819390516,-0.07894437350590466,0.19105510482782173,0.18607033117104813,0.14676390154968094,0.27298814979974395,0.16574873721771421,0.19124045248337054,0.19631273472174804,0.0584045584045584,-0.2013483027975782,-0.17726854585146845,-0.0002103330432514372,-0.0013656538067599866,-0.014168623679154127
129,0.15009312522713236,0.1505633321952885,0.11009870918754745,-0.1973284226588745,-0.15109309584561648,0.14924821251288006,0.14407647661317857,0.10023866348448687,-0.04219478387306819,-0.08305484678078634,0.19613485189804095,0.19494708091498805,0.15886939571150097,0.2824609829071778,0.1788924121188099,0.20100907664732565,0.20621372482075795,0.06325301204819277,-0.1732350932136023,-0.16356677484083537,-0.0008449127142522994,-0.006486855582109929,-0.00986004570306058
130,0.15092692106580882,0.1495390918402185,0.10651340996168582,-0.17599487637970324,-0.14687918963205715,0.14885558638402438,0.14714919767838852,0.09878542510121457,-0.010595232145534594,-0.06732583544366655,0.19115310520045947,0.1888016387845681,0.15915915915915915,0.29766419925848187,0.20088261582005063,0.19889076153940538,0.20450665756230796,0.0680786686838124,-0.1569608490993868,-0.16619928993495203,-0.0020713346817844425,-0.0023898941618299696,-0.007727984860471243
131,0.153079458274488,0.1498805052919085,0.10943396226415095,-0.15621697970801973,-0.1582822617588432,0.15182446720077314,0.1502219187435985,0.1096108022239873,-0.023321760507191702,-0.08347261944557938,0.19108503689956624,0.18777739842949812,0.17391304347826086,0.22925337301159443,0.1443567457811784,0.19982525758605943,0.20177534994878799,0.07496251874062969,-0.1799125209353143,-0.16848357661974267,-0.0012549910737148506,0.0003414134516900036,0.00017683995983634737
132,0.14207494018948894,0.1413451689996586,0.08064516129032258,-0.12748707218428146,-0.14441115784892644,0.13887428196407886,0.13485831341754864,0.07506053268765134,0.030498977191271703,-0.07279707044848749,0.17620982484675807,0.17173096620006828,0.12596899224806202,0.3190115157220581,0.16250635958152637,0.1912022812759986,0.198361215431888,0.05707931801334322,-0.16042469488857647,-0.19783754051274594,-0.0032006582254100746,-0.006486855582109957,-0.0055846286026712405
133,0.14888676629744885,0.14475930351655855,0.10538116591928251,-0.1858922471710026,-0.1467804475737956,0.1507515291811707,0.1505633321952885,0.10221870047543581,0.01880332194719203,-0.061133336615869394,0.19731392994237545,0.19289860020484806,0.1682509505703422,0.3081664535137848,0.17552315418892628,0.2016680541297149,0.20484807101399796,0.0673076923076923,-0.16136212785935156,-0.16255754696078184,0.0018647628837218655,0.00580402867872995,-0.0031624654438466987
134,0.16279256984028007,0.1614885626493684,0.11904761904761904,-0.17810432074737248,-0.1557485405509721,0.16107250050898295,0.16285421645612838,0.11320754716981132,0.019433631763332015,-0.061140447943075715,0.19759228696987532,0.19733697507681802,0.17497556207233628,0.30608213312572985,0.16227143339605343,0.20786900929639573,0.2092864458859679,0.06907137375287797,-0.1356072401712728,-0.15688839708841673,-0.0017200693312971194,0.0013656538067599866,-0.005840071877807718
135,0.15130342383255405,0.1485148514851485,0.10751879699248121,-0.17441962257229449,-0.15549183323493854,0.15036730886017238,0.14578354387162853,0.10166799046862589,-0.007124187638346435,-0.07516896249290617,0.19533117599920485,0.1905087060430181,0.16586306653809066,0.32728743116550707,0.17598142208077272,0.19721776142348948,0.200068282690338,0.05776444111027757,-0.16083822799901615,-0.15888575735079913,-0.0009361149723816631,-0.002731307613519973,-0.00585080652385532
136,0.15447667077119115,0.15329463980880847,0.10969196093163035,-0.17253258845437613,-0.14820289855072466,0.15188889526149316,0.1498805052919085,0.10862619808306709,0.005708039834831147,-0.058995991366019074,0.18828402027845847,0.18299761010583818,0.16857142857142857,0.3091490567565379,0.16910268270120266,0.1972422128333823,0.198361215431888,0.06829992576095026,-0.1379604890292283,-0.16627012025901944,-0.0025877755096979926,-0.0034141345168999804,-0.0010657628485632592
137,0.13994382849764905,0.1392966882895186,0.08798775822494262,-0.15679572963634514,-0.1425677319199503,0.1372874214628996,0.1300785250938887,0.08226837060702875,-0.022270003512281478,-0.08015846333327648,0.18113758296427737,0.17890064868555822,0.14619883040935672,0.2988719693201328,0.17628689485923754,0.18928014080769945,0.19153294639808807,0.05290611028315946,-0.18342845019246234,-0.18228272102056087,-0.002656407034749453,-0.009218163195629903,-0.005719387617913865
138,0.14432083942437668,0.14202799590303858,0.11061285500747384,-0.15390546429768692,-0.14120644163406415,0.14234753031026467,0.13861386138613863,0.10007880220646179,-0.0109938775870283,-0.06353908726304325,0.18471229473841488,0.18094912939569818,0.15678776290630975,0.2756585563808953,0.1874727971534449,0.1902857058811877,0.19016729259132809,0.05926481620405101,-0.12150078515094309,-0.13557837247674387,-0.001973309114112004,-0.0034141345168999526,-0.01053405280101205
139,0.13557025144482532,0.13349265961078866,0.1038374717832957,-0.15297427020221888,-0.13107591715088762,0.13325044703578479,0.13110276544895869,0.1024428684003152,-0.021709025100322576,-0.06353908726304325,0.1716728267406538,0.16592693752133833,0.15319548872180452,0.29900464237941615,0.1672117481870916,0.1780404671005987,0.18299761010583818,0.061313868613138686,-0.18080494138012426,-0.17722608424091457,-0.0023198044090405323,-0.0023898941618299696,-0.0013946033829805027
140,0.15494565169563232,0.1502219187435985,0.1105223315669947,-0.1426552887624677,-0.14811840322086045,0.15537228555894808,0.1611471491976784,0.11174089068825911,0.040868972618214205,-0.05076428663283572,0.19723220851267806,0.19494708091498805,0.16393442622950818,0.2977496046252366,0.17337658644191867,0.2005539074942774,0.20279959030385797,0.05731523378582202,-0.11594388085793539,-0.15377852627830368,0.0004266338633157618,0.010925230454079893,0.0012185591212644092
141,0.14772273145924159,0.14441789006486855,0.10655737704918032,-0.20118688376765392,-0.14478059843913504,0.148680993654989,0.14612495732331854,0.1033672670321065,-0.029199476363176213,-0.07162984236154968,0.19303572109261646,0.1905087060430181,0.17289719626168223,0.25486756813408895,0.16132718083937603,0.19713215486147004,0.20382383065892795,0.07731582786287382,-0.16487836517736032,-0.1774170896122116,0.0009582621957474058,0.0017070672584499902,-0.0031901100170738245
142,0.1640965039863435,0.16217138955274837,0.12451662799690642,-0.16040738728951665,-0.1294900766236955,0.1633351759421359,0.1608057357459884,0.12489795918367347,-0.006706500090530532,-0.05227849451429911,0.19729531831614264,0.19426425401160805,0.19029495718363462,0.23817852616331714,0.1452923185303332,0.2059554452926727,0.20689655172413793,0.0773353751914242,-0.1543581386927394,-0.14425111437990368,-0.0007613280442076154,-0.0013656538067599866,0.0003813311867670449
143,0.1442350808506163,0.14236940935472858,0.1008668242710796,-0.16137778286936266,-0.15517198031924662,0.1460629868073023,0.14578354387162853,0.09591326105087573,-0.008261096472804597,-0.07461238117506264,0.19256984327843993,0.19153294639808807,0.16615067079463364,0.2546556179274704,0.19008344458439863,0.1990161030777166,0.20245817685216796,0.06186374314800313,-0.15766092590471092,-0.16437879165001046,0.001827905956685999,0.0034141345168999526,-0.004953563220203863
144,0.14354394714177993,0.1399795151928986,0.10392609699769054,-0.14735537190082637,-0.13724147491763572,0.142552333770312,0.13827244793444862,0.0946938775510204,0.028236914600551,-0.05319847400924893,0.18149742394504134,0.1812905428473882,0.15261044176706828,0.3546005509641873,0.2068805423153539,0.18837204559268073,0.19016729259132809,0.06042296072507553,-0.14674931129476587,-0.16563438062992863,-0.0009916133714679143,-0.0017070672584499902,-0.009232219446670131
145,0.14797359830316317,0.14441789006486855,0.10770381451009724,-0.17711432459235676,-0.1391536172023976,0.146834125208354,0.14407647661317857,0.0963375796178344,-0.03431813464332667,-0.04799652116725284,0.18873959906383173,0.18470467736428817,0.16635338345864661,0.23729790816208862,0.16807955832346078,0.19295417153520683,0.198361215431888,0.06379821958456973,-0.1480257847275076,-0.1515329759232199,-0.0011394730948091625,-0.00034141345168997583,-0.011366234892262836
146,0.14912025958610248,0.15227039945373846,0.11839166046165302,-0.16583422101234857,-0.16175331483194566,0.1485189768072356,0.14714919767838852,0.11084529505582137,0.01999053142383722,-0.06125439407955591,0.18905249365604804,0.18538750426766815,0.1669921875,0.3245768730027222,0.1984619179771816,0.1919154850048677,0.19324001365653806,0.06696428571428571,-0.14814770978814062,-0.1628825161887142,-0.0006012827788668684,-0.005121201775349943,-0.007546365405831645
147,0.13687487299342418,0.13280983270740868,0.0932009167303285,-0.1555654101995566,-0.11409931312932364,0.1349620923362624,0.13246841925571867,0.08713355048859935,0.0020620842572062204,-0.022817523818902452,0.18002124852758253,0.17787640833048823,0.1585014409221902,0.286319290465632,0.18791944656441573,0.1803971747805732,0.1819733697507682,0.05160807778608826,-0.16055432372505551,-0.14565351190329645,-0.0019127806571617723,-0.0003414134516900036,-0.006067366241729155
148,0.1341462066809214,0.13212700580402867,0.10361067503924647,-0.19137253900471174,-0.14179803584114625,0.13530840983300763,0.13212700580402867,0.0978441127694859,-0.03212313686718238,-0.06393459641188304,0.18369436051696483,0.18231478320245817,0.16199376947040497,0.3226432544148792,0.214312694489749,0.18436970094651775,0.18846022533287812,0.05727554179566564,-0.16715340850013594,-0.16240894627830416,0.001162203152086233,0.0,-0.005766562269760564
149,0.15093514075749492,0.1495390918402185,0.10930576070901034,-0.13996116684388138,-0.139760419457308,0.14905664802119808,0.14612495732331854,0.10078125,0.006073459386990887,-0.056791151594014266,0.18735995605323935,0.18094912939569818,0.15456238361266295,0.28061963539981194,0.17417735083623553,0.19346394714612777,0.199044042335268,0.061628760088041086,-0.15314633319464355,-0.1498512763596005,-0.0018784927362968384,-0.0034141345168999526,-0.008524510709010336
150,0.14320917611130102,0.1399795151928986,0.10471622701838529,-0.15810847326770894,-0.1430790016749216,0.14515697027402508,0.14749061113007852,0.10238907849829351,0.0396004632310365,-0.05194650961402458,0.188189111167407,0.18538750426766815,0.15439672801635992,0.256417679984559,0.17184720506716533,0.198240289348529,0.199726869238648,0.05582137161084529,-0.11999420961204399,-0.1465397292215379,0.0019477941627240591,0.007511095937179912,-0.0023271485200917763
151,0.15448717790471272,0.15363605326049845,0.11782477341389729,-0.1555190058479533,-0.15339059160003166,0.15137782953072815,0.1495390918402185,0.11119936457505956,0.00933961677242745,-0.07977767991449614,0.19001666105203818,0.18572891771935815,0.17110266159695817,0.2789209282070424,0.15465113114559415,0.19866476635479444,0.19938545578695802,0.06651549508692366,-0.12416013437849949,-0.15225808526640805,-0.0031093483739845773,-0.00409696142027996,-0.006625408838837721
152,0.16102051777064091,0.1608057357459884,0.10993975903614457,-0.17130152456239411,-0.15698134792724683,0.16014559493017091,0.16421987026288837,0.10420032310177706,0.06003670242800674,-0.055077491516514754,0.19847281977377373,0.1905087060430181,0.15723873441994246,0.33360742518351216,0.16571419737340476,0.20885306626065667,0.21372482075793786,0.06919642857142858,-0.15126693958215698,-0.17509758906693262,-0.0008749228404699994,0.0034141345168999804,-0.005739435934367515
153,0.15146365367664102,0.14919767838852852,0.094186902133922,-0.20433922685046446,-0.17606493897028375,0.1500600624366283,0.14510071696824856,0.08449612403100776,-0.05451003895714723,-0.09821322934947652,0.1945433932712115,0.1894844656879481,0.147834274952919,0.2576425931475378,0.15903589809319119,0.20027985207829022,0.20450665756230796,0.05710102489019034,-0.1886305064429128,-0.18396293849703227,-0.0014035912400127137,-0.00409696142027996,-0.009690778102914244
154,0.1488150133944419,0.14783202458176853,0.1055350553505535,-0.1580765639589169,-0.14734699383192928,0.14891349134383736,0.14373506316148857,0.09921875,0.030345471521942113,-0.06314914959104345,0.1948477706125612,0.1905087060430181,0.1652502360717658,0.29738562091503273,0.18495383143876687,0.1933422531582768,0.19358142710822807,0.06181015452538632,-0.13361344537815134,-0.15183754552477646,9.847794939546461e-05,-0.00409696142027996,-0.006316305350553511
155,0.13994493422251314,0.13656538067599863,0.09233176838810642,-0.1505163114021172,-0.145426689261955,0.13999919431941804,0.1389552748378286,0.08710217755443886,0.025891286163431393,-0.049266043889503175,0.17983189133411742,0.17719358142710823,0.14910536779324055,0.3054385762496755,0.1659506386107461,0.18994467756850755,0.19494708091498805,0.06230769230769231,-0.15763001528743248,-0.17061162019283516,5.426009690490119e-05,0.0023898941618299696,-0.005229590833667558
156,0.15438885080174397,0.15158757255035848,0.1162280701754386,-0.15528813040483658,-0.15823354834282577,0.15324538482875955,0.1495390918402185,0.10361067503924647,0.05097191398178613,-0.05278291066649676,0.20274531369715318,0.200751109593718,0.17110266159695817,0.31528277339863775,0.19626008469674838,0.20002149182926185,0.200409696142028,0.05864884929472903,-0.1083377975051657,-0.13467542715981606,-0.0011434659729844254,-0.0020484807101399938,-0.01261739513619213
157,0.1537115894371351,0.15568453397063844,0.11398176291793313,-0.1546907946433569,-0.12569326897727584,0.1515118572787344,0.1485148514851485,0.10551558752997602,0.007959495518507609,-0.05238415540066088,0.1925679929761008,0.1894844656879481,0.16936251189343482,0.2620641611222495,0.1731823479120007,0.19646825631783252,0.19938545578695802,0.06785980611483967,-0.1452115517387942,-0.15388908189135853,-0.0021997321584006913,-0.007169682485489937,-0.008466175387957117
158,0.15890310924016499,0.15568453397063844,0.12144504227517294,-0.18015014071013713,-0.1679300890657358,0.15875105086335997,0.15705018777739843,0.11230388109000826,0.008382731572959656,-0.06500121642077483,0.2033080666736143,0.199726869238648,0.18054162487462388,0.2595540686186455,0.1797407696461325,0.21152159957919822,0.21611471491976783,0.07315175097276265,-0.1466379258727022,-0.14963162281774267,-0.00015205837680501433,0.0013656538067599866,-0.009141161185164684
159,0.13494564325522873,0.13212700580402867,0.10505836575875487,-0.13630570432963263,-0.12790090875882476,0.13510874029065748,0.13110276544895869,0.0978441127694859,0.0309012148314044,-0.03803827870094956,0.1809961760185473,0.1802663024923182,0.17535070140280562,0.29144166378122716,0.19856206372991203,0.18102816362408422,0.18333902355752818,0.06508422664624809,-0.12514089539483864,-0.15178844333117136,0.0001630970354287442,-0.001024240355069983,-0.007214252989268963
160,0.1425190949791022,0.1392966882895186,0.10826627651792246,-0.16773034455210756,-0.158964316797215,0.14054225164056477,0.1406623420962786,0.1086286594761171,0.011386866063343493,-0.0815307861091702,0.1806512447603697,0.1785592352338682,0.16682027649769585,0.26337821204513545,0.15750315644957646,0.18631532067253806,0.1911915329463981,0.0692141312184571,-0.1475611321075282,-0.1814088184459236,-0.0019768433385374262,0.0013656538067599866,0.00036238295819464306
161,0.15265255832819727,0.1495390918402185,0.10213414634146341,-0.18105652294085128,-0.15200578588802804,0.1520022970260309,0.15500170706725844,0.09926769731489016,-0.007082642343836376,-0.05774133892321576,0.19429731142783582,0.19324001365653806,0.16388616290480865,0.3010641238253179,0.18075906906004446,0.19905255937208682,0.20177534994878799,0.05635948210205636,-0.14040906578220003,-0.15314150211651978,-0.0006502613021663606,0.005462615227039946,-0.0028664490265732506
162,0.1469993761032363,0.14475930351655855,0.09722222222222222,-0.16394766623241608,-0.15730770349883383,0.1465233195313241,0.1413451689996586,0.08417770849571317,0.006008777124208775,-0.061970722324572014,0.18747691470978772,0.18470467736428817,0.1449953227315248,0.26091547905728163,0.1780541479259221,0.1944809671132858,0.19631273472174804,0.050401753104455806,-0.13986321108523148,-0.15842931504206048,-0.00047605657191218675,-0.0034141345168999526,-0.013044513726509055
163,0.14754401639428674,0.14475930351655855,0.1099630996309963,-0.15919369714749254,-0.15012430428707935,0.14726905502091553,0.14680778422669855,0.10224632068164213,-0.014957051260681586,-0.07823547725637969,0.1921249464496295,0.18777739842949812,0.16089803554724041,0.29496282961629494,0.17112889150635935,0.19503280719699673,0.199044042335268,0.06569343065693431,-0.14038070473714037,-0.16697324812239955,-0.00027496137337121307,0.0020484807101399938,-0.007716778949354172
164,0.14265850130378507,0.1410037555479686,0.10492505353319058,-0.19882493825312475,-0.15737239601159103,0.1423147680697427,0.1410037555479686,0.09243697478991597,-0.022187710500711,-0.05487728264920411,0.188572402691764,0.18436326391259816,0.16255707762557078,0.2617768131127909,0.1835352636502613,0.18402712355682016,0.18607033117104813,0.05380200860832138,-0.14097372951126408,-0.1495738547774964,-0.00034373323404238154,0.0,-0.012488078743274608
165,0.14208267108320355,0.14373506316148857,0.10768072289156627,-0.1558934695877371,-0.15980065293958956,0.13962787382279226,0.13724820757937864,0.1032,0.010191082802547768,-0.07142733386301137,0.17917585238090186,0.17514510071696826,0.1519364448857994,0.30852873241408274,0.20388954479863564,0.18481107944345662,0.18777739842949812,0.04931714719271624,-0.12085112339889414,-0.1484707402374641,-0.0024547972604112844,-0.006486855582109929,-0.004480722891566272
166,0.14642516224909258,0.14475930351655855,0.10236822001527884,-0.11457880935234,-0.14295944103074443,0.14482639967947478,0.14475930351655855,0.0945395273023635,0.0670071449121592,-0.04995358751332202,0.18731219323094744,0.18333902355752818,0.15920398009950248,0.3236705680562504,0.20184274761921128,0.18962709026918842,0.1905087060430181,0.05319148936170213,-0.09687320758727735,-0.15089896511149992,-0.001598762569617801,0.0,-0.00782869271291535
167,0.15329197370729494,0.14919767838852852,0.13414634146341464,-0.17824026956817907,-0.16334899729791175,0.15330889527736946,0.1519289860020485,0.12530512611879577,0.009482044574678383,-0.06882846170662893,0.19407862520920305,0.1905087060430181,0.1910891089108911,0.33875586707805905,0.18056909605832205,0.19856802683831984,0.200068282690338,0.07561728395061729,-0.12181152395904082,-0.14512817115983312,1.6921570074518444e-05,0.002731307613519973,-0.008841215344618875
168,0.1545632409370396,0.15363605326049845,0.11526946107784432,-0.17907435362370316,-0.1463873270135877,0.1549822391861464,0.15466029361556846,0.10711430855315747,-0.005701579126522582,-0.05055981223016093,0.19622858709617114,0.19289860020484806,0.15864022662889518,0.2841206766416552,0.16589763292769721,0.20070829124149633,0.20109252304540798,0.06552494415487714,-0.1548509671594962,-0.15427900470163458,0.0004189982491067945,0.0010242403550700108,-0.008155152524686848
169,0.13590988315992233,0.13349265961078866,0.09946442234123948,-0.1696070163602631,-0.16239738276229665,0.13598521504295197,0.13417548651416866,0.08935824532900082,0.015747456007196292,-0.07574808464427685,0.17840393335687577,0.17514510071696826,0.15098039215686274,0.31358857592623823,0.1648177298675939,0.18617870414281257,0.1894844656879481,0.06585919757759273,-0.13623995052566484,-0.17835909557351082,7.533188302963345e-05,0.0006828269033800072,-0.010106177012238662
170,0.13748279074064695,0.13349265961078866,0.0962904498816101,-0.15475695405017098,-0.14711984516673193,0.13740800030811173,0.13724820757937864,0.09151973131821999,0.018776158562160306,-0.05979016678213889,0.17634729286351888,0.17377944691020827,0.15805785123966942,0.34240966650900884,0.19645349479370622,0.18343725822599966,0.18436326391259816,0.05620608899297424,-0.14552772249837131,-0.16320689118494647,-7.479043253522111e-05,0.003755547968589984,-0.0047707185633901195
171,0.13251355258424594,0.1300785250938887,0.08527131782945736,-0.16844008595804727,-0.13641103875899596,0.13043406305306218,0.1293956981905087,0.08088235294117647,-0.022547950477901035,-0.061284614239306534,0.17529765375823042,0.17309662000682827,0.14549180327868852,0.35787654756559106,0.22100861728922327,0.18249384565074606,0.18777739842949812,0.05572289156626506,-0.16995156841362502,-0.1796656468157869,-0.0020794895311837536,-0.0006828269033800072,-0.0043889648882808885
172,0.1381972163090949,0.13656538067599863,0.08762490392006149,-0.14727624985117604,-0.1338856992241666,0.13930125671136556,0.13622396722430863,0.0853462157809984,-0.00906473574265898,-0.06696685340065545,0.19129246686478119,0.18777739842949812,0.15247524752475247,0.31847257849790567,0.19617165899010025,0.19055190037207598,0.19460566746329805,0.055933484504913075,-0.13255078957907152,-0.1588384891922554,0.0011040404022706618,-0.0003414134516900036,-0.0022786881390630953
173,0.1583458256183269,0.15807442813246841,0.12087912087912088,-0.14741031547754235,-0.13231844565222806,0.15878387180591216,0.15875725503584842,0.11993382961124896,0.03697695294333947,-0.05807031597019474,0.19922884085197468,0.19767838852850803,0.19084712755598832,0.2835800987061491,0.14982444713949905,0.20793574580781396,0.2099692727893479,0.08281733746130031,-0.10705002721809442,-0.1528794661795605,0.0004380461875852504,0.0006828269033800072,-0.00094529126787192
174,0.147168399768611,0.14646637077500854,0.1,-0.20091088118401945,-0.16676588826623062,0.14614529386681557,0.14236940935472858,0.08769106999195495,-0.03109690355041894,-0.0791980907217712,0.18736890846922385,0.18299761010583818,0.1450827653359299,0.30848061067290455,0.16644664005229715,0.19525129436861152,0.199044042335268,0.06325301204819277,-0.17953438713080838,-0.1758638412578628,-0.0010231059017954403,-0.00409696142027996,-0.01230893000804506
175,0.138274571927082,0.13519972686923865,0.09985096870342772,-0.1489124504850684,-0.1568840829767515,0.13819568257623527,0.13588255377261865,0.09535066981875492,-0.002846367323703136,-0.07451923076923073,0.17330362042101108,0.1689996585865483,0.14122137404580154,0.2572641666073674,0.17483189714668823,0.18023889666907053,0.1799248890406282,0.05636896046852123,-0.15879171707108797,-0.18396293849703227,-7.88893508467392e-05,0.0006828269033800072,-0.004500298884672793
176,0.14450591969321136,0.1413451689996586,0.1079245283018868,-0.16244883931639953,-0.13770322698321935,0.14357535353177428,0.1410037555479686,0.10988142292490119,0.017589902208891783,-0.0700060881825173,0.18777850489868353,0.18641174462273813,0.16682554814108674,0.27866169900334303,0.1737036115000099,0.1890962924300528,0.19324001365653806,0.06533036377134373,-0.1611717749242353,-0.16252551121014336,-0.0009305661614370797,-0.0003414134516900036,0.0019568946230143908
177,0.14094763700844928,0.1392966882895186,0.10073529411764706,-0.19366157328805889,-0.1557406188988527,0.14210343684573906,0.13690679412768864,0.09571984435797666,-0.03750990379173735,-0.07149589972225168,0.18271685228325177,0.17753499487879823,0.1609935602575897,0.2669383135257498,0.1509101589039752,0.18639136060796552,0.1905087060430181,0.0611353711790393,-0.16699490662139216,-0.17146629981181816,0.0011557998372897782,-0.0023898941618299696,-0.005015449759670401
178,0.14661908117312994,0.14305223625810856,0.1054628224582701,-0.17469402487578678,-0.14378644806507113,0.1501324938327204,0.15261181290542847,0.10250201775625505,0.00321536302664005,-0.054375436743203776,0.19724029853393293,0.19255718675315808,0.16634799235181644,0.28534413223871036,0.1640590592709784,0.1988498699338962,0.20279959030385797,0.0638617580766341,-0.13936186277434637,-0.1584996524598088,0.003513412659590459,0.009559576647319906,-0.0029608047020150546
179,0.14685151603723384,0.14510071696824856,0.09954407294832827,-0.14644602834676557,-0.1584359847978304,0.14451459188040422,0.14510071696824856,0.09904153354632587,-0.014864069575452388,-0.08571776077960602,0.18968727089258133,0.18777739842949812,0.15473887814313347,0.27206110738748757,0.1619786897824702,0.19877831185020442,0.200409696142028,0.061224489795918366,-0.1298777198345622,-0.16638954054982358,-0.002336924156829623,0.0,-0.0005025394020023999
180,0.14723380577390652,0.14441789006486855,0.10724852071005918,-0.17903419911902507,-0.16069152208687087,0.14733900375704898,0.14578354387162853,0.10703125,0.015110772830987385,-0.07958410237479996,0.1907931511330732,0.18572891771935815,0.16200578592092574,0.359238469126653,0.1941534391534392,0.1944594949626488,0.199044042335268,0.06759735488611315,-0.1508740479612224,-0.17082994955087982,0.00010519798314245765,0.0013656538067599866,-0.00021727071005918364
181,0.15167399655847144,0.1495390918402185,0.10722433460076046,-0.1781925475307793,-0.13758849038188303,0.153420830243855,0.15227039945373846,0.10143769968051118,-0.01883382726424243,-0.06633103124498096,0.1957108897973892,0.1911915329463981,0.16135265700483092,0.2942687901357597,0.17911132800434892,0.20064047758614578,0.20587231136906795,0.07100591715976332,-0.1683164082980393,-0.17943810924006376,0.0017468336853835587,0.002731307613519973,-0.005786634920249278
182,0.1467524617238835,0.14407647661317857,0.10727141828653708,-0.16503363972330143,-0.1614294572735019,0.1465174754656485,0.14373506316148857,0.09808429118773947,0.01986165071543633,-0.06755884155198644,0.1896161452796824,0.18607033117104813,0.1679035250463822,0.3144603430304179,0.18611532236210893,0.18679664781901079,0.18811881188118812,0.06268011527377522,-0.16272150099497773,-0.16031194994348386,-0.0002349862582350093,-0.0003414134516900036,-0.009187127098797612
183,0.15136354376993919,0.1505633321952885,0.09767441860465116,-0.1489464636795026,-0.14018176348097822,0.14875312013864767,0.14475930351655855,0.09060955518945635,0.029598863601272174,-0.05359287929693979,0.19134745983922424,0.18504609081597814,0.15841584158415842,0.2918661025846895,0.1788299150917949,0.19996639208334221,0.20177534994878799,0.06192660550458716,-0.16726883447076146,-0.16068965710351357,-0.0026104236312915197,-0.00580402867872995,-0.007064863415194814
184,0.1445473146753598,0.14236940935472858,0.09458428680396644,-0.16349576766411078,-0.14898731332294834,0.14283833634446233,0.13861386138613863,0.08835341365461848,-0.036014132055010806,-0.07406322413646127,0.18542201090224447,0.17890064868555822,0.15583173996175909,0.23043526576157147,0.15184425689552283,0.1932417276184152,0.19392284055991807,0.05580693815987934,-0.13830484314108682,-0.1660155154107864,-0.001708978330897476,-0.003755547968589956,-0.0062308731493479624
185,0.1530569287628935,0.15158757255035848,0.09724349157733538,-0.1671489967879234,-0.13487484499491353,0.1495467734868545,0.14612495732331854,0.08582995951417004,-0.015208093464859074,-0.05443246480982333,0.1907128810968996,0.18811881188118812,0.1554054054054054,0.2485919072266537,0.17103279796247206,0.19770548994632722,0.20177534994878799,0.05275056518462698,-0.1877578045854208,-0.15866766166937696,-0.003510155276039012,-0.005462615227039946,-0.011413532063165338
186,0.14242198936245218,0.1410037555479686,0.09562638991845812,-0.19851505856107088,-0.15451847001188246,0.14304164819607085,0.13793103448275862,0.09682416731216112,-0.05870398773006136,-0.0892202028772976,0.19032167917258594,0.18846022533287812,0.16159695817490494,0.28989821528165083,0.17985369100487136,0.19064643750389756,0.19426425401160805,0.057352941176470586,-0.19092826268823193,-0.166902624123614,0.0006196588336186692,-0.003072721065209977,0.0011977773937029979
187,0.1468590712490202,0.14475930351655855,0.10226385636221702,-0.18478735005452562,-0.14790916591659165,0.1449179776024787,0.14339364970979857,0.09196354598177299,-0.004225736095965105,-0.06321694669466948,0.18609736911314087,0.1802663024923182,0.160481444332999,0.2823609596510359,0.17712583758375844,0.19518075063013818,0.19597132127005804,0.05909797822706065,-0.15190839694656488,-0.15363161316131613,-0.0019410936465414919,-0.0013656538067599866,-0.01030031038044403
188,0.14617988574952087,0.14475930351655855,0.10668670172802404,-0.14153199316778353,-0.16225862978274552,0.1439651857816037,0.1413451689996586,0.1035031847133758,0.04244983764100829,-0.07730249981053838,0.18682855791068465,0.18402185046090816,0.16748768472906403,0.2958349756930758,0.1956898645001539,0.19335905905397702,0.19562990781836803,0.0643231114435303,-0.14740694858944758,-0.16905512018052204,-0.0022146999679171775,-0.0034141345168999526,-0.0031835170146482378
189,0.1509603316382431,0.14578354387162853,0.1043872919818457,-0.1433804716937247,-0.14550598584153895,0.1506051200879729,0.1488562649368385,0.09718875502008033,0.033448188783816946,-0.058413535785325044,0.19249295946162676,0.1894844656879481,0.14952380952380953,0.29635530539144994,0.1621452663050864,0.19772197450627324,0.202116763400478,0.060719640179910044,-0.12933698389808546,-0.1590788352009489,-0.00035521155027021245,0.003072721065209977,-0.007198536961765367
190,0.1474585752095562,0.1498805052919085,0.10641509433962264,-0.13875908427554284,-0.13305797664854657,0.1458656695108504,0.14646637077500854,0.10173501577287067,0.002251721037192067,-0.06880993032361638,0.1879349795378814,0.18470467736428817,0.16257088846880907,0.24978625234016827,0.16789339824191563,0.1918097364572497,0.19426425401160805,0.06119402985074627,-0.12447852941610038,-0.1499653572603703,-0.0015929056987057932,-0.0034141345168999526,-0.004680078566751969
191,0.15048507251963855,0.14783202458176853,0.10363495746326373,-0.1984865733610125,-0.14359974575140078,0.1510536538573205,0.1505633321952885,0.09310058187863675,0.007246091364959573,-0.041060277638723774,0.1861547240430445,0.1799248890406282,0.1383084577114428,0.2599847948286661,0.18452655220916592,0.19693027831025028,0.19767838852850803,0.052873563218390804,-0.14713563721879297,-0.157271674833091,0.0005685813376819504,0.002731307613519973,-0.010534375584626984
192,0.14043413898683133,0.13793103448275862,0.10771581359816654,-0.21242431123221306,-0.16848347730700675,0.14211173024298357,0.14168658245134857,0.1005631536604988,-0.057778913109294505,-0.09316467845879617,0.1843749981846815,0.18368043700921816,0.15178571428571427,0.27016537995761425,0.17501589319771138,0.18929054108364868,0.1911915329463981,0.059587471352177235,-0.17776453224341515,-0.16848347730700675,0.0016775912561522444,0.003755547968589956,-0.007152659937667741
193,0.14709763693730574,0.14680778422669855,0.10155038759689923,-0.15923138061620457,-0.13077037929646196,0.14411197519851585,0.1389552748378286,0.09690553745928339,0.007517883023984373,-0.060293023442061666,0.1852626049667701,0.18436326391259816,0.1595639246778989,0.31585768385618773,0.1886511851404168,0.1964150961014336,0.199726869238648,0.06802721088435375,-0.14777128430501663,-0.16828252031573954,-0.002985661738789891,-0.007852509388869944,-0.004644850137615841
194,0.14704752155191436,0.14441789006486855,0.10113207547169811,-0.18372714729216977,-0.15452309793365526,0.14569728152366654,0.14168658245134857,0.09432454036770584,-0.008897370907509305,-0.07071762924550706,0.1850595430570745,0.18299761010583818,0.15627996164908917,0.30769043298288756,0.1648436881482067,0.192165183761612,0.19289860020484806,0.06146926536731634,-0.11680002099674547,-0.16471565493626783,-0.0013502400282478233,-0.002731307613519973,-0.006807535103992277
195,0.14773527632839525,0.14612495732331854,0.10413476263399694,-0.11226486928565382,-0.132071516360179,0.14490125726101596,0.1406623420962786,0.0935720097640358,0.05660246105831157,-0.044887105875441535,0.18571859684344152,0.1802663024923182,0.15272373540856032,0.2954191225546875,0.18269817344186012,0.1963876884829436,0.200409696142028,0.061654135338345864,-0.135869595871288,-0.15924587806970758,-0.0028340190673792898,-0.005462615227039946,-0.01056275286996114
196,0.14167399709581885,0.1403209286445886,0.09992486851990984,-0.18057832342491298,-0.16696868729407677,0.14023952068466516,0.13622396722430863,0.08844621513944223,-0.03881872867344427,-0.08078690514529197,0.1847498318946142,0.1819733697507682,0.15949119373776907,0.31852815984803184,0.18342829538979855,0.19216434353433995,0.19597132127005804,0.05825242718446602,-0.18530270517465797,-0.17604045383605427,-0.0014344764111536845,-0.00409696142027996,-0.011478653380467607
197,0.14339133314205119,0.1403209286445886,0.10991544965411222,-0.14699356368563687,-0.14139265104355903,0.1435810857816881,0.1406623420962786,0.11056511056511056,0.04209010840108396,-0.05049487102077865,0.18724897962986808,0.18265619665414817,0.17258382642998027,0.32539803523035227,0.18470313478816525,0.19177219686540597,0.19255718675315808,0.06818181818181818,-0.13969342818428188,-0.1629808737989693,0.00018975263963691424,0.0003414134516900036,0.0006496609109983426
198,0.1439778113056527,0.14407647661317857,0.09548872180451128,-0.16780510280481475,-0.1433446552166111,0.14358385004355745,0.14168658245134857,0.09905660377358491,-0.01571924974562766,-0.07790408770926582,0.18410545775359569,0.18368043700921816,0.162109375,0.2879782679644455,0.201910752666969,0.18598378682660732,0.18777739842949812,0.05137751303052867,-0.15861314289005357,-0.15801236862342982,-0.0003939612620952604,-0.0023898941618299974,0.0035678819690736358
199,0.14929251005919109,0.14783202458176853,0.10842433697347893,-0.14527796764638867,-0.14525076870430542,0.14663434620906032,0.1406623420962786,0.09727947238252267,0.018147641831852357,-0.06635772788242267,0.1838227221320366,0.1806077159440082,0.15939086294416244,0.3036967418546366,0.19433232005075574,0.19301965955488984,0.19494708091498805,0.06790123456790123,-0.13906356801093644,-0.16125805234932522,-0.0026581638501307625,-0.007169682485489937,-0.01114486459095626
200,0.15229040640018404,0.15158757255035848,0.1094224924012158,-0.1777814133635678,-0.1443305409310427,0.1532806622036669,0.1481734380334585,0.10375099760574621,-0.03518570656764353,-0.07298264191275428,0.19329685191493126,0.1874359849778081,0.1653771760154739,0.25194989993684225,0.1750362451508194,0.1996157732645402,0.202116763400478,0.07692307692307693,-0.1742050115281889,-0.17037818660438597,0.000990255803482859,-0.0034141345168999804,-0.005671494795469592
201,0.14405418640362322,0.14236940935472858,0.1137586471944658,-0.15742039935240149,-0.1395129073746192,0.144200897930133,0.14578354387162853,0.11273317112733171,0.005391071328879504,-0.06228420383718258,0.18554622820928227,0.1799248890406282,0.16618357487922705,0.25401678545508677,0.16258760940417694,0.18999616701844846,0.1894844656879481,0.06600153491941672,-0.12506838863352998,-0.14178433983160266,0.00014671152650977404,0.0034141345168999526,-0.0010254760671340873
202,0.146048119417418,0.14407647661317857,0.10779816513761468,-0.17817452653097543,-0.13620541659126872,0.14335739150818677,0.1399795151928986,0.09290953545232274,0.00937497965499201,-0.04445279622128495,0.18416967642517149,0.1816319562990782,0.15922330097087378,0.30097156907211575,0.17869863850571255,0.19096058546169073,0.19187435984977808,0.06212121212121212,-0.14312902966790442,-0.14979839738682177,-0.002690727909231222,-0.00409696142027996,-0.014888629685291949
203,0.1507721364622229,0.15158757255035848,0.10415149308084487,-0.16059856199762923,-0.1481439061793235,0.1499999552416908,0.1505633321952885,0.10395655546935609,0.027328101611912348,-0.05419373085196477,0.1871456416942153,0.18265619665414817,0.14893617021276595,0.2706074738053419,0.17844479853006612,0.19137607563800327,0.19358142710822807,0.058399423215573176,-0.1574145374944842,-0.16380226873388326,-0.0007721812205321033,-0.001024240355069983,-0.00019493761148878241
204,0.1425445247591138,0.13656538067599863,0.1092690278824416,-0.18759776103002956,-0.1539725126460434,0.1410258939222824,0.13451689996585867,0.10614525139664804,-0.032899414403350646,-0.07022042609138279,0.1870644503512566,0.18470467736428817,0.176007866273353,0.3218971780187959,0.1968808229207779,0.18779366321247623,0.1911915329463981,0.06551204819277108,-0.15767157464741388,-0.15510429759948474,-0.0015186308368314028,-0.002048480710139966,-0.003123776485793553
205,0.13974350578108913,0.1389552748378286,0.10242792109256449,-0.13864559532876364,-0.1456586972149433,0.13994591722076252,0.1406623420962786,0.09253246753246754,0.06582677498519085,-0.04828390108913261,0.17984699076975247,0.17582792762034824,0.1485053037608486,0.2642696962003893,0.1725077878007869,0.18520543879882168,0.18572891771935815,0.058078927773641105,-0.12903021071337906,-0.1739653239957022,0.00020241143967339448,0.0017070672584499902,-0.009895453560096953
206,0.1535519302036325,0.15363605326049845,0.10746951219512195,-0.1731624929781509,-0.15200578588802804,0.1546735030731524,0.15739160122908843,0.1063658340048348,0.010865387458238507,-0.07136993366511635,0.18872530004928867,0.18504609081597814,0.16422287390029325,0.2706627147207522,0.17621620414607753,0.19970470966552833,0.20484807101399796,0.07468259895444361,-0.16154687638589127,-0.18267012405730443,0.0011215728695198879,0.003755547968589984,-0.001103678190287144
207,0.15021728971255088,0.14407647661317857,0.09179834462001504,-0.15094363204599426,-0.14594449583718783,0.14962934216283216,0.14783202458176853,0.0875796178343949,0.000574928133983299,-0.06351279679309285,0.19426421804048288,0.1888016387845681,0.1492822966507177,0.3385826771653544,0.17474868948504474,0.19616246016587957,0.19938545578695802,0.0472972972972973,-0.145681789776278,-0.14933209990749308,-0.0005879475497187203,0.003755547968589956,-0.004218726785620144
208,0.14035335803687585,0.1403209286445886,0.09645061728395062,-0.14937075966858904,-0.14701772802182334,0.13548208568726205,0.1314441789006487,0.0912762520193861,-0.030609321371562692,-0.08093673746032037,0.1733690772504022,0.1700238989416183,0.1544477028347996,0.2866517631787697,0.16401865858663045,0.18665750496182779,0.1898258791396381,0.06268882175226587,-0.1746573139808879,-0.1789188958791006,-0.004871272349613792,-0.008876749743939899,-0.005174365264564509
209,0.15366534347007219,0.15500170706725844,0.11535463756819954,-0.15975266661075493,-0.13314860871491918,0.15445950879995043,0.15431888016387846,0.11046990931574609,0.01212269077989303,-0.05337719920633144,0.19509106465410778,0.19426425401160805,0.18371400198609733,0.29471290570986364,0.18137866306179817,0.20117534156188333,0.20279959030385797,0.06774441878367975,-0.13521946644911909,-0.15138207374545343,0.0007941653298782492,-0.0006828269033799794,-0.004884728252453452
210,0.1521853688556676,0.1495390918402185,0.11253776435045318,-0.1360708708061823,-0.14123053834317656,0.15223881762085217,0.15124615909866848,0.10467882632831087,0.0024485253199777457,-0.07007630607182413,0.19936256072462888,0.19426425401160805,0.1557454890788224,0.2750264778214587,0.16484560364946643,0.2022444689816822,0.20314100375554797,0.06194029850746269,-0.13584468738219613,-0.15930145447558341,5.3448765184566094e-05,0.0017070672584499902,-0.007858938022142312
211,0.14372440490158428,0.1392966882895186,0.09689349112426035,-0.19524827482748275,-0.15417497512454625,0.14237613523874187,0.13861386138613863,0.08366219415943173,0.027831533153315435,-0.058553085708264674,0.1863217721467121,0.18231478320245817,0.14191106906338694,0.29512076207620763,0.17768922932019582,0.1881207758872786,0.19255718675315808,0.0525164113785558,-0.17009075907590754,-0.17554927981759738,-0.0013482696628424051,-0.0006828269033799794,-0.013231296964828623
212,0.15198058371747655,0.1481734380334585,0.10400616332819723,-0.17991177153471094,-0.1635448071557566,0.15427180720147124,0.15227039945373846,0.10154346060113728,-0.03324820060366851,-0.08693852114030509,0.2047504772098331,0.20348241720723798,0.16633466135458166,0.2935964708613884,0.17260814938965752,0.2084728973128018,0.2116763400477979,0.059276366435719784,-0.1277269561179475,-0.16468818455897227,0.0022912234839946866,0.00409696142027996,-0.002462702727059951
213,0.1363785079534705,0.13315124615909868,0.09541697971450037,-0.1569362453517691,-0.13889189788030232,0.13539720004705294,0.13110276544895869,0.08699122106943336,-0.0028656296529071534,-0.05099091558137814,0.1766098485370476,0.1710481392966883,0.14875239923224567,0.2979263465840647,0.18679251089391657,0.1823099016610078,0.18572891771935815,0.06140350877192982,-0.185962903937809,-0.18058851768876638,-0.0009813079064175667,-0.0020484807101399938,-0.008425758645067019
214,0.1389063004471026,0.13827244793444862,0.09410864575363427,-0.18308292179347674,-0.155761784468613,0.1376843242035676,0.13656538067599863,0.08816326530612245,-0.016921960882787856,-0.06242289339869589,0.18222821484047777,0.17480368726527826,0.14595660749506903,0.3043999888395972,0.17775400923243245,0.18850414155125964,0.19255718675315808,0.06046863189720333,-0.1584114561535671,-0.17397425101884056,-0.0012219762435349835,-0.0017070672584499902,-0.005945380447511819
215,0.14614593028567405,0.14441789006486855,0.10290652003142184,-0.16793005191459465,-0.14541207586226979,0.14580530659732766,0.14168658245134857,0.09007506255212677,-0.012611733479058529,-0.060573415771359995,0.1927551455419927,0.1908501194947081,0.1591375770020534,0.30441469222061757,0.19738196964018995,0.1986833874470133,0.200751109593718,0.05581761006289308,-0.11966899566727818,-0.14426560748266282,-0.000340623688346392,-0.002731307613519973,-0.012831457479295066
216,0.14299520556275153,0.1399795151928986,0.09631949882537197,-0.1606272668245109,-0.13196527180484396,0.14363454971195277,0.14475930351655855,0.08970099667774087,0.022867736596904775,-0.04865811550303534,0.18395403298470878,0.1802663024923182,0.15109343936381708,0.333571630014888,0.17729828104159662,0.19151860352119748,0.19392284055991807,0.057926829268292686,-0.16096612907809793,-0.17190705907283454,0.0006393441492012486,0.004779788323659939,-0.0066185021476311
217,0.1414395976988742,0.1399795151928986,0.09832317073170732,-0.17921419090684132,-0.1501225267954709,0.13985835008264288,0.13554114032092865,0.08747993579454254,-0.025918052087317123,-0.0751984376089837,0.18432973731323457,0.17924206213724822,0.14593535749265427,0.3087763304912525,0.18022459370858623,0.190578314453285,0.19324001365653806,0.04779969650986343,-0.1433957241306908,-0.15693380763060616,-0.0015812476162313238,-0.004438374871969963,-0.010843234937164783
218,0.14252995410014155,0.1389552748378286,0.11301115241635688,-0.1833078693653022,-0.1556011507976448,0.141260194588465,0.1399795151928986,0.1026252983293556,-0.007773625626985914,-0.056411184541612314,0.1842668152378176,0.1802663024923182,0.1671497584541063,0.3097423748889546,0.19381804851337858,0.18549498204979686,0.18572891771935815,0.058646616541353384,-0.14814760986899833,-0.13869377018582119,-0.0012697595116765437,0.0010242403550700108,-0.010385854087001281
219,0.1420260049105405,0.13793103448275862,0.10611643330876934,-0.19602128670328323,-0.1597997921490334,0.14226808217087986,0.1406623420962786,0.10390625,-0.014669748292384432,-0.07317760997193123,0.1874053497589829,0.18402185046090816,0.15849056603773584,0.2936974348846436,0.17431433910550354,0.18858254067126226,0.19221577330146808,0.06217995610826628,-0.15726788615065446,-0.17104942619800767,0.00024207726033936838,0.002731307613519973,-0.002210183308769334
220,0.15294960015602566,0.1519289860020485,0.09391435011269722,-0.13667152468907395,-0.13889189788030232,0.15287292298662786,0.1519289860020485,0.08678343949044585,0.02046788041713543,-0.05437172259287526,0.1969204679144515,0.19631273472174804,0.15262172284644196,0.32385012119884915,0.15749218346094196,0.2041160265493253,0.20655513827244792,0.0512630014858841,-0.0995680639144585,-0.1557959329377877,-7.667716939779856e-05,0.0,-0.007130910622251366
221,0.1383556103597823,0.13451689996585867,0.10300751879699248,-0.1663564922177715,-0.14520824086403306,0.13841150189899498,0.13758962103106862,0.10143769968051118,-0.005459554948130663,-0.05716637076490605,0.18173848644995702,0.18265619665414817,0.1729106628242075,0.3229915598624571,0.1809981752724762,0.18046251944586789,0.1802663024923182,0.05785123966942149,-0.1648353046373504,-0.14633698278838092,5.5891539212676866e-05,0.003072721065209949,-0.001569819116481297
222,0.13780366523220947,0.13451689996585867,0.10599078341013825,-0.19068100358422935,-0.16049511985340859,0.13813764366425202,0.13417548651416866,0.0983739837398374,-0.019175627240143323,-0.07832915747354241,0.18398196727052035,0.1806077159440082,0.1659919028340081,0.34103942652329755,0.19783977163656308,0.1849085247325175,0.18265619665414817,0.06081601231716705,-0.14569892473118273,-0.1570715380875808,0.0003339784320425532,-0.0003414134516900036,-0.00761679967030085
223,0.14875069088762868,0.14714919767838852,0.1004601226993865,-0.14950989986612284,-0.13822572330691407,0.14875289705354824,0.14510071696824856,0.10153102336825141,0.013563873513454228,-0.06675440031326363,0.18577475327254447,0.18231478320245817,0.15930902111324377,0.2837491877334043,0.1590042231111244,0.1952576158028437,0.198361215431888,0.06811377245508982,-0.15265914553468674,-0.1745286175259112,2.2061659195604655e-06,-0.002048480710139966,0.0010709006688649075
224,0.14246371627255852,0.13861386138613863,0.09056316590563165,-0.17364545384078756,-0.15616354029726076,0.1418109646897687,0.1396381017412086,0.08872901678657075,0.002269203937679265,-0.08458153852932127,0.18368539545955936,0.1799248890406282,0.13994169096209913,0.2738508642740872,0.167659801033894,0.19743496501821806,0.20177534994878799,0.05829596412556054,-0.16953143167196338,-0.18343287430409483,-0.0006527515827898234,0.001024240355069983,-0.0018341491190609072
225,0.14219434342490933,0.1396381017412086,0.1080669710806697,-0.17170127713007344,-0.14769118339237497,0.14322595552844702,0.14475930351655855,0.0993431855500821,0.03822449514817727,-0.03882998488864675,0.18608745495705037,0.18265619665414817,0.15682478218780252,0.3071986584968489,0.17095461639457965,0.19068321751402847,0.19016729259132809,0.057882711348057884,-0.15156283527644654,-0.14655721257462773,0.0010316121035376935,0.005121201775349943,-0.0087237855305876
226,0.14045103617938365,0.1406623420962786,0.10368144252441773,-0.14326511718195867,-0.14354161757208628,0.1409850400206362,0.14305223625810856,0.0925181013676589,0.05422325421653462,-0.04427245297316784,0.18091596060612256,0.1782178217821782,0.15262172284644196,0.26256000955673187,0.15313781753604505,0.18702169580333294,0.1891430522362581,0.05943536404160475,-0.15925771071473904,-0.1604624979014473,0.000534003841252545,0.0023898941618299696,-0.011163341156758835
227,0.13149589229866995,0.12700580402867873,0.08885651857246904,-0.1680195553915691,-0.15367077732579382,0.13060486984737374,0.12427449641515875,0.08409785932721713,-0.02118308581619155,-0.08089575374568336,0.17855038800704326,0.17753499487879823,0.1541318477251625,0.2786143652184607,0.17773548390055538,0.18089693106323426,0.18265619665414817,0.06200997861724875,-0.1742478399901608,-0.18725924974738328,-0.0008910224512962139,-0.002731307613519973,-0.004758659245251914
228,0.14929709532877036,0.14749061113007852,0.11666666666666667,-0.1421920295159732,-0.16392633695814096,0.15116494277618983,0.1485148514851485,0.11254019292604502,0.02279581857046642,-0.0775541238393167,0.19450620687613376,0.1911915329463981,0.17618110236220472,0.34356241398494924,0.18156251551715574,0.19579911293115612,0.20245817685216796,0.07413010590015129,-0.15162806359989467,-0.16619928993495203,0.0018678474474194684,0.001024240355069983,-0.004126473740621653
229,0.15749670012910874,0.15670877432570843,0.11380880121396054,-0.16843137254901963,-0.14378644806507113,0.15885622786497036,0.15807442813246841,0.11075697211155379,-0.021372549019607834,-0.0724839959982655,0.20174113422424214,0.198361215431888,0.1786407766990291,0.26441176470588235,0.18216761852604024,0.20717904893627181,0.2113349265961079,0.07578008915304606,-0.17552287581699344,-0.17547642676142916,0.001359527735861621,0.0013656538067599866,-0.0030518291024067556
230,0.14846707529091885,0.1495390918402185,0.11782708492731446,-0.15765537132820928,-0.12667768243947497,0.14917404200800408,0.14714919767838852,0.10777957860615883,0.028028874816712568,-0.04414398059643243,0.18997966479546857,0.18470467736428817,0.17424975798644723,0.2703791431011425,0.1831063491357805,0.19534878336675804,0.19562990781836803,0.07749627421758569,-0.15973799970996272,-0.16624863537792,0.0007069667170852278,-0.0023898941618299696,-0.010047506321155628
231,0.15431409596816875,0.15227039945373846,0.11236802413273002,-0.15932180478714675,-0.15471681778478608,0.15250535912219224,0.15227039945373846,0.10556003223207092,0.002214948488447277,-0.05847428673020583,0.18843202558903135,0.18470467736428817,0.1563393708293613,0.24596549160463077,0.1589206069460226,0.1998267446495948,0.200751109593718,0.060514372163388806,-0.14721393467157162,-0.15018775749986468,-0.0018087368459765163,0.0,-0.006807991900659102
232,0.14262978719720584,0.1413451689996586,0.10266159695817491,-0.1859451281331399,-0.15541293457350325,0.14206824922872097,0.1403209286445886,0.0967741935483871,-0.02015581863272664,-0.0702342174366245,0.18832576724678837,0.18709457152611814,0.15758176412289396,0.2994829441766881,0.19211623134496147,0.19259353658732192,0.198361215431888,0.06306306306306306,-0.1599909534727747,-0.1747201104578624,-0.0005615379684848765,-0.0010242403550700108,-0.005887403409787814
233,0.13775644297010925,0.13588255377261865,0.09851851851851852,-0.1776426021709041,-0.15378376841791475,0.13862098598003844,0.13622396722430863,0.09247648902821316,-0.0041489313726510435,-0.07050444611420215,0.1813127881576797,0.1782178217821782,0.15348837209302327,0.2673736501229763,0.1557001996026386,0.18478784161855213,0.18846022533287812,0.0650759219088937,-0.1539753076141217,-0.1909218445803812,0.0008645430099291918,0.00034141345168997583,-0.006042029490305356
234,0.1403424163523984,0.1403209286445886,0.09940652818991098,-0.157134524873084,-0.16084967752961044,0.13879884758542946,0.1410037555479686,0.0989867498051442,-0.016845785293770454,-0.08755521410525047,0.1755769098451889,0.1707067258449983,0.148975791433892,0.2506515407021309,0.14811467598230676,0.18339648062987926,0.18641174462273813,0.060029282576866766,-0.17594330230255106,-0.1811466058625102,-0.0015435687669689557,0.0006828269033800072,-0.00041977838476678353
235,0.13794408609490139,0.13554114032092865,0.09796533534287867,-0.18510348711690994,-0.14741989719584636,0.13662604582585372,0.13451689996585867,0.08580593424218123,-0.012253406548708656,-0.05700952000039494,0.1823356820644532,0.17787640833048823,0.1562198649951784,0.3052009511741056,0.18031772013766467,0.18377669592967597,0.18675315807442813,0.06824925816023739,-0.14048982337572935,-0.17115262120965236,-0.0013180402690476656,-0.001024240355069983,-0.012159401100697437
236,0.14544308669737835,0.14271082280641859,0.0958302852962692,-0.17223984188269903,-0.1654622306435405,0.14778072554035745,0.1410037555479686,0.0897239263803681,-0.043355855855855885,-0.09467017498101371,0.19386044144438994,0.19016729259132809,0.14752567693744165,0.23425721640007358,0.16714806262801385,0.19677909843749933,0.20314100375554797,0.06444605358435916,-0.13768615554329833,-0.18119379856854645,0.002337638842979106,-0.0017070672584499902,-0.006106358915901111
237,0.1478774785772293,0.14510071696824856,0.11875,-0.1587513833450226,-0.13633386853091223,0.14503025037163197,0.13724820757937864,0.10955518945634267,-0.012912544778654889,-0.06099725044971249,0.18229435305469632,0.18368043700921816,0.183,0.28078973354340975,0.1832760263590263,0.19039118107007247,0.19494708091498805,0.08422664624808576,-0.15349020184419504,-0.16601193019926375,-0.002847228205597324,-0.007852509388869916,-0.009194810543657325
238,0.15069607906541307,0.1481734380334585,0.1033434650455927,-0.20043336340218165,-0.15749205876513805,0.1502995730918725,0.14783202458176853,0.0991869918699187,-0.002477425114618126,-0.05979873932896562,0.19777475559668856,0.19426425401160805,0.16157635467980297,0.3009662329932764,0.18443455926146513,0.20156504439898582,0.2079207920792079,0.06616541353383458,-0.1815904250867192,-0.1733956223942823,-0.00039650597354057293,-0.00034141345168997583,-0.004156473175674011
239,0.1504470889345771,0.14612495732331854,0.10741885625965997,-0.14890564121808814,-0.14285056789257322,0.15220856700803947,0.15090474564697848,0.10784313725490197,0.01672534887400068,-0.06313445353847935,0.19561325443585562,0.19153294639808807,0.16715542521994134,0.28229268992615975,0.16576467482113322,0.2015113680324395,0.20382383065892795,0.06569900687547746,-0.15733086095444127,-0.15993259239702196,0.0017614780734623858,0.004779788323659939,0.000424280995241999
240,0.1364496474373004,0.13315124615909868,0.10740740740740741,-0.18325846486420194,-0.1472860794178089,0.14108629210360576,0.1396381017412086,0.10840534171249018,0.021640309388199386,-0.06074617777548619,0.19283117698476784,0.1894844656879481,0.1784351145038168,0.2859234501843605,0.19213015819234014,0.1860582346701536,0.18811881188118812,0.06060606060606061,-0.16284466964607403,-0.15065776389737995,0.004636644666305367,0.006486855582109929,0.0009979343050827705
241,0.15029207514382795,0.14783202458176853,0.10578386605783865,-0.15678157401385007,-0.1345918730271639,0.15003363562432212,0.14578354387162853,0.10492332526230831,0.022242414967287738,-0.049796973873353134,0.19376518850327082,0.1905087060430181,0.1718146718146718,0.2746872250066955,0.17971455316962814,0.19687216276229635,0.20314100375554797,0.07222635889798958,-0.10650227646631205,-0.16737923403330413,-0.00025843951950582644,-0.0020484807101399938,-0.0008605407955303429
242,0.13879284241059878,0.1392966882895186,0.10474006116207951,-0.17366122421554797,-0.14652204326547413,0.13715448028473554,0.13451689996585867,0.09304207119741101,-0.007796047263896488,-0.06476860338493662,0.1753130303712041,0.17173096620006828,0.1510365251727542,0.30152331039249003,0.1884399673561724,0.18429500941619154,0.1908501194947081,0.06971514242878561,-0.17458461715667917,-0.1760441187778905,-0.0016383621258632408,-0.004779788323659939,-0.011697989964668504
243,0.14969889821333432,0.14271082280641859,0.0913818722139673,-0.1288454212568123,-0.14371655804698846,0.1479012154135859,0.14783202458176853,0.09055118110236221,0.058372270207654786,-0.05828442608382545,0.18910709613755766,0.18402185046090816,0.15143120960295475,0.2814514060034051,0.15192358282553586,0.19723572999865938,0.200409696142028,0.05401459854014599,-0.1385109658158863,-0.17069512603535564,-0.001797682799748429,0.005121201775349943,-0.0008306911116050947
244,0.14004214160946885,0.13793103448275862,0.11344853493613824,-0.14299839327648,-0.13055074362170016,0.139354916345948,0.13656538067599863,0.11225296442687747,0.029230008651588202,-0.05630315889846971,0.1868823452446861,0.18538750426766815,0.18875119161105816,0.3317266098133729,0.18668893655937535,0.1841467501627105,0.19016729259132809,0.07885040530582167,-0.13749845507353842,-0.1597997921490334,-0.0006872252635208576,-0.0013656538067599866,-0.0011955705092607655
245,0.1527840010119238,0.14714919767838852,0.10611928737412858,-0.15444919965512793,-0.14699454181838234,0.15185345939611453,0.15090474564697848,0.09819967266775777,0.009998946657979846,-0.06827073253788474,0.20007010590953117,0.19528849436667806,0.16375968992248063,0.2598399700382714,0.1485049741765293,0.20457988900808335,0.20484807101399796,0.056677018633540376,-0.14589762295817443,-0.14357176750183898,-0.0009305416158092716,0.003755547968589956,-0.007919614706370814
246,0.15661729158167567,0.15807442813246841,0.11605124340617935,-0.17255771112774165,-0.15022525589681301,0.1551561559544208,0.15124615909866848,0.10024057738572574,-0.018925220194577097,-0.05975851036201829,0.192870066546487,0.1888016387845681,0.16396568160152525,0.265423214936772,0.16414668483659878,0.20044369559973088,0.20245817685216796,0.062172284644194754,-0.15039913265404026,-0.15927193045029253,-0.0014611356272548615,-0.006828269033799933,-0.015810666020453612
247,0.1479567630696299,0.14271082280641859,0.10059612518628912,-0.15106322992934584,-0.13552188629646844,0.15185650105688484,0.1495390918402185,0.10254372019077901,0.021777204418662266,-0.041167800818675326,0.19192958830194923,0.18572891771935815,0.16165413533834586,0.3288605626703347,0.1767452061181327,0.19357063181758824,0.19699556162512802,0.06864161849710983,-0.17858161966355968,-0.182698929035365,0.003899737987254931,0.006828269033799905,0.001947595004489891
248,0.15389153718305176,0.1505633321952885,0.11127596439169139,-0.16110648952394935,-0.15339263781990675,0.1521113638280771,0.15158757255035848,0.10172143974960876,-0.0036293052123347325,-0.07458438438161463,0.19569344128028526,0.19289860020484806,0.17411545623836128,0.30612169998287286,0.15508538278140815,0.1989952574652315,0.19801980198019803,0.058823529411764705,-0.14584301827701796,-0.1477634768600289,-0.0017801733549746568,0.001024240355069983,-0.009554524642082632
249,0.1463535128010246,0.14441789006486855,0.10703363914373089,-0.15769283049644311,-0.1399499885605875,0.1467635309119835,0.14373506316148857,0.10916334661354582,-0.04001978523206118,-0.07986257844666089,0.18974181719798897,0.18811881188118812,0.16782522343594836,0.3422014468894896,0.20130115189775055,0.19069269073861944,0.19289860020484806,0.05971277399848828,-0.16135158810469563,-0.15695585934754797,0.00041001811095889296,-0.0006828269033799794,0.0021297074698149315
250,0.13801719349946345,0.13622396722430863,0.10324483775811209,-0.18541125541125536,-0.16146749060041754,0.13485210546892656,0.13280983270740868,0.0947940947940948,-0.03727994227994236,-0.08380013622939653,0.17015198816083835,0.16695117787640834,0.14597156398104266,0.3152886002886004,0.17734227267026836,0.17850576391474693,0.1812905428473882,0.05383480825958702,-0.1553751803751804,-0.16146749060041754,-0.003165088030536889,-0.0034141345168999526,-0.008450742964017294
251,0.150648674433343,0.1485148514851485,0.10837070254110613,-0.18762909494725155,-0.17396173013450833,0.14955449833381887,0.1481734380334585,0.09849086576648133,-0.024886174347584666,-0.0843974773231837,0.18930594014086344,0.18504609081597814,0.15139826422372227,0.2272792892837312,0.1672894103238297,0.1960845612810213,0.19392284055991807,0.05686125852918878,-0.1359744586340922,-0.15242096047102516,-0.0010941760995241412,-0.0003414134516900036,-0.009879836774624798
252,0.1561175718355045,0.1519289860020485,0.10268199233716475,-0.14929362352042763,-0.151595178656592,0.15691634384698228,0.15500170706725844,0.10080645161290322,-0.004667384725855261,-0.07764077915743006,0.19534124023413688,0.19289860020484806,0.14893617021276595,0.2241940355496287,0.15673777925529853,0.2057321470229647,0.2096278593376579,0.06400602409638555,-0.1515047899106985,-0.17776365847937226,0.0007987720114777663,0.003072721065209949,-0.0018755407242615346
253,0.15841349666966434,0.15602594742232845,0.10558069381598793,-0.19006597334448738,-0.13047615561980752,0.15919920790235326,0.15602594742232845,0.09832134292565947,0.0115843108922562,-0.04600581219934452,0.20256584694982502,0.200068282690338,0.1641509433962264,0.24204232180542617,0.16911199571143476,0.2078358852013778,0.21235916695117787,0.06184798807749627,-0.16025628838146666,-0.14849649554950628,0.0007857112326889182,0.0,-0.0072593508903284615
254,0.14449337725526348,0.14271082280641859,0.09836065573770492,-0.1705463769417258,-0.1494266026824166,0.14329276005446334,0.1392966882895186,0.0924170616113744,0.0022073568585196934,-0.06381321520856409,0.18325504182929875,0.1819733697507682,0.15281757402101243,0.3030626141091257,0.1828885197489849,0.18606384611605126,0.18846022533287812,0.05657604702424688,-0.16153736793271678,-0.17082994955087982,-0.0012006172008001414,-0.0034141345168999804,-0.005943594126330512
255,0.146768343667959,0.14544213041993856,0.1048265460030166,-0.16795999372422288,-0.1509666010804579,0.14759226308219753,0.1495390918402185,0.10303514376996806,0.011882498697054822,-0.06724980622256493,0.18534149740762762,0.1802663024923182,0.1568075117370892,0.24922950408737032,0.1443047969994078,0.19140141906473496,0.19324001365653806,0.052591463414634144,-0.09673353014266572,-0.13512828853977543,0.0008239194142385386,0.004096961420279932,-0.0017914022330485363
256,0.14790969902714834,0.14646637077500854,0.10771581359816654,-0.18349554969808035,-0.15898520084566603,0.1463033026464443,0.14714919767838852,0.1030008110300081,-0.031236081397810977,-0.07245616216888451,0.1835413741555834,0.1782178217821782,0.15933528836754643,0.283227582379871,0.16663723417485388,0.1929524502555388,0.19153294639808807,0.06458966565349544,-0.14542155567075798,-0.16695498072379056,-0.0016063963807040338,0.0006828269033799794,-0.004715002568158433
257,0.1534494384478777,0.15261181290542847,0.10998439937597504,-0.1678533692892401,-0.16339521131841683,0.15343636095802887,0.15295322635711847,0.10307564422277639,-0.009450253110658946,-0.07264146060278098,0.19159987470793538,0.1891430522362581,0.15747241725175526,0.2756146409928877,0.164007560250649,0.20393054730476534,0.20518948446568794,0.0645412130637636,-0.14048824336471588,-0.16799033793692997,-1.3077489848828394e-05,0.0003414134516900036,-0.006908755153198651
258,0.14037753392917654,0.1392966882895186,0.09488510007412898,-0.16621441872838516,-0.14894359244590993,0.13783914541733175,0.13417548651416866,0.08478605388272584,-0.005613194998669857,-0.05110916421231515,0.17673718059401147,0.17207237965175828,0.14807872539831302,0.2832858282977996,0.1681748990698798,0.18216058280227213,0.18675315807442813,0.05954974582425563,-0.13783681070193443,-0.1804305348659173,-0.0025383885118447913,-0.005121201775349943,-0.010099046191403144
259,0.15632484297889812,0.15261181290542847,0.10462471569370735,-0.180215734694805,-0.15054230955262593,0.15559757899528667,0.15329463980880847,0.10539018503620273,0.0015377156968200412,-0.06441645363066872,0.19398727139641184,0.19153294639808807,0.166988416988417,0.29103731422424894,0.17016318026203037,0.1992577801183852,0.199044042335268,0.05869074492099323,-0.16278197766903502,-0.16187465901604137,-0.0007272639836114481,0.0006828269033800072,0.000765469342495384
260,0.1552451566635886,0.15636736087401842,0.11053412462908012,-0.1854915116881879,-0.1636537968568218,0.15541882260036494,0.15636736087401842,0.10736677115987461,-0.03925459373888929,-0.08241723029597936,0.19245085333808523,0.1911915329463981,0.1603415559772296,0.2581193627261117,0.16806218326661804,0.1990223775801066,0.20177534994878799,0.06494464944649446,-0.166298214147385,-0.1715517963835702,0.00017366593677634046,0.0,-0.0031673534692055055
261,0.14139695069881794,0.1389552748378286,0.09527439024390244,-0.15405658809845957,-0.1482413017914661,0.14261962660244723,0.14305223625810856,0.09157212317666126,-0.0031925751857390106,-0.05973361179581971,0.18076377118607329,0.17890064868555822,0.14660194174757282,0.3169906715089368,0.17174803896202484,0.18901034711043393,0.19392284055991807,0.05455904334828102,-0.1612309810344419,-0.17774386512334828,0.001222675903629289,0.00409696142027996,-0.00370226706724118
262,0.14254642114570468,0.14168658245134857,0.09869375907111756,-0.15365119680947836,-0.1722380056648749,0.14035165367502397,0.1392966882895186,0.09146810146041506,0.029354399703071965,-0.0858108093611123,0.1827625084768531,0.1812905428473882,0.14232558139534884,0.2686708100751781,0.167858623946035,0.18595532292855133,0.1894844656879481,0.049927641099855286,-0.18060033331635217,-0.1767277301481872,-0.002194767470680703,-0.0023898941618299696,-0.007225657610702499
263,0.14293724114299258,0.1406623420962786,0.10355253212396069,-0.1760811810504015,-0.14944537283227788,0.14473493196554227,0.14373506316148857,0.10250201775625505,0.04773342309498951,-0.054375436743203776,0.18541077692011218,0.1806077159440082,0.15640273704789834,0.36296609025230253,0.1900901132001297,0.18881346708854901,0.1911915329463981,0.060719640179910044,-0.12654301618182062,-0.16189500732013284,0.0017976908225496857,0.003072721065209977,-0.001050514367705646
264,0.1478721909680125,0.14680778422669855,0.0983858570330515,-0.1821973466003317,-0.1395129073746192,0.14444802998064443,0.14407647661317857,0.08279220779220779,0.013640132669983429,-0.06114848760869085,0.1856833955980997,0.18094912939569818,0.1438223938223938,0.2788557213930348,0.1614518931756853,0.19387111364361198,0.19631273472174804,0.049773755656108594,-0.16671641791044778,-0.167905813086912,-0.003424160987368058,-0.002731307613519973,-0.015593649240843707
265,0.14982892856708457,0.14749061113007852,0.11204268292682927,-0.2048710683723992,-0.1595594986026555,0.14882239545135142,0.14783202458176853,0.10241935483870968,-0.04626656363584325,-0.07764077915743006,0.1944496032549162,0.19187435984977808,0.16176470588235295,0.24810394665292923,0.17266641914742564,0.19817947008221098,0.200068282690338,0.05657492354740061,-0.13434646976331532,-0.15500845863347634,-0.0010065331157331492,0.0003414134516900036,-0.009623328088119595
266,0.1461997449753519,0.14305223625810856,0.10786516853932585,-0.17824724787297352,-0.15552490662618534,0.14759373208304583,0.14612495732331854,0.09905660377358491,-0.02962115909371643,-0.08434143113015868,0.19677390867275574,0.19221577330146808,0.15637065637065636,0.2827270107090588,0.18231412787083023,0.1976602696537838,0.20177534994878799,0.05588673621460507,-0.1262572195375753,-0.16343418168129953,0.0013939871076939225,0.003072721065209977,-0.008808564765740934
267,0.14783799929003183,0.14510071696824856,0.10576164167324388,-0.17242049874170673,-0.14520770660892646,0.14840585121042085,0.14441789006486855,0.09380234505862646,-0.030862502859757446,-0.06136797577320752,0.1876605325883377,0.18607033117104813,0.16395112016293278,0.3184397163120568,0.18211179048942838,0.1972272720194002,0.19801980198019803,0.06426332288401254,-0.14318233813772585,-0.15554411178045346,0.0005678519203890231,-0.0006828269033800072,-0.01195929661461742
268,0.1453687406798613,0.14236940935472858,0.10900832702498107,-0.1770674784373415,-0.166009057223662,0.14476861482518566,0.14168658245134857,0.1026677445432498,-0.013672894653637191,-0.07052360735640995,0.18427621642674807,0.18231478320245817,0.1572265625,0.2721711189052861,0.1716002119498361,0.19364373646148048,0.19221577330146808,0.05966767371601209,-0.17566121809719193,-0.1694192518617782,-0.0006001258546756427,-0.0006828269033800072,-0.006340582481731277
269,0.14330809683503679,0.1406623420962786,0.10036363636363636,-0.1654311826277144,-0.15775639776768957,0.14265523490008536,0.1403209286445886,0.09264931087289434,-0.016501327917512798,-0.08047578661353916,0.1863567805764154,0.1819733697507682,0.14967860422405876,0.23659193875956885,0.16256613542197762,0.18907454802970963,0.19528849436667806,0.0658554044380816,-0.16138493985314795,-0.18239659262843322,-0.0006528619349514264,-0.0003414134516900036,-0.0077143254907420244
270,0.15773050959981827,0.15534312051894844,0.12100456621004566,-0.18251392572492176,-0.14581398803996581,0.1593752541886411,0.16182997610105837,0.11358024691358025,0.027128743923474974,-0.033599524570070205,0.19798297825704553,0.19358142710822807,0.16827852998065765,0.3197257808292028,0.1715602520769106,0.20218888420840783,0.20518948446568794,0.06483600305110603,-0.14011972373543513,-0.14241354975299925,0.0016447445888228274,0.006486855582109929,-0.0074243192964654064
271,0.14175738867562063,0.1403209286445886,0.09892638036809816,-0.18450472711264476,-0.15140192027526267,0.14001404979126922,0.13861386138613863,0.08813838550247118,-0.003848434177219695,-0.04898019560753186,0.18306599090671422,0.17924206213724822,0.15361744301288405,0.28402793309972907,0.18431373280229912,0.1886736084569468,0.19324001365653806,0.059001512859304085,-0.1621543420917163,-0.17188626520880879,-0.0017433388843514086,-0.0017070672584499624,-0.010787994865626982
272,0.14739842963418828,0.14919767838852852,0.10611643330876934,-0.16038596350327272,-0.1532978927062011,0.14869449386149836,0.14714919767838852,0.09858044164037855,0.047635438119441376,-0.0533088145061138,0.1909812384285032,0.18675315807442813,0.16336166194523136,0.32935208078768374,0.18149699834577682,0.19122486468208114,0.1911915329463981,0.05752212389380531,-0.12985537841977546,-0.15217441991743608,0.001296064227310073,-0.0020484807101399938,-0.007535991668390793
273,0.1470854025113411,0.14441789006486855,0.10275502606105734,-0.1567604102383261,-0.16362667166820088,0.14500566704849818,0.14646637077500854,0.08925750394944708,0.01550442269828678,-0.07664254742614307,0.18653644320239043,0.18402185046090816,0.14595103578154425,0.2885715125334274,0.15380889861775038,0.1955345067131338,0.198702628883578,0.05782060785767235,-0.12214875547327286,-0.1704046553753742,-0.00207973546284293,0.0020484807101399938,-0.01349752211161026
274,0.15762956229632086,0.15534312051894844,0.10558530986993114,-0.19198426691984272,-0.15955032968003946,0.15699859010252343,0.15397746671218845,0.10066006600660066,-0.003488705034887074,-0.05131422444999145,0.19006423634469638,0.1874359849778081,0.1624015748031496,0.26522823515228233,0.1719939505509498,0.201950613103861,0.20450665756230796,0.0624048706240487,-0.16973341169733414,-0.1675256216443588,-0.00063097219379743,-0.0013656538067599866,-0.004925243863330486
275,0.14445732204085052,0.1413451689996586,0.11102423768569195,-0.15058389447467946,-0.1304739571398683,0.14321006461726926,0.1403209286445886,0.10404624277456648,0.022383543953509832,-0.05294563777111383,0.18243133393352728,0.1799248890406282,0.17378048780487804,0.346218983488608,0.20586213423928745,0.18739533458001767,0.1898258791396381,0.06578947368421052,-0.1572087445807583,-0.14529554760742425,-0.001247257423581255,-0.0010242403550700108,-0.006977994911125468
276,0.13980206838482595,0.13519972686923865,0.09636767976278725,-0.20587471913028654,-0.1713434567364135,0.13852502391793914,0.13519972686923865,0.09284028324154209,-0.03063241106719372,-0.0832115346937139,0.18451619260193983,0.18436326391259816,0.14785992217898833,0.2798111220698707,0.1913532993623892,0.18714898065472504,0.18709457152611814,0.051736881005173686,-0.15522732834503772,-0.1758630424821931,-0.001277044466886812,0.0,-0.0035273965212451602
277,0.1513981463026295,0.1505633321952885,0.11344211344211344,-0.1732073771119066,-0.14621954402696657,0.15085686254164765,0.1502219187435985,0.11000827129859388,-0.016954773100240628,-0.05714304425477523,0.19238443466356353,0.18811881188118812,0.16567460317460317,0.29696701726938024,0.1724002436197175,0.20005276341547995,0.20348241720723798,0.06302843966179862,-0.1618066951797087,-0.16220763372966762,-0.0005412837609818366,-0.0003414134516900036,-0.0034338421435195637
278,0.15635300060016208,0.15295322635711847,0.10549777117384844,-0.2192101333038331,-0.16607804802523607,0.15452016805227503,0.15124615909866848,0.09780907668231612,-0.07306635691502117,-0.08927665446250654,0.20197833432593224,0.19494708091498805,0.16018957345971563,0.2738997363423493,0.16258673913291555,0.2084765767639426,0.21645612837145783,0.06911764705882353,-0.19823920939579986,-0.18189009964109215,-0.0018328325478870477,-0.0017070672584499902,-0.007688694491532325
279,0.14634891125732966,0.1495390918402185,0.10384615384615385,-0.17917736973963783,-0.12434588637959854,0.14494024213933968,0.14305223625810856,0.08897959183673469,-0.0025132400976755065,-0.03944404051794914,0.18348748927230668,0.1785592352338682,0.1442495126705653,0.2520930453810294,0.1858288571682939,0.1895020570708849,0.19187435984977808,0.051840721262208865,-0.13932229727586964,-0.15943864933574703,-0.0014086691179899802,-0.006486855582109929,-0.01486656200941916
280,0.14016617700524536,0.13724820757937864,0.10722433460076046,-0.16282576738850496,-0.1563560899344848,0.14076523869439103,0.13690679412768864,0.10063897763578275,-0.013558684661346243,-0.08479005360333525,0.1890823964931578,0.18675315807442813,0.1634050880626223,0.2664065972050763,0.176482777446893,0.19212561275000795,0.19494708091498805,0.0629742033383915,-0.13743290929602714,-0.15976399642644423,0.000599061689145669,-0.0003414134516900036,-0.006585356964977709
281,0.1527550402563702,0.1485148514851485,0.11588921282798834,-0.19120181405895686,-0.15809184166606216,0.15328567164802245,0.15363605326049845,0.11163153786104606,0.008390022675736963,-0.056098665043306406,0.19554589185738797,0.19358142710822807,0.17238183503243745,0.2896598639455783,0.17030377097643712,0.19649802298340668,0.200068282690338,0.0718954248366013,-0.12893424036281187,-0.1636958623596202,0.000530631391652242,0.005121201775349943,-0.004257674966942279
282,0.14524819918832704,0.14236940935472858,0.11041503523884104,-0.15962401220650868,-0.12913581746302372,0.1448332474369093,0.14236940935472858,0.10384300899427637,-0.04113433991482773,-0.06755481232006255,0.18443743875462829,0.18231478320245817,0.17382617382617382,0.23700022014225752,0.18561154215655595,0.19038830610523252,0.1894844656879481,0.060015588464536244,-0.11770019660980924,-0.13597815136779723,-0.00041495175141773033,0.0,-0.006572026244564669
283,0.15675601316949528,0.15295322635711847,0.11153846153846154,-0.18373780446140187,-0.15252166530986178,0.155799152964804,0.15227039945373846,0.10268948655256724,-0.007597568925684528,-0.06933148110804899,0.19981273424396767,0.19562990781836803,0.17142857142857143,0.27239703853633224,0.17226193054653094,0.20696073659901948,0.21065209969272788,0.07208588957055215,-0.15090795934912804,-0.1570800315674954,-0.0009568602046912678,-0.0006828269033800072,-0.008848974985894306
284,0.15338579966240676,0.15227039945373846,0.12445414847161572,-0.19195945945945947,-0.16681989237426298,0.15326743436269885,0.15158757255035848,0.11154752553024352,0.05189708939708937,-0.05347515904828448,0.1954558256279032,0.19016729259132809,0.1697936210131332,0.301463963963964,0.17882543301584963,0.19767572844325662,0.19801980198019803,0.06300963676797627,-0.11172037422037417,-0.13876426531337716,-0.00011836529970790655,-0.0006828269033799794,-0.012906622941372195
285,0.13886560134956485,0.13622396722430863,0.08952959028831563,-0.1847880523416332,-0.1447223293863944,0.14055165127371416,0.13827244793444862,0.08617886178861789,-0.002808602284672279,-0.045104163575392486,0.18199075631424397,0.17616934107203824,0.13813229571984437,0.2577364977041373,0.1835648079453165,0.18735655179733052,0.1891430522362581,0.05337286879169755,-0.19030069105191416,-0.1798150923425429,0.0016860499241493077,0.0020484807101399938,-0.0033507284996977388
286,0.1554652146993294,0.1502219187435985,0.10076335877862595,-0.15810487927565398,-0.1478520998504258,0.1534070495269046,0.15227039945373846,0.0931174089068826,0.010586959255533102,-0.06271108941123593,0.1968503072100198,0.1908501194947081,0.1568627450980392,0.308043573943662,0.18135980718110878,0.20353959987842873,0.20723796517582793,0.061456752655538696,-0.1462132168008049,-0.15693380763060616,-0.0020581651724247974,0.002048480710139966,-0.007645949871743357
287,0.15490247506567142,0.1498805052919085,0.11053024645257654,-0.21558672785243904,-0.1534992260367164,0.15605092909869547,0.15705018777739843,0.10626486915146709,-0.012645639023808775,-0.06549294559580376,0.20342820684283866,0.19767838852850803,0.16634980988593157,0.3084530230340594,0.1703187545599747,0.20456040514332866,0.20757937862751794,0.07607900512070227,-0.1790466044876189,-0.1850912241437106,0.001148454033024049,0.007169682485489937,-0.0042653773011094576
288,0.14009923397163881,0.1389552748378286,0.1047040971168437,-0.16898780265792823,-0.1428510512069413,0.1395292661642849,0.13622396722430863,0.0985691573926868,-0.02382668851265246,-0.0749582854388372,0.1851380735679939,0.18094912939569818,0.16135265700483092,0.30065720007281993,0.17737649399928312,0.1893540025064095,0.19494708091498805,0.06806282722513089,-0.14286728563626439,-0.16435042703350755,-0.0005699678073539105,-0.002731307613519973,-0.006134939724156893
289,0.13885543614634238,0.13622396722430863,0.10007412898443291,-0.1835195125489627,-0.1713434567364135,0.13835209526789036,0.1413451689996586,0.09293089753772836,0.055043159727259594,-0.06965277745637544,0.18554619111388573,0.17890064868555822,0.1482194417709336,0.3250126940374293,0.17892443856149565,0.18888713588945844,0.19187435984977808,0.056338028169014086,-0.15436493544175245,-0.1713434567364135,-0.0005033408784520244,0.0051212017753499706,-0.007143231446704548
290,0.15686351296195492,0.15295322635711847,0.10303030303030303,-0.17017308766052486,-0.14417875284873682,0.1559228345911433,0.15500170706725844,0.09649122807017543,-0.039871580122836425,-0.06951242229980525,0.1998591887390265,0.19801980198019803,0.15547024952015356,0.2522724734785037,0.1703248818876718,0.2073256204574259,0.21440764766131787,0.06557377049180328,-0.14964824120603015,-0.16906752969838068,-0.000940678370811604,0.002048480710139966,-0.006539074960127594
291,0.1313951440139207,0.1280300443837487,0.09584905660377359,-0.18488598789023913,-0.15452309793365526,0.1326222455799376,0.13076135199726868,0.08842443729903537,0.003519560269678368,-0.06279008491014171,0.18125937706883727,0.1799248890406282,0.15240904621435594,0.30442049212006694,0.19428885282242103,0.18342988572972194,0.18777739842949812,0.053973013493253376,-0.13975007514922488,-0.16471565493626783,0.0012271015660169082,0.002731307613519973,-0.007424619304738214
292,0.14861375378043842,0.1485148514851485,0.10405508798775823,-0.1815316358837198,-0.1709681898096942,0.14736661589854497,0.14236940935472858,0.09481361426256078,-0.017234238218590492,-0.08756187394796733,0.19529284134361988,0.19392284055991807,0.1635282457879088,0.2707232062001138,0.16951238726968376,0.20072976545489235,0.20518948446568794,0.06676783004552352,-0.15887791420087194,-0.18353626480255714,-0.0012471378818934564,-0.006145442130419926,-0.009241473725197444
293,0.14734553669669812,0.14714919767838852,0.11119573495811119,-0.14895214467585027,-0.137193320726266,0.1465054653359118,0.14168658245134857,0.10408326661329063,0.03718091009988911,-0.06477437057362156,0.1850218617398972,0.1819733697507682,0.16395014381591563,0.3061957302343802,0.16832412523020257,0.19018228166906226,0.19494708091498805,0.0645879732739421,-0.14800548410263104,-0.17566588799485827,-0.0008400713607863153,-0.005462615227039946,-0.007112468344820558
294,0.14365522931632424,0.14236940935472858,0.0945945945945946,-0.17087302366689572,-0.14933209990749308,0.14256173148536125,0.14202799590303858,0.091699604743083,-0.01776069359296306,-0.07367560900400871,0.18441322946272937,0.1795834755889382,0.15819209039548024,0.2415697497696908,0.15555226641998154,0.19084218921336993,0.19562990781836803,0.06277695716395865,-0.16462077318406498,-0.17417452975639836,-0.0010934978309629917,-0.0003414134516900036,-0.002894989851511598
295,0.14471625533405974,0.14578354387162853,0.10152671755725191,-0.15486880807215075,-0.13566613249448511,0.14332046825796427,0.14305223625810856,0.09672262190247802,-0.01245690242904729,-0.06887668041665429,0.1806085026054865,0.17412086036189825,0.14495592556317335,0.3384556947231042,0.19148898022573724,0.18858800014049357,0.1894844656879481,0.05079605761940864,-0.1345053275415392,-0.14585435399788316,-0.0013957870760954727,-0.002731307613519973,-0.004804095654773896
296,0.13815947784659463,0.13588255377261865,0.10657596371882086,-0.1562698173033369,-0.13173135416435766,0.13879085440215067,0.1403209286445886,0.09669621273166801,0.03180582817454325,-0.03928598696152252,0.17719396168149493,0.1724137931034483,0.15919923736892277,0.2755058130756455,0.17717145819633573,0.1812696592179916,0.18094912939569818,0.06184798807749627,-0.13325909708591277,-0.15315162217477074,0.0006313765555560347,0.004438374871969936,-0.009879750987152852
297,0.1547655952407393,0.15431888016387846,0.12282031842304776,-0.208960660514813,-0.1751261016875293,0.14986904090435432,0.14646637077500854,0.11138411138411139,0.024476360076165826,-0.06342016101796466,0.18421957587829252,0.18094912939569818,0.1689453125,0.32496126182381646,0.1611315768586089,0.19464570245565513,0.19597132127005804,0.06923076923076923,-0.10358125766090798,-0.15346882747608315,-0.004896554336384973,-0.007852509388869916,-0.011436207038936372
298,0.14733473846649578,0.14475930351655855,0.10985703536493605,-0.20175965423828457,-0.16658735941550562,0.14964632933053384,0.15158757255035848,0.10462287104622871,0.004860913285589019,-0.05767867675851435,0.19353243290189406,0.1888016387845681,0.1506849315068493,0.2754698973565268,0.18169353199799754,0.1972843286100053,0.200068282690338,0.06283118849356548,-0.1571132815972971,-0.15751163586075623,0.0023115908640380656,0.006828269033799933,-0.005234164318707338
299,0.15725893749610262,0.15705018777739843,0.12109375,-0.16228207537321226,-0.14011927846357608,0.1564157286954864,0.15431888016387846,0.11666666666666667,-0.0024010857083203163,-0.04871509669730012,0.1971402626493715,0.19392284055991807,0.1844181459566075,0.2457285033232418,0.16379962590929165,0.20459061855113625,0.20757937862751794,0.07294117647058823,-0.13588753175348856,-0.13440651710318385,-0.0008432088006162242,-0.002731307613519973,-0.0044270833333333315
300,0.14405097158461685,0.14168658245134857,0.0991345397324941,-0.1747378571482806,-0.12983630801487,0.14252995863778467,0.1410037555479686,0.09341117597998332,-0.007953501438843436,-0.04757254442522163,0.18017879055805186,0.17582792762034824,0.15237134207870837,0.29853534088061773,0.1900783281670959,0.1898931663231842,0.19255718675315808,0.06778370144706779,-0.15803740233707664,-0.1778235034421649,-0.0015210129468321842,-0.0006828269033799794,-0.005723363752510785
301,0.14723957624692674,0.14578354387162853,0.1176911544227886,-0.18166590960708606,-0.16942683125798552,0.14916417712947597,0.14544213041993856,0.10785091197462332,-0.04011266668829694,-0.0866649267614451,0.19196293728163052,0.19016729259132809,0.17341040462427745,0.2481425002433405,0.16615568560469918,0.19624054444857778,0.199726869238648,0.07265917602996255,-0.1586864475519938,-0.17056055597711617,0.0019246008825492267,-0.00034141345168997583,-0.009840242448165282
302,0.14684289230297332,0.14373506316148857,0.11061618411284335,-0.18420062575580165,-0.16627012025901944,0.14847667981709065,0.14339364970979857,0.10596546310832025,-0.007798913565080556,-0.08383842121492446,0.19230365541830516,0.1874359849778081,0.16522574447646493,0.29413401923335314,0.1792654949121184,0.19574022552715098,0.19665414817343804,0.07095343680709534,-0.1661036144115784,-0.17304532839963005,0.0016337875141173297,-0.0003414134516900036,-0.004650721004523101
303,0.1354759057799323,0.1314441789006487,0.0927007299270073,-0.15959694457987972,-0.14662803995188567,0.1373443342725139,0.13315124615909868,0.0887035633055345,-0.06785933065796557,-0.08956727345275961,0.18817514543939878,0.1874359849778081,0.15789473684210525,0.2702371576091712,0.19573655904287057,0.18646193384369072,0.1898258791396381,0.055,-0.1782307567290502,-0.18019319671607748,0.0018684284925816197,0.0017070672584499902,-0.0039971666214728
304,0.1546856843505224,0.1519289860020485,0.09924242424242424,-0.17798963346908558,-0.14417875284873682,0.15167718844722985,0.14919767838852852,0.09069020866773676,0.0015117857583610839,-0.06046195799084386,0.18961200621687915,0.18572891771935815,0.1503831417624521,0.31701993088979386,0.16806226581043138,0.20044710420949496,0.20518948446568794,0.06357516828721017,-0.15800475132666914,-0.16341098950527977,-0.003008495903292552,-0.002731307613519973,-0.00855221557468748
305,0.13784136347569467,0.13622396722430863,0.10397553516819572,-0.16295279275096308,-0.15217499298309234,0.13663455079430975,0.13383407306247866,0.09202958093672967,0.04250067107277322,-0.04870913737987426,0.17517907311364478,0.1689996585865483,0.1495601173020528,0.31384804010475986,0.17186642291709608,0.18035827514372083,0.1816319562990782,0.06097560975609756,-0.138186579995502,-0.15672294267993714,-0.0012068126813849223,-0.0023898941618299696,-0.01194595423146605
306,0.1415443923073935,0.1392966882895186,0.08888888888888889,-0.1655296700868628,-0.15065094168486926,0.13981040926487823,0.1389552748378286,0.08508914100486224,0.02522164528468651,-0.06988832479741158,0.17279477066231416,0.1693410720382383,0.1348973607038123,0.320223923881071,0.17012452257235655,0.18500711726126945,0.1891430522362581,0.05947955390334572,-0.17823802355930574,-0.1961510075369579,-0.0017339830425152636,-0.0003414134516900036,-0.0037997478840266496
307,0.15286185868046212,0.1505633321952885,0.10052122114668652,-0.17518009797329737,-0.15241512592629058,0.15273567871522592,0.1498805052919085,0.09850275807722617,0.006685236768802172,-0.06902188630936268,0.19858032276962548,0.19494708091498805,0.1555977229601518,0.28805109979829024,0.1732692828479283,0.20109237048729786,0.20484807101399796,0.05878030859662013,-0.16873499183555862,-0.1726999679952731,-0.00012617996523620056,-0.0006828269033800072,-0.0020184630694603523
308,0.1442555943474604,0.14236940935472858,0.10759969902182091,-0.18381732027951403,-0.13942514206710532,0.14476107559875748,0.14749061113007852,0.10547504025764895,0.01696259011376,-0.041323321791423506,0.18730900000593584,0.18333902355752818,0.15958451369216242,0.28989435256374796,0.16502878292639,0.1923831197809603,0.19631273472174804,0.06420664206642067,-0.17660637572137095,-0.16874292743684927,0.0005054812512970686,0.005121201775349943,-0.0021246587641719633
309,0.14295916800094421,0.1396381017412086,0.09534706331045004,-0.17155237159859027,-0.15558595525572583,0.143309506242583,0.14407647661317857,0.09336609336609336,0.044637664413503475,-0.053257087076719056,0.18454493803556182,0.18504609081597814,0.14540059347181009,0.32500433300595066,0.18551027200763037,0.19242463539706092,0.19426425401160805,0.05155420773313116,-0.14885319775839156,-0.16468185464941543,0.0003503382416387979,0.004438374871969963,-0.0019809699443566753
310,0.1439980212313702,0.14202799590303858,0.10727969348659004,-0.1642435252619454,-0.12907324367033346,0.14464684916180764,0.14544213041993856,0.10655737704918032,0.0477476554736761,-0.032871522627818006,0.18336481219718745,0.17924206213724822,0.15876089060987417,0.29229176886627173,0.17877226366571608,0.19195109534100963,0.19324001365653806,0.06103993971363979,-0.14934709052324402,-0.1539725126460434,0.00064882793043744,0.0034141345168999804,-0.0007223164374097202
311,0.1533896506943031,0.15295322635711847,0.1022816679779701,-0.19165830266532846,-0.14884529582092865,0.15270660300677696,0.15431888016387846,0.10631229235880399,0.0028660644585702943,-0.0719160203740894,0.1969847776885889,0.19255718675315808,0.16330645161290322,0.3066465930634549,0.17150198551740248,0.20825372956787866,0.2079207920792079,0.06323185011709602,-0.17228727556596413,-0.16032727723090479,-0.0006830476875261393,0.0013656538067599866,0.004030624380833889
312,0.15290717272851245,0.1505633321952885,0.10285285285285285,-0.1734929194928696,-0.15587942749273764,0.15074659089498232,0.1502219187435985,0.09705648369132856,0.004218364051768009,-0.07106685355386766,0.18732570475849405,0.1802663024923182,0.14325842696629212,0.23594680619762687,0.14266083277208497,0.19973687739825108,0.20177534994878799,0.05812220566318927,-0.1697486090269783,-0.16718777068458712,-0.0021605818335301286,-0.0003414134516900036,-0.00579636916152429
313,0.15098947363854218,0.1481734380334585,0.11127707244212098,-0.17625598174733692,-0.17132061697978096,0.149949052365066,0.1498805052919085,0.1026252983293556,-0.01647110241936689,-0.07843524821016779,0.19099124532400882,0.18231478320245817,0.14761904761904762,0.2519111960531579,0.15604367051312384,0.1989013795176431,0.20245817685216796,0.06626954579300075,-0.14412862793901948,-0.17585161057829868,-0.001040421273476172,0.0017070672584499902,-0.008651774112765381
314,0.1469172392968151,0.14305223625810856,0.10794602698650675,-0.17283467331390656,-0.17699154291484576,0.14974033888966273,0.15329463980880847,0.1024390243902439,0.03397991784573251,-0.05887705515170749,0.19144968456906583,0.1874359849778081,0.14814814814814814,0.2688568619878524,0.17280905546060243,0.19470284443210062,0.19665414817343804,0.056018168054504165,-0.1642874697187796,-0.16222723194445343,0.0028230995928476277,0.010242403550699913,-0.0055070025962628555
315,0.1473343320934009,0.14714919767838852,0.10874524714828897,-0.1971908822854318,-0.14788606159450246,0.14761252782666245,0.14373506316148857,0.10104250200481155,-0.05006621113406429,-0.07079278069361539,0.1940108649514515,0.18811881188118812,0.1652089407191448,0.27282341931952614,0.17635920807687533,0.19779701063619273,0.20109252304540798,0.05993930197268589,-0.13010576125147877,-0.1512872357518945,0.0002781957332615437,-0.0034141345168999526,-0.007702745143477421
316,0.14890095587121685,0.15090474564697848,0.11667913238593867,-0.18524774774774777,-0.15778469949907514,0.14499878891234738,0.14441789006486855,0.10207336523125997,0.036599099099099086,-0.06400329527415105,0.18774758649007842,0.18436326391259816,0.15355086372360843,0.33445945945945954,0.17553474925216106,0.1936974409861002,0.19289860020484806,0.05891238670694864,-0.11036036036036034,-0.1430960458252919,-0.0039021669588694685,-0.006486855582109929,-0.014605767154678706
317,0.1570503980727042,0.15397746671218845,0.10817120622568094,-0.12993078934191482,-0.14298809004177837,0.1549656647557388,0.1495390918402185,0.10465116279069768,0.05986118285507325,-0.050507576229968154,0.18990187410081127,0.18470467736428817,0.15851272015655576,0.3213377428656814,0.15728814616200038,0.20606216269435998,0.2113349265961079,0.06809487375669472,-0.14729975517991412,-0.16810625428696135,-0.0020847333169654036,-0.004438374871969963,-0.0035200434349832582
318,0.14924052676327984,0.15158757255035848,0.11814024390243902,-0.16552022722992654,-0.15106390103661516,0.14738481512444807,0.14612495732331854,0.10565110565110565,0.02751454648176077,-0.04773663674315798,0.18998610385375378,0.18607033117104813,0.16568627450980392,0.2927390874691549,0.18049171625667582,0.19696013267100132,0.19733697507681802,0.06854531607006854,-0.13408778949779931,-0.15219936547940038,-0.0018557116388317751,-0.005462615227039946,-0.012489138251333368
319,0.15319872679026922,0.15227039945373846,0.10469591993841416,-0.16241801859253113,-0.13068162112616744,0.15397578525407954,0.1519289860020485,0.10650406504065041,-0.00896275080034381,-0.05243763470161267,0.19409554182577052,0.19187435984977808,0.16927592954990214,0.30109235243346655,0.18342829538979855,0.2020699366227501,0.20757937862751794,0.07110778443113773,-0.1899623055031766,-0.17263854138281265,0.0007770584638103206,-0.00034141345168997583,0.0018081451022362444
320,0.14625108461813438,0.14271082280641859,0.10097965335342879,-0.16243443013829284,-0.16149075822407066,0.14292620620323715,0.14202799590303858,0.09339774557165861,-0.001654148783977183,-0.06512415709796193,0.1846496638431,0.1806077159440082,0.15332690453230471,0.2754381258941344,0.1672894103238297,0.1966568659940004,0.19801980198019803,0.05744520030234316,-0.13008166428230805,-0.15695585934754797,-0.003324878414897231,-0.0006828269033800072,-0.007581907781770175
321,0.13668332202152553,0.13417548651416866,0.1005251312828207,-0.15132892917498852,-0.14952764792621664,0.1358856350726805,0.1304199385455787,0.09177972865123703,0.055506397179368006,-0.05920994826524717,0.1778836541223118,0.17275520655513826,0.1527647610121837,0.2818356666815762,0.1507787034465069,0.18289042998202562,0.18436326391259816,0.061946902654867256,-0.1548624980795822,-0.17549398657874538,-0.0007976869488450222,-0.003755547968589956,-0.008745402631583674
322,0.1541937233803016,0.15158757255035848,0.10828976848394324,-0.17789403588933106,-0.16285683941176765,0.15312146055940556,0.15158757255035848,0.1007936507936508,-0.024311622739530248,-0.07353954563642029,0.2030580568396003,0.19767838852850803,0.1729106628242075,0.2794767341786677,0.17406155989270733,0.20465787235474314,0.20826220553089791,0.06791044776119402,-0.14946353778185784,-0.16398743806715177,-0.001072262820896036,0.0,-0.007496117690292445
323,0.1466287284628937,0.14475930351655855,0.09416342412451362,-0.1837441589799712,-0.1458320398239683,0.14419614397315614,0.13758962103106862,0.0823045267489712,-0.02344746121910124,-0.06585338077847691,0.18333912150447745,0.1806077159440082,0.15261044176706828,0.2820991192870915,0.18436556680670368,0.19228813805806613,0.19153294639808807,0.05328185328185328,-0.17136901349731615,-0.15725756254475276,-0.0024325844897375715,-0.007169682485489937,-0.011858897375542424
324,0.14120248374563987,0.13485831341754864,0.09832317073170732,-0.15532365396249248,-0.16429771191818143,0.14126551632926743,0.1410037555479686,0.09601301871440195,-0.015547489413188065,-0.06975539049183188,0.18027086395625863,0.17787640833048823,0.15841584158415842,0.2920674531155475,0.17969965038010283,0.18692350369994767,0.19153294639808807,0.06283118849356548,-0.15751663641863278,-0.17454928894031574,6.30325836275536e-05,0.006145442130419954,-0.0023101520173053752
325,0.14643344464248478,0.14236940935472858,0.09880239520958084,-0.16758301558230992,-0.1426676510397441,0.14715471476696912,0.14373506316148857,0.09147771696637999,-0.053038775632749946,-0.07845761043435462,0.18652941313590235,0.18333902355752818,0.1475563909774436,0.26087233914792685,0.16373815676141257,0.19259871330436537,0.19665414817343804,0.060650887573964495,-0.15788535442999962,-0.16069152208687087,0.0007212701244843356,0.0013656538067599866,-0.0073246782432008495
326,0.13968912494026423,0.13861386138613863,0.10935143288084465,-0.1982058431325009,-0.1650711475092792,0.14009894197986325,0.13861386138613863,0.09734513274336283,-0.04434628439810895,-0.07086919222348664,0.1848225309835041,0.1799248890406282,0.16150870406189555,0.2944902412413626,0.16633814096603916,0.1855127019132701,0.18402185046090816,0.059001512859304085,-0.1645957085707359,-0.16053129424249413,0.00040981703959902527,0.0,-0.012006300137481815
327,0.1391750089241367,0.13827244793444862,0.0973724884080371,-0.18279353368075968,-0.15992451008223885,0.1344585640003509,0.1317855923523387,0.08677685950413223,-0.024750102697521537,-0.06385756228027517,0.1719816535676041,0.1686582451348583,0.14285714285714285,0.29249260980580094,0.1751661530841342,0.18504398367928207,0.1888016387845681,0.05998481397114654,-0.18328688451965747,-0.18622855531372884,-0.004716444923785812,-0.006486855582109929,-0.010595628903904863
328,0.14204197762748624,0.1410037555479686,0.11069277108433735,-0.17181412034023136,-0.1466817124002675,0.1395756339635585,0.13758962103106862,0.10301109350237718,-0.015410296721085293,-0.07212389162136079,0.18100557197077913,0.17514510071696826,0.16037735849056603,0.21264071855123778,0.1560682265201414,0.1878860027717458,0.19153294639808807,0.0676077265973254,-0.1587105099000954,-0.16701566352178754,-0.002466343663927756,-0.0034141345168999804,-0.007681677581960172
329,0.14705346719641,0.14407647661317857,0.1003690036900369,-0.1443429050671885,-0.13076292173011717,0.1457754046106704,0.14407647661317857,0.10093896713615023,0.025048828309463866,-0.044597478603331075,0.18707204960988988,0.18333902355752818,0.16283348666053357,0.30335130315863434,0.16913758162025527,0.19300867025060744,0.19699556162512802,0.06685837526959022,-0.16798071801226278,-0.17104806397121197,-0.0012780625857395922,0.0,0.0005699634461133335
330,0.13466720246155306,0.13417548651416866,0.10398230088495575,-0.12770952849357753,-0.12363717911752459,0.1340512398138011,0.1317855923523387,0.09780907668231612,0.05120551131916973,-0.03648620817486581,0.1746216121758276,0.17207237965175828,0.16666666666666666,0.3362220610725388,0.18474317960265263,0.17505521606583613,0.17787640833048823,0.06428571428571428,-0.1523690200104828,-0.17279926529030643,-0.0006159626477519609,-0.0023898941618299696,-0.006173224202639632
331,0.15539511893792513,0.15739160122908843,0.11594202898550725,-0.19304321638307476,-0.1679090429234068,0.1503417004761224,0.14714919767838852,0.09789644012944984,-0.03677225499993164,-0.0823798691137384,0.19035745907308532,0.18675315807442813,0.16370808678500987,0.3369375504784329,0.1707864853628801,0.19666326338610418,0.20109252304540798,0.05804953560371517,-0.1319540458036167,-0.14624165222495744,-0.005053418461802739,-0.010242403550699913,-0.018045588856057407
332,0.14717203020039596,0.14441789006486855,0.10646387832699619,-0.18522548092084512,-0.14600936976725976,0.14804114548708866,0.14544213041993856,0.09887459807073955,-0.014908546199936978,-0.06554968857701027,0.19457667371183612,0.1908501194947081,0.16988416988416988,0.2725796278776411,0.17016318026203037,0.19585526840914724,0.19767838852850803,0.061886792452830186,-0.16100599180069375,-0.1573417192306752,0.000869115286692701,0.0010242403550700108,-0.007589280256256645
333,0.14494655856455213,0.14168658245134857,0.09651076466221233,-0.16392790424133397,-0.14947864432776825,0.14366501699031148,0.1406623420962786,0.0913312693498452,-0.025363822966396832,-0.08759377519517042,0.18396702200618248,0.18470467736428817,0.15103189493433397,0.28133144214580597,0.1666967779678682,0.188114819817926,0.1908501194947081,0.05379513633014001,-0.1525807790770083,-0.1607304387155133,-0.0012815415742406522,-0.001024240355069983,-0.0051794953123671245
334,0.14633016973746518,0.14339364970979857,0.09283018867924528,-0.16119526503652537,-0.14422594226173668,0.14791692928057595,0.1481734380334585,0.08723747980613894,0.011191591224616881,-0.045924952291033216,0.18961526042718535,0.18436326391259816,0.14864864864864866,0.29605896661471764,0.18231412787083023,0.19611932711343638,0.200751109593718,0.06033848417954378,-0.19249034174185087,-0.18264242110086226,0.0015867595431107717,0.004779788323659939,-0.005592708873106339
335,0.15197873358066696,0.1481734380334585,0.125,-0.1696857169599758,-0.14015744150621412,0.15001961093508392,0.15090474564697848,0.11323763955342903,-0.025611785088699546,-0.056681098548032605,0.19162375262791873,0.18675315807442813,0.18632958801498128,0.28780594029902073,0.15313781753604505,0.19676325753621846,0.19665414817343804,0.07663410969196092,-0.11531033850420913,-0.14354161757208628,-0.001959122645583039,0.002731307613519973,-0.011762360446570974
336,0.14799542758069847,0.14407647661317857,0.10648148148148148,-0.183819344347119,-0.16030484788040822,0.14741412432152312,0.14202799590303858,0.10308441558441558,-0.03873304505303621,-0.08714635101831858,0.18934450105887501,0.18641174462273813,0.16716716716716717,0.26868093284547434,0.17919630162022615,0.19606815148032863,0.19665414817343804,0.06610299769408147,-0.16459696196917628,-0.16602035544775906,-0.0005813032591753531,-0.0020484807101399938,-0.0033970658970658985
337,0.1425189318394618,0.1399795151928986,0.09767092411720511,-0.18689924287881865,-0.15568562286109633,0.14219743071273808,0.13724820757937864,0.09011857707509881,-0.03305191305909827,-0.08103495138434158,0.1857202814307192,0.18299761010583818,0.14650934119960668,0.28824111691617393,0.19947060204346378,0.18851424764444158,0.1894844656879481,0.05431547619047619,-0.15007701156893394,-0.17038954300045717,-0.00032150112672371667,-0.002731307613519973,-0.0075523470421063055
338,0.13727405837363418,0.13690679412768864,0.10466867469879518,-0.1652792082192469,-0.1541665121682919,0.13536514825384932,0.12871287128712872,0.09824281150159744,0.005851273162685078,-0.0681690088620267,0.17763665429385073,0.17343803345851827,0.16796875,0.3299304177447311,0.18982350105676893,0.18133866851552904,0.18675315807442813,0.07057949479940565,-0.16807087174592006,-0.1745343418987232,-0.0019089101197848624,-0.00819392284055992,-0.006425863197197734
339,0.14853068016458684,0.14578354387162853,0.10463378176382661,-0.1713090237891165,-0.1430626382195721,0.1499556436410173,0.14714919767838852,0.0983477576711251,-0.029993349432212213,-0.06761719912720254,0.19294935189742818,0.1911915329463981,0.16265640038498555,0.3426571685652201,0.1936267093717483,0.19814145833104715,0.20143393649709798,0.06449221645663454,-0.15204549415141244,-0.15544920284667751,0.001424963476430452,0.0013656538067599866,-0.006286024092701514
340,0.13300774098605306,0.1297371116421987,0.0890092879256966,-0.15240154990548938,-0.12274382540193718,0.13379170902953877,0.13315124615909868,0.08717105263157894,0.013247219708536706,-0.036562043253152376,0.17495786649939873,0.1710481392966883,0.1558567279767667,0.31021519089063665,0.17095461639457965,0.18213542781972908,0.18402185046090816,0.05957767722473605,-0.15086247558619348,-0.161298833205341,0.000783968043485711,0.0034141345168999804,-0.0018382352941176544
341,0.1441113242296866,0.14475930351655855,0.10260336906584992,-0.15515606541068205,-0.14425111437990368,0.14340845969405566,0.14305223625810856,0.0958570268074736,0.01303394889013243,-0.05909128117101048,0.18526609231248467,0.18333902355752818,0.16845180136319376,0.3229982745756389,0.172543465157179,0.18864105917116042,0.1891430522362581,0.054281345565749234,-0.14070757943169798,-0.14652204326547413,-0.000702864535630926,-0.0017070672584499902,-0.006746342258376323
342,0.15213045195539274,0.15227039945373846,0.10442073170731707,-0.13102893890675238,-0.13326274110903902,0.15228281334914523,0.15261181290542847,0.10192616372391654,0.02304454237482778,-0.058627676042833365,0.20031838638858282,0.19528849436667806,0.16422287390029325,0.29951624942581534,0.19354837713540707,0.20314387530996297,0.20348241720723798,0.052591463414634144,-0.10182447175011478,-0.13326274110903902,0.00015236139375249258,0.0003414134516900036,-0.0024945679834005308
343,0.1494075742636975,0.1488562649368385,0.10824742268041238,-0.151470547134832,-0.16371871826334572,0.147253532586586,0.14407647661317857,0.09298660362490149,0.012373650329324248,-0.06353908726304325,0.18821598706941708,0.1816319562990782,0.14353163361661944,0.2837834564611844,0.172839817344412,0.1939911282772478,0.19801980198019803,0.053175775480059084,-0.15815951034553433,-0.15921626293748936,-0.002154041677111501,-0.004779788323659939,-0.015260819055510882
344,0.13822000177841323,0.13519972686923865,0.10779315367807721,-0.15728962121858903,-0.15643981107603455,0.1381526851528923,0.13656538067599863,0.10522273425499232,-0.02204459432539352,-0.07690514646501723,0.18468141313281838,0.1802663024923182,0.1686526122823098,0.27247147044594333,0.1594584342804003,0.1850749847454143,0.1898258791396381,0.07132667617689016,-0.1811128660462734,-0.18892580084673172,-6.731662552092454e-05,0.0013656538067599866,-0.002570419423084891
345,0.15008985277371803,0.14646637077500854,0.11981205951448708,-0.15806528853060908,-0.15861059232259944,0.14947796140656752,0.1502219187435985,0.11586901763224182,0.00952589991220365,-0.05979016678213889,0.19055045133729404,0.1894844656879481,0.185,0.2731103839093303,0.15968310389493023,0.20202571536677538,0.20518948446568794,0.08261886204208885,-0.12979487588793992,-0.16550504061611993,-0.0006118913671505077,0.003755547968589956,-0.003943041882245257
346,0.14066881523841412,0.1399795151928986,0.1,-0.18037836500323856,-0.16604390643630673,0.14119774742656424,0.14475930351655855,0.0892018779342723,0.013823895434730393,-0.06272295470492695,0.1822019666238727,0.17787640833048823,0.13922859830667922,0.28932659908156066,0.1787336172760149,0.18542467563596385,0.18504609081597814,0.054945054945054944,-0.138873929275801,-0.16042863732047086,0.0005289321881501163,0.004779788323659939,-0.010798122065727708
347,0.15162784396119375,0.1495390918402185,0.11102661596958174,-0.15815014009456863,-0.1366552440665938,0.15210198036472,0.1505633321952885,0.10056772100567721,0.020979782805637504,-0.04392682989342922,0.18989154787707838,0.18811881188118812,0.16279069767441862,0.32014571364135025,0.18337086826274263,0.19278384363599632,0.19392284055991807,0.06231231231231231,-0.13975627749809827,-0.15587942749273764,0.0004741364035262541,0.0010242403550700108,-0.010458894963904536
348,0.14010607186134671,0.13690679412768864,0.09457478005865103,-0.1847744948659693,-0.16116220222755628,0.13702568704594076,0.1317855923523387,0.08895705521472393,-0.04624332829057831,-0.09375383490165468,0.18590917088346162,0.18402185046090816,0.14818266542404473,0.2614442522534246,0.16576837930306643,0.18587455702165165,0.1891430522362581,0.05018181818181818,-0.17344185197435602,-0.17352040290397164,-0.0030803848154059565,-0.005121201775349943,-0.005617724843927099
349,0.15245969169802323,0.15124615909866848,0.09925373134328358,-0.1745132314238006,-0.140675414265777,0.15082513908860357,0.14646637077500854,0.0947867298578199,-0.03320663076760644,-0.057428122303367246,0.1853543840760916,0.1812905428473882,0.1490566037735849,0.3119405436478607,0.17431433910550354,0.19968255630330015,0.20587231136906795,0.07127272727272728,-0.17292162820618107,-0.1800491334371871,-0.001634552609419665,-0.004779788323659939,-0.004467001485463681
350,0.16204662827123786,0.1608057357459884,0.12641083521444696,-0.14781522040978956,-0.14968015662573264,0.15837585508327803,0.15329463980880847,0.11863057324840764,-0.002086779437273756,-0.06718068743488337,0.19164886310744986,0.18675315807442813,0.17506874427131072,0.22255895101602208,0.11929071553073511,0.20185103620174644,0.200409696142028,0.07256235827664399,-0.11890819377870077,-0.1428993783360738,-0.0036707731879598304,-0.007511095937179912,-0.007780261966039315
351,0.14105048994057143,0.1410037555479686,0.10545998504113688,-0.15110188199199315,-0.15124265474335974,0.14051336771358258,0.13861386138613863,0.0958036421219319,0.02524413514423618,-0.06774951688916053,0.18469340322009078,0.17924206213724822,0.15714285714285714,0.25761589403973517,0.17257532585333157,0.1875194219300808,0.18777739842949812,0.06310319227913883,-0.11218243723575405,-0.16252551121014336,-0.0005371222269888454,-0.0023898941618299696,-0.009656342919204974
352,0.14624959735431145,0.14680778422669855,0.11439114391143912,-0.18513853230160415,-0.16687273787219403,0.14379455939594366,0.1406623420962786,0.10178710178710179,-0.03390825413081222,-0.09022594576525977,0.18555640391461806,0.18265619665414817,0.1632075471698113,0.23353607513519592,0.16563908082700574,0.18992065077815973,0.19153294639808807,0.060133630289532294,-0.1418472995612713,-0.15785546821255458,-0.002455037958367795,-0.006145442130419954,-0.012604042124337328
353,0.1502963600447316,0.1519289860020485,0.11026615969581749,-0.1528429528429528,-0.13945641291853605,0.14935067612876501,0.15124615909866848,0.10619469026548672,0.008893508893508928,-0.05798509399681118,0.18449086778004609,0.1806077159440082,0.15281757402101243,0.2434412434412434,0.16379794084566224,0.19432477581559127,0.19528849436667806,0.06576980568011959,-0.17052932052932057,-0.16548197312964263,-0.0009456839159665831,-0.0006828269033800072,-0.004071469430330765
354,0.13912578953072746,0.13690679412768864,0.10842490842490843,-0.17646637892722894,-0.1622856750163213,0.14251827465410408,0.14441789006486855,0.10625,0.04189169849125096,-0.06679048797129405,0.18425608062866805,0.1806077159440082,0.15794392523364487,0.31902545213507183,0.16913879766936157,0.18165556869007216,0.18231478320245817,0.060029282576866766,-0.16077629388591352,-0.1634091478050863,0.003392485123376615,0.007511095937179912,-0.002174908424908431
355,0.13954031861060603,0.13793103448275862,0.09386828160484481,-0.18465192652013418,-0.15751163586075623,0.1412771888477575,0.1403209286445886,0.09375,-0.02861130874469775,-0.07469565842366921,0.18844441318163707,0.18504609081597814,0.1627450980392157,0.30608705412505044,0.18396246288668483,0.19393377357523311,0.19665414817343804,0.0622655663915979,-0.16652274113862287,-0.1711252211928802,0.0017368702371514666,0.0023898941618299696,-0.00011828160484481098
356,0.15366655337774254,0.15158757255035848,0.1133482475764355,-0.17085600347874041,-0.15016125458529261,0.15256208481260672,0.15227039945373846,0.10311750599520383,0.037210856215597055,-0.04873704424038017,0.19199829220439285,0.18811881188118812,0.16821561338289961,0.2713470573886114,0.14847669809694974,0.1954926015363351,0.19665414817343804,0.06151537884471118,-0.1233361969306479,-0.1411457692213004,-0.0011044685651358244,0.0006828269033799794,-0.010230741581231662
357,0.14228867113641352,0.14202799590303858,0.09886792452830188,-0.15998459676532073,-0.15922330878580937,0.14029523382943576,0.13724820757937864,0.09076175040518639,0.03076612755345287,-0.05605435934491643,0.18426709127973245,0.1795834755889382,0.14980544747081712,0.28809183261818316,0.17749293279600598,0.19032658428151167,0.19494708091498805,0.06110283159463487,-0.1650566618989988,-0.17849662901103103,-0.0019934373069777633,-0.004779788323659939,-0.008106174123115498
358,0.1494902395792679,0.14714919767838852,0.10339622641509434,-0.15979582060954434,-0.1517089427391607,0.147824913666857,0.14373506316148857,0.09375,0.024227591162205853,-0.06456150132417593,0.1904086481162125,0.18675315807442813,0.1603128054740958,0.3579819322196276,0.1900901132001297,0.19638458315504315,0.198702628883578,0.0642270351008215,-0.13151907071432845,-0.1675539320873397,-0.0016653259124109199,-0.0034141345168999526,-0.009646226415094342
359,0.13884982201005114,0.1317855923523387,0.10128495842781557,-0.17198328577252342,-0.15601530290086552,0.14090165667695287,0.13724820757937864,0.09943865276663993,-0.005983926387513883,-0.06987086629771322,0.1855587999229124,0.18299761010583818,0.15984405458089668,0.30518024576320535,0.18062808750882142,0.18779976074657637,0.19221577330146808,0.06441947565543071,-0.14274066740434455,-0.16961705604873156,0.0020518346669017307,0.005462615227039946,-0.0018463056611756345
360,0.15592678524712272,0.15295322635711847,0.11694152923538231,-0.15747697108216774,-0.13485131162369968,0.15386406291400945,0.15466029361556846,0.11927330173775672,-0.0009550576133038335,-0.05833910978703316,0.1934026062409664,0.18846022533287812,0.16900093370681607,0.2987817547543279,0.16107088077399556,0.19848314947813847,0.20177534994878799,0.06715867158671587,-0.15907177148606233,-0.1584800798379643,-0.002062722333113276,0.0017070672584499902,0.002331772502374402
361,0.1456420230414516,0.14544213041993856,0.09869931140015302,-0.14909344112216238,-0.13975338766814482,0.1452845029764637,0.1410037555479686,0.09046849757673667,0.011887675143916754,-0.061509401243590056,0.19135484217472842,0.18777739842949812,0.15467980295566502,0.3162792682359148,0.1913660911140287,0.19440214709692136,0.198702628883578,0.05895691609977324,-0.15301720793830587,-0.1578969207520995,-0.000357520064987904,-0.004438374871969963,-0.008230813823416352
362,0.14279228886174528,0.1413451689996586,0.09687034277198212,-0.1253205257023431,-0.1596883891380757,0.14324328606166245,0.14202799590303858,0.09527559055118111,0.03709657971946456,-0.07840245944320323,0.18393716984709263,0.1819733697507682,0.15495668912415783,0.2896065270688477,0.18238989832784613,0.187461812870888,0.1874359849778081,0.059084194977843424,-0.14435513042080306,-0.17323604408722115,0.0004509971999171747,0.0006828269033799794,-0.0015947522208010073
363,0.13671295426499244,0.13451689996585867,0.08995502248875563,-0.18248025475415153,-0.15252486092593087,0.1373027167551107,0.13827244793444862,0.09141494435612083,-0.005438713275641827,-0.06668800929699781,0.17439302824450137,0.1693410720382383,0.1431261770244821,0.2634474569562637,0.15468071332498756,0.18071784536257726,0.1819733697507682,0.05391432791728213,-0.1764658258820142,-0.1751135060914396,0.0005897624901182452,0.003755547968589956,0.0014599218673651965
364,0.1383385133660283,0.13383407306247866,0.10326894502228826,-0.11860980107624408,-0.12987064669306636,0.13823924866980813,0.13827244793444862,0.09763779527559055,0.045755487030654796,-0.044674277989611544,0.18289560735446428,0.18094912939569818,0.16246498599439776,0.3153871153032227,0.1784056874312765,0.18327730194053163,0.18572891771935815,0.05989773557341125,-0.12414973698530751,-0.155653758274375,-9.926469622015266e-05,0.004438374871969963,-0.005631149746697706
365,0.1419523985432437,0.1399795151928986,0.11555891238670694,-0.18407348132664136,-0.15997270691807775,0.14313357808957095,0.1396381017412086,0.11305732484076433,-0.02606758046546409,-0.08284590156216654,0.18148118598376137,0.17753499487879823,0.17049808429118773,0.2774112421203906,0.1576082563121446,0.18626591068633863,0.19187435984977808,0.0817378497790869,-0.18420049863365662,-0.1985361095960333,0.0011811795463272379,-0.0003414134516900036,-0.00250158754594261
366,0.1523457083332782,0.1505633321952885,0.10829493087557604,-0.19157135344770915,-0.1415884951359937,0.1523190415080018,0.1495390918402185,0.10444078947368421,-0.015570564648655805,-0.043895175699821376,0.19779691458460996,0.19665414817343804,0.17339901477832512,0.30118977190560703,0.18443455926146513,0.20230340006687628,0.20587231136906795,0.0623574144486692,-0.1704463287977387,-0.1563560899344848,-2.6666825276411288e-05,-0.0010242403550700108,-0.0038541414018918307
367,0.15086756308970728,0.14749061113007852,0.11264367816091954,-0.16982439838789487,-0.1412369178586571,0.15064136785300983,0.1495390918402185,0.10920945395273024,0.004953786067453114,-0.052709779156346004,0.18950830565495513,0.18641174462273813,0.17002881844380405,0.21666156745874365,0.15839339774916505,0.19555480730544916,0.19562990781836803,0.0623574144486692,-0.13602042704922057,-0.15258655102562002,-0.00022619523669745178,0.002048480710139966,-0.0034342242081892987
368,0.14366307789793462,0.1410037555479686,0.09486780715396578,-0.1662801587259276,-0.14412982478019587,0.14112497177441122,0.13690679412768864,0.08731466227347612,0.007175719837719918,-0.06192492361414226,0.18123536238122773,0.17719358142710823,0.14498510427010924,0.2828918257568891,0.17441416723826153,0.18985476986516336,0.19358142710822807,0.05733944954128441,-0.16303882316773022,-0.16924798902537874,-0.002538106123523398,-0.00409696142027996,-0.007553144880489665
369,0.1489590108056108,0.1485148514851485,0.09903381642512077,-0.14598738137526657,-0.13845528632283255,0.14899547012552444,0.1485148514851485,0.09682947729220223,0.010054769884737969,-0.051797876996015235,0.1873543876574886,0.18538750426766815,0.15778474399164055,0.24572876645140196,0.1908428691190729,0.19804711496903216,0.200409696142028,0.06050955414012739,-0.13345793420182372,-0.1546313360638384,3.645931991363982e-05,0.0,-0.002204339132918537
370,0.1509437942101333,0.14783202458176853,0.1038961038961039,-0.1656432774848381,-0.13827381880555123,0.1498827174061942,0.1485148514851485,0.09646302250803858,0.007421671135745989,-0.06462938624173609,0.19179566163139128,0.18641174462273813,0.16318785578747627,0.2484766138175536,0.15063895509864633,0.19856504823597748,0.20177534994878799,0.06601650412603151,-0.1559288786509978,-0.16546560929065224,-0.0010610768039391039,0.0006828269033799794,-0.007433081388065324
371,0.15545694852943123,0.15397746671218845,0.11314984709480122,-0.17410432868945713,-0.15690006362800213,0.1506314425260887,0.14783202458176853,0.1037037037037037,0.03741211137842926,-0.05104010180480345,0.18932055133059025,0.18607033117104813,0.16650049850448653,0.3342714336336,0.19027507998571402,0.19851769552627066,0.200068282690338,0.06086286594761171,-0.1284992260206269,-0.1455172720341098,-0.004825506003342528,-0.006145442130419926,-0.00944614339109752
372,0.14295976909588018,0.1389552748378286,0.10542168674698796,-0.1615551907799503,-0.14295075701533755,0.14332790813555224,0.14373506316148857,0.1074313408723748,0.018951593353696117,-0.041363983824037165,0.18383465062433874,0.17787640833048823,0.1553860819828408,0.31165284905908675,0.17196823987769394,0.18916030806673415,0.19324001365653806,0.06277695716395865,-0.16886570947700874,-0.17229804704837992,0.00036813903967206074,0.004779788323659967,0.0020096541253868394
373,0.14625816166283703,0.14783202458176853,0.11847233047544817,-0.17276383406568863,-0.15401109200709773,0.1424259232871798,0.1399795151928986,0.10592160133444536,0.019617189245550004,-0.05777942122347446,0.18086439817361663,0.17787640833048823,0.1715145436308927,0.30376480226409475,0.1736348347085721,0.19187302668926035,0.19016729259132809,0.06504702194357367,-0.13026737171371117,-0.14599178610846242,-0.003832238375657243,-0.007852509388869916,-0.012550729141002803
374,0.14164649824777498,0.13793103448275862,0.08722264728385616,-0.1216305133963772,-0.12574726090506272,0.1423486551466726,0.1389552748378286,0.0791599353796446,0.02077113683863263,-0.047752159559707574,0.17985345664659264,0.17685216797541822,0.14326923076923076,0.28650537722117386,0.17605987038783333,0.1883872790676293,0.1908501194947081,0.05105105105105105,-0.13529788155793487,-0.15400635559540876,0.0007021568988976323,0.001024240355069983,-0.008062711904211567
375,0.134819984101058,0.1304199385455787,0.09391049156272928,-0.1636205304129832,-0.14615961457089444,0.13410424922817923,0.13349265961078866,0.08978328173374613,-0.007358930377798334,-0.06661086058545596,0.17689805021122346,0.17309662000682827,0.14471243042671614,0.3114606148568412,0.17315580635656969,0.1802447774615049,0.18094912939569818,0.0547945205479452,-0.1753564674319391,-0.173049334227944,-0.0007157348728787649,0.003072721065209949,-0.004127209828983153
376,0.14900663656295826,0.15090474564697848,0.09984756097560976,-0.1788369809203142,-0.146362094208211,0.14879425893749051,0.1505633321952885,0.09612277867528271,0.0006313131313131493,-0.06242998249736653,0.18881136620739952,0.18572891771935815,0.15340364333652926,0.2961560044893379,0.15874247403796693,0.1948261276707082,0.19665414817343804,0.05675877520537715,-0.19013047138047134,-0.17698597280541095,-0.00021237762546774674,-0.00034141345168997583,-0.003724782300327051
377,0.14961093789417712,0.1498805052919085,0.10970149253731343,-0.19962557603686637,-0.15276124937479518,0.1494131525190633,0.1495390918402185,0.10817120622568094,-0.07632488479262678,-0.09073046096381332,0.1913983556219727,0.18811881188118812,0.16540642722117202,0.23013752880184335,0.16528752029605753,0.19668164800067126,0.199044042335268,0.06537890044576523,-0.14863911290322585,-0.15952824447417502,-0.000197785375113807,-0.0003414134516900036,-0.0015302863116324894
378,0.15794667875552712,0.15363605326049845,0.11535580524344569,-0.18057134153887155,-0.16114837342803945,0.15910093537981956,0.15807442813246841,0.11464968152866242,-0.02352190840639301,-0.07177503837704569,0.20485150501177946,0.199044042335268,0.17195004803073968,0.27251906216980326,0.17145618992629197,0.21058920722032184,0.21474906111300784,0.07116104868913857,-0.1672749426469048,-0.16114837342803945,0.0011542566242924435,0.004438374871969963,-0.0007061237147832633
379,0.14190051829751157,0.1389552748378286,0.10328997704667177,-0.16065406234031687,-0.14915214260886833,0.14378134420752378,0.14271082280641859,0.09918032786885246,0.002583319139272122,-0.05027868811758285,0.18729009850698572,0.18538750426766815,0.15884115884115885,0.24703911883268037,0.19860966284323944,0.19060426769507796,0.19528849436667806,0.06231003039513678,-0.15984783966388472,-0.1593804310045186,0.0018808259100122071,0.003755547968589984,-0.004109649177819308
380,0.14655631806442826,0.14646637077500854,0.10402429764616553,-0.1805737585554099,-0.14359030477490586,0.14686248021996273,0.14578354387162853,0.09903381642512077,-0.01597344621704,-0.05868845891325636,0.187726610792333,0.18368043700921816,0.15794573643410853,0.2869897510833923,0.1790367094993619,0.19461327363670777,0.19597132127005804,0.06631892697466468,-0.1656397663990199,-0.17189092006212225,0.0003061621555344729,-0.0006828269033800072,-0.004990481221044757
381,0.1358229557015237,0.13417548651416866,0.09665427509293681,-0.19084237106472657,-0.1658859995705919,0.13372004566093862,0.1317855923523387,0.08726415094339622,0.011088706014860006,-0.08342053113331638,0.17906412423889553,0.17480368726527826,0.14134615384615384,0.30875070394390247,0.17866150554405258,0.18407980681656907,0.1891430522362581,0.05391432791728213,-0.1248805566152561,-0.17605297513135187,-0.0021029100405850765,-0.0023898941618299696,-0.009390124149540588
382,0.15373866128287228,0.15158757255035848,0.11020104244229337,-0.1939099888703395,-0.16175331483194566,0.15271915575295494,0.1495390918402185,0.10484511517077046,-0.010950542570951627,-0.0669004008633981,0.19903280685861066,0.19460566746329805,0.16730401529636713,0.26892563995548135,0.1736194881282762,0.20114585276684488,0.20587231136906795,0.06449221645663454,-0.16467202281580406,-0.16852852297255627,-0.0010195055299173361,-0.0020484807101399938,-0.005355927271522912
383,0.1484368348429742,0.1485148514851485,0.10425844346549193,-0.15127088835114155,-0.1617022700392332,0.14811624857813543,0.14578354387162853,0.09946029298380879,-0.0003075472462550355,-0.08863531507073863,0.18831714147124326,0.18333902355752818,0.15498154981549817,0.26989757019259464,0.1507994758260206,0.19528018566467265,0.198361215431888,0.06526468455402465,-0.13783641433059668,-0.18081208903099333,-0.0003205862648387736,-0.002731307613519973,-0.004798150481683139
384,0.1409244359257756,0.1413451689996586,0.09465648854961832,-0.1750704206549455,-0.167720107449714,0.13969946703842626,0.1396381017412086,0.08401305057096248,0.012562243849039478,-0.0719049648147041,0.18481697952719303,0.1806077159440082,0.1400198609731877,0.3186484574205347,0.17789879991228597,0.19400959601931214,0.20143393649709798,0.05378787878787879,-0.15451159437702755,-0.17912667204911992,-0.0012249688873493536,-0.0017070672584499902,-0.010643437978655843
385,0.13778857768003658,0.13690679412768864,0.10408921933085502,-0.18127091537707762,-0.15094499752773005,0.13565535553377894,0.13076135199726868,0.09828393135725429,-0.03947713868397218,-0.08000376375430795,0.17901913951907203,0.17719358142710823,0.1615678776290631,0.292292047996746,0.18574435006359025,0.18028197136913018,0.18402185046090816,0.0593841642228739,-0.173958622219757,-0.17233997279273028,-0.002133222146257635,-0.006145442130419954,-0.005805287973600734
386,0.1399607275518065,0.1392966882895186,0.10856269113149847,-0.17678080366793525,-0.1540634466237758,0.141239935223235,0.13861386138613863,0.0951599671862182,-0.002770055250285286,-0.052825800102878406,0.1871139165277591,0.18299761010583818,0.15346534653465346,0.32416014371442126,0.1849120439742854,0.18864145488872047,0.1898258791396381,0.06178489702517163,-0.1645208374180337,-0.15747595156268257,0.0012792076714285006,-0.0006828269033799794,-0.013402723945280262
387,0.15362998458391747,0.1485148514851485,0.1095166163141994,-0.18901859912940244,-0.161857869483104,0.1516735726653757,0.1505633321952885,0.10869565217391304,-0.017243767313019354,-0.06881132359024489,0.19421475224591497,0.1888016387845681,0.16358325219084713,0.3187475267115156,0.17515218088493434,0.20123987609922372,0.20382383065892795,0.06316590563165905,-0.1402552433715868,-0.1505107297400725,-0.0019564119185417617,0.0020484807101399938,-0.0008209641402863593
388,0.1530412250552612,0.14919767838852852,0.11169415292353824,-0.17981330550776953,-0.16848357661974267,0.1518315590386597,0.15158757255035848,0.10223642172523961,-0.007618188142173632,-0.07553826344265746,0.19310257559641955,0.18777739842949812,0.16555023923444975,0.25110691220846615,0.15909197835803335,0.2015301431380788,0.20109252304540798,0.060514372163388806,-0.12428438478242476,-0.1548818234718765,-0.001209666016601496,0.0023898941618299696,-0.009457731198298625
389,0.14715206878148593,0.14578354387162853,0.09570459683496609,-0.15343539562289565,-0.13902938281758992,0.14406684271320352,0.1399795151928986,0.09184481393507522,-0.006164697570947619,-0.0668336267456493,0.1849558522793382,0.18299761010583818,0.15377176015473887,0.31198330026455035,0.19149181294926354,0.19104088939991368,0.19255718675315808,0.056910569105691054,-0.15682118807118806,-0.16835890872181591,-0.003085226068282404,-0.005804028678729922,-0.0038597828998908623
390,0.1384955344419861,0.13690679412768864,0.08877086494688922,-0.16477366854479747,-0.15599144097570894,0.1374248959378104,0.13485831341754864,0.08293075684380032,0.011612856245619474,-0.06973422890679037,0.1793125203059505,0.17343803345851827,0.1518987341772152,0.28294845304521166,0.17428288418291316,0.18723001291026262,0.19255718675315808,0.060492905153099324,-0.17138383957910452,-0.17982567062633115,-0.001070638504175686,-0.0020484807101399938,-0.005840108103088909
391,0.13440654251850828,0.13110276544895869,0.09382151029748284,-0.16772281153960533,-0.16315864780461098,0.13528753508769378,0.13690679412768864,0.08526490066225166,0.042428868841082545,-0.0458350441068518,0.1777850001036806,0.17207237965175828,0.13056379821958458,0.25821750768315654,0.17856058626653226,0.1857864035713782,0.1898258791396381,0.04754601226993865,-0.1311827104193517,-0.1551851990096177,0.0008809925691855014,0.00580402867872995,-0.00855660963523118
392,0.16856012576156773,0.1686582451348583,0.12090483619344773,-0.189924567971819,-0.14715110394722053,0.16637216211254566,0.16626835097302833,0.11382799325463744,0.03292820125043794,-0.03733365820744461,0.20384450524229053,0.202116763400478,0.18244575936883628,0.29633352391139967,0.15942259874298703,0.2135641664411087,0.21440764766131787,0.07210031347962383,-0.14422456243890747,-0.14028751358848446,-0.0021879636490220733,-0.0023898941618299696,-0.007076842938810293
393,0.13549722427811037,0.1314441789006487,0.08283132530120482,-0.1612543477921795,-0.15604257550128098,0.1359563490310137,0.13554114032092865,0.07371794871794872,0.04286962082572954,-0.06548060658218835,0.1849818139017081,0.1799248890406282,0.13173076923076923,0.3171314709965217,0.16998051260745262,0.19067950554150184,0.19665414817343804,0.05037037037037037,-0.1503361252788047,-0.18094711695403154,0.0004591247529033282,0.00409696142027996,-0.009113376583256103
394,0.1478276631897806,0.14544213041993856,0.09970014992503748,-0.16867124370562814,-0.1760441187778905,0.1470250905531098,0.14646637077500854,0.09134233518665608,-0.0032639230846148726,-0.0908842855689973,0.19046377270648554,0.18675315807442813,0.14119922630560927,0.23451193029920558,0.1645952140576823,0.19594801151626795,0.19665414817343804,0.04927975739196361,-0.14442010652086557,-0.15901215213611186,-0.0008025726366708008,0.001024240355069983,-0.008357814738381403
395,0.1500336590658447,0.14680778422669855,0.10299769408147579,-0.15891954931498364,-0.14610093509966027,0.1468226135606663,0.14510071696824856,0.09762100082034454,0.0014238887855682059,-0.052825800102878406,0.18803983344459896,0.18299761010583818,0.16167664670658682,0.298476148409894,0.19401205714470304,0.19523724538299858,0.19938545578695802,0.06030534351145038,-0.13558520860455014,-0.15633844991638035,-0.003211045505178395,-0.0017070672584499902,-0.0053766932611312435
396,0.14455064275711887,0.14339364970979857,0.09505703422053231,-0.1671800473329692,-0.14600936976725976,0.14231787955641295,0.1403209286445886,0.09061488673139159,0.005627161842344797,-0.05648380900627803,0.18098852167170248,0.17719358142710823,0.15594541910331383,0.32557254687784454,0.1814955297254458,0.18740916199283314,0.1905087060430181,0.056264066016504126,-0.1329801565628983,-0.16640759880140754,-0.002232763200705923,-0.003072721065209977,-0.0044421474891407214
397,0.14267384204505776,0.1399795151928986,0.10510510510510511,-0.1431935195461833,-0.14560122650996776,0.1405206320301831,0.13758962103106862,0.10031347962382445,-0.013942841287458374,-0.08241723029597936,0.18538482927661737,0.1812905428473882,0.1588345864661654,0.31692024293994325,0.1567793267998343,0.18949959557650817,0.19528849436667806,0.06167400881057269,-0.17637809840917495,-0.17944979591031884,-0.002153210014874646,-0.0023898941618299974,-0.004791625481280662
398,0.13915921063407796,0.13554114032092865,0.09889240506329114,-0.1669864461181556,-0.13034753004272526,0.13763533697677666,0.13793103448275862,0.09949832775919733,0.006622016715924661,-0.05248409061346193,0.17795747532100128,0.17173096620006828,0.15868263473053892,0.24564226014554935,0.16965572187590683,0.18848292405533487,0.18846022533287812,0.061430793157076204,-0.16309943750595868,-0.15553864279925156,-0.0015238736573013056,0.0023898941618299696,0.0006059226959061886
399,0.1310911404307285,0.12734721748036873,0.09790732436472346,-0.1625854792051976,-0.14585031326140463,0.13135362920625734,0.1283714578354387,0.0859437751004016,0.018921610470906236,-0.04106596565523979,0.17877328257959157,0.17480368726527826,0.14599236641221375,0.31442310428225917,0.18089657712341023,0.18133457062843772,0.18607033117104813,0.058953574060427415,-0.1603850713709869,-0.16725786814868548,0.00026248877552884076,0.001024240355069983,-0.01196354926432186
400,0.15740468570985006,0.15295322635711847,0.11735061195104392,-0.1759287584336614,-0.17065932695388064,0.15576959854268824,0.1502219187435985,0.10651340996168582,-0.010023740932934233,-0.07662801986711243,0.19936897062470274,0.19562990781836803,0.1722880583409298,0.305085063856541,0.15621140720488513,0.20246902678581744,0.20826220553089791,0.07890961262553801,-0.15552844689256518,-0.17625642856618828,-0.0016350871671618195,-0.002731307613519973,-0.0108372019893581
401,0.14011341327063234,0.13656538067599863,0.10204081632653061,-0.17915352284786912,-0.1578969207520995,0.13883191006555357,0.13383407306247866,0.09141940657578188,0.0045335900297550635,-0.07171513860331458,0.1882420941983285,0.18504609081597814,0.16071428571428573,0.2901314960299122,0.19930388683825895,0.19071514298256048,0.19562990781836803,0.062406015037593986,-0.12925663370894058,-0.16583471647632975,-0.0012815032050787767,-0.002731307613519973,-0.01062140975074874
402,0.1395198075561654,0.13758962103106862,0.10476190476190476,-0.1544928602481357,-0.16135693351062608,0.1399068422048997,0.13690679412768864,0.09287925696594428,0.008611176136173682,-0.07935874017873434,0.18076131300132253,0.17514510071696826,0.1519230769230769,0.31415577032404773,0.2037035162546451,0.18157009129163437,0.18231478320245817,0.05779078273591807,-0.15953416045212854,-0.16360345935533538,0.0003870346487343246,-0.0006828269033799794,-0.011882647795960488
403,0.1334245345540182,0.1314441789006487,0.09572901325478646,-0.19232648905481076,-0.14978938324831315,0.1355750978664636,0.13315124615909868,0.09445745511319281,-0.018930935007636207,-0.06336218694455065,0.17737597826266985,0.17173096620006828,0.1466414380321665,0.26603936874257594,0.18806238412094056,0.17897129409480328,0.18436326391259816,0.06263498920086392,-0.17221788562701512,-0.18458474799398394,0.002150563312445397,0.0017070672584499902,-0.0012715581415936456
404,0.13880489217918424,0.13417548651416866,0.09674981103552532,-0.19376846974174478,-0.1485087816876166,0.13839445301521414,0.13485831341754864,0.09332260659694289,-0.006756483911822375,-0.05798509399681118,0.17639936635586015,0.17343803345851827,0.14887365328109697,0.2814852884491841,0.19321813934517407,0.18520775571708706,0.18846022533287812,0.0638930163447251,-0.1472494998256273,-0.1745343418987232,-0.00041043916397009994,0.0006828269033799794,-0.0034272044385824374
405,0.13900619244839674,0.13724820757937864,0.09534206695778748,-0.1842009938234338,-0.16218454590684672,0.13796862726725206,0.13588255377261865,0.09257842387146137,-0.006111549714391873,-0.08706372230089177,0.17979848153955066,0.17651075452372825,0.1541970802919708,0.28838526912181306,0.14951081174174286,0.1843757935056529,0.1894844656879481,0.06476868327402135,-0.2102261644917104,-0.196941941903632,-0.0010375651811446729,-0.0013656538067599866,-0.002763643086326109
406,0.1409208144908597,0.13724820757937864,0.09922480620155039,-0.16617412610195104,-0.1610743355773968,0.14304723754912058,0.1410037555479686,0.09090909090909091,-0.013199316033689401,-0.08204639816096271,0.18829998276382579,0.18538750426766815,0.15151515151515152,0.25705412548507056,0.18252539232014253,0.1908973605198457,0.19289860020484806,0.05495356037151703,-0.14601369860372937,-0.16336500043004698,0.0021264230582608845,0.003755547968589956,-0.008315715292459475
407,0.14825797099124358,0.14544213041993856,0.10339622641509434,-0.18019109061241423,-0.15358455271355587,0.1491722470419985,0.1488562649368385,0.10055423594615993,-0.016119143959329674,-0.08338411829727366,0.19179665898070025,0.18709457152611814,0.1605058365758755,0.33256746177716157,0.18269817344186012,0.19828894002304717,0.20450665756230796,0.06835066864784546,-0.17508087867726807,-0.17736211920939327,0.0009142760507549197,0.0034141345168999526,-0.0028419904689344078
408,0.1333725073468841,0.1297371116421987,0.09018759018759019,-0.18724925867783015,-0.18681221568461992,0.1316001402781892,0.1297371116421987,0.07951070336391437,-0.02836647479504617,-0.09916490867387251,0.17003801346692374,0.16660976442471834,0.13157894736842105,0.2733516483516484,0.17501384659051678,0.1759705018641309,0.1802663024923182,0.0508595988538682,-0.17820076748648173,-0.19804904991676708,-0.0017723670686949078,0.0,-0.010676886823675819
409,0.1459435641540972,0.14305223625810856,0.09823484267075978,-0.19085296637169635,-0.15973551223012983,0.1481224843761543,0.14475930351655855,0.0953525641025641,-0.035096825376730645,-0.09699940693339715,0.19228669465186296,0.18846022533287812,0.15323383084577114,0.32225190211543087,0.18018011283216717,0.20255106495946987,0.20757937862751794,0.0649546827794562,-0.15670983614167022,-0.18368929788888222,0.002178920222057096,0.0017070672584499902,-0.002882278568195687
410,0.15836701964082162,0.15500170706725844,0.10583657587548638,-0.16980570120780325,-0.13542779184373588,0.15626611490399014,0.15568453397063844,0.10141313383208644,0.04541606903524653,-0.041981283562247396,0.19800107127995253,0.1908501194947081,0.15980392156862744,0.28381810059018553,0.16656397272448897,0.20716631654914586,0.2092864458859679,0.06264501160092807,-0.14978210946256276,-0.1445445243590031,-0.0021009047368314715,0.0006828269033800072,-0.004423442043399936
411,0.14695274296533015,0.14612495732331854,0.10578386605783865,-0.13587879007688952,-0.13645741960193225,0.14484177266904352,0.14305223625810856,0.10024252223120453,0.03371173654432036,-0.04936496954571856,0.18143867329273147,0.17651075452372825,0.16113744075829384,0.28890722472073116,0.15648991240533228,0.1915647949043589,0.19597132127005804,0.06254653760238273,-0.17632924706223707,-0.16925847222050627,-0.002110970296286624,-0.003072721065209977,-0.005541343826634126
412,0.1368646013284535,0.13554114032092865,0.09820089955022489,-0.20009575024772597,-0.1600170653894193,0.13526841380138233,0.13383407306247866,0.08867775138558986,-0.051649465023325125,-0.0796941946473868,0.18031764492938815,0.1782178217821782,0.15333333333333332,0.21905652604740755,0.16127441757871042,0.1876348700779829,0.18777739842949812,0.05650557620817844,-0.18851108364786184,-0.17246145381424116,-0.0015961875270711634,-0.0017070672584499902,-0.009523148164635023
413,0.14495208505251633,0.14236940935472858,0.09812734082397004,-0.21431935513087585,-0.15178559041774098,0.1444298078289398,0.14339364970979857,0.09444444444444444,-0.04538538175889861,-0.067112746985582,0.1859828081151445,0.18368043700921816,0.15627996164908917,0.2852277873381034,0.1778740133447978,0.1905564746717625,0.19597132127005804,0.06449221645663454,-0.1967484829272711,-0.16759118785841065,-0.0005222772235765338,0.001024240355069983,-0.0036828963795255965
414,0.14900089960553317,0.14714919767838852,0.11173633440514469,-0.15324527897233753,-0.11121982427279042,0.1487355742013215,0.1495390918402185,0.10597140454163162,0.0038566922670176806,-0.04817975356124282,0.1869294986738826,0.18504609081597814,0.16483516483516483,0.2746682246273652,0.16730266996186482,0.19931365110279461,0.20245817685216796,0.06352941176470588,-0.16418859705885624,-0.14675150049202612,-0.00026532540421167483,0.0023898941618299696,-0.005764929863513069
415,0.14586596360817397,0.14714919767838852,0.09365558912386707,-0.1873351718733517,-0.17036679177047132,0.14170435622603664,0.1403209286445886,0.08566853482786228,-0.022314902723149066,-0.08509273495463232,0.18456195390357383,0.1806077159440082,0.14591439688715954,0.25740313757403144,0.1661814857960402,0.19272950395956062,0.19392284055991807,0.044173648134044174,-0.12423708124237076,-0.15785993010414834,-0.004161607382137333,-0.006828269033799933,-0.007987054296004784
416,0.15413634372828103,0.15329463980880847,0.11681547619047619,-0.16698032302634713,-0.15540638722849853,0.1547150466686304,0.15534312051894844,0.10804416403785488,0.012982991090571216,-0.06972531518684622,0.20175430788107745,0.199044042335268,0.17535545023696683,0.2714517128019439,0.1704071630351527,0.20307158718412033,0.20314100375554797,0.06028636021100226,-0.11886781965156346,-0.13624088427181313,0.0005787029403493682,0.002048480710139966,-0.008771312152621308
417,0.15239720916493124,0.15158757255035848,0.11198120595144871,-0.1443400991257715,-0.14238105072987928,0.1520782857554772,0.1502219187435985,0.09941520467836257,0.01890945226235896,-0.050844237751998866,0.19885761481577494,0.19426425401160805,0.17065868263473055,0.28705616168916226,0.17227674388158465,0.2038488856347015,0.20826220553089791,0.07220496894409938,-0.105634236579627,-0.15496736251433785,-0.00031892340945405273,-0.0013656538067599866,-0.012566001273086144
418,0.1403376291040298,0.13485831341754864,0.09527272727272727,-0.17465328915621592,-0.1549874424394192,0.14060372114750658,0.14271082280641859,0.09494163424124513,0.012833368911818632,-0.05423961341788186,0.18798952258277693,0.1816319562990782,0.1618334892422825,0.3337859873388429,0.1875551762338078,0.18492273457146371,0.18811881188118812,0.049598832968636035,-0.11964416731096617,-0.15050976114957315,0.0002660920434767733,0.007852509388869944,-0.00033109303148214086
419,0.1366337117077466,0.13349265961078866,0.09674981103552532,-0.1249736553317975,-0.14010110608490112,0.13634631939727293,0.13554114032092865,0.09682539682539683,0.03163540432706624,-0.06894687381354869,0.18056943364408803,0.17685216797541822,0.16303317535545023,0.2976148082471529,0.16258673913291555,0.1883225805692546,0.19255718675315808,0.06995581737849779,-0.14837135444298288,-0.17963123512454127,-0.000287392310473672,0.0020484807101399938,7.558578987150455e-05
420,0.15205271564576386,0.15397746671218845,0.12664092664092663,-0.16119522031144007,-0.1468237074878198,0.1510989407874644,0.14783202458176853,0.11677631578947369,0.012402069309956687,-0.056795973899556595,0.19823339179073302,0.198702628883578,0.18163471241170534,0.3040827127639749,0.19961212809233242,0.19870042880734426,0.20109252304540798,0.06318252730109204,-0.12810377857787114,-0.13200901715051072,-0.0009537748582994776,-0.006145442130419926,-0.009864610851452946
421,0.14931949685196297,0.15158757255035848,0.10719754977029096,-0.15522647395648226,-0.14237188117535338,0.14582898613909387,0.14339364970979857,0.09943411479385611,0.0007187142123761259,-0.06405941232330892,0.17926441059502493,0.17651075452372825,0.15926640926640925,0.2892054653871974,0.1640682143326465,0.1945370691854941,0.19801980198019803,0.06505295007564296,-0.1218812936855822,-0.16053129424249413,-0.0034905107128690993,-0.00819392284055992,-0.007763434976434849
422,0.14184204971450207,0.1392966882895186,0.09737827715355805,-0.1275327065494295,-0.1443295637230957,0.14144339786576388,0.13622396722430863,0.08685258964143426,0.044043466640503626,-0.054156867126702535,0.188612626222455,0.1874359849778081,0.15598086124401914,0.28547988213124575,0.18254646143882947,0.19037996234006177,0.19494708091498805,0.05878030859662013,-0.14163534438719405,-0.17363569011692348,-0.0003986518487381907,-0.003072721065209977,-0.010525687512123794
423,0.14646161279103095,0.14339364970979857,0.08927231807951988,-0.20656627625952784,-0.14859446663707643,0.14782913522651542,0.14544213041993856,0.08895949166004766,-0.017979178285926767,-0.06506756423534055,0.19262784736583952,0.18811881188118812,0.14312796208530806,0.25682097044060237,0.1651957883316072,0.19847397304959222,0.20177534994878799,0.05333333333333334,-0.1376296709425544,-0.1677830793509888,0.001367522435484464,0.0020484807101399938,-0.000312826419472223
424,0.1473373549479837,0.14475930351655855,0.10200927357032458,-0.18121231728478582,-0.14285056789257322,0.15075303854387262,0.1505633321952885,0.10107705053852527,0.046445692773742,-0.04377482576677083,0.19388203149208963,0.19324001365653806,0.16067864271457086,0.3144868288187602,0.18967950912736142,0.19997821568994092,0.20484807101399796,0.06579954093343535,-0.16968716606374323,-0.15765498912976206,0.0034156835958889242,0.00580402867872995,-0.0009322230317993091
425,0.14802212531499723,0.14510071696824856,0.11145272867025365,-0.15631405070118665,-0.14610093509966027,0.14775969671839828,0.14783202458176853,0.10440456769983687,-0.007436623516720586,-0.06078831162699394,0.18607895537971084,0.18333902355752818,0.1676470588235294,0.24277575512405614,0.1735370275112631,0.191916785154606,0.19289860020484806,0.0651840490797546,-0.1307578209277238,-0.14951344003856704,-0.0002624285965989459,0.002731307613519973,-0.0070481609704167725
426,0.14872910578443424,0.14680778422669855,0.10612855007473841,-0.15747510867365133,-0.1449206349206349,0.1469545694737098,0.14441789006486855,0.09929078014184398,-0.00833919673063388,-0.06719269102990033,0.19083019796211867,0.18777739842949812,0.16886792452830188,0.288174571811356,0.16824412452319426,0.19653532461860046,0.19767838852850803,0.0662739322533137,-0.1581498009657738,-0.16745047372954347,-0.0017745363107244394,-0.0023898941618299974,-0.006837769932894436
427,0.14375812698067245,0.14168658245134857,0.10271460014673514,-0.1565308062119939,-0.14339525018714505,0.1405124505452597,0.13758962103106862,0.0972972972972973,0.026595675964972143,-0.06724803925885692,0.18058019426930563,0.17651075452372825,0.1598890942698706,0.3066004742966292,0.17127190085475097,0.1852797555904866,0.18777739842949812,0.056245434623813005,-0.16644305210803623,-0.150114121739641,-0.0032456764354127365,-0.00409696142027996,-0.005417302849437838
428,0.14633556273333576,0.14441789006486855,0.11069558713537771,-0.17069374388315894,-0.15497810669133516,0.14590522788219923,0.14441789006486855,0.10873015873015873,0.02126590378679516,-0.06802960222016652,0.1823067551136781,0.1802663024923182,0.16064638783269963,0.2478374614168486,0.1668442799876657,0.19062326542415367,0.19289860020484806,0.07116382505559674,-0.1577373334337122,-0.16852852297255627,-0.0004303348511365268,0.0,-0.0019654284052189747
429,0.1484065549323932,0.1481734380334585,0.09829721362229102,-0.15882452295098703,-0.13963002114164902,0.15083646084499835,0.1498805052919085,0.09598031173092698,-0.004792093830768396,-0.05651660241263534,0.19021343203830887,0.1888016387845681,0.1466275659824047,0.2745182374521773,0.16663723417485388,0.19566494447755392,0.19767838852850803,0.05823754789272031,-0.15391459074733094,-0.15443104091530901,0.002429905912605168,0.0017070672584499902,-0.0023169018913640343
430,0.14302207796040675,0.1396381017412086,0.11794500723589002,-0.20172868228468777,-0.18605320315520446,0.14416627975130158,0.1410037555479686,0.1026438569206843,-0.03137347292369164,-0.07809797200089297,0.18762681100170797,0.18470467736428817,0.15904761904761905,0.32865087194891496,0.18729197125345587,0.18989747305462643,0.19153294639808807,0.06725146198830409,-0.1682986566145902,-0.17030973194520072,0.0011442017908948332,0.0013656538067599866,-0.015301150315205722
431,0.15438608548062274,0.15636736087401842,0.10891089108910891,-0.1678802217322063,-0.13812752329786437,0.1540307586774694,0.15295322635711847,0.1008130081300813,0.022169392380252395,-0.04418937216223162,0.19863077393520778,0.19460566746329805,0.16468253968253968,0.3023398260443464,0.20706688750175006,0.2035364537815389,0.20518948446568794,0.06278366111951589,-0.1484786536812447,-0.14831358787883653,-0.00035532680315333853,-0.0034141345168999526,-0.008097882959027608
432,0.15487278985514338,0.15124615909866848,0.1138763197586727,-0.15624915442270748,-0.13790132412896583,0.15530735494843947,0.15636736087401842,0.11260904044409199,0.011584892094673727,-0.06457750936840112,0.19641723934642585,0.19528849436667806,0.17313150425733206,0.28020595363723866,0.16554646311090981,0.1983310460214945,0.19938545578695802,0.06581899775617053,-0.11825712507586028,-0.1503099697038307,0.00043456509329609094,0.005121201775349943,-0.0012672793145807049
433,0.14262522920985812,0.1399795151928986,0.10600444773906598,-0.15020620918776495,-0.13415438784492328,0.13990895906893536,0.1396381017412086,0.10583657587548638,-0.004183373429564319,-0.062397183206398976,0.17650470298848134,0.17446227381358825,0.170018281535649,0.24596364608393473,0.1517532243866968,0.18321969245707867,0.18572891771935815,0.06768558951965066,-0.13487035551991444,-0.16218454590684672,-0.0027162701409227663,-0.0003414134516900036,-0.00016787186357959671
434,0.1455146558262349,0.14339364970979857,0.11169415292353824,-0.16729380020151763,-0.15345969610744092,0.14558161106247455,0.1399795151928986,0.10785091197462332,-0.018863341815290702,-0.07099422767016528,0.18632017501843082,0.18333902355752818,0.16539923954372623,0.2923599765465341,0.16510553812970596,0.18964492528546317,0.19289860020484806,0.07377049180327869,-0.13219519507553112,-0.16249700771700526,6.695523623964639e-05,-0.0034141345168999526,-0.0038432409489149166
435,0.15380170849527508,0.1519289860020485,0.12204424103737604,-0.1397384731009529,-0.1471065878171629,0.151500837687317,0.1495390918402185,0.11372867587327376,0.04265998796668147,-0.05632946987291021,0.19022192126038429,0.18436326391259816,0.171875,0.29127084751620236,0.17855632280784384,0.19666610037103702,0.19801980198019803,0.07575757575757576,-0.12209654552154448,-0.1573190135858913,-0.002300870807958072,-0.0023898941618299974,-0.008315565164102284
436,0.13877383782972044,0.13519972686923865,0.10076923076923076,-0.14942143185423484,-0.1336878615295395,0.1366424884060208,0.13349265961078866,0.09300411522633745,0.034647373649019264,-0.03725829876032849,0.17856479274685866,0.17309662000682827,0.15376984126984128,0.28010148107515087,0.1975760482188087,0.18418943354582537,0.18470467736428817,0.0581570996978852,-0.14887288550206812,-0.16091503219378722,-0.0021313494236996355,-0.0017070672584499902,-0.007765115542893317
437,0.14729288695617807,0.14373506316148857,0.11503759398496241,-0.1625805796660068,-0.13498124060223216,0.14710825165590835,0.1403209286445886,0.1060126582278481,0.004382180261577218,-0.06064733839222469,0.19475734057974775,0.19426425401160805,0.17857142857142858,0.32988173189178205,0.1961425056059828,0.19139935269991915,0.19426425401160805,0.06726457399103139,-0.14352909327783703,-0.14399141056708153,-0.0001846353002697143,-0.0034141345168999804,-0.009024935757114314
438,0.14487357950507312,0.14407647661317857,0.106539309331374,-0.13480991602598547,-0.1439188045994736,0.14174219863568704,0.1410037555479686,0.10108864696734059,0.04631731721851162,-0.05988843067119365,0.18351714267350375,0.17685216797541822,0.1514052583862194,0.2748275370425207,0.1451456817138097,0.1830945069024376,0.18538750426766815,0.05809731299927379,-0.14121489962966616,-0.16184528437084,-0.00313138086938608,-0.003072721065209977,-0.0054506623640334095
439,0.14316262547743477,0.14168658245134857,0.11077389984825493,-0.18622564385886942,-0.1428510512069413,0.14246549354728488,0.14202799590303858,0.10104250200481155,-0.023478379233174418,-0.06251127838135151,0.1827205297959764,0.17924206213724822,0.1598477640342531,0.2905081610838207,0.15927175646112202,0.18910440648923915,0.1894844656879481,0.06046863189720333,-0.13693886293302582,-0.1485087816876166,-0.0006971319301498913,0.0003414134516900036,-0.009731397843443387
440,0.1483829342227215,0.1485148514851485,0.11310452418096724,-0.16815260211486627,-0.1395628858265262,0.14690361786522754,0.14305223625810856,0.102880658436214,-0.015232566175962359,-0.06306665835255976,0.18728806233719036,0.18538750426766815,0.17244796828543113,0.29113276660446474,0.17213069776142664,0.1970758212724994,0.198702628883578,0.0724191063174114,-0.15543575920934416,-0.15783064164120464,-0.0014793163574939594,-0.005462615227039946,-0.010223865744753244
441,0.15337039946276018,0.15124615909866848,0.10608308605341246,-0.15775427018633537,-0.14226146383059646,0.15290366865864102,0.1505633321952885,0.0981012658227848,0.01957977484472051,-0.04790737835280334,0.19389165435046263,0.19324001365653806,0.16307403936269915,0.2632634575569358,0.17337541735106876,0.1953197921413521,0.19733697507681802,0.061285500747384154,-0.10756340579710144,-0.13102883460704962,-0.0004667308041191587,-0.0006828269033799794,-0.007981820230627656
442,0.14036214032735825,0.13690679412768864,0.09947643979057591,-0.1723255977249587,-0.14937775182510526,0.1429034535849146,0.1399795151928986,0.09322709163346614,-0.02067900150967239,-0.05689548546691403,0.18572194080305282,0.18299761010583818,0.14956855225311602,0.2918723449074887,0.18220500804450712,0.1899252444581554,0.19528849436667806,0.06661786237188873,-0.17297686339219887,-0.1820848948054412,0.0025413132575563546,0.003072721065209977,-0.006249348157109771
443,0.15413038958185576,0.15295322635711847,0.10882800608828005,-0.1491033183133066,-0.12993621576042225,0.15276112694636582,0.15124615909866848,0.10416666666666667,0.014060413885180312,-0.055393686714243495,0.1948317666665073,0.19187435984977808,0.1642651296829971,0.29598318591455275,0.17839879074877163,0.20141915448809097,0.20484807101399796,0.06651718983557549,-0.147662160658656,-0.15704258995903264,-0.0013692626354899484,-0.0017070672584499902,-0.0046613394216133835
444,0.1468345271706516,0.14646637077500854,0.11016291698991466,-0.15879361394465819,-0.13715655972442364,0.14744356194185285,0.1488562649368385,0.10918114143920596,0.06960131419746407,-0.04605242903403062,0.189718607597558,0.1874359849778081,0.1793103448275862,0.3656360971483096,0.1748750878901726,0.19296295223718954,0.19631273472174804,0.06923076923076923,-0.10893280476888423,-0.1496833776943527,0.00060903477120125,0.0023898941618299696,-0.000981775550708705
445,0.1488253439870263,0.14544213041993856,0.10518174787316319,-0.09095732410611301,-0.12668173627970603,0.1491642260071133,0.14749061113007852,0.10302534750613246,0.05238946559015767,-0.04725175807848492,0.19208758683272528,0.18675315807442813,0.16477272727272727,0.2336716647443291,0.14224547563014267,0.19790146561862842,0.200751109593718,0.06702208682406702,-0.12055940023068057,-0.1493760157657693,0.0003388820200870002,0.002048480710139966,-0.002156400367030728
446,0.147633336806621,0.14407647661317857,0.10617469879518072,-0.15306506472388504,-0.12902505097627048,0.14677757690341764,0.14373506316148857,0.10111464968152867,0.01095655014237118,-0.04799652116725284,0.1897519577814781,0.18846022533287812,0.17613636363636365,0.2655099446846886,0.17708272830224048,0.1912305055614278,0.19426425401160805,0.06995581737849779,-0.14924482883497014,-0.16278693839669445,-0.0008557599032033569,-0.0003414134516900036,-0.005060049113652057
447,0.15329780714824498,0.1519289860020485,0.1141552511415525,-0.17702427846862845,-0.13832486682240108,0.1530911815475961,0.1505633321952885,0.11849479583666933,-0.038917638577791513,-0.06477437057362156,0.2009282595665283,0.198361215431888,0.1909353905496625,0.2559666331968796,0.17511340180701296,0.202994438731067,0.20382383065892795,0.07056145675265554,-0.13595427512164981,-0.1428510512069413,-0.0002066256006488798,-0.0013656538067599866,0.004339544695116826
448,0.15647212062460716,0.15670877432570843,0.1077752117013087,-0.18402237213861505,-0.1570715380875808,0.15532889644793754,0.15329463980880847,0.10073710073710074,-0.02131695785042953,-0.06805841217605924,0.1975649650773959,0.19562990781836803,0.15484515484515485,0.3244709681139365,0.18300425065130943,0.20391127270936163,0.20484807101399796,0.05603112840466926,-0.16283803263564556,-0.1410948231803847,-0.0011432241766696216,-0.0034141345168999526,-0.007038110964207964
449,0.14724129264746597,0.14612495732331854,0.12008895478131949,-0.14995242769197215,-0.1498716153127917,0.15049908962011393,0.14919767838852852,0.1185243328100471,0.020743782694209734,-0.06551550444739296,0.18966761898321285,0.18709457152611814,0.1793168880455408,0.333359657930661,0.18192908742444347,0.1893121878874159,0.1898258791396381,0.07216494845360824,-0.15695100992437316,-0.15999434861663964,0.0032577969726479694,0.003072721065209977,-0.001564621971272398
450,0.14519269628226858,0.14373506316148857,0.10256410256410256,-0.15894334635715923,-0.16035703350494002,0.1461310076286841,0.14612495732331854,0.10353130016051364,0.010184440358538271,-0.06965905597448463,0.18931818305622206,0.1894844656879481,0.15825242718446603,0.23289186393932426,0.17522548335774468,0.19269807687408158,0.19324001365653806,0.05714285714285714,-0.13486842105263153,-0.1648919323814627,0.0009383113464155324,0.0023898941618299696,0.0009671975964110763
451,0.14656295202149486,0.14475930351655855,0.11339421613394216,-0.15302572885996735,-0.15805193640139104,0.1474000818260759,0.14680778422669855,0.10504885993485343,0.04795361380586394,-0.060293023442061666,0.1889756796178195,0.18402185046090816,0.1643700787401575,0.3243301637933913,0.18069406431814572,0.1921178331126647,0.19324001365653806,0.06311787072243347,-0.12797254854974394,-0.1591886679474298,0.0008371298045810327,0.0020484807101399938,-0.00834535619908873
452,0.15195764938670575,0.14919767838852852,0.10038022813688213,-0.1681303814000047,-0.14132625555192846,0.15386039480760627,0.15261181290542847,0.09787928221859707,0.035633568205457156,-0.0405760651294379,0.19200418795266794,0.18777739842949812,0.15377176015473887,0.3320436220878854,0.1767726602763846,0.19916952520766334,0.20518948446568794,0.06507105459985041,-0.18573601520282157,-0.16623079700467902,0.0019027454209005201,0.0034141345168999526,-0.0025009459182850635
453,0.14785005633278075,0.14783202458176853,0.10759969902182091,-0.1455366269165247,-0.1338549693566261,0.14813563474950386,0.1498805052919085,0.10606060606060606,0.022952867688813106,-0.049384625936162996,0.18969447825894561,0.18402185046090816,0.1669811320754717,0.30608177172061335,0.16911199571143476,0.19357705463336045,0.19562990781836803,0.061148396718866516,-0.13027825099375356,-0.14737022430390012,0.000285578416723109,0.002048480710139966,-0.0015390929612148496
454,0.14589044463617118,0.14305223625810856,0.11232449297971919,-0.18442078958296249,-0.16339521131841683,0.14416055151621604,0.14236940935472858,0.09925558312655088,-0.01324375630301955,-0.0795341505305508,0.18589829381105316,0.18368043700921816,0.16701244813278007,0.31629293468588715,0.2019173548533829,0.1945484340904669,0.19358142710822807,0.05984251968503937,-0.1238024262917482,-0.1496098314628771,-0.0017298931199551393,-0.0006828269033799794,-0.013068909853168317
455,0.15960295080886083,0.15705018777739843,0.1093627065302911,-0.16517484988993847,-0.1393130194772192,0.1581976970819772,0.15431888016387846,0.09816971713810316,0.0029272902588846073,-0.0602850820607852,0.19771140649016417,0.19221577330146808,0.15577889447236182,0.3502491269990665,0.17679873018851688,0.207594371482841,0.2099692727893479,0.05979543666404406,-0.1415125869639544,-0.1393130194772192,-0.0014052537268836318,-0.002731307613519973,-0.01119298939218795
456,0.14039828036695637,0.13793103448275862,0.10046367851622875,-0.13815198885621416,-0.15231436327540926,0.13975346645904482,0.13588255377261865,0.0935720097640358,0.006930041789196761,-0.07811920910453052,0.17405093982094125,0.1703653123933083,0.1550695825049702,0.31374787184646336,0.176427242897099,0.18632567072883635,0.18641174462273813,0.0654490106544901,-0.152217149048135,-0.17514364148183337,-0.0006448139079115456,-0.002048480710139966,-0.00689166875219295
457,0.14188571317332965,0.14202799590303858,0.09538228614685844,-0.16770821540435488,-0.13877406474189868,0.14243213067784088,0.13861386138613863,0.08656957928802589,0.010200384920185712,-0.04275262889027642,0.183667262790927,0.1819733697507682,0.15804597701149425,0.25754179402996336,0.1741428497392703,0.1921913792090985,0.19255718675315808,0.06087602078693393,-0.1633005019057323,-0.16814532747298305,0.0005464175045112318,-0.0034141345168999526,-0.00881270685883255
458,0.13207040038370166,0.1304199385455787,0.09689349112426035,-0.18857064493378262,-0.1784961138764365,0.13126530802933853,0.12598156367360874,0.08076009501187649,-0.015602225530914504,-0.07785185946897721,0.17505390054439232,0.17173096620006828,0.14244741873804972,0.28890173183919754,0.16753918779415355,0.18103489004286158,0.18607033117104813,0.06356245380635625,-0.16661703628242297,-0.17962694819562142,-0.0008050923543631294,-0.004438374871969963,-0.01613339611238386
459,0.14510508373381711,0.14373506316148857,0.10139318885448917,-0.20042930233469902,-0.14624165222495744,0.1461349843520896,0.14749061113007852,0.09555189456342669,-0.009679885519377485,-0.05729131146290234,0.18663982364439757,0.18094912939569818,0.14742967992240544,0.24636073157822513,0.1513998726326885,0.19570726592897508,0.19767838852850803,0.05521472392638037,-0.18037363025111242,-0.15992632003450447,0.001029900618272489,0.003755547968589956,-0.0058412942910624766
460,0.1512681380447109,0.1498805052919085,0.11042471042471043,-0.17503955696202533,-0.14398936952620323,0.14936096034626126,0.1481734380334585,0.10148514851485149,0.024454801871216292,-0.0494688339349203,0.18708347576759107,0.18333902355752818,0.1665043816942551,0.30351025041276825,0.16120946828661353,0.19409070470328127,0.19562990781836803,0.06559877955758962,-0.13461062190423767,-0.16221019566428185,-0.0019071776984496414,-0.0017070672584499902,-0.008939561909858937
461,0.14063071630271268,0.1410037555479686,0.10617469879518072,-0.16988158622094207,-0.15698134792724683,0.13819906955335212,0.13519972686923865,0.08706070287539937,0.002653399668325007,-0.07092920251373969,0.17665872493861617,0.17343803345851827,0.136986301369863,0.28350644438625583,0.18949176386924216,0.18375828314816947,0.18709457152611814,0.051762940735183796,-0.1261412237060312,-0.16264267328339865,-0.0024316467493605554,-0.00580402867872995,-0.019113995919781357
462,0.14522538314468,0.14305223625810856,0.09613928841786526,-0.11704568113226166,-0.1359799929770713,0.14407630919089182,0.13861386138613863,0.09365079365079365,0.05343823261234448,-0.067112746985582,0.1858552228329989,0.1795834755889382,0.15654648956356737,0.3085823691001416,0.16545532964141452,0.1940851568536451,0.19631273472174804,0.06656804733727811,-0.15286733945202768,-0.17097810159569693,-0.0011490739537881878,-0.004438374871969936,-0.0024884947670716084
463,0.1390959454262735,0.13656538067599863,0.09360730593607305,-0.16789100760654374,-0.1760983974558833,0.1388083686656612,0.13793103448275862,0.08870967741935484,-0.036168296640319175,-0.09161002681299502,0.18499034397432118,0.18094912939569818,0.13941825476429287,0.3202079518897275,0.18583151462243563,0.18911423932184598,0.19358142710822807,0.05450416351249054,-0.14170350853689395,-0.18409054062480512,-0.0002875767606122792,0.0013656538067599866,-0.004897628516718211
464,0.15308320914081924,0.1519289860020485,0.11180609851446442,-0.1322644931146495,-0.1389767261914976,0.1512158734963038,0.14783202458176853,0.11019736842105263,0.009749098228342468,-0.06699593305055529,0.18777178388818871,0.18436326391259816,0.17635270541082165,0.343004045517049,0.18208046226254682,0.1967930682470885,0.19733697507681802,0.07137315748642359,-0.09572331054823724,-0.15040224891228215,-0.0018673356445154388,-0.00409696142027996,-0.0016087300934117948
465,0.15094220715542778,0.15363605326049845,0.10310077519379846,-0.16695260660881384,-0.15630255775886848,0.1503496475509914,0.1481734380334585,0.09836065573770492,-0.03594717528887936,-0.0762273369069485,0.1861089851403594,0.18470467736428817,0.14529058116232466,0.26905255693098107,0.17772550636628304,0.19993068372366632,0.20279959030385797,0.052187260168841135,-0.1408431196201585,-0.1711736702027965,-0.0005925596044363823,-0.005462615227039946,-0.004740119456093539
466,0.15064769146904997,0.14919767838852852,0.10471976401179942,-0.15234162073768998,-0.1364762294788655,0.1499197061829139,0.1488562649368385,0.09695074276778734,0.03282281509296836,-0.0502355474662628,0.19113891039254502,0.18675315807442813,0.14794520547945206,0.2511204651444492,0.15584608227813834,0.19931337721508707,0.20382383065892795,0.059248554913294796,-0.14452486221307004,-0.16783647748344832,-0.0007279852861360736,-0.0003414134516900036,-0.007769021244012075
467,0.14872483300590078,0.14749061113007852,0.10365398956002983,-0.1887504630512108,-0.1343986233741138,0.15052639915597937,0.1495390918402185,0.09905660377358491,-0.02488608041086582,-0.05689348173164077,0.19478733030776454,0.1908501194947081,0.16745061147695203,0.27045427571597613,0.17786846904048736,0.1966140651986755,0.199726869238648,0.06803218727139722,-0.1668189191036048,-0.16360345935533538,0.0018015661500785929,0.002048480710139966,-0.004597385786444919
468,0.1493091871691345,0.1481734380334585,0.11472868217054263,-0.1425115197524215,-0.1288942062904268,0.1483580570160522,0.1481734380334585,0.10347682119205298,0.02707462405854344,-0.03572398176707692,0.1874913370620742,0.18504609081597814,0.1603128054740958,0.25205474767681435,0.17447713453560254,0.19340921656880616,0.19597132127005804,0.05819295558958652,-0.10771374590717508,-0.1470737622949828,-0.0009511301530822913,0.0,-0.011251860978489653
469,0.1547583155468056,0.15466029361556846,0.11547525530243519,-0.15235917122709575,-0.14160368432986947,0.15341087463215405,0.15158757255035848,0.1075,0.04593282329131387,-0.05799441720813492,0.1976990283768968,0.19562990781836803,0.17820773930753564,0.2983891021626871,0.19168805173074366,0.2049878764020001,0.20484807101399796,0.07114933541829555,-0.1201648107308485,-0.1484756788878202,-0.0013474409146515542,-0.003072721065209977,-0.007975255302435189
470,0.14968776192222888,0.14714919767838852,0.09769230769230769,-0.16416203420485675,-0.1459063786951179,0.15061483361935227,0.1495390918402185,0.09275834011391375,0.023977976966247372,-0.06512541924218718,0.19178429847012643,0.18777739842949812,0.15208747514910537,0.3335771471128015,0.18859505903955287,0.20121877737132712,0.20484807101399796,0.05779467680608365,-0.16970768944330672,-0.16297277857953996,0.0009270716971233883,0.0023898941618299696,-0.004933967578393941
471,0.153644818925096,0.15397746671218845,0.12273800157356413,-0.1557798914404367,-0.12889160889767282,0.15569192260260156,0.15329463980880847,0.11867219917012448,0.003291843393776861,-0.05350120029745409,0.1979241278651593,0.19528849436667806,0.1845841784989858,0.30811191882302635,0.19665788278508933,0.20219917582880248,0.20279959030385797,0.07320872274143302,-0.15418116117897696,-0.14374123483407952,0.002047103677505574,-0.0006828269033799794,-0.00406580240343965
472,0.15143201381706956,0.15227039945373846,0.1147410358565737,-0.189293102775284,-0.14097441276644984,0.14956967454286144,0.14578354387162853,0.11252115059221658,-0.042343573129318135,-0.056918514270190346,0.1878446614731851,0.18368043700921816,0.16615384615384615,0.2752839689293103,0.18143177324660031,0.20007878736841325,0.200751109593718,0.06682577565632458,-0.1393340879815762,-0.14327731409511446,-0.001862339274208119,-0.006486855582109929,-0.0022198852643571243
473,0.14155486706929774,0.1392966882895186,0.09372693726937269,-0.1707225051877005,-0.16687273787219403,0.14075327366510848,0.1399795151928986,0.09435421500386698,-0.06828900207508015,-0.09698889800998922,0.17903524222712078,0.17480368726527826,0.14638783269961977,0.27428787021316725,0.17465635048664507,0.18875123613121972,0.19289860020484806,0.06791907514450866,-0.16883606866628942,-0.19956034038838655,-0.0008015934041892547,0.0006828269033800072,0.0006272777344942942
474,0.14492896040778627,0.14202799590303858,0.10231516056758776,-0.1606415570373041,-0.1451176818126877,0.14308395510368227,0.13861386138613863,0.09659540775930324,0.025067579744098123,-0.059521067146618534,0.18107791857379452,0.1785592352338682,0.15745079662605435,0.30254099837808623,0.16122809699219154,0.18675814815859837,0.18811881188118812,0.061946902654867256,-0.16107406739953145,-0.16426429298799272,-0.0018450053041040027,-0.0034141345168999526,-0.005719752808284517
475,0.15446695401258245,0.15090474564697848,0.10804769001490314,-0.1319140237135682,-0.14014577474302137,0.15467228816398826,0.15431888016387846,0.10812943962115233,0.027955434846095417,-0.05582177901678809,0.19950447255474665,0.19699556162512802,0.17490494296577946,0.30817417206938846,0.18590700873174737,0.1995949481864504,0.198702628883578,0.06035767511177347,-0.11247152619589973,-0.14014577474302137,0.00020533415140580602,0.0034141345168999804,8.17496062491957e-05
476,0.1541600265135683,0.15329463980880847,0.10577644411102775,-0.2042652329749104,-0.15888575735079913,0.1528026258306079,0.15158757255035848,0.09641434262948208,-0.006451612903225712,-0.07064373033842541,0.19560736064315618,0.1905087060430181,0.15384615384615385,0.29143369175627243,0.17258749796491213,0.2011178673149807,0.20382383065892795,0.05709992486851991,-0.15100358422939064,-0.1566231412735588,-0.0013574006829603913,-0.0017070672584499902,-0.009362101481545676
477,0.1496881897396901,0.1485148514851485,0.09826589595375723,-0.18942565943023348,-0.1724688310447937,0.14960817902868795,0.14749061113007852,0.0918918918918919,-0.029496968204262064,-0.07269939927364266,0.18939000075247878,0.18436326391259816,0.14903403863845446,0.2579137492229924,0.16046960980949643,0.1942749030547456,0.198361215431888,0.057183702644746245,-0.17397347032124133,-0.18928390381521243,-8.001071100213752e-05,-0.001024240355069983,-0.006374004061865335
478,0.14461277861358376,0.13793103448275862,0.11379050489826677,-0.11968288682340067,-0.13345646569508407,0.1448570168066414,0.14544213041993856,0.11226114649681529,0.03455440131219245,-0.05345981322156035,0.19103779236258714,0.18333902355752818,0.1720226843100189,0.2714051394204483,0.16962944297220972,0.19162419942858766,0.19289860020484806,0.0634441087613293,-0.11416074357572448,-0.13007632544972392,0.00024423819305763317,0.00751109593717994,-0.0015293584014514777
479,0.15698900824497194,0.1498805052919085,0.11692307692307692,-0.13167053919812732,-0.13556210127517565,0.15754882739118203,0.15739160122908843,0.11281224818694602,0.021779397877227047,-0.0685992655900941,0.20006863812735645,0.19938545578695802,0.17511961722488037,0.2905605369569756,0.15385354448237987,0.206572140455364,0.20894503243427792,0.0753998476770754,-0.12672276569620322,-0.15031662439222748,0.0005598191462100888,0.00751109593717994,-0.004110828736130903
480,0.14001699897772252,0.13485831341754864,0.09562638991845812,-0.15780902104431516,-0.13876426531337716,0.1416210914417398,0.1396381017412086,0.09394409937888198,-0.034581268404797805,-0.07030853528481595,0.1889765814424147,0.18641174462273813,0.14758751182592242,0.29102025425554834,0.18892545875776856,0.19141007052491799,0.200068282690338,0.06598984771573604,-0.1581555699202758,-0.1724310177864402,0.0016040924640172705,0.004779788323659967,-0.0016822905395761367
481,0.15555578357656227,0.15466029361556846,0.1110310021629416,-0.20680192915350082,-0.1573541685987202,0.1540150356098105,0.15295322635711847,0.09891808346213292,-0.02665437007695448,-0.05346073497757198,0.1920245072889626,0.18607033117104813,0.14981617647058823,0.24894168695100016,0.17666880616174585,0.1940165595956983,0.19528849436667806,0.05555555555555555,-0.15987330480927686,-0.1562370349038692,-0.001540747966751771,-0.0017070672584499902,-0.012112918700808675
482,0.1404243660741492,0.13793103448275862,0.08584686774941995,-0.1526875639838151,-0.14927639136274462,0.1415544019892908,0.14305223625810856,0.07820299500831947,0.05021791059328229,-0.04545223709426216,0.1854518854761386,0.18231478320245817,0.13319878910191726,0.342379954175401,0.19528288983595543,0.1944211010450491,0.199044042335268,0.05275056518462698,-0.18637156924876908,-0.18806783361690294,0.0011300359151416028,0.005121201775349943,-0.0076438727411004825
483,0.15044344304697713,0.14680778422669855,0.10404191616766467,-0.17518205342252857,-0.1501143690966814,0.1506954670689962,0.15090474564697848,0.10488390712570056,0.05511103034570741,-0.051953517835663376,0.1863451996901927,0.18094912939569818,0.16098484848484848,0.2989291643241544,0.16580561197326127,0.19295426324709916,0.19665414817343804,0.06671608598962195,-0.1793200183993685,-0.16478208250350013,0.0002520240220190706,0.004096961420279932,0.0008419909580358875
484,0.14040155780567856,0.1389552748378286,0.10941086457536343,-0.15899398578458168,-0.13975338766814482,0.13826151209637702,0.1314441789006487,0.10278884462151394,-0.022088572990705324,-0.08078690514529197,0.18050312176650216,0.18231478320245817,0.1743486973947896,0.3174412247129579,0.2106435950157307,0.18368230594543505,0.18675315807442813,0.06334841628959276,-0.1584472389283762,-0.161298833205341,-0.0021400457093015413,-0.007511095937179912,-0.006622019953849492
485,0.15014229611050856,0.14783202458176853,0.10570987654320987,-0.15091938100143265,-0.14229776697146435,0.14988568967934288,0.1481734380334585,0.09959514170040486,0.006660036230597077,-0.0728785980300024,0.1920857676500754,0.1898258791396381,0.15810276679841898,0.25388650114256617,0.1808996753133748,0.19919913362184044,0.20348241720723798,0.0683371298405467,-0.13617850081104443,-0.1661961693939349,-0.00025660643116567905,0.00034141345168997583,-0.006114734842805017
486,0.15403883404596094,0.15295322635711847,0.10558530986993114,-0.20338745800671887,-0.14726833928925953,0.15395026191795308,0.15397746671218845,0.09239574816026165,-0.0296052631578948,-0.0518469575143935,0.20055574298986,0.198361215431888,0.1566147859922179,0.285904255319149,0.1696669644629739,0.20412441387866928,0.20757937862751794,0.055597867479055596,-0.1689879619260919,-0.1540841522731785,-8.85721280078633e-05,0.001024240355069983,-0.013189561709669492
487,0.13549978286164396,0.13110276544895869,0.09165424739195231,-0.16023947016410556,-0.14478059843913504,0.13426698462424505,0.1280300443837487,0.08495713172252534,-0.010064924472284797,-0.07838221984563443,0.18074673851556866,0.1799248890406282,0.15259117082533588,0.2896697225756636,0.19283827576510504,0.18316924636690107,0.1894844656879481,0.06421356421356421,-0.1944471632246908,-0.19429803332242357,-0.0012327982373989133,-0.003072721065209977,-0.006697115669426976
488,0.14055713059076455,0.13827244793444862,0.10566037735849057,-0.17578991341333738,-0.14983529304183774,0.13965148102730537,0.13656538067599863,0.10112359550561797,-0.02831535773963234,-0.06046195799084386,0.18010123704622202,0.17343803345851827,0.14956855225311602,0.2757861157526963,0.16919357384905165,0.18699859173578873,0.19255718675315808,0.07216494845360824,-0.18778672337839886,-0.18716845831630347,-0.0009056495634591766,-0.0017070672584499902,-0.004536781852872596
489,0.14906391343315611,0.1485148514851485,0.11247130833970925,-0.15729294911551528,-0.137879632037044,0.15026811872346227,0.15158757255035848,0.1054783319705642,0.0031602625221004432,-0.0426673600019809,0.19180898181277056,0.1874359849778081,0.17211538461538461,0.29109035536754024,0.1647593755029777,0.19699065861972068,0.199044042335268,0.06737320211960636,-0.13281063418156236,-0.15374834404288773,0.001204205290306154,0.003072721065209977,-0.00699297636914506
490,0.15033502818567543,0.14578354387162853,0.1073318216175359,-0.1948881665505766,-0.15132002257109511,0.15158047026066132,0.1519289860020485,0.10466988727858294,-0.024916802105100277,-0.05960655180143615,0.1886268338738313,0.18368043700921816,0.1742857142857143,0.2760777029641669,0.1577883418747923,0.19571767359130376,0.19665414817343804,0.06751687921980495,-0.1750096741738255,-0.16264267328339865,0.0012454420749858919,0.006145442130419954,-0.0026619343389529676
491,0.14516091016973612,0.14271082280641859,0.10352588147036759,-0.13510561332330873,-0.14952764792621664,0.14542386979754984,0.14612495732331854,0.100398406374502,0.05408693061722436,-0.061467890756771504,0.18535445514046664,0.18094912939569818,0.15311909262759923,0.29548323947058575,0.16093944465836596,0.19254703966776646,0.19699556162512802,0.06944444444444445,-0.14704296880541334,-0.18904164152789082,0.00026295962781372473,0.0034141345168999526,-0.003127475095865598
492,0.13668325479002133,0.13076135199726868,0.09427121102248005,-0.16435986159169547,-0.17150204503582833,0.13421572010620755,0.1300785250938887,0.08447488584474885,-0.005123768964599429,-0.09857075756559075,0.17680695884638326,0.1703653123933083,0.13493530499075784,0.272458078253926,0.16173783771279548,0.18615591202334178,0.19153294639808807,0.06142857142857143,-0.16379425073196696,-0.1950644609877512,-0.002467534683813777,-0.0006828269033799794,-0.0097963251777312
493,0.15318569432451443,0.15090474564697848,0.11600928074245939,-0.17190100885623105,-0.16451033285637218,0.1479575675487776,0.14646637077500854,0.10421836228287841,-0.004826324066325216,-0.06830240904506113,0.18383357995169067,0.17924206213724822,0.1693548387096774,0.2745321279785169,0.18023472746749236,0.19629427961634752,0.19699556162512802,0.06436420722135008,-0.11724987814635313,-0.14274901675619456,-0.0052281267757368355,-0.004438374871969936,-0.011790918459580982
494,0.15027701465532123,0.1485148514851485,0.10785824345146379,-0.1662382728305295,-0.15688021891669401,0.14726261530399978,0.14680778422669855,0.1076051779935275,-0.04174469873807163,-0.08610945647677914,0.18211093215527668,0.18094912939569818,0.16633266533066132,0.2329425022135172,0.18555895417966872,0.19281463417470174,0.19460566746329805,0.07359635811836115,-0.15914070814663772,-0.17970949712311823,-0.003014399351321445,-0.0017070672584499624,-0.0002530654579362829
495,0.14764922205378764,0.14714919767838852,0.11060259344012205,-0.1436556682917266,-0.13866800926292455,0.14734698722679043,0.14544213041993856,0.10815173527037934,0.00884356819407206,-0.057127553242023676,0.18700326324960706,0.18299761010583818,0.17473884140550808,0.2999046078553358,0.15351862481197065,0.19508208911471514,0.19392284055991807,0.06823351023502654,-0.10494644089268945,-0.1477280599319135,-0.0003022348269972053,-0.0017070672584499624,-0.002450858169742706
496,0.13729961846307892,0.13690679412768864,0.09849624060150376,-0.16994383709153793,-0.1564296043605622,0.1340416892539288,0.12768863093205873,0.08941176470588236,-0.026798474034162134,-0.0941945690731334,0.1774507639752304,0.1710481392966883,0.14339622641509434,0.2647382600306635,0.1490878415959065,0.1841839591242284,0.18777739842949812,0.05654761904761905,-0.14858151627843674,-0.17227124970645302,-0.0032579292091501344,-0.009218163195629903,-0.009084475895621405
497,0.14999855968839396,0.1485148514851485,0.10166919575113809,-0.16690661291870612,-0.1428510512069413,0.15014986628444238,0.14749061113007852,0.09570154095701541,0.0192012373843643,-0.046669633035460456,0.19060036362806546,0.18811881188118812,0.15799803729146222,0.324793092501126,0.19548123153744423,0.1957332691498668,0.198361215431888,0.05647590361445783,-0.1502506515463613,-0.1541665121682919,0.00015130659604842278,-0.001024240355069983,-0.005967654794122673
498,0.15942746847333047,0.15841584158415842,0.12288447387785136,-0.19883248730964465,-0.15925921377430086,0.1630365542785226,0.16524411061795835,0.12264150943396226,0.007721376198533525,-0.061443378731870335,0.2106650501535665,0.20655513827244792,0.18198874296435272,0.30006768189509303,0.17016652952951727,0.211104353184947,0.2113349265961079,0.07431935246504782,-0.1582177100958826,-0.15925921377430086,0.0036090858051921193,0.006828269033799933,-0.00024296444388909044
499,0.1519806614616138,0.1498805052919085,0.10979462875197472,-0.12349575568910609,-0.12412354665447778,0.15179429157191582,0.15261181290542847,0.10765349032800672,0.030023635551328143,-0.03614702170443718,0.19263991461595908,0.18777739842949812,0.16884422110552763,0.286247784167063,0.18550811907878217,0.20136185937142573,0.20245817685216796,0.06589147286821706,-0.14555680458875575,-0.15154480118436053,-0.00018636988969797375,0.002731307613519973,-0.0021411384239680004
500,0.15249505344881223,0.1485148514851485,0.10757575757575757,-0.16527286713385414,-0.15355468519015592,0.1524131735914671,0.15227039945373846,0.10496794871794872,0.014645480913767939,-0.07192650541274614,0.19868340177123855,0.19494708091498805,0.17635843660629172,0.30438993923739754,0.1536847136942615,0.2046620767467188,0.2096278593376579,0.07443609022556391,-0.13348188766328628,-0.1648919323814627,-8.187985734511849e-05,0.003755547968589956,-0.002607808857808855
501,0.14043538190954089,0.13793103448275862,0.10352264557872035,-0.13370406189555128,-0.15814401560880442,0.13827537031281936,0.13349265961078866,0.09412650602409639,-0.019504697430229423,-0.0878111090787147,0.1796467564625471,0.17616934107203824,0.15405651777575205,0.2932336280740536,0.17007621486494728,0.18213928224870266,0.18572891771935815,0.06064880112834979,-0.15685617573915445,-0.18828668983598562,-0.0021600115967215228,-0.004438374871969963,-0.009396139554623956
502,0.15622609691908815,0.15090474564697848,0.09953343701399689,-0.17831000837179667,-0.16318958818958818,0.15427786870835714,0.15295322635711847,0.100326264274062,-0.028697481793194424,-0.09434982580143869,0.1901709632583786,0.18607033117104813,0.1519364448857994,0.3341550782725946,0.15691530691530697,0.20525640494198236,0.20826220553089791,0.05782575173477255,-0.1341487809034131,-0.17581021129408225,-0.0019482282107310123,0.0020484807101399938,0.0007928272600651043
503,0.1451401148246051,0.14305223625810856,0.11137440758293839,-0.16679006960658893,-0.13738679720502156,0.1441196917469155,0.14236940935472858,0.100418410041841,-0.007213573834667031,-0.055987542252932454,0.18380746497259146,0.18265619665414817,0.16448032290615539,0.32770994688786337,0.1778920071868728,0.1947261538969365,0.19597132127005804,0.06848249027237355,-0.14127315179661248,-0.1591696964175524,-0.0010204230776895973,-0.0006828269033799794,-0.010955997541097384
504,0.13623884343965756,0.13280983270740868,0.09029345372460497,-0.20045479603087102,-0.15811361299847726,0.13690181513804414,0.13349265961078866,0.084,-0.04146669693235627,-0.06866467237127905,0.18243537075713814,0.1785592352338682,0.14807502467917077,0.3174978922109086,0.1996821495103155,0.18675591332398717,0.18811881188118812,0.05321507760532151,-0.18225890135547052,-0.18528797470800584,0.000662971698386583,0.0006828269033799794,-0.006293453724604964
505,0.14134748661468746,0.13793103448275862,0.09822119102861562,-0.1614087870310904,-0.1379420587490543,0.1421800182983796,0.1403209286445886,0.09814963797264682,-0.02728652031672274,-0.0810540591343144,0.18776580980411578,0.18777739842949812,0.16666666666666666,0.2960202757746734,0.18631953905496323,0.19439961089829524,0.19767838852850803,0.06173780487804878,-0.14914159852759257,-0.1595594986026555,0.0008325316836921282,0.0023898941618299696,-7.155305596880102e-05
506,0.1370221812264081,0.13485831341754864,0.09606656580937972,-0.14854751750221296,-0.14644136892597714,0.13514102041847753,0.13110276544895869,0.0987460815047022,-0.05843842324891657,-0.09440119914944911,0.17607088042525068,0.17582792762034824,0.16347992351816443,0.28150685718884005,0.16579964973319106,0.18024984044080547,0.18265619665414817,0.05952380952380952,-0.16668007832407927,-0.171330145775621,-0.0018811608079305764,-0.003755547968589956,0.0026795156953224736
507,0.14636133418781402,0.14339364970979857,0.10530482977038796,-0.1544503199431213,-0.14443565400843883,0.1464995084124302,0.14612495732331854,0.10316139767054909,0.021990535015997126,-0.07430618344384166,0.18860708486310057,0.18436326391259816,0.16597938144329896,0.31754354781372196,0.19241573739200313,0.19648530661996963,0.19733697507681802,0.0669260700389105,-0.15755162045266025,-0.16972824994976898,0.00013817422461617768,0.002731307613519973,-0.002143432099838874
508,0.14955012380611568,0.1485148514851485,0.10151515151515152,-0.1794053147574819,-0.16676588826623062,0.1490437373885243,0.1481734380334585,0.0926672038678485,-0.002354231166150633,-0.0769236024738631,0.19106844868771292,0.18709457152611814,0.15317073170731707,0.2886674406604747,0.16872112830020503,0.19691339799699864,0.20177534994878799,0.05686125852918878,-0.1421891124871001,-0.16562864414227663,-0.0005063864175913757,-0.0003414134516900036,-0.008847947647303012
509,0.1474462780910355,0.14612495732331854,0.1109433962264151,-0.1840623144970971,-0.1423599706014519,0.14482286169774847,0.14202799590303858,0.10547184773988898,0.012140033879164291,-0.07007630607182413,0.18840755648658578,0.18504609081597814,0.16079923882017128,0.2941949354992833,0.1671044681660172,0.19287138781488522,0.19733697507681802,0.06221889055472264,-0.13497010236140672,-0.15252486092593087,-0.0026234163932870314,-0.00409696142027996,-0.005471548486526118
510,0.1493733195082173,0.14714919767838852,0.08908685968819599,-0.2026451235110105,-0.16252551121014336,0.1470303367017374,0.14202799590303858,0.07892659826361484,0.001442759619681544,-0.07226265947587407,0.18720854750816301,0.18504609081597814,0.13539651837524178,0.3045282233831076,0.1906278962001854,0.19526271409110688,0.19938545578695802,0.04926470588235294,-0.1666724454101367,-0.17719322461696219,-0.002342982806479904,-0.005121201775349943,-0.010160261424581152
511,0.14963901541419444,0.14680778422669855,0.10684725357411588,-0.19164967576765646,-0.1412855001948381,0.14665919352968038,0.14236940935472858,0.09330143540669857,-0.036338167435728375,-0.056681098548032605,0.18951806741526717,0.18470467736428817,0.16760828625235405,0.24473984761846368,0.15990616966778948,0.19482234425930395,0.19801980198019803,0.061894108873974646,-0.16008492894482684,-0.15482220445832706,-0.0029798218845140667,-0.004438374871969963,-0.013545818167417317
512,0.14721939585159433,0.14646637077500854,0.09976798143851508,-0.171967293184206,-0.1502243745559253,0.1454963401293566,0.14202799590303858,0.09787928221859707,-0.019749533537838815,-0.07376438178577216,0.1851348642059796,0.18470467736428817,0.15705765407554673,0.2884616060353703,0.17729828104159662,0.19257824486277766,0.19562990781836803,0.06007604562737642,-0.16659463296192045,-0.17533064083866223,-0.0017230557222377152,-0.004438374871969963,-0.001888699219918008
513,0.14597605450655343,0.1403209286445886,0.0947940947940948,-0.1398303195994235,-0.14621954402696657,0.14635881339035325,0.14271082280641859,0.09395424836601307,0.026538829727394853,-0.07427314036481214,0.18598844490785404,0.18231478320245817,0.15773809523809523,0.275012151867567,0.1724002436197175,0.19428881265912662,0.19733697507681802,0.06468797564687975,-0.1359565801566901,-0.1770537170250328,0.0003827588837998219,0.0023898941618299974,-0.000839846428081728
514,0.14988106112539742,0.14680778422669855,0.11127596439169139,-0.1577145945296784,-0.1580498042787858,0.14939942278690418,0.14578354387162853,0.10683424980361352,-0.022159380910919624,-0.07352962899135873,0.19494752228108841,0.1908501194947081,0.17635843660629172,0.2748671450445852,0.1789039612004235,0.19683249491426177,0.199044042335268,0.06686478454680535,-0.13774882156903956,-0.1557959329377877,-0.0004816383384932399,-0.0010242403550700108,-0.0044417145880778774
515,0.14984773956949046,0.14714919767838852,0.115003808073115,-0.18216984168894068,-0.1493760157657693,0.14472837172196212,0.1396381017412086,0.10581583198707593,0.009810800742184766,-0.0642724676930323,0.18194525285474147,0.1802663024923182,0.16912487708947885,0.28801798315254934,0.18649932062796593,0.19170391600255382,0.19631273472174804,0.06792452830188679,-0.18268163092581413,-0.1629925834574072,-0.005119367847528339,-0.007511095937179912,-0.009187976086039065
516,0.15003701941491435,0.1505633321952885,0.09880239520958084,-0.1609045175059708,-0.15104729555864338,0.14739211676114325,0.14646637077500854,0.09432454036770584,0.008555312769957801,-0.055123657270914395,0.18389805768520084,0.18094912939569818,0.14800759013282733,0.2560313024035774,0.16719348087829278,0.19295376265246889,0.19153294639808807,0.055182699478001494,-0.12511204837644196,-0.1566898625167451,-0.0026449026537710973,-0.00409696142027996,-0.004477854841875004
517,0.14757359139984202,0.14475930351655855,0.0935361216730038,-0.20370370370370372,-0.1563560899344848,0.14678555737385574,0.14510071696824856,0.08507223113964688,-0.06574074074074066,-0.07797424061941627,0.18609371398762029,0.18299761010583818,0.13671875,0.2733333333333333,0.1742108397855867,0.19536752941299618,0.198361215431888,0.054599850411368736,-0.19981481481481478,-0.18134740420885442,-0.0007880340259862895,0.0003414134516900036,-0.00846389053335693
518,0.14298911308291748,0.1413451689996586,0.10651340996168582,-0.15238226709789382,-0.16487046628894253,0.14087864999111022,0.13690679412768864,0.09455128205128205,-0.028202650469353885,-0.09980702340063363,0.1791266006214672,0.17651075452372825,0.15618860510805502,0.2722943125345113,0.1627296759732444,0.18951164246468194,0.1911915329463981,0.06480783722682742,-0.15650587678472827,-0.18998267231600907,-0.002110463091807263,-0.004438374871969963,-0.01196212791040377
519,0.14635114288314924,0.14373506316148857,0.0967741935483871,-0.1985168059953203,-0.15467174792731198,0.14411135100771555,0.1392966882895186,0.08775981524249422,-0.04744992265724035,-0.0817404604570745,0.1859618459280761,0.1819733697507682,0.14866112650046168,0.2950807771132443,0.160615817905561,0.19380022984078324,0.20109252304540798,0.058695652173913045,-0.16413417991545354,-0.1726240648430627,-0.0022397918754336887,-0.004438374871969963,-0.00901437830589287
520,0.1580339568952376,0.15534312051894844,0.11349693251533742,-0.1882964363880394,-0.17327472510991382,0.1571439557982151,0.15500170706725844,0.10676446617766912,-0.03795441200021343,-0.08517054261870405,0.1929490606965118,0.1894844656879481,0.1603960396039604,0.2628935949546637,0.1631230625837965,0.2056975405426962,0.20689655172413793,0.06885998469778118,-0.18842607773905484,-0.17670735559658446,-0.0008900010970225025,-0.0003414134516900036,-0.0067324663376683025
521,0.15823956856434632,0.15534312051894844,0.10424710424710425,-0.13602901385183563,-0.14210243455594207,0.15710699715504622,0.1590986684875384,0.0973377703826955,0.050343210321943554,-0.03624247273274339,0.19682798636543156,0.19289860020484806,0.1591796875,0.31860551225208633,0.16637121763854001,0.2093636185564686,0.21304199385455788,0.06778370144706779,-0.15181573925509595,-0.16259145942494835,-0.0011325714093000927,0.003755547968589956,-0.006909333864408743
522,0.15174046362344826,0.14749061113007852,0.12812960235640647,-0.15606839824797314,-0.14978938324831315,0.15206486477932823,0.15124615909866848,0.1182458888018794,0.01797832771080554,-0.05887246246123834,0.19280610317192212,0.1891430522362581,0.17972350230414746,0.28590947336966344,0.15663431273775408,0.1939609561358835,0.19494708091498805,0.07148120854826824,-0.1222880149724378,-0.14866695212748515,0.00032440115587997753,0.003755547968589956,-0.009883713554527065
523,0.13501997272426008,0.13315124615909868,0.09487951807228916,-0.18280599075810233,-0.17681347954982018,0.13281925410845846,0.1300785250938887,0.0860128617363344,0.010705067352878905,-0.08126334126043389,0.17344899334674937,0.16695117787640834,0.13372093023255813,0.2555682825604293,0.15988700775563658,0.18301585960517336,0.18436326391259816,0.05326331582895724,-0.1611094984426854,-0.18250098778133128,-0.0022007186158016223,-0.003072721065209977,-0.00886665633595475
524,0.15030348359784168,0.14339364970979857,0.1152073732718894,-0.17784017207690928,-0.1548008484386787,0.14945516621785207,0.14714919767838852,0.11138411138411139,0.04908898850084009,-0.06249393172159856,0.19109234775612904,0.1891430522362581,0.17779960707269155,0.3267764587404014,0.16884315585330578,0.1968977163711099,0.19938545578695802,0.06269349845201239,-0.11227142614758989,-0.14340493279459476,-0.0008483173799896104,0.003755547968589956,-0.0038232618877780122
525,0.1420488795328847,0.14168658245134857,0.0967741935483871,-0.13821211846753012,-0.13970925660876266,0.1379206331976715,0.13519972686923865,0.09149277688603531,0.04221537904175354,-0.07612324781278923,0.1777865419052109,0.1724137931034483,0.1556420233463035,0.29620505389004614,0.17140800071439377,0.1853188238503616,0.18777739842949812,0.05664652567975831,-0.13603840231863062,-0.1646894743500381,-0.004128246335213193,-0.006486855582109929,-0.005281416662351782
526,0.14086322659135952,0.13861386138613863,0.09735849056603774,-0.17201788632205173,-0.15264650166681504,0.1398429009724792,0.1392966882895186,0.09170653907496013,-0.005962759659886019,-0.07227275425112034,0.18280365341021454,0.17924206213724822,0.14708691499522444,0.2969833954657978,0.1620563403270321,0.18959494486788067,0.19392284055991807,0.05427509293680297,-0.1453880099020557,-0.1752869938965883,-0.0010203256188803245,0.0006828269033799794,-0.005651951491077611
527,0.14791118085616312,0.14510071696824856,0.1122369446609509,-0.1573434391979388,-0.12187670688713437,0.14661661216931848,0.14714919767838852,0.10451505016722408,0.04631576488178668,-0.023003252395848772,0.18345800878923504,0.1806077159440082,0.16468253968253968,0.30251011253954907,0.19065432742440036,0.18992735837709787,0.19153294639808807,0.06417112299465241,-0.13928604803289413,-0.15142509558567951,-0.0012945686868446327,0.002048480710139966,-0.007721894493726816
528,0.1449444208319184,0.14202799590303858,0.09774436090225563,-0.15827003842373333,-0.15924587806970758,0.1445042154179094,0.14339364970979857,0.0949367088607595,-0.005995889554106015,-0.08451638336850409,0.1862232557037412,0.18231478320245817,0.15502392344497606,0.2981592350996336,0.163449667230944,0.19227110945489265,0.19631273472174804,0.061239731142643763,-0.1322670002680726,-0.1694362637107808,-0.0004402054140090206,0.0013656538067599866,-0.0028076520414961337
529,0.14304897358235313,0.1410037555479686,0.10317460317460317,-0.18098934495258312,-0.1562370349038692,0.1453402110684597,0.14441789006486855,0.09049079754601227,-0.017425213284024688,-0.06463207192608245,0.19511103404870764,0.19153294639808807,0.15881809787626963,0.268811101753872,0.1822544746360012,0.1907619956023037,0.19460566746329805,0.0618705035971223,-0.1479843286587822,-0.16070556968327332,0.002291237486106573,0.0034141345168999526,-0.012683805628590894
530,0.15255673250211718,0.1505633321952885,0.11222910216718267,-0.167512166797821,-0.14246041832792655,0.14841322099879048,0.14749061113007852,0.10307564422277639,0.038397038712191245,-0.041060277638723774,0.18933254678707323,0.18538750426766815,0.15858585858585858,0.323953884589232,0.2016164635612787,0.19769829445269624,0.199044042335268,0.05873261205564142,-0.13525200742613974,-0.144739073174875,-0.004143511503326702,-0.003072721065209977,-0.00915345794440628
531,0.15167464785320375,0.14919767838852852,0.10347490347490347,-0.1462523804750927,-0.1326986100036689,0.15305331595172586,0.14919767838852852,0.09844134536505332,0.02413551167685668,-0.046384176638298524,0.1945185881890269,0.19221577330146808,0.17365853658536584,0.25856670341786103,0.17394477168909406,0.1972622723302899,0.200751109593718,0.06468797564687975,-0.14713240453041998,-0.1542772183450114,0.0013786680985221067,0.0,-0.00503355810985015
532,0.135569001130341,0.13417548651416866,0.1021021021021021,-0.18987704001788508,-0.165274363855066,0.13595055026260724,0.13417548651416866,0.09134615384615384,0.006966241895819292,-0.07008262836237644,0.18259918395922398,0.1795834755889382,0.1513353115727003,0.31733512184216406,0.19849405392056896,0.18352884656693894,0.1891430522362581,0.053463855421686746,-0.17507712944332665,-0.16074142406969982,0.00038154913226623455,0.0,-0.010755948255948264
533,0.14720814570398444,0.14612495732331854,0.10858010630220197,-0.1558213716108453,-0.1576843670304866,0.1458572148421032,0.14749061113007852,0.10913500404203719,0.017065390749601228,-0.06682706875114952,0.18588388069506592,0.18402185046090816,0.16990291262135923,0.24832535885167462,0.1682661905466355,0.1908363482898074,0.1891430522362581,0.0633587786259542,-0.11498611849489049,-0.14973435343104458,-0.0013509308618812332,0.0013656538067599866,0.0005548977398352195
534,0.14848887002423955,0.14475930351655855,0.1111111111111111,-0.11567628863891777,-0.12521107298707546,0.14805963702292993,0.14578354387162853,0.1056,0.04505958467909332,-0.03308630430834336,0.19079173816309253,0.1888016387845681,0.17424242424242425,0.3118045501027671,0.18486741671207185,0.19190022493019396,0.19153294639808807,0.06537890044576523,-0.1105186955157087,-0.14093969202978585,-0.00042923300130962017,0.001024240355069983,-0.0055111111111111055
535,0.14656077575657572,0.14783202458176853,0.10088365243004419,-0.15091776378553712,-0.13687654111499914,0.14269692184218521,0.13588255377261865,0.0951276102088167,0.004235832856325117,-0.06410151753488869,0.18352302210660476,0.1802663024923182,0.16048237476808905,0.28622591108567075,0.176615868153169,0.18882556755503382,0.19255718675315808,0.05612244897959184,-0.15310627742797167,-0.15255116157840753,-0.003863853914390508,-0.011949470809149876,-0.005756042221227484
536,0.13712659929273668,0.13417548651416866,0.09419743782969103,-0.16330656327887016,-0.1728294464998943,0.1360777654325791,0.13349265961078866,0.08667736757624397,0.018114788147327587,-0.08075419127075845,0.17494698622316748,0.1724137931034483,0.13896987366375121,0.21342772085294937,0.16591655421964258,0.18192684125113434,0.18538750426766815,0.049167927382753406,-0.10179659374134586,-0.16714578876970076,-0.001048833860157583,-0.0006828269033800072,-0.007520070253447059
537,0.14177642203361807,0.1392966882895186,0.09868928296067848,-0.1825893081075658,-0.16049502923538606,0.14211451451727197,0.14168658245134857,0.08557046979865772,0.06375802358948279,-0.04049824987142414,0.1822567568753491,0.17890064868555822,0.14153846153846153,0.34983282566995133,0.20749509414743017,0.19105555718664957,0.19392284055991807,0.05007704160246533,-0.11364741005190793,-0.16163785570551903,0.00033809248365390676,0.0023898941618299696,-0.013118813162020765
538,0.151856745378368,0.15090474564697848,0.11930091185410334,-0.16107132349681408,-0.13778607838577872,0.1475750797549505,0.14544213041993856,0.0975609756097561,0.05974254704320037,-0.04053432693587444,0.1847277216543955,0.17924206213724822,0.16891891891891891,0.30910878878620685,0.17884753098600292,0.19217061155596982,0.19392284055991807,0.06696764484574869,-0.12807156128210606,-0.15248692453518287,-0.004281665623417502,-0.005462615227039919,-0.021739936244347238
539,0.15180537881348355,0.1519289860020485,0.11137071651090343,-0.15849673202614378,-0.12301318337554001,0.15373735123155488,0.15329463980880847,0.10416666666666667,0.023567815892062582,-0.027549158349471248,0.1923751909349881,0.1894844656879481,0.1673228346456693,0.25704317203599836,0.18156251551715574,0.19783623714201476,0.198702628883578,0.05982905982905983,-0.11916510876338715,-0.12642261284075673,0.0019319724180713316,0.0013656538067599866,-0.007204049844236754
540,0.15328597657718432,0.1519289860020485,0.10909090909090909,-0.14324629071456196,-0.14673498091219606,0.15095524210280456,0.1498805052919085,0.11409395973154363,0.031035388736033176,-0.0628095489250553,0.19238406882304235,0.1894844656879481,0.17653061224489797,0.28895753205712993,0.18091910287321677,0.20503388433654224,0.2079207920792079,0.0740452065471551,-0.12871019770692083,-0.16742892304601165,-0.0023307344743797587,-0.0020484807101399938,0.00500305064063454
541,0.13685759355817093,0.13451689996585867,0.08593155893536121,-0.1820111192330669,-0.1658164407412014,0.13621348744769976,0.13622396722430863,0.08051529790660225,-0.02956731182138983,-0.08270302201218749,0.17571121034932624,0.17138955274837828,0.1256133464180569,0.24107130928683085,0.17119139410521078,0.1859393013543248,0.19221577330146808,0.052670623145400594,-0.2075857369975017,-0.2033882601666459,-0.0006441061104711654,0.0017070672584499624,-0.005416261028758959
542,0.1492013089479126,0.14749061113007852,0.10585585585585586,-0.15091831490047736,-0.15307054577056212,0.14878183307606938,0.1519289860020485,0.09847878302642114,0.033652441752545004,-0.05926977943028122,0.1912121836253762,0.1888016387845681,0.15799803729146222,0.32896084543393944,0.2006600550066413,0.19540299370548314,0.19665414817343804,0.05891126025354213,-0.16241065518911701,-0.16324171320505032,-0.0004194758718432112,0.004438374871969963,-0.007377072829434714
543,0.13713508640107008,0.13690679412768864,0.09808429118773947,-0.1608199281466609,-0.1421760324878132,0.137158318000958,0.13212700580402867,0.09024390243902439,0.011928115888511948,-0.05703502204862321,0.18703190854990426,0.1816319562990782,0.16748768472906403,0.3047381661243047,0.1870358745437214,0.1873050319957809,0.1908501194947081,0.0622655663915979,-0.17001315516167004,-0.1739620097184441,2.3231599887929555e-05,-0.004779788323659967,-0.00784038874871508
544,0.1399190406441201,0.13793103448275862,0.10051357300073367,-0.1800409043566924,-0.17214819170723594,0.14026015806580708,0.13724820757937864,0.08955223880597014,0.008107187735862276,-0.07078377960268034,0.1839618836153141,0.18231478320245817,0.1563393708293613,0.2933284476458089,0.18150097941310261,0.1851685708067887,0.18777739842949812,0.05367647058823529,-0.15705361179096955,-0.16876937797041736,0.000341117421686965,-0.0006828269033799794,-0.010961334194763528
545,0.15600492218808515,0.1519289860020485,0.11018237082066869,-0.15445389670285825,-0.13498847033147177,0.15396065998222694,0.15158757255035848,0.10378117457763475,0.02623610718821534,-0.05248900114062249,0.19182818516298988,0.1894844656879481,0.16926070038910507,0.35094323970396235,0.190488887572153,0.20138139622015,0.20621372482075795,0.07238805970149254,-0.134929397752658,-0.16211158349010724,-0.0020442622058582105,-0.0003414134516900036,-0.006401196243033938
546,0.1455740305681082,0.1410037555479686,0.09571984435797666,-0.1507699597251837,-0.138258929336055,0.1473357923293163,0.1498805052919085,0.09727947238252267,0.03206191265892755,-0.0561509224787734,0.18781900061541748,0.18572891771935815,0.15092502434274585,0.27067835426044384,0.15596142856920414,0.19418101758235512,0.19562990781836803,0.05100463678516229,-0.1344705046197583,-0.1485224301932152,0.0017617617612080971,0.008876749743939899,0.0015596280245460115
547,0.15016879879442244,0.14646637077500854,0.10864575363427698,-0.18425467662108885,-0.16144782323819484,0.14877837291657656,0.14441789006486855,0.10283400809716599,-0.009546543731741242,-0.07937815254218816,0.19361736286712908,0.18811881188118812,0.16032064128256512,0.31595139012994966,0.19076784683216685,0.2006169381210609,0.20177534994878799,0.0571870170015456,-0.12939897805480283,-0.14662968825141587,-0.00139042587784588,-0.0020484807101399938,-0.005811745537110988
548,0.1461562306771933,0.1413451689996586,0.10045317220543806,-0.13789746337977848,-0.13378710641907754,0.14536572067772432,0.14305223625810856,0.0976781425140112,0.037538406573776384,-0.049216571698662226,0.19282698550772165,0.1898258791396381,0.1671497584541063,0.30804037156127184,0.1920913540369228,0.19569083180596325,0.19938545578695802,0.07084870848708487,-0.1561968560200072,-0.16874292743684927,-0.0007905099994689746,0.0017070672584499624,-0.0027750296914268585
549,0.13931801577784542,0.13656538067599863,0.08557844690966719,-0.15630630630630626,-0.1299531743111919,0.13765141652813104,0.13554114032092865,0.0765993265993266,0.0003603603603603567,-0.04517765481133329,0.1761868264463931,0.17309662000682827,0.14519427402862986,0.3042342342342341,0.19540152214772488,0.1879833251376624,0.19221577330146808,0.05918524212144504,-0.15963963963963956,-0.1746321643178741,-0.001666599249714379,-0.001024240355069983,-0.008979120310340594
550,0.153968661048961,0.1505633321952885,0.11568322981366459,-0.15159775859457825,-0.14831035050681995,0.15136353573104466,0.14407647661317857,0.10339123242349049,0.04188247766166897,-0.05807031597019474,0.19718343955946085,0.1908501194947081,0.16849451645064806,0.2919733454490383,0.17723914117594208,0.20290935226043058,0.20279959030385797,0.07058823529411765,-0.09248826291079804,-0.13346072457041325,-0.002605125317916346,-0.006486855582109929,-0.0122919973901741
551,0.1541912731752386,0.15363605326049845,0.12152501985702939,-0.1550041017227236,-0.14079274326173252,0.15104038931203748,0.1505633321952885,0.11195286195286196,0.014457595999843753,-0.05914564505578812,0.19176205764203763,0.1888016387845681,0.17116182572614108,0.3274170866049455,0.19844519998831833,0.20102715148619282,0.200068282690338,0.0594855305466238,-0.1076897535059963,-0.12354335631681468,-0.003150883863201115,-0.003072721065209949,-0.009572157904167433
552,0.14653825290614642,0.14544213041993856,0.11897590361445783,-0.17706746249901828,-0.17207065180124737,0.14556426569285635,0.14373506316148857,0.1112,-0.0017552815518731002,-0.08344531627903662,0.18845145653767853,0.18572891771935815,0.1786064769381747,0.32055093065263485,0.17902202353674146,0.19574290397071564,0.199044042335268,0.07575757575757576,-0.13832364721589563,-0.1629808737989693,-0.0009739872132900618,-0.0017070672584499902,-0.0077759036144578325
553,0.14568667273079275,0.14339364970979857,0.10310841546626232,-0.18449262692390678,-0.14491823301851248,0.1461754290064371,0.14749061113007852,0.09847878302642114,-0.037100064287795775,-0.06569328627761739,0.18755293405218892,0.18333902355752818,0.15142857142857144,0.27176609030099586,0.159531919457213,0.19639705909403782,0.200409696142028,0.06235912847483095,-0.16479920630153866,-0.1584996524598088,0.0004887562756443475,0.00409696142027996,-0.004629632439841172
554,0.1532086012607615,0.1519289860020485,0.1117061973986228,-0.1755070575062866,-0.15765498912976206,0.15233403820123237,0.15158757255035848,0.09551020408163265,-0.006218681742258814,-0.06427325517210924,0.19496985478099005,0.1911915329463981,0.16003976143141152,0.29921624052421947,0.18512430259284174,0.19956113745504295,0.20143393649709798,0.0581039755351682,-0.14895101044400805,-0.15879379076339195,-0.0008745630595291265,-0.0003414134516900036,-0.016195993316990148
555,0.14430075150539035,0.14407647661317857,0.09334353481254781,-0.17230134932533736,-0.15481597776418698,0.14281036961576324,0.1396381017412086,0.08279220779220779,-0.029216641679160382,-0.06946454054107809,0.18610874977253586,0.18094912939569818,0.14774951076320939,0.21744752623688157,0.1695194836836269,0.19273342497296456,0.19392284055991807,0.04881769641495042,-0.17104572713643174,-0.15936805441608615,-0.001490381889627107,-0.004438374871969963,-0.01055132702034002
556,0.1459061364093595,0.1413451689996586,0.11211437170805116,-0.15292326095681807,-0.1440794989396854,0.14571285658127386,0.1406623420962786,0.0997586484312148,0.02231893410562935,-0.047007693445776044,0.18893480390373182,0.18709457152611814,0.1716779825412221,0.3209999449109525,0.19228559451595395,0.19034648037995822,0.19494708091498805,0.06497386109036594,-0.1646375534167014,-0.15536691818316317,-0.00019327982808564625,-0.0006828269033800072,-0.012355723276836358
557,0.14510442581912605,0.14305223625810856,0.09346504559270517,-0.18290752013773603,-0.146204757697039,0.14756227369801256,0.14475930351655855,0.08475957620211899,0.022541582118920322,-0.04536853464812296,0.19710161647065821,0.19631273472174804,0.16071428571428573,0.31383162700608747,0.20275655352842326,0.19523366087974253,0.19733697507681802,0.054969879518072286,-0.15734335608436334,-0.15980065293958956,0.0024578478788865044,0.0017070672584499902,-0.008705469390586182
558,0.14843300699723885,0.14680778422669855,0.11119691119691119,-0.1577559250708671,-0.13739415646834696,0.1490112599773695,0.14646637077500854,0.1073170731707317,-0.010125953417691957,-0.06348997389461974,0.1864954017927932,0.1812905428473882,0.1705653021442495,0.2832582045062684,0.1684554606444626,0.1946177508456791,0.198361215431888,0.07477341389728097,-0.13976884187147487,-0.17036679177047132,0.0005782529801306446,-0.0003414134516900036,-0.0038798380261794857
559,0.14582534295101854,0.14373506316148857,0.11397058823529412,-0.16179002621924732,-0.15110874122016693,0.1463028570243785,0.14510071696824856,0.10613207547169812,0.0007012732820113055,-0.05235293396584906,0.1981030984759026,0.19699556162512802,0.17758784425451093,0.2847082301920826,0.19341435908751026,0.19325298876568786,0.19528849436667806,0.06291635825314582,-0.10970391265135371,-0.14100871547824811,0.0004775140733599692,0.0013656538067599866,-0.007838512763595998
560,0.14431781736846302,0.13861386138613863,0.0880597014925373,-0.19158521036974085,-0.16117438880840973,0.14540612637746164,0.14475930351655855,0.09033778476040849,-0.028800113330500032,-0.08547132756660358,0.18324213125547162,0.1799248890406282,0.1378986866791745,0.24446603120636268,0.14841723477748414,0.19538103552168176,0.19699556162512802,0.0625,-0.19158521036974085,-0.201850660520425,0.001088309008998617,0.006145442130419926,0.0022780832678711838
561,0.15189440948898855,0.14612495732331854,0.11186696900982615,-0.16523903969482523,-0.1428993783360738,0.15135332873392232,0.14919767838852852,0.11022364217252396,0.011254008182220332,-0.0626601685751107,0.19240060156013816,0.1891430522362581,0.1876777251184834,0.30375801636444044,0.15997538526868815,0.1968486803373025,0.198361215431888,0.07841672890216579,-0.15544663589119867,-0.16098145377516404,-0.0005410807550662311,0.003072721065209977,-0.0016433268373021864
562,0.1497682990326134,0.14783202458176853,0.11382113821138211,-0.15801766958631935,-0.15158530704359552,0.14989993405755123,0.1505633321952885,0.10388580491673276,0.018822280362491894,-0.048167463088187756,0.19162839607225124,0.18846022533287812,0.16477272727272727,0.30663936601827624,0.18227447181244905,0.19872990703154464,0.20279959030385797,0.07085463842220599,-0.13124028362340268,-0.16957101903584038,0.00013163502493782064,0.002731307613519973,-0.009935333294649351
563,0.14429425769988394,0.1406623420962786,0.1053024645257655,-0.17086687800761746,-0.17132061697978096,0.1426622264485721,0.14168658245134857,0.10284810126582279,-0.00858771306008288,-0.08636448700757382,0.18594114445155296,0.18436326391259816,0.16779825412221144,0.32563231235888435,0.17756589010608304,0.18645135537253893,0.1894844656879481,0.058646616541353384,-0.15915466384141552,-0.16112588138311612,-0.0016320312513118385,0.001024240355069983,-0.0024543632599427073
564,0.14658836442644538,0.14305223625810856,0.11693242217160213,-0.177959920318583,-0.1342554089371164,0.14899666092125688,0.1495390918402185,0.10932475884244373,-0.029249214866968853,-0.05178994049984076,0.1928889798915289,0.18538750426766815,0.17080152671755724,0.2631733819839389,0.16962419393448813,0.19370089471633947,0.19597132127005804,0.06368460955269144,-0.1422530865848809,-0.13651473683950754,0.0024082964948115015,0.006486855582109929,-0.007607663329158396
565,0.13968827986074878,0.13793103448275862,0.1027190332326284,-0.16657509157509165,-0.1571487823298543,0.13565436397235725,0.13212700580402867,0.0963375796178344,-0.004761904761904745,-0.08007218115861281,0.1742095014123077,0.1703653123933083,0.14615384615384616,0.30430402930402933,0.1647593755029777,0.18356317956126872,0.18607033117104813,0.060492905153099324,-0.1418498168498168,-0.17415097376468702,-0.004033915888391526,-0.00580402867872995,-0.006381453614794003
566,0.14009443421626347,0.13690679412768864,0.1013719512195122,-0.16022069620799861,-0.14354702918198814,0.13846392206926775,0.13280983270740868,0.09879518072289156,-0.001022141602602833,-0.06760390743973554,0.1784043214052021,0.17138955274837828,0.1503461918892186,0.33126025740692744,0.19763027894365404,0.1852404640129935,0.1908501194947081,0.06301575393848462,-0.16238734847830472,-0.1673500971907539,-0.0016305121469957218,-0.00409696142027996,-0.0025767704966206395
567,0.16044079428912839,0.15875725503584842,0.11188271604938271,-0.15846455192597897,-0.14512817115983312,0.1594025683432879,0.1594400819392284,0.10444078947368421,0.02471114125878393,-0.05402404046944009,0.20115758414047535,0.19767838852850803,0.17120622568093385,0.25869624864716556,0.16007066665298364,0.21281906630200595,0.21509047456469785,0.06523407521105141,-0.15114971876286143,-0.15309978259524248,-0.001038225945840493,0.0006828269033799794,-0.007441926575698504
568,0.15106961418750925,0.1502219187435985,0.11471698113207547,-0.1965069833627725,-0.17150377919468263,0.15068079776322235,0.1485148514851485,0.0997586484312148,0.002786859604078984,-0.07827081040936523,0.1979893362884038,0.19221577330146808,0.1669921875,0.3168531567241334,0.170729435492885,0.20006504253004465,0.20382383065892795,0.05508798775822494,-0.1434669983175837,-0.15103800555888114,-0.00038881642428689744,-0.0017070672584499902,-0.014958332700860666
569,0.1507415197775703,0.1488562649368385,0.10719874804381847,-0.16622493099152358,-0.1501900498035652,0.149026539765192,0.14305223625810856,0.10418375717801477,-0.04358933646008911,-0.08256524667663234,0.18860417251685052,0.18811881188118812,0.15988083416087387,0.2464579720057649,0.16042557133878688,0.1996779239174261,0.20279959030385797,0.06414219474497682,-0.15247819820700104,-0.16852897946510614,-0.0017149800123782977,-0.00580402867872995,-0.0030149908658037017
570,0.15090692019418978,0.14714919767838852,0.10187265917602996,-0.17639473482819312,-0.14805385232658252,0.1516012595762691,0.15329463980880847,0.09667194928684628,0.005406749827810531,-0.06570556805702521,0.19709099156634055,0.19426425401160805,0.15824594852240229,0.3010254840437744,0.17457093261990242,0.20411091054132346,0.2096278593376579,0.06217616580310881,-0.1536848549781894,-0.16610279134456774,0.0006943393820793287,0.006145442130419954,-0.005200709889183683
571,0.1497772975982633,0.14646637077500854,0.11953125,-0.16560187124703252,-0.11846727742191765,0.1503705975959537,0.15227039945373846,0.11251049538203191,0.03052995391705071,-0.017320869953820872,0.19304426167471814,0.19016729259132809,0.17850098619329388,0.2727854582693293,0.18383546849396692,0.1987551008459837,0.198361215431888,0.07164869029275808,-0.14923427826653635,-0.13892385421321818,0.0005932999976903941,0.005804028678729922,-0.007020754617968097
572,0.14361806431558785,0.1389552748378286,0.09548872180451128,-0.1318521856692203,-0.13962303185240466,0.1441295010834083,0.14373506316148857,0.09293089753772836,0.02221360973411446,-0.05957887244507165,0.18489090417297563,0.1816319562990782,0.15487571701720843,0.29114375844975215,0.18055360577692736,0.18834195057393566,0.1891430522362581,0.05572065378900446,-0.1504587652095538,-0.1576611522822261,0.0005114367678204501,0.004779788323659967,-0.0025578242667829154
573,0.1438213904961922,0.1406623420962786,0.09961685823754789,-0.17201155160422155,-0.13374185372470115,0.1401415982071593,0.13656538067599863,0.09612277867528271,-0.018060721521666823,-0.05783143862046092,0.1818747274627189,0.17924206213724822,0.1648780487804878,0.2674256856875019,0.18349570193481002,0.18956396999433905,0.19597132127005804,0.055891238670694864,-0.13068886268106072,-0.15526868785873937,-0.003679792289032896,-0.00409696142027996,-0.003494079562265176
574,0.14029983036625393,0.13724820757937864,0.10180109631949882,-0.17648899594424883,-0.16534225668898028,0.1401266728348801,0.13861386138613863,0.09113504556752279,-0.028264673789965666,-0.08476171465485127,0.18139173640984335,0.17719358142710823,0.14893617021276595,0.28362670619479957,0.16849141745241136,0.1902976330055034,0.19016729259132809,0.060842433697347896,-0.15370473308216503,-0.17109800969141808,-0.00017315753137384093,0.0013656538067599866,-0.010666050751976033
575,0.15161856281171607,0.1495390918402185,0.10650887573964497,-0.17931343653723253,-0.15975920800556798,0.15097413431184473,0.1485148514851485,0.10681114551083591,-0.026081399452504317,-0.09218293326919758,0.19386791935736478,0.19016729259132809,0.16666666666666666,0.2908232466306121,0.16010182574658527,0.19787945231302334,0.199044042335268,0.06444444444444444,-0.16111826480098435,-0.15750666551435566,-0.0006444284998713412,-0.001024240355069983,0.00030226977119093834
576,0.1501610800412786,0.14578354387162853,0.1053030303030303,-0.1637538510517641,-0.1629808737989693,0.15008482298657394,0.1498805052919085,0.09740259740259741,0.024605277557612437,-0.06299331577391099,0.19116555151046377,0.19016729259132809,0.15581854043392504,0.32032128300960727,0.18470313478816525,0.19696355952239578,0.199726869238648,0.0587792012057272,-0.15743961849300758,-0.1709344295509626,-7.625705470465372e-05,0.00409696142027996,-0.007900432900432894
577,0.15407067408831313,0.15431888016387846,0.11636636636636637,-0.19303423848878398,-0.15400635559540876,0.15186548241445885,0.1502219187435985,0.10168134507606084,-0.020877607241243545,-0.060186161223459766,0.1978419536302714,0.19528849436667806,0.17267552182163187,0.2952184179456907,0.1602347773612396,0.2037301083577573,0.20518948446568794,0.07062359128474831,-0.14415584415584415,-0.15287599180779488,-0.002205191673854273,-0.00409696142027996,-0.014685021290305522
578,0.1535577415323445,0.15295322635711847,0.1021180030257186,-0.1771357699236965,-0.1445710843008884,0.15201350239322498,0.1485148514851485,0.09880478087649402,-0.028227996502755426,-0.0688051849154977,0.19367314999127672,0.1894844656879481,0.16396568160152525,0.23542317984315386,0.16414668483659878,0.20093383826679045,0.20416524411061795,0.06463595839524518,-0.15748032799915213,-0.17171110796132683,-0.0015442391391195243,-0.004438374871969963,-0.0033132221492245817
579,0.14502401619812152,0.1406623420962786,0.1062992125984252,-0.1628307853253762,-0.14578667152205438,0.1444590321051204,0.14168658245134857,0.10513447432762836,-0.03639332049422639,-0.09643909335036482,0.18507497787447508,0.18265619665414817,0.16330645161290322,0.3195154425925485,0.17325115944840375,0.19478784984823852,0.19597132127005804,0.06832298136645963,-0.1555315152523835,-0.16644379726834302,-0.0005649840930011252,0.001024240355069983,-0.0011647382707968418
580,0.13129959742286718,0.1293956981905087,0.0911144578313253,-0.16558536148088387,-0.1579206169345262,0.13322317751581064,0.1300785250938887,0.07892595606183889,0.018807987091569167,-0.04580248990578739,0.1770236270731268,0.17309662000682827,0.13261296660117877,0.2990845322934875,0.19315634648879731,0.18083311150436926,0.18504609081597814,0.04565868263473054,-0.16749025144547536,-0.16698066760351515,0.0019235800929434665,0.0006828269033800072,-0.01218850176948641
581,0.1428096463585763,0.1396381017412086,0.09574468085106383,-0.17753159619285375,-0.146204757697039,0.14505321752139594,0.14441789006486855,0.08818770226537216,0.010520361990950189,-0.055565456080035824,0.18914326490494598,0.18402185046090816,0.14961389961389962,0.2609338430332345,0.17103279796247206,0.19312344367671977,0.19494708091498805,0.059398496240601506,-0.1766188172881885,-0.16206663548001454,0.0022435711628196464,0.004779788323659939,-0.007556978585691668
582,0.14729806230410236,0.14680778422669855,0.10339622641509434,-0.19405264381677523,-0.17245210888600082,0.14285540359945487,0.14168658245134857,0.0936,-0.018394596107084715,-0.08715879958944939,0.18574710775128347,0.1795834755889382,0.1450980392156863,0.30381133666741544,0.17440734891997522,0.19634816693396873,0.200068282690338,0.05446293494704992,-0.1821074867089929,-0.16904037651413872,-0.004442658704647495,-0.0051212017753499706,-0.009796226415094339
583,0.15023242122972846,0.1488562649368385,0.10122699386503067,-0.16910823896783211,-0.15992632003450447,0.1516645935365713,0.1488562649368385,0.09262295081967213,0.024039951976461693,-0.06413364536767585,0.1943740002394892,0.19187435984977808,0.14767096134786917,0.2826380629754678,0.17648843028352468,0.20140094964152172,0.20587231136906795,0.05644546147978642,-0.14606783794498346,-0.1679090429234068,0.0014321723068428382,0.0,-0.008604043045358542
584,0.14169450452198323,0.1396381017412086,0.11181102362204724,-0.15106717363751576,-0.16017192085248178,0.1412061406425757,0.1392966882895186,0.10729253981559095,0.006458808618504452,-0.07146380626878146,0.18206400449866603,0.17924206213724822,0.17831813576494426,0.20358935361216735,0.16585920157852085,0.19158621159703015,0.1894844656879481,0.07159716758457907,-0.13812927756653992,-0.16132397428863376,-0.0004883638794075384,-0.0003414134516900036,-0.004518483806456294
585,0.14040633224865462,0.1392966882895186,0.10407239819004525,-0.17673875168861086,-0.15753467039916436,0.13819505113056416,0.13690679412768864,0.09992006394884093,-0.018120345737175025,-0.07256032513322397,0.18088539759602246,0.1782178217821782,0.1554907677356657,0.32332333650673006,0.17896373685395983,0.18368371242690978,0.18607033117104813,0.053463855421686746,-0.1404039871910171,-0.15980065293958956,-0.0022112811180904635,-0.0023898941618299696,-0.004152334241204328
586,0.14837932712867932,0.14475930351655855,0.11201179071481208,-0.1855360155918684,-0.16259310443188169,0.14793481807750247,0.1485148514851485,0.10789679437060204,-0.022508955398955144,-0.07479522557768403,0.1882303909958876,0.18641174462273813,0.15528531337698784,0.27529031734144205,0.16158367902977122,0.19459734410811844,0.198361215431888,0.06484893146647015,-0.15823580896351963,-0.16259310443188169,-0.00044450905117685013,0.003755547968589956,-0.004114996344210045
587,0.14451855554007464,0.14407647661317857,0.09691960931630353,-0.15721733463668952,-0.14075041437926838,0.144601967346661,0.1406623420962786,0.09119496855345911,-0.03390536186235116,-0.07423484529430169,0.18810067256117557,0.18709457152611814,0.14947965941343425,0.2974005285833242,0.168152397981425,0.18990904197896635,0.19255718675315808,0.05141579731743666,-0.16201440932623723,-0.15315162217477074,8.341180658635872e-05,-0.0034141345168999804,-0.005724640762844416
588,0.15198445851004064,0.14714919767838852,0.10384615384615385,-0.15223771093176808,-0.12994527603412198,0.15352099004706882,0.15500170706725844,0.1024390243902439,0.02797828951001502,-0.05060171600490282,0.1979815284426735,0.19528849436667806,0.1624015748031496,0.34725344945921,0.1919628817987099,0.202366081925444,0.20450665756230796,0.057295645530939646,-0.1174038924257843,-0.14014659089502157,0.0015365315370281796,0.007852509388869916,-0.0014071294559099556
589,0.15262685995062494,0.15158757255035848,0.1,-0.17693602693602695,-0.1367128093100748,0.14834817837526654,0.14441789006486855,0.10141509433962265,-0.015269360269360321,-0.082500060912854,0.18424313347368873,0.1802663024923182,0.15764925373134328,0.2957070707070708,0.14338639074223314,0.19610757181666583,0.199044042335268,0.06157270029673591,-0.15170033670033678,-0.16833691254178695,-0.004278681575358406,-0.007169682485489937,0.0014150943396226412
590,0.14043689777979362,0.13724820757937864,0.08666666666666667,-0.17050506172154056,-0.1398864903958127,0.13970880918872933,0.1413451689996586,0.08220271348762968,0.04013658319915603,-0.03103065739957589,0.17930453650729464,0.17343803345851827,0.13670411985018727,0.28956378509429426,0.17658098285097878,0.18642821826277817,0.18811881188118812,0.05152394775036284,-0.15208113560231706,-0.17130879270400468,-0.0007280885910642965,0.00409696142027996,-0.004463953179036986
591,0.15778635368637856,0.1608057357459884,0.10419790104947527,-0.21063860283578462,-0.15439501018974044,0.15766099202132103,0.16182997610105837,0.09943865276663993,0.006958992113019757,-0.05609402021903698,0.19774240848169564,0.19426425401160805,0.1473384030418251,0.3166515983446897,0.1642357848877123,0.2013551237151485,0.20348241720723798,0.045112781954887216,-0.12351430020507614,-0.14987542444396107,-0.00012536166505752733,0.001024240355069983,-0.004759248282835332
592,0.1518488420142521,0.14783202458176853,0.11567164179104478,-0.14960539150483287,-0.140675414265777,0.14950590550503592,0.14646637077500854,0.11292834890965732,-0.0003547042653186949,-0.07767746359152095,0.1936096260057725,0.18777739842949812,0.177191328934967,0.297942715261151,0.1731893757006061,0.19833427010930454,0.20587231136906795,0.07579102281089035,-0.14437350359138068,-0.16204971895882825,-0.002342936509216187,-0.0013656538067599866,-0.0027432928813874574
593,0.14371119974637914,0.1406623420962786,0.09727626459143969,-0.17281018642404777,-0.15248712371237128,0.14327279555208064,0.14578354387162853,0.09559434746467166,0.0132459191865133,-0.058638988898889965,0.1879101818531669,0.18368043700921816,0.15175879396984926,0.3122862961971873,0.17941481648164814,0.19490168731005342,0.19460566746329805,0.05255023183925812,-0.15850875628103345,-0.16278752875287528,-0.0004384041942984973,0.005121201775349943,-0.0016819171267680316
594,0.14062450531046,0.13758962103106862,0.10550113036925396,-0.19154366518266452,-0.15303496607215694,0.14050188007082298,0.13690679412768864,0.0972668810289389,-0.028136847582783342,-0.05911664009294615,0.1789343324892724,0.17480368726527826,0.16245136186770429,0.3059969934500161,0.1852973166722286,0.18181768459863792,0.18470467736428817,0.06865671641791045,-0.14981952440343937,-0.1677450653219128,-0.00012262523963701977,-0.0006828269033799794,-0.008234249340315053
595,0.14607421086353164,0.14646637077500854,0.1004566210045662,-0.17397647113964987,-0.1505107297400725,0.14432364266373676,0.14407647661317857,0.0926076360682372,0.012129627459711023,-0.05632946987291021,0.1883680973962202,0.18572891771935815,0.15581854043392504,0.2745150883113433,0.18990346255087542,0.19059612528741582,0.19460566746329805,0.05488721804511278,-0.13987446587455965,-0.16866615332892299,-0.001750568199794883,-0.0023898941618299696,-0.007848984936329004
596,0.13948181099118975,0.13758962103106862,0.09832317073170732,-0.1200186796639866,-0.13419527804203069,0.1378454875465534,0.13519972686923865,0.09649122807017543,-0.013184239217366112,-0.06859317280488253,0.18465100465847567,0.1785592352338682,0.16144814090019569,0.3322773930102021,0.19381524814370965,0.1893258920044133,0.19358142710822807,0.06142322097378277,-0.1405019608131538,-0.16020990598089968,-0.0016363234446363506,-0.0023898941618299696,-0.001831942661531888
597,0.1458644109588532,0.14510071696824856,0.10817120622568094,-0.16150545529187,-0.1297795561787417,0.14269336336712743,0.13827244793444862,0.10254306808859721,-0.0008447412881120719,-0.05467029142240587,0.1858861835874924,0.18333902355752818,0.16699604743083005,0.3058989784156759,0.1808996753133748,0.19169417788217938,0.19289860020484806,0.06441717791411043,-0.16894431023321177,-0.15140192027526267,-0.003171047591725762,-0.006828269033799933,-0.005628138137083724
598,0.14394867423420282,0.1410037555479686,0.11564625850340136,-0.19386941087312026,-0.1588384891922554,0.1407903048326033,0.13588255377261865,0.10024057738572574,-0.044158589605520326,-0.07263794202976659,0.18066263599038074,0.1785592352338682,0.1716779825412221,0.2908818954170156,0.17235308674783356,0.18584038053961555,0.18777739842949812,0.06525037936267071,-0.14498025607275333,-0.15316740056314437,-0.0031583694015995256,-0.005121201775349943,-0.015405681117675624
599,0.1445069477434284,0.1410037555479686,0.09669992325402917,-0.15333466716414945,-0.14178433983160266,0.14258887586068583,0.1403209286445886,0.08774834437086093,0.059625842431321185,-0.03389129812488967,0.1829774001632692,0.1785592352338682,0.1543026706231454,0.2652755171748742,0.18984479888797812,0.19086489350495617,0.19324001365653806,0.05243161094224924,-0.13680958483614614,-0.15654865080199498,-0.001918071882742567,-0.0006828269033800072,-0.008951578883168235
600,0.13929124397870857,0.13485831341754864,0.10189228529839883,-0.17530251318647216,-0.14834245370596566,0.1390951819783223,0.13417548651416866,0.09534883720930233,0.0010962871031130472,-0.05440831582547523,0.1816263174902046,0.17616934107203824,0.15255813953488373,0.3447719515978901,0.18601834660673278,0.18286838346895978,0.18470467736428817,0.05865314989138305,-0.15010859447719527,-0.15617029852933983,-0.0001960620003862712,-0.0006828269033799794,-0.006543448089096501
601,0.14648666878675257,0.14510071696824856,0.11250925240562547,-0.1615011397620093,-0.14655705597361102,0.1453203858328107,0.1406623420962786,0.10579937304075235,0.009147374364765648,-0.06229659681623401,0.18473891436098136,0.18094912939569818,0.16974169741697417,0.24770688248949113,0.15341017862665107,0.1923234833496719,0.19460566746329805,0.07658643326039387,-0.14273375577723402,-0.1690265117489116,-0.0011662829539418607,-0.004438374871969963,-0.00670987936487312
602,0.15346640521850372,0.15329463980880847,0.11596385542168675,-0.17015869320606836,-0.15698134792724683,0.14858665402099522,0.14510071696824856,0.1077414205905826,-0.021644744500058266,-0.07206146758497012,0.1853688763325938,0.1795834755889382,0.166189111747851,0.25238815815000193,0.16118513708848337,0.19568099224198698,0.19631273472174804,0.06475903614457831,-0.12855119698909712,-0.15698134792724683,-0.004879751197508497,-0.00819392284055992,-0.008222434831104145
603,0.15278262263467202,0.1485148514851485,0.10499265785609398,-0.1598977965738102,-0.12668230039629091,0.1539484034476686,0.1505633321952885,0.10270270270270271,-0.012855873249364103,-0.05187151964791481,0.19377545582813419,0.18846022533287812,0.16058394160583941,0.24125448193435683,0.1703276649629336,0.19492917072018487,0.19801980198019803,0.06484149855907781,-0.14140694431675394,-0.1557133496419294,0.0011657808129965919,0.0020484807101399938,-0.002289955153391268
604,0.1599150135011479,0.1577330146807784,0.1137546468401487,-0.19467864869124196,-0.15280607850375294,0.15984988248974583,0.15568453397063844,0.10555555555555556,-0.028540881674522622,-0.057054263565891494,0.20356377330110176,0.198702628883578,0.16839134524929444,0.2796870299001418,0.16486464870185802,0.20673636182347815,0.20518948446568794,0.05718585402558315,-0.10538832934569264,-0.13478220745662606,-6.513101140206978e-05,-0.002048480710139966,-0.008199091284593146
605,0.14777328421350058,0.1488562649368385,0.1158966327329679,-0.1567562925786692,-0.13385421213443915,0.14757923253308455,0.14680778422669855,0.11348684210526316,-0.018021868976967004,-0.06420839309097714,0.1898718295168878,0.1874359849778081,0.1848906560636183,0.238278342842967,0.17555590197667892,0.19412114677241124,0.19460566746329805,0.06666666666666667,-0.1398965708070149,-0.13157074265760427,-0.00019405168041602971,-0.002048480710139966,-0.0024097906277047304
606,0.14366902949447155,0.14373506316148857,0.1013719512195122,-0.1489210287178252,-0.14354702918198814,0.14091991258696263,0.13827244793444862,0.0944,-0.0008485060818725909,-0.07327130458467979,0.18330679909974112,0.1816319562990782,0.15891472868217055,0.31080139118502537,0.1738272109348884,0.18733834218196097,0.19016729259132809,0.05668934240362812,-0.1350474980931422,-0.15601530290086552,-0.002749116907508925,-0.005462615227039946,-0.006971951219512204
607,0.1445029536797799,0.14373506316148857,0.09938837920489296,-0.17036316660376805,-0.13060305638529468,0.13991412509342155,0.13417548651416866,0.09017713365539452,-0.010454466281533903,-0.05593672583636322,0.18613263219757917,0.18265619665414817,0.16475095785440613,0.25209923941126944,0.16806226581043138,0.1910755444316559,0.1891430522362581,0.05740181268882175,-0.16376426103869712,-0.14870398500321746,-0.00458882858635834,-0.009559576647319906,-0.00921124554949844
608,0.15152115176832834,0.1485148514851485,0.10186625194401244,-0.15838096172346794,-0.13939931832018393,0.14995102124153106,0.1498805052919085,0.09294605809128631,0.02793166294072391,-0.047027810605742126,0.1896593406925589,0.18470467736428817,0.16385302879841113,0.3498686024358888,0.17876920825178244,0.19893047209260126,0.202116763400478,0.062116564417177916,-0.14630821893054258,-0.15992632003450447,-0.0015701305267972754,0.0013656538067599866,-0.008920193852726133
609,0.15360981413554226,0.15227039945373846,0.11547344110854503,-0.1262467152412804,-0.11856189495963487,0.152120633667435,0.14919767838852852,0.11336032388663968,0.032681482919254656,-0.04618849853179907,0.191445073530524,0.1898258791396381,0.1864244741873805,0.2813787774725275,0.16753918779415355,0.19849712144450712,0.199726869238648,0.08528301886792453,-0.121224393812709,-0.14796358725844316,-0.001489180468107254,-0.003072721065209949,-0.002113117221905353
610,0.15256568052182273,0.15124615909866848,0.10321615557217652,-0.1778653772422547,-0.17094053858677372,0.15282388747655737,0.15158757255035848,0.09928514694201747,-0.018403332253849936,-0.08254821277213342,0.19744142087291405,0.19289860020484806,0.1528846153846154,0.28221792910399146,0.1656302404766642,0.20247354771946355,0.2079207920792079,0.058383233532934134,-0.2064307436896745,-0.16980730364043217,0.0002582069547346355,0.0003414134516900036,-0.00393100863015905
611,0.15107334326320757,0.1502219187435985,0.1164021164021164,-0.1735773040120867,-0.15132002257109511,0.1478358317798431,0.14646637077500854,0.10810810810810811,-0.006000919044397257,-0.07772279294112194,0.18589003728095135,0.18299761010583818,0.1671415004748338,0.2361876274919753,0.15439154666110122,0.1915930226327861,0.19324001365653806,0.06621004566210045,-0.1448308839613187,-0.1411296369300219,-0.003237511483364458,-0.003755547968589956,-0.008294008294008282
612,0.15515816985983213,0.15329463980880847,0.12062256809338522,-0.14210348579790633,-0.14868090091395259,0.15461263632453523,0.1519289860020485,0.11231281198003328,0.03643390491914,-0.05378057644705003,0.1955436605201683,0.19324001365653806,0.16938775510204082,0.3160369216914938,0.20004920706683427,0.20294642958385112,0.20382383065892795,0.06858924395947,-0.1392067839855915,-0.14639414610752122,-0.0005455335352969048,-0.0013656538067599866,-0.00830975611335194
613,0.14818214721556083,0.14646637077500854,0.10424422933730454,-0.17723334362595367,-0.15334683338273503,0.14774260246791646,0.14407647661317857,0.09561752988047809,0.002648799669644042,-0.054156867126702535,0.1901400352740077,0.18572891771935815,0.15885167464114833,0.3028801976183124,0.18254646143882947,0.19376987270290344,0.19733697507681802,0.060178306092124816,-0.17056670176078215,-0.15672830950509975,-0.000439544747644377,-0.0023898941618299696,-0.008626699456826453
614,0.14487926345208332,0.14236940935472858,0.09930715935334873,-0.18496732026143792,-0.15612193999583135,0.14537911694537234,0.14407647661317857,0.09742351046698873,-0.03594771241830064,-0.09108922798150709,0.18483496993964793,0.1819733697507682,0.15228426395939088,0.31904139433551204,0.20212843846904227,0.19102328760243356,0.19324001365653806,0.06424792139077853,-0.16660130718954247,-0.18350413452817838,0.0004998534932890153,0.0017070672584499902,-0.001883648886360001
615,0.14429448299755945,0.14407647661317857,0.09946442234123948,-0.1744834521850429,-0.14538657882268902,0.1452071828978689,0.14714919767838852,0.10073111291632819,-0.0036368623148657075,-0.05909128117101048,0.1833042767806551,0.1785592352338682,0.1562198649951784,0.27965807277381605,0.1611888207293266,0.19357619216740757,0.19597132127005804,0.062406015037593986,-0.17899798866337535,-0.17150226100674948,0.0009126999003094549,0.003072721065209949,0.0012666905750887136
616,0.1583720524529463,0.15500170706725844,0.12434456928838951,-0.20407205675062812,-0.16678962338126324,0.15678145139373256,0.15431888016387846,0.11128775834658187,-0.0452997640497641,-0.0795679966097973,0.1981338425799344,0.19392284055991807,0.17315175097276264,0.3119311913954771,0.18096413530497135,0.20515719391446507,0.20621372482075795,0.07234363225320271,-0.14442950603664895,-0.1577276361842278,-0.001590601059213742,-0.0006828269033799794,-0.013056810941807634
617,0.14673826900011766,0.1481734380334585,0.10872781065088757,-0.1558256367895977,-0.15417497512454625,0.14521129321335127,0.14373506316148857,0.10188087774294671,0.024533400744849776,-0.06867775635234152,0.19001618435753556,0.19016729259132809,0.16283524904214558,0.3021038801973923,0.1923137535838625,0.18889126089266184,0.1894844656879481,0.055350553505535055,-0.12268836652875792,-0.15754986533923854,-0.001526975786766388,-0.004438374871969936,-0.006846932907940861
618,0.14308603602542747,0.1403209286445886,0.09946442234123948,-0.18801539109432985,-0.15481597776418698,0.14173773506536375,0.1396381017412086,0.08809135399673736,0.009410667943258844,-0.06263642556322935,0.18330645596934106,0.1782178217821782,0.15376984126984128,0.2728157855901059,0.18545175196527397,0.18731769552109812,0.19016729259132809,0.054281345565749234,-0.1582590354290322,-0.15595399692716183,-0.0013483009600637197,-0.0006828269033799794,-0.011373068344502121
619,0.14180928181011226,0.14236940935472858,0.1021021021021021,-0.19166715283044555,-0.15400635559540876,0.1432122932283444,0.14168658245134857,0.09603174603174604,-0.0059098068957470495,-0.07262016288721207,0.18682377109844914,0.18368043700921816,0.15273775216138327,0.32732629368181543,0.17492950660021944,0.1915491269751457,0.19426425401160805,0.060561299852289516,-0.17552651537249875,-0.17887435892291337,0.0014030114182321252,-0.0006828269033800072,-0.006070356070356067
620,0.15512807330575376,0.15363605326049845,0.10416666666666667,-0.17377723457873906,-0.15820638052419922,0.1551756045504409,0.15261181290542847,0.09754163362410785,0.025266953738109055,-0.06457750936840112,0.19292561257144158,0.1888016387845681,0.1589840075258702,0.28240148631365447,0.1587781109791654,0.20174235392259288,0.20655513827244792,0.06254598969830757,-0.16020251401932806,-0.17512726085356034,4.753124468714898e-05,-0.001024240355069983,-0.00662503304255882
621,0.14083666009115486,0.13690679412768864,0.09498878085265519,-0.14345646962964365,-0.1410084837081752,0.14293227317685023,0.14407647661317857,0.09148766905330151,0.0047448056316142795,-0.05094190835012702,0.1914570428831221,0.1891430522362581,0.1619047619047619,0.23915412091295818,0.18210535538882255,0.19148620078026402,0.19665414817343804,0.0628698224852071,-0.13166835627729823,-0.15789596658780924,0.0020956130856953636,0.007169682485489937,-0.0035011117993536817
622,0.14712356515529548,0.14339364970979857,0.11455108359133127,-0.18954529180093094,-0.1595442031632318,0.14488625891077644,0.14339364970979857,0.1076158940397351,-0.0030433225921947527,-0.06343054953645744,0.18320003469730534,0.17924206213724822,0.17137096774193547,0.27876834944504114,0.18371884550381967,0.19327607012539078,0.198361215431888,0.07656967840735068,-0.18277837450769785,-0.1755631454343609,-0.0022373062445190384,0.0,-0.00693518955159618
623,0.14826511699403389,0.14544213041993856,0.09977151561309977,-0.14795410364610495,-0.14561861215624106,0.14542245830407627,0.1396381017412086,0.0936,-0.0400407756863117,-0.07419395485100744,0.19004916227059498,0.18641174462273813,0.1640926640926641,0.27985870750557107,0.16842313504296047,0.19659999534859743,0.20314100375554797,0.06736526946107785,-0.1413636148120051,-0.17169428069624693,-0.0028426586899576167,-0.00580402867872995,-0.006171515613099768
624,0.140798139828917,0.1392966882895186,0.1019786910197869,-0.15751453933272108,-0.13179708146084312,0.14046741390446102,0.13758962103106862,0.09245742092457421,-0.00214263850627483,-0.04027547010880894,0.1844477826211209,0.1802663024923182,0.15937803692905733,0.29415365779002145,0.1902234029259442,0.1846674140275276,0.18402185046090816,0.05442176870748299,-0.13131313131313127,-0.141966149388847,-0.0003307259244559879,-0.0017070672584499902,-0.009521270095212697
625,0.14221636935758494,0.14236940935472858,0.09672505712109672,-0.1705685618729097,-0.14186915858941584,0.14122332905302545,0.13622396722430863,0.0944,-0.021181716833890807,-0.07050600941276186,0.18568899621688353,0.18607033117104813,0.16633663366336635,0.2998885172798216,0.20135360649830103,0.19018788728054586,0.1894844656879481,0.06301575393848462,-0.17447045707915276,-0.16452412658200444,-0.0009930403045594893,-0.006145442130419954,-0.0023250571210967214
626,0.142460904785933,0.14407647661317857,0.10506424792139078,-0.18813990150425342,-0.17207485851789828,0.1438224041134273,0.14373506316148857,0.0851063829787234,0.00802792053680379,-0.057161099296123674,0.18574812382472536,0.1806077159440082,0.14398422090729784,0.2982570735155242,0.17949297910119444,0.1904281669612082,0.19699556162512802,0.053910402429764616,-0.18117892244657152,-0.16524829856412948,0.0013614993274942977,-0.0003414134516900036,-0.01995786494266738
627,0.14345360417332106,0.14271082280641859,0.09063214013709063,-0.18992938171437157,-0.14655721257462773,0.14412078588010446,0.14305223625810856,0.07773279352226721,0.0019269776876268407,-0.05810748879034855,0.1886155579759838,0.18436326391259816,0.14175506268081003,0.3008714596949891,0.166418733123591,0.1960488747034488,0.200068282690338,0.0556792873051225,-0.17014874915483436,-0.18511222037803154,0.0006671817067833985,0.00034141345168997583,-0.01289934661482342
628,0.14602489091596996,0.14646637077500854,0.10587326120556415,-0.18526867061697738,-0.15041731613492582,0.14618404072264177,0.14680778422669855,0.10165289256198347,0.029530918283330987,-0.05457963527171117,0.1877833293353598,0.1819733697507682,0.1606425702811245,0.30512197050186174,0.1895782659750498,0.19337849978261817,0.198702628883578,0.06360153256704981,-0.15899261293190048,-0.16296748862891808,0.00015914980667181,0.0003414134516900036,-0.004220368643580677
629,0.14488027157742653,0.14612495732331854,0.09765329295987887,-0.17839146702069886,-0.15657005374061106,0.14472175216041488,0.14202799590303858,0.08406026962727994,-0.013494961076579548,-0.08851699019127768,0.18796775491763065,0.18436326391259816,0.14381591562799617,0.24890622171263044,0.15874247403796693,0.19571969230193095,0.199044042335268,0.05322338830584707,-0.15123559229980088,-0.17131488417629992,-0.0001585194170116433,-0.00409696142027996,-0.01359302333259893
630,0.15357072068568053,0.15227039945373846,0.10617469879518072,-0.17393764917201837,-0.14855002691078945,0.15199781974124327,0.14749061113007852,0.09968354430379747,-0.02205237984377273,-0.07622172515442849,0.19447353336025505,0.19324001365653806,0.1599229287090559,0.28171815881271844,0.1791875904227216,0.19925104495325682,0.20245817685216796,0.06087602078693393,-0.13992690216208337,-0.17002249149470916,-0.0015729009444372666,-0.004779788323659939,-0.0064911544913832525
631,0.14944032520527922,0.1481734380334585,0.11215629522431259,-0.15572794730367845,-0.1325586634710192,0.1501274997809306,0.14749061113007852,0.10930232558139535,0.0792627276695369,-0.030126872231159285,0.1959786024775427,0.19460566746329805,0.17743403093721566,0.3349073449466291,0.1825304334950717,0.19104363885013345,0.19358142710822807,0.06923625981441828,-0.13654220070632117,-0.15371305514012068,0.0006871745756513725,-0.0006828269033799794,-0.002853969642917231
632,0.1570627954613277,0.15602594742232845,0.11647509578544062,-0.16814871029928735,-0.151595178656592,0.1585449208974545,0.15807442813246841,0.10828547990155865,0.0006437599769711921,-0.05374781931923922,0.20708412377809654,0.20587231136906795,0.17365269461077845,0.2718987430106683,0.19314609900873203,0.20804747750319644,0.2092864458859679,0.06379707916986933,-0.1363270789172969,-0.14704413868741262,0.0014821254361268021,0.002048480710139966,-0.008189615883881965
633,0.1468057545408632,0.14202799590303858,0.11274131274131274,-0.17489119494429117,-0.13927592522184695,0.1475783205171551,0.14475930351655855,0.1,0.0028897781113336185,-0.053963301749180625,0.19357370171875657,0.1908501194947081,0.18361303060217177,0.335359801923947,0.18149953903537874,0.1952791438202281,0.19699556162512802,0.07257448433919023,-0.12053776526164062,-0.15520094827007802,0.0007725659762919113,0.002731307613519973,-0.012741312741312738
634,0.13936860315436808,0.13588255377261865,0.10067114093959731,-0.1484794947195346,-0.1436552021917875,0.13748443614231784,0.13554114032092865,0.09353078721745908,-0.017906548409536427,-0.07838221984563443,0.17748162908127618,0.17480368726527826,0.15457115928369464,0.3141620027825207,0.17145574706550315,0.18427959259023816,0.18368043700921816,0.06331877729257641,-0.170508442420793,-0.18079327835425396,-0.0018841670120502418,-0.0003414134516900036,-0.007140353722138226
635,0.146263079140315,0.14407647661317857,0.10891089108910891,-0.14829764829764835,-0.1493760157657693,0.14290169545907683,0.1399795151928986,0.0989456609894566,0.03311939026224742,-0.058598897821516505,0.173213596568964,0.1686582451348583,0.14481409001956946,0.31464674321817176,0.18082575075645013,0.18421639823590744,0.18538750426766815,0.05475285171102662,-0.12973223687509405,-0.1516454437143755,-0.0033613836812381725,-0.00409696142027996,-0.009965230099652306
636,0.15450951075420236,0.15295322635711847,0.11093990755007704,-0.13105436317643582,-0.1304830460466999,0.15128094123473243,0.14646637077500854,0.10823909531502424,0.01064217763086428,-0.06242998249736653,0.19124528599531151,0.18777739842949812,0.1827016520894072,0.29241352018250377,0.1746215221994779,0.19664876396860936,0.198702628883578,0.07245283018867925,-0.1640633486971771,-0.16110692464389997,-0.003228569519469926,-0.006486855582109929,-0.0027008122350528074
637,0.14916404590537483,0.14783202458176853,0.11189358372456965,-0.16437683443542217,-0.13878132630285955,0.14844986938742422,0.14612495732331854,0.1087136929460581,0.018781192540057834,-0.05535499398315291,0.18419222699334778,0.18368043700921816,0.16463414634146342,0.3144036728680577,0.19720965591623352,0.192116067036611,0.19460566746329805,0.060015588464536244,-0.09282100478523536,-0.14449545865352442,-0.0007141765179506099,-0.0017070672584499902,-0.0031798907785115516
638,0.1485292425516896,0.14612495732331854,0.1111934766493699,-0.17495501789893209,-0.13784145081879562,0.1481989145817026,0.14612495732331854,0.11006289308176101,0.014948331624201283,-0.051445925661744996,0.18418636423046844,0.1795834755889382,0.15348837209302327,0.27301224189289186,0.16959197636343637,0.19254842765799937,0.19631273472174804,0.07318840579710145,-0.15068158682578492,-0.1726240648430627,-0.00033032796998699876,0.0,-0.0011305835676088949
639,0.14694036936956792,0.14407647661317857,0.10352422907488987,-0.17097469132916376,-0.1468838002789461,0.14725376085784156,0.1406623420962786,0.09616888193901485,0.0033699338601027584,-0.05385705676588326,0.19049609299755318,0.18709457152611814,0.16290018832391714,0.2734357860361738,0.18935744133453436,0.19118051766598895,0.19528849436667806,0.06373626373626373,-0.1422673145187684,-0.15024621269508098,0.00031339148827363994,-0.0034141345168999804,-0.007355347135875018
640,0.15617774814678043,0.15534312051894844,0.11205564142194745,-0.17403987715107494,-0.14568411592341146,0.1559211475961845,0.1590986684875384,0.10448979591836735,0.02776385706625062,-0.06705229797923218,0.19819282381365702,0.19460566746329805,0.16908212560386474,0.277492321942183,0.14947009925836297,0.208783421236862,0.21372482075793786,0.07120980091883614,-0.13653195534539075,-0.1593592146963122,-0.0002566005505959257,0.003755547968589956,-0.007565845503580096
641,0.1365242190741403,0.13554114032092865,0.0983477576711251,-0.152521182718938,-0.13646427142714268,0.13712657607365197,0.13417548651416866,0.09437086092715231,0.03383815543088664,-0.06436143614361434,0.17931750157115978,0.17480368726527826,0.16700404858299595,0.274468983715376,0.18742624262426244,0.18192833957587812,0.18436326391259816,0.0634184068058778,-0.12430434343849628,-0.16164303930393042,0.0006023569995116662,-0.0013656538067599866,-0.00397689674397278
642,0.1508448382276395,0.1488562649368385,0.10733590733590734,-0.12934550786456944,-0.1298872846916942,0.15026196847216855,0.1502219187435985,0.10098522167487685,0.007873455967297605,-0.04249510930607936,0.19011087343926236,0.18675315807442813,0.15953307392996108,0.2939593886074824,0.1731479208662169,0.1962866773914761,0.19665414817343804,0.05972434915773354,-0.09175331022838351,-0.14237188117535338,-0.0005828697554709494,0.0013656538067599866,-0.006350685661030489
643,0.1549769789944249,0.15363605326049845,0.099625468164794,-0.1304141195765618,-0.1443295637230957,0.1555727862727898,0.15466029361556846,0.09865824782951854,0.022770985537498123,-0.06768277161616143,0.20023391322033934,0.19460566746329805,0.15977443609022557,0.32349224690621736,0.16113044599718607,0.20600343769304383,0.21065209969272788,0.05794947994056464,-0.1380162516773521,-0.15672830950509975,0.0005958072783649182,0.0010242403550700108,-0.0009672203352754649
644,0.14434854292925475,0.14168658245134857,0.10278207109737249,-0.17854481628057162,-0.14002172864551488,0.14453703387904207,0.14202799590303858,0.09458367016976556,-0.04143001440612004,-0.07515463635595199,0.18937169651752825,0.18811881188118812,0.16731898238747553,0.3031701743637297,0.1695194836836269,0.19471223482155048,0.198702628883578,0.060443764345830146,-0.15785464721564468,-0.15481597776418698,0.00018849094978731773,0.0003414134516900036,-0.00819840092760693
645,0.14165013798304033,0.13690679412768864,0.07698289269051321,-0.14272320477306633,-0.13656738340814423,0.1381777147593706,0.13485831341754864,0.07528641571194762,0.02095674408693804,-0.06363352328600702,0.1831181884388886,0.1782178217821782,0.1377245508982036,0.3118474323460473,0.18707662088384014,0.19356548462905124,0.19767838852850803,0.05219364599092285,-0.17355636053696988,-0.17759267972684667,-0.003472423223669724,-0.0020484807101399938,-0.001696476978565592
646,0.1580172574334435,0.15466029361556846,0.11471698113207547,-0.16311574129832596,-0.15922330878580937,0.16002284075184572,0.1608057357459884,0.11093247588424437,0.0433076398089044,-0.06739160653622334,0.19899125762726969,0.19494708091498805,0.1713455953533398,0.29435143923882934,0.17182430920035263,0.2047706122526125,0.20826220553089791,0.06691729323308271,-0.1642679352844354,-0.1648919323814627,0.0020055833184022265,0.006145442130419926,-0.0037845052478310964
647,0.13702230971834875,0.13451689996585867,0.10161662817551963,-0.1104183467141252,-0.12974646608841134,0.13462214388841326,0.1304199385455787,0.0973017170891251,0.03526411339178237,-0.04358338743447876,0.17492992255658044,0.1724137931034483,0.15913555992141454,0.3007083013876033,0.18883017998731289,0.17933424590466795,0.17924206213724822,0.06198034769463341,-0.16797230354865755,-0.15695585934754797,-0.002400165829935491,-0.00409696142027996,-0.004314911086394521
648,0.1461213289933997,0.14441789006486855,0.1053019145802651,-0.1777962584809959,-0.15906439536662653,0.1480715917231201,0.1488562649368385,0.10406885758998435,-0.016624398919702243,-0.06910170273803362,0.19138355492346848,0.1874359849778081,0.16307403936269915,0.2465581977471839,0.1681748990698798,0.1949603916940664,0.19801980198019803,0.06944444444444445,-0.16852068374942364,-0.17030973194520072,0.0019502627297204034,0.004438374871969963,-0.0012330569902807426
649,0.15154666526918742,0.1495390918402185,0.11269614835948645,-0.18310290073970803,-0.16766352662635342,0.1532619427494774,0.15227039945373846,0.10365853658536585,-0.013392200147167022,-0.06723708447028387,0.19525551683475212,0.19324001365653806,0.16468435498627632,0.2835289105766624,0.1771339247761522,0.19615928412168612,0.19801980198019803,0.06633380884450785,-0.1394640021687773,-0.16766352662635342,0.0017152774802899895,0.002731307613519973,-0.009037611774120602
650,0.1459868513741193,0.14441789006486855,0.10321615557217652,-0.21183497119620465,-0.16623079700467902,0.14748835833990823,0.14373506316148857,0.09420289855072464,-0.005732520049700707,-0.05868845891325636,0.18956443744685192,0.18607033117104813,0.16940948693126814,0.2888004066418163,0.17790468488787325,0.19222547414002897,0.19392284055991807,0.06408345752608048,-0.16721732745961815,-0.17189092006212225,0.0015015069657889346,-0.0006828269033799794,-0.009013257021451879
651,0.15032743876842364,0.14749061113007852,0.10318664643399089,-0.1581114436894444,-0.16354486722520423,0.15208896299273306,0.15329463980880847,0.0988562091503268,0.01745208744130622,-0.056668049349352545,0.1932028482045209,0.1891430522362581,0.15309126594700687,0.3109173960535089,0.17641437261394088,0.19884386719574756,0.199726869238648,0.05653170359052712,-0.11840182713177194,-0.15331198040730354,0.0017615242243094187,0.00580402867872995,-0.004330437283664099
652,0.15419668428443717,0.15363605326049845,0.11102941176470588,-0.17132337960941824,-0.15666831107249624,0.15392043999680838,0.1495390918402185,0.1044427123928293,-0.025928432142961144,-0.07016090633758909,0.19552833499781783,0.1894844656879481,0.16173752310536044,0.23945691085305154,0.1556571242041812,0.19860929853473236,0.198361215431888,0.05592841163310962,-0.14882199714776334,-0.13532232808596067,-0.0002762442876287907,-0.00409696142027996,-0.006586699371876573
653,0.1495472929905652,0.14680778422669855,0.10861694424330195,-0.17743519407488684,-0.15432903763074535,0.14700007989449393,0.14475930351655855,0.09829721362229102,0.021467562748594182,-0.05483736650719573,0.18685041265982416,0.18094912939569818,0.15526802218114602,0.33826361267315863,0.17991826198657324,0.18891896474256453,0.19153294639808807,0.0618705035971223,-0.16416952407077223,-0.16438999313762115,-0.0025472130960712824,-0.0020484807101399938,-0.010319730621010936
654,0.13640478427143896,0.13212700580402867,0.09176300578034682,-0.1860510067707125,-0.17339660913161625,0.13785553268355355,0.13861386138613863,0.08873456790123457,-0.024155869975810984,-0.07473045275364532,0.1782893320374794,0.1707067258449983,0.14154411764705882,0.27074013939052544,0.15848046232155844,0.18190212547014287,0.18675315807442813,0.05391804457225018,-0.15831648939107767,-0.1812450533889548,0.0014507484121145942,0.006486855582109957,-0.00302843787911225
655,0.15485570826444642,0.1519289860020485,0.10053313023610053,-0.1455630901470787,-0.14280578388640142,0.15474411373981764,0.1577330146807784,0.10423452768729642,0.040311448230714975,-0.04650152591833556,0.20001802946054892,0.19733697507681802,0.1658583899127061,0.30719846019197794,0.17669775431353474,0.20605182713102607,0.20689655172413793,0.06283118849356548,-0.1227612657165017,-0.15186971404810168,-0.0001115945246287775,0.005804028678729922,0.0037013974511958952
656,0.15273451515834688,0.1485148514851485,0.0967741935483871,-0.1714493993235099,-0.15888575735079913,0.15145753134044293,0.14714919767838852,0.1015625,-0.0575696901364644,-0.09892643130392986,0.19340558673289626,0.1898258791396381,0.16540642722117202,0.24321177248162973,0.15222395326974902,0.20174871607633607,0.20757937862751794,0.07121879588839941,-0.19034640954861792,-0.1916936904707841,-0.0012769838179039483,-0.0013656538067599866,0.004788306451612906
657,0.15586129076512495,0.15329463980880847,0.09928057553956834,-0.1693986580291298,-0.1579465072762094,0.15599367476221562,0.15295322635711847,0.10233258088788563,-0.018967255986736098,-0.08983519943067286,0.19925259929867248,0.19699556162512802,0.16260162601626016,0.27413353996570056,0.15804529797439437,0.20584061392535333,0.2116763400477979,0.06807017543859649,-0.23578310438543015,-0.19702676587610735,0.00013238399709067372,-0.0003414134516900036,0.003052005348317288
658,0.1593568224328746,0.1577330146807784,0.1029641185647426,-0.13039741474147415,-0.13578172657137733,0.1563922692691567,0.15670877432570843,0.09090909090909091,0.03960396039603964,-0.04110724039630809,0.19125719611809067,0.18504609081597814,0.15317073170731707,0.24965621562156215,0.15736698363335533,0.20533905186011023,0.20279959030385797,0.04773082942097027,-0.12011826182618257,-0.1312191007316149,-0.002964553163717909,-0.001024240355069983,-0.012055027655651682
659,0.1519435911257927,0.1502219187435985,0.11246200607902736,-0.17075060992245972,-0.15183930863903794,0.15111585652357304,0.15124615909866848,0.10479285134037368,0.02044871313280694,-0.055409745869827054,0.193311259291059,0.19153294639808807,0.16550348953140578,0.3603544469970462,0.20324837544052698,0.19991589042617905,0.200751109593718,0.05993930197268589,-0.16527415866287598,-0.15410823952772523,-0.0008277346022196597,0.001024240355069983,-0.007669154738653677
660,0.15110274046341482,0.15158757255035848,0.10334110334110334,-0.13813227644290316,-0.1595493382607186,0.1509872101770799,0.15602594742232845,0.10434056761268781,0.038890265048303174,-0.05756435510342661,0.19354378504091738,0.18777739842949812,0.1623246492985972,0.2893633886549417,0.1716153823286901,0.2018069332901777,0.20553089791737794,0.0625,-0.14341342581124594,-0.1698624264451638,-0.00011553028633493057,0.004438374871969963,0.0009994642715844687
661,0.14686686107660668,0.14578354387162853,0.10662604722010663,-0.18514371309402367,-0.15031662439222748,0.14281185849753422,0.1406623420962786,0.0946271050521251,-0.02189500947264922,-0.07540904549027183,0.18266901801350255,0.1806077159440082,0.1539961013645224,0.3310870764286914,0.17541784749960954,0.19414706390757128,0.19665414817343804,0.05855855855855856,-0.14666464977023974,-0.17188092740945715,-0.004055002579072459,-0.005121201775349943,-0.01199894216798153
662,0.14150908829803455,0.1392966882895186,0.10828976848394324,-0.16663238414705972,-0.14883819855291536,0.1423886368745628,0.1389552748378286,0.0985691573926868,0.007030553636320436,-0.05753834324906726,0.19199772580134963,0.18846022533287812,0.1645813282001925,0.28659483160250565,0.1893094136835589,0.19113111464998478,0.19460566746329805,0.06858407079646017,-0.15445066218005177,-0.16799989657964898,0.0008795485765282496,-0.0003414134516900036,-0.009720611091256437
663,0.14459298376599714,0.14236940935472858,0.10114068441064639,-0.16546469666292973,-0.13758849038188303,0.14360475606667406,0.14305223625810856,0.09685230024213075,0.010413354974370903,-0.05162711110562024,0.18682169335208362,0.18436326391259816,0.15718418514946964,0.29680943430253204,0.17684918644444725,0.19170419232910982,0.19255718675315808,0.05965697240865026,-0.1569663132335689,-0.1669963306606046,-0.0009882276993230799,0.0006828269033799794,-0.004288384168515638
664,0.1417096240537155,0.1389552748378286,0.10088365243004419,-0.19231101694765762,-0.15999434861663964,0.1414610970090363,0.1413451689996586,0.09906396255850235,-0.024951355089325,-0.07451348960636883,0.182792086645333,0.18231478320245817,0.15879017013232513,0.2831601286377837,0.17743009484495553,0.18534307548612544,0.1894844656879481,0.061046511627906974,-0.20267860135517757,-0.1802398152243354,-0.00024852704467920317,0.0023898941618299974,-0.001819689871541838
665,0.1396634527351392,0.13827244793444862,0.09992254066615028,-0.16623320584485635,-0.1555411653332467,0.13605910865616777,0.13622396722430863,0.09472817133443164,0.006364617044228638,-0.06750110528563824,0.17364706158406218,0.1686582451348583,0.1481113320079523,0.30075512405609495,0.17032139458322615,0.18457262434058166,0.18709457152611814,0.06387832699619772,-0.1947847406099833,-0.18298222301042344,-0.003604344078971422,-0.0020484807101399938,-0.005194369331718643
666,0.13643487166828902,0.13417548651416866,0.09024211298606016,-0.1782342657342657,-0.1544754164674732,0.13622467054504128,0.13417548651416866,0.0899922420480993,-0.004647435897435881,-0.07143076036725138,0.18534214066282184,0.18333902355752818,0.15080113100848255,0.31443764568764565,0.18443655842802675,0.1890985803749959,0.19358142710822807,0.058655221745350504,-0.18557692307692308,-0.19375329435271327,-0.00021020112324773854,0.0,-0.000249870937960861
667,0.14218768525643177,0.13861386138613863,0.09436722750548647,-0.16642897566496884,-0.15526088213389777,0.14150826905820707,0.1392966882895186,0.08837209302325581,-0.01864176570458398,-0.06891242356538096,0.17686961750311028,0.17207237965175828,0.13047445255474452,0.2556819468024901,0.14864083568516784,0.18696759218691877,0.1888016387845681,0.05010893246187364,-0.14183927560837584,-0.16647496766227654,-0.0006794161982247027,0.0006828269033799794,-0.005995134482230657
668,0.14863839865602438,0.14441789006486855,0.10768072289156627,-0.15889723190608152,-0.15698134792724683,0.1508057637727871,0.14783202458176853,0.10731319554848967,0.007523613718304012,-0.07772279294112194,0.19860702701562594,0.19733697507681802,0.1694255111976631,0.3095091773189118,0.18383043851309055,0.19818059068884583,0.20245817685216796,0.06315789473684211,-0.13436727153541306,-0.15924587806970758,0.002167365116762715,0.0034141345168999804,-0.0003675273430766013
669,0.1480383641057438,0.14680778422669855,0.10491071428571429,-0.1802372816786979,-0.16007540269160614,0.14627775001250648,0.14168658245134857,0.09311424100156494,-0.03964283354130471,-0.08559351884466371,0.19042578389842846,0.18709457152611814,0.15148609779482264,0.3160678258638585,0.17960712818611657,0.19288529991090853,0.19938545578695802,0.058823529411764705,-0.1396342814493463,-0.1589468892999858,-0.0017606140932373282,-0.0051212017753499706,-0.011796473284149345
670,0.1418716760905278,0.1399795151928986,0.11692307692307692,-0.18223100369780598,-0.14119680719002925,0.1392290497424316,0.13451689996585867,0.10461285008237232,-0.019428127113634286,-0.0434598291871493,0.174159355167813,0.16968248548992831,0.16878048780487806,0.2852228003557563,0.1713342271215056,0.17944030028757504,0.1782178217821782,0.06230769230769231,-0.12150923031313299,-0.14119680719002925,-0.0026426263480962,-0.005462615227039946,-0.012310226840704597
671,0.14866676746558166,0.14510071696824856,0.11374407582938388,-0.14363676535572245,-0.13453563482469777,0.14836325000362208,0.14714919767838852,0.11333333333333333,-0.024804831344822476,-0.05892503635185087,0.19159867572995068,0.1905087060430181,0.17695473251028807,0.3184857858300191,0.20227521291798367,0.19658585702364342,0.20109252304540798,0.0702576112412178,-0.12563705994991892,-0.1517198617503447,-0.00030351746195958484,0.002048480710139966,-0.00041074249605055346
672,0.14041931660574677,0.13758962103106862,0.10140636565507032,-0.1795957334079753,-0.15119265976162466,0.14095361088675462,0.13758962103106862,0.09069212410501193,0.013965391420831086,-0.045486495923028114,0.18837302067632386,0.18299761010583818,0.162593984962406,0.2878633384316509,0.17154850004345212,0.18697473617483146,0.1874359849778081,0.0540340488527017,-0.1782161886577429,-0.15119265976162466,0.0005342942810078466,0.0,-0.010714241550058387
673,0.14037599534811668,0.1396381017412086,0.0928462709284627,-0.17367584385380008,-0.14581398803996581,0.14090439871909083,0.13827244793444862,0.08245755860953921,-0.007078248355178451,-0.058536072007824846,0.18369757389850472,0.1816319562990782,0.15239043824701196,0.31463463413930104,0.20556463494657606,0.19001192895330785,0.19221577330146808,0.06062874251497006,-0.15325964367524592,-0.17075053547772034,0.0005284033709741509,-0.0013656538067599866,-0.010388712318923493
674,0.14413355007465375,0.14202799590303858,0.09415337889141989,-0.16456618494280317,-0.15015351103276375,0.14503390872696195,0.1410037555479686,0.08783239323126511,-0.003129071369938341,-0.06399043237883117,0.18887957945547448,0.18299761010583818,0.1442400774443369,0.2857056790197835,0.17182430920035263,0.19555095231176647,0.200409696142028,0.05667412378821775,-0.14799264988289518,-0.17736290429190038,0.0009003586523081974,-0.001024240355069983,-0.006320985660154779
675,0.15568035292955368,0.15670877432570843,0.11841100076394194,-0.17510999211617195,-0.14295944103074443,0.1543336030857688,0.1590986684875384,0.11275720164609053,0.05019128273877649,-0.036342974803455386,0.19201272178856213,0.1888016387845681,0.16940948693126814,0.28285321910865513,0.1700846512961891,0.19818399322302727,0.198361215431888,0.05955143078112916,-0.13215584547697157,-0.12481195741758888,-0.0013467498437848835,0.0023898941618299696,-0.00565379911785141
676,0.14542529559059592,0.14236940935472858,0.1076923076923077,-0.18303982052720136,-0.1595007844894012,0.14491227919838548,0.14236940935472858,0.10200927357032458,0.006442325668349236,-0.07977875467175166,0.18626588959013132,0.1802663024923182,0.1568627450980392,0.33462329407365865,0.17061578968509117,0.18645284429074818,0.18641174462273813,0.05397520058351568,-0.15017199476537668,-0.1662378574317378,-0.0005130163922104358,0.0,-0.0056830341219831215
677,0.1350983763038007,0.13315124615909868,0.09474463360473723,-0.16647490562348655,-0.14655705597361102,0.13375962935033375,0.13076135199726868,0.09217660728117738,-0.049301388199551766,-0.0791486886477093,0.18084006947248282,0.17719358142710823,0.1577437858508604,0.2753895381190874,0.19610214459972208,0.17964118496031023,0.18402185046090816,0.060073260073260075,-0.1399648814089549,-0.1622856750163213,-0.001338746953466946,-0.0023898941618299974,-0.0025680263235598466
678,0.14415412490981044,0.1406623420962786,0.0918293564714389,-0.19140445727973854,-0.153804822905368,0.14305976106177376,0.14339364970979857,0.08765243902439024,-0.0272115696743791,-0.07447509294474264,0.18319873702051126,0.17480368726527826,0.1413141314131413,0.24948602855852942,0.15010625525364718,0.1907065974178783,0.19153294639808807,0.047959914101646385,-0.18700165291723092,-0.16944730486943493,-0.0010943638480366835,0.002731307613519973,-0.004176917447048664
679,0.15796373144798093,0.15500170706725844,0.11841100076394194,-0.16424075649171965,-0.15425620290273645,0.15574531263696043,0.15329463980880847,0.10801963993453355,0.011993795967378817,-0.05531596411873674,0.19864423140069398,0.19460566746329805,0.1719056974459725,0.32220343223095016,0.17668183716788322,0.20674809347906725,0.20689655172413793,0.06201550387596899,-0.11136638815229893,-0.1326485645476101,-0.0022184188110205005,-0.0017070672584499624,-0.010391360829408391
680,0.13969448052804653,0.13656538067599863,0.10672853828306264,-0.17553907067764984,-0.14927639136274462,0.13997271310207296,0.1392966882895186,0.10620915032679738,-0.03498293360032767,-0.0705525820822469,0.18254665623010086,0.17924206213724822,0.16253716551040634,0.2574341236972648,0.17474624393669513,0.1843220264863585,0.18607033117104813,0.06732976281560826,-0.13971510490147,-0.16524933817328036,0.00027823257402642687,0.002731307613519973,-0.0005193879562652576
681,0.15693578406157732,0.15397746671218845,0.10763358778625955,-0.1713765027944809,-0.12913835226790427,0.15569926857865263,0.15158757255035848,0.10438247011952191,-0.04076839389023956,-0.06696834394914286,0.19705180118804766,0.19392284055991807,0.16841103710751665,0.2893593706428289,0.16362586872408103,0.2036984603367245,0.20894503243427792,0.0704647676161919,-0.1659937394200519,-0.15626708317063653,-0.0012365154829246938,-0.0023898941618299696,-0.003251117666737635
682,0.15049091011844767,0.1488562649368385,0.10332369942196531,-0.17222365813733098,-0.1475782381951396,0.15200685994494656,0.1519289860020485,0.10465116279069768,0.010909365038338836,-0.04268839860991136,0.19513183515712273,0.19255718675315808,0.18206521739130435,0.24831997932282246,0.16485958184596583,0.19548550482758226,0.199726869238648,0.07494646680942184,-0.13277548031360387,-0.16654767726906383,0.0015159498264988858,0.003072721065209977,0.001327463368732365
683,0.14272567484117746,0.13690679412768864,0.11102831594634874,-0.17801553002354098,-0.15501691440792176,0.14263973768938037,0.13758962103106862,0.09800796812749003,0.006141737816661386,-0.05689548546691403,0.18703064208618767,0.18368043700921816,0.16361886429258904,0.2751870981342891,0.18671633811076038,0.19014062141750404,0.19392284055991807,0.07163958641063516,-0.16872562453884266,-0.16855090460668143,-8.593715179708306e-05,0.0006828269033799794,-0.013020347818858705
684,0.14301542947501236,0.14168658245134857,0.11273006134969325,-0.15337900842381424,-0.15045741866429707,0.14115508363296594,0.1389552748378286,0.10372771474878444,0.011126388823036737,-0.07081421920366127,0.18407958165670787,0.18094912939569818,0.17526777020447906,0.2868087493875744,0.16470209920136203,0.18983753174656745,0.19221577330146808,0.07040121120363362,-0.18380667899419978,-0.16979933853330875,-0.001860345842046418,-0.002731307613519973,-0.009002346600908817
685,0.144755937356119,0.14168658245134857,0.12356101304681504,-0.1623131836328826,-0.1483759383922647,0.14428590007986586,0.1406623420962786,0.1176948051948052,0.003246560501046325,-0.06761332150480726,0.1824519740315736,0.1806077159440082,0.1781094527363184,0.35292153341545585,0.1905995522057965,0.1844411227271491,0.18368043700921816,0.07098765432098765,-0.12028970450733911,-0.14041342686814917,-0.00047003727625313796,-0.001024240355069983,-0.005866207852009836
686,0.14183698039976175,0.13724820757937864,0.10176991150442478,-0.19656932007379746,-0.15310171298817865,0.14430535893402863,0.1399795151928986,0.09639498432601881,-0.008306709265175627,-0.06320703913100179,0.193224419833124,0.19255718675315808,0.16374269005847952,0.34248121315753954,0.21771381667267575,0.18763491267144347,0.1911915329463981,0.05575935436537051,-0.16932727354542598,-0.16096749695068158,0.002468378534266874,0.002731307613519973,-0.005374927178405972
687,0.14539007194299627,0.13861386138613863,0.09259259259259259,-0.1611547505878821,-0.14607268610105384,0.14541507808045587,0.14714919767838852,0.09690553745928339,-0.0007825086306099127,-0.06861632637826132,0.18929434062191722,0.18572891771935815,0.1450827653359299,0.2694271276329614,0.16033556044940467,0.19913006377286055,0.202116763400478,0.05597579425113464,-0.1451743633361685,-0.1756883530538863,2.5006137459593347e-05,0.008535336292249895,0.004312944866690802
688,0.14785687590103083,0.1495390918402185,0.11078286558345643,-0.18262937751168706,-0.15921626293748936,0.14897940555928865,0.14714919767838852,0.1021671826625387,-0.005449848273599622,-0.08942820538671692,0.19552983846754668,0.19153294639808807,0.1616822429906542,0.28152218486016567,0.1604580651983072,0.19646053153756327,0.20143393649709798,0.06504065040650407,-0.14304108914951197,-0.15809064910602533,0.0011225296582578204,-0.0023898941618299696,-0.00861568292091773
689,0.13672087384540108,0.13588255377261865,0.09386281588447654,-0.15880607590452156,-0.14503076661194547,0.1385591542216364,0.13417548651416866,0.0861280487804878,-0.004506000619990291,-0.06362615133086491,0.18442771974125957,0.17924206213724822,0.1483166515013649,0.29808799433151767,0.17389690421530146,0.18154226214403976,0.18299761010583818,0.04717655468191565,-0.1340673575129534,-0.16064261063845398,0.0018382803762353184,-0.0017070672584499902,-0.007734767103988738
690,0.16008659287829763,0.1601229088426084,0.11550387596899225,-0.1526068181020258,-0.1260836832953398,0.1578812800939064,0.15534312051894844,0.1048780487804878,-0.015144121054664117,-0.05795581672822525,0.1964464216416863,0.19153294639808807,0.16975609756097562,0.27479900291401893,0.17481439404274957,0.20533263383446632,0.20723796517582793,0.07365223993925589,-0.14247270301583403,-0.1567412232505414,-0.0022053127843912335,-0.004779788323659967,-0.010625827188504453
691,0.15874317269325733,0.1608057357459884,0.11686390532544379,-0.16775632611693547,-0.14860697929531985,0.1568258363461914,0.15705018777739843,0.11381475667189953,0.006288733447422201,-0.06095967228457233,0.19666028348935377,0.19494708091498805,0.1733833177132146,0.27710302889328264,0.17164279632087265,0.2009845797187231,0.20382383065892795,0.06277695716395865,-0.10624802698257096,-0.1508543461417492,-0.0019173363470659233,-0.003755547968589956,-0.003049148653544262
692,0.14391489499402432,0.14202799590303858,0.10428994082840237,-0.17341101541279313,-0.1458289376192976,0.14333379505795366,0.1413451689996586,0.0975609756097561,-0.02396970067398596,-0.05486157794275681,0.18813124562124464,0.18538750426766815,0.16398104265402844,0.3143824419715281,0.18771804786135216,0.1908452176556794,0.19392284055991807,0.060294117647058824,-0.16153908310559806,-0.1548133682046351,-0.000581099936070667,-0.0006828269033799794,-0.006728965218646271
693,0.1497760143716921,0.14680778422669855,0.10478359908883828,-0.17889256520046704,-0.1398506319417847,0.15064269163823157,0.1485148514851485,0.09420289855072464,-0.0167672246010121,-0.055020323445472585,0.19717117803121728,0.19324001365653806,0.15876089060987417,0.34058972362787077,0.1813734695642505,0.20270384222479343,0.20826220553089791,0.06473214285714286,-0.1841572596340989,-0.17038954300045717,0.0008666772665394673,0.0017070672584499624,-0.010580700538113635
694,0.14784696731688757,0.14544213041993856,0.11552888222055514,-0.15184715334640375,-0.14952764792621664,0.14675564390170562,0.14202799590303858,0.10205696202531646,0.0021877173301461106,-0.07162863196863045,0.19194860106212414,0.18811881188118812,0.17349857006673022,0.26901409435142576,0.17110018587022502,0.19048333530339498,0.19255718675315808,0.06671664167916042,-0.13164222084761812,-0.1506566191719788,-0.0010913234151819495,-0.0034141345168999804,-0.013471920195238685
695,0.15190933385350144,0.1488562649368385,0.10344827586206896,-0.1814270300451205,-0.14506317771513288,0.15196691178634117,0.1481734380334585,0.10246227164416204,-0.01078402523126143,-0.06049264299471757,0.1962323457731796,0.19324001365653806,0.17015209125475286,0.27614423468694826,0.17292203283362872,0.19859607845713828,0.200068282690338,0.058692421991084695,-0.16462002203208226,-0.1585944632703994,5.757793283972523e-05,-0.0006828269033800072,-0.0009860042179069273
696,0.13819151315856879,0.13554114032092865,0.10429447852760736,-0.1773900272746346,-0.15423858422887238,0.1391138022798647,0.13519972686923865,0.0943089430894309,-0.027456465487097015,-0.06996726334025882,0.1871283075761013,0.18572891771935815,0.15918367346938775,0.3305790614728302,0.2147331450672194,0.18618388012476889,0.18777739842949812,0.060882800608828,-0.15287782362402969,-0.16562660056517153,0.0009222891212959106,-0.0003414134516900036,-0.009985535438176457
697,0.14834469005835965,0.14646637077500854,0.09724349157733538,-0.13553490708186844,-0.136746152608055,0.14402943960578507,0.13724820757937864,0.09149277688603531,0.011016239745521572,-0.06873738686872444,0.1931882065481079,0.19153294639808807,0.168141592920354,0.30325213460572575,0.19082940236972112,0.19785596933452962,0.20143393649709798,0.060790273556231005,-0.13221998995479656,-0.1480809468979436,-0.004315250452574582,-0.009218163195629903,-0.005750714691300063
698,0.14521848573243096,0.14510071696824856,0.1106899166034875,-0.1934394990188647,-0.1561842996115883,0.1455562943791953,0.14714919767838852,0.10843373493975904,-0.006069224938546225,-0.07221546551315439,0.18745611372271756,0.18333902355752818,0.1665043816942551,0.26026650042858257,0.17515218088493434,0.19175379781351246,0.19767838852850803,0.0649056603773585,-0.1454152292031199,-0.1629925834574072,0.00033780864676433153,0.002048480710139966,-0.002256181663728457
699,0.16972518709935677,0.1710481392966883,0.13988095238095238,-0.1779970925600619,-0.13776841214117774,0.1672820541155322,0.16729259132809832,0.1316415543219667,0.022279881420514513,-0.04453758958573928,0.20584845585436432,0.20177534994878799,0.19464944649446494,0.27478258132668176,0.15427994767103914,0.20878594595588904,0.2079207920792079,0.07432432432432433,-0.15795188757374334,-0.1242892570729216,-0.002443132983824564,-0.003755547968589984,-0.008239398058985686
700,0.14472701617858025,0.14236940935472858,0.10273466371027347,-0.16303656881651307,-0.15902179877978484,0.1474809471506057,0.15090474564697848,0.0976,0.009302906935218846,-0.04306108300629785,0.1919026403033086,0.18641174462273813,0.1583011583011583,0.3113670452110564,0.1978670060764809,0.19348988865997624,0.19699556162512802,0.061527057079318014,-0.16039568602242693,-0.15451847001188246,0.002753930972025448,0.008535336292249895,-0.005134663710273463
701,0.1512532520290407,0.14612495732331854,0.10410557184750734,-0.17694244362643696,-0.14912540855636935,0.15204173326443057,0.1502219187435985,0.10270270270270271,-0.032948964112573864,-0.07178992298526887,0.19384885479626274,0.19153294639808807,0.15921787709497207,0.2425150547558177,0.17590779166999515,0.19675010496378925,0.200751109593718,0.05989773557341125,-0.130478675817978,-0.15472942924992739,0.0007884812353898818,0.00409696142027996,-0.0014028691448046277
702,0.14917883460082612,0.14714919767838852,0.10962962962962963,-0.1597245736763615,-0.15285418264409179,0.14871979940472993,0.14714919767838852,0.10653188180404355,-0.029455415228777482,-0.08084269856252335,0.1840987869306352,0.18094912939569818,0.16074766355140188,0.2881818116323134,0.1621960602127701,0.19018330682560858,0.19358142710822807,0.058130978660779986,-0.14688443333357348,-0.1629807975930624,-0.00045903519609619137,0.0,-0.0030977478255860835
703,0.14415272948099586,0.14202799590303858,0.10331534309946029,-0.14648593516161934,-0.13497004246065236,0.14395875458985205,0.14373506316148857,0.09746109746109746,0.008802081843918952,-0.04865560909528199,0.18104981830405187,0.1782178217821782,0.15996074582924436,0.29504799489071276,0.18075906906004446,0.18834143896260958,0.1894844656879481,0.06092916984006093,-0.14789670851325465,-0.15314150211651978,-0.00019397489114381106,0.0017070672584499902,-0.005854245638362829
704,0.14494696855475417,0.14475930351655855,0.09643128321943811,-0.17876952527400114,-0.1586280275957911,0.14297166207507223,0.14271082280641859,0.09208400646203554,-0.004334591214705474,-0.068886489974191,0.18568558304163105,0.1799248890406282,0.14796905222437137,0.2807481386755373,0.16285115147905493,0.19323302254213062,0.19597132127005804,0.05211480362537765,-0.11914045644618443,-0.16657980941036332,-0.001975306479681943,-0.002048480710139966,-0.004347276757402568
705,0.13351483016548932,0.13315124615909868,0.10375275938189846,-0.1535805201992252,-0.15647276325782278,0.13048678385321133,0.1280300443837487,0.09727626459143969,0.009939125622578815,-0.07332018993993417,0.1742406608024752,0.1724137931034483,0.1619047619047619,0.3408079690094079,0.19074541451552274,0.17471500744218804,0.1782178217821782,0.05946337926033358,-0.13757609297177642,-0.178946431722117,-0.0030280463122779877,-0.0051212017753499706,-0.006476494790458767
706,0.14114806559758947,0.1396381017412086,0.10038314176245211,-0.1585878237278454,-0.12627778258237476,0.1361021317388591,0.13451689996585867,0.09975470155355683,0.03066021739518454,-0.03352997862640694,0.16634472789311439,0.1614885626493684,0.14599236641221375,0.25072197333428536,0.1644074078649881,0.18019508819677113,0.1819733697507682,0.05983545250560957,-0.11705427740196683,-0.16247204754080136,-0.005045933858730367,-0.005121201775349943,-0.000628440208895284
707,0.14828257040161913,0.14783202458176853,0.11228334589299171,-0.18226353877401902,-0.15866766166937696,0.14539091581431138,0.14339364970979857,0.10416666666666667,0.031860058794689894,-0.06916135132258627,0.18481761087883108,0.1802663024923182,0.16666666666666666,0.32281994930708957,0.16876681542204697,0.18955007827155373,0.19153294639808807,0.06415094339622641,-0.11093191287179693,-0.15640167912895186,-0.0028916545873077515,-0.004438374871969963,-0.008116679226325044
708,0.1471905399023,0.14271082280641859,0.1055512118842846,-0.1748651807102618,-0.13992415277299253,0.1459495525128188,0.14168658245134857,0.09991673605328892,-0.008667647641196319,-0.050783688102621016,0.18779751875056955,0.18504609081597814,0.18014329580348004,0.32390407156196244,0.20520944120716422,0.1910532115159103,0.19460566746329805,0.06269349845201239,-0.1529233170398382,-0.1547808968847213,-0.0012409873894811962,-0.0010242403550700108,-0.005634475830995675
709,0.13734924817957422,0.13383407306247866,0.10639827462257369,-0.17464354615059985,-0.16366447193353795,0.13697070399855804,0.13417548651416866,0.09692307692307692,0.012506028817748871,-0.061971304901896174,0.1827613607722999,0.17719358142710823,0.1579925650557621,0.31396575631518664,0.1883503370221451,0.17852538423916325,0.18265619665414817,0.06173725771715721,-0.15017785012359075,-0.165899486593574,-0.0003785441810161827,0.0003414134516900036,-0.00947519769949677
710,0.13494335929367113,0.1304199385455787,0.0946656649135988,-0.17874302038696266,-0.14540472860054166,0.13439815862627857,0.1297371116421987,0.08530805687203792,-0.028232264208111424,-0.07205135814521957,0.1790093973905947,0.17548651416865824,0.15904761904761905,0.2851361295069904,0.17170753444477416,0.18342915052444342,0.18846022533287812,0.06134515890613452,-0.17225035709648095,-0.17023202321618924,-0.0005452006673925536,-0.0006828269033800072,-0.009357608041560883
711,0.1347073964223681,0.13246841925571867,0.09222948438634714,-0.1847627210839501,-0.1563037435377861,0.13560045715974847,0.13280983270740868,0.08571428571428572,0.004587886879742431,-0.06452724024688983,0.1820250208052138,0.17924206213724822,0.14939309056956115,0.3364761732078395,0.18617930532824156,0.18319623798037898,0.18607033117104813,0.05671213208901651,-0.16292218174625406,-0.17421135393600973,0.00089306073738038,0.0003414134516900036,-0.00651519867206142
712,0.14162921276037133,0.13827244793444862,0.0979381443298969,-0.1550051136221906,-0.14886429105529608,0.14142874495585586,0.13793103448275862,0.08528951486697965,0.014505225872433858,-0.0590862844604616,0.18229844104005063,0.17719358142710823,0.1451310861423221,0.32465888398313747,0.17658098285097878,0.1864967955849619,0.1891430522362581,0.05434782608695652,-0.17466137843298657,-0.17355324286887552,-0.00020046780451546398,-0.0003414134516900036,-0.012648629462917255
713,0.14521766585524093,0.14236940935472858,0.10344827586206896,-0.1782141740722547,-0.14876403071045885,0.14221702564198307,0.1396381017412086,0.10256410256410256,-0.03374194316676349,-0.08395574753042112,0.1824328082170868,0.1799248890406282,0.16208251473477406,0.2714241057473318,0.17755136003815208,0.19000284275644466,0.19460566746329805,0.0649056603773585,-0.16327647032554815,-0.17150377919468263,-0.0030006402132578547,-0.002731307613519973,-0.0008841732979664035
714,0.14867373981205628,0.14510071696824856,0.1053423626787058,-0.1984958217270194,-0.15811361299847726,0.1491194325836668,0.14749061113007852,0.09846650524616626,-0.018857938718662925,-0.056209756587745185,0.19300779357299125,0.1894844656879481,0.16683119447186576,0.3408542246982359,0.1996821495103155,0.19323127807402177,0.19324001365653806,0.056732223903177004,-0.13732590529247912,-0.15018775749986468,0.000445692771610523,0.0023898941618299696,-0.006875857432539531
715,0.13964397421418673,0.14236940935472858,0.09948032665181886,-0.1761509670520125,-0.15878853480909005,0.1376717650165867,0.13349265961078866,0.08253968253968254,0.019601010380367656,-0.06070625497193549,0.1796055593604258,0.1782178217821782,0.14885496183206107,0.29050463705588436,0.17829884072319957,0.1847051467581346,0.19016729259132809,0.06395348837209303,-0.1739679554547633,-0.19148262808814143,-0.0019722091976000222,-0.008876749743939927,-0.01694064411213632
716,0.1508106235862087,0.1485148514851485,0.12015503875968993,-0.1551143650664154,-0.14869676373386542,0.1499486704037755,0.14783202458176853,0.11314475873544093,0.03458584880336435,-0.04822410675313338,0.19490143626133222,0.1891430522362581,0.17425742574257425,0.29687020262363306,0.17098896302300937,0.19788069551027412,0.199044042335268,0.06516679596586501,-0.15042116030057562,-0.14755502899544803,-0.0008619531824332061,-0.0006828269033799794,-0.007010280024248999
717,0.16419053893853627,0.1590986684875384,0.1213292117465224,-0.1546316290304871,-0.15897129754289385,0.16294786211733614,0.16182997610105837,0.11494252873563218,-0.0034525247349607158,-0.07207461489850109,0.207636336032041,0.20518948446568794,0.18929633300297324,0.26872354182678815,0.16689126237357899,0.21643238563800635,0.2202116763400478,0.08179012345679013,-0.16630067464529275,-0.16125805234932522,-0.0012426768212001338,0.002731307613519973,-0.006386683010890223
718,0.14926878582990585,0.14646637077500854,0.1109375,-0.1866009074768199,-0.16301857727495417,0.14855270531402465,0.1505633321952885,0.11046990931574609,-0.02008680213059777,-0.08601087788601536,0.18940381173066573,0.18709457152611814,0.16359918200409,0.30105346222134544,0.18409075429906874,0.20215842067336293,0.20416524411061795,0.07364341085271318,-0.17876109686328667,-0.17451226375091522,-0.0007160805158812067,0.00409696142027996,-0.0004675906842539074
719,0.1477842783228833,0.14544213041993856,0.10466867469879518,-0.18738463914739156,-0.14574826737627822,0.14756929851647305,0.14510071696824856,0.09672262190247802,-0.022994941499015265,-0.05878198348906982,0.18980389403515605,0.18368043700921816,0.15813953488372093,0.28224118623778816,0.1399980939674068,0.19639511041907629,0.19562990781836803,0.06273338312173264,-0.15567440244043718,-0.15817202221730808,-0.00021497980641024816,-0.0003414134516900036,-0.00794605279631716
720,0.14038774909379478,0.13861386138613863,0.09337349397590361,-0.1492280878258221,-0.16356677484083537,0.14217453894134008,0.14510071696824856,0.0889248181083266,0.019019717591378882,-0.06037543042584281,0.18279958680824063,0.17753499487879823,0.14383561643835616,0.2863514308183899,0.18342829538979855,0.18569470410345143,0.1888016387845681,0.053973013493253376,-0.13522455948931233,-0.17037059974731839,0.0017867898475452948,0.006486855582109929,-0.004448675867577009
721,0.14748784072123133,0.14202799590303858,0.09694258016405667,-0.14869358213826334,-0.1427275676951213,0.14640789347013664,0.14373506316148857,0.0934283452098179,0.010739311562901976,-0.05496357147070963,0.18324648429380766,0.17924206213724822,0.1501865671641791,0.2843210658680335,0.15994570133522112,0.19192433809396509,0.19733697507681802,0.06263656227239621,-0.16626543032118113,-0.1787333097359054,-0.0010799472510946984,0.0017070672584499902,-0.0035142349542387763
722,0.14237762787203728,0.1403209286445886,0.1,-0.19834661280065835,-0.17439584662592955,0.14205080695429034,0.1389552748378286,0.09216965742251224,-0.023699173306400367,-0.07842145577133974,0.18406728390245383,0.17787640833048823,0.1399014778325123,0.26212172221598773,0.16265707363721316,0.1961573964928233,0.200068282690338,0.05615384615384615,-0.1503778101971347,-0.1629703239051451,-0.00032682091774693944,-0.0013656538067599866,-0.00783034257748777
723,0.13239545723801407,0.13076135199726868,0.09739263803680982,-0.14182768451061134,-0.1363514752149032,0.13225016850722962,0.1297371116421987,0.0908353609083536,0.005543237250554389,-0.055839547154854174,0.17559054123304968,0.1724137931034483,0.1543756145526057,0.3061450744377574,0.18909814947853443,0.17701244237544225,0.18094912939569818,0.060810810810810814,-0.15006335128286352,-0.168102658111824,-0.00014528873078445415,-0.001024240355069983,-0.006557277128456218
724,0.14752306953924263,0.14612495732331854,0.10939907550077041,-0.1410430342815464,-0.14363085871052828,0.1499755863711347,0.15158757255035848,0.10256410256410256,0.008431801604668165,-0.042370219396291264,0.19179257207951744,0.1894844656879481,0.16850551654964896,0.31406272793581325,0.198834898970206,0.1922763207741951,0.19460566746329805,0.059770114942528735,-0.1255725747629468,-0.151595178656592,0.002452516831892071,0.005462615227039946,-0.006834972936667849
725,0.13638264138918388,0.13280983270740868,0.0942684766214178,-0.14473913453790477,-0.13697159414290883,0.1368876302584389,0.13315124615909868,0.09105304829770387,0.001401058416150569,-0.06591814559942055,0.18175208955238614,0.17719358142710823,0.1532639545884579,0.26951500148817076,0.16641535281262088,0.18134189068301781,0.18368043700921816,0.05847520355292376,-0.16129412789558129,-0.1651674070569915,0.0005049888692550131,0.0003414134516900036,-0.003215428323713923
726,0.1529981827167831,0.15227039945373846,0.10569715142428786,-0.12218468468468469,-0.13115121519888973,0.15147041643529033,0.14919767838852852,0.09723320158102766,0.051416548127074524,-0.05357313913075512,0.19769099250512584,0.19392284055991807,0.17009345794392525,0.3015647226173541,0.16566924975745145,0.20068894688063132,0.20518948446568794,0.06544117647058824,-0.13439426268373633,-0.16038353371731728,-0.0015277662814927595,-0.003072721065209949,-0.008463949843260196
727,0.15209734298727026,0.1502219187435985,0.10806577916992952,-0.16136695906432752,-0.13574528240678352,0.1503462980828589,0.14646637077500854,0.09991673605328892,-0.013157894736842035,-0.048932084624713656,0.19030434215001377,0.18607033117104813,0.16483516483516483,0.2874634502923977,0.17952369901231235,0.19916119920865524,0.199726869238648,0.062111801242236024,-0.14382309941520466,-0.14831035050681995,-0.0017510449044113585,-0.003755547968589956,-0.008149043116640595
728,0.1452630940901501,0.14339364970979857,0.11379050489826677,-0.17336602620789454,-0.1251271561256081,0.14479537935363404,0.14373506316148857,0.10668789808917198,0.0251532239232215,-0.0452700378396973,0.18744024138070317,0.1812905428473882,0.16760828625235405,0.3074068119087815,0.1729311022654676,0.1908469259905587,0.1894844656879481,0.06750741839762611,-0.14671788805561614,-0.14874686716791974,-0.00046771473651605056,0.0003414134516900036,-0.007102606809094789
729,0.1554220532950817,0.15602594742232845,0.10819165378670788,-0.1731371538851545,-0.15992451008223885,0.15573874837975343,0.15875725503584842,0.10339123242349049,0.036946175359403366,-0.06271390813977562,0.1992897324541265,0.19494708091498805,0.15551181102362205,0.2765974845853164,0.1580113409766407,0.20440865128104918,0.20450665756230796,0.05222135619641465,-0.11065044240550848,-0.14734431453674357,0.0003166950846717198,0.002731307613519973,-0.004800421363217386
730,0.15137484942069543,0.1505633321952885,0.12139605462822459,-0.17171137350347376,-0.14753290058756297,0.14905391439128496,0.14612495732331854,0.10771704180064309,-0.00861226075193211,-0.06370951901498523,0.1914563749744413,0.18572891771935815,0.171648987463838,0.2679348751595306,0.1707693997083064,0.19653974170231356,0.198361215431888,0.0717557251908397,-0.1502945695496023,-0.13847091339052753,-0.0023209350294104703,-0.004438374871969963,-0.013679012827581494
731,0.1360429071544765,0.13588255377261865,0.09236641221374046,-0.16532214816517277,-0.14691173444213856,0.13706556650164892,0.13451689996585867,0.08931419457735247,-0.024109400137899306,-0.08335378870714605,0.18644817962018626,0.18436326391259816,0.1491658488714426,0.2950413698000459,0.18336259071648353,0.18620906112900923,0.1894844656879481,0.048798798798798795,-0.17966942465333635,-0.17188092740945715,0.001022659347172411,-0.0013656538067599866,-0.003052217636387994
732,0.1428488456397806,0.1406623420962786,0.09498878085265519,-0.17545523815447772,-0.15217580895026372,0.14114598469494288,0.1399795151928986,0.08750994431185362,0.012170784932692635,-0.061894737620636464,0.18166290501121873,0.17685216797541822,0.13680154142581888,0.2800161724229089,0.18524969514421818,0.18796273107769948,0.1911915329463981,0.0540340488527017,-0.1568932360914571,-0.16797499643294855,-0.0017028609448377086,-0.0006828269033799794,-0.007478836540801573
733,0.16061908570430153,0.1601229088426084,0.11805026656511805,-0.17021922428330527,-0.14655721257462773,0.15801435419261295,0.15261181290542847,0.10653753026634383,0.004985947161326609,-0.0626433720613373,0.19326955332177476,0.19187435984977808,0.16534653465346535,0.36062394603709946,0.19703594520276457,0.20356686967363416,0.20587231136906795,0.06681852695520121,-0.1251995503091624,-0.15109309584561648,-0.0026047315116885794,-0.00751109593717994,-0.011512736298774223
734,0.13046271654363786,0.1283714578354387,0.09090909090909091,-0.1601617419569602,-0.15381205016869448,0.1277911064733291,0.12564015022191874,0.08839779005524862,-0.0028490865299888313,-0.08145373622410923,0.16728905952563025,0.16319562990781836,0.15273775216138327,0.29360473085433436,0.17406155989270733,0.1758291080724031,0.1782178217821782,0.05551443375277572,-0.15326519023282226,-0.1764240232763774,-0.0026716100703087498,-0.002731307613519973,-0.0025113008538422965
735,0.150113200473344,0.14544213041993856,0.09985422740524781,-0.1902434297649681,-0.15994213326189288,0.15013375028593462,0.14783202458176853,0.09247648902821316,0.017644441094877727,-0.05230632630410659,0.1944002272480825,0.1908501194947081,0.1531279178338002,0.3128250126505959,0.1775409698036664,0.1974287810397786,0.20245817685216796,0.06335493160547156,-0.16128343435865966,-0.17900264074400085,2.0549812590614502e-05,0.0023898941618299696,-0.007377738377034648
736,0.14540527581797968,0.14305223625810856,0.1037037037037037,-0.1767515198095212,-0.15285418264409179,0.14704274935142633,0.1488562649368385,0.10460577673692428,-0.03642392632811242,-0.07521680136865083,0.19246229171280665,0.18846022533287812,0.16216216216216217,0.2548486331123362,0.15882052189644658,0.19490774690130172,0.19699556162512802,0.062134502923976605,-0.1773933162055571,-0.17310741254203288,0.0016374735334466484,0.00580402867872995,0.0009020730332205823
737,0.14107212716440823,0.1413451689996586,0.09945609945609946,-0.15468290664155038,-0.14527155951861326,0.14230105206370117,0.1389552748378286,0.0959016393442623,-0.03310072209378656,-0.06877533204464681,0.1870044238460975,0.18265619665414817,0.16119402985074627,0.30915888917430145,0.1766976367150963,0.19274626313489437,0.19460566746329805,0.0624048706240487,-0.18247138739047297,-0.1760983974558833,0.001228924899292938,-0.0023898941618299974,-0.00355446011183716
738,0.1385759219772812,0.13622396722430863,0.08567096285064443,-0.19990549578365802,-0.16847220771988447,0.1375545069388908,0.13485831341754864,0.08116883116883117,-0.008581709799360238,-0.06946454054107809,0.17712306153618024,0.17616934107203824,0.13976377952755906,0.2903678394882233,0.17634759866147565,0.18631412858600307,0.1905087060430181,0.0555138784696174,-0.19335199185809837,-0.18440447600153154,-0.0010214150383903997,-0.0013656538067599866,-0.004502131681813265
739,0.14033787280470972,0.13622396722430863,0.10735735735735735,-0.15707778659378768,-0.146533241992162,0.13987729611189617,0.13656538067599863,0.0991345397324941,-0.007781598048723137,-0.07769392510332129,0.18542747401458406,0.18572891771935815,0.17349857006673022,0.2670428164212877,0.1728360478363945,0.18626824961695132,0.18607033117104813,0.05855855855855856,-0.08642040612418822,-0.146533241992162,-0.00046057669281354685,0.0003414134516900036,-0.008222817624863252
740,0.15135355050618926,0.14919767838852852,0.10384615384615385,-0.1571385083713851,-0.1336878615295395,0.14867844673880318,0.14544213041993856,0.10260586319218241,0.035146771037182,-0.05200634953679606,0.18629582605351547,0.1812905428473882,0.15547024952015356,0.2707023265927375,0.1590042231111244,0.19667158427586762,0.20109252304540798,0.061456752655538696,-0.17488149597738634,-0.15410823952772523,-0.0026751037673860834,-0.003755547968589956,-0.0012402906539714376
741,0.13988660548332799,0.13588255377261865,0.09111617312072894,-0.14983998325058323,-0.14359030477490586,0.1405291245228841,0.1392966882895186,0.092,-0.008546688999222396,-0.06774465580516564,0.18299409102354341,0.17719358142710823,0.15004748338081672,0.20426063288867624,0.1552641926581001,0.19241593139793386,0.19733697507681802,0.06240713224368499,-0.15793054973978582,-0.17641901850807684,0.0006425190395561164,0.0034141345168999526,0.000883826879271063
742,0.14352788915379064,0.1399795151928986,0.10060975609756098,-0.12267256202407273,-0.13606177463013092,0.1450063370730337,0.14339364970979857,0.09410801963993454,0.07555883075411451,-0.03422262597797476,0.18353932007724,0.17924206213724822,0.16326530612244897,0.33940063866371895,0.1841657705760935,0.18785529747322247,0.18402185046090816,0.05442176870748299,-0.11466470154753128,-0.1485087816876166,0.0014784479192430644,0.0034141345168999526,-0.006501736457626445
743,0.14677120587619377,0.14475930351655855,0.10978342046303212,-0.1749858517260895,-0.14418868954930886,0.14738801831389883,0.15090474564697848,0.10153102336825141,0.019071873231465752,-0.033835659235096904,0.18873213114946594,0.18607033117104813,0.16141356255969436,0.32840973401245044,0.18461829873385338,0.1927545910782533,0.19460566746329805,0.05943536404160475,-0.1514997170345218,-0.15207104885746692,0.000616812437705061,0.006145442130419926,-0.008252397094780706
744,0.1462273507286588,0.14578354387162853,0.11046931407942238,-0.20161665570694076,-0.16988228960184037,0.14501922435871215,0.14680778422669855,0.10331534309946029,0.01586852943551642,-0.07130411374593149,0.1837551344243528,0.1785592352338682,0.1505078485687904,0.27975565579538764,0.16842008663093755,0.18447358392246457,0.1888016387845681,0.05886627906976744,-0.15461096818603082,-0.15980043070748606,-0.0012081263699466604,0.0010242403550700108,-0.007153970979962093
745,0.1394021225485142,0.1389552748378286,0.10038022813688213,-0.16672249905782843,-0.15541293457350325,0.13799894219967312,0.13212700580402867,0.0932475884244373,-0.004983040911184622,-0.07477708235059144,0.17854099191288178,0.17514510071696826,0.14454277286135694,0.3337171810225703,0.18303050151702782,0.18997493699871573,0.19392284055991807,0.05701425356339085,-0.1816506846446967,-0.17585582668635402,-0.001403180348841071,-0.006828269033799933,-0.007132639712444835
746,0.15439120314159083,0.1519289860020485,0.11145272867025365,-0.17510989561706203,-0.14515824991110426,0.15204979738769123,0.15090474564697848,0.1089588377723971,-0.025766405589999875,-0.0746491142259551,0.19487571413834176,0.1894844656879481,0.17254901960784313,0.27843683328799096,0.17440734891997522,0.2005404861203082,0.20416524411061795,0.06554878048780488,-0.14362319048096328,-0.15766793527459855,-0.0023414057538996003,-0.0010242403550700108,-0.0024938908978565516
747,0.1402304115248789,0.13690679412768864,0.10620792819745699,-0.15943722943722938,-0.1559131577007572,0.14024699260294793,0.13588255377261865,0.09984152139461172,0.013816738816738838,-0.07120573833009958,0.18623414504309815,0.18368043700921816,0.16923076923076924,0.2966594516594516,0.17952822300704707,0.18697004215386184,0.1898258791396381,0.06567164179104477,-0.1452525252525252,-0.15930145447558341,1.6581078069038968e-05,-0.001024240355069983,-0.0063664068028452675
748,0.14092074723235018,0.13622396722430863,0.10684725357411588,-0.16777799762564305,-0.14687769963455377,0.14018854208901563,0.13724820757937864,0.1041335453100159,0.008250890383854403,-0.06668800929699781,0.1882172101561085,0.18538750426766815,0.1616650532429816,0.3206569054214483,0.18743424881497517,0.18844619575286023,0.19460566746329805,0.07169253510716925,-0.14222398100514444,-0.17398407383316417,-0.0007322051433345522,0.0010242403550700108,-0.002713708264099987
749,0.14350912511503938,0.14339364970979857,0.10986547085201794,-0.173759024175266,-0.16078853832109186,0.14342220902043018,0.1389552748378286,0.1008668242710796,-0.04258215594223025,-0.08279343697573671,0.18759046112119884,0.1812905428473882,0.1595744680851064,0.28069713504610583,0.18284205311351642,0.19302606431537325,0.198702628883578,0.07158671586715867,-0.1413485563186967,-0.18000472271052714,-8.69160946092018e-05,-0.004438374871969963,-0.008998646580938338
750,0.1406502392004121,0.14168658245134857,0.09375,-0.16535671459270784,-0.15354206159678963,0.14029749301482458,0.13793103448275862,0.0889063729346971,0.019273312991479385,-0.07127575765036065,0.17940660297149602,0.17548651416865824,0.1485981308411215,0.28681024691211454,0.15523831211994388,0.18785459899648416,0.1908501194947081,0.058823529411764705,-0.16006150046897083,-0.19073093872325764,-0.00035274618558753246,-0.003755547968589956,-0.004843627065302905
751,0.15117549896035012,0.15261181290542847,0.11153262518968134,-0.1777711446213074,-0.1447223293863944,0.14854384151114472,0.14646637077500854,0.10483870967741936,-0.020352947704577073,-0.056424409690279065,0.19079697113751506,0.19016729259132809,0.1796875,0.31468906122339646,0.1880929063912712,0.19667347894607312,0.199726869238648,0.06912096168294515,-0.15597548538441375,-0.15943864933574703,-0.0026316574492054046,-0.006145442130419926,-0.0066939155122619776
752,0.14264662722645904,0.14271082280641859,0.10405508798775823,-0.2046946900367096,-0.16144782323819484,0.14123208500241075,0.1392966882895186,0.09627831715210355,-0.061894421177808745,-0.0805180090796328,0.19032207634669243,0.18811881188118812,0.16481294236602628,0.30963238715681707,0.20102655566916772,0.1943667623018766,0.19767838852850803,0.0633587786259542,-0.15945917998035264,-0.16486739285052843,-0.0014145422240482985,-0.0034141345168999804,-0.007776770835654673
753,0.14415409002622942,0.1413451689996586,0.10808709175738725,-0.16667776150534774,-0.14982427831716827,0.1422579551061794,0.13690679412768864,0.09706362153344208,-0.03916662968387108,-0.08122163412422656,0.19098101343009022,0.18607033117104813,0.17111770524233433,0.2553957898785485,0.16460450756714762,0.19579639444859118,0.199044042335268,0.06630686198920586,-0.16001531087737986,-0.1624014297525409,-0.00189613492005003,-0.004438374871969963,-0.011023470223945162
754,0.14086614768859196,0.13724820757937864,0.0980544747081712,-0.139620832455001,-0.1410948231803847,0.1409565617808364,0.13554114032092865,0.08656224237427865,-0.013528583765699542,-0.05892886080051851,0.19027790612440856,0.18641174462273813,0.16393442622950818,0.3237714114743063,0.21153409869987405,0.19348017292746925,0.19801980198019803,0.06498470948012232,-0.14438252674096796,-0.16734228338506418,9.041409224444519e-05,-0.0017070672584499902,-0.011492232333892557
755,0.1441774283916595,0.1406623420962786,0.1044427123928293,-0.17141777028986505,-0.12844308464327125,0.14506685213935444,0.14510071696824856,0.10224438902743142,-0.003711350171930472,-0.037380751892132746,0.18042613277848396,0.17616934107203824,0.16141732283464566,0.2763367765456478,0.17547745091365397,0.185195150642101,0.18402185046090816,0.06813020439061317,-0.13252972532556317,-0.1716976927000622,0.000889423747694934,0.004438374871969963,-0.0021983233653978806
756,0.14568415921884162,0.14339364970979857,0.10186625194401244,-0.1934040056004438,-0.14412982478019587,0.14887694146124483,0.15124615909866848,0.09137055837563451,0.013397288086980486,-0.02538941198478517,0.18856443335203713,0.18504609081597814,0.1396534148827727,0.31249080115782757,0.20409927043711418,0.19742272678522063,0.199726869238648,0.05837173579109063,-0.16890583782111035,-0.1623975805948743,0.0031927822424032137,0.007852509388869916,-0.010495693568377928
757,0.14588377367813884,0.14271082280641859,0.10277569392348088,-0.17434722140604486,-0.1467295121566462,0.14750052216741755,0.14510071696824856,0.1008,0.038612368024132704,-0.053081803482341816,0.19164154480428874,0.1891430522362581,0.166189111747851,0.3104914693149987,0.17596018279336656,0.19421648170030378,0.198361215431888,0.06876371616678859,-0.14637519343401695,-0.1850912241437106,0.001616748489278702,0.0023898941618299696,-0.0019756939234808757
758,0.14777691359845177,0.14475930351655855,0.10993975903614457,-0.16284103493405822,-0.14855002691078945,0.14787534069322125,0.14475930351655855,0.10429936305732485,0.006392831974227353,-0.06718068743488337,0.18964830818107586,0.18675315807442813,0.1674641148325359,0.3418151615826034,0.17127668241811966,0.1960005097787574,0.19938545578695802,0.0686055182699478,-0.1572284304842445,-0.16324171320505032,9.842709476948208e-05,0.0,-0.005640395978819726
759,0.1414589311022398,0.13793103448275862,0.09824828636709824,-0.16858702353751853,-0.1334612743717799,0.14258605598131366,0.1406623420962786,0.09192645883293366,-0.006928879701156854,-0.06336415773796289,0.1905659125917882,0.18607033117104813,0.1665053242981607,0.2916367460921917,0.1831063491357805,0.19173440888471005,0.19460566746329805,0.06365655070318282,-0.1504297682515504,-0.1764240232763774,0.0011271248790738486,0.002731307613519973,-0.00632182753416459
760,0.15033912564974972,0.15090474564697848,0.11325115562403698,-0.17267513981850913,-0.13892385421321818,0.14809411305442485,0.14680778422669855,0.108130081300813,0.0014475553570093558,-0.06164345300163865,0.1890901370763337,0.1888016387845681,0.1748046875,0.2228027355920309,0.17247070360991112,0.1952290400181108,0.19767838852850803,0.06753645433614736,-0.13381930291102428,-0.14460623665524608,-0.0022450125953248634,-0.004096961420279932,-0.005121074323223979
761,0.12944833208776338,0.12564015022191874,0.08872727272727272,-0.17193121672740164,-0.15591000882056638,0.1306414190733965,0.12529873677022874,0.08196721311475409,0.008981193999953785,-0.050666128566252855,0.17252427686921223,0.1693410720382383,0.14153561517113783,0.2727178175486714,0.17325702091101014,0.17580294917679046,0.1795834755889382,0.05010737294201861,-0.1571506714227383,-0.18054155526306537,0.0011930869856331128,-0.0003414134516900036,-0.006760059612518632
762,0.13511518826683538,0.1293956981905087,0.09484066767830046,-0.18317728782845066,-0.16449140001832263,0.1350139566695879,0.1317855923523387,0.08849557522123894,0.004756871035940802,-0.0791980907217712,0.17773818909684871,0.17412086036189825,0.14847590953785644,0.3150986610288936,0.17781908129183732,0.18533991758393392,0.1891430522362581,0.06466165413533835,-0.16671700392630617,-0.1781383295057709,-0.00010123159724748088,0.0023898941618299974,-0.006345092457061524
763,0.13793768366441717,0.13451689996585867,0.09851851851851852,-0.17649195275189322,-0.16497473265594365,0.13240430851133933,0.12768863093205873,0.09435421500386698,-0.04801244626584922,-0.10067538740437143,0.17176382269048515,0.1689996585865483,0.1509433962264151,0.2640765857334135,0.16216228704503766,0.17929074952695057,0.18094912939569818,0.0508100147275405,-0.17225285001057067,-0.17399920216493614,-0.005533375153077835,-0.006828269033799933,-0.004164303514651538
764,0.14554205740116866,0.1413451689996586,0.10788690476190477,-0.1620757291488999,-0.14981894619799307,0.14348566391646084,0.13622396722430863,0.10352941176470588,-0.04242708511001192,-0.07212140444615,0.1836667015317032,0.1799248890406282,0.1596244131455399,0.2609159133549377,0.1643493747985899,0.1909279484902932,0.19597132127005804,0.06544117647058824,-0.17776735459662296,-0.16783576747378282,-0.002056393484707819,-0.0051212017753499706,-0.0043574929971988835
765,0.15246253506470764,0.15158757255035848,0.10969196093163035,-0.17476840485776945,-0.15007070425385416,0.1510556673566108,0.14646637077500854,0.10438247011952191,-0.008980108459633152,-0.06421624396299197,0.19182139610484517,0.18572891771935815,0.1572926596758818,0.30332143987255444,0.16849452998329262,0.19954878562367764,0.20689655172413793,0.07026627218934911,-0.15133610483703774,-0.17379364722896096,-0.0014068677080968373,-0.005121201775349943,-0.005309490812108436
766,0.1494870884936885,0.14339364970979857,0.10780669144981413,-0.17436786879331334,-0.15280607850375294,0.15071153427034586,0.15124615909866848,0.10898965791567224,0.048520392056643824,-0.05367478774455525,0.1916255070170148,0.18709457152611814,0.16429249762583095,0.28463192074683186,0.1761295681063123,0.19533573176075444,0.200409696142028,0.06980161645848641,-0.16991438793764368,-0.17082994955087982,0.001224445776657368,0.007852509388869916,0.0011829664658581096
767,0.144703791315812,0.1406623420962786,0.10649546827794562,-0.14946210068161292,-0.1393669067143577,0.1430616429326783,0.1406623420962786,0.09531502423263329,0.0635008622813501,-0.04227537957881533,0.1811587061251585,0.1782178217821782,0.15688161693936478,0.30865566231419883,0.18238989832784613,0.18596685372211977,0.1894844656879481,0.05983545250560957,-0.14340560072267394,-0.1540435329092652,-0.0016421483831337014,0.0,-0.011180444045312335
768,0.14857343438285356,0.14407647661317857,0.09694258016405667,-0.1646077383379435,-0.14551181247607758,0.14565619463710133,0.14407647661317857,0.1007081038552321,-0.011732769102483664,-0.06670355903778546,0.17845036382440393,0.17173096620006828,0.15627906976744185,0.2732478905627247,0.15395955058943245,0.19337700678709943,0.19733697507681802,0.07043286867204696,-0.14592677488438044,-0.1702801206995408,-0.002917239745752226,0.0,0.003765523691175429
769,0.14207720957183306,0.1396381017412086,0.10007468259895444,-0.16312305744215494,-0.12478096874526223,0.14438924637648726,0.14373506316148857,0.09928514694201747,0.024590384098844953,-0.03505204528713346,0.18965804234094435,0.18436326391259816,0.16853932584269662,0.26441425885422665,0.17917575946914877,0.1892438214805126,0.19187435984977808,0.0625920471281296,-0.14431909750201455,-0.14609158806656775,0.002312036804654194,0.00409696142027996,-0.000789535656936971
770,0.1346744075652311,0.13315124615909868,0.09984871406959153,-0.1506477562128844,-0.1558221346284172,0.12949379531369634,0.12495732331853875,0.0893987341772152,0.0013034770395724538,-0.09006610091883704,0.17004709008975652,0.16626835097302833,0.14634146341463414,0.27615258645976803,0.18089410695339814,0.1792433589695367,0.18265619665414817,0.058736059479553904,-0.1521416069482514,-0.18189780316842308,-0.005180612251534766,-0.008193922840559933,-0.010449979892376338
771,0.1563182065623578,0.1502219187435985,0.11417624521072797,-0.1563882282010407,-0.1412369178586571,0.15517347581847904,0.15397746671218845,0.11165444172779136,0.008702218285194685,-0.052709779156346004,0.1966628069849032,0.19221577330146808,0.1811175337186898,0.27417060640413016,0.16179828769925397,0.20249791227525918,0.20245817685216796,0.06790123456790123,-0.10978843463482879,-0.13102224800839046,-0.0011447307438787468,0.003755547968589956,-0.0025218034829366104
772,0.14669251128666813,0.14339364970979857,0.10109717868338558,-0.15169370032050078,-0.1251714677640604,0.1419736969719331,0.1396381017412086,0.09637561779242175,-0.0003715407306217333,-0.05451679077073979,0.1812757764018838,0.17787640833048823,0.16569200779727095,0.22738668007716034,0.15972642333803855,0.18959379864521217,0.1908501194947081,0.0633693972179289,-0.13385036290897623,-0.14568411592341146,-0.0047188143147350314,-0.003755547968589956,-0.00472156089096383
773,0.1435914862101612,0.1413451689996586,0.09355828220858896,-0.11781652595490177,-0.12607782423081404,0.14362652049619887,0.14236940935472858,0.0903954802259887,0.030444337043693648,-0.05254280172050263,0.18718069113604802,0.1812905428473882,0.15799432355723747,0.2816941293742732,0.15335526130836918,0.19180393360486844,0.19631273472174804,0.05153099327856609,-0.1365936173747564,-0.1656736055825202,3.503428603765513e-05,0.001024240355069983,-0.003162801982600258
774,0.14536677044015417,0.14373506316148857,0.11550387596899225,-0.18665983139667341,-0.15249524394445535,0.14491665696489084,0.14441789006486855,0.10983606557377049,0.005553656869446311,-0.07249739103514741,0.18323075533496033,0.1795834755889382,0.1717670286278381,0.265123034859877,0.1640676882823774,0.19139641972124907,0.1908501194947081,0.07604562737642585,-0.1688881294144452,-0.18106590569777947,-0.0004501134752633307,0.0006828269033799794,-0.005667810395221767
775,0.13801616538472125,0.13451689996585867,0.09295352323838081,-0.15962517214538052,-0.13763098713224842,0.13749937531696382,0.13519972686923865,0.0864,0.0111490329920364,-0.04306108300629785,0.17895536391953049,0.17446227381358825,0.14410058027079303,0.31249625770911926,0.2001186704604322,0.18411143669460217,0.18675315807442813,0.0591672753834916,-0.16351116699598833,-0.17703511385139448,-0.0005167900677574278,0.0006828269033799794,-0.006553523238380807
776,0.15218764658458883,0.14919767838852852,0.11588641596316193,-0.14140285536933572,-0.13147587118427595,0.15199005237377267,0.1485148514851485,0.11156351791530944,0.03204581406059148,-0.04650152591833556,0.19744683654550205,0.19767838852850803,0.18129218900675023,0.29179832201998357,0.16989980669225957,0.20291665217510352,0.20450665756230796,0.07083015993907082,-0.13828317414549163,-0.14280578388640142,-0.00019759421081616546,-0.0006828269033800072,-0.004322898047852491
777,0.15124382528889907,0.1505633321952885,0.09828393135725429,-0.16364545091054483,-0.1348377623836683,0.15002439841138526,0.15124615909866848,0.0943089430894309,-0.0656373814110719,-0.07553753520896489,0.19439989905343708,0.1874359849778081,0.1491658488714426,0.23843371742212205,0.16508454044223553,0.20156558436780334,0.20382383065892795,0.05448963929393707,-0.12849950928719422,-0.15878593105037553,-0.0012194268775138073,0.0006828269033799794,-0.003974988267823387
778,0.13971737133673423,0.1410037555479686,0.0913978494623656,-0.1332637516377606,-0.13877039207024555,0.13894485909129203,0.13588255377261865,0.08762057877813505,0.017606389672299882,-0.07292801066393872,0.17965477261076113,0.17514510071696826,0.1442495126705653,0.2755398133137912,0.1745485263459735,0.18611822071001927,0.18846022533287812,0.05405405405405406,-0.13938546038654853,-0.17282679624592157,-0.0007725122454421973,-0.005121201775349943,-0.0037772706842305465
779,0.1401185880409001,0.13485831341754864,0.0913978494623656,-0.160100874444146,-0.14252887329384378,0.1413604267326097,0.13656538067599863,0.08455284552845528,0.01889903602232368,-0.06072087127334147,0.18588607711035604,0.18333902355752818,0.14914914914914915,0.31525502133882466,0.2017464685424366,0.1875047172127469,0.1911915329463981,0.053231939163498096,-0.1416569672008834,-0.15729976254754563,0.0012418386917096014,0.0017070672584499902,-0.0068450039339103125
780,0.15762980642270932,0.15363605326049845,0.12585291887793784,-0.16802732205933146,-0.13465248226950355,0.15669104459431793,0.15431888016387846,0.11912479740680713,0.04817388655922572,-0.03867036694418746,0.19515327805193072,0.19221577330146808,0.19367209971236818,0.3080677331530681,0.17700709219858157,0.2014020246382421,0.20382383065892795,0.0811419984973704,-0.12212284526785355,-0.14820289855072466,-0.0009387618283913934,0.0006828269033800072,-0.0067281214711307075
781,0.1469988883018583,0.14646637077500854,0.10866261398176291,-0.13289547928836964,-0.12569326897727584,0.1426962016314777,0.13758962103106862,0.09854604200323101,0.051345509160913405,-0.03772233268533787,0.18288454845898952,0.1812905428473882,0.17353787152444872,0.2958377588953798,0.18220500804450712,0.18847952014772784,0.1911915329463981,0.06935123042505593,-0.14312890002655332,-0.15388908189135853,-0.004302686670380612,-0.008876749743939927,-0.0101165719785319
782,0.14377222887156912,0.14271082280641859,0.10427606901725431,-0.17038976883111423,-0.15139542866765543,0.14345914990431577,0.1399795151928986,0.091699604743083,-0.034202057171704436,-0.0745940351049258,0.1839973240551574,0.1802663024923182,0.15500945179584122,0.24091836520056376,0.15919844235808922,0.18982587264806866,0.1911915329463981,0.058208955223880594,-0.1244925432784334,-0.15930145447558341,-0.00031307896725335516,-0.002731307613519973,-0.012576464274171306
783,0.14795309529842074,0.14475930351655855,0.11185682326621924,-0.1432274130190797,-0.12886529236092026,0.14795863440335963,0.14578354387162853,0.10443037974683544,0.03156214927048251,-0.042469767203869635,0.19117287238766253,0.18777739842949812,0.17403574788334902,0.26654040404040413,0.1830562140502494,0.19195296149944202,0.19221577330146808,0.06744868035190615,-0.1471555836139169,-0.15467174792731198,5.539104938889761e-06,0.001024240355069983,-0.007426443519383791
784,0.1415670367132571,0.13861386138613863,0.10352941176470588,-0.12793668954996185,-0.12497241403996973,0.14074173579687543,0.13554114032092865,0.09226932668329177,0.044078947368421106,-0.042902743343963046,0.17995877927106635,0.17890064868555822,0.16189536031589338,0.2716819221967963,0.17366999877049882,0.18949613295805165,0.19016729259132809,0.061585835257890686,-0.13500190694126624,-0.1523289709386385,-0.000825300916381666,-0.003072721065209977,-0.011260085081414115
785,0.1485382934744669,0.14373506316148857,0.10186625194401244,-0.16519501232419898,-0.1412899179574767,0.15068779712866942,0.1495390918402185,0.09722222222222222,-0.023454037987530874,-0.0705525820822469,0.19519052576496915,0.19221577330146808,0.16699801192842942,0.3175039872408294,0.1781690182532386,0.20402531548767663,0.2103106862410379,0.06904400606980274,-0.1799894881832681,-0.17779951066727273,0.0021495036542025225,0.005804028678729922,-0.004644029721790219
786,0.1548760657051714,0.15261181290542847,0.10947204968944099,-0.14177018633540373,-0.14736155043430232,0.15470798535346653,0.15295322635711847,0.10401310401310401,0.02437888198757765,-0.07084712114280478,0.19964655532751818,0.199044042335268,0.1708542713567839,0.29200310559006204,0.1872463269150827,0.2030827824165928,0.20655513827244792,0.06216423637759018,-0.15465838509316776,-0.16449164654433912,-0.00016808035170487456,0.0003414134516900036,-0.005458945676336979
787,0.14222884751069265,0.1403209286445886,0.10633484162895927,-0.17860888634630057,-0.15941574118783197,0.14271076660789192,0.14271082280641859,0.10275080906148867,0.01189454614797869,-0.057402592578835954,0.1837654023715212,0.1816319562990782,0.15676728334956183,0.2900934401220442,0.17949460807983253,0.18760370908784135,0.1898258791396381,0.05370650529500756,-0.13241323417238748,-0.1548818234718765,0.00048191909719927373,0.0023898941618299974,-0.003584032567470599
788,0.16212696469618612,0.1594400819392284,0.11877394636015326,-0.1644071009680359,-0.13374185372470115,0.15836397559161705,0.15534312051894844,0.11460855528652139,-0.00994942731169779,-0.05896442989067341,0.19927803660422966,0.19699556162512802,0.18536585365853658,0.26502045533765073,0.18349570193481002,0.20679914281042341,0.21509047456469785,0.07761868877166542,-0.15151626336935187,-0.15866766166937696,-0.00376298910456907,-0.00409696142027996,-0.004165391073631869
789,0.1482201015562031,0.15227039945373846,0.11053024645257654,-0.13137801081435352,-0.1386241338640719,0.14875615098125877,0.1498805052919085,0.10142630744849446,0.04365066360806169,-0.05201852670892915,0.19257268709620592,0.18777739842949812,0.15902712815715622,0.29403207894114014,0.16505786525136368,0.1955548439765374,0.19938545578695802,0.06774668630338733,-0.11934567698945875,-0.15999434861663964,0.000536049425055668,-0.0023898941618299696,-0.009103939004082087
790,0.14386130748037707,0.1406623420962786,0.10433504775900074,-0.1886291389606699,-0.15779178386126125,0.14337302168985255,0.13827244793444862,0.10238645111624327,-0.037084786466988984,-0.0881364709578295,0.19221024286482272,0.18675315807442813,0.1665098777046096,0.30398269978901715,0.17700310719071666,0.18956070884075604,0.19221577330146808,0.06486880466472303,-0.1490261102944913,-0.1701499845376766,-0.0004882857905245119,-0.0023898941618299696,-0.0019485966427574691
791,0.1379422349775811,0.13519972686923865,0.09992429977289932,-0.20405152089557732,-0.16317190291840378,0.13926320205798134,0.1413451689996586,0.104,-0.05500918015685907,-0.08251811594202896,0.18106840716772774,0.1782178217821782,0.16,0.25589796636334516,0.1446756501886044,0.1894574726138814,0.19289860020484806,0.06791044776119402,-0.19972485783446314,-0.18475531070081397,0.0013209670804002482,0.006145442130419954,0.004075700227100673
792,0.1630578734453105,0.16456128371457834,0.12694704049844235,-0.17568110123315173,-0.14374123483407952,0.15699696136809707,0.15466029361556846,0.1098993288590604,0.014867342770984893,-0.03865157436104749,0.19144849302948067,0.1874359849778081,0.16500994035785288,0.2821301631166845,0.17381230442138673,0.2026626838092374,0.20689655172413793,0.07226107226107226,-0.13106343040383772,-0.14716807158863487,-0.006060912077213432,-0.009900990099009882,-0.017047711639381957
793,0.14558113132609687,0.14168658245134857,0.10848708487084871,-0.18743646324334517,-0.15941074965465207,0.1450683599546231,0.14441789006486855,0.1056338028169014,-0.02017507699022769,-0.07275523860889721,0.18722577695525605,0.18299761010583818,0.1649387370405278,0.2870098692984796,0.17145574706550315,0.19367680826224962,0.19562990781836803,0.06944444444444445,-0.18966549588048665,-0.1740409008701691,-0.0005127713714737636,0.002731307613519973,-0.0028532820539473036
794,0.14732874214547048,0.14646637077500854,0.1110299488677867,-0.14768062089838474,-0.16306392475689468,0.1426322631421784,0.13793103448275862,0.10092449922958398,-0.0015507476551496202,-0.08335663220885603,0.18173164349835283,0.17787640833048823,0.143796992481203,0.28350963411345176,0.1793406418227078,0.18855568368045236,0.19528849436667806,0.06199854121079504,-0.13031149800725184,-0.16530920060331833,-0.004696479003292092,-0.008535336292249923,-0.01010544963820273
795,0.14114782290546932,0.13724820757937864,0.09640397857689365,-0.14390611271494913,-0.15292594497747358,0.14041552449578437,0.13758962103106862,0.08964955175224124,0.02702576700317383,-0.06192581327329605,0.1850214491467455,0.18265619665414817,0.1536926147704591,0.3608976313005433,0.19401205714470304,0.19013644534986973,0.19153294639808807,0.05526116578349735,-0.14034320142014378,-0.16885096802570465,-0.000732298409684945,0.00034141345168997583,-0.00675442682465241
796,0.14388481998721595,0.1406623420962786,0.09878419452887538,-0.15446428571428572,-0.14526740378830416,0.14112388526784556,0.1396381017412086,0.09061748195669607,0.0228794642857143,-0.06710776421387354,0.17907523250990584,0.17173096620006828,0.14790076335877864,0.22399553571428565,0.15830916731238276,0.19062450982961848,0.19528849436667806,0.05913173652694611,-0.15524553571428568,-0.16792237178089264,-0.0027609347193703893,-0.001024240355069983,-0.00816671257217931
797,0.15235472495743496,0.1519289860020485,0.11350148367952523,-0.18225644729341073,-0.15898262692000953,0.15209409534485524,0.1498805052919085,0.11023622047244094,0.0019741943289113273,-0.07106424773852626,0.19439494474992466,0.19016729259132809,0.172147001934236,0.2770324394772876,0.19494520722083353,0.19808389140636956,0.20177534994878799,0.0715339233038348,-0.157204159555962,-0.16799989657964898,-0.0002606296125797214,-0.0020484807101399938,-0.0032652632070842846
798,0.1491519110872134,0.14783202458176853,0.10387596899224806,-0.16554558452946144,-0.14396087425669957,0.14529073391955916,0.14236940935472858,0.10065466448445172,0.015076349445844461,-0.06641442333593361,0.18484955135809686,0.1799248890406282,0.15115115115115116,0.3146165938588661,0.18789232012481372,0.19366722329354213,0.19631273472174804,0.05846153846153846,-0.15219726832505198,-0.15536476409798883,-0.003861177167654245,-0.005462615227039946,-0.003221304507796341
799,0.14103070433269435,0.13656538067599863,0.08685258964143426,-0.16673206517103123,-0.13714804437687678,0.1414348141581615,0.14202799590303858,0.08184143222506395,0.04249765418408258,-0.04282707843851696,0.18535886300306006,0.18231478320245817,0.15201654601861428,0.32191987261508714,0.19412559208955793,0.19390667023608296,0.199044042335268,0.05850234009360374,-0.1548636583354659,-0.16820494779560502,0.0004041098254671527,0.005462615227039946,-0.005011157416370315
800,0.14163990680896377,0.1399795151928986,0.10108864696734059,-0.1479481223383663,-0.15077527695824222,0.14133679610932012,0.14168658245134857,0.0951599671862182,-0.0019357336430507743,-0.07415044954477124,0.185994670426137,0.18299761010583818,0.14919354838709678,0.29872241579558656,0.18545904034863026,0.19421475060297888,0.19631273472174804,0.05841660261337433,-0.13983739837398368,-0.1679300890657358,-0.0003031106996436439,0.0017070672584499624,-0.005928679781122381
801,0.1481805535985209,0.14783202458176853,0.09491778774289986,-0.14196378041878888,-0.13842548745598215,0.1473213252633386,0.14441789006486855,0.08668242710795902,0.0030560271646858927,-0.06080301251805953,0.19016478213878488,0.18368043700921816,0.1404494382022472,0.2975664968873798,0.1653146318663241,0.19753499349038464,0.20245817685216796,0.05197657393850659,-0.15265421618562536,-0.16992446279311024,-0.0008592283351822882,-0.0034141345168999804,-0.008235360634940833
802,0.1469257019057081,0.14373506316148857,0.0963020030816641,-0.18516730239969104,-0.14457380529741404,0.14680910303097847,0.1485148514851485,0.0895645028759244,0.011560189122836961,-0.05239425309645629,0.18940806874206803,0.18538750426766815,0.1399014778325123,0.29414692303978185,0.1774856178244505,0.19947647067780422,0.20314100375554797,0.0558530986993114,-0.14725359619377298,-0.15481597776418698,-0.00011659887472964536,0.004779788323659939,-0.0067375002057396965
803,0.13978432268097268,0.13758962103106862,0.10205580029368576,-0.2007270323859881,-0.16728852338608435,0.13998700459354987,0.13622396722430863,0.09392265193370165,0.006844192437471808,-0.06037587988807491,0.1821081983984205,0.17719358142710823,0.15318744053282587,0.31569729015201586,0.1827097095389778,0.18474268213300427,0.1891430522362581,0.06734250543084722,-0.20044004591783482,-0.18867105208568624,0.0002026819125771906,-0.0013656538067599866,-0.008133148359984105
804,0.15002701567986718,0.1495390918402185,0.10314557425018288,-0.1388051550895587,-0.15433610164950817,0.14841264409762941,0.1481734380334585,0.09759876065065841,0.02964540556283679,-0.06912442114126072,0.1889489900928167,0.18299761010583818,0.14675446848541862,0.2733781127129751,0.18651062038348198,0.19519066548689423,0.198702628883578,0.05753823743627094,-0.1362876802096985,-0.1610633395843698,-0.0016143715822377613,-0.0013656538067599866,-0.005546813599524469
805,0.13777041085029848,0.13554114032092865,0.09063444108761329,-0.1790463998699544,-0.1580895840666786,0.13760208502115326,0.13280983270740868,0.08452950558213716,-0.009997256850254543,-0.07872885372753025,0.17701772345620928,0.17412086036189825,0.13994169096209913,0.26951954240198317,0.17635920807687533,0.18411939609242756,0.18846022533287812,0.06047197640117994,-0.18684913692381155,-0.19436877507886074,-0.00016832582914522165,-0.002731307613519973,-0.006104935505476125
806,0.14961176429634557,0.14919767838852852,0.11127596439169139,-0.18992642897566503,-0.15246257994870493,0.14962885199545126,0.14510071696824856,0.10390625,-0.05930956423316347,-0.07592083940914807,0.18989454327502103,0.18811881188118812,0.1704331450094162,0.28466327108092815,0.1694629758500198,0.1934014565543395,0.19528849436667806,0.0668626010286554,-0.19071873231465752,-0.16709555975773793,1.708769910568897e-05,-0.00409696142027996,-0.007369714391691387
807,0.1545753542441746,0.1519289860020485,0.10604929051530994,-0.15117117117117107,-0.1591080158634186,0.1505704894309634,0.15295322635711847,0.09664536741214058,0.022545045045045065,-0.060827252109405316,0.18882872580961343,0.18265619665414817,0.14491362763915547,0.2954504504504505,0.17640217764166144,0.19706990710023034,0.200751109593718,0.057692307692307696,-0.13952702702702702,-0.17379364722896096,-0.00400486481321119,0.001024240355069983,-0.009403923103169357
808,0.1532691261981247,0.1519289860020485,0.1145440844009043,-0.17658452766821564,-0.14741989719584636,0.15038619186508598,0.1502219187435985,0.1079136690647482,-0.0005545358690982605,-0.0615300388601675,0.1870695871862014,0.1799248890406282,0.15958451369216242,0.25957745928847575,0.1554548664089156,0.1987700688239151,0.202116763400478,0.07355126300148589,-0.13407271449213098,-0.16889236177976608,-0.0028829343330387114,-0.0017070672584499902,-0.006630415336156104
809,0.13928532787787767,0.1406623420962786,0.09358490566037736,-0.17673143594291707,-0.1488991981813914,0.13720589163785218,0.13724820757937864,0.0856,0.004394098202047836,-0.06406888968507929,0.18030662247390333,0.17685216797541822,0.14918190567853706,0.3005584202980345,0.17458704488454557,0.18819274092070035,0.1908501194947081,0.05514157973174367,-0.174097080299647,-0.1681274014405555,-0.0020794362400254895,-0.0034141345168999526,-0.007984905660377364
810,0.14160263780564677,0.1399795151928986,0.10574018126888217,-0.12552129441001736,-0.13378710641907754,0.14168205162673192,0.1406623420962786,0.09821428571428571,0.04011611577446661,-0.03004725049536805,0.17826298758974768,0.17514510071696826,0.15935114503816794,0.2852871430044335,0.17743246135205082,0.18222841331681935,0.18572891771935815,0.06384558277654045,-0.14294043822505698,-0.15972207040000497,7.941382108514472e-05,0.0006828269033799794,-0.007525895554596457
811,0.156752782421233,0.15670877432570843,0.09618320610687023,-0.17142016032298646,-0.1478520998504258,0.15864761940079386,0.1614885626493684,0.0984540276647681,0.02417461455194414,-0.05589980857610066,0.20181713543959845,0.19631273472174804,0.14961389961389962,0.2644287030806589,0.16319639162074817,0.20924688741754618,0.21338340730624786,0.055891238670694864,-0.16905956525555133,-0.16374508846574132,0.00189483697956086,0.004779788323659967,0.002270821557897873
812,0.14325702630412693,0.14271082280641859,0.09969088098918083,-0.14850657425802638,-0.1475757922947406,0.1423006456566283,0.1403209286445886,0.0991869918699187,-0.00222743748009524,-0.07460796230061872,0.1832836842331508,0.17890064868555822,0.1579961464354528,0.24883604543593318,0.14429552768174703,0.19358613692879023,0.19733697507681802,0.06202723146747353,-0.19520124660671223,-0.17949921791716894,-0.000956380647498617,-0.0023898941618299974,-0.0005038891192621353
813,0.15140035828805193,0.1498805052919085,0.1100371747211896,-0.1978091349860549,-0.1705802736421419,0.15202638695390522,0.15090474564697848,0.10268562401263823,-0.0008848321147487681,-0.08124436242653199,0.1960395491660851,0.1905087060430181,0.1629913710450623,0.29208256363288265,0.17093169075170844,0.2009686220235775,0.20382383065892795,0.0664179104477612,-0.15835390179915865,-0.16492610204621727,0.0006260286658532899,0.001024240355069983,-0.007351550708551369
814,0.142618668943979,0.1396381017412086,0.09880239520958084,-0.16737927565392352,-0.1622796814666596,0.1420611180620502,0.1403209286445886,0.0946372239747634,0.01149081991951717,-0.08535073484048772,0.1845712626326501,0.18402185046090816,0.14829268292682926,0.3475069164989939,0.18955711854421475,0.18963052519996715,0.19187435984977808,0.06008902077151335,-0.13568913480885314,-0.17585537793010164,-0.0005575508819287978,0.0006828269033799794,-0.0041651712348174386
815,0.14947171628924033,0.15090474564697848,0.11145272867025365,-0.1978095154980668,-0.16888580674988452,0.14721499140974664,0.14236940935472858,0.10024650780608052,0.003424410640905484,-0.07279554172758052,0.19022906779114918,0.1894844656879481,0.1659959758551308,0.3275804499353062,0.182301233272107,0.19437748341808728,0.19528849436667806,0.06264501160092807,-0.12185020622351062,-0.15973435293823646,-0.002256724879493688,-0.008535336292249895,-0.011206220864173125
816,0.14631522178890113,0.14475930351655855,0.10445468509984639,-0.1567741396081055,-0.1491258819493131,0.14371780620869778,0.1399795151928986,0.0966693744922827,0.019356141170137064,-0.06832652137810336,0.18581031112521332,0.1802663024923182,0.1573802541544477,0.2608817117908917,0.16838146452065217,0.19433614591398482,0.19426425401160805,0.05598159509202454,-0.12886149102647493,-0.15140192027526267,-0.0025974155802033494,-0.004779788323659939,-0.0077853106075636835
817,0.14676955433043545,0.14578354387162853,0.11532625189681335,-0.171083454237698,-0.15882008325897834,0.14686165604230736,0.14168658245134857,0.10344827586206896,-0.01359796276145575,-0.07818423103606653,0.1899966384477228,0.1894844656879481,0.17039922103213243,0.23527233708136863,0.1716733392321107,0.19531796173194582,0.19801980198019803,0.06676783004552352,-0.11451910288961431,-0.15882008325897834,9.210171187190586e-05,-0.00409696142027996,-0.011877976034744386
818,0.1431701820572559,0.1396381017412086,0.11192930780559647,-0.1863477800402884,-0.17399920216493614,0.14383147772285526,0.14714919767838852,0.1069182389937107,0.007711946602321662,-0.076986154943266,0.18808610211169405,0.1802663024923182,0.1627469426152399,0.2974121851667859,0.1587781109791654,0.19116760108823128,0.19494708091498805,0.06439674315321983,-0.1481993023217727,-0.16610279134456774,0.0006612956655993596,0.007511095937179912,-0.005011068811885774
819,0.1465707992948453,0.1485148514851485,0.11303692539562923,-0.19242471270313877,-0.16149075822407066,0.14546035827059076,0.14373506316148857,0.1089588377723971,0.006617694957600007,-0.06172298294056988,0.1820101427994867,0.1782178217821782,0.1629913710450623,0.29493384220993457,0.16048706200904572,0.18845978746706632,0.19187435984977808,0.06395786305492852,-0.1464706265543153,-0.16375820766233207,-0.0011104410242545326,-0.004779788323659939,-0.004078087623232141
820,0.15128270446992373,0.14919767838852852,0.11044327573253193,-0.17919822105787442,-0.15194041605561892,0.15154444357625643,0.15090474564697848,0.09728867623604466,-0.001343226803355524,-0.06492042800499698,0.19631750070312906,0.1905087060430181,0.1532567049808429,0.2607389512241993,0.17240681213306275,0.19978213626739613,0.20314100375554797,0.06287425149700598,-0.14260558547040392,-0.15759106463033468,0.0002617391063327035,0.0017070672584499624,-0.013154599496487271
821,0.161635271207464,0.16046432229429838,0.1191391237509608,-0.17432800934943504,-0.13482232697388308,0.1622473059702672,0.16421987026288837,0.11294311624072548,0.01345063411678138,-0.0349893678716412,0.204075443001818,0.200751109593718,0.1833976833976834,0.288999264164827,0.16581101577718627,0.21058964674593952,0.21201775349948787,0.0729483282674772,-0.15573735012768908,-0.15183930863903794,0.0006120347628032208,0.003755547968589984,-0.006196007510235316
822,0.15394211504797434,0.1505633321952885,0.11285266457680251,-0.17186565779436325,-0.14599178610846242,0.15402371265460077,0.15500170706725844,0.10175145954962468,0.018096350178901766,-0.05777942122347446,0.19599742348216515,0.1911915329463981,0.15773809523809523,0.29687760644608674,0.16103306829643094,0.20341600537675827,0.20279959030385797,0.061526479750778816,-0.11985762830040503,-0.15515670713547425,8.159760662643234e-05,0.004438374871969936,-0.011101205027177832
823,0.13510946403961324,0.13110276544895869,0.09665697674418605,-0.1754071990139482,-0.14873961790470336,0.13265235777590537,0.12871287128712872,0.08902532617037605,-0.019818527468089098,-0.06713408990448833,0.17713115971827156,0.17514510071696826,0.15476190476190477,0.28775164864243785,0.16873942253448893,0.17583047484787,0.17548651416865824,0.05667144906743185,-0.17347478813116723,-0.16886152891845496,-0.0024571062637078755,-0.0023898941618299696,-0.007631650573810003
824,0.158472393698477,0.15636736087401842,0.10387596899224806,-0.15286549707602337,-0.1477485076341244,0.15748435516917603,0.15568453397063844,0.10279605263157894,-0.0058771929824561475,-0.06328017827035481,0.1962912088870218,0.19767838852850803,0.1693227091633466,0.3036842105263158,0.17871017071774142,0.20544274784449076,0.2109935131444179,0.06235565819861432,-0.1412280701754386,-0.15802168282701523,-0.0009880385293009608,-0.0006828269033799794,-0.0010799163606691198
825,0.15405298964755357,0.15158757255035848,0.10458991723100075,-0.1347556275464714,-0.13107591715088762,0.15829528855929226,0.1590986684875384,0.10225442834138486,0.06537615845579492,-0.03314751381351322,0.19978063660693493,0.19631273472174804,0.16541353383458646,0.26778844616843744,0.1672117481870916,0.19988100178972032,0.20279959030385797,0.05913173652694611,-0.11541221311679217,-0.13895521397113608,0.00424229891173869,0.007511095937179912,-0.0023354888896158915
826,0.1432240227497339,0.13588255377261865,0.08904109589041095,-0.1556044587959482,-0.14769118339237497,0.14373018317990874,0.14544213041993856,0.09024390243902439,0.047829949425694185,-0.05243763470161267,0.17997107024428902,0.17480368726527826,0.14559386973180077,0.3091575618171363,0.15848093739936087,0.1925159067370661,0.19801980198019803,0.06528189910979229,-0.16399787676383415,-0.1862461911957788,0.0005061604301748457,0.009559576647319906,0.0012028065486134332
827,0.15136923086014334,0.14680778422669855,0.10365398956002983,-0.14899722597091025,-0.15109251596782525,0.1508890973755788,0.15158757255035848,0.09206349206349207,0.028371944819313266,-0.05979266066397715,0.18658883613164776,0.1816319562990782,0.14995313964386128,0.24239016344279496,0.15774896987482134,0.19558866638448053,0.19665414817343804,0.05485544848035582,-0.15202804018593485,-0.16010978562746447,-0.00048013348456454885,0.004779788323659939,-0.01159049749653776
828,0.1442159024111516,0.14168658245134857,0.09772727272727273,-0.19815941895743316,-0.15826136760910148,0.1438413471531106,0.14305223625810856,0.0972668810289389,-0.04228187919463078,-0.07200415554018302,0.18898761818272872,0.18777739842949812,0.15262636273538158,0.3056302289234164,0.19471222388344644,0.19441772346241049,0.19801980198019803,0.058734939759036146,-0.18268088627378876,-0.16734107414267185,-0.00037455525804100387,0.0013656538067599866,-0.00046039169833382576
829,0.15031911843758716,0.14680778422669855,0.09888357256778309,-0.16085568651973792,-0.13122932498882434,0.15205811564216318,0.15090474564697848,0.10388513513513513,0.018138256487816973,-0.05081460916484326,0.19521322919162776,0.1905087060430181,0.1577350859453994,0.2620939888167414,0.17319781348767538,0.20437084739151393,0.20689655172413793,0.06264682850430697,-0.13530434023864413,-0.1576513030452753,0.001738997204576015,0.004096961420279932,0.005001562567352041
830,0.14003746035565168,0.13827244793444862,0.10181818181818182,-0.17482027649769583,-0.1393659412503958,0.13917022058278045,0.13554114032092865,0.08938120702826585,-0.027557603686635956,-0.06569590918138213,0.18568583964614852,0.1819733697507682,0.15731370745170192,0.32392626728110596,0.1821032895962097,0.18447665219489628,0.18777739842949812,0.06258890469416785,-0.1548940092165899,-0.17396853207069018,-0.0008672397728712311,-0.002731307613519973,-0.01243697478991597
831,0.1378453546351236,0.13622396722430863,0.10514198004604758,-0.15079376517810172,-0.13896699122526446,0.13742016031309548,0.13622396722430863,0.1,0.02204022512232562,-0.0447650359394719,0.1818655062432202,0.18094912939569818,0.16716417910447762,0.3180573471020184,0.19925207715023174,0.1841244431915324,0.18846022533287812,0.06102212051868802,-0.13995921279248247,-0.14804669775883483,-0.00042519432202811624,0.0,-0.005141980046047573
832,0.14834021358495575,0.14714919767838852,0.1053864168618267,-0.1205684304437411,-0.1242889388415167,0.14834471957325213,0.14578354387162853,0.1044776119402985,0.03873441383265719,-0.03895693941940681,0.18775880426915753,0.18607033117104813,0.16338582677165353,0.2918516473012298,0.17721745911660491,0.1913276449908946,0.1905087060430181,0.05508145849495733,-0.09932238672812621,-0.13339101877987514,4.505988296377161e-06,-0.0013656538067599866,-0.0009088049215282001
833,0.14255491889513974,0.1389552748378286,0.1,-0.15750523146021533,-0.14741102226403258,0.14239744883406832,0.1389552748378286,0.09273570324574962,0.003778681890762692,-0.07339805777673247,0.18711759401396802,0.1799248890406282,0.15154349859681945,0.3235211555147246,0.17891886661179057,0.19279624746871354,0.19767838852850803,0.05895196506550218,-0.1779316228098956,-0.16311074200376297,-0.0001574700610714186,0.0,-0.007264296754250388
834,0.1468806745609228,0.14236940935472858,0.1035007610350076,-0.16007740721985098,-0.14206552826379537,0.14682701121496242,0.1488562649368385,0.0975609756097561,0.009036870915623663,-0.046934996239411,0.18873120537332644,0.1819733697507682,0.1600771456123433,0.2730955653620777,0.17163872614994857,0.19332711072022363,0.19426425401160805,0.05534495830174375,-0.1269502519954665,-0.1477280599319135,-5.3663345960380804e-05,0.006486855582109929,-0.005939785425251504
835,0.13323154264815062,0.1293956981905087,0.09862385321100918,-0.163151592749345,-0.1399499885605875,0.13461385001605272,0.13519972686923865,0.09554655870445344,0.013285754367662106,-0.057188084064047184,0.17773951642099584,0.17480368726527826,0.14990138067061143,0.301377577029318,0.1933650788638357,0.18322318516753874,0.1888016387845681,0.058025621703089676,-0.11766112237357396,-0.16149075822407066,0.001382307367902097,0.00580402867872995,-0.003077294506555736
836,0.15154193188539167,0.1505633321952885,0.11733535200605602,-0.15873659289019615,-0.14250606361485307,0.14940471803975913,0.15329463980880847,0.11011419249592169,0.07412562327366645,-0.03509919135335926,0.19435386193027626,0.1894844656879481,0.1652003910068426,0.3578236539082398,0.19441233568962202,0.1956947115301326,0.19494708091498805,0.06321401370906321,-0.1144689170283747,-0.1334612743717799,-0.002137213845632535,0.002731307613519973,-0.0072211595101343284
837,0.1545452750713705,0.15124615909866848,0.11821561338289963,-0.1743896015368408,-0.15840041195761168,0.15905335944258844,0.1611471491976784,0.11217183770883055,-0.005778645349197475,-0.05915115050004072,0.21028735836741447,0.20587231136906795,0.17403846153846153,0.3056078422259404,0.18558850559419704,0.20803013159116457,0.2116763400477979,0.07366071428571429,-0.13763400879965293,-0.15727257944104844,0.004508084371217941,0.00990099009900991,-0.0060437756740690796
838,0.14241791008448393,0.14236940935472858,0.10318664643399089,-0.1550961434171586,-0.1270214636414444,0.13956792329566356,0.13588255377261865,0.0944755804643715,0.008514231704860542,-0.049216571698662226,0.18117032975369007,0.17719358142710823,0.15704824976348156,0.31560374347293885,0.16728399718560105,0.18728207591372106,0.1898258791396381,0.0638930163447251,-0.15036257146841447,-0.1585944632703994,-0.002849986788820369,-0.006486855582109929,-0.008711065969619389
839,0.14393681916709022,0.14168658245134857,0.1059001512859304,-0.16904546675111876,-0.13431837004318425,0.14447373130789287,0.14339364970979857,0.10484511517077046,-0.026852461099802993,-0.06323637430244711,0.18861429905507338,0.18436326391259816,0.17096466093600765,0.2728476522544794,0.17596018279336656,0.1876201218745207,0.1888016387845681,0.06254653760238273,-0.15464762806676624,-0.15801236862342982,0.0005369121408026478,0.0017070672584499902,-0.0010550361151599463
840,0.14504479506212561,0.14271082280641859,0.09316303531179564,-0.14077237619263971,-0.14354161757208628,0.14681600320662838,0.14510071696824856,0.09538950715421304,0.018537028623353047,-0.06119333330252885,0.18785356102917644,0.18504609081597814,0.15510597302504817,0.2643889141299409,0.1869795781947673,0.19426469184307224,0.199726869238648,0.06089508437270726,-0.1663243980009087,-0.1796394956080566,0.0017712081445027672,0.0023898941618299696,0.0022264718424174074
841,0.15053696458155874,0.1481734380334585,0.10903659447348768,-0.16502105890724472,-0.15630147540078942,0.14869552505913086,0.14612495732331854,0.09664536741214058,0.01458353366540377,-0.058080977019485114,0.1888895288643997,0.18811881188118812,0.16360116166505323,0.2918495297805642,0.18916372580241891,0.19814437387029704,0.200751109593718,0.06626954579300075,-0.1425082216281709,-0.16081736038383787,-0.001841439522427879,-0.002048480710139966,-0.012391227061347099
842,0.13565475741987398,0.13280983270740868,0.09886792452830188,-0.1587900663031112,-0.14422594226173668,0.13624652319572492,0.13656538067599863,0.0883054892601432,-0.003731021224842146,-0.06739298458348564,0.17991001309727975,0.17582792762034824,0.1482194417709336,0.2637117972458707,0.17892443856149565,0.18434780059615913,0.18846022533287812,0.060178306092124816,-0.1352348071717212,-0.1679537674270789,0.0005917657758509332,0.003755547968589956,-0.010562435268158685
843,0.15107840085048105,0.14646637077500854,0.10719874804381847,-0.1368468313811454,-0.15114441776030418,0.14940192260685364,0.14749061113007852,0.097581317764804,0.024226120519384442,-0.060573415771359995,0.18666368619125534,0.18368043700921816,0.15821501014198783,0.30672585169660194,0.1836243490849072,0.19615268154930415,0.19528849436667806,0.05725490196078432,-0.14716019385423962,-0.1477050126214835,-0.001676478243627405,0.001024240355069983,-0.009617430279014474
844,0.14895623950124073,0.14714919767838852,0.12918287937743192,-0.15005595113363412,-0.1410948231803847,0.1471660900911743,0.1410037555479686,0.115990057995029,0.0003349940485100067,-0.052081697268863025,0.18696253088874407,0.1819733697507682,0.1817258883248731,0.358293953713801,0.20126335340239077,0.19490117657901992,0.19494708091498805,0.07823392718822618,-0.14950356733023995,-0.14794198671204017,-0.001790149410066444,-0.006145442130419926,-0.013192821382402922
845,0.14663322969487788,0.1413451689996586,0.10603715170278638,-0.15581292238240463,-0.14340493279459476,0.14857321770024334,0.14578354387162853,0.10696920583468396,-0.003909766354512345,-0.07730862205890765,0.19421567354541175,0.19016729259132809,0.17582417582417584,0.3523511380932547,0.1882162124482485,0.19954017739673677,0.19938545578695802,0.0703902065799541,-0.1753905447761338,-0.16049880626072066,0.0019399880053654617,0.004438374871969936,0.0009320541318975778
846,0.15327358821522824,0.14919767838852852,0.09022556390977443,-0.17727624951569165,-0.1601856296017734,0.15301091022299604,0.1505633321952885,0.0853462157809984,-0.00993800852382798,-0.060525072242894495,0.19828732582868283,0.19562990781836803,0.15028901734104047,0.32807051530414566,0.17050621981632486,0.20347240994484977,0.20655513827244792,0.05514157973174367,-0.18103448275862066,-0.1737757056052569,-0.000262677992232202,0.0013656538067599866,-0.004879348128776037
847,0.13862191326358317,0.13554114032092865,0.09239130434782608,-0.15397408768608234,-0.14925969664020378,0.13730914402357242,0.1389552748378286,0.08099173553719008,0.007129598693247252,-0.06014061941808457,0.1807261396256974,0.1782178217821782,0.14014014014014015,0.3002413037829009,0.18093790999046833,0.19028830193185886,0.19358142710822807,0.047987616099071206,-0.14207409882318,-0.1538299057285175,-0.0013127692400107527,0.0034141345168999526,-0.011399568810636002
848,0.15081389899167505,0.1519289860020485,0.1038374717832957,-0.18150993185967068,-0.15999313298348672,0.14935938597961393,0.15227039945373846,0.10063897763578275,0.009174544074321833,-0.07277150621202066,0.19402798677296892,0.1891430522362581,0.15840621963070942,0.3308312397202089,0.17983138690534184,0.1981186684496807,0.200751109593718,0.05429864253393665,-0.12623673793988466,-0.1565948877845984,-0.0014545130120611205,0.00034141345168997583,-0.0031984941475129564
849,0.14985334238631356,0.1485148514851485,0.10782865583456426,-0.19409386497818093,-0.16387772790332544,0.14966914173233642,0.1505633321952885,0.10197628458498023,0.016321553863266947,-0.06360023395764092,0.19084925380361573,0.18504609081597814,0.15137180700094607,0.281591369327743,0.17075615638732977,0.19520415814235179,0.199726869238648,0.05925925925925926,-0.14087946721428368,-0.15937087424284513,-0.0001842006539771457,0.0020484807101399938,-0.005852371249584029
850,0.14178137745041847,0.13622396722430863,0.10724852071005918,-0.1691857955026893,-0.1458289376192976,0.14248518357284673,0.13827244793444862,0.10497667185069985,-0.030927585469481933,-0.07170738529026432,0.1823121980362554,0.17616934107203824,0.15940685820203893,0.23852975947901245,0.16076475610534013,0.1837505680145052,0.1891430522362581,0.06510607168983175,-0.1459205042023588,-0.16267474496680523,0.0007038061224282632,0.0020484807101399938,-0.0022718488593593267
851,0.1401777655819402,0.13724820757937864,0.10677466863033873,-0.1400599536721624,-0.15164086605667515,0.13914473673551483,0.13588255377261865,0.09295120061967467,0.02368754014754837,-0.07641021820058347,0.1834624998306191,0.17651075452372825,0.15319548872180452,0.2871858758491814,0.1784757081178172,0.1858688975221224,0.19187435984977808,0.0690406976744186,-0.14269168629435702,-0.17185208488368486,-0.0010330288464253656,-0.0013656538067599866,-0.013823468010664058
852,0.14820101056587154,0.14646637077500854,0.10708782742681047,-0.1904437349786563,-0.13516739883762174,0.1462708212526981,0.1413451689996586,0.09746109746109746,0.017272303332496297,-0.04773663674315798,0.1844077633748612,0.18094912939569818,0.16324535679374388,0.30754923413566737,0.17708532292832002,0.19327429982458302,0.199044042335268,0.07518796992481203,-0.18224880726046566,-0.17150226100674948,-0.0019301893131734305,-0.005121201775349943,-0.00962672996571301
853,0.14869517571201385,0.14919767838852852,0.11413454270597127,-0.16433960017750648,-0.15132002257109511,0.1465393879966157,0.14407647661317857,0.10509554140127389,-0.005379311837733103,-0.07545826279866119,0.18654290902962298,0.18265619665414817,0.1713455953533398,0.2540886017036291,0.1770368480857084,0.19266561561242834,0.19597132127005804,0.0712143928035982,-0.13780021863601433,-0.16377493835462908,-0.0021557877153981497,-0.005121201775349943,-0.009039001304697383
854,0.13946192443966615,0.13758962103106862,0.08928571428571429,-0.19063364692861096,-0.15261059375212482,0.1381973081433383,0.13451689996585867,0.08103855232100708,-0.004205866076369746,-0.07036051444836111,0.17852560335095613,0.17616934107203824,0.13575525812619502,0.2740295675547474,0.18315000395365033,0.18592698899315813,0.1908501194947081,0.057163531114327065,-0.1939540675152186,-0.19542570352668687,-0.0012646162963278473,-0.003072721065209949,-0.008247161964707206
855,0.14631295665840593,0.14919767838852852,0.08929889298892989,-0.19453576546562723,-0.17248904999942982,0.14339741196019698,0.14271082280641859,0.083596214511041,-0.01469321634469134,-0.07430838492846015,0.18067640047478106,0.17890064868555822,0.1346704871060172,0.276066806671871,0.1750930746196352,0.19337166960537874,0.19801980198019803,0.05217391304347826,-0.17964830106250018,-0.20070188478993833,-0.002915544698208955,-0.006486855582109929,-0.005702678477888884
856,0.1428984645488749,0.1410037555479686,0.1008094186902134,-0.16291509393952242,-0.15276371154706458,0.14005863864587062,0.13690679412768864,0.09486780715396578,0.006603686896532235,-0.07079599074863618,0.17430242796473183,0.1686582451348583,0.15207373271889402,0.23700467930503133,0.1548959528196392,0.18405999306097118,0.18504609081597814,0.06327272727272727,-0.12282292152621688,-0.17072923939329543,-0.0028398259030042727,-0.00409696142027996,-0.005941611536247615
857,0.14421395449060265,0.1410037555479686,0.10155670867309118,-0.14780208530208527,-0.14523592902567561,0.14471102101657538,0.14202799590303858,0.1011764705882353,0.03064559314559312,-0.06208335570778711,0.1863870160746839,0.18231478320245817,0.16682027649769585,0.26995920745920754,0.1514164947030079,0.1899608683602176,0.19153294639808807,0.0641399416909621,-0.1451048951048951,-0.17108064775961396,0.000497066525972728,0.001024240355069983,-0.0003802380848558773
858,0.15207461834727767,0.1505633321952885,0.10867924528301887,-0.1686187299234,-0.1517089427391607,0.15003396267858915,0.14646637077500854,0.1021377672209026,-0.02036076105757345,-0.08153827562579641,0.1885244367056238,0.18641174462273813,0.16473988439306358,0.3091178650852484,0.17311333889850922,0.19682385043103218,0.199044042335268,0.05966767371601209,-0.14206078576723502,-0.15057715778571934,-0.0020406556686885235,-0.00409696142027996,-0.00654147806211626
859,0.15082499372334515,0.14714919767838852,0.09640397857689365,-0.15082833904109594,-0.14444645943285828,0.15328091319415177,0.15329463980880847,0.09492635024549918,0.05938570205479454,-0.04795331426844296,0.19273197114852106,0.18709457152611814,0.15324165029469547,0.3070719178082192,0.18363023412615376,0.1985695915796772,0.20382383065892795,0.06485671191553545,-0.14651541095890408,-0.1660155154107864,0.0024559194708066168,0.006145442130419954,-0.0014776283313944621
860,0.14561605774160952,0.14202799590303858,0.1111111111111111,-0.14600470035252644,-0.14229776697146435,0.1473543670690784,0.14646637077500854,0.10577705451586655,0.005200508709039209,-0.06605048305215366,0.19183709424270196,0.19016729259132809,0.17641129032258066,0.3151467372711181,0.2036600585728705,0.19365315792825707,0.19426425401160805,0.06584992343032159,-0.13264365080545604,-0.15367795860121225,0.0017383093274688788,0.004438374871969963,-0.005334056595244552
861,0.15182028854606747,0.1502219187435985,0.10446631339894019,-0.18323666600612787,-0.15374834404288773,0.15364829628092172,0.15363605326049845,0.09716599190283401,0.011577214456655938,-0.05626911314984717,0.19632675653302795,0.1911915329463981,0.15865384615384615,0.3364727985000685,0.1647593755029777,0.20263394431181617,0.202116763400478,0.06278026905829596,-0.18394356965382685,-0.17301749433569802,0.0018280077348542534,0.0034141345168999526,-0.007300321496106182
862,0.15289664290637572,0.15363605326049845,0.12237237237237238,-0.1751189817376868,-0.1502659964093801,0.1473549804588312,0.14475930351655855,0.11505122143420016,0.015539568345323773,-0.07911176413802767,0.18631003028356288,0.18265619665414817,0.17697431018078022,0.2911566131710016,0.1671044681660172,0.19653710916765357,0.19528849436667806,0.06878306878306878,-0.11907028223574989,-0.14010110608490112,-0.005541662447544532,-0.008876749743939899,-0.007321150938172219
863,0.14216392548038312,0.1413451689996586,0.10227272727272728,-0.19328501477598747,-0.14979839738682177,0.1401168623401114,0.1406623420962786,0.10323089046493301,-0.0557658707047175,-0.09202822900572094,0.18109959632513356,0.1785592352338682,0.1619047619047619,0.2815958066394876,0.15604367051312384,0.1881203831811175,0.18846022533287812,0.06626954579300075,-0.174572359196704,-0.17585161057829868,-0.0020470631402717265,-0.0006828269033800072,0.0009581631922057354
864,0.13535029266014875,0.1314441789006487,0.08865514650638617,-0.1889632890054317,-0.15756115045669727,0.13888645989769294,0.1392966882895186,0.07886178861788617,-0.012843775363676091,-0.04327499474705532,0.18282179403854695,0.1806077159440082,0.13636363636363635,0.23612411812449263,0.2034020542103897,0.18517947863205242,0.1888016387845681,0.05118694362017804,-0.1878667977773616,-0.17679743409099347,0.0035361672375441855,0.007852509388869916,-0.009793357888499998
865,0.1538800330139473,0.15363605326049845,0.12005965697240865,-0.1373499845002435,-0.12886529236092026,0.15409457505992752,0.15158757255035848,0.11390416339355852,0.04140447922831347,-0.05256794546897947,0.19819986983272878,0.19801980198019803,0.19868791002811623,0.29842868702972336,0.17856813482131173,0.19441706008701423,0.19494708091498805,0.07290132547864507,-0.13155066004806937,-0.14793962908390546,0.00021454204598023163,-0.002048480710139966,-0.0061554935788501325
866,0.14412831512406582,0.1413451689996586,0.10426179604261795,-0.1482599908420571,-0.1345918730271639,0.14259687674258661,0.13793103448275862,0.0958570268074736,0.015975084079389967,-0.040752184630280075,0.18561669149959478,0.18299761010583818,0.1758454106280193,0.3158207411617956,0.18084515182501226,0.18850529281677653,0.19221577330146808,0.067618332081142,-0.14192245748661836,-0.15381205016869448,-0.0015314383814792054,-0.0034141345168999804,-0.008404769235144355
867,0.13696381547157271,0.13417548651416866,0.10236822001527884,-0.1955213790772351,-0.15614621862577116,0.13492684826034043,0.1300785250938887,0.09732360097323602,-0.029040617430003968,-0.06967645921136634,0.1678953914695562,0.16319562990781836,0.15841584158415842,0.26137119035547296,0.1840440190703736,0.1785109203542068,0.1816319562990782,0.07051762940735183,-0.17599571855106755,-0.18345245844084623,-0.0020369672112322823,-0.00409696142027996,-0.005044619042042828
868,0.1322809384755056,0.1280300443837487,0.08320950965824665,-0.1460971816301765,-0.14649737087817583,0.1306523431614456,0.12564015022191874,0.07740422204847537,0.0017945957032251547,-0.07113924517175285,0.17298009348492557,0.16831683168316833,0.12655800575263662,0.2829308311541814,0.1943013170180352,0.178883429564498,0.18299761010583818,0.05567606652205351,-0.14948127638482966,-0.18811305223843922,-0.001628595314059983,-0.0023898941618299696,-0.005805287609771281
869,0.14384956718976544,0.14339364970979857,0.10771470160116449,-0.13368541905855336,-0.14558514948640044,0.14110677079309056,0.13758962103106862,0.10297482837528604,0.02082663605051671,-0.07517034780711052,0.18134232853806595,0.1795834755889382,0.16982836495031617,0.2526061997703788,0.15283948620201837,0.18146803742233517,0.18231478320245817,0.05631768953068592,-0.16679678530424802,-0.15787979739865732,-0.002742796396674879,-0.00580402867872995,-0.0047398732258784465
870,0.1376542225660578,0.13519972686923865,0.09450038729666925,-0.1806494461443583,-0.1545893403130575,0.13813867261135612,0.13588255377261865,0.08978583196046129,-0.004198391802462176,-0.06657052377585593,0.1828575655649974,0.17924206213724822,0.15239043824701196,0.3149505443677507,0.17348079405287553,0.18987723694312678,0.1905087060430181,0.05683563748079877,-0.1591593728503996,-0.16716345696122914,0.00048445004529831803,0.0006828269033800072,-0.0047145553362079595
871,0.15835779873153788,0.15739160122908843,0.10432190760059612,-0.14359397180649935,-0.14478059843913504,0.15792934518502838,0.15602594742232845,0.103125,-0.00995745045991181,-0.07500603110359205,0.20079273334415382,0.19631273472174804,0.16492890995260664,0.3564218840063349,0.178208124549588,0.20465179713572634,0.20757937862751794,0.061855670103092786,-0.16132823211417668,-0.16278693839669445,-0.00042845354650949963,-0.0013656538067599866,-0.0011969076005961254
872,0.1491287755571435,0.14578354387162853,0.11153262518968134,-0.15977599809621412,-0.14753290058756297,0.14829246569443572,0.14680778422669855,0.10369774919614148,0.01790364770749242,-0.06370951901498523,0.1949543089287252,0.1908501194947081,0.17251461988304093,0.3095801499615213,0.18322963210423016,0.19568005043126377,0.19597132127005804,0.06116207951070336,-0.12071192380250528,-0.13620541659126872,-0.0008363098627077736,0.0010242403550700108,-0.007834875993539853
873,0.14276366458353085,0.1413451689996586,0.10194902548725637,-0.12944631921009875,-0.13300039313971201,0.14151884378189683,0.1399795151928986,0.10023677979479084,0.02894638170228725,-0.05764226743328904,0.18744926374740317,0.18572891771935815,0.17013232514177692,0.28328958880139976,0.17743009484495553,0.18783116166427727,0.1894844656879481,0.05917159763313609,-0.1455193100862393,-0.15324585974740768,-0.0012448208016340168,-0.0013656538067599866,-0.0017122456924655305
874,0.14832389797836423,0.14612495732331854,0.111198738170347,-0.18547581073896868,-0.15114237542868314,0.14661461326380426,0.14373506316148857,0.10327455919395466,-0.01320574162679422,-0.06259552244477173,0.19166874181982976,0.18641174462273813,0.17181069958847736,0.2986283891547049,0.1892455269510288,0.20024750908362143,0.20314100375554797,0.06719367588932806,-0.16401913875598095,-0.14769249803969964,-0.001709284714559972,-0.0023898941618299696,-0.007924178976392346
875,0.1512502134259191,0.14919767838852852,0.10658307210031348,-0.1619415742575755,-0.14313715008642036,0.15266012509005872,0.15261181290542847,0.10215946843853821,-0.0020650217092026413,-0.06071373976717598,0.19632224205197205,0.19699556162512802,0.1658291457286432,0.2736456331976824,0.17854310407618623,0.20169663289513864,0.20348241720723798,0.05809450038729667,-0.1676714421869563,-0.16030869390292968,0.001409911664139618,0.0034141345168999526,-0.004423603661775272
876,0.13931489018164706,0.13724820757937864,0.10755148741418764,-0.16551870198462004,-0.14522787648238877,0.13634798185021102,0.13554114032092865,0.10072522159548751,-0.014922603752579366,-0.06583263567483322,0.17429086675562025,0.1710481392966883,0.16100872938894278,0.23256546210029738,0.17235308674783356,0.1807779279683057,0.18402185046090816,0.06756756756756757,-0.15990913742402346,-0.16904644872465557,-0.0029669083314360356,-0.0017070672584499902,-0.0068262658187001335
877,0.15715354915883292,0.15466029361556846,0.1191553544494721,-0.19033487143158012,-0.15377852627830368,0.15741273656059604,0.15466029361556846,0.10789049919484701,0.022027992111662065,-0.05868845891325636,0.2026159191887189,0.199726869238648,0.18575553416746873,0.32030672614830835,0.17111253721894137,0.20133387204966588,0.20143393649709798,0.07337367624810892,-0.12028757969710313,-0.1492504278323491,0.00025918740176311683,0.0,-0.011264855254625089
878,0.13913148343242698,0.13417548651416866,0.1,-0.13396343170332825,-0.15455455208114555,0.13842717771901625,0.13417548651416866,0.0958036421219319,0.006447703799743576,-0.07877280982444002,0.179217536133364,0.17719358142710823,0.1483996120271581,0.2827026210717074,0.18363561112415216,0.18308228854028497,0.18846022533287812,0.05752212389380531,-0.1361255580274925,-0.1839623923598671,-0.0007043057134107356,0.0,-0.004196357878068102
879,0.14503159616952682,0.14168658245134857,0.10852713178294573,-0.1832898125465493,-0.1392383014196309,0.14395581380892092,0.1389552748378286,0.10040816326530612,-0.039694546890282845,-0.06519913403754996,0.18984866059438826,0.18641174462273813,0.18031189083820662,0.2578853384302008,0.16147462456297512,0.19482305846182982,0.19699556162512802,0.0736196319018405,-0.18594772121571057,-0.1551851990096177,-0.0010757823606059036,-0.002731307613519973,-0.008118968517639616
880,0.15142820247571642,0.14919767838852852,0.09597523219814241,-0.16452858696841288,-0.13774569031956518,0.14857287825696364,0.14680778422669855,0.08852459016393442,0.024222396066621354,-0.055808310585380716,0.18938972188571787,0.18607033117104813,0.14944834503510532,0.3423872322068078,0.1979699627579966,0.1983129670920087,0.20109252304540798,0.05194805194805195,-0.15376216022077782,-0.15709201609013657,-0.002855324218752786,-0.0023898941618299696,-0.007450642034207991
881,0.14461499452358753,0.14271082280641859,0.0997697620874904,-0.17716696946609622,-0.13896699122526446,0.1433531504232958,0.1403209286445886,0.08631921824104234,0.018336459004864247,-0.05384474247304227,0.1826234633729415,0.17787640833048823,0.14883268482490272,0.3176756725077653,0.1731479208662169,0.1894907668605667,0.18846022533287812,0.05198776758409786,-0.14624479868721796,-0.14464180780874603,-0.0012618441002917313,-0.0023898941618299974,-0.01345054384644806
882,0.15503876276573378,0.15329463980880847,0.1085972850678733,-0.1585376556414897,-0.1295500222627297,0.1513628568980653,0.14680778422669855,0.0889423076923077,0.0192913169875486,-0.04171801854325485,0.19382967657950767,0.1888016387845681,0.15311909262759923,0.30031813943283425,0.17223173410674797,0.19798002499623138,0.199044042335268,0.053504144687264506,-0.09895233393670122,-0.13067607359246658,-0.003675905867668472,-0.006486855582109929,-0.01965497737556561
883,0.14160835738420452,0.14271082280641859,0.09384384384384384,-0.16693730400518425,-0.14187779690613234,0.14637783362337328,0.14714919767838852,0.08865814696485623,-0.015949601865163032,-0.05168719475702477,0.19514678525676177,0.19289860020484806,0.15413891531874405,0.22475251580993816,0.17491669314260805,0.19521810027016195,0.19767838852850803,0.05029585798816568,-0.15579399781007208,-0.16442544744340926,0.004769476239168763,0.004438374871969936,-0.0051856968789876084
884,0.14469943810927277,0.14441789006486855,0.11067809820732658,-0.1557798336604056,-0.1312648526246376,0.14488457345490485,0.14236940935472858,0.10033167495854063,0.04614522007289046,-0.04355691587971089,0.1848514952493558,0.18368043700921816,0.16500994035785288,0.3463414634146341,0.18425590683438464,0.1897198103026339,0.19426425401160805,0.06636155606407322,-0.16333052985702268,-0.16315864780461098,0.00018513534563208145,-0.002048480710139966,-0.010346423248785944
885,0.15207386923703511,0.1505633321952885,0.11764705882352941,-0.17399836928708357,-0.12873974546348432,0.15285426677629504,0.14783202458176853,0.11471321695760599,0.0019299660846409106,-0.046593161866443245,0.19101610824102866,0.1908501194947081,0.16834677419354838,0.29931822321684143,0.19414196506377435,0.19824350524498746,0.200409696142028,0.0721489526764934,-0.1211823536044827,-0.14471269227402006,0.0007803975392599305,-0.002731307613519973,-0.0029338418659234228
886,0.13238951716308697,0.12666439057698872,0.08112206216830932,-0.18639127594351468,-0.15336103748111074,0.1337953220380198,0.1314441789006487,0.07830342577487764,0.017387808432584473,-0.04790175143062403,0.17595506991388613,0.17343803345851827,0.12861415752741776,0.32906176189758274,0.20497374092699483,0.18393413053267046,0.1905087060430181,0.05337286879169755,-0.16724458515503293,-0.1873801620135258,0.0014058048749328311,0.004779788323659967,-0.0028186363934316755
887,0.15533441068783962,0.1519289860020485,0.10899390243902439,-0.16326903977837015,-0.12953728858795344,0.15416925764176956,0.15227039945373846,0.10828025477707007,-0.009087718512212795,-0.06626308814704085,0.19488125690653005,0.1894844656879481,0.17647058823529413,0.2977366577805656,0.1619759920148226,0.2006340255353363,0.20314100375554797,0.07286245353159851,-0.15832941299461611,-0.16682387099063412,-0.0011651530460700665,0.00034141345168997583,-0.0007136476619543225
888,0.15181874460403566,0.1498805052919085,0.1015748031496063,-0.14998940685981488,-0.14387853513214,0.14923367468427415,0.1485148514851485,0.09833333333333333,-0.02064527356784529,-0.06358562921742139,0.1839967573772936,0.1812905428473882,0.15191146881287726,0.2867657629709218,0.17270492247446478,0.20081478870451022,0.20382383065892795,0.060109289617486336,-0.15844878595046952,-0.15649599177588147,-0.0025850699197615123,-0.0013656538067599866,-0.0032414698162729766
889,0.16272114635589657,0.1597814953909184,0.10119940029985007,-0.14668390261429232,-0.1506566191719788,0.16253732943395133,0.16285421645612838,0.09409888357256778,0.022169151819538047,-0.06033891951100934,0.19941655586097554,0.19221577330146808,0.1471698113207547,0.2647117404922399,0.15868150216684174,0.20846472361107454,0.2109935131444179,0.05630630630630631,-0.11350730705241863,-0.1483986766804546,-0.00018381692194524568,0.003072721065209977,-0.007100516727282291
890,0.14342812881210612,0.14441789006486855,0.10284463894967177,-0.18981504770528368,-0.1643809878190784,0.14020374347105424,0.13656538067599863,0.09273570324574962,-0.027097271827892122,-0.07795379151531578,0.17874737207945973,0.17480368726527826,0.15083798882681565,0.29558271989983853,0.16898105506686312,0.1836464983153384,0.1874359849778081,0.059593023255813955,-0.15284694624701667,-0.1699931434232187,-0.0032243853410518775,-0.007852509388869916,-0.010108935703922156
891,0.14247549418332542,0.13827244793444862,0.10060975609756098,-0.17025941790460675,-0.14354702918198814,0.14387959450734622,0.14441789006486855,0.09539473684210527,0.02828990044656976,-0.03473300399905899,0.18944467398455975,0.18538750426766815,0.15856031128404668,0.3131903380813761,0.17836112865084375,0.19217710938113391,0.19426425401160805,0.06315789473684211,-0.15036660179878802,-0.16394965890378732,0.0014041003240208016,0.006145442130419926,-0.005215019255455713
892,0.14980475903607599,0.15090474564697848,0.108003108003108,-0.1927111350188273,-0.14716807158863487,0.14880615575412906,0.1488562649368385,0.10147299509001637,-0.027453315914854337,-0.07291994190660134,0.18961743837544834,0.18572891771935815,0.1575274177467597,0.2922654268808116,0.17723914117594208,0.20018036565940828,0.20109252304540798,0.05900383141762452,-0.16675632060247447,-0.1677290921159672,-0.0009986032819469248,-0.002048480710139966,-0.006530112913091635
893,0.1482881149567756,0.14441789006486855,0.08805513016845329,-0.1264916759932848,-0.14237188117535338,0.14743508234473965,0.14510071696824856,0.07944307944307945,0.05115416899832126,-0.04589999925616828,0.18447786936225277,0.18094912939569818,0.13980582524271845,0.29861849468382773,0.17087799423282435,0.19556513994079405,0.19767838852850803,0.050566037735849056,-0.12033610800223837,-0.16393618419258293,-0.0008530326120359533,0.0006828269033800072,-0.00861205072537384
894,0.1545972683732873,0.1519289860020485,0.10429447852760736,-0.1536565722850688,-0.14574271314365173,0.15674783858700617,0.15397746671218845,0.1016949152542373,0.006785930007979113,-0.0718717413972888,0.19849683774406243,0.19631273472174804,0.16297010607521698,0.28332935623149713,0.1576965092606386,0.2054592291394889,0.2109935131444179,0.0710506424792139,-0.14751008568168766,-0.16733576642335768,0.0021505702137188665,0.002048480710139966,-0.002599563273370062
895,0.14805179445082117,0.1485148514851485,0.10422740524781342,-0.18876032941309195,-0.16457544220939213,0.14848114767983647,0.1488562649368385,0.09631949882537197,0.01045632738246327,-0.05796405937802618,0.1865822440911114,0.18402185046090816,0.16296296296296298,0.28477451561045775,0.1631142818617537,0.19073718044291457,0.19426425401160805,0.06163886874546773,-0.15553698846490116,-0.1724310177864402,0.00042935322901530015,0.0003414134516900036,-0.00790790642244145
896,0.13718854680501455,0.1314441789006487,0.09056603773584905,-0.15667027019049484,-0.14702845823638966,0.1367644746220959,0.13588255377261865,0.08713029576338929,-0.0038298202050687236,-0.06336415773796289,0.18693820735861805,0.18265619665414817,0.15369836695485112,0.25455021750279494,0.17406155989270733,0.18958467425104272,0.19153294639808807,0.061664190193164936,-0.15397869616390747,-0.1707710299994566,-0.00042407218291865,0.004438374871969963,-0.0034357419724597577
897,0.14528288399118086,0.1413451689996586,0.10889570552147239,-0.16745244485937683,-0.14668462094100387,0.1436443677268394,0.1410037555479686,0.10556464811783961,0.00802116155132837,-0.05347263416582926,0.1799475316847439,0.1782178217821782,0.1655306718597858,0.2680884583965457,0.1681900173117199,0.19068934918332966,0.1908501194947081,0.06732976281560826,-0.14269654179795388,-0.15009481557912008,-0.001638516264341472,-0.0003414134516900036,-0.0033310574036327784
898,0.15123333430441038,0.1485148514851485,0.10993176648976498,-0.18438423259983994,-0.1477280599319135,0.14827607223025693,0.1498805052919085,0.10391686650679456,-0.026840603081193737,-0.07071762924550706,0.19279502373005009,0.1911915329463981,0.17221693625118933,0.32401072661375563,0.15578363747921775,0.19755011086634763,0.19562990781836803,0.05873379099923722,-0.1655845783867157,-0.13866800926292455,-0.0029572620741534494,0.0013656538067599866,-0.0060148999829704175
899,0.14511752599416938,0.14202799590303858,0.11069558713537771,-0.19765814694068962,-0.16247204754080136,0.1441190569814555,0.1399795151928986,0.09863672814755413,-0.014405875812197988,-0.06067567734522672,0.1887513211467251,0.18504609081597814,0.16287878787878787,0.2417513218308207,0.15535884162538138,0.19045419767180827,0.19221577330146808,0.06315789473684211,-0.15999258715762876,-0.15455455208114555,-0.0009984690127138873,-0.002048480710139966,-0.012058858987823579
900,0.14279388949571212,0.13724820757937864,0.10153846153846154,-0.16664362224213713,-0.14213769475684912,0.14130372667362368,0.13519972686923865,0.09441707717569786,0.011838006230529663,-0.048925707981674504,0.18500726438583323,0.18368043700921816,0.15857284440039643,0.3142286519011651,0.1886511851404168,0.19047377154868247,0.19460566746329805,0.061933534743202415,-0.1699312934750139,-0.1694192518617782,-0.0014901628220884422,-0.0020484807101399938,-0.007121384362763675
901,0.15707722707028962,0.15329463980880847,0.12445095168374817,-0.22045968372872382,-0.18490269730725373,0.15806547861575723,0.15841584158415842,0.11553473848555816,-0.04889658245497319,-0.08897905901952463,0.19761212208146334,0.19221577330146808,0.16920152091254753,0.32550560897929515,0.16945050766153358,0.20429196484625928,0.20450665756230796,0.0658682634730539,-0.1295537663223043,-0.15104729555864338,0.000988251545467611,0.005121201775349943,-0.008916213198190012
902,0.14951226358284003,0.1485148514851485,0.09496753246753246,-0.1503885433017461,-0.1288190245105143,0.14858557078404278,0.14544213041993856,0.08950086058519793,0.004993249746461759,-0.047894960982251544,0.18505497555848904,0.1816319562990782,0.1504149377593361,0.30823789314574734,0.18100453299769137,0.19638388524914946,0.20177534994878799,0.062352012628255724,-0.15686103521113115,-0.1692810562746455,-0.0009266927987972573,-0.003072721065209949,-0.005466671882334531
903,0.14142216057803336,0.13315124615909868,0.08943089430894309,-0.17721907097961054,-0.16088547925117413,0.14387863015906555,0.1396381017412086,0.08774703557312254,-0.00631716948516392,-0.06177360963783096,0.192667158536773,0.1898258791396381,0.15648854961832062,0.26245592518779703,0.18262725065870877,0.19337275285063085,0.19767838852850803,0.06367583212735166,-0.19490362131520467,-0.19354734537375318,0.0024564695810321835,0.006486855582109929,-0.0016838587358205537
904,0.13328059400009362,0.13110276544895869,0.09800918836140889,-0.15850351132424523,-0.12834044030805436,0.13238955788114484,0.1304199385455787,0.09283387622149837,-0.014663944617067104,-0.04009841329568076,0.17544566487416846,0.17343803345851827,0.15151515151515152,0.2822889164286868,0.19181973462145507,0.17918923289174263,0.1812905428473882,0.059443190368698266,-0.1424047033185456,-0.15436052519631838,-0.0008910361189487792,-0.0006828269033799794,-0.005175312139910515
905,0.1460878159491671,0.14544213041993856,0.10765731614859743,-0.15421827817834477,-0.13558337705179935,0.14423581659880785,0.1389552748378286,0.10254372019077901,-0.00578665187650218,-0.06668800929699781,0.18661341450490296,0.18675315807442813,0.18003913894324852,0.2936710420903432,0.19985800365600492,0.19153603214429582,0.19528849436667806,0.07561156412157154,-0.16845997411721203,-0.1694663448000624,-0.0018519993503592347,-0.006486855582109957,-0.00511359595781842
906,0.14507574108853796,0.14441789006486855,0.0962904498816101,-0.15734453617312294,-0.1490343078159534,0.1429318837656126,0.1406623420962786,0.09015025041736227,0.008970232505965958,-0.06970752963632709,0.1812319431296553,0.17890064868555822,0.1496881496881497,0.3320704809151881,0.20161304500703237,0.19305570077857886,0.19665414817343804,0.060795011691348405,-0.121668050738443,-0.16742892304601165,-0.002143857322925352,-0.003755547968589956,-0.006140199464247834
907,0.14750880202140804,0.14680778422669855,0.10574712643678161,-0.16870345546619003,-0.15537738586250227,0.14805785446870973,0.1505633321952885,0.10032894736842106,0.019567322013702704,-0.05402404046944009,0.18662636544087285,0.18504609081597814,0.15579357351509251,0.2877774054215073,0.16120946828661353,0.1945352175099919,0.200068282690338,0.0649546827794562,-0.12782804587429253,-0.1770146169014707,0.00054905244730169,0.003755547968589956,-0.0054181790683605485
908,0.14469627075839497,0.14168658245134857,0.09984871406959153,-0.1836735692236947,-0.13617830546925092,0.14896824461654,0.14919767838852852,0.0991207034372502,-0.03805945689448531,-0.056037628840558185,0.1950955464132924,0.1908501194947081,0.15930902111324377,0.2585352490252768,0.17986943334812844,0.19410908023798165,0.19801980198019803,0.05934718100890208,-0.1788794474040808,-0.1655255955022933,0.0042719738581450395,0.00751109593717994,-0.0007280106323413332
909,0.13668466916441763,0.13519972686923865,0.10804597701149425,-0.16693811074918563,-0.14593754004469806,0.13828980511007227,0.13690679412768864,0.0914380714879468,0.040770901194354,-0.03004287051565313,0.18569161211749152,0.18436326391259816,0.173,0.3109663409337676,0.20061024629215185,0.18382068313199584,0.18299761010583818,0.053405572755417956,-0.13297502714440823,-0.1311666507909962,0.0016051359456546455,0.0017070672584499902,-0.016607905523547448
910,0.14006930719184824,0.13827244793444862,0.1105223315669947,-0.18855311355311355,-0.15562897911660523,0.13922883249435328,0.13554114032092865,0.10128617363344052,-0.027464564421086135,-0.06831322615007307,0.18107400822262185,0.1782178217821782,0.15856031128404668,0.314508679726071,0.17662447048331553,0.187242218919592,0.1908501194947081,0.06726457399103139,-0.165782767956681,-0.17490648301830702,-0.0008404746974949584,-0.002731307613519973,-0.009236157933554187
911,0.13843228138359856,0.13519972686923865,0.10262345679012345,-0.14626593806921673,-0.15744858185230104,0.1355967418875984,0.13280983270740868,0.09201954397394137,-0.031693989071038264,-0.07977361541571215,0.17821965470424103,0.17582792762034824,0.15947843530591777,0.24593579234972673,0.1840928146850529,0.18702004164490227,0.18846022533287812,0.05823754789272031,-0.1515710382513662,-0.1677290921159672,-0.0028355394960001556,-0.0023898941618299696,-0.010603912816182087
912,0.13567522637187626,0.1317855923523387,0.08771929824561403,-0.18003391866586582,-0.14241354975299925,0.13487223291763448,0.12905428473881872,0.08003233629749394,-0.03433911599477091,-0.058536072007824846,0.1717244569513448,0.1707067258449983,0.15088757396449703,0.2595484577606614,0.19422984065668758,0.17923343714311799,0.1812905428473882,0.05952380952380952,-0.18873617637706253,-0.17981837090963115,-0.0008029934542417849,-0.002731307613519973,-0.0076869619481200885
913,0.14373026081793763,0.1403209286445886,0.10053313023610053,-0.15262484632724338,-0.1540841522731785,0.14431376973352777,0.13656538067599863,0.0889423076923077,-0.021079187504781438,-0.08024617828072267,0.19186014770680335,0.19153294639808807,0.15646940822467403,0.33165205107539797,0.20488199821322217,0.1974560731232386,0.20416524411061795,0.07035928143712575,-0.1619083710065098,-0.1802114353782014,0.0005835089155901418,-0.003755547968589956,-0.01159082254379283
914,0.1555175474598459,0.15329463980880847,0.11228334589299171,-0.16482436747727836,-0.13902938281758992,0.15113333650191965,0.15124615909866848,0.10284810126582279,-0.01728076639646281,-0.06796168543427328,0.1938334031507795,0.18846022533287812,0.1615598885793872,0.2449029722426922,0.14298528933842836,0.2020409090483366,0.20587231136906795,0.06468401486988848,-0.14454679439941043,-0.1593344392128232,-0.004384210957926238,-0.0020484807101399938,-0.009435244627168923
915,0.1420442359216522,0.14202799590303858,0.10796723752792256,-0.14688481373843132,-0.12926741491816862,0.14091033128793706,0.13349265961078866,0.10272373540856031,-0.005498998207915773,-0.06421394541102532,0.18676152719167352,0.18094912939569818,0.17890772128060264,0.3406829559381438,0.18590542872850846,0.18603592898448668,0.1911915329463981,0.0728862973760933,-0.16764768643624506,-0.16179414967174033,-0.001133904633715127,-0.008535336292249923,-0.005243502119362253
916,0.15019822444227768,0.14646637077500854,0.11259259259259259,-0.16424324389209433,-0.1472860794178089,0.148118845596222,0.14373506316148857,0.10739299610894941,0.0042573282864253326,-0.07423291569377033,0.1945322340938558,0.19153294639808807,0.17691579943235572,0.2992053520698458,0.18201510475362703,0.19350510294442452,0.19460566746329805,0.06513693560325684,-0.15230351869783376,-0.14840997424433267,-0.0020793788460556906,-0.002731307613519973,-0.005199596483643182
917,0.1448560732149481,0.14168658245134857,0.10220588235294117,-0.18736017897091717,-0.16131346268234137,0.1446062006805181,0.14680778422669855,0.10377358490566038,0.017897091722595126,-0.06235450079088933,0.1843408127975166,0.1812905428473882,0.15877437325905291,0.2343400447427293,0.15692956249130574,0.1915300128012598,0.19289860020484806,0.06836363636363636,-0.17058165548098436,-0.17818146755020248,-0.0002498725344299846,0.0051212017753499706,0.0015677025527192079
918,0.1407957867683897,0.13554114032092865,0.09332321699544764,-0.16922668252997286,-0.16354486722520423,0.14335925063950886,0.14612495732331854,0.09113300492610837,0.029233005404374013,-0.04984612480408546,0.1807615462363376,0.17924206213724822,0.14091350826044705,0.2893781322079365,0.165044498371829,0.19074864678683306,0.19324001365653806,0.05714285714285714,-0.156195575110323,-0.17718871631573851,0.002563463871119165,0.01058381700238989,-0.0021902120693392674
919,0.1512544554297935,0.1502219187435985,0.11733931240657698,-0.18922764076245246,-0.1579783519122231,0.14926376884186968,0.14646637077500854,0.10857592446892211,-0.038225041154255845,-0.08229086718212075,0.19104247232365423,0.19016729259132809,0.17675312199807877,0.28383959896015665,0.17753184159285706,0.19586176616702464,0.199044042335268,0.0687593423019432,-0.15022234471251605,-0.1579783519122231,-0.0019906865879238123,-0.003755547968589956,-0.008763387937654868
920,0.14904169788041205,0.14305223625810856,0.09948032665181886,-0.18894286197079468,-0.15319710018720367,0.14795602877649427,0.14373506316148857,0.09561128526645768,-0.037694885961366165,-0.07324745577588698,0.19010186773698154,0.18607033117104813,0.16822429906542055,0.2639904003490783,0.1587191181499057,0.19760187385693284,0.19801980198019803,0.07252747252747253,-0.12083624766586032,-0.17346602412246725,-0.0010856691039177746,0.0006828269033800072,-0.003869041385361177
921,0.14151028608560023,0.13793103448275862,0.10172143974960876,-0.1710066747986575,-0.13972902063794557,0.1417605470668029,0.13622396722430863,0.096826688364524,-0.02967482138663069,-0.08371704647790823,0.1886362869314444,0.18675315807442813,0.16633266533066132,0.27939638909303055,0.18033940313369634,0.19512410049689274,0.19938545578695802,0.06774441878367975,-0.15858518512906383,-0.16373415242081868,0.0002502609812026768,-0.0017070672584499902,-0.0048947513850847585
922,0.1589476356746497,0.15705018777739843,0.11127819548872181,-0.1836947165482713,-0.13869377018582119,0.1583790729704533,0.15568453397063844,0.10366826156299841,-0.003692225318700726,-0.05302970841924759,0.2008904559957936,0.19767838852850803,0.17029328287606432,0.2852141806736359,0.16902055694937057,0.20524076545602685,0.20655513827244792,0.06556141672946496,-0.15928438501023445,-0.13531229406345635,-0.0005685627041963903,-0.0013656538067599866,-0.0076099339257234
923,0.14872398340092244,0.14714919767838852,0.09200603318250378,-0.1444533541141968,-0.1509666010804579,0.1496835709616477,0.1481734380334585,0.08778930566640064,0.008973041347142052,-0.0683811142611851,0.19496258584364193,0.19153294639808807,0.14829268292682926,0.3034081369127618,0.18955711854421475,0.19928567891353888,0.20177534994878799,0.05650557620817844,-0.15244382202244489,-0.17246145381424116,0.0009595875607252558,0.001024240355069983,-0.004216727516103136
924,0.1364716754648048,0.13485831341754864,0.09021986353297953,-0.15664777859899814,-0.1374465636430675,0.13660174065678965,0.13383407306247866,0.08207171314741035,-0.004653581889354275,-0.06513319171059595,0.18016605941994673,0.1782178217821782,0.1468599033816425,0.3095282089184529,0.18344402430727502,0.18375767406405655,0.18641174462273813,0.058388765705838876,-0.17028345788508392,-0.1758630424821931,0.00013006519198485722,-0.001024240355069983,-0.00814815038556918
925,0.1490902569977793,0.14544213041993856,0.09335324869305452,-0.17805969221089435,-0.1572365094048721,0.1491706461290125,0.14441789006486855,0.08740157480314961,-0.01694778852027856,-0.0793216157878508,0.19262641708817835,0.1874359849778081,0.1440677966101695,0.2662481846880955,0.15555226641998154,0.19701406142928984,0.199044042335268,0.04892512972572276,-0.17749086399701497,-0.16852852297255627,8.038913123320501e-05,-0.0010242403550700108,-0.005951673889904904
926,0.14368569850078805,0.1403209286445886,0.10281797410510282,-0.17490641966923892,-0.16164409274203573,0.14497939127224682,0.14202799590303858,0.09120258272800645,-0.01941669886844888,-0.07743067468190157,0.19214739420658059,0.1891430522362581,0.16372549019607843,0.2967540603519947,0.17179552200957648,0.1950631510950649,0.19494708091498805,0.06439393939393939,-0.12819431921529145,-0.1696102268828592,0.001293692771458771,0.0017070672584499902,-0.01161539137709637
927,0.14843685172310445,0.14510071696824856,0.10574018126888217,-0.18766658676464798,-0.14496344529449812,0.14997472832667164,0.1485148514851485,0.09562398703403566,0.014827787298441142,-0.04323070440925214,0.19296382283964675,0.1898258791396381,0.14825581395348839,0.3445899774246982,0.18510278068874397,0.1969333848087392,0.200068282690338,0.06597479614529281,-0.151238421660841,-0.17322253998484416,0.0015378766035671898,0.0034141345168999526,-0.010116194234846512
928,0.1442064366715494,0.14407647661317857,0.11252653927813164,-0.16680048992923246,-0.16982384375410642,0.14190180917353035,0.13793103448275862,0.10553892215568862,0.0034839412084920474,-0.0840532240559495,0.18760140773777736,0.18333902355752818,0.167262969588551,0.2682634730538922,0.15877788106350776,0.1874942971076052,0.19289860020484806,0.06803685329553508,-0.1477442841589548,-0.16759603545025814,-0.002304627498019046,-0.006145442130419954,-0.006987617122443016
929,0.14483414956743262,0.14407647661317857,0.11413843888070692,-0.15379159360852723,-0.1544213654949661,0.1455165113989055,0.14749061113007852,0.11180124223602485,0.015639890239432575,-0.07577827028141437,0.19192193626289622,0.1888016387845681,0.16821561338289961,0.29146581869694,0.1623979609367714,0.19222823197707217,0.19358142710822807,0.06346863468634686,-0.15346865186682124,-0.15105094712867106,0.000682361831472883,0.0034141345168999526,-0.0023371966446820713
930,0.14477308566626151,0.14339364970979857,0.10454545454545454,-0.16971434349184,-0.15543583601478883,0.1441039739305081,0.14441789006486855,0.09799196787148594,-0.0035519821445958444,-0.07036950657812213,0.18687330933377544,0.18470467736428817,0.15627996164908917,0.2720252851696787,0.15874247403796693,0.19351933269319754,0.199726869238648,0.06816479400749063,-0.14643266400533272,-0.17244910190212215,-0.0006691117357534027,0.001024240355069983,-0.0065534866739686
931,0.15583404753745933,0.15568453397063844,0.10626911314984709,-0.14048304636539932,-0.12315962221076959,0.15440239452149804,0.15739160122908843,0.10795454545454546,0.014986973810503179,-0.03732277058183653,0.1896548200729524,0.18538750426766815,0.17847025495750707,0.27342069695010873,0.15806901009981378,0.19810102645864056,0.200068282690338,0.06906906906906907,-0.15027717380658556,-0.1502659964093801,-0.0014316530159612928,0.0017070672584499902,0.0016854323046983644
932,0.14790806849292215,0.1488562649368385,0.0960960960960961,-0.16449498956772168,-0.15213521731685076,0.14746096809201809,0.14578354387162853,0.09011857707509881,-0.027641129624731864,-0.07643215607504461,0.1833854846639906,0.1806077159440082,0.1492822966507177,0.25364248141291257,0.17214505994282647,0.19230458962115496,0.19801980198019803,0.058522311631309436,-0.18913867583531696,-0.19168159259242112,-0.0004471004009040658,-0.003072721065209977,-0.005977519020997288
933,0.1529771629496197,0.15261181290542847,0.10497667185069985,-0.1726581140041178,-0.14412982478019587,0.15327038544769792,0.15158757255035848,0.10452674897119342,0.006009409910880836,-0.06306665835255976,0.19129536231526162,0.1888016387845681,0.1510574018126888,0.29616876890715704,0.1903984535761053,0.19729727536083433,0.19801980198019803,0.05731990704879938,-0.13349289053731628,-0.14983849847228292,0.0002932224980782272,-0.001024240355069983,-0.0004499228795064314
934,0.14544106125253314,0.14305223625810856,0.12003117692907249,-0.13271521386031404,-0.14354693527981144,0.1461364968152748,0.14612495732331854,0.1106523534269199,0.015504076562947833,-0.06128317169016295,0.1864203969571103,0.18470467736428817,0.1771037181996086,0.24334771808019373,0.15465920773266406,0.19322507910012754,0.19221577330146808,0.07193119624706802,-0.10478836905633937,-0.1389767261914976,0.0006954355627416531,0.003072721065209977,-0.009378823502152592
935,0.13906001607459623,0.14236940935472858,0.10240963855421686,-0.16745343150510306,-0.15322921715769822,0.13741813205615078,0.13827244793444862,0.09367493995196156,0.020284626022729957,-0.06385588210670434,0.17449210238806406,0.1693410720382383,0.138328530259366,0.31456042894779535,0.17145618992629197,0.18180272303853223,0.18402185046090816,0.0549777117384844,-0.202027303701529,-0.17359276185286132,-0.0016418840184454497,-0.00409696142027996,-0.0087346986022553
936,0.14869065120973748,0.14578354387162853,0.0924812030075188,-0.1809866080467416,-0.1536177588543678,0.14910725117696433,0.14646637077500854,0.08406026962727994,-0.02994388684811855,-0.07559019083060736,0.1922665953858308,0.19016729259132809,0.13640730067243034,0.25088942238162737,0.1731933593900783,0.19904412861509574,0.202116763400478,0.0472972972972973,-0.15760853845486367,-0.15587942749273764,0.0004165999672268439,0.0006828269033800072,-0.00842093338023886
937,0.14781343243041445,0.14714919767838852,0.10474006116207951,-0.14592786433950333,-0.12223126734505085,0.14858758046630915,0.14510071696824856,0.0966183574879227,-0.004373434486511507,-0.047703977798334796,0.19186750308887934,0.18709457152611814,0.15911282545805208,0.2776610728318889,0.18378230033919207,0.19509935654509986,0.198702628883578,0.06357516828721017,-0.14144239310493834,-0.15497810669133516,0.0007741480358947062,-0.002048480710139966,-0.008121703674156808
938,0.15003832300967526,0.14919767838852852,0.10641509433962264,-0.16452048959000698,-0.14329272054668074,0.14698539288559137,0.14339364970979857,0.09435483870967742,0.01722755738326287,-0.04727128469505859,0.18881550545048068,0.18368043700921816,0.15946205571565802,0.32556595008167655,0.17753184159285706,0.194204845072923,0.19733697507681802,0.055639097744360905,-0.14162085285801018,-0.14894104030265864,-0.0030529301240838913,-0.00580402867872995,-0.012060255629945213
939,0.14674640443486617,0.14749061113007852,0.10727969348659004,-0.16183076225045379,-0.13654881440319555,0.1460835788325393,0.14271082280641859,0.09902597402597403,0.020969449485783387,-0.05378690990665502,0.18893016150464598,0.18607033117104813,0.1606969990319458,0.3072746521476104,0.17182430920035263,0.19311297661711704,0.19426425401160805,0.05167173252279635,-0.1418481548699334,-0.149019786313633,-0.0006628256023268608,-0.004779788323659939,-0.00825371946061601
940,0.14364382185449553,0.14202799590303858,0.1048136645962733,-0.18476986302383303,-0.15496736251433785,0.14384801587378002,0.1410037555479686,0.09803921568627451,-0.03195432401540288,-0.08173791213203352,0.184255006757114,0.1812905428473882,0.1519364448857994,0.27885173800302576,0.16655569307046703,0.1937925178459402,0.19801980198019803,0.06360153256704981,-0.14535453634140838,-0.17441893527213737,0.00020419401928448155,-0.001024240355069983,-0.006774448909998787
941,0.15218753056672327,0.1485148514851485,0.11225238444607484,-0.18818102194115371,-0.1535497281200776,0.1530754895804017,0.1502219187435985,0.10806577916992952,0.04247758380095601,-0.05705602469791715,0.19701278055994495,0.19358142710822807,0.18029739776951673,0.2841958374157537,0.168469956556202,0.19680456171953667,0.20279959030385797,0.06954612005856516,-0.12546762269528822,-0.15691578754178082,0.000887959013678441,0.0017070672584499902,-0.004186605276145325
942,0.14893907299659379,0.14646637077500854,0.10405904059040591,-0.14674646482426812,-0.1408816257797849,0.14462741763509224,0.1406623420962786,0.09252120277563608,-0.020396937158950856,-0.07585165907612235,0.18511951755879902,0.1819733697507682,0.1615881809787627,0.2288696238925072,0.16408649393394314,0.1930525399581603,0.19392284055991807,0.06359649122807018,-0.11126268849380971,-0.1554573079719851,-0.0043116553615015485,-0.00580402867872995,-0.01153783781476983
943,0.13536607732224085,0.13349265961078866,0.08878856282919488,-0.18736608576349356,-0.15811361299847726,0.13399360540583666,0.12905428473881872,0.08,-0.041965145809615634,-0.06866467237127905,0.17746322813491625,0.17480368726527826,0.1436893203883495,0.29832151093207226,0.18043364329939937,0.18554407857028124,0.1905087060430181,0.054491899852724596,-0.1973377703826955,-0.19094930006415756,-0.0013724719164041888,-0.004438374871969936,-0.00878856282919488
944,0.15683728115956114,0.15431888016387846,0.11380880121396054,-0.17688779842613356,-0.15882008325897834,0.15645108873200045,0.15363605326049845,0.11387329591018444,-0.017593494789649,-0.07818423103606653,0.1970376038761417,0.19392284055991807,0.177734375,0.2915820449307177,0.1750804879175859,0.20513266448494022,0.20826220553089791,0.07715582450832073,-0.1540252554304654,-0.16336294817294517,-0.0003861924275606887,-0.0006828269033800072,6.449469622389625e-05
945,0.14699964847591368,0.14475930351655855,0.09491268033409264,-0.14872686083138087,-0.12774879593134925,0.14589025574627149,0.14339364970979857,0.09429477020602219,-0.00017456204322929825,-0.06570556805702521,0.18667291509494158,0.18436326391259816,0.15421002838221382,0.27850792123760615,0.16554646311090981,0.1944602357162272,0.19938545578695802,0.06263817243920412,-0.15796507207472799,-0.17287114347631216,-0.0011093927296421946,-0.0013656538067599866,-0.0006179101280704563
946,0.14384590338447717,0.14373506316148857,0.11086637298091043,-0.17710999814505657,-0.17195644149132527,0.1448491314703799,0.14544213041993856,0.0998439937597504,-0.00014221232919064963,-0.08183708625569097,0.1840386466928344,0.18231478320245817,0.15572232645403378,0.28668768935880784,0.16148517288052178,0.1922616532371954,0.19460566746329805,0.06505847953216375,-0.15912941321956342,-0.17871539313399776,0.0010032280859027243,0.0017070672584499902,-0.011022379221160034
947,0.14549919790742025,0.14271082280641859,0.1044776119402985,-0.13519910888331943,-0.15182882049276625,0.14503251885194463,0.1403209286445886,0.09731012658227849,0.017877184543851232,-0.06613067864274536,0.18642658628309183,0.18265619665414817,0.16301239275500476,0.31869657308253807,0.17630485422244524,0.1923602697683937,0.19494708091498805,0.05716406829992576,-0.11533463287849255,-0.15972207040000497,-0.0004666790554756217,-0.0023898941618299974,-0.007167485358020018
948,0.1397517315786754,0.13724820757937864,0.10120845921450151,-0.19194136308624388,-0.1515144770553264,0.13970835398497294,0.1413451689996586,0.09871589085072231,0.00855778113564265,-0.06321655735921106,0.18085726066674276,0.17548651416865824,0.1553672316384181,0.25241694655504554,0.14507597115470217,0.18568704559383103,0.1891430522362581,0.058646616541353384,-0.15087833628141134,-0.15830662472425827,-4.3377593702459416e-05,0.00409696142027996,-0.0024925683637792018
949,0.14894554098394125,0.14783202458176853,0.09923076923076923,-0.17835967455344615,-0.16392350864578498,0.14815400043521,0.14510071696824856,0.08559670781893004,-0.01185074347704107,-0.06678325868448254,0.1912429040034156,0.18811881188118812,0.1557128412537917,0.3213878238099691,0.19149552356556865,0.20103975045135924,0.20484807101399796,0.06505295007564296,-0.1839820443280651,-0.1890656909887103,-0.0007915405487312621,-0.002731307613519973,-0.01363406141183919
950,0.14733122112447367,0.14680778422669855,0.09757942511346444,-0.15374563549311082,-0.12874947684581106,0.14529991175799956,0.14168658245134857,0.09409888357256778,0.0009931213280646167,-0.05211785125187718,0.18540905763521243,0.18436326391259816,0.1571969696969697,0.278993915825127,0.17101541150693023,0.1945754976374474,0.199044042335268,0.06217616580310881,-0.14240314453574188,-0.1614306112902829,-0.00203130936647411,-0.0051212017753499706,-0.0034805415408966645
951,0.14323103912254928,0.1399795151928986,0.10682492581602374,-0.16697379197379192,-0.14318663760731587,0.1461144693270796,0.14373506316148857,0.10859375,-0.01155603095258273,-0.06679048797129405,0.1910629086062986,0.1874359849778081,0.16587225929456625,0.2561831031658618,0.19273172623342716,0.1892731776736208,0.19460566746329805,0.06866325785244703,-0.1592585924482477,-0.16677956617138145,0.0028834302045303295,0.003755547968589956,0.001768824183976267
952,0.14150867167963285,0.1413451689996586,0.10194902548725637,-0.2013922171889736,-0.17037059974731839,0.13887834305767124,0.13315124615909868,0.09322709163346614,-0.029896723922017254,-0.08078690514529197,0.18495083000076284,0.18299761010583818,0.15033947623666344,0.31075586339110406,0.17322255803007403,0.1882721161359604,0.1905087060430181,0.05543071161048689,-0.1387888251573105,-0.17150457056506552,-0.0026303286219616084,-0.00819392284055992,-0.008721933853790234
953,0.14294872504647477,0.1413451689996586,0.11406844106463879,-0.16167929292929295,-0.13758849038188303,0.14199246355680054,0.1392966882895186,0.10185933710590138,0.03362603305785128,-0.04936496954571856,0.182083154307223,0.17890064868555822,0.16423712342079688,0.33231749311294767,0.18589775268405384,0.18557094010222075,0.18846022533287812,0.06475903614457831,-0.11598943985307619,-0.15229241052124387,-0.0009562614896742316,-0.0020484807101399938,-0.012209103958737408
954,0.142695324515282,0.1392966882895186,0.09402332361516035,-0.19317437442683094,-0.17480786657663028,0.1422643333301809,0.1403209286445886,0.08597986057319908,-0.04023647320843704,-0.08372064029018011,0.18759989390792098,0.18402185046090816,0.14392523364485982,0.2980643259530984,0.1648012980963076,0.19071655200631962,0.19392284055991807,0.05712219812002892,-0.17624132058168474,-0.1871777368130617,-0.0004309911851010928,0.001024240355069983,-0.008043463041961268
955,0.1496669333342921,0.14646637077500854,0.11392405063291139,-0.1635026737967914,-0.15148388033700488,0.15167844190769736,0.1519289860020485,0.11189913317572892,0.009024064171122892,-0.06810708761812112,0.19341882628120496,0.1911915329463981,0.1669811320754717,0.3066844919786096,0.16737601614196962,0.19652902300360287,0.200409696142028,0.06848306332842416,-0.15952540106951874,-0.16838458156380565,0.002011508573405263,0.005462615227039946,-0.0020249174571824735
956,0.14118114676698462,0.13793103448275862,0.09728506787330317,-0.18300350299359402,-0.14815905689177378,0.13795481841125667,0.13554114032092865,0.08974358974358974,-0.04504696244400086,-0.05997236177181042,0.18291832610229278,0.17924206213724822,0.1497584541062802,0.26318507250219814,0.18084515182501226,0.18708103543359658,0.1898258791396381,0.05093632958801498,-0.16346489330523495,-0.15833444479023107,-0.0032263283557279476,-0.0023898941618299696,-0.007541478129713425
957,0.15012955578103787,0.1488562649368385,0.10808709175738725,-0.16517600262604026,-0.14034435241113963,0.15136326892101787,0.15158757255035848,0.10781893004115227,0.022396647936820502,-0.05935774375535763,0.1947082115426088,0.1905087060430181,0.16911045943304007,0.25900287705883485,0.15964829655323642,0.1985816583294591,0.19938545578695802,0.06191950464396285,-0.13169785089497776,-0.14718829117078325,0.0012337131399799972,0.002731307613519973,-0.000268161716234977
958,0.13960727708613063,0.13827244793444862,0.09819494584837545,-0.1718980665857791,-0.1496108826089395,0.13969789898713275,0.13827244793444862,0.09567198177676538,-0.035231187056980695,-0.07372080095767741,0.1790838410347144,0.17480368726527826,0.15049864007252947,0.2951602664032186,0.16510975012129447,0.18072161998819133,0.18402185046090816,0.056509298998569386,-0.13651662390642072,-0.1641192805716808,9.06219010021192e-05,0.0,-0.0025229640716100676
959,0.14139527170040697,0.13827244793444862,0.10266159695817491,-0.17572338461946624,-0.13758849038188303,0.14382305930038683,0.14339364970979857,0.1031426269137792,0.0013947503567414143,-0.0538892526655218,0.18577593490214736,0.18368043700921816,0.15555555555555556,0.26921145438730476,0.17911132800434892,0.18879037602450555,0.19187435984977808,0.05526512322628827,-0.1849332850729496,-0.16473418910070292,0.002427787599979858,0.005121201775349943,0.00048102995560429795
960,0.14905950356123296,0.14680778422669855,0.11443932411674347,-0.11376385547106471,-0.1294089261934921,0.1486329242192345,0.14510071696824856,0.10679611650485436,0.02311650122353348,-0.0546475318179499,0.18889030655004307,0.18333902355752818,0.17348927875243664,0.3272853949545679,0.18322963210423016,0.19280480040356046,0.19324001365653806,0.06468797564687975,-0.09552611940935685,-0.14300190698904525,-0.0004265793419984676,-0.0017070672584499902,-0.007643207611889108
961,0.13844717949070265,0.13622396722430863,0.09274495138369485,-0.15866355866355863,-0.1354491885516209,0.1363050818181047,0.13485831341754864,0.09090909090909091,-0.0006364006364006913,-0.0668526354223189,0.17927604944796144,0.17582792762034824,0.15843429636533085,0.2712102712102712,0.16142769712273541,0.18101876851356466,0.18470467736428817,0.05547445255474453,-0.16458726458726458,-0.17255879926091544,-0.002142097672597959,-0.0013656538067599866,-0.0018358604746039342
962,0.1348573243071176,0.13076135199726868,0.08258258258258258,-0.20764286353502381,-0.16339137818237492,0.13198562200606925,0.12461590986684876,0.07631785995279308,-0.05067681928010859,-0.09429372580497986,0.17990504854831987,0.17514510071696826,0.1401151631477927,0.2993899093813106,0.16510565771015928,0.18843832846299235,0.19187435984977808,0.04903417533432392,-0.17237589052608648,-0.179249855777187,-0.0028717023010483567,-0.006145442130419926,-0.006264722629789499
963,0.1485022652146348,0.14305223625810856,0.09069400630914827,-0.13343004049150853,-0.12357859948868244,0.15164504924309022,0.15227039945373846,0.08430717863105175,0.009408646801096987,-0.043657167799463825,0.19495353470595828,0.1894844656879481,0.15124378109452735,0.2878865056603216,0.1766976367150963,0.20236094300645546,0.20655513827244792,0.05778120184899846,-0.13955175124851893,-0.15783064164120464,0.0031427840284554143,0.009218163195629903,-0.006386827678096521
964,0.15567353440336804,0.15158757255035848,0.11326609775019394,-0.20381058205786196,-0.1666315763089956,0.15801215823960246,0.15534312051894844,0.1055694098088113,-0.01573496873403435,-0.06796125021931465,0.2047553357381931,0.20382383065892795,0.1750255885363357,0.2884821971455601,0.19133518810938166,0.2102632200460955,0.2113349265961079,0.06982156710628394,-0.15685044203606613,-0.1666315763089956,0.002338623836234427,0.003755547968589956,-0.007696687941382646
965,0.15324186386454458,0.14749061113007852,0.11152976639035418,-0.200003885003885,-0.15678811060090259,0.1534319509674709,0.15261181290542847,0.10475423045930701,0.020345765345765376,-0.05939256590927078,0.19392491923613134,0.19426425401160805,0.1715686274509804,0.3146464646464646,0.1908913338215502,0.1987115936695171,0.202116763400478,0.060948081264108354,-0.16075757575757577,-0.1590531232681497,0.0001900871029263118,0.005121201775349943,-0.006775535931047169
966,0.14654174188803615,0.14168658245134857,0.09937888198757763,-0.1688826960772737,-0.15782874395893576,0.14562539768166946,0.14578354387162853,0.09966777408637874,0.03144360736524732,-0.06164449525219884,0.18647740772029894,0.18333902355752818,0.15115115115115116,0.27397090428169946,0.17309087361543318,0.19713060928884737,0.20245817685216796,0.0633693972179289,-0.1538526635650127,-0.16469904743798836,-0.0009163442063666871,0.00409696142027996,0.0002888920988011051
967,0.13981806698181487,0.13861386138613863,0.10037735849056603,-0.18279920842594932,-0.1582822617588432,0.13677556945501762,0.13110276544895869,0.08633093525179857,-0.0154450728266885,-0.07440478401366868,0.178391749479978,0.17480368726527826,0.15406976744186046,0.304851673653902,0.1738272109348884,0.18504311520923314,0.18846022533287812,0.05488721804511278,-0.15135758701218316,-0.16394965890378732,-0.00304249752679725,-0.00751109593717994,-0.014046423238767466
968,0.14902035371031805,0.14441789006486855,0.1027190332326284,-0.16681153094338907,-0.16657980941036332,0.15032183239211752,0.1519289860020485,0.09740259740259741,0.01896646613402153,-0.06207067699027202,0.19229550354628888,0.1888016387845681,0.15856031128404668,0.2623422465982198,0.1696669644629739,0.20025114382919743,0.20348241720723798,0.06646751306945482,-0.17495492759949138,-0.18361934187016082,0.0013014786817994728,0.00751109593717994,-0.005316435830030997
969,0.1399831789353391,0.13724820757937864,0.09850746268656717,-0.18073641670408613,-0.15649566010751093,0.138552131474126,0.1392966882895186,0.09456264775413711,-0.004719180684604973,-0.07635498347881842,0.17756975742625095,0.17343803345851827,0.15,0.2826974888604884,0.15955207870986832,0.18594954991781174,0.18572891771935815,0.05821665438467207,-0.17592656557631858,-0.1756842728214233,-0.0014310474612130863,0.002048480710139966,-0.003944814932430055
970,0.14953737095992214,0.14749061113007852,0.1196319018404908,-0.15847216261558272,-0.1448013177944133,0.1500828261645935,0.15090474564697848,0.11639344262295082,0.027137060590690876,-0.049358648770493896,0.19714677905944875,0.19358142710822807,0.17705242334322452,0.3272443525418438,0.18811180153901963,0.19890141901606415,0.20177534994878799,0.07750759878419453,-0.135720416682923,-0.1584359847978304,0.0005454552046713634,0.0034141345168999526,-0.003238459217539985
971,0.137101151286119,0.13519972686923865,0.09280742459396751,-0.19169720343447316,-0.16930067389833903,0.13383502270096162,0.12905428473881872,0.08374384236453201,-0.008999534738857728,-0.08329408522684567,0.1712678049894194,0.16968248548992831,0.13232323232323231,0.25349618755022707,0.17816594433449406,0.18475344836408975,0.18641174462273813,0.04949729311678268,-0.1618089814626118,-0.16930067389833903,-0.003266128585157374,-0.006145442130419926,-0.009063582229435499
972,0.13781539163876824,0.13451689996585867,0.1018867924528302,-0.14692126376527093,-0.15452309793365526,0.13651837770141612,0.13315124615909868,0.0944,0.04391874307553889,-0.06958512291188346,0.18210501335172607,0.1802663024923182,0.16195121951219513,0.272340449262754,0.18522880215343207,0.18320845100171215,0.18675315807442813,0.06502242152466367,-0.1355930312967053,-0.16924568027076237,-0.0012970139373521261,-0.0013656538067599866,-0.007486792452830196
973,0.14412216731440242,0.1413451689996586,0.11331861662987491,-0.21561202955275405,-0.16484433209480975,0.14285818962490449,0.1389552748378286,0.10358255451713395,-0.06151156645119327,-0.08042329473500431,0.18714414837663992,0.18504609081597814,0.1701923076923077,0.2944501731548933,0.19422648014222943,0.1869931549087777,0.19153294639808807,0.06828193832599119,-0.1423824782770995,-0.16822117358920197,-0.0012639776894979304,-0.0023898941618299974,-0.009736062112740959
974,0.1551249858578878,0.1519289860020485,0.09645061728395062,-0.17874315206427172,-0.14701772802182334,0.1510479729271632,0.14714919767838852,0.09775641025641026,-0.037528648163131506,-0.09233001169506228,0.18768285950905392,0.18607033117104813,0.15240904621435594,0.2785991538321708,0.17085462312747557,0.20403449611527805,0.20860361898258792,0.06456456456456457,-0.1910542880463646,-0.18803351526689416,-0.0040770129307245995,-0.004779788323659967,0.0013057929724596407
975,0.15706943976129623,0.15739160122908843,0.1088,-0.1645151070438845,-0.1342611904758163,0.15572815005410165,0.15602594742232845,0.10118043844856661,-0.0028731969687589842,-0.060587552044612636,0.19416666238271665,0.1911915329463981,0.16463414634146342,0.3368468393012559,0.17194486925387398,0.20555024780811507,0.20826220553089791,0.06635071090047394,-0.1354990950704098,-0.15267960008361725,-0.0013412897071945762,-0.0013656538067599866,-0.007619561551433382
976,0.14736358849719086,0.14646637077500854,0.10711610486891386,-0.1640089903905001,-0.16114837342803945,0.14337204032153106,0.1399795151928986,0.09651898734177215,-0.005282830092618096,-0.08082550268600708,0.17980312823088782,0.17719358142710823,0.14990512333965844,0.26857815945348074,0.15674918542422966,0.19267864243754318,0.19597132127005804,0.05514157973174367,-0.13734826055102511,-0.16906752969838068,-0.003991548175659804,-0.006486855582109929,-0.010597117527141708
977,0.1478741564695321,0.14612495732331854,0.10429447852760736,-0.16200245205851238,-0.13916358999704082,0.1489582704925975,0.14475930351655855,0.09893704006541292,0.015648251270484526,-0.04725175807848492,0.1861502644941076,0.18299761010583818,0.15680473372781065,0.3135377963293994,0.18990346255087542,0.19531414518350015,0.19699556162512802,0.06475903614457831,-0.14891856732398057,-0.1663967253803167,0.0010841140230654078,-0.0013656538067599866,-0.0053574384621944415
978,0.15407660093929598,0.15261181290542847,0.10384894698620188,-0.16949940808388297,-0.1627703587647037,0.15462229673888928,0.15397746671218845,0.09800918836140889,-0.02579063081346189,-0.08320746171830051,0.19827731002775273,0.19562990781836803,0.16358595194085027,0.24545492981566042,0.16780787544218279,0.2036995381331192,0.20518948446568794,0.06204906204906205,-0.1619736174530696,-0.17285579641847315,0.0005456957995932932,0.0013656538067599866,-0.005839758624792996
979,0.15127896929847284,0.1502219187435985,0.11724137931034483,-0.1812417806877641,-0.15821962313190385,0.15277790303166247,0.15466029361556846,0.1111111111111111,-0.03505973866084666,-0.06591270641482372,0.19364506004106663,0.1891430522362581,0.17092337917485265,0.2594383353386124,0.16884315585330578,0.20058383347713546,0.20348241720723798,0.06302843966179862,-0.15839838831528574,-0.15366125687427024,0.001498933733189628,0.004438374871969963,-0.006130268199233721
980,0.1487990011649106,0.14475930351655855,0.10898379970544919,-0.16166443605467995,-0.15999434861663964,0.146670279406783,0.14510071696824856,0.11007025761124122,-0.004361345824760443,-0.07338874146149688,0.19016906146730284,0.18607033117104813,0.16744186046511628,0.28442300393519904,0.15830937638213183,0.1962013326068266,0.199044042335268,0.07174231332357248,-0.186565723151089,-0.1689923337756155,-0.0021287217581275886,0.0003414134516900036,0.0010864579057920237
981,0.1561856894402242,0.15636736087401842,0.10960960960960961,-0.17164198250301443,-0.14094808760073085,0.15460949026433368,0.15090474564697848,0.10522151898734178,0.02179426565071274,-0.06430129549379682,0.19843722706172587,0.19324001365653806,0.16809933142311365,0.36263546969547034,0.1802921440239197,0.2024997326153248,0.20416524411061795,0.06203288490284006,-0.13701451729357483,-0.1477110398454604,-0.0015761991758905247,-0.005462615227039946,-0.004388090622267832
982,0.1449346344094364,0.14339364970979857,0.10705973622963538,-0.1897382653868953,-0.15515862603241248,0.1449898938187523,0.1413451689996586,0.10197368421052631,-0.008079569678694831,-0.07165161000112452,0.1864275821263029,0.18333902355752818,0.16067864271457086,0.32917113077158133,0.17314977946045906,0.1951917665522429,0.200068282690338,0.06384615384615384,-0.17608638825378953,-0.1677418750234284,5.5259409315888686e-05,-0.002048480710139966,-0.005086052019109069
983,0.14678536156940508,0.14441789006486855,0.09694258016405667,-0.1296998043410813,-0.13163006290696389,0.14750159532257998,0.1495390918402185,0.09350237717908082,0.06382318603020432,-0.04294166697323076,0.1874626184088836,0.18265619665414817,0.14856081708449395,0.286506708177682,0.16474634882095418,0.192039147177928,0.19733697507681802,0.060805860805860805,-0.10162068711968908,-0.1585733730640474,0.0007162337531748941,0.005121201775349943,-0.003440202984975854
984,0.14329578379269975,0.14168658245134857,0.09616888193901485,-0.14324775695831182,-0.13613768161127393,0.141263583543521,0.13690679412768864,0.0912828947368421,0.005998716553667682,-0.06420839309097714,0.17933038187877995,0.17446227381358825,0.152324431256182,0.2913961265430254,0.16984722828459187,0.19107107125152004,0.19562990781836803,0.06092916984006093,-0.16304950037267774,-0.1749566627174658,-0.002032200249178745,-0.004779788323659939,-0.004885987202172745
985,0.15262837933667403,0.15158757255035848,0.11665387567152724,-0.15674701350109566,-0.14743273815901237,0.15036523610530955,0.1502219187435985,0.10336341263330599,0.04965717113168866,-0.05190423174687464,0.19422050388793596,0.19187435984977808,0.15748031496062992,0.31334087321222404,0.17895632541579132,0.1989377876404408,0.198702628883578,0.06060606060606061,-0.08639051860229496,-0.129236832175748,-0.0022631432313644784,-0.0013656538067599866,-0.013290463038221248
986,0.1520298545633903,0.1519289860020485,0.11005135730007337,-0.16284328314941154,-0.15077524792254626,0.1508116732267936,0.1485148514851485,0.10804597701149425,-0.017726069226755348,-0.08573355185794918,0.19379519270703305,0.19392284055991807,0.16820702402957485,0.2979475484606614,0.164340555424898,0.19865590754061246,0.20245817685216796,0.06367583212735166,-0.18210385945925045,-0.17208201042646598,-0.0012181813365967076,-0.0034141345168999804,-0.00200538028857912
987,0.13899287766592225,0.13485831341754864,0.09805389221556886,-0.17868755092250643,-0.14731839197434393,0.1386793553107785,0.13690679412768864,0.08643933386201427,-0.01415740860599879,-0.06274785725392873,0.18458420582853907,0.1812905428473882,0.16270218839200762,0.30174107380812787,0.1740496399632342,0.18725423539074124,0.18811881188118812,0.05505952380952381,-0.1723941002231072,-0.15633924901118834,-0.00031352235514375826,0.0020484807101399938,-0.011614558353554585
988,0.1515054508976968,0.14544213041993856,0.11069277108433735,-0.1840132326271946,-0.14201918842568073,0.154666078836041,0.15739160122908843,0.10685805422647528,-0.01266864624643782,-0.05850919744577543,0.19462019429932212,0.1898258791396381,0.16135084427767354,0.2240100440423285,0.15365132017884875,0.20180056709628733,0.20826220553089791,0.0712166172106825,-0.1530281591900995,-0.16458945625808752,0.003160627938344207,0.011949470809149876,-0.003834716857862075
989,0.1438182722510415,0.14168658245134857,0.10022107590272661,-0.19135213013687158,-0.16445761348457233,0.14438082066635083,0.14236940935472858,0.09083728278041074,0.016239187370513775,-0.061986942478518325,0.19023264582924904,0.18811881188118812,0.15463917525773196,0.31835061678756704,0.16209727213911618,0.19380653529540354,0.198361215431888,0.06186317321688501,-0.18136737531621183,-0.18360048609009882,0.0005625484153093385,0.0006828269033800072,-0.009383793122315867
990,0.15079264143327537,0.14919767838852852,0.11303692539562923,-0.16187080625144612,-0.1418220150909898,0.1519284247960382,0.15261181290542847,0.10728582866293035,0.012252581981868182,-0.05378014499186268,0.1966128769509117,0.1898258791396381,0.15654648956356737,0.2943354157464084,0.16632453025595506,0.20056074951133748,0.20109252304540798,0.06212574850299401,-0.1587261521633958,-0.1519806924101198,0.001135783362762821,0.0034141345168999526,-0.005751096732698885
991,0.13892748489706758,0.1389552748378286,0.10970149253731343,-0.17855240440318454,-0.14531474087904572,0.13807158377440767,0.13724820757937864,0.09832134292565947,0.035326622021311205,-0.04509617253246545,0.18103989799755965,0.17890064868555822,0.16159695817490494,0.3005830426410816,0.17898804208516905,0.18140367611894476,0.17924206213724822,0.06157270029673591,-0.1420775220791387,-0.15432315151694065,-0.0008559011226599023,-0.0017070672584499624,-0.011380149611653956
992,0.1489069812411328,0.14475930351655855,0.11935730680948738,-0.18063197948225107,-0.14632720474556948,0.14524376710121997,0.13827244793444862,0.11138211382113822,-0.0262937374376645,-0.05887705515170749,0.18514207938011162,0.1819733697507682,0.17588932806324112,0.30067956253284034,0.1887090826594865,0.19015935406874868,0.19358142710822807,0.06738131699846861,-0.12585091816145033,-0.14519148851707775,-0.0036632141399128293,-0.006486855582109929,-0.007975192988349158
993,0.13882266646995267,0.13315124615909868,0.09770992366412214,-0.1568961149113821,-0.142217437998849,0.137360549963427,0.13588255377261865,0.0934199837530463,0.02410326456127987,-0.052653185187524265,0.17942575287897555,0.17309662000682827,0.15028901734104047,0.2981652218293439,0.16615568560469918,0.18606767596917057,0.18811881188118812,0.057750759878419454,-0.11706486897326596,-0.149019786313633,-0.001462116506525668,0.002731307613519973,-0.004289939911075832
994,0.1466312422551108,0.14646637077500854,0.10429447852760736,-0.18366520613711634,-0.1551851990096177,0.14513789082877232,0.14168658245134857,0.0940032414910859,-0.015045313600690835,-0.07545071105968426,0.18498479865486447,0.18436326391259816,0.1540755467196819,0.28230362901309936,0.18425590683438464,0.19528297534166641,0.19733697507681802,0.06382978723404255,-0.16482292886787275,-0.16885396837246336,-0.0014933514263384684,-0.004779788323659967,-0.010291237036521461
995,0.14316664316974928,0.13724820757937864,0.08402725208175625,-0.17317114874417872,-0.15093114578645128,0.14342607689957587,0.14475930351655855,0.07926341072858287,-0.008196254139034798,-0.06937326101313246,0.18477670351856465,0.1802663024923182,0.12720156555772993,0.2907519116319518,0.18776062570274799,0.1922332281697832,0.19938545578695802,0.056129985228951254,-0.18590494330832297,-0.18831184297422243,0.0002594337298265914,0.007511095937179912,-0.004763841353173384
996,0.14700658545718095,0.14339364970979857,0.10347376201034737,-0.16783653341727,-0.15437060789227963,0.14577089693991555,0.14202799590303858,0.09311424100156494,-0.006122127793515952,-0.0700144970268809,0.18899059156929807,0.18572891771935815,0.15958451369216242,0.26422725841989303,0.17630534670008358,0.19631235279194048,0.20143393649709798,0.06642335766423357,-0.17961564019165532,-0.17349132635510345,-0.0012356885172654097,-0.0013656538067599866,-0.01035952100878243
997,0.15292554661990448,0.15158757255035848,0.12012241775057383,-0.15134275846486556,-0.12853992414227644,0.15172283625534508,0.15227039945373846,0.11346938775510204,0.05065201252380491,-0.03579212018630862,0.19005581065327976,0.18333902355752818,0.1777137367915466,0.26989929311513505,0.1723249033246439,0.1976939867861024,0.19733697507681802,0.07137490608564989,-0.15746748006842903,-0.15568562286109633,-0.0012027103645594062,0.0006828269033799794,-0.006653029995471793
998,0.13325445580505588,0.13315124615909868,0.10593538692712247,-0.204897743795723,-0.1688562903041929,0.1354319445355012,0.13451689996585867,0.10309278350515463,-0.05394503562927333,-0.08944370920013689,0.17940661805545433,0.1799248890406282,0.16141732283464566,0.3137426112441962,0.18850032466405942,0.17966455362422573,0.18265619665414817,0.057057057057057055,-0.1724118949002874,-0.16999075574853661,0.0021774887304453205,0.0013656538067599866,-0.0028426034219678348
999,0.14813874224590995,0.14305223625810856,0.10747663551401869,-0.129103349557375,-0.12394999002022966,0.14871063887686922,0.15431888016387846,0.10341951626355296,0.03688443645735773,-0.02732780860693884,0.18749833053432355,0.1806077159440082,0.15926640926640925,0.2731583692002636,0.1579594333973714,0.19807734723312037,0.200409696142028,0.06058282208588957,-0.11143550503440691,-0.14668462094100387,0.0005718966309592732,0.011266643905769896,-0.004057119250465729
1000,0.1351727398302253,0.13246841925571867,0.09821428571428571,-0.18618471887641475,-0.17038954300045717,0.13672774423879275,0.13793103448275862,0.0894439967767929,0.04136554399042469,-0.0538892526655218,0.18852769222842902,0.18436326391259816,0.1572700296735905,0.3128910807084526,0.2062570267231688,0.18894361272051802,0.19426425401160805,0.060492905153099324,-0.14227004833113643,-0.16473418910070292,0.0015550044085674564,0.005462615227039946,-0.008770288937492807
1001,0.15476185437219991,0.15466029361556846,0.11532625189681335,-0.1744162214600954,-0.14753290058756297,0.15458075944953859,0.1505633321952885,0.10445344129554655,0.03683372730129664,-0.05351478341832039,0.19608554843073556,0.1905087060430181,0.16019417475728157,0.31443425745009357,0.17869863850571255,0.20416103022098844,0.20621372482075795,0.06541353383458647,-0.15965608646344298,-0.16112588138311612,-0.00018109492266132898,-0.00409696142027996,-0.010872810601266797
1002,0.1454499651186298,0.14236940935472858,0.09478324761204997,-0.1698224197385163,-0.1485324308168705,0.14537612926231502,0.14236940935472858,0.0918918918918919,-0.025713179295210997,-0.0745194663295704,0.18718831134083277,0.1819733697507682,0.14794007490636704,0.3333327186560696,0.1800402751646284,0.1908936697395152,0.19426425401160805,0.050835148874364564,-0.16551476147448785,-0.16647496766227654,-7.383585631476342e-05,0.0,-0.0028913557201580703
1003,0.1478079750108072,0.14510071696824856,0.10896445131375579,-0.15687838180273372,-0.13813842357554473,0.1476792892630273,0.1485148514851485,0.10726072607260725,0.04321999791315756,-0.04486328857876287,0.19064028744054418,0.18436326391259816,0.17721518987341772,0.2836130695961959,0.16557451598714767,0.19654372037603374,0.19733697507681802,0.07060629316960859,-0.1329057790630077,-0.1483759383922647,-0.00012868574777988306,0.0034141345168999526,-0.0017037252411485349
1004,0.14245309256776273,0.1410037555479686,0.09562638991845812,-0.167676381568433,-0.16104329986281773,0.14442417935584087,0.1399795151928986,0.08962264150943396,-0.03147773162618195,-0.07423484529430169,0.18858639421718937,0.18368043700921816,0.15142857142857144,0.29712639038318633,0.1760440756694719,0.1922178396834006,0.19699556162512802,0.05969049373618276,-0.15802793370646373,-0.17006236007772846,0.0019710867880781413,-0.001024240355069983,-0.006003748409024165
1005,0.15388884150229715,0.15329463980880847,0.1269199676637025,-0.14512480420253604,-0.1394129488615815,0.15147955193586377,0.1519289860020485,0.12037833190025796,0.02173973064158985,-0.05374768914841799,0.18502853541810976,0.1806077159440082,0.1663265306122449,0.24816350721804703,0.15810018284494598,0.20032462005059343,0.20177534994878799,0.07200647249190939,-0.11492367810252702,-0.13825531021680915,-0.0024092895664333813,-0.0013656538067599866,-0.006541635763444548
1006,0.1485059282133721,0.14236940935472858,0.10858010630220197,-0.15691625447723012,-0.14921442632693238,0.14854287472622887,0.14475930351655855,0.09959839357429719,-0.003539143783046206,-0.06760390743973554,0.18903332791680766,0.18572891771935815,0.15428571428571428,0.2789101142759679,0.1534245812130891,0.1965173406367921,0.20314100375554797,0.07307979120059657,-0.13465802490192735,-0.1764179326226647,3.694651285676698e-05,0.0023898941618299696,-0.008981712727904781
1007,0.13919094363477655,0.13485831341754864,0.0975609756097561,-0.1766165135920985,-0.15106390103661516,0.1387581508356792,0.13622396722430863,0.09512390087929656,-0.02847648497715416,-0.08180057002671537,0.18253528794481547,0.1795834755889382,0.15490196078431373,0.3113144413162874,0.18049171625667582,0.18782001383866487,0.1891430522362581,0.060810810810810814,-0.1724858079106475,-0.17377318989232005,-0.000432792799097359,0.0013656538067599866,-0.0024370747304595375
1008,0.14663724277394993,0.14373506316148857,0.10730593607305935,-0.18568018651469176,-0.16372973858433748,0.14539655599523116,0.14339364970979857,0.09786184210526316,-0.0005569535933683811,-0.052178380964192805,0.18403182419061262,0.1782178217821782,0.15701668302257116,0.2995633187772926,0.17206261343548623,0.1944404832327036,0.19392284055991807,0.06139677666922486,-0.13638331729701725,-0.15120866783105602,-0.0012406867787187748,-0.0003414134516900036,-0.009444093967796191
1009,0.14917508673726693,0.14714919767838852,0.1094224924012158,-0.17680491944494192,-0.1584359847978304,0.15069187357482222,0.1495390918402185,0.10163934426229508,0.01293998243055372,-0.049358648770493896,0.19426180003259505,0.19187435984977808,0.1608738828202582,0.26491825090192667,0.19265669054015855,0.19799335448739677,0.199044042335268,0.05683563748079877,-0.14025705976170377,-0.14252887329384378,0.001516786837555295,0.0023898941618299696,-0.007783148138920726
1010,0.14203333350439845,0.14407647661317857,0.10583153347732181,-0.18450354098994515,-0.16235057845765988,0.1389504576837228,0.13588255377261865,0.09429657794676806,-0.019971073860144073,-0.07964112886611308,0.18143949797798203,0.17753499487879823,0.15469613259668508,0.2468698305468061,0.17631108676178164,0.18389952462873366,0.18572891771935815,0.06472261735419631,-0.14591833198672965,-0.1813513979584207,-0.0030828758206756512,-0.00819392284055992,-0.011534955530553753
1011,0.14211558794821888,0.1403209286445886,0.09410864575363427,-0.1674181579070969,-0.12853992414227644,0.14095672410569046,0.13827244793444862,0.08447304907481899,-0.002536282936452028,-0.05615139422542348,0.18407977827822805,0.18094912939569818,0.1467444120505345,0.3019233478934761,0.18589775268405384,0.18993964897116752,0.19597132127005804,0.0645879732739421,-0.13794561082147383,-0.17378275534030962,-0.0011588638425284181,-0.002048480710139966,-0.009635596678815278
1012,0.15278526665191192,0.1495390918402185,0.10618792971734148,-0.14717591590291312,-0.12987023815148424,0.15226908127002828,0.14578354387162853,0.09646302250803858,-0.01374155060017801,-0.056366007404463514,0.19386273758354716,0.1891430522362581,0.16272469252601704,0.20813187077530015,0.15510001028311937,0.20183341354405934,0.20279959030385797,0.06927710843373494,-0.12882177479492907,-0.15135609021599794,-0.0005161853818836382,-0.003755547968589956,-0.0097249072093029
1013,0.15975546596651374,0.15739160122908843,0.10308502633559068,-0.18506449943455172,-0.16281617947479843,0.15783629236782218,0.15534312051894844,0.0950479233226837,-0.007233903892967297,-0.07553826344265746,0.19977399683453456,0.19426425401160805,0.1642651296829971,0.2593471468823676,0.1636258960739888,0.21162301988159016,0.21782178217821782,0.06924795234549516,-0.1893983247397979,-0.17868489148064226,-0.0019191735986915648,-0.0020484807101399938,-0.008037103012906971
1014,0.1384160833990776,0.13690679412768864,0.09746738296239447,-0.17017954171288863,-0.15215396095013056,0.13445625844780248,0.13076135199726868,0.09268292682926829,-0.012260911345538306,-0.06904054222111677,0.1764127665624086,0.17275520655513826,0.15347018572825025,0.2748168194054844,0.16663723417485388,0.18346949597192083,0.1888016387845681,0.06060606060606061,-0.1593335547280731,-0.17150914065414757,-0.003959824951275115,-0.006145442130419954,-0.004784456133126183
1015,0.14525182648863127,0.14202799590303858,0.09863429438543247,-0.16805238786370869,-0.17208293133825547,0.14685339503861694,0.14578354387162853,0.09546925566343042,0.0038530651738198918,-0.07865808261337193,0.19138901249882823,0.1894844656879481,0.161,0.27506738544474396,0.1902231893265368,0.19849772518158496,0.20314100375554797,0.06325301204819277,-0.16539843803994747,-0.18347620557299738,0.0016015685499856658,0.003755547968589956,-0.0031650387220020504
1016,0.1578692790783382,0.15636736087401842,0.1172465960665658,-0.1776413129354305,-0.15018775749986468,0.15398248278508125,0.15090474564697848,0.11322248614410134,-0.0426452632334986,-0.08338411829727366,0.19402200308024267,0.1898258791396381,0.17562380038387715,0.3134130575307046,0.1668464624446352,0.20206442276657993,0.20143393649709798,0.06959152798789713,-0.11766142354377651,-0.15018775749986468,-0.0038867962932569444,-0.005462615227039946,-0.004024109922464464
1017,0.14853334088904704,0.14373506316148857,0.1051028179741051,-0.1948591331780558,-0.1597509548552869,0.14558827601527194,0.14714919767838852,0.09805510534846029,-0.025865568974526854,-0.06988832479741158,0.18535259167733217,0.1806077159440082,0.14258188824662812,0.2768577461697006,0.15306199787782326,0.19239336720847086,0.19426425401160805,0.05315110098709187,-0.14554457561235257,-0.16430096144049589,-0.002945064873775105,0.0034141345168999526,-0.007047712625644811
1018,0.15968170528889564,0.15670877432570843,0.10652663165791448,-0.1284488307230207,-0.13187564499484006,0.15901247000360128,0.1608057357459884,0.1104,0.0601659157548452,-0.038521548970465336,0.20224360611691977,0.200751109593718,0.1651031894934334,0.26211471072016024,0.16843210968597966,0.2067337628588531,0.2116763400477979,0.06226834692364715,-0.14822641779303447,-0.1498716153127917,-0.0006692352852943617,0.00409696142027996,0.0038733683420855147
1019,0.13935412064217612,0.13519972686923865,0.08712121212121213,-0.18429477364720026,-0.16203593408775063,0.14123227672189073,0.14202799590303858,0.08555286521388217,-0.008982474894539516,-0.07002245880484415,0.18219567072964174,0.17924206213724822,0.14173228346456693,0.2954566122336111,0.18329859043081198,0.18713077488548063,0.1891430522362581,0.05439642324888227,-0.16436073173764498,-0.18702724836212037,0.0018781560797146157,0.006828269033799933,-0.0015683469073299594
1020,0.14473659471526132,0.1399795151928986,0.10260336906584992,-0.16289376110804676,-0.1555695808978983,0.14395648346663184,0.1406623420962786,0.09902597402597403,0.02482265428693997,-0.07131762218629523,0.18984582552773066,0.18504609081597814,0.16083916083916083,0.3091733314947601,0.19168511379181696,0.19236849491348212,0.19289860020484806,0.06245181187355436,-0.09679513697370845,-0.1453227210545952,-0.0007801112486294781,0.0006828269033799794,-0.0035773950398758914
1021,0.1426635006044634,0.14236940935472858,0.10467706013363029,-0.20364665383044522,-0.14947864432776825,0.14387476316857326,0.14578354387162853,0.10268562401263823,-0.041604916661804436,-0.05833910978703316,0.184131070058057,0.18094912939569818,0.1627469426152399,0.2939008499134528,0.17007231628419173,0.18527593901615846,0.18811881188118812,0.06089508437270726,-0.17211233638679824,-0.16748151534816036,0.0012112625641098607,0.0034141345168999526,-0.001991436120992063
1022,0.14876406305282808,0.14407647661317857,0.10955710955710955,-0.16879023889705402,-0.12736018465834575,0.1498281275651851,0.15261181290542847,0.10452674897119342,-0.023546384912414675,-0.0455155133435583,0.19128238961703523,0.18811881188118812,0.1681503461918892,0.26319758672699844,0.18637772204833924,0.195842110480409,0.200068282690338,0.06384615384615384,-0.14904931085162765,-0.14213769475684912,0.0010640645123570214,0.008535336292249895,-0.005030360585916133
1023,0.1421531909609814,0.1396381017412086,0.0842654735272185,-0.18699821043088993,-0.14830011074197114,0.14307495711158194,0.14271082280641859,0.08063241106719368,-0.009179458135120666,-0.06268672326811864,0.183188001527514,0.1806077159440082,0.13554502369668248,0.290024192658243,0.1738765842254214,0.18953645565174293,0.19460566746329805,0.05290227773695812,-0.1841844794235742,-0.17082994955087982,0.0009217661506005503,0.003072721065209977,-0.0036330624600248163
1024,0.1421452128903782,0.13519972686923865,0.10876132930513595,-0.19737706403316047,-0.14870398500321746,0.14384397754767286,0.1406623420962786,0.10932475884244373,0.003533488867245027,-0.05819934191360354,0.19168074481214104,0.1894844656879481,0.1648780487804878,0.32221945381926353,0.18955711854421475,0.19185587938802504,0.19153294639808807,0.061285500747384154,-0.178848898049786,-0.16454229754389993,0.0016987646572946546,0.005462615227039946,0.0005634295373077858
1025,0.15023628775780942,0.14510071696824856,0.10669610007358352,-0.20272727272727276,-0.17325335595527136,0.1507598419101921,0.1502219187435985,0.09771473601260836,-0.02617424242424249,-0.07176871429077292,0.19028596595791458,0.18538750426766815,0.15472779369627507,0.25170454545454546,0.1785600684816563,0.19523868257425062,0.198361215431888,0.06564551422319474,-0.16746212121212112,-0.18678464151053786,0.0005235541523826714,0.005121201775349943,-0.008981364060975161
1026,0.14759918783986428,0.14373506316148857,0.10015060240963855,-0.16002055498458378,-0.14388279169740614,0.14835080342007034,0.1505633321952885,0.10756972111553785,0.013586441770953028,-0.061467890756771504,0.18935162336829298,0.18333902355752818,0.1638418079096045,0.30634181730246046,0.1564235596753174,0.19377615757786865,0.19460566746329805,0.06755753526354863,-0.16969147371178683,-0.16533324536688643,0.0007516155802060609,0.006828269033799933,0.0074191187058993
1027,0.1493523046891467,0.1481734380334585,0.10952738184546136,-0.16369229204799673,-0.1504613012642615,0.1469126701218105,0.1406623420962786,0.09623095429029671,0.03134533251982918,-0.05334998458217699,0.18737690155729445,0.18436326391259816,0.15965583173996176,0.23502643888549934,0.1736194881282762,0.19312233263860382,0.19358142710822807,0.06019563581640331,-0.1129499694935937,-0.14594449583718783,-0.002439634567336202,-0.007511095937179912,-0.01329642755516465
1028,0.14887039810107425,0.14544213041993856,0.10606060606060606,-0.16855184249562782,-0.1573190135858913,0.14927278164818722,0.15090474564697848,0.09201954397394137,0.024040080268279196,-0.05292532795000071,0.19932203165692455,0.19665414817343804,0.1551219512195122,0.24555513441858412,0.17742160883354063,0.20409213492076209,0.20587231136906795,0.060882800608828,-0.13201361405426004,-0.1505107297400725,0.0004023835471129722,0.005462615227039919,-0.014041062086664696
1029,0.1416142422619353,0.1403209286445886,0.08188021228203184,-0.1897034013605442,-0.1561842996115883,0.14100966106144186,0.13758962103106862,0.07338709677419354,-0.02772789115646257,-0.0665418956416386,0.1882981288179223,0.18436326391259816,0.13346418056918546,0.2806857142857143,0.18422989267935963,0.1955347799668857,0.19801980198019803,0.044709388971684055,-0.1995755102040817,-0.18228272102056087,-0.0006045812004934481,-0.002731307613519973,-0.008493115507838295
1030,0.1457673710532445,0.14271082280641859,0.10029717682020803,-0.1693686497999597,-0.1483534648889937,0.14385957418959963,0.14680778422669855,0.09298660362490149,0.030878522292260402,-0.061714648103356695,0.1877659023924571,0.1812905428473882,0.1496282527881041,0.29031027832944767,0.15544498358012315,0.19247049541041944,0.19631273472174804,0.05701754385964912,-0.17181698471634566,-0.17310741254203288,-0.0019077968636448672,0.00409696142027996,-0.007310573195306536
1031,0.14271059909078587,0.14271082280641859,0.11553175210405509,-0.17437725021474137,-0.14069100557909986,0.14286588857106325,0.1389552748378286,0.1076051779935275,-0.04007712411133646,-0.060161547045722186,0.18809443271920115,0.18538750426766815,0.173828125,0.25171701664930457,0.18029261082858916,0.19233547062923909,0.19324001365653806,0.0746606334841629,-0.1767604218067511,-0.1622411423697222,0.00015528948027737632,-0.003755547968589984,-0.007926574110527579
1032,0.14338553063259576,0.14441789006486855,0.09699769053117784,-0.1703339533694357,-0.15138207374545343,0.14208898466901204,0.14271082280641859,0.08685064935064934,-0.024544355952965224,-0.07502943893009095,0.1857126274014151,0.1806077159440082,0.15118577075098813,0.2996774712425605,0.1756807052397561,0.1914128167474361,0.19187435984977808,0.054531490015360985,-0.12465818963206143,-0.1548008484386787,-0.0012965459635837229,-0.0017070672584499624,-0.01014704118052849
1033,0.14757718229288083,0.14271082280641859,0.125,-0.16491352447529395,-0.14831035050681995,0.14808597084797248,0.14680778422669855,0.11735537190082644,0.027529553360922,-0.05921259488837982,0.18987975976412935,0.18572891771935815,0.16116116116116116,0.3107018614083392,0.18180825684868274,0.19532852090988886,0.19426425401160805,0.06832298136645963,-0.11872042603003974,-0.14831035050681995,0.0005087885550916493,0.00409696142027996,-0.007644628099173559
1034,0.14931944334817115,0.14749061113007852,0.10824742268041238,-0.18274307040391857,-0.16558366481430908,0.149942264622008,0.14919767838852852,0.10817120622568094,-0.03804377405434822,-0.08338191774351855,0.18978049239601147,0.18572891771935815,0.16188714153561518,0.212525755160751,0.14633255352280017,0.19756913014450833,0.20279959030385797,0.07017543859649122,-0.16148971737355677,-0.17684417811167763,0.0006228212738368377,0.0017070672584499902,-7.621645473143701e-05
1035,0.14889571625498713,0.14305223625810856,0.10469591993841416,-0.19073774905761987,-0.1485445760607228,0.15079624427434132,0.14714919767838852,0.09610604805302403,0.012805600430802366,-0.04377482576677083,0.19883023929646196,0.19699556162512802,0.1701913393756294,0.33091545503500275,0.19992872383003057,0.20445938450699636,0.20894503243427792,0.07132018209408195,-0.16989229940764672,-0.1701818070996911,0.0019005280193541974,0.00409696142027996,-0.008589871885390135
1036,0.15669645789972186,0.15534312051894844,0.10983981693363844,-0.1473981707222386,-0.13679815710597387,0.15638985606423564,0.15261181290542847,0.10194174757281553,0.0034745407394753958,-0.05189631124432448,0.20351591870557184,0.20279959030385797,0.16454456415279137,0.2856771278165132,0.19148898022573724,0.20533475121464673,0.2109935131444179,0.06896551724137931,-0.1471846514589189,-0.16283472317021297,-0.00030660183548622544,-0.002731307613519973,-0.007898069360822907
1037,0.15236622735577618,0.15090474564697848,0.10861423220973783,-0.17826781719399165,-0.16114837342803945,0.1519305592415742,0.15090474564697848,0.10589171974522293,0.01797698945349957,-0.07177503837704569,0.19617345201191688,0.19426425401160805,0.170873786407767,0.2846116970278044,0.18390057835111384,0.19911108984729808,0.20177534994878799,0.06731488406881077,-0.1428571428571429,-0.16341098950527977,-0.00043566811420198137,0.0,-0.002722512464514895
1038,0.1557768764100006,0.15295322635711847,0.11556240369799692,-0.16436524141574804,-0.14363085871052828,0.15454065969943295,0.1519289860020485,0.11120196238757155,0.011284230146194174,-0.05829885928841838,0.19785711709274026,0.19392284055991807,0.17664376840039253,0.2811151042841916,0.17380417913972046,0.20613279933570172,0.20416524411061795,0.06856702619414484,-0.12069594952824902,-0.14363085871052828,-0.0012362167105676447,-0.001024240355069983,-0.0043604413104253725
1039,0.14439444619016376,0.14236940935472858,0.09863429438543247,-0.1934321617733199,-0.16354486722520423,0.1439672336023859,0.14612495732331854,0.09010458567980692,-0.05094259821938918,-0.07827081040936523,0.18466271987291583,0.1806077159440082,0.14467253176930597,0.28128412085218735,0.17186642291709608,0.19330627612347648,0.19665414817343804,0.05378787878787879,-0.1583526076515651,-0.16581884207362652,-0.0004272125877778643,0.003755547968589956,-0.008529708705625555
1040,0.1446984273784955,0.1392966882895186,0.09809663250366032,-0.1655714974680491,-0.14399226138900734,0.14122669063094603,0.13656538067599863,0.09822119102861562,0.017464786734563642,-0.06228878894711187,0.18061881630301177,0.17548651416865824,0.1527777777777778,0.30484120342132515,0.17610627447924077,0.18608413692003853,0.18811881188118812,0.06245461147421932,-0.1525145746748181,-0.1563037435377861,-0.00347173674754947,-0.002731307613519973,0.0001245585249552983
1041,0.14308685286687212,0.1403209286445886,0.1063504208110176,-0.1762051997511359,-0.14915214260886833,0.143003276949059,0.1406623420962786,0.0997586484312148,-0.03528591089911581,-0.07641764735091117,0.18573945203923867,0.1802663024923182,0.17198067632850242,0.2879979638392941,0.15996946223744968,0.19282719114443184,0.19528849436667806,0.06857573474001508,-0.18298486076808507,-0.17188167237697993,-8.35759178131057e-05,0.0003414134516900036,-0.006591772379802796
1042,0.14052585662419528,0.13861386138613863,0.10310077519379846,-0.14832921456967874,-0.12327759435679653,0.13938430961779236,0.1413451689996586,0.10305028854080792,0.025048350703771316,-0.03590461833545322,0.17637351114599326,0.1710481392966883,0.15255905511811024,0.2692328355001612,0.18763403460226913,0.18393539915028825,0.18572891771935815,0.06412213740458016,-0.12889491780380358,-0.1459718738428597,-0.0011415470064029265,0.002731307613519973,-5.0486652990539005e-05
1043,0.13891505842070198,0.13554114032092865,0.10558530986993114,-0.160372299082854,-0.155761784468613,0.14014461593425578,0.13690679412768864,0.09245742092457421,0.0005635006995180492,-0.07152912667380962,0.19106547429894352,0.1908501194947081,0.15890688259109312,0.29866314316803977,0.20734926737655246,0.1896250819281696,0.19255718675315808,0.059541984732824425,-0.12581610446137104,-0.15917662194678073,0.0012295575135538028,0.0013656538067599866,-0.013127888945356936
1044,0.15012766953284476,0.14749061113007852,0.1122754491017964,-0.19031457274737207,-0.1463873270135877,0.14683189235943772,0.1410037555479686,0.10513833992094862,-0.04744967223924601,-0.0663431676062547,0.18219257210185733,0.17651075452372825,0.16743755781683625,0.2494356308909662,0.14109521733669272,0.19251493064477654,0.19562990781836803,0.07185185185185185,-0.16913618556301158,-0.16217068238968158,-0.0032957771734070385,-0.006486855582109929,-0.007137109180847784
1045,0.1433697529346318,0.14168658245134857,0.10089020771513353,-0.1848179812465527,-0.16833691254178695,0.1442482566238662,0.14475930351655855,0.09370078740157481,-0.04499448428019859,-0.080241196396303,0.18950977986889417,0.18470467736428817,0.15472779369627507,0.3254274682846112,0.1716221971991191,0.1967337926882684,0.19767838852850803,0.06008902077151335,-0.14713182570325434,-0.16833691254178695,0.0008785036892343945,0.003072721065209977,-0.007189420313558723
1046,0.1425086617079724,0.1392966882895186,0.10172143974960876,-0.15907777882277074,-0.1359414863609445,0.1389240837952652,0.1392966882895186,0.10083333333333333,0.04200935503250469,-0.046864986588753266,0.1756865972133762,0.17343803345851827,0.15430861723446893,0.27787747863256074,0.18382030769307534,0.18469977969218723,0.18709457152611814,0.05709876543209876,-0.11504540280958075,-0.15649760169298865,-0.003584577912707221,0.0,-0.0008881064162754304
1047,0.16063369108821174,0.15841584158415842,0.11127379209370425,-0.19972999295289529,-0.15321489532703125,0.16172608773688996,0.16285421645612838,0.10700538876058506,-0.04214802087209901,-0.07809407172107619,0.205961960345442,0.199044042335268,0.16605839416058393,0.25173802190145134,0.14951081174174286,0.21326439917798826,0.21713895527483784,0.06637490882567469,-0.1380737649750976,-0.15882092693941596,0.0010923966486782177,0.004438374871969963,-0.004268403333119189
1048,0.1430903055442194,0.13861386138613863,0.09104477611940298,-0.21267601610922282,-0.16492610204621727,0.1456972069412154,0.14612495732331854,0.08580593424218123,-0.01279954871326161,-0.05975851036201829,0.18511078547430912,0.1806077159440082,0.14244186046511628,0.25464496872411535,0.18337086826274263,0.19304965428928503,0.19767838852850803,0.05555555555555555,-0.17731213047327987,-0.17623444523806664,0.002606901396996014,0.007511095937179912,-0.005238841877221748
1049,0.13998096284373285,0.13246841925571867,0.09523809523809523,-0.16790976758316878,-0.15507524933799222,0.13849667699776874,0.13349265961078866,0.09345047923322684,-0.006091447668236438,-0.07461556814774262,0.18097070891809666,0.17787640833048823,0.1669902912621359,0.27688743733859944,0.17696258994007974,0.18479034225935684,0.18846022533287812,0.06343283582089553,-0.17384930882576333,-0.17434024342579835,-0.0014842858459641062,0.001024240355069983,-0.0017876160048683892
1050,0.14087032536468394,0.13622396722430863,0.09505988023952096,-0.17003273734575675,-0.14824991930854192,0.14395553665281813,0.14202799590303858,0.09702660406885759,-0.05336691009821204,-0.08283563334787014,0.18309208540019373,0.18333902355752818,0.15583173996175909,0.31087383530596824,0.1788215104948172,0.18705467880926197,0.1894844656879481,0.061855670103092786,-0.17533115084361617,-0.1730622346729347,0.0030852112881341875,0.00580402867872995,0.0019667238293366307
1051,0.14716097304970138,0.14202799590303858,0.1012472487160675,-0.17937525154019995,-0.14892772916620745,0.14767869422055616,0.14646637077500854,0.09273570324574962,0.006176279372155702,-0.07157839442228153,0.18723198354196127,0.18607033117104813,0.1565703634669152,0.32190953840438374,0.176163677728554,0.19158894912292743,0.19665414817343804,0.06456241032998565,-0.17923593696789575,-0.18367887955840612,0.0005177211708547735,0.004438374871969963,-0.008511545470317877
1052,0.14566147545007674,0.14202799590303858,0.09694258016405667,-0.17626845735824204,-0.16887661141804788,0.14595630830613887,0.14578354387162853,0.10331230283911672,0.006047243518196632,-0.08627374640018792,0.18725932966458372,0.18265619665414817,0.15774099318403115,0.27358424972096684,0.18642886276836368,0.18926810609143668,0.19016729259132809,0.06060606060606061,-0.19544581267268035,-0.18245516457166866,0.0002948328560621327,0.003755547968589956,0.006369722675060044
1053,0.14515057622667138,0.1413451689996586,0.1021180030257186,-0.16566609491137796,-0.1492504278323491,0.14620298963475603,0.1488562649368385,0.09516129032258064,0.002644368210406034,-0.056424409690279065,0.18660055365139164,0.1816319562990782,0.14883268482490272,0.30616234486933713,0.1835648079453165,0.1918511199646811,0.19562990781836803,0.06001500375093773,-0.1338664110584199,-0.16170269855872432,0.0010524134080846514,0.007511095937179912,-0.006956712703137968
1054,0.147170595088045,0.14544213041993856,0.10476190476190476,-0.16180590932246564,-0.13240812000146596,0.14260467400947127,0.13827244793444862,0.09712837837837837,-0.0007429105111224077,-0.04523296500834273,0.1753900690997992,0.1686582451348583,0.14371859296482412,0.29478689081338094,0.17155788096139746,0.19027316158383864,0.19324001365653806,0.05555555555555555,-0.13915775174053324,-0.15305486723667927,-0.004565921078573731,-0.007169682485489937,-0.007633526383526393
1055,0.1518830734634509,0.14714919767838852,0.11270801815431165,-0.1618024042982391,-0.1436366622702372,0.15103889870292256,0.1502219187435985,0.10845295055821372,-0.02162775907074377,-0.06675595370411536,0.19775505958454792,0.19699556162512802,0.18199233716475097,0.2936291169022712,0.17066976392655486,0.2000260223012694,0.200409696142028,0.0677710843373494,-0.17306499252802476,-0.15042025420254201,-0.0008441747605283378,0.003072721065209977,-0.004255067596097936
1056,0.15053468161705605,0.1495390918402185,0.11235955056179775,-0.19403372243839168,-0.15833444479023107,0.1511326389431315,0.1488562649368385,0.10685805422647528,-0.003998517695015691,-0.06675595370411536,0.19551814414361496,0.1891430522362581,0.16937799043062202,0.2954956457291088,0.16953916527117074,0.19761338184152447,0.199726869238648,0.062406015037593986,-0.15513618677042806,-0.15268145151331025,0.0005979573260754545,-0.0006828269033799794,-0.005501496335322473
1057,0.13827395194313383,0.13690679412768864,0.09847936278059377,-0.1906072993029514,-0.1783974984911455,0.13887400449806667,0.13588255377261865,0.08553654743390357,0.015399254529689266,-0.07170738529026432,0.18360664607817148,0.17890064868555822,0.14526710402999063,0.3037509994031733,0.17424140198334626,0.18532469397811724,0.1898258791396381,0.0549530007230658,-0.16991543078499605,-0.18064360613747998,0.0006000525549328395,-0.001024240355069983,-0.0129428153466902
1058,0.14412682236935362,0.1406623420962786,0.10554699537750385,-0.16911761986991525,-0.15878161450766026,0.14182630618697728,0.13827244793444862,0.09315746084089035,0.009436508787563858,-0.06171106988411856,0.18731611553988317,0.1816319562990782,0.1585244267198405,0.32483295678507906,0.17811027565639648,0.19299116107858108,0.19665414817343804,0.06264501160092807,-0.14441519159588667,-0.1530715824709813,-0.0023005161823763387,-0.0023898941618299696,-0.012389534536613497
1059,0.13863206834267033,0.1392966882895186,0.115003808073115,-0.12429460048736696,-0.13812752329786437,0.13758669008630056,0.13110276544895869,0.10278884462151394,0.012192189303578238,-0.0724839959982655,0.18059513660339782,0.1806077159440082,0.18377321603128055,0.25711812235475184,0.1900901132001297,0.18198979419884403,0.18572891771935815,0.07446016381236038,-0.10753334615877908,-0.1720810719011051,-0.0010453782563697722,-0.00819392284055992,-0.012214963451601057
1060,0.1429476384159295,0.13656538067599863,0.09715994020926756,-0.15284683579121083,-0.16172624075638353,0.14655287774070888,0.14271082280641859,0.0937251787132645,-0.0005924295960899606,-0.07240894698103617,0.1874291076156734,0.18299761010583818,0.15043394406943106,0.3113799377948925,0.17858395451424391,0.1914989150769717,0.19597132127005804,0.060044477390659746,-0.14137380191693294,-0.17416282596560906,0.00360523932477938,0.006145442130419954,-0.0034347614960030665
1061,0.1490641152159832,0.15124615909866848,0.09851851851851852,-0.15479190595230052,-0.15378376841791475,0.14760341970790647,0.14339364970979857,0.08963367108339829,-0.01069691237078585,-0.07838221984563443,0.19594765140779388,0.19426425401160805,0.157644824311491,0.2913536247550841,0.18045891704428285,0.19645215579593742,0.199726869238648,0.059593023255813955,-0.15811600567529227,-0.1830440708489488,-0.0014606955080767314,-0.007852509388869916,-0.008884847435120233
1062,0.1413842213131657,0.1396381017412086,0.10147172734314484,-0.1512008453037097,-0.13566653876446466,0.14093975722443478,0.13656538067599863,0.09574468085106383,0.0048528809816184015,-0.057161099296123674,0.18319450685771196,0.17924206213724822,0.1618217054263566,0.28127861705266965,0.15901329923988816,0.1892362326545318,0.1905087060430181,0.0636991557943208,-0.13202730102521631,-0.14931965867200236,-0.00044446408873091703,-0.003072721065209977,-0.005727046492081014
1063,0.14510016763015032,0.14680778422669855,0.10142749812171299,-0.18136711411658057,-0.1566231412735588,0.14324816014525824,0.14168658245134857,0.1021377672209026,-0.011663736688705129,-0.0796941946473868,0.187843598660742,0.18094912939569818,0.1553860819828408,0.32026048716279387,0.16240572561733058,0.19377557729677827,0.19699556162512802,0.06642066420664207,-0.15706396694771985,-0.18377453420044298,-0.0018520074848920876,-0.0051212017753499706,0.0007102690991896143
1064,0.1429903077885032,0.1396381017412086,0.10404191616766467,-0.1933016574175468,-0.14918191101520661,0.14487392997470103,0.14510071696824856,0.10429936305732485,0.016624287755897416,-0.058937215925280784,0.18523222451080332,0.18333902355752818,0.16730038022813687,0.28864492659477725,0.17118675655403026,0.1892476023626949,0.19016729259132809,0.06375092661230541,-0.17554334712967956,-0.16384667396731956,0.0018836221861978364,0.005462615227039946,0.00025744688966017337
1065,0.14659304170247606,0.14510071696824856,0.09346504559270517,-0.19494311983793056,-0.17075513034039613,0.14544187038378736,0.1406623420962786,0.08688656476267095,-0.035022206638616216,-0.08756494613858323,0.18918160048833801,0.18504609081597814,0.1441263573543929,0.30479780271154744,0.17454111367534775,0.19863230601536802,0.20484807101399796,0.06231231231231231,-0.1927692067944523,-0.1889885953709305,-0.001151171318688693,-0.004438374871969963,-0.00657848083003422
1066,0.14997041495509314,0.14544213041993856,0.11286681715575621,-0.17715737660452024,-0.14968015662573264,0.1495396487837163,0.14612495732331854,0.1111111111111111,-0.03901108106167572,-0.08187237372914413,0.1934946124234445,0.1894844656879481,0.16878048780487806,0.31629689905783054,0.19387927671698246,0.19443454135756197,0.199044042335268,0.06606606606606606,-0.15228681521192833,-0.15307054577056212,-0.0004307661713768285,0.0006828269033799794,-0.0017557060446451028
1067,0.14193021795567037,0.13758962103106862,0.09582689335394126,-0.14042390423904239,-0.14285056789257322,0.13999055233306565,0.1403209286445886,0.09285127362366474,0.0028411647752841773,-0.05516284210306999,0.17777671706312398,0.17138955274837828,0.1533203125,0.2398789896989879,0.16462587318750332,0.18838163148368717,0.18811881188118812,0.05733944954128441,-0.14115209333911516,-0.15879379076339195,-0.0019396656226047249,0.002731307613519973,-0.0029756197302765186
1068,0.14460485674580106,0.1399795151928986,0.11578947368421053,-0.17344512293625403,-0.15455455208114555,0.14538847028934146,0.14271082280641859,0.11495176848874598,0.006888307324480647,-0.05728246500537426,0.18964458589957342,0.1888016387845681,0.1733594515181195,0.3207295402410262,0.19494631892366043,0.19428641038608052,0.19528849436667806,0.0758364312267658,-0.15274789182902004,-0.17152061378040795,0.0007836135435403957,0.002731307613519973,-0.0008377051954645415
1069,0.16149827916653708,0.1594400819392284,0.11441647597254005,-0.17921085022695238,-0.1471065878171629,0.16071942783375726,0.16456128371457834,0.11845286059629331,-0.002419013523955238,-0.0676766096159418,0.2008893304677576,0.19528849436667806,0.16361886429258904,0.35310025898587805,0.16153561319329646,0.20853572499517775,0.2096278593376579,0.06529992406985573,-0.159837386378197,-0.1539148716629819,-0.0007788513327798285,0.005121201775349943,0.004036384623753261
1070,0.14152269022760702,0.1392966882895186,0.11077158135981666,-0.19109853665207877,-0.15709201609013657,0.14054500541370854,0.1399795151928986,0.10179153094462541,-0.022796430525164113,-0.06491246388917893,0.17894219266570033,0.1782178217821782,0.15711462450592886,0.29840501914660833,0.1808996753133748,0.1847101004355519,0.18538750426766815,0.0581039755351682,-0.1764052242888403,-0.15595399692716183,-0.0009776848138984828,0.0006828269033800072,-0.008980050415191246
1071,0.1603232880653281,0.15875725503584842,0.1300380228136882,-0.194170545081644,-0.1639201310679853,0.15773432363686618,0.15500170706725844,0.11774193548387096,-0.0037548315847598657,-0.07856869384487641,0.1950855574010785,0.19426425401160805,0.1857707509881423,0.2690167231994952,0.1808996753133748,0.2025726489049432,0.20348241720723798,0.07704042715484363,-0.14056361915279636,-0.15936805441608615,-0.0025889644284619318,-0.003755547968589984,-0.01229608732981724
1072,0.1534600324862999,0.15261181290542847,0.11752136752136752,-0.19182132258493156,-0.14519457189328278,0.15413045138815834,0.15090474564697848,0.11489040060468632,-0.04594461915518744,-0.055184740125749476,0.20170006510120772,0.200409696142028,0.1940700808625337,0.22283740089471593,0.17817408297526283,0.1924083801894976,0.19358142710822807,0.07396870554765292,-0.15075076405191123,-0.14741703687519725,0.0006704189018584272,-0.0017070672584499902,-0.0026309669166812016
1073,0.14063231954522004,0.1399795151928986,0.10138584974471189,-0.18558871088379647,-0.17928677823534567,0.13958107936264333,0.13827244793444862,0.09295120061967467,-0.012152468603748301,-0.0892202028772976,0.18735425975888717,0.18402185046090816,0.15436241610738255,0.30553022801906216,0.18998618073265172,0.1897363837138042,0.19460566746329805,0.05947136563876652,-0.13783542166786578,-0.1691542885075653,-0.0010512401825767126,-0.0017070672584499902,-0.008434649125037219
1074,0.1414603432926907,0.13622396722430863,0.09130752373995617,-0.14954997913810575,-0.14734993833867427,0.14010555340147685,0.13827244793444862,0.09637625289128758,0.008040770101925165,-0.06676569154666778,0.18351159074950002,0.1806077159440082,0.15182755388940955,0.33101865649400963,0.19065620792779747,0.18477643814630135,0.1888016387845681,0.054558506819813356,-0.170946335260575,-0.17421135393600973,-0.0013547898912138479,0.0020484807101399938,0.005068729151331414
1075,0.13615264046488423,0.13417548651416866,0.09541420118343195,-0.1921019443298846,-0.15510454152164088,0.13635068216167642,0.13315124615909868,0.08695652173913043,-0.0709454276669037,-0.08309305744007234,0.17478982200135315,0.1703653123933083,0.14943609022556392,0.26800831206504616,0.16894713684541718,0.1788950935232373,0.17924206213724822,0.05689277899343545,-0.18957166566053218,-0.1764829508583564,0.00019804169679218941,-0.001024240355069983,-0.008457679444301522
1076,0.1481587240149982,0.14441789006486855,0.09946029298380879,-0.18503509068429058,-0.1557387550063728,0.14679264222132463,0.14441789006486855,0.09449465899753492,0.02051715396315701,-0.06442164218067603,0.18656369508602935,0.18231478320245817,0.1455260570304818,0.28112574828994064,0.1638711398835656,0.1964074904238886,0.200751109593718,0.06164383561643835,-0.16047961716018955,-0.17514364148183337,-0.0013660817936735625,0.0,-0.004965633986273865
1077,0.14949680735378015,0.1495390918402185,0.09947643979057591,-0.1588664320185783,-0.14937775182510526,0.14891548338130786,0.15124615909866848,0.09713375796178345,0.011023622047244053,-0.058023317983477374,0.19084277912844166,0.18402185046090816,0.1481132075471698,0.2773068688994521,0.16303185526293096,0.19666567030719728,0.19733697507681802,0.05829596412556054,-0.11435102870205738,-0.1505055843416686,-0.0005813239724722918,0.0017070672584499902,-0.0023426818287924644
1078,0.15515767148675924,0.1505633321952885,0.09938837920489296,-0.13112559169097804,-0.1418252233049222,0.15585106059755388,0.15568453397063844,0.0935720097640358,0.04867418509597965,-0.052222022964966586,0.200905996700545,0.19460566746329805,0.1576402321083172,0.30809527965697237,0.16895043357036688,0.20554237658169758,0.2099692727893479,0.06751687921980495,-0.1667783969886666,-0.1701806664504777,0.0006933891107946399,0.005121201775349943,-0.005816369440857158
1079,0.14118750813239112,0.1399795151928986,0.10205635948210205,-0.1587947882736156,-0.15597100153930188,0.1408985490828142,0.1389552748378286,0.1016949152542373,-0.01691469204402718,-0.0718717413972888,0.17764810627430022,0.17173096620006828,0.14985308521057786,0.296631609574702,0.17588013307512784,0.18711168010334428,0.19016729259132809,0.06117824773413897,-0.15281414773654667,-0.16847224291176321,-0.00028895904957690344,-0.0010242403550700108,-0.00036144422786475727
1080,0.14080699821529907,0.13827244793444862,0.09582689335394126,-0.13426558043570602,-0.13250074449076832,0.1398618004176953,0.14271082280641859,0.08695652173913043,0.052098504156805614,-0.04730308219178081,0.18255835478345847,0.18094912939569818,0.14940239043824702,0.29350802536561693,0.19693021639865005,0.18809206181951943,0.1905087060430181,0.051067073170731704,-0.13847927665513682,-0.15294818344252525,-0.0009451977976037695,0.004438374871969963,-0.00887037161481083
1081,0.14711540318765032,0.14339364970979857,0.11330798479087452,-0.1506307949536404,-0.1366552440665938,0.1489857378288699,0.14749061113007852,0.1096,0.021334115041365398,-0.06315101331957307,0.1950887547700982,0.1908501194947081,0.17374517374517376,0.3006318806592404,0.17884753098600292,0.19559974686673345,0.19938545578695802,0.0738255033557047,-0.15395305408985305,-0.1660569363654022,0.0018703346412195787,0.00409696142027996,-0.003707984790874516
1082,0.15482419851100068,0.1502219187435985,0.1159090909090909,-0.19298944190610468,-0.1469863786093717,0.1536275807774191,0.15397746671218845,0.11102106969205834,0.053452762840060175,-0.049632262021347184,0.19253551058258336,0.18709457152611814,0.16889312977099236,0.30608517580231964,0.16092431571554333,0.19983587979484047,0.20177534994878799,0.07482993197278912,-0.12861290171850903,-0.15038245244383774,-0.0011966177335815953,0.003755547968589956,-0.004888021217032565
1083,0.15808657929902417,0.15602594742232845,0.11461538461538462,-0.16341327384272164,-0.13181559194391457,0.15749830507545373,0.15500170706725844,0.10775510204081633,-0.0010947925058354402,-0.0467677806128769,0.19592699046168746,0.1908501194947081,0.17270992366412213,0.2509140484600607,0.15394505412837223,0.20331607245818362,0.2096278593376579,0.06909643128321943,-0.14102166862903065,-0.15109309584561648,-0.0005882742235704397,-0.0010242403550700108,-0.006860282574568291
1084,0.1402580394509727,0.13793103448275862,0.09014514896867838,-0.20742637413003195,-0.15048242904583709,0.14065263230344188,0.14202799590303858,0.08244023083264633,-0.031305317519176756,-0.041405093018500705,0.180726490962891,0.1782178217821782,0.14313346228239845,0.2520268429248611,0.1619786897824702,0.19322513920646273,0.198702628883578,0.06319702602230483,-0.19039782600457977,-0.19138643005608824,0.00039459285246917775,0.00409696142027996,-0.007704918136032052
1085,0.13616457311305194,0.13519972686923865,0.08827893175074183,-0.1724386442627549,-0.14781905878805246,0.13629803503825505,0.13622396722430863,0.08392156862745098,-0.022942945288397687,-0.06572810176446142,0.17735756011623993,0.1710481392966883,0.13665743305632502,0.2916638561188879,0.15018236054416134,0.1823762252544598,0.18607033117104813,0.049635036496350364,-0.15197193949097731,-0.17255879926091544,0.00013346192520310995,0.001024240355069983,-0.004357363123290853
1086,0.14916092771834846,0.1481734380334585,0.11616954474097331,-0.18458912705185482,-0.1228922846352436,0.14735628461152928,0.14373506316148857,0.10596026490066225,-0.014987199437779264,-0.04767924138428936,0.18354174826069575,0.17787640833048823,0.17352941176470588,0.2636915817479042,0.16656397272448897,0.18996663775176956,0.18777739842949812,0.06279434850863422,-0.1448722453692084,-0.1228922846352436,-0.001804643106819187,-0.004438374871969936,-0.010209279840311059
1087,0.1410322197312188,0.1396381017412086,0.09327217125382263,-0.17325164164466644,-0.13714082753533874,0.14150953318572268,0.1406623420962786,0.08204711616571893,0.00721979853324084,-0.04990049972897315,0.18339192230870224,0.18265619665414817,0.15570599613152805,0.2335125315074541,0.17329878050289715,0.18785536928776161,0.1894844656879481,0.05509433962264151,-0.14342790244043668,-0.15640167912895186,0.00047731345450388596,0.001024240355069983,-0.011225055088103703
1088,0.15072567001996748,0.1485148514851485,0.12490421455938697,-0.15568468152342207,-0.14311564993711845,0.15009238759770813,0.14578354387162853,0.1200960768614892,-0.02291358142172062,-0.0795296411411448,0.18997690316124735,0.18572891771935815,0.17458777885548013,0.3233019505686763,0.1680016073860381,0.1980794412440025,0.20314100375554797,0.08195488721804511,-0.1609422362846613,-0.17150226100674948,-0.0006332824222593514,-0.002731307613519973,-0.004808137697897771
1089,0.1429885420399376,0.14339364970979857,0.10439970171513796,-0.18785007335089343,-0.14180037767067444,0.13968938832020386,0.13690679412768864,0.09090909090909091,-0.008711914136198873,-0.05630315889846971,0.1822845283573863,0.17719358142710823,0.15065913370998116,0.3088505169535358,0.17206441229570868,0.18658640950868016,0.1888016387845681,0.05699481865284974,-0.15359327343777318,-0.15305001171964883,-0.003299153719733744,-0.006486855582109929,-0.013490610806047049
1090,0.14402095343469895,0.14202799590303858,0.09431137724550898,-0.17851629683256542,-0.15852781074586408,0.14127232627844966,0.13690679412768864,0.08643933386201427,-0.020663594611262326,-0.07375052667482596,0.18488876127962592,0.18265619665414817,0.14864864864864866,0.30625557815546445,0.18058132553828865,0.18760940533819317,0.19426425401160805,0.055350553505535055,-0.1863726380222399,-0.18000472271052714,-0.0027486271562492948,-0.005121201775349943,-0.007872043383494703
1091,0.14286297870713258,0.13793103448275862,0.10659509202453987,-0.17347681733457598,-0.1627775076972937,0.14214883723116806,0.13554114032092865,0.10470779220779221,0.011620456663560152,-0.08061154531742765,0.18619203792749617,0.1819733697507682,0.15430861723446893,0.37099545666356015,0.18642783241713723,0.19395549187045877,0.200409696142028,0.06444275966641395,-0.16858399347623487,-0.1798954165264326,-0.0007141414759645193,-0.0023898941618299696,-0.0018872998167476646
1092,0.13008134480860092,0.12529873677022874,0.09691629955947137,-0.15528235809134694,-0.1441175390940459,0.1319348519110034,0.12734721748036873,0.09160892994611239,-0.008317525171457785,-0.07354452683356583,0.18019379848446307,0.1782178217821782,0.1472795497185741,0.3058441558441559,0.187463597875829,0.1792130136487064,0.18231478320245817,0.06276747503566334,-0.17506931270976223,-0.18892580084673172,0.0018535071024024796,0.0020484807101399938,-0.005307369613358981
1093,0.1514216520014971,0.14919767838852852,0.10764430577223089,-0.14454961095736962,-0.1405095119902876,0.15023980862273517,0.1481734380334585,0.1077943615257048,0.04751356933243356,-0.053717025032767984,0.1916847413908953,0.18538750426766815,0.16407766990291262,0.25852033503756233,0.14727610265833024,0.20179736637650061,0.2092864458859679,0.07235338918507235,-0.13733856335239814,-0.17591171061769695,-0.0011818433787619265,-0.0010242403550700108,0.0001500557534739183
1094,0.14096529587251067,0.13793103448275862,0.09591078066914498,-0.16776391156170345,-0.15840041195761168,0.1405058874390707,0.13724820757937864,0.09169278996865204,-0.003998768508176598,-0.08057996831474357,0.18329654730601636,0.18094912939569818,0.1555977229601518,0.29083970558753613,0.1697988503623108,0.1882283290267634,0.1905087060430181,0.05929721815519766,-0.17904960334507547,-0.1820848948054412,-0.00045940843343997284,-0.0006828269033799794,-0.004217990700492932
1095,0.13135324075785257,0.1280300443837487,0.09711684370257967,-0.17892960462873675,-0.1550495856372851,0.12937979234624275,0.12529873677022874,0.1008,-0.07405576984892315,-0.07788903538467029,0.17188102490973112,0.16558552406964835,0.1492094861660079,0.2880665380906461,0.19217289049948172,0.17672585351792383,0.1812905428473882,0.05772113943028486,-0.18002250080360016,-0.17320500922613558,-0.0019734484116098183,-0.002731307613519973,0.0036831562974203313
1096,0.1536453271340931,0.1498805052919085,0.10479041916167664,-0.17264910300582148,-0.13710167050124866,0.15338311155249995,0.15329463980880847,0.09610802223987291,0.00831650231673986,-0.050462853715611655,0.19395581267213427,0.19187435984977808,0.1671388101983003,0.30255732446239747,0.1745730340392897,0.19889683380574438,0.20416524411061795,0.06626954579300075,-0.12377480099798022,-0.14497792657267017,-0.00026221558159314484,0.0034141345168999804,-0.008682396921803726
1097,0.1528222228297275,0.15158757255035848,0.10381679389312977,-0.1739153971914552,-0.14691173444213856,0.15010733054818315,0.14783202458176853,0.09090909090909091,0.0012487233067347558,-0.05838459573982746,0.1932937180457968,0.1894844656879481,0.15551181102362205,0.2546078250921203,0.18676748066657245,0.20089943761897103,0.20621372482075795,0.06580937972768533,-0.1537102601025685,-0.16053129424249413,-0.00271489228154434,-0.003755547968589956,-0.012907702984038857
1098,0.1398300564223253,0.13485831341754864,0.11485451761102604,-0.1395341170092348,-0.1330054775948064,0.13893349843091216,0.13793103448275862,0.10378912685337727,0.07838651657404938,-0.028814894901433075,0.18022239372327517,0.17651075452372825,0.16862745098039217,0.2905376446497452,0.1908913338215502,0.1812034597671587,0.18094912939569818,0.0629742033383915,-0.13229750867257406,-0.1465955535982899,-0.0008965579914131383,0.003072721065209977,-0.011065390757648771
1099,0.147828283230787,0.14783202458176853,0.10703125,-0.11831178238363527,-0.13255698441541053,0.14665633622584862,0.14680778422669855,0.09950657894736842,0.015211433823738019,-0.05957208943116021,0.18525640361284848,0.18299761010583818,0.1533135509396637,0.2853992552203606,0.1742076523152668,0.19034056398122723,0.19153294639808807,0.053446940356312936,-0.11831178238363527,-0.1451012632408285,-0.0011719470049383895,-0.001024240355069983,-0.007524671052631576
1100,0.14316242344741462,0.1389552748378286,0.10612855007473841,-0.12893710032876915,-0.1467804475737956,0.14269321484858208,0.13690679412768864,0.09960474308300395,0.00569204089743125,-0.0645141436273664,0.1906611383397174,0.18811881188118812,0.17281553398058253,0.29846273348025576,0.20031573893990495,0.18944930379128772,0.19324001365653806,0.0625,-0.1336825752375448,-0.15354206159678963,-0.00046920859883253785,-0.002048480710139966,-0.006523806991734465
1101,0.14653036556732413,0.14475930351655855,0.10453216374269006,-0.16383072291194478,-0.15730770349883383,0.14665145943352614,0.14510071696824856,0.10224632068164213,0.04418978105094751,-0.0709436146703849,0.18613530905340603,0.1816319562990782,0.1542056074766355,0.3244577016219702,0.17693253638269557,0.1889517923908527,0.19153294639808807,0.05703971119133574,-0.1517798689449732,-0.17637509973368615,0.00012109386620201557,0.0003414134516900036,-0.0022858430610479263
1102,0.15258117488135495,0.15397746671218845,0.09900990099009901,-0.1871940916253726,-0.15219936547940038,0.15298186461676816,0.15124615909866848,0.08435708435708436,-0.009825140969413892,-0.04773663674315798,0.19473396274891064,0.19187435984977808,0.15324927255092144,0.28089081278122685,0.1680016073860381,0.2015556462479081,0.200409696142028,0.051028179741051026,-0.15086290368513988,-0.15219936547940038,0.0004006897354132122,-0.002731307613519973,-0.014652816633014654
1103,0.13754195152807475,0.13656538067599863,0.09217660728117738,-0.17155655095184774,-0.13849148115905985,0.13328697103972179,0.13110276544895869,0.08813838550247118,-0.022247107129526045,-0.050823902499689044,0.17300335787342114,0.1710481392966883,0.15566502463054188,0.27073534901082486,0.17574555403556769,0.1816488135938936,0.18265619665414817,0.05555555555555555,-0.14852556924225457,-0.1646779007586121,-0.004254980488352961,-0.005462615227039946,-0.004038221778706205
1104,0.14370693595680697,0.14236940935472858,0.10149253731343283,-0.158933604697179,-0.15182882049276625,0.14260064785815432,0.1406623420962786,0.09482758620689655,-0.008023808946930555,-0.07966196419801175,0.18922799860928152,0.18572891771935815,0.16218809980806143,0.26928823524660994,0.18419810412968407,0.18756743809597062,0.1905087060430181,0.05588673621460507,-0.12390061299154409,-0.1540840347519773,-0.0011062880986526524,-0.0017070672584499902,-0.006664951106536282
1105,0.1460139328735452,0.14407647661317857,0.1039453717754173,-0.17136746494864408,-0.1447223293863944,0.14796940833329184,0.14714919767838852,0.0973017170891251,0.004476363988417442,-0.03717999129497185,0.1925657700684651,0.1911915329463981,0.16897233201581027,0.3255283007243507,0.20167720172913517,0.19416619640673558,0.200409696142028,0.06254709871891484,-0.15208723893010845,-0.15491055088979244,0.0019554754597466417,0.003072721065209949,-0.006643654686292189
1106,0.1466035093705457,0.14236940935472858,0.10029940119760479,-0.1735063460624796,-0.1622796814666596,0.1427891939743862,0.1403209286445886,0.09061748195669607,0.016536166694432586,-0.06159326602946402,0.1810553963497842,0.17787640833048823,0.1413562559694365,0.24782037280417601,0.1646683416945709,0.19043881383181155,0.19528849436667806,0.05223880597014925,-0.16756443243309949,-0.16680491362114025,-0.0038143153961595067,-0.0020484807101399938,-0.00968191924090872
1107,0.14476218809479208,0.14373506316148857,0.10091047040971168,-0.1699623419579318,-0.1625988625855459,0.14231704706856516,0.1403209286445886,0.09936908517350158,-0.033176305502656156,-0.1057622852836102,0.18714326116583016,0.18265619665414817,0.14705882352941177,0.3080871719239966,0.17614713813399085,0.19360430545550922,0.19699556162512802,0.05568096313017306,-0.17578287203425025,-0.17510290959197172,-0.0024451410262269213,-0.0034141345168999804,-0.0015413852362100994
1108,0.14216381942051332,0.1406623420962786,0.10275502606105734,-0.16502525252525246,-0.14590599468648247,0.14162553812920659,0.14202799590303858,0.10600155884645363,-0.02990319865319868,-0.07838221984563443,0.1835316226498862,0.1802663024923182,0.16573556797020483,0.2543595679012346,0.15682559584998612,0.1868076986067628,0.18709457152611814,0.05925925925925926,-0.15540824915824913,-0.15378376841791475,-0.0005382812913067303,0.0013656538067599866,0.003246532785396286
1109,0.14668748492549213,0.1413451689996586,0.1049808429118774,-0.1831185396812156,-0.1412369178586571,0.14633902501236315,0.14441789006486855,0.1,-0.023354465136001257,-0.06746430227339784,0.18221401070303164,0.1799248890406282,0.15279138099902057,0.2787034526863109,0.181092664083091,0.19248171788614743,0.19631273472174804,0.0634441087613293,-0.15657345039239812,-0.16280122087588667,-0.0003484599131289845,0.003072721065209949,-0.004980842911877392
1110,0.15599930114847818,0.15261181290542847,0.11171032357473036,-0.14907857879994102,-0.1304830460466999,0.15705585540767592,0.15875725503584842,0.11165048543689321,-0.022615361934247402,-0.060161547045722186,0.20052509105815214,0.19494708091498805,0.17635843660629172,0.2374170720919947,0.15193716768303356,0.2079671823410862,0.2113349265961079,0.07575757575757576,-0.16243550051599587,-0.15543583601478883,0.001056554259197734,0.006145442130419954,-5.983813783715097e-05
1111,0.15338893884684077,0.15158757255035848,0.10936329588014981,-0.14813877395310615,-0.14154115909929865,0.152062651176953,0.14749061113007852,0.10223642172523961,0.02647863661707306,-0.048042328042328,0.1979035277419118,0.19426425401160805,0.17563739376770537,0.32930018780995973,0.1693706164636397,0.19968418018186376,0.202116763400478,0.058602554470323066,-0.1363144496287818,-0.13703519133751696,-0.0013262876698877657,-0.00409696142027996,-0.007126874154910201
1112,0.15202446491110916,0.1498805052919085,0.12585812356979406,-0.16271247047866144,-0.14147642998189358,0.1518324965402777,0.14919767838852852,0.11491442542787286,0.003334663872534449,-0.04628469448920414,0.1903986984074582,0.18811881188118812,0.18304431599229287,0.2617129029039018,0.16789671036934728,0.19700358774661342,0.19801980198019803,0.07333842627960276,-0.12401456940425104,-0.1392099600892105,-0.00019196837083146345,-0.0006828269033799794,-0.010943698141921199
1113,0.1472202739171629,0.14646637077500854,0.1000752445447705,-0.1903458968534938,-0.13107591715088762,0.1474030318400626,0.14714919767838852,0.0853950518754988,-0.013431471168476983,-0.04552926595961804,0.1960840211087366,0.19255718675315808,0.15056818181818182,0.3027780652099791,0.17621665883880422,0.19577646881137103,0.198702628883578,0.04794007490636704,-0.1541718475142957,-0.13782960013967205,0.00018275792289967896,0.0006828269033799794,-0.014680192669271702
1114,0.15438821835582264,0.15158757255035848,0.11556240369799692,-0.18411445067074206,-0.14457380529741404,0.15519122444081718,0.15329463980880847,0.10231023102310231,0.016943453897096283,-0.04670415728158239,0.19132359081347014,0.18675315807442813,0.17159763313609466,0.2802275428765496,0.17862363698742523,0.19616476257338453,0.19665414817343804,0.06769230769230769,-0.13371200543385975,-0.1468498436233635,0.0008030060849945342,0.0017070672584499902,-0.013252172674894605
1115,0.14822374702467728,0.14612495732331854,0.10743193524650478,-0.17794371902002415,-0.1472131996097944,0.14902110397946097,0.14783202458176853,0.0986024844720497,-0.019897355530735905,-0.06757878004070506,0.19260368075714648,0.19255718675315808,0.16089803554724041,0.29188960554194365,0.1780541479259221,0.19258447785098295,0.19494708091498805,0.05998536942209217,-0.13160167084768426,-0.1561860919556073,0.0007973569547836956,0.0017070672584499902,-0.008829450774455086
1116,0.137370782381572,0.13485831341754864,0.09435364041604755,-0.18579522460542297,-0.14093969202978585,0.1369548372062166,0.13485831341754864,0.09233176838810642,0.0006802721088435826,-0.06454354239376403,0.177760118336212,0.17275520655513826,0.15520446096654275,0.31694706211096335,0.1623979609367714,0.18325230789241034,0.18265619665414817,0.055596196049743966,-0.16709063228690912,-0.16453262059385143,-0.00041594517535539777,0.0,-0.0020218720279411295
1117,0.15158136613322087,0.1498805052919085,0.09264931087289434,-0.18823766974607503,-0.14613237045860628,0.15045131985542856,0.14612495732331854,0.08776167471819646,-0.022478671311020215,-0.07343036529680369,0.1973479735377373,0.19631273472174804,0.17117988394584138,0.28814579231662374,0.16285115147905493,0.2041426568278761,0.2092864458859679,0.06510219530658592,-0.1899278105911455,-0.16317190291840378,-0.0011300462777923126,-0.003755547968589956,-0.00488763615469788
1118,0.1461648734139679,0.14373506316148857,0.10841546626231995,-0.1533599105379343,-0.1543016182889666,0.14569369525783193,0.14510071696824856,0.1045016077170418,-0.014635616358777748,-0.0692352888522999,0.18453365774571825,0.1806077159440082,0.16422287390029325,0.2853999651446496,0.18142682855441128,0.19118832724566137,0.19528849436667806,0.060514372163388806,-0.15180231207156958,-0.15770427146643318,-0.00047117815613595404,0.0013656538067599866,-0.003913858545278148
1119,0.15100227332221333,0.14919767838852852,0.10790273556231003,-0.1787107379270514,-0.16032539949346847,0.14977695249399234,0.15124615909866848,0.0983739837398374,-0.019103469723221744,-0.06256648653413899,0.18861091977416525,0.18675315807442813,0.16338582677165353,0.2970189701897019,0.18069406431814572,0.1964555976377654,0.19938545578695802,0.07148231753197894,-0.16177528988404644,-0.17510290959197172,-0.0012253208282209938,0.002048480710139966,-0.009528751822472634
1120,0.1501763807272541,0.1485148514851485,0.10892586989409984,-0.16090498501540673,-0.1408362529524021,0.1495133275462622,0.14680778422669855,0.10184442662389735,-0.009096281288253016,-0.05609402021903698,0.1941258043322335,0.19153294639808807,0.15972894482090996,0.33483179266388086,0.18570381718016482,0.20001467104382553,0.202116763400478,0.06221889055472264,-0.14433751213541013,-0.15439501018974044,-0.0006630531809918849,-0.0017070672584499624,-0.007081443270202492
1121,0.14145365265065643,0.1399795151928986,0.10200927357032458,-0.1764670203550911,-0.13437794825959581,0.14305756261607563,0.1410037555479686,0.0946938775510204,0.016020228096811362,-0.05596107055961075,0.1865906340898516,0.18436326391259816,0.16310679611650486,0.2807596150747844,0.16565184467947758,0.18861660541564093,0.19016729259132809,0.05828220858895705,-0.14647173999162222,-0.14574271314365173,0.0016039099654192035,0.001024240355069983,-0.007315396019304171
1122,0.15471734730850317,0.15602594742232845,0.11725168035847648,-0.19946744403266148,-0.16849484622765631,0.1533989540982131,0.1498805052919085,0.10388580491673276,-0.014300671909367568,-0.08019692653154087,0.20195767586443994,0.199726869238648,0.16829745596868884,0.28525641025641024,0.1903569556142486,0.20425324720542823,0.20689655172413793,0.06580937972768533,-0.14951866582301354,-0.1492504278323491,-0.0013183932102900642,-0.006145442130419954,-0.013365875441743724
1123,0.148115716081129,0.14783202458176853,0.11818181818181818,-0.17923360238225838,-0.15920423457565114,0.1476056084027757,0.1495390918402185,0.11228641171684296,0.013225844369563533,-0.05589980857610066,0.1845828826391347,0.1795834755889382,0.1701923076923077,0.23589060418462504,0.1586555377306581,0.19462338749452066,0.19460566746329805,0.06458966565349544,-0.13942285087375594,-0.15466338068556107,-0.0005101076783532998,0.0017070672584499624,-0.005895406464975217
1124,0.1502481581624513,0.14612495732331854,0.11169415292353824,-0.17608634111818822,-0.15626708317063653,0.1516669757137538,0.15466029361556846,0.1086082059533387,0.03363411181882514,-0.05340397849777678,0.19545372596006838,0.1908501194947081,0.1724137931034483,0.31290162774239205,0.171538415237378,0.1971990724239913,0.19699556162512802,0.0690172543135784,-0.1316100495399859,-0.15513671938302265,0.0014188175513024925,0.008535336292249923,-0.003085946970199538
1125,0.1459083010404378,0.14305223625810856,0.0947119179163378,-0.11329213430675111,-0.1366313645175069,0.14399426535248416,0.13793103448275862,0.08803986710963455,0.02194470820815364,-0.06443974722639001,0.18626204829048967,0.1812905428473882,0.14649033570701933,0.30269804330567707,0.18880386263609894,0.1945315344864001,0.19699556162512802,0.048513302034428794,-0.16000879500630438,-0.14923625007627328,-0.0019140356879536469,-0.005121201775349943,-0.0066720508067032586
1126,0.15859755747068652,0.15807442813246841,0.12198912198912198,-0.12580733442802405,-0.12829825707465747,0.15812830168594305,0.15636736087401842,0.11871393239901072,0.08778325123152708,-0.04416118768302957,0.1977617448214576,0.19460566746329805,0.18507751937984496,0.28267104542966615,0.1616335360991954,0.20197927291951662,0.20587231136906795,0.07614607614607614,-0.11754789272030652,-0.12829825707465747,-0.0004692557847434664,-0.0017070672584499902,-0.003275189590111263
1127,0.15420323559013144,0.15397746671218845,0.1117061973986228,-0.1794812293729373,-0.13227005866001929,0.1519592758763065,0.1519289860020485,0.11003236245954692,-0.03735892562470533,-0.05189631124432448,0.19056181707440048,0.1819733697507682,0.17228103946102022,0.26477413366336633,0.17111253721894137,0.19905644085123983,0.20314100375554797,0.06852409638554217,-0.15429042904290424,-0.15604257550128098,-0.0022439597138249334,-0.002048480710139966,-0.0016738349390758717
1128,0.14567998389717565,0.14202799590303858,0.09877488514548238,-0.17553572009234875,-0.17269182638148217,0.144769128471349,0.14646637077500854,0.08828382838283828,0.015600104054888986,-0.06521435047920687,0.1843247569430264,0.17719358142710823,0.13373253493013973,0.2572838422267746,0.17489490419608889,0.1959686512634908,0.199726869238648,0.05525709900230238,-0.14669300556043308,-0.169261694171835,-0.0009108554258266399,0.004438374871969963,-0.0104910567626441
1129,0.1527876721205041,0.1495390918402185,0.11526717557251909,-0.18865340028425337,-0.15256157207408505,0.15278766839341976,0.15227039945373846,0.11129032258064517,-0.023356212112576102,-0.07300821788569445,0.19421564564752486,0.1911915329463981,0.17094861660079053,0.2874011042856801,0.1861084214707781,0.2023401251934867,0.20279959030385797,0.06935975609756098,-0.14989492186709952,-0.15483452505089623,-3.7270843356029815e-09,0.002731307613519973,-0.003976852991873919
1130,0.15198506791675837,0.1481734380334585,0.11233307148468186,-0.18285538082022823,-0.1520986433899445,0.15418355013808763,0.15500170706725844,0.10441426146010187,0.05433926062973238,-0.04299214435715948,0.20000140196520913,0.19392284055991807,0.17418677859391396,0.3587784515937461,0.21541798493101538,0.20290398711890373,0.20450665756230796,0.0631911532385466,-0.12151528648599264,-0.14405921714542347,0.002198482221329262,0.006828269033799933,-0.00791881002457999
1131,0.14625922747175998,0.14510071696824856,0.11403508771929824,-0.18355013807839127,-0.1619412868336828,0.1447213034247756,0.14646637077500854,0.10973724884080371,-0.013373129925653093,-0.07886608051600874,0.18544613449366676,0.1819733697507682,0.16495806150978565,0.2976263713231656,0.16923690051380158,0.1878507714174112,0.1894844656879481,0.06501095690284879,-0.1600797225623779,-0.16306392475689468,-0.0015379240469843847,0.0013656538067599866,-0.004297838878494525
1132,0.15063780981367167,0.1498805052919085,0.10162916989914662,-0.1640686931847648,-0.15515862603241248,0.1521783133144539,0.15329463980880847,0.09265442404006678,0.04989368559087837,-0.05106083892491653,0.19658114583854344,0.19255718675315808,0.16019900497512438,0.2856690399105033,0.16971798428109108,0.20183599008304756,0.20553089791737794,0.06563706563706563,-0.13757158627025345,-0.16202221639114844,0.0015405035007822199,0.0034141345168999804,-0.008974745859079841
1133,0.1517893160972101,0.14680778422669855,0.09848484848484848,-0.15659972931938249,-0.14324384428163728,0.15208878545094306,0.1502219187435985,0.09493161705551086,-0.015254982515680915,-0.05615139422542348,0.19170760297932257,0.18641174462273813,0.16730038022813687,0.2824078208836279,0.15988312474518473,0.20109199982141326,0.20484807101399796,0.07116382505559674,-0.188150509415426,-0.1760448969002113,0.00029946935373295624,0.0034141345168999526,-0.003553231429337625
1134,0.15241968276328788,0.1502219187435985,0.10037453183520599,-0.1580343141776589,-0.13505059724128987,0.15218294257099174,0.15090474564697848,0.1007137192704203,-0.025620330227838717,-0.051803305278879996,0.19214864943162963,0.1888016387845681,0.16338028169014085,0.2602004735110538,0.1686895220810164,0.197891818779661,0.20450665756230796,0.07697893972403776,-0.1946622390308398,-0.18229906024698195,-0.00023674019229613652,0.0006828269033799794,0.0003391874352143137
1135,0.15202113052577182,0.1502219187435985,0.10370931112793338,-0.17262611390336402,-0.15939633092579775,0.15319708222437411,0.15158757255035848,0.09910641754670999,0.03992129444050452,-0.05724963242313119,0.19658123386141466,0.1911915329463981,0.15406976744186046,0.2961614658814098,0.1686080675994317,0.20249457308034946,0.2096278593376579,0.06170052671181339,-0.14087986802750452,-0.16847603745936812,0.0011759516986022955,0.0013656538067599866,-0.0046028935812233995
1136,0.14294423409280768,0.1389552748378286,0.10427606901725431,-0.15202108110520562,-0.1467295121566462,0.13693606757483928,0.13246841925571867,0.09293089753772836,0.01047651758149426,-0.06323637430244711,0.17565175467417962,0.16968248548992831,0.1515729265967588,0.32377271060245316,0.1737036115000099,0.182570509347095,0.18470467736428817,0.054804804804804805,-0.13702718383678447,-0.14560122650996776,-0.0060081665179684,-0.006486855582109929,-0.011345171479525948
1137,0.14939662788277666,0.14680778422669855,0.11394302848575712,-0.19366279359696803,-0.16189500732013284,0.14975145192257158,0.14612495732331854,0.10714285714285714,-0.024638707425322925,-0.07814292076547236,0.18620143847486273,0.18299761010583818,0.15839694656488548,0.293927093203012,0.1617954893640957,0.19322426588120198,0.19426425401160805,0.06770833333333333,-0.14344387373460332,-0.17321285685454657,0.00035482403979492094,-0.0006828269033800072,-0.00680017134289998
1138,0.15286701679865325,0.15329463980880847,0.10128495842781557,-0.1615401315735575,-0.1447672609256213,0.154315825940295,0.15705018777739843,0.10151878497202238,0.029946092527506685,-0.06336415773796289,0.1964545534245285,0.19221577330146808,0.17156398104265402,0.2951024487756122,0.15823317871732934,0.20245622427954477,0.20450665756230796,0.06596701649175413,-0.14614823735673144,-0.15720384613484684,0.0014488091416417492,0.003755547968589956,0.00023382654420681104
1139,0.15008295797186916,0.14714919767838852,0.09565857247976453,-0.1730849104658908,-0.17982053654024055,0.15027394123980206,0.14680778422669855,0.09212598425196851,0.007472277732063826,-0.0793216157878508,0.1833103237586995,0.17890064868555822,0.14832535885167464,0.29062340817366095,0.17474868948504474,0.1939053632608229,0.19733697507681802,0.06153846153846154,-0.1752047333568434,-0.18659574468085105,0.00019098326793290377,-0.00034141345168997583,-0.0035325882277960213
1140,0.14292845202405155,0.13758962103106862,0.10514541387024609,-0.17954182421093068,-0.16136734376580975,0.13919226381519356,0.1314441789006487,0.0937746256895193,-0.015205127686677367,-0.08003153927972972,0.17940992005104425,0.17548651416865824,0.1577437858508604,0.2873668034858564,0.17188352183687916,0.18753103955203831,0.18777739842949812,0.056179775280898875,-0.1600541884869685,-0.15458936005863644,-0.003736188208857988,-0.006145442130419926,-0.011370788180726787
1141,0.14248098957296806,0.1396381017412086,0.100647016534867,-0.16879443382770543,-0.14440465382925116,0.14420592279718625,0.14271082280641859,0.09770992366412214,0.001209876588888048,-0.054192384836582175,0.18491235596397315,0.1812905428473882,0.1557155715571557,0.31572044080947037,0.16744022663923397,0.18653126411670193,0.18846022533287812,0.05998588567395907,-0.1652998514478745,-0.17336167844418182,0.0017249332242181836,0.003072721065209977,-0.0029370928707448674
1142,0.1472550982473228,0.14407647661317857,0.09527498063516654,-0.19432860208760117,-0.1375493179183852,0.1456702445545778,0.14680778422669855,0.08806584362139917,-0.003932543166520364,-0.05104010180480345,0.18450962503198215,0.1812905428473882,0.14271749755620725,0.26297637628849224,0.16750949679792937,0.19572240266187751,0.19767838852850803,0.04984662576687116,-0.17649904074399247,-0.15234694699044526,-0.0015848536927449974,0.002731307613519973,-0.007209137013767367
1143,0.14732335938909982,0.14544213041993856,0.11222136817832437,-0.15334784123441714,-0.1508221793279827,0.14287168845541598,0.14236940935472858,0.10561056105610561,0.023274914627229415,-0.0494688339349203,0.17872966882695088,0.17343803345851827,0.16213592233009708,0.2431992109856116,0.15779306338572374,0.193154310692372,0.19358142710822807,0.06503442999234889,-0.16117739527634856,-0.15765498912976206,-0.004451670933683843,-0.003072721065209977,-0.006610807122218759
1144,0.1401837482438526,0.13622396722430863,0.1111963190184049,-0.17346319817619282,-0.14010195454196084,0.13866945280723914,0.13758962103106862,0.10832659660468877,0.00465722195082241,-0.06405941232330892,0.18273579414310237,0.17787640833048823,0.1640926640926641,0.3076371926396353,0.1640682143326465,0.1879367788119403,0.1908501194947081,0.06904400606980274,-0.1390347663247028,-0.15599144097570894,-0.0015142954366134664,0.0013656538067599866,-0.002869722413716136
1145,0.14495040229192147,0.1413451689996586,0.08276385725132877,-0.17902445555678448,-0.14921442632693238,0.14618506087918107,0.1488562649368385,0.07673667205169628,0.032848025489819466,-0.05966955143681363,0.1838652962995764,0.1799248890406282,0.13185755534167468,0.24980643959460014,0.16589285493196648,0.1936762333912762,0.198702628883578,0.049253731343283584,-0.18145972682271805,-0.1752844531936758,0.0012346585872596016,0.007511095937179912,-0.0060271851996324954
1146,0.14644211280582847,0.14339364970979857,0.11060259344012205,-0.17846325522078754,-0.14053980134597632,0.14532698708279734,0.14168658245134857,0.10754414125200643,-0.024257399436739435,-0.06689536878216129,0.18570899540341224,0.1816319562990782,0.17344961240310078,0.30102366149711923,0.17556476304332225,0.19496338988586562,0.19562990781836803,0.0683371298405467,-0.1411130848003158,-0.1473377489672515,-0.0011151257230311296,-0.0017070672584499902,-0.0030584521881156235
1147,0.14652274631355328,0.14202799590303858,0.09021406727828746,-0.18951805021073853,-0.1418252233049222,0.1442091252233155,0.14339364970979857,0.0874493927125506,-0.036122411581455016,-0.059027329319899846,0.1842087063773555,0.17890064868555822,0.14534883720930233,0.26221367051493494,0.17121886902201133,0.1932894479389286,0.19494708091498805,0.05785123966942149,-0.16669965182334612,-0.16791223099883323,-0.0023136210902377774,0.0013656538067599866,-0.002764674565736855
1148,0.14642076948204064,0.14236940935472858,0.10925039872408293,-0.16899074733096087,-0.14846420416132833,0.1464534774231216,0.14407647661317857,0.10067681895093063,-0.0010704626334518963,-0.0653624497090095,0.19017749371355733,0.1888016387845681,0.15745568300312826,0.28816702253855275,0.19202215088636643,0.2033240490837974,0.20689655172413793,0.06671899529042387,-0.16579074733096089,-0.17154802484252796,3.270794108095609e-05,0.0017070672584499902,-0.008573579773152304
1149,0.15287963030361076,0.1519289860020485,0.11339421613394216,-0.17497478916603448,-0.14957037775035065,0.1502596796668534,0.14544213041993856,0.10754414125200643,-0.04148676988978628,-0.07242672753498192,0.1939308427322116,0.19016729259132809,0.1769825918762089,0.26339029940654146,0.16807994666587367,0.20007024000455972,0.20587231136906795,0.08170914542728636,-0.15494355450448438,-0.1722596866372239,-0.002619950636757351,-0.006486855582109929,-0.0058500748819357296
1150,0.1517222960167075,0.1488562649368385,0.09970887918486172,-0.18870297130108504,-0.1603334499434853,0.1528484883493099,0.15090474564697848,0.09549689440993789,0.008133049386471969,-0.06394429401428758,0.1912170944830902,0.18607033117104813,0.15469613259668508,0.28419024439711993,0.16245814200545594,0.19646069644636602,0.198361215431888,0.05399568034557235,-0.1747490112564648,-0.1771455120241594,0.0011261923326023882,0.002048480710139966,-0.004211984774923835
1151,0.1465480061736456,0.14407647661317857,0.11014948859166011,-0.13837834571929186,-0.1345678549562045,0.1430007400110074,0.1389552748378286,0.09983498349834984,0.012295329587336146,-0.06707588309530055,0.18315278780894825,0.1802663024923182,0.17034068136272545,0.29841701407769916,0.17772550636628304,0.19566501000997785,0.19938545578695802,0.07358636715724244,-0.12944232976859404,-0.15744648948532447,-0.003547266162638202,-0.0051212017753499706,-0.010314505093310278
1152,0.13716710873478097,0.13485831341754864,0.09118086696562033,-0.15691070268332574,-0.15517250415502737,0.13554389919441315,0.13519972686923865,0.08925750394944708,0.028866475978521433,-0.07388657446015479,0.18228643250112675,0.17616934107203824,0.15090735434574976,0.2976975526695096,0.17335812836174924,0.18808322250951223,0.19460566746329805,0.05995558845299778,-0.14651682959798662,-0.16984913034993487,-0.0016232095403678204,0.0003414134516900036,-0.0019233630161732546
1153,0.14489879266824274,0.14305223625810856,0.1123076923076923,-0.15598124411074055,-0.15157503771572012,0.14560774983326186,0.14339364970979857,0.09836065573770492,0.01792391450664832,-0.06042884383778491,0.18911389928660413,0.18538750426766815,0.14989939637826963,0.35125600143585756,0.19705915386738193,0.19268433515452593,0.19597132127005804,0.06365030674846625,-0.12525426644131687,-0.1561323474096169,0.0007089571650191195,0.0003414134516900036,-0.013947036569987387
1154,0.1444824663883039,0.14168658245134857,0.09655172413793103,-0.17944170771756984,-0.15916811016330568,0.14535722299467957,0.14544213041993856,0.09023789991796555,0.016054137433447857,-0.061140447943075715,0.18315519955220283,0.17890064868555822,0.14650934119960668,0.27492859630790667,0.1691105726207206,0.19406177481205308,0.19460566746329805,0.05623100303951368,-0.1783092003781659,-0.1717065320751956,0.0008747566063756762,0.003755547968589984,-0.006313824219965486
1155,0.14995684800620404,0.1481734380334585,0.10609480812641084,-0.1650238444940072,-0.1440794989396854,0.14928934208140354,0.15431888016387846,0.10040485829959514,0.03371049339063259,-0.03797775805099379,0.19082121314197809,0.18607033117104813,0.15047619047619049,0.2756768028432066,0.1708394979533462,0.19586927972778298,0.19665414817343804,0.05538922155688623,-0.13330250775172714,-0.1519806924101198,-0.0006675059248004989,0.006145442130419954,-0.005689949826815699
1156,0.13982250420583556,0.13622396722430863,0.1024653312788906,-0.1716429120380074,-0.1474057744270929,0.13742177951424578,0.1283714578354387,0.0897119341563786,-0.0069534688744498085,-0.05288523883581009,0.1797962284075373,0.17616934107203824,0.1645193260654113,0.28815761894780967,0.18170789769195195,0.19041234438409455,0.19221577330146808,0.07061503416856492,-0.15834206665269335,-0.1690430054660612,-0.0024007246915897784,-0.007852509388869916,-0.012753397122512
1157,0.15334109604155952,0.15295322635711847,0.11751497005988024,-0.1708154659805603,-0.14359688643116453,0.15365630822216994,0.14919767838852852,0.11529411764705882,-0.0013579188107490925,-0.07486736810884143,0.19369261154360648,0.1888016387845681,0.1745589600742804,0.25227987421383646,0.14822188808492875,0.19793054663353113,0.198702628883578,0.07185185185185185,-0.14709834190966264,-0.15937087424284513,0.00031521218061042466,-0.003755547968589956,-0.0022208524128214113
1158,0.15246376185475327,0.15158757255035848,0.10827532869296211,-0.15591565539702457,-0.1445445243590031,0.15147848831377084,0.14646637077500854,0.0983739837398374,-0.004003974960649304,-0.07275025580127414,0.1931076190397206,0.18811881188118812,0.16221562809099901,0.32914922785664025,0.17682029680416456,0.19875168269864735,0.199044042335268,0.0568793235972329,-0.12838107396473308,-0.15366125687427024,-0.0009852735409824342,-0.005121201775349943,-0.00990134495312471
1159,0.1363470171058392,0.13485831341754864,0.09118311981914091,-0.13891778620460793,-0.1418220150909898,0.1376801806532149,0.13554114032092865,0.08989657915672236,0.036194354023811326,-0.06281008038664504,0.1787425599301675,0.17446227381358825,0.14807692307692308,0.3204003862918591,0.18212691719682395,0.18364950055906637,0.18641174462273813,0.05908096280087528,-0.17400285617339883,-0.19148665976229218,0.0013331635473756986,0.0006828269033800072,-0.0012865406624185532
1160,0.1453731467495988,0.1413451689996586,0.10091743119266056,-0.1664985097820918,-0.14746292097406122,0.1464999464274727,0.14544213041993856,0.096826688364524,0.02459149474074851,-0.05774133892321576,0.1855196587599691,0.1819733697507682,0.14800389483933787,0.26008458098010334,0.1716733392321107,0.19323303035264583,0.19597132127005804,0.055011303692539565,-0.18012501594591157,-0.16904152931540384,0.0011267996778738798,0.00409696142027996,-0.004090742828136554
1161,0.15475358888792473,0.15466029361556846,0.10977443609022557,-0.1874469761241061,-0.15924587806970758,0.15297961015734451,0.15261181290542847,0.10151878497202238,0.009332202157314229,-0.06979693744250937,0.1891086391803945,0.18607033117104813,0.16159695817490494,0.33211125924130414,0.15552381173233165,0.1987370745878992,0.19938545578695802,0.060674157303370786,-0.14864864864864868,-0.1649072034258594,-0.0017739787305802168,-0.0020484807101399938,-0.008255651118203186
1162,0.1535962063381604,0.15363605326049845,0.10454545454545454,-0.14836562462855096,-0.1385764600795124,0.151295180165641,0.1485148514851485,0.0945395273023635,0.04893220809065346,-0.03349609149013966,0.19064880828713388,0.1894844656879481,0.16297010607521698,0.2907999524545346,0.18118423143438533,0.19579249127183812,0.199726869238648,0.05709992486851991,-0.11460438210705648,-0.15100532088040586,-0.0023010261725193992,-0.005121201775349943,-0.010005927243091045
1163,0.1472524157117169,0.14475930351655855,0.10957854406130269,-0.16178782438956374,-0.12348653332983506,0.14663197712322001,0.14407647661317857,0.10475423045930701,-0.01970824546421035,-0.05114325092254912,0.19537938024396018,0.19324001365653806,0.1799043062200957,0.3375411750352928,0.17040805144976412,0.19711505121506773,0.199044042335268,0.07175226586102719,-0.1657266849085871,-0.14496344529449812,-0.000620438588496891,-0.0006828269033799794,-0.004824313601995672
1164,0.14440067189993486,0.14373506316148857,0.10471204188481675,-0.19009682425196162,-0.16811317393713887,0.1460860156934945,0.1498805052919085,0.09493161705551086,0.023020348392455148,-0.0616575785765181,0.1909289822856098,0.1888016387845681,0.14591439688715954,0.30220969116779217,0.18183128315256114,0.19283640683853243,0.19699556162512802,0.05259203606311044,-0.1526457281489738,-0.161318135935397,0.0016853437935596405,0.006145442130419926,-0.009780424829305898
1165,0.14643158431740597,0.14578354387162853,0.10841546626231995,-0.17407099730908193,-0.1477280599319135,0.1449350188184198,0.14578354387162853,0.09976057462090981,-0.007480513699038571,-0.07298264191275428,0.1903313105438209,0.1894844656879481,0.1565217391304348,0.31950180255736593,0.17390373881719579,0.19504179258431278,0.19938545578695802,0.053828658074298714,-0.142990297590893,-0.1477280599319135,-0.0014965654989861632,0.0,-0.008654891641410131
1166,0.14084079047088677,0.13827244793444862,0.11511895625479662,-0.1833962760236154,-0.14649005586203645,0.142277110796717,0.14236940935472858,0.1094650205761317,0.007736373704296806,-0.04643516253145186,0.1860936555501549,0.18299761010583818,0.1748046875,0.27400785588514154,0.170729435492885,0.1878639663913563,0.18641174462273813,0.07115531752104055,-0.136494012476994,-0.15103800555888114,0.0014363203258302426,0.00409696142027996,-0.005653935678664929
1167,0.14569689823064938,0.14578354387162853,0.1037593984962406,-0.15989408571539132,-0.15830662472425827,0.14437760561038032,0.14510071696824856,0.09455128205128205,0.02017309651872201,-0.06548060658218835,0.1855429534085997,0.1795834755889382,0.1464354527938343,0.28166603095984355,0.1722445618304299,0.19164738591838446,0.19801980198019803,0.06110283159463487,-0.16099229228509881,-0.17189092006212225,-0.001319292620269058,-0.0006828269033799794,-0.009208116444958558
1168,0.14382894552328676,0.14202799590303858,0.10342261904761904,-0.18146018527697916,-0.15261059375212482,0.14385423363926572,0.14339364970979857,0.10284810126582279,0.0019111507661125904,-0.062473520542520866,0.18160259592302405,0.1799248890406282,0.15114068441064638,0.276136501327341,0.17638972346293003,0.1870028887863985,0.1888016387845681,0.055350553505535055,-0.1547150898295937,-0.1650044413184455,2.5288115978960857e-05,0.0013656538067599866,-0.0005745177817962493
1169,0.15385930484653795,0.1502219187435985,0.1166023166023166,-0.15166919028048165,-0.1553555952856528,0.15110354803912424,0.14714919767838852,0.10901639344262296,0.005551950392962746,-0.06970511473546892,0.1855429503296753,0.1819733697507682,0.17004830917874397,0.27908765351984033,0.14156607062165127,0.1977678713943628,0.19801980198019803,0.06666666666666667,-0.11309995914149062,-0.14964556324897393,-0.0027557568074137173,-0.003072721065209977,-0.007585923159693642
1170,0.14174630989630976,0.1410037555479686,0.09225957779515247,-0.1763600584015742,-0.14182063649465848,0.1410718700970288,0.13861386138613863,0.08792111750205424,-0.0447098511848083,-0.0709312374952854,0.1848759370930231,0.17924206213724822,0.1487437185929648,0.28763682201122687,0.18289854601859878,0.19354697724864497,0.19562990781836803,0.054531490015360985,-0.20062391743976205,-0.16811831676861944,-0.0006744397992809736,-0.0023898941618299696,-0.0043384602930982286
1171,0.15724246689539234,0.1519289860020485,0.1155893536121673,-0.19854018305331045,-0.1450717664268264,0.15468272036854566,0.1505633321952885,0.10817307692307693,-0.054404256399639084,-0.06916135132258627,0.19884251116974203,0.19494708091498805,0.1726133076181292,0.32003859510685917,0.16989980669225957,0.2048825443550086,0.21065209969272788,0.06610942249240122,-0.1459563031512826,-0.146204757697039,-0.002559746526846679,-0.0013656538067599866,-0.0074162766890903675
1172,0.1492207738602626,0.14680778422669855,0.11295180722891567,-0.1648515538290788,-0.15135609021599794,0.14755310866722682,0.14305223625810856,0.10610932475884244,0.02764636514983354,-0.056366007404463514,0.188143026995917,0.18368043700921816,0.16372549019607843,0.2883705604883463,0.19694088009296185,0.1927919008837417,0.19289860020484806,0.06621519939804364,-0.14735710321864604,-0.15248692453518287,-0.0016676651930357944,-0.003755547968589984,-0.006842482470073227
1173,0.1439547873673389,0.1406623420962786,0.08501440922190202,-0.20477284084505543,-0.17139054832254497,0.13973625446968696,0.13451689996585867,0.0789272030651341,-0.0011217079731640212,-0.07844615851301695,0.1834272261395613,0.1802663024923182,0.12950971322849214,0.2927073033289741,0.17239171278016696,0.1897812476157719,0.19358142710822807,0.04864091559370529,-0.17646433393937455,-0.182588667576705,-0.00421853289765195,-0.006145442130419926,-0.00608720615676793
1174,0.14755842687447598,0.14646637077500854,0.10293012772351616,-0.20710553814002097,-0.16791223099883323,0.14596686213856452,0.14441789006486855,0.08870967741935484,-0.012292201006934622,-0.06469841794901099,0.1925727983379317,0.19016729259132809,0.1560353287536801,0.2936069155504891,0.1859636994577003,0.19481792506445156,0.19528849436667806,0.05303030303030303,-0.16401633893796896,-0.15543583601478883,-0.0015915647359114604,-0.0020484807101399938,-0.014220450304161317
1175,0.14724686872226914,0.14475930351655855,0.09782608695652174,-0.1672177527836357,-0.14925969664020378,0.14279429785813097,0.1392966882895186,0.08784893267651889,-0.0024195718017478995,-0.06928103759471216,0.18285577228408997,0.17924206213724822,0.14371859296482412,0.2753070026990202,0.18550811907878217,0.19174408576268154,0.19528849436667806,0.06097560975609756,-0.14520728648667414,-0.17668095117008653,-0.004452570864138167,-0.005462615227039946,-0.009977154280002856
1176,0.1413690702594989,0.13690679412768864,0.10782865583456426,-0.20322772189137395,-0.176992938918638,0.14037608642437452,0.13485831341754864,0.10062402496099844,-0.0482088735273809,-0.09564039549460734,0.18546371028987838,0.1806077159440082,0.16857142857142857,0.28671562663798955,0.16649557776060198,0.1871176303620996,0.1891430522362581,0.07052709725315516,-0.16045383069546493,-0.1690836638635238,-0.0009929838351243891,-0.0020484807101399938,-0.0072046308735658204
1177,0.14530623169304877,0.14305223625810856,0.1,-0.1353154898873683,-0.12913835226790427,0.14364581869270304,0.14305223625810856,0.09053833605220228,0.03879824910465579,-0.034187794108341496,0.18491985631235544,0.1795834755889382,0.1528724440116845,0.2818630080105192,0.19075459962681318,0.19140095564721962,0.19494708091498805,0.05488721804511278,-0.12758698247374523,-0.1517456280201811,-0.001660413000345723,0.0,-0.009461663947797724
1178,0.1426729181186425,0.1389552748378286,0.09712509712509712,-0.14568592100959665,-0.15096765572038395,0.14150082147296428,0.13519972686923865,0.08896210873146623,0.009566677568863313,-0.06750110528563824,0.18776807989317504,0.18470467736428817,0.16,0.3888793605462798,0.20576609408291258,0.19497938647153662,0.200751109593718,0.05841660261337433,-0.13448191963751532,-0.16697493936540364,-0.0011720966456782167,-0.003755547968589956,-0.008162988393630888
1179,0.14042492173646967,0.1396381017412086,0.09763539282990084,-0.15666637604502698,-0.14147642998189358,0.13680604035610483,0.13349265961078866,0.09375,0.0052757514991232934,-0.07008262836237644,0.1702037473870026,0.1693410720382383,0.16265640038498555,0.2699720034487101,0.16676347542300585,0.1788256487836168,0.1785592352338682,0.05647590361445783,-0.16241874703323733,-0.16074142406969982,-0.003618881380364841,-0.006145442130419954,-0.003885392829900844
1180,0.15429278188555737,0.1502219187435985,0.11332312404287902,-0.15245795200455214,-0.13113803404853053,0.15534070551150891,0.1488562649368385,0.11040508339952343,-0.011624980394016493,-0.07793287730856358,0.20012051256257513,0.19528849436667806,0.186960690316395,0.2776261987007159,0.16658443877298668,0.20485479300777482,0.20723796517582793,0.07750188111361926,-0.14864071259999045,-0.15717460011276974,0.0010479236259515468,-0.0013656538067599866,-0.0029180406433555878
1181,0.1456422908026134,0.14510071696824856,0.10719874804381847,-0.17259197861361886,-0.1378341739194192,0.14628873128464048,0.14475930351655855,0.10141313383208644,-0.04133903835958086,-0.05214275351353537,0.188440476750652,0.18675315807442813,0.16633266533066132,0.2706415167603814,0.18208046226254682,0.19428022411108992,0.19528849436667806,0.06366459627329192,-0.13429586982982,-0.14925969664020378,0.000646440482027083,-0.0003414134516900036,-0.005785614211732029
1182,0.1412635076047611,0.13827244793444862,0.10657596371882086,-0.17808504435467087,-0.15319664258571009,0.14257292594592685,0.1410037555479686,0.0985576923076923,-0.01621875687928742,-0.06824051261350295,0.1810635956049169,0.1795834755889382,0.15273775216138327,0.322292758676083,0.1662384061097888,0.1862299271125125,0.18607033117104813,0.05656108597285068,-0.13903548175340275,-0.1565948877845984,0.0013094183411657412,0.002731307613519973,-0.008018271411128555
1183,0.1454124180808933,0.1413451689996586,0.10155038759689923,-0.18213568670711533,-0.14112574966577784,0.14510962802517707,0.1403209286445886,0.09403107113654947,-0.009601765030336384,-0.06477311485041537,0.18851030934311486,0.18777739842949812,0.16468253968253968,0.30251075565361285,0.1802390714973897,0.19781475836756107,0.20314100375554797,0.07180650037792895,-0.18282625482625492,-0.17873227129125502,-0.0003027900557162344,-0.0010242403550700108,-0.007519316460349756
1184,0.15494271364332088,0.15090474564697848,0.10623556581986143,-0.15086241476133166,-0.14288376166319616,0.1562007010928842,0.15295322635711847,0.1000813669650122,0.017164059366225448,-0.06327667298641482,0.20265992211421463,0.198361215431888,0.17641228939544104,0.28156237464901723,0.1869170342834694,0.204270716203783,0.20553089791737794,0.06302843966179862,-0.12419975932611305,-0.14515824991110426,0.0012579874495633192,0.0020484807101399938,-0.006154198854849233
1185,0.1486050642017113,0.14578354387162853,0.11196319018404909,-0.15206833087451244,-0.12235616954222117,0.1489617563137014,0.14714919767838852,0.10679611650485436,0.024157914725171925,-0.04549143198447991,0.19198259156273811,0.18709457152611814,0.17946257197696738,0.29390638465695795,0.17379914281260556,0.19436720869311824,0.199044042335268,0.07518796992481203,-0.15003797782679185,-0.1517456280201811,0.0003566921119901034,0.0013656538067599866,-0.0051670736791947225
1186,0.1494053310960781,0.14646637077500854,0.10167029774872913,-0.15263966120771066,-0.15353861192570872,0.15061433643910815,0.1498805052919085,0.09567901234567901,-0.0020392396249629963,-0.062928274682307,0.19369543330696343,0.1908501194947081,0.15769944341372913,0.26932270156328986,0.1809365835777127,0.1948263783720633,0.198702628883578,0.059420289855072465,-0.13910704577320376,-0.15689455034213107,0.0012090053430300618,0.0034141345168999526,-0.00599128540305012
1187,0.15093464374325785,0.1485148514851485,0.10708782742681047,-0.16165638805870153,-0.16163785570551903,0.15088810941810998,0.15534312051894844,0.10964550700741962,0.01626091908248073,-0.06449760574421659,0.1934386978993994,0.19153294639808807,0.16979269496544916,0.24371652628954033,0.1640676882823774,0.19957569333975805,0.19733697507681802,0.06558641975308642,-0.13956327391962953,-0.15935220276525308,-4.6534325147867817e-05,0.006828269033799933,0.0025576795806091512
1188,0.15064748985294377,0.1498805052919085,0.110254433307633,-0.14499018389438223,-0.11537169588563356,0.1514073728944473,0.15261181290542847,0.11228641171684296,0.013450766376686296,-0.03849098731951173,0.19369383544453542,0.19358142710822807,0.17607003891050585,0.2972028601790313,0.1887593424127012,0.19829270627381435,0.20109252304540798,0.06485671191553545,-0.15609409052430612,-0.14815905689177378,0.0007598830415035396,0.002731307613519973,0.0020319784092099613
1189,0.14045579045098042,0.13724820757937864,0.08021390374331551,-0.15955203104568272,-0.14671688637790337,0.13939173688579534,0.13349265961078866,0.07380373073803731,0.031302287650623484,-0.06044066246619084,0.17892224965866607,0.1782178217821782,0.1279296875,0.33934773133111173,0.1768189532910185,0.1869317597103074,0.19255718675315808,0.05239852398523985,-0.17517681134967167,-0.19893670611393977,-0.0010640535651850747,-0.003755547968589984,-0.0064101730052782
1190,0.1449695652226979,0.14168658245134857,0.10256410256410256,-0.16862481940258,-0.14432411590316074,0.14525014285878485,0.14510071696824856,0.10008203445447088,-0.003982310620228358,-0.06670457000131846,0.17647969888781675,0.1700238989416183,0.15301085883514315,0.29989805871524644,0.16843699552485059,0.18898415614964045,0.18777739842949812,0.06,-0.14814855558733575,-0.15916314673733645,0.0002805776360869372,0.0034141345168999804,-0.0024820681096316827
1191,0.14353550569974485,0.1403209286445886,0.10804769001490314,-0.17322604852830814,-0.14663764466805318,0.14399110321988698,0.1410037555479686,0.10317460317460317,-0.014191611773534563,-0.054319404926053805,0.1882958690869109,0.18641174462273813,0.1746341463414634,0.33299424664387556,0.21025116018821266,0.18896034971254153,0.1891430522362581,0.06194029850746269,-0.14281664304177433,-0.1443859802841021,0.00045559752014212584,0.0006828269033800072,-0.004873086840299967
1192,0.14572334387263464,0.14236940935472858,0.10766961651917405,-0.1774473880660805,-0.1568153280509117,0.1454519018349056,0.14339364970979857,0.10170807453416149,-0.02803690385963309,-0.0803470393166078,0.18828519215037706,0.18436326391259816,0.1572926596758818,0.2739676587855613,0.18841650491131323,0.18937181010517043,0.19324001365653806,0.06076134699853587,-0.14937059430258193,-0.16806066462948577,-0.000271442037729025,0.001024240355069983,-0.005961541985012558
1193,0.14655918286068595,0.14510071696824856,0.10007468259895444,-0.14679362476597968,-0.14604712686108035,0.1454944134146421,0.14646637077500854,0.0962904498816101,0.03136924053899248,-0.06493970714900943,0.18900296438955858,0.1816319562990782,0.16135084427767354,0.2869898449381161,0.16148517288052178,0.1919436277588007,0.19460566746329805,0.05873715124816446,-0.1498095811517367,-0.17195644149132527,-0.0010647694460438617,0.0013656538067599866,-0.003784232717344335
1194,0.148010628997597,0.14749061113007852,0.09435421500386698,-0.1557422969187675,-0.1398258762371637,0.1488539503777373,0.14749061113007852,0.09090909090909091,0.05985060690943045,-0.04534870600785723,0.1907483023601195,0.18777739842949812,0.1464393179538616,0.338468720821662,0.19710475494204938,0.19579516046955214,0.19562990781836803,0.05034324942791762,-0.13492063492063489,-0.16031490110616986,0.0008433213801402883,0.0,-0.0034451240947760697
1195,0.15068215883507036,0.1502219187435985,0.11712379540400296,-0.18219097630069792,-0.16478208250350013,0.15082345158993724,0.1519289860020485,0.10347615198059822,0.034809645546880374,-0.03841409007552299,0.1908982611609318,0.18470467736428817,0.1533980582524272,0.33461272714710155,0.1951410387868988,0.19648440818224275,0.19665414817343804,0.05789473684210526,-0.12593795343052583,-0.1433446552166111,0.00014129275486687853,0.0017070672584499902,-0.013647643423404743
1196,0.15781807036168083,0.15431888016387846,0.10485133020344288,-0.17817503287183845,-0.15688268280791196,0.15502005610098535,0.15295322635711847,0.09898477157360407,0.03279642663779103,-0.04665566127214216,0.18948163429186277,0.18436326391259816,0.154,0.2823033490602521,0.16231640038942163,0.20486714702795783,0.20587231136906795,0.060842433697347896,-0.13054953979426098,-0.16147547537190243,-0.0027980142606954805,-0.0013656538067599866,-0.005866558629838814
1197,0.1522724163097456,0.15158757255035848,0.10651340996168582,-0.16444474175041512,-0.151595178656592,0.14868735335819644,0.14783202458176853,0.10275080906148867,-0.003700803513107309,-0.07308973918825079,0.18762608967697617,0.18299761010583818,0.15886939571150097,0.3059665373385695,0.16583985919365685,0.19734660951483493,0.20143393649709798,0.06610942249240122,-0.15718479227494153,-0.16411053857183466,-0.0035850629515491728,-0.003755547968589956,-0.003762600900197144
1198,0.14918318782847836,0.1498805052919085,0.12027231467473525,-0.1977344157044656,-0.15770427146643318,0.1498261466166046,0.14646637077500854,0.11305732484076433,-0.04918289943248355,-0.08284590156216654,0.19255177753263353,0.1898258791396381,0.17885375494071146,0.3242911645573875,0.19390322353845568,0.19341969437615006,0.19562990781836803,0.07078313253012049,-0.1575656733726617,-0.16450957782136655,0.00064295878812623,-0.0034141345168999526,-0.007214989833970911
1199,0.15087457031134993,0.15090474564697848,0.12087087087087087,-0.19134305582310662,-0.15587942749273764,0.15202211993966394,0.1498805052919085,0.11075697211155379,-0.022532833233237848,-0.0688051849154977,0.19260249626278841,0.18846022533287812,0.17687074829931973,0.34778486630632266,0.1867633712202974,0.1969050334787459,0.199044042335268,0.07634730538922156,-0.1551084620411185,-0.16040276476947746,0.0011475496283140096,-0.001024240355069983,-0.010113898759317078
1200,0.13469162077057256,0.13110276544895869,0.091324200913242,-0.12304841897233199,-0.12807719425673647,0.1310915203048676,0.12359166951177876,0.08260524225575853,0.02356719367588933,-0.06598377573981995,0.17373998090770906,0.16797541823147832,0.1583880037488285,0.2451992753623189,0.1507787034465069,0.181859725596614,0.18402185046090816,0.06074074074074074,-0.1486907114624506,-0.16872015910417282,-0.0036001004657049696,-0.007511095937179926,-0.00871895865748347
1201,0.1427168469595634,0.1399795151928986,0.09776119402985074,-0.17923715790752692,-0.16023767981461412,0.1411858716139595,0.13758962103106862,0.08968253968253968,-0.01116602697429081,-0.06986456371896965,0.18820743425485362,0.18777739842949812,0.16062683643486778,0.3508498259607893,0.20012512061676813,0.18655926502068335,0.18846022533287812,0.05149253731343283,-0.1622209833394086,-0.16023767981461412,-0.0015309753456038966,-0.0023898941618299974,-0.00807865434731106
1202,0.13982791306445883,0.13690679412768864,0.10216256524981357,-0.16582666951698044,-0.14551181247607758,0.13912716014526966,0.13724820757937864,0.0974076983503535,-0.022658183359722917,-0.06895522342173677,0.186717193224399,0.18607033117104813,0.16853932584269662,0.2845706231679789,0.16184037593326173,0.1892957353474209,0.19187435984977808,0.058388765705838876,-0.1547031989941774,-0.15902179877978484,-0.0007007529191891682,0.0003414134516900036,-0.004754866899460072
1203,0.15562803151319604,0.15158757255035848,0.11077158135981666,-0.170944309029053,-0.14295944103074443,0.15433095338042163,0.15397746671218845,0.10653753026634383,-0.01499400833268405,-0.06356420022318876,0.1988076990866131,0.19631273472174804,0.18454106280193236,0.2763364386123076,0.16781621584454465,0.2046260131721686,0.20621372482075795,0.06935975609756098,-0.13857075546948328,-0.146362094208211,-0.0012970781327744096,0.0023898941618299696,-0.004234051093472829
1204,0.14921235460269294,0.14680778422669855,0.09961089494163425,-0.18481613285883758,-0.1620422588164524,0.14638003446458636,0.1403209286445886,0.09150865622423743,-0.01958934891840025,-0.07943454395067295,0.18795395761721395,0.18333902355752818,0.15060240963855423,0.28414200156236435,0.16953593001980094,0.19791471147115036,0.20109252304540798,0.059052059052059055,-0.13405279248522028,-0.16433691756272406,-0.002832320138106581,-0.006486855582109957,-0.00810223871739682
1205,0.15102462139288475,0.14919767838852852,0.13078034682080925,-0.20260770975056686,-0.17061458805096874,0.14904987851357904,0.14919767838852852,0.1110254433307633,-0.02068027210884349,-0.07312202406453105,0.19514848150570147,0.19528849436667806,0.18043684710351376,0.3393650793650793,0.20030539677099524,0.19034158765747095,0.18777739842949812,0.0655858511422255,-0.11979591836734693,-0.1403582750896606,-0.001974742879305713,0.0,-0.019754903490045952
1206,0.14327231932202056,0.14578354387162853,0.10342261904761904,-0.17706466734521265,-0.1628825161887142,0.1449556361244571,0.14510071696824856,0.1015748031496063,-0.0037845664234413823,-0.0793216157878508,0.1873645061881366,0.18504609081597814,0.16476190476190475,0.2633642501827774,0.16910268270120266,0.19086853539617302,0.19392284055991807,0.06098457016899339,-0.16384018808148293,-0.18207893925377738,0.001683316802436552,-0.0006828269033799794,-0.0018478158980127363
1207,0.1466610663476025,0.14339364970979857,0.11277072442120986,-0.17813194557380607,-0.14604712686108035,0.14897691490657403,0.14749061113007852,0.10530546623794212,0.021006125657288433,-0.03903039251876461,0.19194926347907318,0.1894844656879481,0.1645933014354067,0.3278388278388279,0.1851415036298757,0.1939152093959743,0.19938545578695802,0.07232472324723248,-0.16729394636371386,-0.16407099790820723,0.002315848558971517,0.00409696142027996,-0.007465258183267737
1208,0.13806022478963062,0.13827244793444862,0.09478324761204997,-0.17104149987792483,-0.1494564226962476,0.13448182202533543,0.1300785250938887,0.08868501529051988,-0.025056637198289766,-0.09001101090523722,0.17389241885348933,0.1689996585865483,0.14575645756457564,0.250106460899041,0.161229974777523,0.18011718952124145,0.18368043700921816,0.05579710144927536,-0.14240209855724184,-0.1707670420175531,-0.003578402764295191,-0.00819392284055992,-0.006098232321530089
1209,0.13759895575199438,0.13554114032092865,0.09865470852017937,-0.20303634868133213,-0.16736282161616756,0.13709212526352335,0.13349265961078866,0.08688783570300158,-0.055713060674471904,-0.08585704958898421,0.18879168630759835,0.18470467736428817,0.153,0.32242347876305977,0.21526149706699904,0.1900518992871871,0.19221577330146808,0.05703703703703704,-0.1965541380094853,-0.18094711695403154,-0.0005068304884710273,-0.0020484807101399938,-0.011766872817177781
1210,0.13373551299022068,0.1304199385455787,0.09001512859304085,-0.1624266988616765,-0.11673799005862118,0.13669891403249493,0.1304199385455787,0.08399366085578447,-0.016090630952202423,-0.04929157008770313,0.18886113249800518,0.18641174462273813,0.15684410646387834,0.23915668071448926,0.18677089981051032,0.18505817583781894,0.18709457152611814,0.05710102489019034,-0.17814051322045088,-0.16619869803729448,0.002963401042274244,0.0,-0.0060214677372563835
1211,0.14572575108426708,0.14407647661317857,0.10222222222222223,-0.16975587703435813,-0.17059577705833784,0.14435141855012434,0.1413451689996586,0.10266457680250783,0.039613471971066905,-0.08701778994595566,0.18029558873663773,0.17514510071696826,0.1457142857142857,0.32732679701627476,0.16823390042429276,0.18883482918050248,0.19255718675315808,0.061764705882352944,-0.14835273508137425,-0.18189009964109215,-0.001374332534142736,-0.002731307613519973,0.00044235458028560326
1212,0.14342083590101656,0.1406623420962786,0.09824046920821114,-0.18873687833419384,-0.16209118037389625,0.14477183221607082,0.14646637077500854,0.09126365054602184,-0.0032880989256828252,-0.06994913967029015,0.18523954901223233,0.1806077159440082,0.1421889616463985,0.2720886496054281,0.1693954294744433,0.19042295568996287,0.19528849436667806,0.06146059291395517,-0.14341028099417363,-0.1834411654149758,0.0013509963150542537,0.00580402867872995,-0.006976818662189299
1213,0.1489971619273649,0.14714919767838852,0.12518628912071536,-0.13972010622007713,-0.15221967467528008,0.14992998089634457,0.14578354387162853,0.11872509960159362,0.020836967688162678,-0.054156867126702535,0.19163123705996632,0.1888016387845681,0.18086124401913875,0.34926828322769476,0.18254646143882947,0.19361228306024425,0.19358142710822807,0.07191011235955057,-0.11918164020856348,-0.1443295637230957,0.0009328189689796762,-0.0013656538067599866,-0.006461189519121738
1214,0.15584542732525622,0.15431888016387846,0.1092814371257485,-0.16139339947993991,-0.15759106463033468,0.15645140597461402,0.15568453397063844,0.09703287890938252,0.004171478400226247,-0.05700952000039494,0.2006792542839552,0.19631273472174804,0.15399422521655437,0.2512628345627803,0.1780574607077785,0.20749936717348433,0.2113349265961079,0.06282722513089005,-0.1646477025445232,-0.15872119434527776,0.0006059786493577968,0.0013656538067599866,-0.012248558216365987
1215,0.14566258103254667,0.14236940935472858,0.0980248719824433,-0.14779123815100825,-0.1340956762644281,0.14565138948823067,0.14646637077500854,0.0950896336710834,0.036774878307652914,-0.04027204485360569,0.18109114865413492,0.17753499487879823,0.1489945155393053,0.29087947882736154,0.17083112582074478,0.18471206030661727,0.1898258791396381,0.05895039539899353,-0.16025875635911135,-0.16090242809609168,-1.1191544316002666e-05,0.00409696142027996,-0.002935238311359903
1216,0.1442681101486266,0.14475930351655855,0.10194552529182879,-0.13131313131313127,-0.13166024126352438,0.146532757769764,0.14714919767838852,0.09591326105087573,0.03323412698412698,-0.033745802760850596,0.186814343600721,0.18470467736428817,0.1497005988023952,0.31254509379509376,0.19054657380922768,0.19547306842793585,0.19733697507681802,0.058958652373660034,-0.12112193362193358,-0.1555695808978983,0.0022646476211374,0.0023898941618299696,-0.006032264240953059
1217,0.1386592747956748,0.13656538067599863,0.09571209800918837,-0.17413522737754816,-0.16125726041863853,0.138033246752639,0.13690679412768864,0.08919803600654665,0.04107001199151372,-0.06548698355135352,0.18243225693014314,0.1806077159440082,0.14427860696517414,0.24775205239369058,0.1819195650224662,0.18886793401912216,0.19392284055991807,0.06278366111951589,-0.1586920025827876,-0.17949921791716894,-0.0006260280430357978,0.0003414134516900036,-0.006514062002641721
1218,0.14982814016053442,0.14271082280641859,0.10233258088788563,-0.15281997318352314,-0.13663802653930435,0.1518227085058989,0.15090474564697848,0.10221870047543581,0.003050798553946965,-0.061133336615869394,0.19640389539989936,0.19324001365653806,0.16824196597353497,0.2976713793513128,0.16876154016593226,0.19828493796777624,0.202116763400478,0.06078576723498888,-0.13646277092279224,-0.15917673994928483,0.001994568345364489,0.008193922840559892,-0.00011388041244982106
1219,0.14428924849282604,0.1413451689996586,0.09473684210526316,-0.19595344372963963,-0.15924587806970758,0.14441082310497858,0.14339364970979857,0.08966074313408724,0.025129967209371218,-0.055077491516514754,0.18175841455632588,0.17719358142710823,0.15033301617507136,0.3117036497860938,0.15665607680356186,0.19130566052431366,0.19665414817343804,0.0621301775147929,-0.17061474400830656,-0.1841557096367754,0.00012157461215253629,0.002048480710139966,-0.005076098971175919
1220,0.13723046617783682,0.13758962103106862,0.10609480812641084,-0.13064457021865716,-0.1338549693566261,0.13659541079169668,0.13417548651416866,0.09561752988047809,0.011748917572648176,-0.050510897181769154,0.17075351976097983,0.16831683168316833,0.15318744053282587,0.31197490397274596,0.1792484369218902,0.1756545827812449,0.17753499487879823,0.05707931801334322,-0.1750206984540631,-0.1563803942687495,-0.0006350553861401431,-0.0034141345168999526,-0.010477278245932753
1221,0.15481163713824495,0.15158757255035848,0.11060606060606061,-0.17960591133004922,-0.13764440079070306,0.1526753193530848,0.15158757255035848,0.11199364575059571,-0.027553963278101223,-0.06873489976777414,0.19442029923365162,0.18846022533287812,0.17813383600377003,0.28557993730407527,0.1549385625689459,0.20079310607952863,0.20348241720723798,0.0748702742772424,-0.1508213166144201,-0.1704046553753742,-0.002136317785160158,0.0,0.0013875851445351028
1222,0.13850161641593536,0.13588255377261865,0.10142749812171299,-0.1599458326376908,-0.14913656415110454,0.1395315345508412,0.13724820757937864,0.08821170809943865,0.024805683862949124,-0.05426425445596805,0.18446563845894326,0.1785592352338682,0.15061963775023832,0.27007067727753353,0.1693633326825681,0.1854356065337333,0.18607033117104813,0.05472263868065967,-0.128923887435769,-0.15252486092593087,0.0010299181349058273,0.0013656538067599866,-0.01321579002227434
1223,0.13898554363426485,0.13554114032092865,0.09731800766283524,-0.17324824666708794,-0.172504705627734,0.13974802863988917,0.1392966882895186,0.09446254071661238,-0.014279395968913922,-0.08444333680926741,0.18089582324377979,0.1795834755889382,0.1519756838905775,0.2862829342263221,0.19117731105112812,0.19155810937883766,0.19187435984977808,0.06283118849356548,-0.170562962026916,-0.19080317187572704,0.0007624850056243138,0.003755547968589956,-0.002855466946222865
1224,0.14888050227134894,0.14544213041993856,0.09887640449438202,-0.162796923308951,-0.14898608345000297,0.1476166835524117,0.14441789006486855,0.09865824782951854,0.011986275544830782,-0.07226265947587407,0.19426894302931452,0.1891430522362581,0.17382999044890163,0.3138903551768343,0.17596018279336656,0.19540857087018942,0.19597132127005804,0.06245353159851301,-0.13589095844958898,-0.1602689399167866,-0.001263818718937243,-0.0010242403550700108,-0.00021815666486348084
1225,0.15556082900634047,0.15500170706725844,0.13204633204633204,-0.12022005772005773,-0.1458784005983491,0.1538861198648043,0.15363605326049845,0.1255195344970906,0.055600649350649345,-0.041060277638723774,0.196192897645095,0.19358142710822807,0.19000979431929482,0.2677218614718615,0.1662973134335789,0.19993593959250872,0.19801980198019803,0.06426332288401254,-0.08058261183261173,-0.12423117955233953,-0.0016747091415361681,-0.0013656538067599866,-0.006526797549241431
1226,0.15121620754534346,0.15124615909866848,0.11037037037037037,-0.18875138707965455,-0.16497473265594365,0.1501198903702633,0.14544213041993856,0.10406885758998435,-0.024183432238143454,-0.08375450707501031,0.1928792855486366,0.18811881188118812,0.17011278195488722,0.22988131422781888,0.1576500522905413,0.1950950088803394,0.19699556162512802,0.06809770540340489,-0.16391663048198002,-0.16610279134456774,-0.0010963171750801581,-0.005804028678729922,-0.006301512780386015
1227,0.1446934732186136,0.14544213041993856,0.09759759759759759,-0.18774780465520258,-0.15400635559540876,0.144934731428052,0.1410037555479686,0.09149277688603531,-0.0020848960653931936,-0.05679506986061833,0.18717004054318662,0.1819733697507682,0.14354995150339475,0.32815023283532696,0.18623314447635786,0.19628983857770613,0.19938545578695802,0.06074074074074074,-0.17439807791006556,-0.17435290377245793,0.00024125820943840526,-0.004438374871969963,-0.006104820711562278
1228,0.13825082682509282,0.13280983270740868,0.09739263803680982,-0.19627845627029972,-0.1448013177944133,0.1384770375899573,0.13724820757937864,0.09127954360228199,-0.003619035021971362,-0.0573122045224872,0.1782138187329408,0.17343803345851827,0.1414441147378833,0.35241685404817547,0.18811180153901963,0.18504829297169775,0.1891430522362581,0.056103108415466264,-0.15010361095189806,-0.16184465154868455,0.00022621076486448177,0.004438374871969963,-0.00611309443452783
1229,0.14301345273018398,0.1410037555479686,0.10884353741496598,-0.16212302060953288,-0.14663705662148974,0.14002822202874307,0.13485831341754864,0.10268562401263823,-0.024771226227421006,-0.08216602216429247,0.1836957846845379,0.18094912939569818,0.17066155321188878,0.268759449351476,0.17006276176474222,0.18798041729754097,0.18641174462273813,0.06395786305492852,-0.15590833134399618,-0.15342348130119465,-0.0029852307014409107,-0.006145442130419954,-0.006157913402327755
1230,0.1460842330870566,0.14271082280641859,0.10553892215568862,-0.16812326213092887,-0.16134097676085057,0.14899153805773294,0.14749061113007852,0.10968775020016013,0.044973640644839885,-0.0629378189051284,0.19489480330711031,0.19392284055991807,0.16731141199226304,0.3180159763408714,0.1802423987842997,0.19473825333738842,0.19767838852850803,0.06661732050333087,-0.15266526833502092,-0.17830703846011287,0.0029073049706763443,0.004779788323659939,0.004148828044471503
1231,0.1556692724491871,0.15739160122908843,0.11247130833970925,-0.16934882060932477,-0.14069100557909986,0.15652605136134692,0.15466029361556846,0.10479285134037368,0.01605867572254127,-0.05449045841661104,0.19520636456115575,0.1911915329463981,0.1558567279767667,0.2726730331772349,0.1700846512961891,0.20651646904693832,0.21065209969272788,0.06534954407294832,-0.13713773797807405,-0.15089896511149992,0.0008567789121598224,-0.002731307613519973,-0.007678456999335573
1232,0.15232069143102062,0.15124615909866848,0.09490740740740741,-0.1575690876018453,-0.14135533872593875,0.1509701643453218,0.1485148514851485,0.08809135399673736,-0.012740856316097449,-0.061712139265302834,0.19325878849044312,0.1891430522362581,0.14313725490196078,0.28785339855675274,0.17266641914742564,0.20475598696440908,0.2109935131444179,0.05614567526555387,-0.17862473580932892,-0.1663860585564243,-0.0013505270856988272,-0.002731307613519973,-0.006816053410670056
1233,0.1481447341718696,0.14475930351655855,0.11020710059171597,-0.15279700558888376,-0.14860697929531985,0.14837944615149107,0.14578354387162853,0.10108864696734059,-0.008853338802577326,-0.07444387336314895,0.19134642170277272,0.18675315807442813,0.1689623507805326,0.27835033926404484,0.14692176101014898,0.19629687232630025,0.200751109593718,0.06949524506217995,-0.15110495821155723,-0.1654622306435405,0.00023471197962146584,0.001024240355069983,-0.009118453624375383
1234,0.1395830369044692,0.13758962103106862,0.10254433307632999,-0.15967394809265634,-0.1302844651965085,0.13787280820167946,0.13793103448275862,0.10302534750613246,0.010483453690580569,-0.04633402231507777,0.17926220593531356,0.17685216797541822,0.17751479289940827,0.2987015665189384,0.1907692555527467,0.18375708063924195,0.18572891771935815,0.06914893617021277,-0.129397163918322,-0.15183930863903794,-0.0017102287027897234,0.0003414134516900036,0.0004810144298024732
1235,0.15235611676477442,0.1485148514851485,0.10998439937597504,-0.1740412468362348,-0.12355061155597791,0.1518519702175896,0.1488562649368385,0.10066006600660066,-0.00843799020315461,-0.04394352287919656,0.1974759154924386,0.19324001365653806,0.1681592039800995,0.29994707008882604,0.1914660107792855,0.19910511374073916,0.199726869238648,0.0627420604182804,-0.13050783843866387,-0.1337858086715641,-0.0005041465471848361,0.0003414134516900036,-0.009324333369374382
1236,0.13979417995993298,0.13724820757937864,0.08708938120702826,-0.1641583621449394,-0.14295944103074443,0.1387511562515335,0.13349265961078866,0.0817963111467522,-0.016168395363026278,-0.07263794202976659,0.18233159169111784,0.1802663024923182,0.138671875,0.30168011208279655,0.18029261082858916,0.18731844727603933,0.19460566746329805,0.05160807778608826,-0.183767202223578,-0.1747175373537666,-0.001043023708399482,-0.003755547968589984,-0.005293070060276059
1237,0.13985820112119657,0.13622396722430863,0.09917971662938106,-0.17969649398220833,-0.15575579733007316,0.14022866000252543,0.13588255377261865,0.09155485398579322,-0.006462585034013646,-0.07226265947587407,0.18587492458458527,0.18299761010583818,0.16216216216216217,0.25978545264259545,0.18837132490682862,0.18723028757034202,0.18470467736428817,0.059734513274336286,-0.1692569335426478,-0.17268008203024865,0.0003704588813288612,-0.00034141345168997583,-0.007624862643587846
1238,0.14503120568691497,0.14339364970979857,0.10188087774294671,-0.18943527729216814,-0.14694445270195222,0.14461917386176407,0.14373506316148857,0.09444904722452362,-0.006487786731840139,-0.06787744328787182,0.18465611597918036,0.18299761010583818,0.15618661257606492,0.3540932229034677,0.18536616657461713,0.19229300430490973,0.19460566746329805,0.05434782608695652,-0.15386809708936222,-0.16069523694787913,-0.0004120318251508992,0.0003414134516900036,-0.0074318305184230965
1239,0.1430821129566378,0.1399795151928986,0.09861212563915267,-0.18888702609129615,-0.15195898490076598,0.14349683992671927,0.1392966882895186,0.0963020030816641,-0.036011992950827354,-0.07242432028974866,0.18189236867798803,0.17753499487879823,0.15293040293040294,0.25251087787152415,0.15833822773658313,0.1870504934665867,0.19426425401160805,0.07254623044096728,-0.18888702609129615,-0.1934066270220003,0.00041472697008146375,-0.0006828269033800072,-0.002310122557488567
1240,0.1606140249495043,0.15875725503584842,0.12093023255813953,-0.16787385215934036,-0.15439778793003112,0.16076131977231625,0.16251280300443838,0.11980033277870217,0.016841759285183833,-0.05378057644705003,0.20258194826197637,0.200409696142028,0.18126888217522658,0.2769303809025284,0.18518530082503015,0.20811475204934496,0.2109935131444179,0.06899224806201551,-0.15343429056041813,-0.15439778793003112,0.00014729482281194972,0.003755547968589956,-0.0011298997794373655
1241,0.154988578671557,0.15431888016387846,0.1192156862745098,-0.16491914814297026,-0.16496750280310923,0.1548267220431066,0.15397746671218845,0.11567476948868399,0.02607297637354955,-0.07052387085411094,0.19433541513218489,0.18846022533287812,0.17831813576494426,0.2582249871848641,0.16673696062751908,0.20632671027667115,0.21201775349948787,0.08118657298985169,-0.14828277179738103,-0.171878012457914,-0.00016185662845039084,-0.0003414134516900036,-0.0035409167858258123
1242,0.1433242485994107,0.14202799590303858,0.11541381928625664,-0.15909270386882335,-0.1539148716629819,0.14153862876625262,0.13793103448275862,0.10496338486574451,0.03932358409970349,-0.0540600419243038,0.18026375108214351,0.17719358142710823,0.1802154750244858,0.33293848219221356,0.18196046473075334,0.1842250041332342,0.18402185046090816,0.0665646518745218,-0.12358122805883998,-0.1425677319199503,-0.0017856198331580864,-0.00409696142027996,-0.010450434420512134
1243,0.14910597543750478,0.14578354387162853,0.11507052709725316,-0.20593131765584172,-0.17566588799485827,0.14807970327913875,0.14544213041993856,0.10981308411214953,-0.06327360955580441,-0.10437848393834903,0.19245217258817296,0.1894844656879481,0.16454456415279137,0.3287607316162747,0.19321813934517407,0.19861107194208508,0.202116763400478,0.07380073800738007,-0.1887308697275103,-0.18471825676393883,-0.0010262721583660372,-0.00034141345168997583,-0.005257442985103625
1244,0.13539968298245236,0.13246841925571867,0.09728506787330317,-0.11172987175967686,-0.1276990756564953,0.13331843551294426,0.1304199385455787,0.0954653937947494,0.05200203929565861,-0.050031721285474395,0.17145376075455512,0.16831683168316833,0.16037735849056603,0.25327790632312375,0.17171420351294797,0.17845965307753706,0.1802663024923182,0.061074319352465045,-0.14611030497928024,-0.16484433209480975,-0.0020812474695081074,-0.002048480710139966,-0.001819674078553768
1245,0.14896468289459028,0.14544213041993856,0.10669610007358352,-0.1803931058589444,-0.15925921377430086,0.14963142511818017,0.1485148514851485,0.1024428684003152,0.0024737167594310883,-0.05807041890282094,0.19490059299851983,0.19187435984977808,0.17399438727782976,0.308246618805625,0.16679356970046788,0.19619096468607813,0.20348241720723798,0.07361516034985423,-0.1803393294076524,-0.17387537303351475,0.0006667422235898945,0.003072721065209949,-0.004253231673268312
1246,0.14804034937972224,0.1485148514851485,0.11211437170805116,-0.21391043137376187,-0.1647007456585825,0.14634746636914192,0.14305223625810856,0.10309278350515463,-0.026822648862221743,-0.08759073005177498,0.19056822741513357,0.18777739842949812,0.1658583899127061,0.32286922702213694,0.17322255803007403,0.19280435249572564,0.19801980198019803,0.05798192771084337,-0.171463144953646,-0.16356677484083537,-0.0016928830105803205,-0.005462615227039946,-0.00902158820289653
1247,0.14210248700535036,0.1399795151928986,0.0942684766214178,-0.16396580614012668,-0.1500302689613422,0.1409925747853208,0.13622396722430863,0.08451816745655608,-0.01978359035528665,-0.08216602216429247,0.18452631384587734,0.1795834755889382,0.14617618586640851,0.26784243560251064,0.1813734695642505,0.18877023901621484,0.19358142710822807,0.05773501110288675,-0.17702990542728125,-0.17830703846011287,-0.0011099122200295686,-0.003755547968589984,-0.00975030916486172
1248,0.136044904039184,0.13383407306247866,0.1075429424943988,-0.18509844051771351,-0.16004449237196494,0.13606593586527482,0.13656538067599863,0.10112359550561797,-0.0035527946729699833,-0.05496412378259208,0.17956319206299745,0.1782178217821782,0.15779283639883834,0.2923668963131647,0.18570381718016482,0.17971226322605374,0.18094912939569818,0.06035767511177347,-0.17090167478596752,-0.16343418168129953,2.1031826090811556e-05,0.002731307613519973,-0.0064193469887808274
1249,0.14082314198621126,0.1392966882895186,0.0978013646702047,-0.14136439179598748,-0.13000491330859731,0.14130813846801135,0.1406623420962786,0.09705648369132856,0.014409893631334825,-0.06006527461390476,0.17525868819333942,0.17173096620006828,0.16257088846880907,0.3062803561919525,0.16441840442228584,0.18137116352726265,0.18299761010583818,0.0586053412462908,-0.15104805256086395,-0.16271861527869547,0.00048499648180008736,0.0013656538067599866,-0.0007448809788761362
1250,0.15440821108175357,0.15124615909866848,0.10876132930513595,-0.16382014639247133,-0.14870398500321746,0.15446936592858385,0.15466029361556846,0.09654062751407884,0.010051833278989064,-0.05706803387498327,0.19307326925100082,0.1891430522362581,0.15009560229445507,0.26842742403969766,0.16579964973319106,0.201205951781004,0.20382383065892795,0.057488653555219364,-0.1384375808138163,-0.14644136892597714,6.115484683028027e-05,0.0034141345168999804,-0.01222070179105711
1251,0.14810931166771601,0.14714919767838852,0.10007581501137225,-0.1687073280962682,-0.15242096047102516,0.1482566647581856,0.14919767838852852,0.09695512820512821,-0.01607516810013221,-0.07192650541274614,0.19076848117741005,0.18641174462273813,0.14885496183206107,0.26070269132710266,0.15481843841339227,0.19611407357025482,0.199726869238648,0.05576488319517709,-0.11107718633671093,-0.16149075822407066,0.000147353090469593,0.0020484807101399938,-0.0031206868062440413
1252,0.149484104945932,0.14578354387162853,0.10076923076923076,-0.1945173745173745,-0.15441652635668957,0.14918333066453368,0.1505633321952885,0.09640522875816994,-0.019029233314947658,-0.06776722823866976,0.19110890484038975,0.18777739842949812,0.1543756145526057,0.25993748850891707,0.1682380968985684,0.20010590586991708,0.20416524411061795,0.0625,-0.1419672733958448,-0.16809799448058738,-0.00030077428139832496,0.004779788323659967,-0.004364002011060825
1253,0.14164580534279947,0.1410037555479686,0.10999225406661503,-0.18573371225093482,-0.14415542526376612,0.14067279464466556,0.1392966882895186,0.09760132340777503,0.020710290256490405,-0.05066539308379747,0.18264041115552113,0.17787640833048823,0.14944834503510532,0.3506590001942653,0.1910405437717314,0.18857332856361403,0.19289860020484806,0.05918524212144504,-0.1573589523288813,-0.1555566487003478,-0.0009730106981339082,-0.0017070672584499902,-0.012390930658840005
1254,0.14633971735719425,0.1410037555479686,0.10128495842781557,-0.1956050938008117,-0.1588384891922554,0.14885865918042274,0.14680778422669855,0.09405144694533762,-0.01529301651932724,-0.0692352888522999,0.20208508341749634,0.20177534994878799,0.1643426294820717,0.30607211663273537,0.2029769653450335,0.199625840325678,0.20587231136906795,0.06273338312173264,-0.1744162214600954,-0.17698597280541095,0.002518941823228482,0.00580402867872995,-0.0072335114824779445
1255,0.13543803551123604,0.1317855923523387,0.09759759759759759,-0.1767921690128197,-0.14746572471272879,0.13493303576689122,0.13212700580402867,0.09240407204385279,-0.04895489548954901,-0.08538491887360056,0.18753288285102318,0.1819733697507682,0.15561959654178675,0.26373453671897795,0.1809981752724762,0.18737375656588942,0.1911915329463981,0.05961251862891207,-0.1488852966929346,-0.15875314395620643,-0.000504999744344814,0.00034141345168997583,-0.005193525553744804
1256,0.14643248164692738,0.14373506316148857,0.09689922480620156,-0.16394763798505663,-0.15059490834319023,0.1441782832909598,0.14271082280641859,0.0912828947368421,0.04489786695589304,-0.06606626839749052,0.18597870725975854,0.1816319562990782,0.150398406374502,0.3152566883586406,0.17609686225775711,0.19572452198513507,0.199726869238648,0.059496567505720827,-0.15396782357194505,-0.1745827656250779,-0.002254198355967574,-0.001024240355069983,-0.0056163300693594514
1257,0.14644317576920757,0.14305223625810856,0.11086637298091043,-0.20149482114301231,-0.1617022700392332,0.14741108867174108,0.1481734380334585,0.10878010878010878,-0.040146378679402184,-0.07739424507558568,0.18773793652069742,0.18368043700921816,0.15974729241877256,0.20174050973918212,0.12382090783765332,0.19417733948419771,0.19494708091498805,0.06949524506217995,-0.1606609454269594,-0.16732280503680974,0.0009679129025335076,0.005121201775349943,-0.0020862642008016435
1258,0.14732461314805012,0.14373506316148857,0.09360730593607305,-0.161806882517894,-0.14863052965985546,0.14615836077363534,0.14441789006486855,0.08367514356029532,0.006413142510732883,-0.0408798457067443,0.19028411576274412,0.18709457152611814,0.15369458128078817,0.30600864303009456,0.1905005703609891,0.19551894746019835,0.19665414817343804,0.05319148936170213,-0.15124061869631344,-0.15089896511149992,-0.0011662523744147835,0.0006828269033799794,-0.009932162375777737
1259,0.15389104689532984,0.15568453397063844,0.11874533233756535,-0.1622364839999838,-0.14976947459417933,0.15234205699502462,0.15261181290542847,0.1109350237717908,0.006385448133904292,-0.06296102002566317,0.19353784940536378,0.1894844656879481,0.17613636363636365,0.2841605299234474,0.16927978050828885,0.19783178812483737,0.19938545578695802,0.06912096168294515,-0.13334627407685995,-0.14075041437926838,-0.0015489899003052199,-0.003072721065209977,-0.00781030856577454
1260,0.1348696151058696,0.13383407306247866,0.09146810146041506,-0.14597787908624393,-0.12175349946257152,0.13525104319096404,0.1280300443837487,0.08231458842705787,0.018239059304341998,-0.038054261746210294,0.17041294487001424,0.16558552406964835,0.13712047012732614,0.32179972388630906,0.19494631892366043,0.17795321231211858,0.1812905428473882,0.060044477390659746,-0.15557291823181174,-0.1760448969002113,0.0003814280850944485,-0.00580402867872995,-0.009153513033357194
1261,0.13448318995805744,0.1317855923523387,0.09293394777265745,-0.1421312497003978,-0.12847545226031198,0.13371483198608636,0.13076135199726868,0.08557457212713937,0.03358340124314907,-0.04353747723854007,0.1802253133413124,0.17651075452372825,0.15609756097560976,0.26994151766454155,0.18522880215343207,0.18552406890651243,0.1888016387845681,0.06367041198501873,-0.1321285333077673,-0.16584816126989155,-0.0007683579719710842,-0.0010242403550700108,-0.007359375645518085
1262,0.14610016842802045,0.14475930351655855,0.09321401938851603,-0.14269937792688892,-0.14458328312845647,0.1425480832807741,0.1389552748378286,0.08549019607843138,-0.006220731110645139,-0.07029277025182767,0.17870317362461594,0.17480368726527826,0.143796992481203,0.29461302659038036,0.1672117481870916,0.19083442028842298,0.19562990781836803,0.05355832721936904,-0.1436499615572796,-0.1693467874206661,-0.0035520851472463644,-0.00580402867872995,-0.007723823310084657
1263,0.14419565211605148,0.14305223625810856,0.0952029520295203,-0.1592325315005727,-0.15105094712867106,0.1445996828072279,0.14202799590303858,0.09305993690851735,0.017399770904925616,-0.0533088145061138,0.18571903772209702,0.18402185046090816,0.15477293790546803,0.30160939289805266,0.15902754257047624,0.19068627725460258,0.19528849436667806,0.05680990531682447,-0.17044673539518906,-0.1712734573264415,0.0004040306911764213,-0.001024240355069983,-0.002143015121002942
1264,0.13932964207817425,0.13861386138613863,0.10871130309575235,-0.1857273161620987,-0.15407500505901373,0.1368020669923119,0.13212700580402867,0.09257842387146137,0.024757850844807305,-0.06256049483249182,0.1773975536397856,0.1707067258449983,0.1483166515013649,0.2702080528167484,0.1695738725713687,0.1785804787678508,0.1799248890406282,0.052292263610315186,-0.12917517265343348,-0.16188721934664363,-0.002527575085862349,-0.006486855582109957,-0.016132879224290977
1265,0.15374547238662983,0.15261181290542847,0.11949215832710978,-0.16119786229455357,-0.1451176818126877,0.15245226562655811,0.15124615909866848,0.11428571428571428,0.015356974099185683,-0.05614225340980006,0.19544947211255487,0.19289860020484806,0.18190567853705486,0.2401035886052535,0.1927636918691643,0.19655981193623545,0.19699556162512802,0.07073715562174236,-0.1126855748837925,-0.14962276679511244,-0.001293206760071719,-0.0013656538067599866,-0.005206444041395503
1266,0.15022120788497456,0.1485148514851485,0.12082066869300911,-0.1694394929689047,-0.16411053857183466,0.14964039238253996,0.1488562649368385,0.10975609756097561,0.023618538324420735,-0.066263179234482,0.18737101091814262,0.18572891771935815,0.1679920477137177,0.34407803525450587,0.18859505903955287,0.19100351247537398,0.1874359849778081,0.05778120184899846,-0.1157407407407407,-0.14363085871052828,-0.0005808155024346062,0.0003414134516900036,-0.011064571132033504
1267,0.14765008897076295,0.14544213041993856,0.11220621683093253,-0.17194153999355644,-0.13837885947630124,0.1462281420397391,0.14202799590303858,0.1032258064516129,0.0037782268693437038,-0.04909861199579302,0.18529961970518552,0.1799248890406282,0.17495219885277247,0.29521131710745985,0.17014655270317647,0.19504291588854353,0.199044042335268,0.07979120059656973,-0.1329584395044372,-0.16324171320505032,-0.0014219469310238486,-0.0034141345168999804,-0.008980410379319625
1268,0.1441719302094483,0.14236940935472858,0.1099236641221374,-0.17800372567845912,-0.13379868243786075,0.14241801991675512,0.13758962103106862,0.10048622366288493,0.009794267050723393,-0.04780117913159554,0.18288517737028337,0.1816319562990782,0.16731898238747553,0.2995355211436356,0.19208659324903898,0.18819250074120622,0.19255718675315808,0.07137546468401487,-0.13504968939002282,-0.1734027958025881,-0.0017539102926931727,-0.004779788323659967,-0.009437440459252475
1269,0.15764573079904814,0.15261181290542847,0.1059190031152648,-0.187145977496742,-0.13995362925844212,0.15843084442623687,0.15500170706725844,0.09991673605328892,0.010937758117508856,-0.04523453373720754,0.19760125349967697,0.19733697507681802,0.16532258064516128,0.33464877663772696,0.19327499594879272,0.2064828549840543,0.2096278593376579,0.0722521137586472,-0.14339678052899174,-0.15935392593146602,0.0007851136271887216,0.0023898941618299696,-0.0060022670619758745
1270,0.14921148602338793,0.14578354387162853,0.11549925484351714,-0.1634157970987915,-0.1457088969599205,0.15093876634519776,0.15397746671218845,0.11295418641390205,0.010119386014781129,-0.060162245768650924,0.19092605943003566,0.18777739842949812,0.17150890346766634,0.3173944139815511,0.1638349066926995,0.19550217470397252,0.19597132127005804,0.07243163340724317,-0.14312200847255585,-0.15809064910602533,0.0017272803218098265,0.00819392284055992,-0.002545068429615091
1271,0.15218800800610247,0.15090474564697848,0.1152037617554859,-0.13816862641555838,-0.12235213848723481,0.14987650057261928,0.1502219187435985,0.10404624277456648,0.041659282192989755,-0.048330032301290404,0.18940786336221724,0.18504609081597814,0.17369970559371933,0.3128352400345774,0.1703198813556528,0.19927988449582912,0.20245817685216796,0.0706605222734255,-0.11505853928479715,-0.1519609809616126,-0.002311507433483184,-0.0006828269033799794,-0.01115751898091942
1272,0.15483529083801664,0.1519289860020485,0.12213740458015267,-0.1374055299892034,-0.13100107247066917,0.15391681437558266,0.15363605326049845,0.11650485436893204,0.0006125714985796282,-0.047319332850984,0.1901591606806923,0.18811881188118812,0.18620037807183365,0.28427720391739475,0.15396917596393445,0.19721210968954184,0.19562990781836803,0.07088414634146341,-0.12552547148862525,-0.13326274110903902,-0.0009184764624339814,0.0017070672584499624,-0.005632550211220624
1273,0.14624127315213398,0.14339364970979857,0.09945184025058731,-0.15835391870648996,-0.13479947995360864,0.144659403736679,0.14339364970979857,0.09476309226932668,0.02147241559997004,-0.050291005810760625,0.18540300731582046,0.1802663024923182,0.15324165029469547,0.24330413953140195,0.16098017954635957,0.19415663320502452,0.19392284055991807,0.05955143078112916,-0.13164907552960547,-0.1530715824709813,-0.0015818694154549895,0.0,-0.004688747981260635
1274,0.14514141580918544,0.14168658245134857,0.09585889570552147,-0.1749784897100536,-0.1448013177944133,0.1437823934662892,0.1413451689996586,0.08427876823338736,-0.03893053720148043,-0.0652657602744805,0.19290241808344993,0.19255718675315808,0.16074950690335305,0.2519894445199191,0.18470313478816525,0.1947508648948018,0.19767838852850803,0.051028179741051026,-0.16216494378507007,-0.155027318046976,-0.0013590223428962267,-0.00034141345168997583,-0.011580127472134119
1275,0.14305893055316532,0.1410037555479686,0.08685800604229607,-0.15972471700372637,-0.14589785958100543,0.14197917383935058,0.13554114032092865,0.08798114689709348,-0.03741291745032149,-0.08823732815641416,0.1868282241955775,0.18709457152611814,0.1525096525096525,0.2991237153342773,0.17971455316962814,0.19194133078703102,0.19562990781836803,0.05114899925871016,-0.14428407401928667,-0.17416282596560906,-0.0010797567138147446,-0.005462615227039946,0.001123140854797408
1276,0.13344773623353276,0.13383407306247866,0.10092449922958398,-0.14771100220446354,-0.15498101522365026,0.13382332695482865,0.1314441789006487,0.09247135842880523,0.003990736075736412,-0.06827073253788474,0.17641855882141053,0.1724137931034483,0.14688128772635814,0.2502633607016048,0.19186011551941207,0.181371826047705,0.18333902355752818,0.05733944954128441,-0.1343069879700416,-0.16639026294546144,0.0003755907212958931,-0.0023898941618299696,-0.008453140800778747
1277,0.1473582476676931,0.14612495732331854,0.11930091185410334,-0.17991312572387042,-0.1480809468979436,0.1461007192680331,0.14271082280641859,0.11361804995970991,-0.014000562382140647,-0.06306998972378008,0.18718537426799658,0.18402185046090816,0.173828125,0.3242231359293365,0.1828950463667992,0.19246417008249173,0.19426425401160805,0.07099697885196375,-0.179745984178578,-0.1571487823298543,-0.0012575283996599795,-0.0034141345168999526,-0.005682861894393432
1278,0.1550917913551881,0.15261181290542847,0.10542398777692895,-0.1985929732917685,-0.1618289845269878,0.15411640963597517,0.1519289860020485,0.09395424836601307,0.0028224787260932027,-0.06498615353168169,0.19584082171796513,0.18811881188118812,0.15392254220456802,0.28326312241974894,0.18224789736221747,0.20489620169580683,0.20894503243427792,0.06360153256704981,-0.13655741848512937,-0.157271674833091,-0.0009753817192129366,-0.0006828269033799794,-0.011469739410915877
1279,0.13993682195039175,0.1389552748378286,0.09188361408882083,-0.14369305527434695,-0.1339399197920098,0.1389349862983901,0.13383407306247866,0.0838079739625712,0.04256529661874875,-0.046718293020543755,0.1821170209811521,0.1802663024923182,0.15004840271055178,0.32578862117837615,0.17530039330682423,0.1893470279580089,0.19358142710822807,0.05667412378821775,-0.17356752379024087,-0.17358611377903987,-0.0010018356520016536,-0.005121201775349943,-0.00807564012624963
1280,0.1428775661371944,0.1403209286445886,0.09712509712509712,-0.17145973183718943,-0.16433691756272406,0.13951918852548076,0.13793103448275862,0.08526490066225166,-0.018900093120187256,-0.07369789708499386,0.1771138610723954,0.17275520655513826,0.1364562118126273,0.3113907956818672,0.18559854124370256,0.18774820685843857,0.19016729259132809,0.04847537138389367,-0.14662832992151853,-0.15515828257763742,-0.0033583776117136477,-0.0023898941618299696,-0.01186019646284546
1281,0.15696828040422597,0.15705018777739843,0.11363636363636363,-0.16600034235502215,-0.13764440079070306,0.1545837345338314,0.15329463980880847,0.10551558752997602,-0.012775548243528556,-0.05969758815820969,0.193720906700325,0.1888016387845681,0.16150234741784036,0.25382201342792476,0.15041990676416372,0.20245042414342912,0.20689655172413793,0.06296851574212893,-0.15496509880746334,-0.15345969610744092,-0.0023845458703945777,-0.003755547968589956,-0.008120776106387617
1282,0.14903932803864942,0.1481734380334585,0.1056338028169014,-0.17226148409893993,-0.13878132630285955,0.1470221550639184,0.14680778422669855,0.09685430463576158,-0.008064761788716956,-0.05878347339355172,0.18764412746282647,0.18777739842949812,0.16161616161616163,0.2481665803582307,0.19035269709543567,0.1944653665593557,0.19699556162512802,0.05689789555728761,-0.14243938101620568,-0.14449545865352442,-0.002017172974731002,-0.0013656538067599588,-0.008779498181139822
1283,0.14643334588326387,0.14578354387162853,0.10946051602814699,-0.14408865456453568,-0.13992415277299253,0.1453266699245931,0.1410037555479686,0.0973017170891251,-0.009928245107715616,-0.07592587044554633,0.18709529086664559,0.1819733697507682,0.1579466929911155,0.2834776343790474,0.1640676882823774,0.19532406538352662,0.19460566746329805,0.05813953488372093,-0.16698108885862661,-0.15249524394445535,-0.001106675958670783,-0.004779788323659939,-0.012158798939021886
1284,0.16390798015906427,0.16285421645612838,0.11127819548872181,-0.17088636097525822,-0.1517456280201811,0.16274556040812224,0.16319562990781836,0.11544585987261147,-0.007196447710917209,-0.06809870773675675,0.202671862742969,0.200409696142028,0.17415730337078653,0.26082304304358406,0.14440968433464563,0.21059640150617526,0.21338340730624786,0.06264150943396227,-0.1451394705792285,-0.1460938090821119,-0.0011624197509420287,0.00034141345168997583,0.004167664383889658
1285,0.14245267982585444,0.13724820757937864,0.10490566037735849,-0.16827915017007755,-0.15640167912895186,0.14149546598466914,0.13690679412768864,0.08756137479541735,0.04474990241454302,-0.03970357829706028,0.18375796872497477,0.18094912939569818,0.1603128054740958,0.3414445435788769,0.1857616844752351,0.19266896299909936,0.19699556162512802,0.068810770381451,-0.147500418223387,-0.1699975743715023,-0.0009572138411853004,-0.0003414134516900036,-0.017344285581941135
1286,0.13938887150641877,0.13656538067599863,0.08763693270735524,-0.12776631324272403,-0.13499594687285654,0.13816143589993615,0.13349265961078866,0.0885547201336675,0.03895372281126219,-0.042515433061046326,0.17518053612130857,0.17309662000682827,0.15784215784215785,0.30997533148319456,0.18126457566876597,0.18349814188686342,0.18709457152611814,0.05525709900230238,-0.15094641713513135,-0.1635393153332917,-0.001227435606482613,-0.003072721065209977,0.0009177874263122526
1287,0.14515924442745762,0.14475930351655855,0.09640397857689365,-0.15032779060366075,-0.1350726681916392,0.1437521770931097,0.14441789006486855,0.0976781425140112,-0.020185666832266747,-0.06937326101313246,0.1810358409969833,0.1782178217821782,0.15139826422372227,0.2708748550999932,0.1707693997083064,0.1905522657030455,0.19255718675315808,0.06444444444444444,-0.19596520451600963,-0.1837808493757046,-0.0014070673343479223,-0.0003414134516900036,0.001274163937117559
1288,0.15679554126027617,0.15363605326049845,0.1217129977460556,-0.14688927599499102,-0.13889189788030232,0.15347337639761552,0.14919767838852852,0.11535401750198886,0.05248319236608101,-0.0554986582633743,0.1927249256768485,0.18846022533287812,0.1797752808988764,0.2742740011613183,0.15749218346094196,0.20052372154415715,0.20279959030385797,0.08068097705403404,-0.13022505789101801,-0.1614306112902829,-0.0033221648626606537,-0.004438374871969936,-0.006358980244066739
1289,0.1413212151146459,0.13656538067599863,0.09090909090909091,-0.16762705082032814,-0.15595026314695104,0.14053370354083342,0.13861386138613863,0.08878504672897196,-0.002761104441776685,-0.09052285920675474,0.1856760400815093,0.18231478320245817,0.14231499051233396,0.2625050020008003,0.16893063917678208,0.19208073175873516,0.19665414817343804,0.05701754385964912,-0.1625450180072029,-0.18527978905117692,-0.0007875115738124883,0.0020484807101399938,-0.002124044180118953
1290,0.16530132649304996,0.16558552406964835,0.12272727272727273,-0.1854922867513611,-0.16866157854101382,0.16426447036252256,0.1611471491976784,0.11361804995970991,0.017131730187537775,-0.07877853914972477,0.20605974975053967,0.20484807101399796,0.18948412698412698,0.2755331215970962,0.18631953905496323,0.210652990833352,0.21577330146807785,0.0779816513761468,-0.1336244706594072,-0.15500845863347634,-0.0010368561305273971,-0.004438374871969963,-0.009109222767562819
1291,0.1475433415183666,0.14544213041993856,0.11380880121396054,-0.18748732673106716,-0.15976399642644423,0.14689785214002915,0.14475930351655855,0.1,-0.03309243983745769,-0.05979873932896562,0.19105082792856387,0.1891430522362581,0.16517412935323383,0.3100226293890065,0.1957942475679968,0.19449887731054286,0.19801980198019803,0.05823754789272031,-0.13962900779456733,-0.14499640162795313,-0.0006454893783374438,-0.0006828269033800072,-0.01380880121396054
1292,0.1531733416426794,0.14919767838852852,0.1026045777426993,-0.18495382944052152,-0.16346868760410804,0.15359780940359744,0.15397746671218845,0.0992430613961312,0.015942422596414985,-0.07344178694742953,0.1923980558053289,0.18641174462273813,0.15096251266464034,0.3135659967409017,0.15970480193268688,0.20530374186068434,0.20689655172413793,0.06015625,-0.16989407930472566,-0.17847317104688776,0.00042446776091803473,0.004779788323659939,-0.0033615163465680886
1293,0.14183018931033275,0.14305223625810856,0.09704968944099379,-0.13594880614822047,-0.13413448044021758,0.1402069735726805,0.1396381017412086,0.08706467661691543,0.042954647577433835,-0.04079558937030037,0.1821856895604073,0.17548651416865824,0.14741035856573706,0.2838012674506888,0.18913680082632478,0.1901524731211861,0.19358142710822807,0.057034220532319393,-0.14321185639690737,-0.16486801774372684,-0.001623215737652256,-0.0034141345168999526,-0.009985012824078363
1294,0.13735179584169094,0.13246841925571867,0.10215053763440861,-0.16734179738828625,-0.14818189867970755,0.13902871254676505,0.13758962103106862,0.09423233143785541,-0.05146399151782066,-0.06740093922677681,0.1828540474278711,0.1782178217821782,0.14934409687184663,0.27596444009460885,0.2056614589239748,0.18452203558930416,0.18607033117104813,0.06012176560121765,-0.14269454186263586,-0.16183501858724503,0.0016769167050741107,0.005121201775349943,-0.007918206196553201
1295,0.14450674715206416,0.14271082280641859,0.11392405063291139,-0.16104294478527603,-0.1412700946860378,0.143461610896212,0.1410037555479686,0.10522151898734178,0.0038070892978868676,-0.05244881918773869,0.1857442605362939,0.1802663024923182,0.1685288640595903,0.26085207907293795,0.16117196998538563,0.18657391589276268,0.18777739842949812,0.06878698224852071,-0.14043967280163605,-0.15138897417318586,-0.001045136255852147,-0.0017070672584499902,-0.008702531645569611
1296,0.13863277687113895,0.13690679412768864,0.09049429657794676,-0.15924011894794587,-0.14226190200125233,0.1361372693103584,0.1314441789006487,0.08226837060702875,0.022696345911405014,-0.07092920251373969,0.17913386936811596,0.17480368726527826,0.15436241610738255,0.31069087969512377,0.16571419737340476,0.18607487433430478,0.1905087060430181,0.05688622754491018,-0.14695460538345317,-0.16603946849708973,-0.002495507560780541,-0.005462615227039946,-0.008225925970918008
1297,0.14349619355845933,0.14168658245134857,0.09610983981693363,-0.17873168773831027,-0.1518122146118721,0.14707903228147043,0.14510071696824856,0.09010458567980692,-0.03351194059803331,-0.07456633412745683,0.19421206202607705,0.19289860020484806,0.1512770137524558,0.3262151314469195,0.1810266527695057,0.19728127426181588,0.20143393649709798,0.05709992486851991,-0.14951234196267305,-0.17453159122493545,0.0035828387230111003,0.0034141345168999804,-0.006005254137126714
1298,0.143271212793019,0.1410037555479686,0.09733840304182509,-0.17257415786827557,-0.14039109320474707,0.1444306144273589,0.14578354387162853,0.09156626506024096,0.01225490196078427,-0.06116614646385199,0.19060908956506437,0.18709457152611814,0.16153846153846155,0.29839115133232774,0.17084976899162652,0.19058900091583722,0.19153294639808807,0.05275056518462698,-0.1558572146807441,-0.1539725126460434,0.0011594016343399183,0.004779788323659939,-0.00577213798158413
1299,0.14720208344439353,0.1413451689996586,0.09223674096848578,-0.19724401301804084,-0.1555566487003478,0.14732839092860878,0.14714919767838852,0.09387755102040816,-0.006919126361532801,-0.06890735058232789,0.19110192026183706,0.18675315807442813,0.15723873441994246,0.22353970314351823,0.1385949159634563,0.20248657456053906,0.20723796517582793,0.06626506024096386,-0.19362078371616154,-0.1863399519791179,0.0001263074842152434,0.005804028678729922,0.0016408100519223895
1300,0.15862529873327827,0.15841584158415842,0.11602209944751381,-0.1410743353228432,-0.11116652157691831,0.1594226558203828,0.16251280300443838,0.11602671118530884,0.04069451980466632,-0.032607262778261314,0.19331256309263903,0.1905087060430181,0.17641325536062377,0.33586543678784586,0.16322161422708614,0.20208865495285971,0.20348241720723798,0.06893880712625872,-0.14957496834870676,-0.13849148115905985,0.0007973570871045443,0.00409696142027996,4.611737795034987e-06
1301,0.1467240117359061,0.14271082280641859,0.0967741935483871,-0.1876802298170016,-0.15888575735079913,0.1476915539949297,0.14441789006486855,0.09307875894988067,-0.00035634792715155683,-0.07290634641566573,0.1936187947348426,0.1911915329463981,0.16061185468451242,0.31521623923189657,0.16579964973319106,0.19967358838591853,0.202116763400478,0.06413124533929904,-0.16609650998322423,-0.16793622165976052,0.000967542259023596,0.0017070672584499624,-0.0036954345985064224
1302,0.1474210920938631,0.14578354387162853,0.10436713545521836,-0.19148595087921016,-0.18396826260786947,0.1438392114347597,0.14168658245134857,0.09076558800315707,-0.006998302939176693,-0.0888377305834851,0.18029388257339385,0.17582792762034824,0.15004840271055178,0.3231915062197924,0.176168751484443,0.19054922889089865,0.19460566746329805,0.0598669623059867,-0.16765892209919608,-0.1862332752751168,-0.0035818806591033925,-0.00409696142027996,-0.013601547452061297
1303,0.14485511454738703,0.14236940935472858,0.10743801652892562,-0.16400382917203926,-0.17074596409276088,0.14444903767486256,0.14373506316148857,0.10023866348448687,0.005458523815105698,-0.08675867865723497,0.18315427513716195,0.17890064868555822,0.15551181102362205,0.33430820927597393,0.18676748066657245,0.1879589749782031,0.1898258791396381,0.06156156156156156,-0.11148751611768848,-0.17188092740945715,-0.00040607687252447455,0.0013656538067599866,-0.00719935304443875
1304,0.1485880558508021,0.14612495732331854,0.11578171091445427,-0.16906699151810478,-0.16333156215483546,0.14894374377989422,0.14646637077500854,0.11353032659409021,0.006472786116237472,-0.08450796907325542,0.1918799871811342,0.1874359849778081,0.17159199237368922,0.2934881226192966,0.18236619607437965,0.19451989879162612,0.19631273472174804,0.07137601177336277,-0.15150319548359525,-0.16670971614404606,0.00035568792909213,0.0003414134516900036,-0.0022513843203640638
1305,0.14825029644128315,0.14749061113007852,0.11245283018867924,-0.16326312537764054,-0.1395645312422943,0.1460146224248065,0.14612495732331854,0.09832134292565947,-0.0027471833599179707,-0.056037628840558185,0.186844511972903,0.1802663024923182,0.149812734082397,0.25522965403752407,0.15052214331508607,0.1946487859067754,0.19460566746329805,0.06212574850299401,-0.1600768589630257,-0.1519806924101198,-0.0022356740164766464,-0.0013656538067599866,-0.01413148726301977
1306,0.15011805879714835,0.1498805052919085,0.11015625,-0.12618477411167028,-0.13727941634969132,0.1515864781516639,0.15466029361556846,0.10307564422277639,0.02181188491612207,-0.049365841491550766,0.19200155469621602,0.1908501194947081,0.17244796828543113,0.2852785067306829,0.17213069776142664,0.19771712913380868,0.19733697507681802,0.06620477290223249,-0.16012392942674036,-0.15897237637962214,0.0014684193545155544,0.004779788323659967,-0.007080605777223609
1307,0.14803673549942198,0.14475930351655855,0.09931245225362872,-0.15967375078640056,-0.12521809732755196,0.14973736630631299,0.15124615909866848,0.10153102336825141,0.003244251365265849,-0.048400948646254216,0.18706636307145785,0.18368043700921816,0.1641509433962264,0.24244403992122965,0.1560682265201414,0.19421771789252826,0.19562990781836803,0.060719640179910044,-0.16517204024881904,-0.15345969610744092,0.001700630806891007,0.006486855582109929,0.002218571114622689
1308,0.14184205023270857,0.1389552748378286,0.10518292682926829,-0.18091908091908082,-0.1482413017914661,0.1407363079642097,0.13588255377261865,0.09871589085072231,-0.009590409590409688,-0.07335017948745759,0.18224403195806638,0.17719358142710823,0.1590909090909091,0.30714285714285716,0.19217289049948172,0.1878008857999748,0.19324001365653806,0.0643451930355791,-0.14940059940059935,-0.1584537275601945,-0.0011057422684988827,-0.003072721065209949,-0.006467035978545976
1309,0.15023880508530305,0.14578354387162853,0.1092690278824416,-0.1719295224977042,-0.16337536009554432,0.15402066800938677,0.15397746671218845,0.10817307692307693,-0.004069100091827371,-0.07377215975558882,0.2006894620851992,0.19528849436667806,0.1729106628242075,0.28569214876033056,0.1610109094896114,0.20031557775263706,0.20314100375554797,0.06136363636363636,-0.15506772268135904,-0.15543583601478883,0.003781862924083723,0.00819392284055992,-0.0010959509593646694
1310,0.14639634050107084,0.14578354387162853,0.10514372163388805,-0.10786810687890847,-0.12042607297762331,0.1460605584411678,0.14271082280641859,0.09618441971383147,0.036786052681447856,-0.04842841506418771,0.18993904920471322,0.1898258791396381,0.17483189241114314,0.30358726549175674,0.19568864379855477,0.19527850768331523,0.19597132127005804,0.0700589970501475,-0.123397763880993,-0.15867482874413597,-0.00033578205990303367,-0.003072721065209949,-0.008959301920056575
1311,0.14659567634688944,0.14373506316148857,0.11649016641452345,-0.16644695052742287,-0.15206389418608068,0.14700436092168032,0.14749061113007852,0.1104,0.01525725531848432,-0.07050600941276186,0.19544752023566084,0.19324001365653806,0.17895771878072764,0.3100184311642873,0.1934243677008951,0.196486813170341,0.19733697507681802,0.06813020439061317,-0.14592275571938818,-0.15093114578645128,0.00040868457479087406,0.003755547968589956,-0.006090166414523451
1312,0.143385881312745,0.14339364970979857,0.10689388071262587,-0.1885309071447686,-0.14794198671204017,0.14292602062126977,0.14373506316148857,0.09672131147540984,-0.04477031486932481,-0.06691721825411667,0.181973528501881,0.1785592352338682,0.15285996055226825,0.2483275354562483,0.1681687296660559,0.18843169757197634,0.1888016387845681,0.05963302752293578,-0.1671643921148871,-0.16734228338506418,-0.0004598606914752168,0.0003414134516900036,-0.010172569237216031
1313,0.13914902467481421,0.13861386138613863,0.09225957779515247,-0.18123784139822008,-0.1561152343951987,0.13767537061218602,0.13656538067599863,0.08845208845208845,-0.01454053888454887,-0.08955338476826857,0.17265554143790635,0.1689996585865483,0.12462311557788945,0.2809268875511236,0.16980830515735557,0.18340044925580945,0.18675315807442813,0.054137664346481054,-0.1531754055420248,-0.17218188775342325,-0.001473654062628199,-0.0020484807101399938,-0.003807489343064019
1314,0.15490489643822794,0.15397746671218845,0.10599078341013825,-0.1780784428398977,-0.1294089261934921,0.1545726758534832,0.15261181290542847,0.09574468085106383,0.002118151622166664,-0.03878905422313783,0.19345666764148986,0.18572891771935815,0.15946205571565802,0.28011336797354747,0.1662384061097888,0.20151568578883802,0.20587231136906795,0.061317183951551855,-0.14520772881660937,-0.15093114578645128,-0.0003322205847447468,-0.0013656538067599866,-0.010246102559074419
1315,0.14156429611664592,0.1406623420962786,0.095565749235474,-0.16088180289067577,-0.14934620679555233,0.14196806717383886,0.14202799590303858,0.09654062751407884,-0.011951036872862253,-0.07549176052704332,0.18919751949151692,0.18299761010583818,0.15695952615992104,0.31980500543742074,0.18583935703845,0.19195931495733473,0.19597132127005804,0.056433408577878104,-0.17519030972602168,-0.17320687405153212,0.00040377105719294204,0.0013656538067599866,0.0009748782786048321
1316,0.14394955605350238,0.1410037555479686,0.10879284649776454,-0.14529738139272752,-0.1568840829767515,0.1458465110159252,0.14475930351655855,0.10893416927899686,-0.0041513537540779355,-0.08241723029597936,0.19490349775063573,0.1911915329463981,0.1643835616438356,0.29494455601152536,0.20416732396032578,0.19447024600849366,0.200068282690338,0.06449221645663454,-0.15049649555892464,-0.16478208250350013,0.0018969549624228144,0.003755547968589956,0.0001413227812323281
1317,0.1405603907628449,0.1389552748378286,0.09886792452830188,-0.1490181880937017,-0.1488991981813914,0.13901144633363927,0.13656538067599863,0.09083601286173633,0.01114245839398531,-0.05728246500537426,0.17958479930261692,0.17480368726527826,0.1518624641833811,0.27565766766210964,0.16553847864493898,0.18561275258540427,0.18607033117104813,0.05455904334828102,-0.1653548329006408,-0.16360311832075225,-0.0015489444292056398,-0.0023898941618299696,-0.008031911666565555
1318,0.15080428449938565,0.14714919767838852,0.11430793157076205,-0.17348231969307992,-0.12434931728928766,0.1496313804009257,0.14749061113007852,0.11331679073614558,0.001725562677229675,-0.036860204017361675,0.18887851905483014,0.18641174462273813,0.1814556331006979,0.3037968130774643,0.19720157954129758,0.19449073432645195,0.19631273472174804,0.07376425855513308,-0.15119571907072693,-0.15729976254754563,-0.0011729040984599648,0.0003414134516900036,-0.0009911408346164746
1319,0.14303840696322317,0.1413451689996586,0.09302325581395349,-0.1616580382602918,-0.13187564499484006,0.14337129050455752,0.1403209286445886,0.08505564387917329,0.013430552863984868,-0.04751953412944121,0.18498437163484657,0.18231478320245817,0.15217391304347827,0.3046115832894992,0.17743009484495553,0.18974605148113424,0.19324001365653806,0.056768558951965066,-0.19924697544364778,-0.17799031893459138,0.0003328835413343445,-0.0010242403550700108,-0.007967611934780197
1320,0.1407405470733727,0.13758962103106862,0.10612855007473841,-0.15048426150121075,-0.1430626382195721,0.1390210466080645,0.13383407306247866,0.10023866348448687,0.014870863599677264,-0.051852480510886645,0.1877177504842397,0.18811881188118812,0.17624521072796934,0.3156174334140436,0.18799645272306387,0.1885748181167408,0.19255718675315808,0.06784660766961652,-0.14144471347861187,-0.16333156215483546,-0.0017195004653081936,-0.003755547968589956,-0.005889886590251539
1321,0.1451461507750121,0.14578354387162853,0.09882005899705015,-0.15590397923875432,-0.14661984089042523,0.14411899587870333,0.14612495732331854,0.0937984496124031,-0.008552217678515217,-0.0725529854496868,0.1828197850881763,0.1785592352338682,0.14725069897483692,0.2638388644227744,0.17096985743880166,0.1888336465388269,0.19358142710822807,0.06086956521739131,-0.15765964139666555,-0.17355324286887552,-0.0010271548963087795,0.0003414134516900036,-0.005021609384647047
1322,0.14015168359527932,0.13793103448275862,0.10819165378670788,-0.1664695402491232,-0.13813842357554473,0.1403874104955513,0.13861386138613863,0.10375816993464053,-0.002099582315156834,-0.0585133083343895,0.18204746831380672,0.17719358142710823,0.1515748031496063,0.31017469863834,0.17808703409647209,0.18702124744104015,0.18709457152611814,0.06331045003813883,-0.119092251444044,-0.15747595156268257,0.0002357269002719875,0.0006828269033800072,-0.004433483852067349
1323,0.14018241178210344,0.13656538067599863,0.10218408736349453,-0.16121253753328424,-0.15955808868624688,0.14125410549191955,0.13861386138613863,0.09282700421940929,0.010070250977281647,-0.04823913327569129,0.18310240326285537,0.1785592352338682,0.1475748194014448,0.27692482012350583,0.19964637567977261,0.19258709725431764,0.19358142710822807,0.06640926640926641,-0.1631281513795253,-0.1744771239474553,0.0010716937098161072,0.0020484807101399938,-0.009357083144085246
1324,0.1490079054709804,0.14783202458176853,0.11645962732919254,-0.17101449275362313,-0.13507586121129223,0.14699350271060488,0.14475930351655855,0.10396039603960396,0.01832729468599037,-0.0485468225345107,0.1803608806716342,0.17651075452372825,0.17031872509960158,0.3188405797101449,0.18826949384404923,0.18757390721726655,0.19016729259132809,0.06901840490797546,-0.1516908212560386,-0.15329250093271984,-0.002014402760375511,-0.003072721065209977,-0.012499231289588589
1325,0.14831035627508724,0.1488562649368385,0.11085450346420324,-0.18248538615481702,-0.1485445760607228,0.14650227654293746,0.1481734380334585,0.10344827586206896,-0.022087217975463758,-0.05630164373669988,0.18573973604908542,0.1802663024923182,0.16666666666666666,0.2588401942980433,0.16234826992024354,0.19472792890560137,0.19733697507681802,0.06197398622800306,-0.14846585985761507,-0.15765498912976206,-0.0018080797321497755,-0.0006828269033800072,-0.007406227602134274
1326,0.14092480526414872,0.14373506316148857,0.09286262471220261,-0.18098755979410364,-0.13521750439715607,0.13808248332474243,0.13588255377261865,0.0901705930138099,-0.004677396123143662,-0.05357160551935991,0.1758733851871725,0.1707067258449983,0.13806327900287632,0.2664808090303311,0.1596149082171081,0.184569955820013,0.18504609081597814,0.048982667671439335,-0.14750286177801708,-0.16243280402308813,-0.0028423219394062837,-0.007852509388869916,-0.0026920316983927023
1327,0.15164971934308924,0.1485148514851485,0.10430839002267574,-0.1699865621137957,-0.15038245244383774,0.15205057645859668,0.1495390918402185,0.10176282051282051,0.030416034798188885,-0.06548060658218835,0.19410450948766653,0.1911915329463981,0.16318785578747627,0.2933578705177813,0.15413216804661145,0.19765443082629722,0.20109252304540798,0.05961251862891207,-0.17524838502512186,-0.17189092006212225,0.0004008571155074414,0.001024240355069983,-0.002545569509855225
1328,0.14865702881564113,0.14749061113007852,0.10038314176245211,-0.1831122240870885,-0.14876403071045885,0.14775920765717493,0.14646637077500854,0.09789644012944984,-0.03490494754227713,-0.07031189843988683,0.19154486007693583,0.18811881188118812,0.16157635467980297,0.271481253635932,0.18096232231078568,0.1980994618160839,0.198361215431888,0.059587471352177235,-0.16774100796394498,-0.15331198040730354,-0.0008978211584662055,-0.001024240355069983,-0.0024867016330022695
1329,0.1485748412658868,0.14441789006486855,0.12105263157894737,-0.18560341888289622,-0.15549183323493854,0.14758645836547998,0.14373506316148857,0.1104,0.008919161862252833,-0.06498719014532461,0.1919902485978399,0.18641174462273813,0.17228103946102022,0.2739252061248528,0.1737188060035323,0.19231808320359597,0.19631273472174804,0.07003012048192771,-0.145393574483913,-0.15322921715769822,-0.0009883829004068145,-0.0006828269033799794,-0.010652631578947372
1330,0.1436015213965241,0.14271082280641859,0.10104790419161677,-0.17725013211045326,-0.15571902400983195,0.14566944085715672,0.14783202458176853,0.10225442834138486,0.03262546014742629,-0.04953061259744962,0.18304536582469355,0.17924206213724822,0.15868544600938966,0.2824064702773872,0.15041990676416372,0.19107011202767768,0.19494708091498805,0.061299852289512555,-0.16122132755331442,-0.17605297513135187,0.0020679194606326168,0.005121201775349943,0.0012065241497680873
1331,0.14552684518107326,0.14236940935472858,0.09789702683103699,-0.1826558293840509,-0.14383079167882085,0.14669883115316976,0.14373506316148857,0.09257842387146137,-0.04073539199994436,-0.06346348396716961,0.19361287384449757,0.1891430522362581,0.16358595194085027,0.27933982249518174,0.187684352631741,0.19236460895970947,0.19494708091498805,0.06025824964131994,-0.18395053360930513,-0.16057398078541496,0.001171985972096501,0.0013656538067599866,-0.005318602959575619
1332,0.13536477533635782,0.1314441789006487,0.09269027882441598,-0.15143671475104692,-0.13809942665947217,0.1353505262789089,0.13246841925571867,0.08771929824561403,-0.0006125668915775151,-0.0557676529503508,0.175242465989651,0.17343803345851827,0.14603481624758222,0.30485109353187523,0.192355500693577,0.17963142357662043,0.18231478320245817,0.05947136563876652,-0.1454800924848766,-0.17757356473918795,-1.424905744892846e-05,0.001024240355069983,-0.004970980578801951
1333,0.14763876297416495,0.1485148514851485,0.10573343261355175,-0.17418927092131553,-0.14497792657267017,0.14413504482520947,0.14236940935472858,0.09748427672955975,-0.030882734128824363,-0.06509018641968034,0.18412321918593563,0.18333902355752818,0.15370018975332067,0.28979409747263774,0.18019893123316222,0.1910805954263276,0.19255718675315808,0.06423357664233577,-0.15657902393350176,-0.17535777141958186,-0.003503718148955476,-0.006145442130419926,-0.008249155883991999
1334,0.15015629250084433,0.15261181290542847,0.10583657587548638,-0.13164945172583398,-0.14393553121229496,0.1471831839409062,0.14407647661317857,0.09727947238252267,0.0035529323264763546,-0.06171106988411856,0.1882354108281381,0.18572891771935815,0.16167664670658682,0.2714617751159718,0.17925228206373223,0.20076176902415646,0.20416524411061795,0.06774441878367975,-0.14937167877016844,-0.1599236209149959,-0.0029731085599381257,-0.008535336292249895,-0.008557103492963708
1335,0.1397248096606707,0.13827244793444862,0.10562310030395136,-0.16992538288214742,-0.13685307033793226,0.14091233680991944,0.14168658245134857,0.10264635124298316,0.012133445449498792,-0.058841763116426415,0.18601915047743833,0.18299761010583818,0.16328502415458937,0.2779324364040101,0.18084515182501226,0.18886559780021758,0.19153294639808807,0.06710914454277286,-0.186708111550142,-0.182077016553298,0.001187527149248746,0.0034141345168999526,-0.0029767490609682035
1336,0.1474584993485193,0.14578354387162853,0.10061443932411675,-0.17309321565651725,-0.14346976016684043,0.1471512930400169,0.14612495732331854,0.0945395273023635,-0.01827404062207616,-0.05823402353642193,0.18562617376573937,0.18470467736428817,0.15399422521655437,0.23916118433169542,0.15542355628382742,0.1966999372794493,0.202116763400478,0.06461307287753569,-0.17906791710562187,-0.1764275783306024,-0.0003072063085023946,0.0003414134516900036,-0.006074912021753254
1337,0.1496014922054922,0.1488562649368385,0.09343629343629344,-0.16409720840793052,-0.1468237074878198,0.14897138179514488,0.15158757255035848,0.08637873754152824,0.04451793647636104,-0.043120875126655966,0.1902257947157781,0.18368043700921816,0.1383084577114428,0.3413898282607255,0.18365784619061487,0.20179957543140659,0.20553089791737794,0.05576776165011459,-0.13640507923877732,-0.16277798938953747,-0.0006301104103473287,0.002731307613519973,-0.0070575558947651995
1338,0.15514314840009136,0.15329463980880847,0.10725075528700906,-0.16255658700679532,-0.1430960458252919,0.15359249680856663,0.15670877432570843,0.10250201775625505,0.024650850225192755,-0.047054848727478116,0.19753333665410078,0.19631273472174804,0.1576402321083172,0.31438017611051094,0.18457392074371992,0.20147428813809798,0.20689655172413793,0.056433408577878104,-0.13845644316844874,-0.14874552800751617,-0.001550651591524732,0.0034141345168999526,-0.004748737530754013
1339,0.1456387225295935,0.1413451689996586,0.10283960092095165,-0.14817094921924445,-0.140844721051548,0.14867940210937303,0.15090474564697848,0.10470779220779221,0.022091680762842847,-0.06022674561379571,0.19776471510965737,0.19460566746329805,0.17992047713717693,0.2793171697179614,0.19638821845566912,0.19881389302886596,0.20518948446568794,0.07256235827664399,-0.12497075283170134,-0.16355400990725277,0.0030406795797795205,0.009559576647319878,0.0018681912868405565
1340,0.15533552990063432,0.14714919767838852,0.110055423594616,-0.17477365842477732,-0.12069588983824242,0.15383278383034968,0.1498805052919085,0.10583333333333333,0.001396728074950504,-0.04871509669730012,0.19283006241239894,0.18811881188118812,0.17326732673267325,0.29786300604532556,0.16836983499760538,0.20184170828533932,0.20314100375554797,0.06960556844547564,-0.12595264017419705,-0.1549724580005959,-0.0015027460702846385,0.002731307613519973,-0.00422209026128266
1341,0.14154456550750166,0.1410037555479686,0.10462471569370735,-0.18592603908948602,-0.14398259730307628,0.14066028007067236,0.1389552748378286,0.1026045777426993,-0.027865791838864507,-0.08514220030405284,0.18080081340428927,0.17890064868555822,0.1644486692015209,0.2829692295788089,0.15814021036498704,0.18736191347403042,0.18709457152611814,0.06203288490284006,-0.14939992817788073,-0.16548197312964263,-0.0008842854368293074,-0.0020484807101399938,-0.0020201379510080553
1342,0.14424889656903453,0.14475930351655855,0.11773700305810397,-0.17686650974600393,-0.15217499298309234,0.14211927758367415,0.14236940935472858,0.10560519902518278,0.04373778864940536,-0.06462696131883094,0.18234493265637336,0.1799248890406282,0.166,0.3576214212089045,0.19801713367395357,0.18708316199589864,0.1891430522362581,0.062452399086062454,-0.15809372163505175,-0.15785993010414834,-0.0021296189853603764,-0.0023898941618299696,-0.01213180403292119
1343,0.14687571346136735,0.14475930351655855,0.09926470588235294,-0.17139498627015826,-0.1650377308913895,0.1462034986165131,0.14475930351655855,0.09505409582689335,-0.002847105474571676,-0.09076157856645672,0.19001761628146252,0.18709457152611814,0.15246212121212122,0.3005757183121168,0.17708272830224048,0.1931346741679854,0.19562990781836803,0.05818181818181818,-0.1582299858217201,-0.1819186746016015,-0.0006722148448542464,0.0,-0.004210610055459585
1344,0.152024801839393,0.1495390918402185,0.10760401721664276,-0.1969832936988678,-0.17070772462989203,0.1514609844962181,0.1498805052919085,0.1019786910197869,-0.026046574236101683,-0.08124664093418676,0.1958275266782767,0.19289860020484806,0.15874439461883408,0.27079687710324407,0.14128780475888014,0.19849709511296865,0.20279959030385797,0.06543385490753911,-0.15645892224166558,-0.18412688718424786,-0.0005638173431748994,0.0003414134516900036,-0.005625326196855851
1345,0.13921776538923217,0.13793103448275862,0.09962264150943397,-0.1402803545660688,-0.13863364825081959,0.13997864710907462,0.13827244793444862,0.0912762520193861,0.03309741404979505,-0.04045298317985002,0.17987403355550222,0.17651075452372825,0.15089034676663543,0.25844613939852035,0.1525228067872284,0.1840543745404695,0.18709457152611814,0.06040268456375839,-0.1397535445154493,-0.1566898625167451,0.0007608817198424545,0.0003414134516900036,-0.008346389490047859
1346,0.16086547185164146,0.1614885626493684,0.10597014925373134,-0.1827470634785172,-0.14531474087904572,0.15993311931633286,0.16046432229429838,0.0995260663507109,-0.014015392493056278,-0.061986942478518325,0.20517538539715607,0.202116763400478,0.1691449814126394,0.29076411625056253,0.1519628101714845,0.2094206729115768,0.21474906111300784,0.060805860805860805,-0.20667758002699887,-0.17346602412246725,-0.0009323525353086004,-0.0010242403550700108,-0.00644408290302044
1347,0.15588931209660378,0.15261181290542847,0.1144578313253012,-0.1551254857057046,-0.15980065293958956,0.15268864780701005,0.1519289860020485,0.10853950518754989,-0.0010530662812306968,-0.07482630767364895,0.19523559011977656,0.19153294639808807,0.16473988439306358,0.2965704953728906,0.16876681542204697,0.2012817464455413,0.20553089791737794,0.0629742033383915,-0.1360708050982674,-0.1484707402374641,-0.00320066428959373,-0.0006828269033799794,-0.005918326137751312
1348,0.13594319705202712,0.1304199385455787,0.10300751879699248,-0.1774695377408967,-0.1762396411380105,0.13589340413837595,0.13519972686923865,0.10032102728731943,-0.0042218116841817865,-0.08075419127075845,0.17911187924416128,0.17651075452372825,0.15551181102362205,0.3234622490081469,0.18069406431814572,0.18216587583479762,0.18231478320245817,0.058734939759036146,-0.1554801780792877,-0.17396617804593306,-4.979291365117544e-05,0.004779788323659939,-0.002686491509673053
1349,0.1464020955259406,0.1406623420962786,0.096875,-0.12846350066994539,-0.13538885357067176,0.14707539682882304,0.14680778422669855,0.09967051070840198,0.0457887191346571,-0.060070054722461075,0.1864711119033563,0.18265619665414817,0.16097560975609757,0.2718454945681684,0.15561559652468748,0.19883750228870142,0.202116763400478,0.07511380880121396,-0.14735478981682948,-0.17875422260449003,0.0006733013028824286,0.006145442130419954,0.002795510708401977
1350,0.14476373002349804,0.14407647661317857,0.11271896420411272,-0.18229239115315066,-0.14749631193403323,0.14491213420820867,0.14510071696824856,0.10218978102189781,-0.0024342745861732906,-0.05675889386825539,0.18797694322434028,0.18470467736428817,0.16715542521994134,0.3035470858255669,0.18142682855441128,0.19204885404886923,0.19460566746329805,0.06311787072243347,-0.14310752538600646,-0.1497647473856777,0.00014840418471062655,0.001024240355069983,-0.010529183182214907
1351,0.14514077102913606,0.14578354387162853,0.10971089696071164,-0.18924290606653627,-0.16010978562746447,0.14344773164007232,0.1413451689996586,0.09409888357256778,0.009532473091976579,-0.05302970841924759,0.18223657437368138,0.17890064868555822,0.1523988711194732,0.2894829378669276,0.162257604704641,0.18608084640525074,0.18709457152611814,0.05447761194029851,-0.12272963551859106,-0.1499653572603703,-0.001693039389063733,-0.004438374871969936,-0.015612013388143858
1352,0.13841930021048748,0.13656538067599863,0.0890092879256966,-0.2141148774480356,-0.16049854985498557,0.14067215051788323,0.1403209286445886,0.07960199004975124,-0.02269501682085784,-0.06207245724572463,0.18272045907638632,0.1816319562990782,0.13841524573721165,0.2747619548239818,0.17712583758375844,0.18973985378437794,0.1905087060430181,0.047104247104247106,-0.16501148924666587,-0.16393201820182024,0.0022528503073957484,0.003755547968589956,-0.009407297875945353
1353,0.13954469988471316,0.13827244793444862,0.10638297872340426,-0.17750222055143383,-0.16127089237678194,0.14128619586050625,0.1389552748378286,0.10170870626525631,0.013105860413004211,-0.062352986470408434,0.1788562809270658,0.17514510071696826,0.15315315315315314,0.3344058320341725,0.19915412109816466,0.18319604886811863,0.18572891771935815,0.06278366111951589,-0.15925868594952985,-0.16809281692204903,0.0017414959757930948,0.0006828269033799794,-0.004674272458147943
1354,0.14296827138807344,0.1406623420962786,0.1019786910197869,-0.14219931216699278,-0.14581398803996581,0.14229127109215137,0.1406623420962786,0.0971107544141252,0.024833322042138728,-0.06873738686872444,0.18944319979710433,0.18811881188118812,0.1588235294117647,0.27864210765423447,0.18742896408275456,0.19209156242429748,0.19392284055991807,0.05307050796057619,-0.1266832182295673,-0.15148138518491006,-0.0006770002959220756,0.0,-0.004867936605661705
1355,0.13318125910427797,0.12598156367360874,0.09811320754716982,-0.1310126383299799,-0.1460938090821119,0.13230246069437274,0.13076135199726868,0.08776167471819646,0.030636946680080546,-0.05227361471016301,0.1689202139950651,0.16285421645612838,0.14028436018957346,0.2846453722334005,0.1591044135736257,0.17601769503529588,0.17616934107203824,0.05349182763744428,-0.13620787223340047,-0.1698314486220026,-0.0008787984099052348,0.004779788323659939,-0.010351532828973359
1356,0.13491597171540562,0.13280983270740868,0.09728506787330317,-0.1994730181843397,-0.161298833205341,0.13399158289016566,0.1300785250938887,0.08740978348035285,-0.058744219282988785,-0.07171513860331458,0.17909711409443482,0.17685216797541822,0.14945919370698132,0.2867043027217764,0.18909814947853443,0.18216081247877103,0.18846022533287812,0.06282722513089005,-0.1677289125414353,-0.1737725122005599,-0.0009243888252399579,-0.002731307613519973,-0.009875284392950323
1357,0.1530590233970486,0.15329463980880847,0.1043613707165109,-0.14072004720137676,-0.1333457989401331,0.15273690816139993,0.15295322635711847,0.09802306425041186,0.03397405809313225,-0.05359287929693979,0.19466200511379234,0.19153294639808807,0.16748285994123407,0.3011293268714196,0.1662973134335789,0.201554171243976,0.20553089791737794,0.05868725868725869,-0.1274097867455367,-0.1458784005983491,-0.00032211523564867894,-0.0003414134516900036,-0.006338306466099036
1358,0.14034971861178347,0.13861386138613863,0.09453471196454949,-0.16625632153313807,-0.14992747433990594,0.14012277671296466,0.13793103448275862,0.08575924468922108,0.01856534468991211,-0.056679232872408836,0.1803905972295925,0.17309662000682827,0.1403180542563143,0.2913894064413096,0.17026227045812659,0.18822039976800162,0.19392284055991807,0.06069364161849711,-0.16858530742613786,-0.18363165800285686,-0.00022694189881880544,-0.0006828269033800072,-0.008775467275328408
1359,0.1435181474863146,0.13827244793444862,0.09145427286356822,-0.17003419877163595,-0.1553308052004484,0.1414373487284539,0.1406623420962786,0.08983451536643026,0.0073283082077052475,-0.08187237372914413,0.18064097035334437,0.17514510071696826,0.13137996219281664,0.2903056951423786,0.15658499612385868,0.19475476878382733,0.19938545578695802,0.05274888558692422,-0.14070351758793964,-0.16889236177976608,-0.0020807987578607134,0.0023898941618299696,-0.0016197574971379552
1360,0.15963740052826414,0.15670877432570843,0.1178650852483321,-0.16648973648363008,-0.14894359244590993,0.15861452365340442,0.1601229088426084,0.11075949367088607,0.04014279674949506,-0.053358231528029876,0.20310652190980014,0.19801980198019803,0.1833489242282507,0.3079900418056274,0.1659258317541651,0.20621895507459453,0.2092864458859679,0.07011070110701106,-0.13083752172483443,-0.15569079439305422,-0.0010228768748597183,0.0034141345168999804,-0.00710559157744603
1361,0.15066871199326554,0.14783202458176853,0.10014947683109118,-0.18867783985102415,-0.15704258995903264,0.14925716771423395,0.1488562649368385,0.09731012658227849,0.010577281191806343,-0.07346460284665046,0.18830728629120141,0.18607033117104813,0.1590909090909091,0.3032960893854749,0.1614573068746401,0.1980339227703933,0.20450665756230796,0.07017543859649122,-0.15817504655493486,-0.1909255577072957,-0.0014115442790315902,0.001024240355069983,-0.002839350248812697
1362,0.14962875325170805,0.14475930351655855,0.10796324655436447,-0.17688025708114563,-0.16410841340109916,0.14673935079374006,0.14475930351655855,0.09543230016313213,0.000762112139357618,-0.07283443162660919,0.18613734718343952,0.1806077159440082,0.15684315684315683,0.29832475810841663,0.18387364211414425,0.19874384554444963,0.19938545578695802,0.0625,-0.15141622912532715,-0.170953962034186,-0.0028894024579679822,0.0,-0.01253094639123234
1363,0.15154759938746273,0.14919767838852852,0.11342592592592593,-0.15742766005923903,-0.14607268610105384,0.15031064997029792,0.15227039945373846,0.10894308943089431,-0.01882547277284119,-0.07089445460540234,0.19071829908435117,0.18504609081597814,0.16994106090373282,0.30851560719981763,0.17058713747153897,0.20189465261456596,0.20177534994878799,0.0701219512195122,-0.157410571884256,-0.16429771191818143,-0.0012369494171648177,0.003072721065209949,-0.004482836495031617
1364,0.14764038508610527,0.14305223625810856,0.1033434650455927,-0.16208555332086605,-0.13685307033793226,0.14906380907803993,0.14680778422669855,0.10793650793650794,-0.01027957141008895,-0.07353954563642029,0.1905307492584623,0.18538750426766815,0.17006802721088435,0.28734577702504027,0.18762874375731708,0.19490242833226346,0.19801980198019803,0.06562266964951528,-0.14302012396645614,-0.1651180367225359,0.0014234239919346525,0.003755547968589984,0.004593042890915236
1365,0.1544345264040508,0.15227039945373846,0.10067114093959731,-0.16529912605856412,-0.15575579733007316,0.15440167088269818,0.1519289860020485,0.09448818897637795,-0.008308262285449453,-0.07564751641590917,0.1984437775450495,0.19324001365653806,0.15769944341372913,0.2214996079568543,0.14098332774633715,0.20524144911502318,0.20826220553089791,0.057291666666666664,-0.12861113707774285,-0.15914065427010826,-3.285552135262604e-05,-0.00034141345168997583,-0.0061829519632193575
1366,0.13249582350082223,0.1283714578354387,0.0936599423631124,-0.19318664350511483,-0.15663226719363732,0.13215684443217302,0.12768863093205873,0.08521870286576169,-0.05778807180081058,-0.08739295908658418,0.1839337887479638,0.1802663024923182,0.14604651162790697,0.2896159042655858,0.1929145624435824,0.1790321305886392,0.18402185046090816,0.05021520803443329,-0.15477707006369434,-0.16333284539754578,-0.00033897906864921445,-0.0006828269033799794,-0.008441239497350705
1367,0.1426622680160474,0.1406623420962786,0.10442073170731707,-0.18451815315926812,-0.1557784733093136,0.14018956235003738,0.13793103448275862,0.09596774193548387,-0.002831953180385205,-0.07393380199452615,0.18142566462396972,0.17753499487879823,0.1506849315068493,0.2766641024480746,0.17387367504191353,0.18653938157022548,0.18777739842949812,0.05677517032551098,-0.16433624447561734,-0.166009057223662,-0.0024727056660100166,-0.002731307613519973,-0.008452989771833203
1368,0.15230164320451448,0.14749061113007852,0.09724349157733538,-0.17004143705412444,-0.136746152608055,0.15371100661310666,0.15124615909866848,0.09558232931726908,-0.002450494953378457,-0.06760390743973554,0.19837566524386854,0.19767838852850803,0.1634050880626223,0.2639019957359058,0.18516200522477688,0.20331563358627194,0.20723796517582793,0.06626954579300075,-0.1836026547675913,-0.17868489148064226,0.0014093634085921847,0.003755547968589956,-0.0016611622600662956
1369,0.15325358487961274,0.1505633321952885,0.10514372163388805,-0.17558528428093645,-0.15300270531831428,0.15211906044034865,0.15295322635711847,0.09967845659163987,-0.04515050167224077,-0.06462938624173609,0.19146317581646013,0.18641174462273813,0.15391969407265774,0.24916387959866215,0.1597028852603466,0.1997894094825691,0.20177534994878799,0.05971277399848828,-0.12876254180601998,-0.15413569658852677,-0.0011345244392640952,0.0023898941618299696,-0.005465265042248174
1370,0.13750717013515573,0.13656538067599863,0.09057971014492754,-0.1950113378684808,-0.16520649932797116,0.13832757409528876,0.13315124615909868,0.083206106870229,-0.07653061224489788,-0.08677815032824321,0.18613014552111917,0.18299761010583818,0.14565826330532214,0.32086167800453513,0.18099864125654241,0.18975707314779938,0.19597132127005804,0.05752840909090909,-0.18877551020408168,-0.1965778389278624,0.000820403960133026,-0.0034141345168999526,-0.007373603274698534
1371,0.14958836107853193,0.14749061113007852,0.10968229954614221,-0.1925370581842455,-0.17283597185945143,0.15003602113070086,0.14783202458176853,0.10522088353413654,0.011138142760207193,-0.08518847658648043,0.19659305291766396,0.19528849436667806,0.16170634920634921,0.2766128424238746,0.1845836841887678,0.20002235156138526,0.20484807101399796,0.06561085972850679,-0.1717888883372225,-0.1773890884970084,0.00044766005216892446,0.0003414134516900036,-0.00446141601200567
1372,0.14923321946384016,0.1502219187435985,0.09839816933638444,-0.17489302093527526,-0.14616698141731965,0.14676892439695452,0.14407647661317857,0.08835341365461848,-0.013679887935831747,-0.07129226209063821,0.19074850905906138,0.18607033117104813,0.15738963531669867,0.297825878379675,0.1590042231111244,0.20166211795327466,0.202116763400478,0.05731523378582202,-0.1436301882447758,-0.16318396308247463,-0.002464295066885641,-0.006145442130419926,-0.010044755681765966
1373,0.14055186639405157,0.13656538067599863,0.09781790820165538,-0.20902700702922672,-0.16564379554718878,0.14131350793019168,0.13827244793444862,0.08514056224899598,-0.041743741521765965,-0.07036950657812213,0.18852775319727094,0.18470467736428817,0.14752475247524752,0.23751387347391784,0.19617165899010025,0.1893518036992521,0.19187435984977808,0.05199698568198945,-0.1440374892095203,-0.16337536009554432,0.0007616415361401119,0.0017070672584499902,-0.012677345952659402
1374,0.14941061365878425,0.1488562649368385,0.11751326762699014,-0.1844492911668485,-0.16562864414227663,0.14703029811663054,0.14236940935472858,0.10223642172523961,-0.0024705065926440284,-0.08943328783735727,0.19317486544490092,0.1911915329463981,0.17315175097276264,0.26221869733320113,0.16530939592834304,0.1975170285666015,0.19938545578695802,0.0644666155026861,-0.1384554376920789,-0.14743273815901237,-0.0023803155421537048,-0.006486855582109929,-0.015276845901750533
1375,0.15510022294712664,0.15363605326049845,0.10700538876058506,-0.15489614716020084,-0.11577626517743833,0.1530770739064571,0.14919767838852852,0.10137875101378752,0.024358772682650964,-0.041187703991191094,0.19717240380555226,0.1905087060430181,0.16221374045801526,0.28143313135577186,0.1678862932732902,0.2065749116351836,0.2099692727893479,0.06505295007564296,-0.1410570667919817,-0.1417692486211306,-0.002023149040669525,-0.004438374871969936,-0.005626637746797544
1376,0.1475776243853539,0.14510071696824856,0.10288675055514433,-0.15582362137578165,-0.14193236540251664,0.14585012479441598,0.1406623420962786,0.09627329192546584,-0.01267489419493395,-0.07121920479034716,0.19399868953449087,0.1898258791396381,0.16588566073102157,0.3021524224622576,0.17683807291265974,0.19370179334911186,0.199726869238648,0.06373626373626373,-0.14774216726675515,-0.15764640109410988,-0.001727499590937931,-0.004438374871969963,-0.0066134586296784925
1377,0.14142865398233764,0.13656538067599863,0.10295230885692658,-0.20247113464197508,-0.15093114578645128,0.14225641241725973,0.1392966882895186,0.09163987138263666,-0.051890676026488,-0.06370951901498523,0.18561427168817565,0.18368043700921816,0.1580952380952381,0.21304820544335057,0.15604367051312384,0.19178592429724134,0.19187435984977808,0.06606606606606606,-0.14000141815474432,-0.16339137818237492,0.0008277584349220823,0.002731307613519973,-0.011312437474289921
1378,0.14302654036740817,0.1410037555479686,0.10518292682926829,-0.17555414138335912,-0.1738149279790484,0.14469981041438193,0.1396381017412086,0.09450726978998385,-0.03016787817404476,-0.08932655733616013,0.19251203507727743,0.18811881188118812,0.15947843530591777,0.2726259086305336,0.18583151462243563,0.19722323963480184,0.19801980198019803,0.05963302752293578,-0.15423101399134165,-0.16924798902537874,0.0016732700469737627,-0.0013656538067599866,-0.010675657039284442
1379,0.14773107541470065,0.1396381017412086,0.09610983981693363,-0.2000140262290483,-0.14616698141731965,0.14841931636464278,0.14578354387162853,0.09385113268608414,-0.03060561087070668,-0.06108207309154534,0.19027849935079555,0.18709457152611814,0.15692007797270954,0.3305242966509535,0.17715567022062284,0.19779485712594488,0.200068282690338,0.06056018168054504,-0.1650545980442888,-0.15751163586075623,0.0006882409499421316,0.006145442130419926,-0.0022587071308494966
1380,0.15381305274223592,0.15261181290542847,0.11287878787878788,-0.1862001710722595,-0.13950898919124433,0.1553313928884874,0.15295322635711847,0.10657051282051282,-0.007648665512410946,-0.05813964971533814,0.20359474494096066,0.202116763400478,0.17762512266928362,0.3430391358784808,0.2006600550066413,0.20336144062514303,0.20860361898258792,0.07349665924276169,-0.1988487746019677,-0.17002249149470916,0.00151834014625149,0.0003414134516900036,-0.006308275058275067
1381,0.15037659969829942,0.1485148514851485,0.11638591117917305,-0.15041142050181422,-0.132071516360179,0.1496989870087285,0.1485148514851485,0.11547714514835605,-0.015002691535993207,-0.06526787715758797,0.18711489533846715,0.18436326391259816,0.17589893100097181,0.26612125194874203,0.1815659083706298,0.19118404377483167,0.19324001365653806,0.07385079125847777,-0.13343027523577156,-0.1558490828560165,-0.0006776126895709222,0.0,-0.0009087660308169931
1382,0.15542261219022319,0.15227039945373846,0.12548113933795227,-0.18175268185942262,-0.1494898784417652,0.15591285443345024,0.15466029361556846,0.12029459901800327,-0.043828482986299044,-0.06178194169683848,0.19977615876811997,0.19665414817343804,0.18793273986152326,0.26335402069244207,0.17856058626653226,0.20202069636165795,0.20416524411061795,0.08460365853658537,-0.18071767854283727,-0.16429771191818143,0.0004902422432270515,0.0023898941618299974,-0.005186540319949001
1383,0.1567676166663672,0.15500170706725844,0.12196969696969696,-0.18911150199493765,-0.16676588826623062,0.1575859631288454,0.15670877432570843,0.11750405186385737,0.008601827620232538,-0.06896289360618502,0.20291578618636646,0.19699556162512802,0.1845703125,0.31974773692565106,0.16985837242415913,0.2078390834123108,0.21201775349948787,0.06912442396313365,-0.13168733107383412,-0.14629549403505837,0.0008183464624781922,0.0017070672584499902,-0.004465645105839591
1384,0.14838174223142153,0.1481734380334585,0.11413454270597127,-0.18144373863661878,-0.13823793546859553,0.14622860549455918,0.14373506316148857,0.1072,-0.0379995211480475,-0.05582303452796078,0.18763509818402274,0.18231478320245817,0.1750236518448439,0.2906219837938542,0.16206841590412813,0.1920342474078227,0.19426425401160805,0.06681681681681682,-0.14518005581618065,-0.1483986766804546,-0.002153136736862349,-0.004438374871969936,-0.006934542705971269
1385,0.14970387837635776,0.14680778422669855,0.10323574730354391,-0.151383994344215,-0.1267443756794535,0.14911895717604126,0.14373506316148857,0.0964840556009812,0.023029694670358092,-0.04175175470383796,0.1902828793082451,0.18641174462273813,0.16569200779727095,0.3143817762834801,0.1814955297254458,0.19923775464105134,0.20245817685216796,0.06826706676669167,-0.1767558748027941,-0.16640759880140754,-0.0005849212003165016,-0.003072721065209977,-0.0067516917025627204
1386,0.14989261857504954,0.14749061113007852,0.11302395209580839,-0.14962465722344132,-0.16040276476947746,0.14761139975372695,0.14578354387162853,0.1043338683788122,0.03169387363916243,-0.058627676042833365,0.19175737006601107,0.18709457152611814,0.16205910390848427,0.28771520108906123,0.16414668483659878,0.19787026226641233,0.202116763400478,0.07164179104477612,-0.1358353577198561,-0.16492610204621727,-0.002281218821322595,-0.0017070672584499902,-0.008690083716996186
1387,0.16022440044535113,0.15670877432570843,0.1152073732718894,-0.12559653500802914,-0.13595679241822678,0.16089613584177848,0.15807442813246841,0.10691318327974277,0.015178187739839033,-0.07015779664629462,0.2021620619910671,0.202116763400478,0.16912487708947885,0.2866986829110154,0.18736585921971582,0.2084838199838198,0.21372482075793786,0.07175226586102719,-0.12015327085893501,-0.16091503219378722,0.000671735396427342,0.0013656538067599866,-0.008294189992146636
1388,0.14153513498291354,0.1406623420962786,0.10566615620214395,-0.2000887818853938,-0.1593592146963122,0.14349936268076327,0.14339364970979857,0.10154346060113728,0.006356240222846421,-0.0738898473656826,0.18627998581952748,0.18333902355752818,0.1594488188976378,0.2807542971014071,0.17112233898212248,0.18695144851025655,0.18811881188118812,0.057736720554272515,-0.14984560093511745,-0.15138207374545343,0.0019642276978497353,0.002731307613519973,-0.004122695601006671
1389,0.13955652759444903,0.13451689996585867,0.09628506444275967,-0.200890438718635,-0.1571264042924052,0.14015748092302405,0.1403209286445886,0.08811641067097817,0.0052166306184114886,-0.06405941232330892,0.18004126957102065,0.17651075452372825,0.14717348927875243,0.3099561401748776,0.17541784749960954,0.18787722310676813,0.19016729259132809,0.05727204220045215,-0.13005060131699864,-0.16620611082597558,0.0006009533285750157,0.005804028678729922,-0.008168653771781498
1390,0.14294823276398963,0.13793103448275862,0.10604929051530994,-0.18453229749644362,-0.1386241338640719,0.14173466787958314,0.13622396722430863,0.09984276729559749,-0.03263397306483351,-0.06326600815764905,0.18254120624865802,0.1799248890406282,0.16856060606060605,0.28198444540986256,0.17967959113469945,0.1870347193052297,0.18641174462273813,0.0586053412462908,-0.138648812109751,-0.14874686716791974,-0.0012135648844064928,-0.0017070672584499902,-0.006206523219712448
1391,0.1474819204891896,0.14475930351655855,0.10490045941807044,-0.15380021247882392,-0.14237188117535338,0.1453705809520551,0.14202799590303858,0.0945395273023635,-0.006305452666034994,-0.052709779156346004,0.18650702353296605,0.1816319562990782,0.16618357487922705,0.2793464840497315,0.1652031776493429,0.1924337670798689,0.19187435984977808,0.06207418622255867,-0.13485514112613772,-0.15939633092579775,-0.0021113395371344934,-0.002731307613519973,-0.010360932115706947
1392,0.14330457543316083,0.14373506316148857,0.09851851851851852,-0.1481477682966852,-0.14358282997296323,0.14251360101873056,0.14407647661317857,0.09296875,0.03255045946832946,-0.06496906235126132,0.18492856402706156,0.18094912939569818,0.14691943127962084,0.3117184936002625,0.18771804786135216,0.1866518848413493,0.1905087060430181,0.05363703159441587,-0.12688915326550698,-0.1559364220278021,-0.0007909744144302677,0.0003414134516900036,-0.005549768518518516
1393,0.1477032116876055,0.14646637077500854,0.10819411296738266,-0.14375789329485122,-0.13562909801086442,0.14603765220228,0.14339364970979857,0.09620253164556962,0.03214553124571906,-0.052895718488618404,0.19151976475233426,0.19016729259132809,0.17133956386292834,0.3019446826637442,0.20219886837164003,0.20031813091680659,0.20416524411061795,0.06284367635506677,-0.15772890789639116,-0.15401429346025242,-0.001665559485325513,-0.003072721065209977,-0.011991581321813036
1394,0.14343391252269813,0.1389552748378286,0.0932601880877743,-0.18915808156293368,-0.14980584713280054,0.14122450247562593,0.13690679412768864,0.08492922564529559,-0.01937653464289535,-0.06379925846130718,0.18149752075876052,0.1782178217821782,0.149,0.27224231344080285,0.166698399178295,0.1944546227618293,0.199044042335268,0.05764796310530361,-0.19266440696060638,-0.1784747100232983,-0.0022094100470722022,-0.002048480710139966,-0.008330962442478704
1395,0.14897082509730925,0.14510071696824856,0.1178650852483321,-0.17394071975470238,-0.14431011039608088,0.14705739577347823,0.14339364970979857,0.11428571428571428,0.02190464236403733,-0.04432103219599359,0.19107481337502458,0.18777739842949812,0.1875589066918002,0.3098405924438308,0.1792500527682468,0.18942853239796975,0.1898258791396381,0.06686478454680535,-0.14680377987770987,-0.14093969202978585,-0.0019134293238310118,-0.0017070672584499902,-0.003579370962617817
1396,0.15451022941991524,0.1519289860020485,0.11264367816091954,-0.18439688119346032,-0.1534852261498344,0.15327307331782336,0.15363605326049845,0.11165048543689321,-0.010674283853796984,-0.07494396415197735,0.19596007652134628,0.1908501194947081,0.17042115572967678,0.34973943692632115,0.16978605511670786,0.20429516599040998,0.2092864458859679,0.07418622255866768,-0.17876538722909674,-0.1716976927000622,-0.0012371561020918798,0.0017070672584499624,-0.0009931927240263289
1397,0.15088511546252148,0.1481734380334585,0.10711493354182955,-0.13460123988651884,-0.11826633229003602,0.15259611648603422,0.15124615909866848,0.11000827129859388,0.0037535170980584898,-0.038695124067326,0.19464109041488534,0.1894844656879481,0.17416829745596868,0.2693951175090189,0.17387367504191353,0.19888194823060673,0.202116763400478,0.07251908396946564,-0.14165878603201287,-0.15350501021723617,0.001711001023512737,0.003072721065209977,0.0028933377567643276
1398,0.137651991564745,0.13588255377261865,0.10615384615384615,-0.15297677349794614,-0.14402100578715027,0.13867105511777153,0.13588255377261865,0.1037037037037037,0.016825736695443516,-0.04735525525105855,0.18055332597942597,0.18094912939569818,0.16482412060301507,0.3152357956918217,0.20283845201882578,0.18603791937635028,0.18846022533287812,0.06449165402124431,-0.1612301921748176,-0.16449140001832263,0.001019063553026528,0.0,-0.0024501424501424535
1399,0.14763286100588371,0.14441789006486855,0.10752688172043011,-0.12860000815112904,-0.13501991694998883,0.15069977971617146,0.1498805052919085,0.1037037037037037,0.02920939364460018,-0.036342974803455386,0.19765683114461605,0.19494708091498805,0.17958783120706576,0.2921612718596446,0.1859636994577003,0.19930161573634175,0.20348241720723798,0.06747536012130402,-0.13374762332569612,-0.1543016182889666,0.003066918710287747,0.005462615227039946,-0.0038231780167264084
1400,0.15184763074189223,0.1488562649368385,0.11469265367316342,-0.1553719538492795,-0.1487902687754028,0.1556977546007928,0.15534312051894844,0.11387329591018444,0.03167961106220074,-0.050609603704433126,0.20236854011932331,0.19938545578695802,0.17652764306498545,0.33928157713707274,0.1931492888855606,0.19924709391234158,0.200068282690338,0.0638617580766341,-0.11883418461001072,-0.14540472860054166,0.0038501238589005726,0.006486855582109929,-0.0008193577629789783
1401,0.1407546036987816,0.1392966882895186,0.10352588147036759,-0.1262033200151199,-0.1291031670532895,0.14194323119549615,0.13861386138613863,0.0902555910543131,0.04861501178149641,-0.038050500092550066,0.19322736245497857,0.19153294639808807,0.16234390009606148,0.29217228186568034,0.19913607680517864,0.19175466055702062,0.19801980198019803,0.06961566352429296,-0.15475799357758302,-0.18081208903099333,0.001188627496714556,-0.0006828269033799794,-0.013270290416054487
1402,0.13834374725507467,0.13451689996585867,0.0900225056264066,-0.18137866947954562,-0.15326511375329566,0.1392549426803036,0.13793103448275862,0.08587479935794542,0.015698663164919413,-0.05496412378259208,0.1800556928568193,0.1782178217821782,0.13557692307692307,0.27895220258469133,0.17779454212505075,0.18816832160828476,0.19221577330146808,0.05482456140350877,-0.17166993161546795,-0.19281148902886602,0.0009111954252289389,0.0034141345168999526,-0.004147706268461171
1403,0.14029324587649458,0.13793103448275862,0.10514372163388805,-0.1430480223300663,-0.15018775749986468,0.1391287332083277,0.14271082280641859,0.10492845786963434,0.015119976528055301,-0.07772279294112194,0.18114536648022747,0.17753499487879823,0.1603864734299517,0.2993981349319631,0.17477231794324755,0.18564361380758884,0.18709457152611814,0.06142322097378277,-0.14576989564500276,-0.1649072034258594,-0.0011645126681668894,0.004779788323659967,-0.0002152637642537092
1404,0.14081211804758742,0.1413451689996586,0.09322033898305085,-0.1533392472436954,-0.14835081432819475,0.13858417266161513,0.13827244793444862,0.09304207119741101,-0.004833716530586396,-0.07772883928682517,0.17431111267954674,0.16968248548992831,0.14650934119960668,0.28558755906367106,0.17172620158510943,0.1844844849964173,0.18709457152611814,0.053910402429764616,-0.15004435432771512,-0.1699930324860338,-0.002227945385972291,-0.003072721065209977,-0.0001782677856398407
1405,0.14135874790012584,0.1389552748378286,0.10598031794095382,-0.1727971327035811,-0.1397063565159573,0.1418228702178995,0.13451689996585867,0.09339774557165861,0.0019439297755369234,-0.0504445380368127,0.18951147819944947,0.1894844656879481,0.17211538461538461,0.2957203171035446,0.17779454212505075,0.19032232184520206,0.19528849436667806,0.06701414743112435,-0.11679524952161102,-0.16456407811774432,0.000464122317773652,-0.004438374871969936,-0.012582572369295206
1406,0.15201121275491253,0.15227039945373846,0.12066365007541478,-0.13904539532680238,-0.14535583869818158,0.14829208359578566,0.14646637077500854,0.1104,0.03348391790602845,-0.059483709528371675,0.18844305217091697,0.18436326391259816,0.1799043062200957,0.31588921036157214,0.17214505994282647,0.19532223779680657,0.19426425401160805,0.07454819277108433,-0.13794562035768065,-0.14761563157107127,-0.003719129159126866,-0.005804028678729922,-0.010263650075414785
1407,0.1412624289190562,0.14236940935472858,0.0975428145941921,-0.15313375350140057,-0.14962276679511244,0.14050116534317983,0.13793103448275862,0.09162717219589257,0.0349352240896359,-0.06289988088343712,0.18164855748604913,0.17616934107203824,0.14652711703139867,0.33288690476190474,0.1792484369218902,0.18355606173511263,0.18607033117104813,0.056254626202812734,-0.14873949579831935,-0.15863293675996182,-0.0007612635758763586,-0.004438374871969963,-0.005915642398299531
1408,0.14867679845498577,0.1485148514851485,0.10929368029739776,-0.20742412841735636,-0.1705802736421419,0.146349781417323,0.14680778422669855,0.10023677979479084,-0.0148386668437126,-0.08237519674571692,0.18853571219743281,0.18333902355752818,0.1560418648905804,0.2912590920491597,0.16188501619822893,0.19432445025841716,0.19665414817343804,0.056264066016504126,-0.1774222104191564,-0.15701026181192257,-0.0023270170376627763,-0.0017070672584499624,-0.009056900502606921
1409,0.14073328128437698,0.13827244793444862,0.09818731117824774,-0.1701588826738959,-0.1543293909853396,0.13968986891142363,0.13656538067599863,0.09409888357256778,0.0022065131601524124,-0.07503700301127958,0.18435783519680282,0.17719358142710823,0.15583173996175909,0.3036512130674993,0.16057466411164167,0.19004476608740528,0.19324001365653806,0.06437125748502993,-0.16863525616828523,-0.16792237178089264,-0.0010434123729533562,-0.0017070672584499902,-0.004088427605679956
1410,0.14926634228869307,0.14714919767838852,0.10835913312693499,-0.14964754196038166,-0.13868759707777434,0.1477467677918758,0.14339364970979857,0.09645507007419621,0.03526780394349671,-0.04876354348602496,0.1880092527796537,0.18231478320245817,0.14411764705882352,0.27326177228185644,0.170924334276097,0.19635958417447935,0.200068282690338,0.06264323911382735,-0.1543702046914961,-0.15803834278739137,-0.0015195744968172775,-0.003755547968589956,-0.011904063052738778
1411,0.15068859037383295,0.14612495732331854,0.10925644916540213,-0.18118098087802148,-0.1484707402374641,0.148487283166587,0.14578354387162853,0.10344827586206896,-0.04013838889148624,-0.06802836005237378,0.1869913705198003,0.18231478320245817,0.16715542521994134,0.2807573986628641,0.1857616844752351,0.19519258782687246,0.19767838852850803,0.0749063670411985,-0.16947028846603385,-0.16773159183107722,-0.002201307207245956,-0.0003414134516900036,-0.005808173303333164
1412,0.15205679768609046,0.1485148514851485,0.1092690278824416,-0.1639270866645347,-0.14835453665733955,0.14991971170595683,0.1498805052919085,0.10804416403785488,-0.01729026756209362,-0.08166307318812283,0.1944324831993258,0.19255718675315808,0.1702127659574468,0.2673595565504744,0.18284205311351642,0.19908972600906782,0.20245817685216796,0.07084870848708487,-0.1561134207440572,-0.18000472271052714,-0.002137085980133624,0.0013656538067599866,-0.0012248638445867127
1413,0.13206672644203013,0.12871287128712872,0.09126063418406806,-0.2020452918009309,-0.14643566995108237,0.13220198796692495,0.1283714578354387,0.08616404308202154,-0.020061313999283903,-0.048385148396481226,0.17106656101746004,0.17173096620006828,0.15423901940755874,0.3570869137128536,0.21156274595757818,0.17964875900975869,0.18368043700921816,0.061068702290076333,-0.16880370569280345,-0.16581774979327113,0.00013526152489481968,-0.0003414134516900036,-0.0050965911020465215
1414,0.14538129061986468,0.14202799590303858,0.09446494464944649,-0.15987675453611783,-0.15754986533923854,0.14481554314838482,0.14510071696824856,0.08641005498821681,0.009267863256223308,-0.06530286613764924,0.18192479293809685,0.1782178217821782,0.14516129032258066,0.30840710128625226,0.1810641195348881,0.1903680368827261,0.19221577330146808,0.05665930831493746,-0.15537731696581403,-0.16204971895882825,-0.0005657474714798605,0.003072721065209977,-0.008054889661229678
1415,0.14809746317450287,0.14612495732331854,0.11382113821138211,-0.18363085917110344,-0.15158530704359552,0.1474348625187946,0.1410037555479686,0.10559006211180125,-0.03505622418087184,-0.07851835207510094,0.18537815609538175,0.1816319562990782,0.17118802619270346,0.2529603448018731,0.1676610808187502,0.19092505442745183,0.19767838852850803,0.08098336948662328,-0.18039461321641093,-0.1853085170290546,-0.0006626006557082786,-0.005121201775349943,-0.008231076099580861
1416,0.15253821975191437,0.1481734380334585,0.1059190031152648,-0.15244497312840166,-0.14848796867724312,0.14997009290039345,0.14646637077500854,0.10218978102189781,-0.01186115770376206,-0.09016160751176527,0.19684307878664759,0.19392284055991807,0.16996047430830039,0.28022199020983807,0.16258595753863891,0.2062644314179274,0.20894503243427792,0.06800618238021638,-0.11619826789443055,-0.15992451008223885,-0.0025681268515209132,-0.0017070672584499624,-0.003729222093366985
1417,0.14109943097896369,0.1406623420962786,0.08805513016845329,-0.14050441459725682,-0.12647773519392946,0.13815532116137846,0.13690679412768864,0.0799347471451876,0.05634913453210433,-0.03601098965913463,0.17594233718591826,0.17138955274837828,0.12282398452611218,0.3025065604922631,0.18110919962437277,0.18818446788284723,0.19426425401160805,0.05137751303052867,-0.1538063782204584,-0.16831860500377205,-0.002944109817585222,-0.003755547968589956,-0.00812038302326569
1418,0.14877366584868051,0.14544213041993856,0.10553892215568862,-0.18137669334067363,-0.15478372544248176,0.14969922155141888,0.1481734380334585,0.10547504025764895,0.02512534161734925,-0.04861709316459095,0.1978934255024408,0.19324001365653806,0.1705937794533459,0.2916379937476652,0.1558101455832629,0.19896014972833811,0.20143393649709798,0.06706408345752608,-0.15584829240478948,-0.1615603189921344,0.0009255557027383621,0.0027313076135199454,-6.388189803967215e-05
1419,0.16109500313358124,0.16182997610105837,0.11417624521072797,-0.15282527691286818,-0.1328071713923804,0.1562537142665764,0.15227039945373846,0.107085346215781,0.009213414322903346,-0.06144402221572631,0.19707647831462358,0.19221577330146808,0.17478510028653296,0.309529886172222,0.15944191571201216,0.20851163762693017,0.20860361898258792,0.07272727272727272,-0.11936603542442958,-0.14979839738682177,-0.004841288867004856,-0.009559576647319906,-0.00709089899494697
1420,0.1552766326737595,0.15329463980880847,0.11833855799373041,-0.14018980812873938,-0.1251714677640604,0.15364403697231266,0.15397746671218845,0.11633663366336634,0.05778832267381884,-0.05223760764192298,0.1970173426140428,0.19767838852850803,0.18562874251497005,0.2991417371570043,0.18707662088384014,0.20183598330831817,0.20348241720723798,0.06848249027237355,-0.09992572725397153,-0.13542779184373588,-0.0016325957014468317,0.0006828269033799794,-0.0020019243303640716
1421,0.15114907413667333,0.1502219187435985,0.10656370656370656,-0.16632775029694336,-0.14966281917734414,0.14959958102100884,0.14544213041993856,0.10032362459546926,-0.014597209484145446,-0.0823798691137384,0.1918187172823057,0.18538750426766815,0.15976331360946747,0.2814816346168303,0.1707864853628801,0.20283992542146095,0.20689655172413793,0.06912442396313365,-0.16423411165070445,-0.1576455420662466,-0.0015494931156644909,-0.004779788323659939,-0.006240081968237304
1422,0.14540223690464868,0.14714919767838852,0.10059171597633136,-0.1460603392400729,-0.13475525417089973,0.1426578026586895,0.1399795151928986,0.09435421500386698,0.011552587918292168,-0.06863960732952246,0.18833386883209777,0.18402185046090816,0.16041275797373358,0.2933986376588277,0.1857375423822173,0.1919733191234689,0.19426425401160805,0.058394160583941604,-0.1222947825838826,-0.15492612947843865,-0.0027444342459591875,-0.007169682485489909,-0.00623750097246438
1423,0.13497729482739318,0.13076135199726868,0.09158600148920328,-0.1911355066583934,-0.16362667166820088,0.1329633145940466,0.12564015022191874,0.07819905213270142,-0.02429478306524757,-0.07664254742614307,0.18086968736837342,0.17582792762034824,0.1513671875,0.28812944489523173,0.19673612876318147,0.18095866467078234,0.18538750426766815,0.059602649006622516,-0.1630642928738486,-0.18170129488732978,-0.0020139802333465906,-0.005121201775349943,-0.013386949356501851
1424,0.14483426659964627,0.14407647661317857,0.10342205323193916,-0.14556706503332595,-0.1516454437143755,0.14474832115103523,0.1406623420962786,0.09039087947882736,0.03181014470541177,-0.05292532795000071,0.19282405370643133,0.1888016387845681,0.16224188790560473,0.2836764370544542,0.18649932062796593,0.1917388010910282,0.19289860020484806,0.05581039755351682,-0.14662310426938907,-0.14370244589425352,-8.594544861104114e-05,-0.0034141345168999804,-0.013031173753111802
1425,0.1444176673628247,0.1410037555479686,0.10466004583651642,-0.17523875845602865,-0.14859863720255295,0.14414050249666432,0.1410037555479686,0.09886547811993517,-0.012614405093513748,-0.06341992006567432,0.1878864090925094,0.18436326391259816,0.16135265700483092,0.2751790688420215,0.16258760940417694,0.19465330852337648,0.19494708091498805,0.06254709871891484,-0.160525268603263,-0.16904152931540384,-0.00027716486616036207,0.0,-0.005794567716581253
1426,0.13980516690076664,0.13485831341754864,0.10538116591928251,-0.16779524098031529,-0.1505055843416686,0.13739235182869433,0.13076135199726868,0.09929078014184398,-0.011190705299547354,-0.07268514069880039,0.1847412383802777,0.1812905428473882,0.16218809980806143,0.3084156004609335,0.18333284056107046,0.18877055207404256,0.19255718675315808,0.06978470675575353,-0.1525238485572068,-0.16065607699073836,-0.002412815072072305,-0.00409696142027996,-0.006090385777438534
1427,0.14755248192124562,0.14441789006486855,0.10045317220543806,-0.15771002710027104,-0.14216305659548534,0.14902313345091525,0.14578354387162853,0.09500805152979067,0.014837398373983679,-0.04953061259744962,0.1975585183052509,0.19426425401160805,0.17664092664092665,0.29579945799457996,0.18318016134883486,0.19652698729472695,0.19767838852850803,0.06296851574212893,-0.1385772357723577,-0.15345969610744092,0.001470651529669631,0.0013656538067599866,-0.005445120675647397
1428,0.14091923433894413,0.1410037555479686,0.09917971662938106,-0.16690357670122447,-0.15016125458529261,0.14066741982360292,0.14202799590303858,0.08846761453396525,0.01224980379458529,-0.06564107929786556,0.1802920566036565,0.17582792762034824,0.14218009478672985,0.2801246201664408,0.17214234717742927,0.18704342342853678,0.1894844656879481,0.053597650513950074,-0.17168019523582145,-0.17382690366577214,-0.00025181451534120325,0.001024240355069983,-0.010712102095415815
1429,0.13910209801587145,0.13246841925571867,0.1023502653525398,-0.16535876115001902,-0.15148138518491006,0.13810843145438123,0.13793103448275862,0.09942950285248574,0.049407354396971526,-0.04720127771793636,0.17840682884778572,0.17446227381358825,0.150390625,0.2999607892094718,0.1828950463667992,0.1852070710546847,0.19153294639808807,0.0651685393258427,-0.1385916820374138,-0.16961705604873156,-0.0009936665614902196,0.005462615227039946,-0.002920762500054061
1430,0.1519405555632681,0.1495390918402185,0.11196911196911197,-0.1796803809003099,-0.14966281917734414,0.15111187897866524,0.15158757255035848,0.10264900662251655,0.011667729785553638,-0.05044897755812894,0.18801801607120291,0.18709457152611814,0.16151545363908276,0.26928611566733496,0.18333076418829808,0.19544593814145633,0.19494708091498805,0.06046511627906977,-0.11338162930563145,-0.14396087425669957,-0.0008286765846028665,0.0020484807101399938,-0.009320105346595414
1431,0.15192963494620715,0.1495390918402185,0.10295230885692658,-0.17341626815592637,-0.1322610306858455,0.14938440032366876,0.1481734380334585,0.09595559080095163,-0.03429793368929912,-0.06457750936840112,0.19333450244544845,0.18607033117104813,0.15645617342130066,0.28883203840565974,0.16103422835641357,0.20292926842380898,0.20723796517582793,0.06398809523809523,-0.1342005818814166,-0.15820638052419922,-0.0025452346225383893,-0.0013656538067599866,-0.006996718055974946
1432,0.14099825566819166,0.1413451689996586,0.10015174506828528,-0.1596193854614617,-0.1419161367714965,0.14061384002860935,0.13758962103106862,0.09752198241406874,-0.03203765986758811,-0.06611849818394466,0.18158220145492276,0.17719358142710823,0.15942028985507245,0.2810248630237586,0.17824403815801304,0.1889415914012324,0.1911915329463981,0.061148396718866516,-0.15238711428661733,-0.16793622165976052,-0.00038441563958230285,-0.003755547968589984,-0.002629762654216536
1433,0.14780886443939825,0.14510071696824856,0.1008533747090768,-0.18410794602698644,-0.14945262942500515,0.14610517440038834,0.14271082280641859,0.0951219512195122,-0.026311844077961055,-0.08205817325208242,0.18822017387741266,0.18607033117104813,0.15789473684210525,0.23667541229385314,0.17267002550320165,0.19920823261243448,0.20245817685216796,0.06636155606407322,-0.16832833583208395,-0.1745827656250779,-0.0017036900390099141,-0.0023898941618299696,-0.0057314234895646105
1434,0.1378173802173873,0.13212700580402867,0.09955423476968796,-0.14382877009995654,-0.14649737087817583,0.13589990674549476,0.13451689996585867,0.09579439252336448,0.009843546284224236,-0.07676298589611275,0.17238775410447485,0.16695117787640834,0.15291936978683968,0.2657322903085615,0.1538103838026439,0.18145487559568066,0.18538750426766815,0.06517016654598118,-0.1517383746197305,-0.1858635559486953,-0.001917473471892528,0.0023898941618299974,-0.003759842246323475
1435,0.15054381653952736,0.1495390918402185,0.1086286594761171,-0.15462552590729983,-0.14363085871052828,0.15055241414012793,0.15124615909866848,0.10148514851485149,0.030945123021921317,-0.04578349937317561,0.18594752777718415,0.18231478320245817,0.15758176412289396,0.28684687405617637,0.18518177906266853,0.1966434942828827,0.199726869238648,0.06575963718820861,-0.1627380191468888,-0.17207485851789828,8.597600600568356e-06,0.0017070672584499902,-0.0071435109612656145
1436,0.14964070623316053,0.15124615909866848,0.11549925484351714,-0.19284652355518495,-0.1540840347519773,0.14983415968811314,0.14919767838852852,0.1035031847133758,-0.013710698750068806,-0.057109821605900946,0.1910343908399774,0.19016729259132809,0.18181818181818182,0.3219143061662746,0.18081528274086744,0.19227015250301868,0.19392284055991807,0.06855439642324888,-0.12983473219693686,-0.1540840347519773,0.00019345345495261346,-0.002048480710139966,-0.01199607013014134
1437,0.15040341977395877,0.14749061113007852,0.11323529411764706,-0.19814735945485518,-0.16038353371731728,0.1498293607274565,0.1488562649368385,0.10366328916601715,-0.030315398447851694,-0.07381089810505115,0.19162065085584676,0.1888016387845681,0.16465116279069766,0.2832020159000568,0.1600476500423692,0.1959177698636493,0.19665414817343804,0.06254598969830757,-0.14746001325004732,-0.15925921377430086,-0.0005740590465022621,0.0013656538067599866,-0.009572004951629909
1438,0.1423699753806611,0.1413451689996586,0.09955423476968796,-0.16283799214810568,-0.15021135228577687,0.14125712074159325,0.14168658245134857,0.0902555910543131,0.013003113932218535,-0.044403652128154,0.1834818138531206,0.18094912939569818,0.16022620169651272,0.279313194879956,0.17058858968148394,0.1848115570822747,0.18436326391259816,0.05309734513274336,-0.16548972837375886,-0.16146749060041754,-0.0011128546390678506,0.00034141345168997583,-0.009298643715374852
1439,0.14520853327372907,0.14510071696824856,0.10703592814371257,-0.1486813053725976,-0.16134097676085057,0.14467498242522095,0.14236940935472858,0.10832025117739404,0.0012315890479872582,-0.09121458840389918,0.18634347469296336,0.18470467736428817,0.15937803692905733,0.2782012464948156,0.18589775268405384,0.18786230871392715,0.1891430522362581,0.05588673621460507,-0.11635814833101976,-0.1681274014405555,-0.0005335508485081186,-0.002731307613519973,0.0012843230336814643
1440,0.1443688325158784,0.14271082280641859,0.11605124340617935,-0.19937212253301206,-0.1728294464998943,0.1445339059665345,0.14305223625810856,0.10834670947030497,-0.05033076014495674,-0.08075419127075845,0.18661096946934244,0.18333902355752818,0.16633663366336635,0.27864485246525106,0.18751445359437802,0.1908602164466114,0.19255718675315808,0.06974981046247157,-0.15190100233671344,-0.16373559413158456,0.00016507345065611134,0.00034141345168997583,-0.0077045339358743775
1441,0.14831022225505794,0.14646637077500854,0.09545454545454546,-0.18941061647075008,-0.15261486461389884,0.14526174475930057,0.14510071696824856,0.08500400962309543,-0.050386530341986924,-0.06987086629771322,0.18386094467700553,0.17890064868555822,0.1311787072243346,0.28309370458590954,0.15115762235511143,0.1955800050854251,0.198702628883578,0.04779686333084392,-0.15462503547136064,-0.17415097376468702,-0.0030484774957573735,-0.0013656538067599866,-0.01045053583145003
1442,0.145989556437216,0.14373506316148857,0.10458991723100075,-0.15774165198877743,-0.15717460011276974,0.14470955710936664,0.14407647661317857,0.09849086576648133,0.017028802982890223,-0.07793287730856358,0.1842127465117134,0.1812905428473882,0.1605769230769231,0.2692304863743836,0.16998051260745262,0.18765256180463266,0.18811881188118812,0.05922038980509745,-0.15325922684601267,-0.16283472317021297,-0.0012799993278493627,0.0003414134516900036,-0.006099051464519417
1443,0.14548178468053538,0.14202799590303858,0.10703363914373089,-0.18431309342398317,-0.14746292097406122,0.14510253017742447,0.1396381017412086,0.0998389694041868,-0.024989743289180688,-0.07250564989360797,0.18791594019198612,0.18504609081597814,0.16617502458210423,0.3165807056617044,0.18303050151702782,0.19359483493452456,0.19631273472174804,0.06722054380664652,-0.1639168913374751,-0.16563438062992863,-0.0003792545031109096,-0.0023898941618299696,-0.007194669739544093
1444,0.14206842933719077,0.13827244793444862,0.10159211523881728,-0.1708301863220003,-0.15148138518491006,0.14197785117571457,0.1396381017412086,0.09814963797264682,-0.02219281856746158,-0.06533694858175787,0.1875978144989334,0.18504609081597814,0.16388616290480865,0.289159705382951,0.18856244351174334,0.19037051923343237,0.19255718675315808,0.06105733432613552,-0.2065385904039343,-0.17868489148064226,-9.057816147620135e-05,0.0013656538067599866,-0.00344247726617046
1445,0.1487276061919419,0.14441789006486855,0.10382916053019146,-0.20352196189925953,-0.1730622346729347,0.1472542287412432,0.14475930351655855,0.09616888193901485,-0.01706627339485811,-0.08396346586443348,0.19244706364588554,0.18538750426766815,0.15586854460093896,0.3078352819546014,0.15739269268011435,0.19560415366017256,0.200751109593718,0.05925925925925926,-0.1421631976646952,-0.16403957454042828,-0.0014733774506986985,0.0003414134516900036,-0.007660278591176614
1446,0.13560352039810225,0.1317855923523387,0.08599695585996955,-0.15267460398222588,-0.12065923086654251,0.13505713109944814,0.13451689996585867,0.0878594249201278,0.0059967258127000544,-0.05077539100433781,0.17318339795843957,0.16797541823147832,0.1431316042267051,0.2846043571327831,0.18705509626864913,0.17912029178182373,0.1816319562990782,0.051470588235294115,-0.18017492086785603,-0.17250853140946854,-0.0005463892986541097,0.002731307613519973,0.001862469060158245
1447,0.13068154265222026,0.12734721748036873,0.09509433962264151,-0.17396538080005353,-0.155462139384969,0.13190365294257775,0.12871287128712872,0.08807045636509207,-0.0187752872858592,-0.06937326101313246,0.17740769365115208,0.17616934107203824,0.15063168124392615,0.3049409824006063,0.17983138690534184,0.18228259548702241,0.18811881188118812,0.06384558277654045,-0.18295270046849987,-0.1803826041768164,0.0012221102903574865,0.0013656538067599866,-0.007023883257549435
1448,0.14225636589996657,0.14236940935472858,0.09523809523809523,-0.17832352799730689,-0.15807693528344768,0.14315903217735731,0.14236940935472858,0.09126063418406806,0.03161753311638693,-0.05414875359176985,0.18884045787534962,0.18538750426766815,0.15077202543142598,0.29558145375461553,0.1604126537716941,0.18803932980527663,0.19324001365653806,0.05380200860832138,-0.16357544765233,-0.16701699392359204,0.0009026662773907457,0.0,-0.003977461054027173
1449,0.14813149114938085,0.14475930351655855,0.10038314176245211,-0.17527710825166798,-0.14405577228858601,0.14784336825398772,0.1488562649368385,0.09984025559105432,-0.032618304633960205,-0.0838628121785252,0.19120888047754095,0.1905087060430181,0.14774951076320939,0.3075844925159993,0.17735192037456926,0.19596457610948567,0.19938545578695802,0.05417607223476298,-0.1589358438673507,-0.1713129617723872,-0.0002881228953931225,0.00409696142027996,-0.0005428861713977912
1450,0.13214400302624557,0.12666439057698872,0.09207365892714171,-0.14346666666666663,-0.13406570878045587,0.13408936546736877,0.1314441789006487,0.08175559380378658,0.0252,-0.03388950098354382,0.17671325362540544,0.17548651416865824,0.1540084388185654,0.34986666666666666,0.212520941183573,0.18216643904222715,0.18504609081597814,0.052547770700636945,-0.11919999999999997,-0.14212586343078215,0.0019453624411231996,0.004779788323659967,-0.010318065123355133
1451,0.15885138034974877,0.15841584158415842,0.10143769968051118,-0.16394075642361083,-0.13465210221008617,0.15894209828816708,0.1597814953909184,0.0977891156462585,0.011215065936073798,-0.047210065800201484,0.19432959990310875,0.1874359849778081,0.15169660678642716,0.24278526934806077,0.15298617545400817,0.213358969451284,0.21577330146807785,0.0655226209048362,-0.16172562079364394,-0.16916869552977754,9.071793841830544e-05,0.0013656538067599866,-0.0036485840342526804
1452,0.14415297372022426,0.14236940935472858,0.11078286558345643,-0.18080471899775408,-0.14529965876500084,0.14418645948466638,0.14373506316148857,0.10588235294117647,-0.01528223920463545,-0.05662760021958213,0.1852144248268309,0.1819733697507682,0.1669811320754717,0.3161956559553767,0.18469509075845636,0.18774876525940068,0.19187435984977808,0.06309611151870873,-0.14881387249274258,-0.15540153885245367,3.348576444212048e-05,0.0013656538067599866,-0.004900512642279961
1453,0.14768989525844503,0.14510071696824856,0.10283960092095165,-0.1712941899194671,-0.1730879337933794,0.14687594425725864,0.14714919767838852,0.09598031173092698,0.011635518952592072,-0.07695082008200815,0.1871976239855965,0.18231478320245817,0.14558232931726908,0.22614872193586155,0.1782703270327033,0.19484551155628652,0.19528849436667806,0.05846153846153846,-0.13588466227047158,-0.16965446544654472,-0.0008139510011863915,0.002048480710139966,-0.006859289190024667
1454,0.14516862779459813,0.14271082280641859,0.10678098207326578,-0.18353553885305085,-0.14354693527981144,0.14285682747789755,0.14202799590303858,0.09488448844884488,-0.026284744826497786,-0.06242572396224155,0.18480294635351605,0.18094912939569818,0.16766467065868262,0.2904381448383342,0.17751025317423297,0.19202102305252716,0.19289860020484806,0.061967467079783116,-0.13541259789706261,-0.15268735345643902,-0.002311800316700585,-0.0006828269033800072,-0.011896493624420898
1455,0.14562671683623774,0.14544213041993856,0.10135135135135136,-0.1788340336134453,-0.15400635559540876,0.14255834826007538,0.13554114032092865,0.08771929824561403,-0.014279149159663884,-0.06583798016152898,0.18727468521391932,0.18368043700921816,0.1517509727626459,0.26854648109243706,0.1896242358391994,0.19087973476602338,0.19255718675315808,0.05455904334828102,-0.16255252100840334,-0.16078853832109186,-0.003068368576162356,-0.00990099009900991,-0.013632053105737327
1456,0.13537740495077064,0.1314441789006487,0.09734513274336283,-0.13696387219593975,-0.151247567209434,0.13418007271761173,0.13349265961078866,0.09234411996842937,0.02535907599198739,-0.051277167119867295,0.17744234488880592,0.17343803345851827,0.1532639545884579,0.2877154100782793,0.1846080465746156,0.18246325753636722,0.18402185046090816,0.05818181818181818,-0.14304436772791207,-0.1725895627341728,-0.0011973322331589042,0.002048480710139966,-0.005001012774933464
1457,0.14396657274167765,0.14441789006486855,0.10138248847926268,-0.14959723820483306,-0.1331476402458034,0.1408320531416829,0.13827244793444862,0.09435483870967742,0.007160904587982242,-0.06285670765970064,0.1780211206243123,0.17343803345851827,0.1468599033816425,0.3041018328580244,0.16955685976209123,0.1874045054938532,0.18777739842949812,0.05530642750373692,-0.14386642984606657,-0.17396173013450833,-0.0031345195999947506,-0.006145442130419926,-0.0070276497695852536
1458,0.14582198595808163,0.14373506316148857,0.12012012012012012,-0.15412039742840444,-0.14373858924228877,0.14620516636202174,0.14441789006486855,0.11374407582938388,-0.016559516851743616,-0.06930164314911047,0.19286507249361365,0.1898258791396381,0.17483189241114314,0.30909799337619326,0.1844606730776338,0.18985467207562404,0.19255718675315808,0.0687593423019432,-0.12739138905123704,-0.1505055843416686,0.0003831804039401143,0.0006828269033799794,-0.006376044290736238
1459,0.1331345496256448,0.13280983270740868,0.08825729244577413,-0.18547149491822035,-0.15217580895026372,0.1338846035216662,0.12905428473881872,0.0749003984063745,0.0009322205021202734,-0.059637710837395774,0.1811098488345399,0.17753499487879823,0.140625,0.3470216059769806,0.201048882626903,0.18334145589495687,0.18777739842949812,0.05293691080493111,-0.18279935383994073,-0.1995733713983181,0.0007500538960213965,-0.003755547968589956,-0.01335689403939963
1460,0.14194025473768135,0.13724820757937864,0.10591672753834916,-0.1745136133156966,-0.150114121739641,0.1395731472926639,0.13793103448275862,0.10038610038610038,-0.00592482363315705,-0.06724803925885692,0.1888482054145204,0.18094912939569818,0.16620498614958448,0.3352967923280423,0.17015208892933498,0.1882750992387986,0.19426425401160805,0.06874095513748191,-0.15484457671957674,-0.1646716767700489,-0.0023671074450174467,0.0006828269033799794,-0.005530627152248779
1461,0.15527980524833934,0.15500170706725844,0.10976532929598788,-0.17741766183013186,-0.14531006088735698,0.15444180226728896,0.1488562649368385,0.10987261146496816,-0.01239412510395732,-0.07177503837704569,0.1948462194697565,0.1898258791396381,0.17231638418079095,0.2630905376708734,0.14769872111526827,0.19960218039668345,0.20109252304540798,0.07407407407407407,-0.15382037804100157,-0.17811799400734207,-0.0008380029810503842,-0.006145442130419926,0.00010728216898027443
1462,0.1401228014181412,0.1403209286445886,0.09992313604919292,-0.21327966185355984,-0.16315997644322666,0.13890424135915577,0.1392966882895186,0.09418509418509419,0.0016016826734199796,-0.07177766298841626,0.18015958664055065,0.17651075452372825,0.1457286432160804,0.31725002165797334,0.18637737252142317,0.18727317509296482,0.1894844656879481,0.0558530986993114,-0.18108483277022602,-0.17001364995233748,-0.001218560058985435,-0.001024240355069983,-0.005738041864098736
1463,0.14801467659652695,0.14475930351655855,0.09867909867909867,-0.1796655204751485,-0.15001693425917684,0.14803393791358713,0.14339364970979857,0.09465020576131687,0.004718736509921273,-0.06771362528932612,0.18924722495711327,0.1891430522362581,0.15453639082751744,0.3064127182601706,0.1746238955663456,0.1998969137907239,0.20450665756230796,0.05923076923076923,-0.19272391670015931,-0.16487725393428887,1.926131706017631e-05,-0.0013656538067599866,-0.004028892917781801
1464,0.14233773591731946,0.1396381017412086,0.1143717080511663,-0.17321739794607582,-0.15061526423256733,0.14316812159018968,0.14339364970979857,0.10674157303370786,0.010118597110063354,-0.05679506986061833,0.18804484789430395,0.18436326391259816,0.16984732824427481,0.23370852052188285,0.16701696008692257,0.1916897243454989,0.19221577330146808,0.07105459985041136,-0.14448294298589748,-0.15965817453347797,0.0008303856728702208,0.003755547968589956,-0.007630135017458434
1465,0.14868588330631743,0.14646637077500854,0.10486891385767791,-0.1687912087912088,-0.13690282470770276,0.14932345529109328,0.14680778422669855,0.09802371541501977,-0.04456410256410248,-0.05812508739338007,0.19393851229926268,0.1905087060430181,0.15958451369216242,0.3104798534798535,0.1737065395601981,0.1961866469420036,0.202116763400478,0.060178306092124816,-0.18183516483516482,-0.14928218342852484,0.0006375719847758476,0.0003414134516900036,-0.006845198442658143
1466,0.15289478462096057,0.15500170706725844,0.11237661351556567,-0.1799482328148979,-0.13705089878120114,0.1534085602352226,0.15363605326049845,0.10942492012779553,-0.032371670064365365,-0.06357725258630142,0.19513575611524628,0.19289860020484806,0.17294685990338166,0.30776660482091456,0.18171168932590254,0.19825725650304055,0.200751109593718,0.06772009029345373,-0.17312229424834502,-0.15061526423256733,0.0005137756142620242,-0.0013656538067599866,-0.0029516933877701407
1467,0.14991151502343592,0.14646637077500854,0.10031347962382445,-0.19417704861756757,-0.15938127888286113,0.15059378978758317,0.1505633321952885,0.09189640768588136,-0.00010012444037588164,-0.06855786618444848,0.19280493640594135,0.18846022533287812,0.15816326530612246,0.3063128459657002,0.18091910287321677,0.20181095027427173,0.20279959030385797,0.058084772370486655,-0.16498719837512332,-0.1570819519791039,0.000682274764147256,0.00409696142027996,-0.008417071937943083
1468,0.14444224778701692,0.14510071696824856,0.11498516320474778,-0.15506976152892693,-0.14133672232662897,0.14617250990635855,0.14168658245134857,0.10855784469096671,0.0357353476069906,-0.044754093534252304,0.19359832941013155,0.1908501194947081,0.17333333333333334,0.33031051031326475,0.19333331697718803,0.1906978282596678,0.19255718675315808,0.0683321087435709,-0.14215566832286297,-0.1559364220278021,0.00173026211934163,-0.0034141345168999804,-0.006427318513781061
1469,0.1480959831850024,0.14680778422669855,0.1,-0.16264083365060567,-0.15820957095709576,0.14563604590401824,0.14271082280641859,0.09113300492610837,-0.024479320896259038,-0.0758063306330633,0.18289315343809523,0.1785592352338682,0.15118577075098813,0.29023012817801086,0.159958495849585,0.19644089560756076,0.200751109593718,0.05709876543209876,-0.14907920526813034,-0.1650765076507651,-0.002459937280984148,-0.00409696142027996,-0.008866995073891631
1470,0.1473623976614094,0.14441789006486855,0.09970674486803519,-0.1783783990837461,-0.1518966564753842,0.1485415570544385,0.1495390918402185,0.09579439252336448,-0.010240823096340779,-0.0621839722483537,0.19123508791497218,0.1874359849778081,0.15633672525439407,0.3126122813267296,0.16546196397773605,0.1918603385710602,0.19426425401160805,0.05680990531682447,-0.15687018076096582,-0.16198933345092514,0.0011791593930290944,0.005121201775349943,-0.003912352344670703
1471,0.14785626951379832,0.1488562649368385,0.10273972602739725,-0.1463251312947218,-0.13925930825130572,0.14617213006175236,0.14373506316148857,0.10095389507154214,-0.018830439346173566,-0.07587935085858966,0.18828529645399156,0.18607033117104813,0.15673076923076923,0.3003831389353644,0.17084976899162652,0.19526073877499175,0.19597132127005804,0.04711246200607903,-0.14741717871761906,-0.14152287815818843,-0.0016841394520459574,-0.005121201775349943,-0.0017858309558551194
1472,0.14159325280655602,0.14407647661317857,0.09773887673231219,-0.1723080069536762,-0.1634532171269567,0.14335152116702599,0.1399795151928986,0.08600469116497264,0.021434820647419084,-0.06020850954289714,0.1884035285401016,0.18094912939569818,0.1503267973856209,0.2579071555449508,0.1732143076036725,0.18859522254721775,0.19153294639808807,0.058231488138030196,-0.17904201368768302,-0.1858977187756653,0.0017582683604699667,-0.00409696142027996,-0.011734185567339545
1473,0.13892700539843103,0.14202799590303858,0.12164179104477611,-0.1460854812776875,-0.14160238825634675,0.13808799392073265,0.13554114032092865,0.11374407582938388,0.0073811985053758855,-0.05833910978703316,0.18188300854853334,0.1799248890406282,0.17475728155339806,0.31646908750195546,0.20720323776375038,0.18186677937301324,0.18538750426766815,0.07380073800738007,-0.13567729793626404,-0.1584800798379643,-0.0008390114776983815,-0.006486855582109929,-0.007897715215392231
1474,0.13458046401393364,0.13246841925571867,0.08584005869405723,-0.16145815756021287,-0.1516996457827008,0.13506484726311446,0.13383407306247866,0.08365608055770721,0.0019855331690908917,-0.0709436146703849,0.17862912873160233,0.1724137931034483,0.13649025069637882,0.24463118580765641,0.16908125558010934,0.1820188758173995,0.18675315807442813,0.05527638190954774,-0.1768249468462083,-0.18534799207949904,0.00048438324918081976,0.0013656538067599866,-0.0021839781363500177
1475,0.14731241598847278,0.14475930351655855,0.117061973986228,-0.15496688741721854,-0.14820998454526746,0.1477946628749014,0.15158757255035848,0.11494252873563218,0.04589475183365377,-0.04708620426992449,0.19168267861137586,0.1894844656879481,0.17839444995044598,0.3330912198248237,0.19038424603958903,0.19377408816083963,0.19289860020484806,0.06875477463712758,-0.15038097272662543,-0.15048242904583709,0.0004822468864286167,0.006828269033799933,-0.0021194452505958195
1476,0.14824407822035873,0.14339364970979857,0.11838006230529595,-0.17086244038856147,-0.14279352480495922,0.1486917257154586,0.14714919767838852,0.1067556296914095,-0.013708025684311842,-0.045722980181417516,0.18830676776856783,0.18436326391259816,0.17746759720837488,0.3419105596322801,0.17811027565639648,0.18987605969026447,0.1874359849778081,0.06191222570532915,-0.11328115378566983,-0.1336574735462729,0.00044764749509987323,0.003755547968589956,-0.011624432613886446
1477,0.14553521365822544,0.14475930351655855,0.10960960960960961,-0.1950125487264378,-0.1662166177617651,0.1467954112211319,0.14646637077500854,0.10072522159548751,-0.025469464765668137,-0.06306998972378008,0.1887973776829763,0.18470467736428817,0.1655306718597858,0.2760933411651626,0.17949460807983253,0.19276856463426156,0.19528849436667806,0.06033182503770739,-0.1655897901425749,-0.15941574118783197,0.0012601975629064621,0.0017070672584499902,-0.0088843880141221
1478,0.15363641670819966,0.15158757255035848,0.11547344110854503,-0.1856520385932151,-0.1504357102922459,0.15290830947156442,0.15090474564697848,0.10810810810810811,-0.0011343718774059486,-0.06156817126125913,0.19860714681506458,0.19426425401160805,0.17182817182817184,0.3412125083951709,0.1890838619030626,0.20461297666832054,0.20894503243427792,0.07253086419753087,-0.1275738365521647,-0.14701772802182334,-0.0007281072366352448,-0.0006828269033800072,-0.007365333000436916
1479,0.14419468548895598,0.1396381017412086,0.10844306738962045,-0.193532342432708,-0.14794198671204017,0.1433106023391261,0.1403209286445886,0.10828547990155865,-0.026527177922756162,-0.065776024332174,0.19076913177680677,0.19016729259132809,0.17558022199798184,0.31119695600633335,0.19441618987073528,0.19443665448658737,0.19426425401160805,0.06254826254826255,-0.1406023327337086,-0.15250676239981054,-0.0008840831498298785,0.0006828269033799794,-0.0001575874880618
1480,0.14659827125650182,0.14407647661317857,0.1043872919818457,-0.15977677373956245,-0.1408362529524021,0.14516249739633574,0.14236940935472858,0.1026252983293556,-0.010222494713703956,-0.06739298458348564,0.18533528909220645,0.1782178217821782,0.14832535885167464,0.30898443895590866,0.17214505994282647,0.19225256648827516,0.19460566746329805,0.0654275092936803,-0.1470948885784653,-0.16682387099063412,-0.0014357738601660786,-0.0017070672584499902,-0.001761993652490093
1481,0.13624777414221695,0.13349265961078866,0.1081282624906786,-0.1812699551317215,-0.15482220445832706,0.13578097659417343,0.1317855923523387,0.1014832162373146,-0.04004915819232879,-0.08713868314088258,0.18322384154616628,0.1802663024923182,0.1772030651340996,0.3008055895466757,0.18021122606302276,0.18450586120670104,0.1898258791396381,0.07163958641063516,-0.14601354487531126,-0.16948696741044,-0.00046679754804351825,-0.0017070672584499624,-0.006645046253363998
1482,0.15487237445881644,0.15431888016387846,0.11509146341463415,-0.16849273108550689,-0.14730144686166335,0.152754344327494,0.1502219187435985,0.1020242914979757,0.05531208029971013,-0.05994760764720164,0.19337411712306465,0.18777739842949812,0.1614785992217899,0.3007115760703094,0.17488673933193555,0.19977756190774013,0.200068282690338,0.06030534351145038,-0.08073560943427349,-0.14503251597297606,-0.002118030131322446,-0.00409696142027996,-0.013067171916658446
1483,0.13810447417463498,0.13622396722430863,0.10407239819004525,-0.12777726898067587,-0.13140273163528982,0.13543196731334092,0.1317855923523387,0.10119521912350597,0.05889733492078031,-0.05142180386366435,0.17904583338440952,0.17514510071696826,0.1556829035339064,0.271123729279238,0.1828885197489849,0.182764229747323,0.18538750426766815,0.059911242603550297,-0.12513050645663526,-0.16069152208687087,-0.002672506861294055,-0.004438374871969936,-0.0028771790665392816
1484,0.14408203535946093,0.14373506316148857,0.10506424792139078,-0.15464750922790638,-0.1428993783360738,0.142660581892916,0.1410037555479686,0.0991207034372502,0.009052499923736357,-0.0615300388601675,0.18292634370907324,0.18231478320245817,0.15733590733590733,0.25224596565083424,0.18144784985260787,0.1870483549228543,0.19016729259132809,0.059353869271224644,-0.12026402489246812,-0.15194041605561892,-0.0014214534665449308,-0.002731307613519973,-0.005943544484140584
1485,0.1433834482369851,0.14202799590303858,0.10693215339233038,-0.19238509216775335,-0.16987053456645484,0.14195388304847556,0.13690679412768864,0.0931333859510655,0.018265241158262113,-0.06951350003156187,0.18660332969478918,0.18538750426766815,0.15267175572519084,0.3006190862988738,0.17743246135205082,0.18711702411398198,0.18675315807442813,0.05695266272189349,-0.16593122726906828,-0.16536010604803253,-0.001429565188509535,-0.005121201775349943,-0.013798767441264875
1486,0.14754918089778457,0.14612495732331854,0.1110254433307633,-0.1563782991202346,-0.15004925786374956,0.14577726501444913,0.14407647661317857,0.10277324632952692,-0.0014662756598240456,-0.06911944370518741,0.19308282206574995,0.1894844656879481,0.17123287671232876,0.30317693059628537,0.16341128993349796,0.19647875117195948,0.19562990781836803,0.05909797822706065,-0.12781036168132942,-0.13751083595185964,-0.0017719158833354454,-0.002048480710139966,-0.008252197001236375
1487,0.14340224268826687,0.1406623420962786,0.09759650400582666,-0.14583679411265615,-0.140797364222344,0.14216645413667622,0.1403209286445886,0.08844065166795965,0.010885155712741845,-0.04697373281152162,0.1857544224866129,0.1812905428473882,0.1533457249070632,0.26677026677026683,0.19093618969449255,0.18695171410433328,0.19187435984977808,0.05991440798858773,-0.17803856424546083,-0.1731888560189374,-0.0012357885515906497,-0.0003414134516900036,-0.009155852337867004
1488,0.14544468969584035,0.1403209286445886,0.1058282208588957,-0.1688793234533822,-0.14198018549433322,0.14418020787214458,0.14305223625810856,0.10217216411906678,-0.015410618413203458,-0.07271685448443344,0.18807093091640628,0.18572891771935815,0.16410748560460653,0.27497962796174347,0.15551149851540036,0.1945694917071671,0.19631273472174804,0.06574923547400612,-0.14529454653207474,-0.14652204326547413,-0.0012644818236957622,0.002731307613519973,-0.003656056739828925
1489,0.1340698959099724,0.1293956981905087,0.08692421991084695,-0.18742498536299768,-0.16514091890225102,0.13392838590528944,0.13280983270740868,0.07442596991290577,-0.006892198477751688,-0.07141720629047177,0.17218622562258978,0.16797541823147832,0.12968299711815562,0.2853227459016393,0.1792654949121184,0.17757956543871065,0.1806077159440082,0.04659763313609468,-0.1753567769320843,-0.17191612704286152,-0.00014151000468295982,0.0034141345168999804,-0.012498249997941177
1490,0.1480959360720429,0.14475930351655855,0.11339421613394216,-0.15381525247095307,-0.14863052965985546,0.14757115296616197,0.14714919767838852,0.10885458976441917,0.05367300164762545,-0.05449045841661104,0.18526676227869485,0.1812905428473882,0.1668228678537957,0.21963876441672303,0.13152124861823355,0.19589711101313878,0.19665414817343804,0.07593984962406015,-0.16363502281252973,-0.166778013273011,-0.0005247831058809438,0.0023898941618299696,-0.004539626369522987
1491,0.13771877785763362,0.13519972686923865,0.11152141802067947,-0.15061931899311187,-0.13607596969950075,0.13948613581486177,0.13383407306247866,0.09914129586260734,-0.00044101513007244186,-0.05428640574264154,0.1854766438722408,0.1802663024923182,0.17188983855650522,0.29125976694880795,0.20116593099932967,0.1794708855367901,0.1819733697507682,0.06622998544395925,-0.1729701103803033,-0.15848406941370874,0.001767357957228155,-0.0013656538067599866,-0.012380122158072132
1492,0.14696235028450585,0.14407647661317857,0.1126865671641791,-0.16249877929245982,-0.15462751168339484,0.1456041237927102,0.1485148514851485,0.10408326661329063,0.02396384535534346,-0.051953517835663376,0.18565191056162272,0.1785592352338682,0.15500945179584122,0.29385776134896313,0.1635490406799046,0.19250435328570015,0.19358142710822807,0.05559729526671676,-0.1413597416078617,-0.14447294086328943,-0.00135822649179565,0.004438374871969936,-0.008603300550888468
1493,0.15282458036946323,0.1498805052919085,0.09904912836767037,-0.16224786248110912,-0.13185112014202405,0.15090280023210312,0.14919767838852852,0.09274873524451939,0.0078530960382579,-0.04474120424970385,0.1896283342419927,0.18538750426766815,0.14895729890764647,0.2377079724796599,0.16042557133878688,0.2045423790344513,0.20382383065892795,0.05841121495327103,-0.1659087301861143,-0.15706714842664304,-0.0019217801373601073,-0.0006828269033799794,-0.006300393123150977
1494,0.14117948754289183,0.13827244793444862,0.09687034277198212,-0.19287041460954513,-0.1596883891380757,0.14186974177504713,0.1406623420962786,0.08373590982286634,0.04712002972872542,-0.04679126456186389,0.1871391837362151,0.18368043700921816,0.14258188824662812,0.32133036046079533,0.1835188695736083,0.1914155371847368,0.19562990781836803,0.0552689756816507,-0.16546159154854811,-0.17662295782450754,0.0006902542321552962,0.0023898941618299696,-0.013134432949115774
1495,0.1473291300314146,0.14441789006486855,0.10231516056758776,-0.14335281489406004,-0.13677281491397197,0.14547951905798476,0.1406623420962786,0.09576138147566719,0.01057425131213341,-0.06369201861790319,0.1912778317268704,0.1898258791396381,0.1556829035339064,0.33613231186771686,0.19152860844682962,0.19152589507449214,0.19460566746329805,0.054814814814814816,-0.1293214242121815,-0.1491403342871529,-0.0018496109734298383,-0.003755547968589956,-0.006553779091920564
1496,0.14583350468223202,0.14544213041993856,0.09805389221556886,-0.10500122379048704,-0.12141613411558239,0.14604130866494994,0.14373506316148857,0.0943695479777954,0.06817607459749231,-0.037295268373586654,0.19290782472461535,0.18777739842949812,0.1533396048918156,0.29030101266175423,0.1847838171852818,0.19306986363288017,0.19631273472174804,0.057971014492753624,-0.16051952393555102,-0.1707670420175531,0.00020780398271791345,-0.0017070672584499902,-0.0036843442377734598
1497,0.14459415297224237,0.14373506316148857,0.10170807453416149,-0.18265490950448615,-0.15687438513962781,0.14151094690118007,0.13451689996585867,0.09601301871440195,-0.05466062427161289,-0.0893329794613581,0.1831026869262262,0.1795834755889382,0.155,0.2939103329167778,0.17281925613734983,0.19157571168278195,0.19528849436667806,0.061633281972265024,-0.13788630842893046,-0.16832208101730062,-0.0030832060710623,-0.009218163195629903,-0.0056950558197595424
1498,0.137566232247322,0.13758962103106862,0.11720510894064613,-0.14772536511666945,-0.13518027891141404,0.13633874439639754,0.13349265961078866,0.10580747812251393,-0.007062519484879792,-0.051852480510886645,0.1821357873098219,0.17924206213724822,0.1842355175688509,0.2529557063718554,0.1778619907554323,0.181000741690396,0.18504609081597814,0.07195845697329377,-0.1290918247439986,-0.15432315151694065,-0.001227487850924469,-0.00409696142027996,-0.011397630818132207
1499,0.14901492456140547,0.14612495732331854,0.1044427123928293,-0.17882562277580072,-0.13503444651450092,0.15049107055050673,0.15090474564697848,0.10139002452984465,-0.05046170306794129,-0.06662710589501164,0.19884200015117648,0.19733697507681802,0.16954314720812183,0.3270454880251824,0.20472201189562922,0.20173253875777028,0.20587231136906795,0.06533435818601076,-0.1575101373091744,-0.1555566487003478,0.0014761459891012574,0.004779788323659939,-0.0030526878629846543
1500,0.1533712129280318,0.15124615909866848,0.10665658093797277,-0.17210292075446265,-0.14737723559148164,0.15336453937343014,0.15500170706725844,0.10534716679968077,0.0027736499511523682,-0.06930055495816179,0.19324043822963022,0.18777739842949812,0.16252390057361377,0.2676123028780829,0.16492948694179732,0.20221386156723656,0.20553089791737794,0.06656694091249066,-0.16482442908102724,-0.16435042703350755,-6.673554601654974e-06,0.003755547968589956,-0.0013094141382919977
1501,0.13813171904900876,0.13827244793444862,0.0943683409436834,-0.15946843853820603,-0.14769118339237497,0.1415308313725539,0.1403209286445886,0.09076305220883533,-0.005871899868654884,-0.06944719696782031,0.18324108393687896,0.1795834755889382,0.13658536585365855,0.3058796260526926,0.18002638293655715,0.18740809331256866,0.1908501194947081,0.05451829723674384,-0.15962296221896,-0.17604045383605427,0.003399112323545145,0.002048480710139966,-0.0036052887348480694
1502,0.15526320607785116,0.15363605326049845,0.1033434650455927,-0.16455513340941597,-0.14526740378830416,0.15202087699980055,0.14475930351655855,0.09864757358790771,-0.022478078095430676,-0.07843524821016779,0.1872913411682519,0.18333902355752818,0.14714424007744434,0.2753095069557806,0.17530039330682423,0.20177354690975105,0.20621372482075795,0.0654275092936803,-0.19293442930817795,-0.17811710737755748,-0.0032423290780506098,-0.008876749743939899,-0.004695891457684995
1503,0.1459402812692312,0.14373506316148857,0.09808259587020648,-0.1331148431136796,-0.14292538805268107,0.1454160223778999,0.14236940935472858,0.09168609168609168,0.03199588876391424,-0.06554819790686739,0.18549619022428307,0.18265619665414817,0.15106580166821132,0.29033083814916805,0.1677047810834117,0.19207445172325133,0.19597132127005804,0.05844155844155844,-0.13764883838187947,-0.1765676446378175,-0.0005242588913312862,-0.0013656538067599866,-0.006396504184114804
1504,0.15567347319278155,0.1519289860020485,0.1117964533538936,-0.19838139308520453,-0.1415509285144514,0.15273189970805334,0.1519289860020485,0.10474631751227496,-0.003534324749692841,-0.05623830504178495,0.1957995127931783,0.1908501194947081,0.168141592920354,0.3197082268718576,0.17694953245016987,0.20829582309199615,0.2096278593376579,0.06356589147286822,-0.14953667180821628,-0.13358841699033586,-0.002941573484728205,0.0,-0.007050135841618635
1505,0.15008950565536566,0.14680778422669855,0.10955710955710955,-0.1817260753430966,-0.1528707625795005,0.1525067628438875,0.15397746671218845,0.09718670076726342,0.05745141383439256,-0.022462545763516584,0.19934673279010248,0.19665414817343804,0.16279069767441862,0.34507690890669607,0.18802089190438698,0.2021982246217159,0.20621372482075795,0.060015588464536244,-0.09595192042000544,-0.14829503567367652,0.002417257188521843,0.007169682485489909,-0.012370408789846132
1506,0.14086862782048717,0.13827244793444862,0.0889063729346971,-0.16041640227307974,-0.1270038037039346,0.14035408977277813,0.13793103448275862,0.08623548922056384,-0.013057517943511399,-0.05279104570680304,0.18183336057762478,0.1799248890406282,0.14634146341463414,0.2973194015539292,0.2006740662218619,0.19082905686356108,0.19460566746329805,0.05967865340474369,-0.16206621825514334,-0.16810625428696135,-0.00051453804770904,-0.0003414134516900036,-0.0026708837141332514
1507,0.1395787084561458,0.13758962103106862,0.11026033690658499,-0.14675675782189068,-0.12647773519392946,0.13939945943286508,0.13758962103106862,0.10294117647058823,0.01822513330416997,-0.03374932102076478,0.1792100284372046,0.17343803345851827,0.16224188790560473,0.34825788297608207,0.20033338305051662,0.18322048461378476,0.18265619665414817,0.06315789473684211,-0.12587736410462558,-0.1536177588543678,-0.0001792490232807309,0.0,-0.007319160435996758
1508,0.14155083100667798,0.1403209286445886,0.1062874251497006,-0.1721582929845522,-0.1269382652681077,0.14048886969786936,0.14236940935472858,0.098256735340729,-0.019011088054664782,-0.04384769897928986,0.18616704847392299,0.18299761010583818,0.16604127579737335,0.29911023077406773,0.17623001713703834,0.18608126998853936,0.1888016387845681,0.057863501483679525,-0.1269414575866189,-0.1404124111527809,-0.0010619613088086177,0.0020484807101399938,-0.008030689808971606
1509,0.1514021286749008,0.1488562649368385,0.11388455538221529,-0.16155785923157584,-0.13200901715051072,0.15391576499017917,0.15705018777739843,0.11735537190082644,0.037738962782282504,-0.04995842451310628,0.20095310781220224,0.19597132127005804,0.1771037181996086,0.31573577090968374,0.16428478959567216,0.2027231494133204,0.20348241720723798,0.07175925925925926,-0.15512581331369102,-0.14796329905222827,0.0025136363152783725,0.00819392284055992,0.0034708165186111556
1510,0.14630575961532358,0.14373506316148857,0.10337078651685393,-0.17487417384607118,-0.14898608345000297,0.1471344186286332,0.14612495732331854,0.09881422924901186,0.0018824667299528475,-0.0700060881825173,0.18979730106916948,0.18504609081597814,0.15977443609022557,0.2940534828321183,0.1567793267998343,0.19327155658978223,0.19767838852850803,0.06161841128433556,-0.13862370367716859,-0.16252551121014336,0.0008286590133096128,0.0023898941618299696,-0.004556557267842071
1511,0.1375284332523656,0.13383407306247866,0.10377358490566038,-0.18293033813233306,-0.1620408437951203,0.13766641707108312,0.13554114032092865,0.09640397857689365,-0.037020854868444864,-0.08250617918410297,0.1775252577918982,0.17616934107203824,0.1511737089201878,0.3001630452157419,0.18858380441964617,0.1809167958027539,0.18572891771935815,0.06047516198704104,-0.16081799678172193,-0.17436311577710895,0.00013798381871751864,0.0017070672584499902,-0.007369606328766737
1512,0.15185035636483032,0.1498805052919085,0.10672853828306264,-0.17218710359964418,-0.15117289936508804,0.15353097840599408,0.15602594742232845,0.10591133004926108,0.020857128320113327,-0.06556310609099725,0.1981780835554227,0.19597132127005804,0.17061143984220908,0.3195835592212263,0.16729553161452937,0.20217328521046338,0.20143393649709798,0.06356589147286822,-0.13190098478348977,-0.1477485076341244,0.0016806220411637596,0.006145442130419954,-0.0008172082338015613
1513,0.14861480199596883,0.14510071696824856,0.09104704097116843,-0.1679389616166752,-0.13724872976135805,0.14802778637253342,0.14714919767838852,0.09257781324820431,-0.014375873792577543,-0.06379029829005378,0.1892260696534614,0.1874359849778081,0.14381591562799617,0.2990356507371631,0.17353694184800594,0.19511260817264175,0.199044042335268,0.052592592592592594,-0.18684862735129637,-0.17341288063953864,-0.0005870156234354107,0.002048480710139966,0.00153077227703588
1514,0.148291812563503,0.14339364970979857,0.10242376856919469,-0.1570920048968829,-0.15229088613991115,0.1446425111664587,0.1396381017412086,0.09315746084089035,-0.006258593087861364,-0.07662397308585644,0.18704194268494212,0.18333902355752818,0.15863453815261044,0.2811714850739241,0.1721596652888383,0.19948195714840264,0.20382383065892795,0.06909937888198758,-0.15973632168754126,-0.1626091015563731,-0.00364930139704428,-0.003755547968589956,-0.009266307728304335
1515,0.1481290663016263,0.14578354387162853,0.10407239819004525,-0.16886871411393634,-0.1509666010804579,0.14654002459491067,0.14339364970979857,0.0999206978588422,-0.02528425600035089,-0.07743157857014649,0.18283784133929026,0.17753499487879823,0.15311909262759923,0.2775493496193473,0.15222395326974902,0.19189838541602128,0.19358142710822807,0.06582840236686391,-0.1887803398280028,-0.1803806100845824,-0.0015890417067156437,-0.0023898941618299696,-0.004151700331203059
1516,0.15191291196700044,0.14783202458176853,0.1173062997827661,-0.17779261237205157,-0.16170396437418844,0.15115699676945643,0.14680778422669855,0.10760953112990007,-0.03132218619535043,-0.07215033857726627,0.2006258365131517,0.19733697507681802,0.17370892018779344,0.3108801152859898,0.19203285752365395,0.19634762593951824,0.19733697507681802,0.06876371616678859,-0.14266111428995276,-0.146032079859727,-0.0007559151975440048,-0.001024240355069983,-0.009696768652866034
1517,0.1516638262467678,0.1498805052919085,0.10493827160493827,-0.18299155942991563,-0.14890940132630492,0.15003562010084284,0.14783202458176853,0.1005631536604988,-0.028751441354181062,-0.0884970048417445,0.19448619848378748,0.19324001365653806,0.16633466135458166,0.32334117430007836,0.1839287076074997,0.20125499965203208,0.20416524411061795,0.06605922551252848,-0.16427471057608045,-0.17284638861264023,-0.0016282061459249597,-0.002048480710139966,-0.004375117944439469
1518,0.15067335720747907,0.1488562649368385,0.1062407132243685,-0.18957169721294453,-0.16420427412112426,0.1522102424277503,0.15363605326049845,0.10174880763116058,-0.02344999859664887,-0.0648548044940579,0.1940679426000127,0.18777739842949812,0.14885496183206107,0.2774284992562238,0.17222915711598707,0.1994623762954495,0.20348241720723798,0.061299852289512555,-0.1613924050632911,-0.17323604408722115,0.0015368852202712335,0.004779788323659939,-0.004491905593207918
1519,0.15297103264451667,0.15158757255035848,0.12,-0.1449844713299031,-0.14213769475684912,0.15130561163588538,0.1519289860020485,0.11183673469387755,0.03277244704028193,-0.05688282880394546,0.18742358637607223,0.18607033117104813,0.16748768472906403,0.3294048115700181,0.1818307958641845,0.19801859836638458,0.202116763400478,0.07387661843107388,-0.13078848560700873,-0.15691520485535226,-0.0016654210086312904,0.0003414134516900036,-0.00816326530612245
1520,0.13446068209681544,0.13383407306247866,0.0958904109589041,-0.1758356891335614,-0.1467523368753717,0.13447865964156278,0.13280983270740868,0.08972267536704731,0.010811883152308743,-0.04698456159187092,0.17318020518488958,0.1686582451348583,0.14257620452310718,0.28113375985716416,0.18996390470644364,0.17907377866958762,0.18470467736428817,0.06439674315321983,-0.1801691216584833,-0.1887001514832073,1.797754474733293e-05,-0.001024240355069983,-0.006167735591856793
1521,0.13979972022924186,0.13861386138613863,0.11067503924646782,-0.17055176232474545,-0.13042900791918688,0.1385749750136965,0.13758962103106862,0.10729253981559095,-0.005576773710737171,-0.03794849410737677,0.1832332398256351,0.17753499487879823,0.16074950690335305,0.24735476482493912,0.1664220240693396,0.1907889821562586,0.19528849436667806,0.07148347425057648,-0.17382866019476184,-0.16125584585645703,-0.0012247452155453586,-0.0010242403550700108,-0.003382499430876873
1522,0.14490661221747822,0.14339364970979857,0.11266511266511267,-0.1446975594639739,-0.1528707625795005,0.14145871389853315,0.1413451689996586,0.10495867768595041,0.04921697264694991,-0.06478801964238856,0.17563820072179914,0.1693410720382383,0.1481113320079523,0.31020089640003934,0.1685740525546351,0.18717695307996474,0.18607033117104813,0.06366459627329192,-0.10814620541619113,-0.1540146943059565,-0.0034478983189450696,-0.002048480710139966,-0.007706434979162263
1523,0.14667741825231925,0.1413451689996586,0.11481481481481481,-0.1726717738837793,-0.1380408730431032,0.14692869193077362,0.14919767838852852,0.11024237685691947,0.0003821638664064375,-0.05839198713864191,0.19278770487300895,0.19016729259132809,0.17817164179104478,0.29256788770621733,0.1738237788081678,0.19408786324519103,0.19631273472174804,0.07084870848708487,-0.13416486471204148,-0.14364994951524834,0.0002512736784543723,0.007852509388869916,-0.004572437957895345
1524,0.14831200156091792,0.14407647661317857,0.10906298003072197,-0.18303962080700054,-0.13689416204843452,0.14838334080352228,0.14612495732331854,0.10722989439480098,0.0021957543347917996,-0.05632946987291021,0.18952282393784148,0.18641174462273813,0.16940948693126814,0.25064211635067246,0.16834389703911545,0.1962703806247519,0.19801980198019803,0.07169811320754717,-0.16209285367039372,-0.1629925834574072,7.133924260435687e-05,0.002048480710139966,-0.0018330856359209946
1525,0.15269427289489476,0.14919767838852852,0.11532625189681335,-0.1734374999999999,-0.1607084292983998,0.14862446618246086,0.14612495732331854,0.10926365795724466,-0.018526785714285676,-0.09821620553273835,0.1885821778691488,0.18265619665414817,0.171455938697318,0.26037946428571435,0.15061646727962263,0.19854744634986563,0.198361215431888,0.0701219512195122,-0.14866071428571437,-0.15389109579669125,-0.004069806712433899,-0.003072721065209977,-0.006062593939568692
1526,0.15114561143907793,0.14919767838852852,0.1092690278824416,-0.1698893149492806,-0.14835453665733955,0.15098555932527627,0.15158757255035848,0.10207336523125997,-0.023252019254303757,-0.06583798016152898,0.18950180194016453,0.18709457152611814,0.15487571701720843,0.27145304723831276,0.16927768766215023,0.19683994347506886,0.198361215431888,0.05259203606311044,-0.1550134616953578,-0.15287599180779488,-0.0001600521138016564,0.0023898941618299696,-0.007195662651181628
1527,0.14255723443071328,0.1399795151928986,0.11764705882352941,-0.1569407211461643,-0.1457767711254423,0.1404809281018011,0.13519972686923865,0.10653753026634383,-0.014808173700001759,-0.06632933895670157,0.18710949104154342,0.18368043700921816,0.18313953488372092,0.2820547872245992,0.1686080675994317,0.1881509944241365,0.1894844656879481,0.06989247311827956,-0.09589539652386958,-0.1378320279085682,-0.0020763063289121753,-0.004779788323659967,-0.011109528557185583
1528,0.14080861520183638,0.13827244793444862,0.09580838323353294,-0.19049142221716098,-0.1519806924101198,0.14334055986900351,0.1403209286445886,0.09170653907496013,-0.036719341376330594,-0.05942385461360167,0.18645684911524618,0.18402185046090816,0.15333333333333332,0.26190037580134107,0.1708394979533462,0.18658977501376087,0.1905087060430181,0.059911242603550297,-0.15750832322934605,-0.1700405631996843,0.0025319446671671353,0.002048480710139966,-0.004101844158572815
1529,0.14758191141373148,0.14544213041993856,0.10328638497652583,-0.19905318641273706,-0.17228881029645537,0.1476330509051933,0.14544213041993856,0.09547738693467336,-0.011254030916952207,-0.07543981555091195,0.19113614635884493,0.19187435984977808,0.1607324516785351,0.2754815409309791,0.1678356355361078,0.19890107287959802,0.19938545578695802,0.05729984301412873,-0.16948830853325236,-0.1676769534038104,5.1139491461821285e-05,0.0,-0.0078089980418524635
1530,0.14577766956118762,0.1403209286445886,0.1003062787136294,-0.17261552582074158,-0.15651618749613216,0.1458351145004252,0.14339364970979857,0.09959183673469388,0.0042288670429030395,-0.06427325517210924,0.1872863244036567,0.18299761010583818,0.16258570029382957,0.2628439984222344,0.168042278088393,0.19562110889776663,0.19631273472174804,0.06178489702517163,-0.16844165301292546,-0.16221019566428185,5.744493923756644e-05,0.003072721065209977,-0.0007144419789355261
1531,0.14290434204799257,0.14236940935472858,0.10630220197418375,-0.16884697625966327,-0.16146213103950713,0.14510656930029064,0.14373506316148857,0.09732360097323602,0.007160480289489568,-0.06597668117225519,0.18880041261756234,0.1819733697507682,0.1575875486381323,0.2573130836851435,0.16705328576568113,0.19482799462018516,0.19597132127005804,0.061596958174904945,-0.15772063526874636,-0.1591886679474298,0.0022022272522980724,0.0013656538067599866,-0.00897860100094773
1532,0.1353429189850089,0.13417548651416866,0.09555555555555556,-0.13176463855479148,-0.15378376841791475,0.13296854973125283,0.13212700580402867,0.09560524286815729,-0.017822839865322404,-0.0941377673084991,0.18094420855398988,0.17685216797541822,0.14365671641791045,0.24278015699665212,0.15907638834468096,0.18318561792540738,0.18538750426766815,0.05077262693156733,-0.12046965462644144,-0.16391233464404198,-0.002374369253756059,-0.0020484807101399938,4.968731260172887e-05
1533,0.14127541712245853,0.1399795151928986,0.0975609756097561,-0.16503565109230744,-0.13419527804203069,0.13812705946520026,0.1396381017412086,0.09141494435612083,-0.01888544349258081,-0.07311745592468588,0.17865952834684776,0.17377944691020827,0.14661654135338345,0.24671081445664933,0.1463102753857748,0.18746818362149573,0.19289860020484806,0.05977859778597786,-0.17211681645381127,-0.18283132157991622,-0.003148357657258266,-0.0003414134516900036,-0.006146031253635276
1534,0.15328430911717503,0.15090474564697848,0.11286681715575621,-0.15482772466834493,-0.15248692453518287,0.15194841477292595,0.1485148514851485,0.10572337042925278,-0.0060346558354310575,-0.07219768787305259,0.19338996692088536,0.19016729259132809,0.16301239275500476,0.30095288103658624,0.16414668483659878,0.1992061120972372,0.20245817685216796,0.06791044776119402,-0.14463869283872066,-0.16492610204621727,-0.0013358943442490778,-0.0023898941618299696,-0.007143446726503425
1535,0.1477086900360014,0.14578354387162853,0.10426179604261795,-0.17510465250059737,-0.1542772183450114,0.1468931074705689,0.14578354387162853,0.10209003215434084,0.0004283451187241383,-0.07477708235059144,0.18680068636011155,0.18675315807442813,0.16074950690335305,0.3118635667696229,0.1864376502025029,0.19415293589569213,0.19631273472174804,0.061886792452830186,-0.15163240200720396,-0.16677009685842037,-0.0008155825654324877,0.0,-0.0021717638882771118
1536,0.1629578262011593,0.1597814953909184,0.11645379413974455,-0.18938266706345275,-0.13982092889327613,0.1635852451876961,0.16524411061795835,0.11657414750198256,-0.01577224481698236,-0.06091981937143209,0.2077889168462619,0.20621372482075795,0.1888372093023256,0.26687167278378465,0.148731700215182,0.21113578958367912,0.21406623420962786,0.07544378698224852,-0.1801408590417617,-0.1634912617498292,0.0006274189865367874,0.005462615227039946,0.00012035336223800708
1537,0.1520705094056033,0.15227039945373846,0.10689388071262587,-0.18302184948779432,-0.13943416299168354,0.14873781868861857,0.14919767838852852,0.09563066776586975,0.008753298225253725,-0.0506076355685503,0.19066137208908382,0.18538750426766815,0.16332665330661322,0.3247533858129783,0.194234715661881,0.19658554908256484,0.20109252304540798,0.060324825986078884,-0.14502155022973529,-0.14171176625894333,-0.003332690716984721,-0.003072721065209949,-0.011263212946756126
1538,0.1566415786248066,0.15363605326049845,0.11317829457364341,-0.1733038348082595,-0.15534989352024053,0.16022365746947173,0.1590986684875384,0.1055694098088113,0.03811343523732902,-0.05585198329677821,0.20545486956858916,0.200751109593718,0.16717325227963525,0.32634419415392857,0.19117731105112812,0.20787994218812988,0.2116763400477979,0.06103286384976526,-0.15236993832126577,-0.14162604383424582,0.003582078844665132,0.005462615227039946,-0.007608884764832111
1539,0.1557839411499798,0.1505633321952885,0.10816944024205749,-0.13969285844078871,-0.13710896422283336,0.1550957804497417,0.15329463980880847,0.10378117457763475,0.015374060242948517,-0.047920235807626055,0.20071549393044244,0.19699556162512802,0.17794970986460348,0.2990172353183923,0.18803475455665686,0.2035729691165865,0.20689655172413793,0.07153502235469449,-0.14475188036321707,-0.1596883891380757,-0.000688160700238083,0.002731307613519973,-0.004388265664422741
1540,0.14491905184259735,0.14271082280641859,0.1043613707165109,-0.16970377208876497,-0.16089492944331651,0.14470270835417332,0.1406623420962786,0.09841534612176814,-0.0013771360932239851,-0.06337193272677144,0.18972149326121812,0.18675315807442813,0.1620795107033639,0.3109684388754602,0.18674587061683834,0.1954137715393215,0.19938545578695802,0.060109289617486336,-0.16572750709636896,-0.15745294132390908,-0.00021634348842403117,-0.0020484807101399938,-0.005946024594742763
1541,0.1438382674986589,0.14202799590303858,0.10510510510510511,-0.13888888888888884,-0.1483986766804546,0.14452827354122,0.14168658245134857,0.09289176090468497,0.025293824555233213,-0.04227537957881533,0.19174413009179841,0.18811881188118812,0.162426614481409,0.3269329405902869,0.2015824095058022,0.19033201532053556,0.19324001365653806,0.05847076461769116,-0.1017248453940619,-0.1506566191719788,0.0006900060425610866,-0.0003414134516900036,-0.01221334420042014
1542,0.14449547137826974,0.14271082280641859,0.10439970171513796,-0.18307692307692314,-0.15388908189135853,0.14569042669664026,0.14305223625810856,0.10039525691699605,-0.01269788182831666,-0.06817381063254713,0.19029925771580294,0.18811881188118812,0.16923076923076924,0.29910442214790034,0.18558850559419704,0.19424538324000054,0.19938545578695802,0.06553755522827688,-0.17469899665551836,-0.1730622346729347,0.001194955318370522,0.00034141345168997583,-0.00400444479814191
1543,0.13589734932320902,0.13554114032092865,0.09010989010989011,-0.15363840361937153,-0.14195323901931023,0.13742620980060927,0.1399795151928986,0.08668730650154799,0.05080315679955327,-0.06026392280820125,0.17852962043235532,0.17582792762034824,0.1374187558031569,0.3383028395970259,0.18032789890944823,0.17977178480346873,0.18607033117104813,0.05071428571428571,-0.15034493509129998,-0.18111934953148567,0.0015288604774002512,0.004438374871969963,-0.0034225836083421196
1544,0.13828804005984008,0.13349265961078866,0.09347181008902077,-0.19639509586645798,-0.16646221661264848,0.13787594998253952,0.13519972686923865,0.09169278996865204,-0.06267816115324398,-0.0851762869177759,0.18073861030612523,0.17548651416865824,0.13937621832358674,0.273291584490576,0.19706652452275375,0.18503239039865718,0.1908501194947081,0.0548646671543526,-0.1860602240611593,-0.18791267028212877,-0.0004120900773005587,0.0017070672584499902,-0.0017790201203687211
1545,0.14552615621611067,0.14168658245134857,0.10437452033768227,-0.17571030640668528,-0.1455478893949651,0.1469396437253207,0.14612495732331854,0.10457516339869281,0.020936946062294237,-0.0557460972579068,0.18793547177746717,0.18538750426766815,0.16927592954990214,0.28268422385414027,0.17387367504191353,0.19416114073535906,0.19562990781836803,0.07088989441930618,-0.15362876677639914,-0.17169271495385552,0.0014134875092100263,0.004438374871969963,0.0002006430610105442
1546,0.13701271732455542,0.13588255377261865,0.09767092411720511,-0.16127131476726575,-0.14075041437926838,0.13651229756925046,0.13485831341754864,0.09270998415213946,-0.0031239712950161813,-0.06296102002566317,0.17795333377921982,0.17377944691020827,0.15142857142857144,0.25734083876489566,0.1760440756694719,0.18602084318404905,0.1905087060430181,0.060044477390659746,-0.14594443347159125,-0.16104329986281773,-0.0005004197553049594,-0.0010242403550700108,-0.00496093996506565
1547,0.15083831679793677,0.1485148514851485,0.11682586333578251,-0.1552170538624722,-0.13564027370478982,0.14897403955471902,0.14749061113007852,0.10656370656370656,-0.022728824959900584,-0.06180962854349947,0.18754685694646223,0.18333902355752818,0.16635859519408502,0.27778962073782787,0.17646199902248283,0.1903554093083393,0.19426425401160805,0.07132459970887918,-0.15474310550007753,-0.15018267350928638,-0.001864277243217749,-0.001024240355069983,-0.010262156772075953
1548,0.1534159331474431,0.15158757255035848,0.11011904761904762,-0.1661023325808878,-0.14610310601144472,0.1519626256429915,0.1481734380334585,0.10087370929308975,0.0354627539503386,-0.050462853715611655,0.194146585124423,0.18777739842949812,0.16981132075471697,0.3312942061700527,0.17344785460051526,0.19859806902583668,0.20382383065892795,0.06829992576095026,-0.13271632806621525,-0.14947864432776825,-0.0014533075044515786,-0.0034141345168999804,-0.009245338325957864
1549,0.14249954547230984,0.14236940935472858,0.11370481927710843,-0.17507586390188934,-0.1466817124002675,0.14162740253646,0.14168658245134857,0.10256410256410256,0.013206781240727494,-0.05630859630462304,0.18226911982564825,0.1782178217821782,0.15096153846153845,0.3143523398120287,0.17866150554405258,0.1847445588441972,0.18846022533287812,0.0608564988730278,-0.11452127010825741,-0.15007070425385416,-0.0008721429358498345,-0.0006828269033800072,-0.011140716713005872
1550,0.15421795826807397,0.1505633321952885,0.11301636788776305,-0.20889357090039806,-0.15783312874213995,0.15043715689355552,0.14783202458176853,0.10222588623248145,-0.04332121187565208,-0.07756031264874608,0.19213215790827234,0.1874359849778081,0.1623246492985972,0.27336284351164375,0.1689919082095348,0.20366331547524436,0.2096278593376579,0.06832298136645963,-0.14341946658833304,-0.16356690132023954,-0.0037808013745184443,-0.002731307613519973,-0.010790481655281597
1551,0.15045780386066032,0.14783202458176853,0.11027756939234809,-0.15900286048877887,-0.15607324747946272,0.14886252126573907,0.14646637077500854,0.0992,0.048929716446850624,-0.06223355908257877,0.1946781971245754,0.1894844656879481,0.15784408084696824,0.32891013457735807,0.17632275720347568,0.19927904698643403,0.20109252304540798,0.06010518407212622,-0.1306475455470445,-0.15381205016869448,-0.0015952825949212546,-0.0013656538067599866,-0.011077569392348094
1552,0.1486954155224764,0.1488562649368385,0.11246200607902736,-0.1836616073445747,-0.14152287815818843,0.14779318258806926,0.1505633321952885,0.10766721044045677,0.029125675203844903,-0.03966223234846611,0.18695317688347568,0.18368043700921816,0.16356513222331048,0.2965146131569759,0.1923536831070124,0.193315343904229,0.19597132127005804,0.06976744186046512,-0.18200414878103877,-0.1607632223666915,-0.0009022329344071378,0.0017070672584499902,-0.00479479563857059
1553,0.14642638254982665,0.14714919767838852,0.10615384615384615,-0.16621850060934862,-0.1374383277231922,0.14219625854640094,0.1389552748378286,0.10056772100567721,-0.034622793568423904,-0.061362210056581046,0.1868102020119601,0.18470467736428817,0.16517412935323383,0.267362503439871,0.19752368289845446,0.19160896157669158,0.19392284055991807,0.06097560975609756,-0.16011715217989542,-0.15106390103661516,-0.004230124003425706,-0.00819392284055992,-0.005586125148168947
1554,0.14120532545441153,0.1406623420962786,0.08592592592592592,-0.17498056674439966,-0.15285418264409179,0.13926849145641818,0.13827244793444862,0.08260524225575853,0.010246625680163879,-0.050462853715611655,0.17397420816200346,0.1703653123933083,0.13257575757575757,0.33104374249169677,0.17794857235561323,0.1818811380835935,0.18368043700921816,0.0501453488372093,-0.1825100699597202,-0.18210884805222893,-0.0019368339979933535,-0.0023898941618299696,-0.0033206836701673847
1555,0.1442820466011726,0.14749061113007852,0.10735735735735735,-0.128775620784365,-0.14466967626071026,0.1447032673637153,0.14510071696824856,0.0976965845909452,0.026314904430036812,-0.06232139199115294,0.1861761291916116,0.1806077159440082,0.15613026819923373,0.2963322807869808,0.18021122606302276,0.18861751084705405,0.1891430522362581,0.05282738095238095,-0.14548308140729804,-0.15820638052419922,0.0004212207625426956,-0.0023898941618299696,-0.009660772766412154
1556,0.15287934921284324,0.1498805052919085,0.1124031007751938,-0.11941580756013748,-0.12514783039997512,0.15112457834698273,0.14749061113007852,0.10828547990155865,0.00783391865866101,-0.044547673850875324,0.19292887527181504,0.19153294639808807,0.18385214007782102,0.2931309240587592,0.17227809940092842,0.19977922968535816,0.20109252304540798,0.07285276073619631,-0.14237188927910582,-0.14104081901529075,-0.001754770865860511,-0.0023898941618299696,-0.004117620873635153
1557,0.15663871986179911,0.15158757255035848,0.1247148288973384,-0.17688646381084394,-0.15070484319469435,0.15543787335454032,0.1594400819392284,0.11827079934747145,0.008210307070618206,-0.04973741864810877,0.19787663152875584,0.19562990781836803,0.17839922854387658,0.2882921534546361,0.16467655033284267,0.20284065512357471,0.20143393649709798,0.06885998469778118,-0.15534678371579647,-0.14162911963994507,-0.001200846507258796,0.007852509388869916,-0.0064440295498669475
1558,0.14842413725475215,0.14510071696824856,0.11254752851711027,-0.1499897078499699,-0.15541293457350325,0.1484050201100623,0.14919767838852852,0.10024252223120453,0.009150824107155953,-0.06682706875114952,0.19376068778801825,0.1891430522362581,0.16388616290480865,0.22443319659476857,0.18075906906004446,0.19617288893881493,0.199726869238648,0.0683371298405467,-0.12342125770073364,-0.1576843670304866,-1.911714468985637e-05,0.00409696142027996,-0.012305006285905737
1559,0.15418525732546007,0.15090474564697848,0.11061618411284335,-0.1609217778740808,-0.16065607699073836,0.15198166200792695,0.14919767838852852,0.10268562401263823,0.008255914735715852,-0.06930164314911047,0.19357127403610042,0.1911915329463981,0.1676190476190476,0.3158001652198643,0.17431018042856394,0.19979977297362228,0.20109252304540798,0.06069578090303479,-0.1733792879294701,-0.1651674070569915,-0.0022035953175331136,-0.0017070672584499624,-0.007930560100205125
1560,0.13938347332146164,0.13349265961078866,0.09812734082397004,-0.17984115361929753,-0.15552490662618534,0.14175518096909495,0.1403209286445886,0.09508460918614021,0.01665242947505441,-0.0493146416003678,0.18515895047808695,0.18265619665414817,0.15532118887823587,0.27858624687290257,0.17440485281571616,0.1908114565501927,0.19426425401160805,0.06332842415316642,-0.152953200317286,-0.18151252466441736,0.0023717076476333088,0.006828269033799933,-0.0030427316378298236
1561,0.143569535877772,0.1392966882895186,0.09641255605381166,-0.17172421959684103,-0.15704258995903264,0.14517184573012917,0.1410037555479686,0.09126984126984126,0.015618082945446865,-0.06894687381354869,0.19487240444926612,0.19289860020484806,0.16570327552986513,0.28765109352085483,0.18178708752359796,0.19479640633389075,0.19597132127005804,0.0620384047267356,-0.17173879380231916,-0.1751135060914396,0.001602309852357181,0.0017070672584499902,-0.005142714783970395
1562,0.14388630163468372,0.14373506316148857,0.10075757575757575,-0.1680401684706433,-0.14792322735740404,0.14457576362020058,0.14612495732331854,0.09193548387096774,-0.005565179060324943,-0.057342021658975506,0.18855557873348028,0.18265619665414817,0.14563106796116504,0.28378969408734167,0.18043364329939937,0.19056130344829336,0.19187435984977808,0.04981132075471698,-0.14842601170202874,-0.15358455271355587,0.0006894619855168649,0.0023898941618299696,-0.008822091886608013
1563,0.14430732098399368,0.14339364970979857,0.09541697971450037,-0.15849397656758046,-0.14913656415110454,0.14495953510697415,0.1396381017412086,0.09155485398579322,-0.012923100662412312,-0.07685289962147679,0.18892527667974632,0.18572891771935815,0.15110683349374399,0.28760374301491254,0.1806576552653224,0.19316904162692,0.19562990781836803,0.053691275167785234,-0.1210032073537678,-0.16043088673385897,0.0006522141229804712,-0.003755547968589956,-0.003862125728707158
1564,0.15260336383540185,0.1502219187435985,0.11119239209948793,-0.18256679666097275,-0.178525002299886,0.15263669229958246,0.15124615909866848,0.10132501948558068,-0.012464949882360576,-0.08388107542980172,0.1936519243152597,0.1898258791396381,0.16868592730661697,0.2791117413865344,0.15272874174540885,0.197240952711406,0.19767838852850803,0.0614359733530718,-0.13675186128210914,-0.16049758765796518,3.332846418060975e-05,0.001024240355069983,-0.009867372613907258
1565,0.14695156657579256,0.14168658245134857,0.11409395973154363,-0.1956115828709153,-0.16324171320505032,0.14481447505814948,0.1406623420962786,0.11234177215189874,-0.013615058012443226,-0.07622172515442849,0.18326600792423717,0.17890064868555822,0.17461832061068702,0.25320714926293375,0.1678862932732902,0.18955991546579223,0.19187435984977808,0.06836964688204357,-0.13808432823272243,-0.15194041605561892,-0.002137091517643075,-0.001024240355069983,-0.00175218757964489
1566,0.15491700994791976,0.1519289860020485,0.11456752655538695,-0.176985954929323,-0.15693380763060616,0.15710454096662274,0.15807442813246841,0.11308562197092084,0.005428352075147913,-0.06611672982880346,0.1970148629295335,0.19392284055991807,0.16073147256977863,0.29314004425777895,0.15979075120318054,0.20147223313161577,0.20518948446568794,0.0668693009118541,-0.13152689337488144,-0.15466338068556107,0.002187531018702976,0.006145442130419926,-0.0014819045844661066
1567,0.1342092564515044,0.13451689996585867,0.10344827586206896,-0.16034558667970333,-0.15626708317063653,0.13497763165723592,0.13315124615909868,0.09583660644147683,-0.028063193646328366,-0.08731489212619215,0.17648306995421933,0.1710481392966883,0.15911282545805208,0.2602192222584352,0.17945096175067476,0.18181507932606425,0.18368043700921816,0.06375092661230541,-0.14726315247782906,-0.17322253998484416,0.0007683752057315307,-0.0013656538067599866,-0.007611669420592132
1568,0.14709484774075127,0.14407647661317857,0.10861132660977502,-0.17848685590959512,-0.14755502899544803,0.147047046439066,0.14407647661317857,0.10435497124075596,-0.02337310032672879,-0.06535012782939442,0.1856900109204582,0.18094912939569818,0.1720321931589537,0.2609783879380114,0.1892567188376878,0.1938073811615973,0.19392284055991807,0.07005388760585066,-0.14973322142621615,-0.15897237637962214,-4.780130168527408e-05,0.0,-0.004256355369019055
1569,0.13306853316533468,0.1293956981905087,0.1019202363367799,-0.18979585646252317,-0.1676153203072437,0.13435442077111512,0.13519972686923865,0.09731012658227849,0.01228501228501222,-0.06613067864274536,0.18210801699343376,0.17890064868555822,0.15784499054820417,0.25410258743592085,0.16615639005599547,0.17945068206014286,0.1812905428473882,0.05621301775147929,-0.16358783025449697,-0.16536010604803253,0.0012858876057804391,0.00580402867872995,-0.004610109754501421
1570,0.14246549190221744,0.13827244793444862,0.09534534534534535,-0.16703575207302968,-0.146533241992162,0.14153256563306293,0.1403209286445886,0.09409888357256778,0.012290544031889006,-0.05850919744577543,0.17767960757256743,0.17377944691020827,0.14786729857819905,0.2975874117270736,0.16606496748667243,0.18167899190001566,0.18265619665414817,0.05141579731743666,-0.17564159346472774,-0.15781837590836545,-0.0009329262691545048,0.002048480710139966,-0.0012464617727775684
1571,0.14189393864187702,0.1392966882895186,0.09338235294117647,-0.19025254897207877,-0.1548133682046351,0.14242146568938652,0.13827244793444862,0.09020817270624518,-0.03656430378596209,-0.0840609773451032,0.18929786767794837,0.1874359849778081,0.16318785578747627,0.3089748057024255,0.1888411016845194,0.18800516102141845,0.19187435984977808,0.05656272661348803,-0.17798869816837615,-0.17615139084481124,0.0005275270475094962,-0.001024240355069983,-0.0031741802349312953
1572,0.13630081282802473,0.13588255377261865,0.0966113914924297,-0.17437874278337573,-0.15827410346652993,0.13428767676722722,0.1304199385455787,0.08689024390243902,-0.04517158532649623,-0.07447509294474264,0.1763950872688054,0.17309662000682827,0.14752567693744165,0.2807347509592283,0.1947990608652671,0.17805365604132267,0.1819733697507682,0.056068133427963095,-0.1383386524186897,-0.1828551465529209,-0.0020131360607975046,-0.005462615227039946,-0.00972114758999068
1573,0.13953320250163417,0.13793103448275862,0.09505409582689335,-0.17020246756750035,-0.14285056789257322,0.13708008534205246,0.13246841925571867,0.085995085995086,0.005961343100548855,-0.05971804863758956,0.18434204547120683,0.1812905428473882,0.1458966565349544,0.29582495537601794,0.20676153363181016,0.1903401013569539,0.19460566746329805,0.058059587471352175,-0.15421627278310168,-0.15993259239702196,-0.0024531171595817136,-0.005462615227039946,-0.009059009831807352
1574,0.1491952478619428,0.15090474564697848,0.11002260738507913,-0.15088973046633603,-0.12697505555227817,0.14604779794564615,0.14236940935472858,0.10223642172523961,0.03259241946473568,-0.04258659764419015,0.1885229511304319,0.18436326391259816,0.15630885122410546,0.30024837978735197,0.17119749572296628,0.1907298259968257,0.19358142710822807,0.060133630289532294,-0.13080939327195806,-0.14947864432776825,-0.0031474499162966463,-0.008535336292249895,-0.007786185659839517
1575,0.15099113075749482,0.1488562649368385,0.09968602825745683,-0.15831387989542844,-0.13894842024320875,0.1498324449269817,0.15227039945373846,0.09113712374581939,-0.010751867424025563,-0.04970002758977532,0.19133898916562367,0.1888016387845681,0.15688259109311742,0.25857912513596204,0.18829568615271364,0.20129225068267384,0.20109252304540798,0.05611847233047545,-0.14177156681275294,-0.14924631170322022,-0.0011586858305131231,0.0034141345168999526,-0.008548904511637437
1576,0.14297559357666279,0.14202799590303858,0.11160058737151249,-0.18317709251450343,-0.15335319138503778,0.14215979932062564,0.1399795151928986,0.09922480620155039,-0.012373163683467192,-0.0725529854496868,0.18398162093401962,0.1802663024923182,0.16147308781869688,0.3092260979276388,0.1866810085928977,0.18686784139833662,0.1894844656879481,0.06222547584187409,-0.15440210900347207,-0.15784209171477948,-0.0008157942560371445,-0.002048480710139966,-0.012375781169962102
1577,0.14471968016859896,0.14407647661317857,0.09563886763580719,-0.17302205461124054,-0.16049880626072066,0.14213013408525046,0.1399795151928986,0.0870626525630594,-0.00666359393689453,-0.07161066423686568,0.180446347154509,0.17514510071696826,0.14755732801595214,0.28738358303927813,0.18593702931943168,0.18700679379615523,0.18811881188118812,0.044753086419753084,-0.11647574067404742,-0.14796329905222827,-0.002589546083348493,-0.00409696142027996,-0.008576215072747792
1578,0.1542197921468578,0.1502219187435985,0.10128495842781557,-0.1825677288839883,-0.16922980434626012,0.1542206368461544,0.15329463980880847,0.08699186991869919,0.0026681489716509077,-0.06348997389461974,0.1978287896632217,0.19187435984977808,0.13910505836575876,0.2917194434066285,0.1661814857960402,0.20702715933386442,0.2092864458859679,0.05303030303030303,-0.13877655163615488,-0.16581884207362652,8.446992965926992e-07,0.003072721065209977,-0.014293088509116383
1579,0.14909146286135516,0.14646637077500854,0.10404191616766467,-0.18342214192604112,-0.15571902400983195,0.15011964498416275,0.14749061113007852,0.09592326139088729,-0.011977725432798958,-0.05969758815820969,0.19674248867789768,0.19665414817343804,0.16600790513833993,0.34349677163613634,0.2102920961775282,0.19933542833019088,0.20382383065892795,0.0654275092936803,-0.16813982207789235,-0.1658859995705919,0.001028182122807586,0.001024240355069983,-0.008118654776777381
1580,0.15188098011155798,0.15158757255035848,0.11274871039056743,-0.19090703171523882,-0.15886960047176768,0.15154831074988484,0.15261181290542847,0.09850275807722617,-0.0012385054636723236,-0.059891763723033065,0.19222847107449761,0.18572891771935815,0.15191053122087605,0.2779111271861082,0.16055887267187585,0.20061257480049158,0.20382383065892795,0.06475349521707138,-0.16235564469872166,-0.1611190967615117,-0.00033266936167314354,0.001024240355069983,-0.014245952313341262
1581,0.149862167840078,0.1498805052919085,0.1039453717754173,-0.1406476640242874,-0.1447223293863944,0.14678341444508847,0.14510071696824856,0.09538950715421304,0.0006802721088435826,-0.07680085269707493,0.18634939951548213,0.1799248890406282,0.15119617224880383,0.28232979142070047,0.16432038955000938,0.1950372578009022,0.200068282690338,0.05584905660377359,-0.1321920503738685,-0.15264650166681504,-0.0030787533949895307,-0.004779788323659939,-0.008555864621204251
1582,0.14215790664770767,0.1389552748378286,0.0880597014925373,-0.18807125536280545,-0.14903431891479357,0.13718847865456146,0.13417548651416866,0.08190327613104524,-0.058826711434433854,-0.08367205002584999,0.18086802489011677,0.17582792762034824,0.14514608859566447,0.2731654542063048,0.16538073315443513,0.18765085265389142,0.18811881188118812,0.0470242468772961,-0.18023689610147353,-0.1726999679952731,-0.004969427993146203,-0.004779788323659939,-0.0061564253614920655
1583,0.15128005797158306,0.14783202458176853,0.1175584024114544,-0.1544635643441289,-0.14835453665733955,0.15517839183658494,0.15534312051894844,0.108,0.03205599242515633,-0.06131652501107365,0.20424631080998848,0.19938545578695802,0.17663817663817663,0.2619078954583841,0.16136514114885336,0.20203971757970104,0.20416524411061795,0.07067669172932331,-0.1249282546785262,-0.1517456280201811,0.0038983338650018795,0.007511095937179912,-0.009558402411454406
1584,0.14533384524172419,0.14168658245134857,0.10566615620214395,-0.16851734358229853,-0.13861941685039758,0.14543465806411213,0.14236940935472858,0.10258481421647819,-0.0010751174309813205,-0.061509401243590056,0.1904103040271671,0.18368043700921816,0.16360116166505323,0.22932913037992964,0.17095461639457965,0.19531375867931391,0.19938545578695802,0.06906906906906907,-0.16460450123144832,-0.168102658111824,0.0001008128223879412,0.0006828269033800072,-0.0030813419856657587
1585,0.14724426444093194,0.14783202458176853,0.1053423626787058,-0.175511733777185,-0.14687769963455377,0.14471428933557856,0.1396381017412086,0.09236947791164658,-0.014062896132097324,-0.05200538993941717,0.17826972373795533,0.17207237965175828,0.14489990467111535,0.28557224898314615,0.1693633326825681,0.18982007076077143,0.1894844656879481,0.05759162303664921,-0.13135216763483648,-0.1559131577007572,-0.0025299751053533825,-0.00819392284055992,-0.012972884767059212
1586,0.14134426515277115,0.14168658245134857,0.10396409872849663,-0.1711079408186611,-0.15310943433446766,0.13939629752043287,0.13622396722430863,0.09922480620155039,-0.024117140396210157,-0.1000585638901218,0.18217658657661318,0.1785592352338682,0.15148609779482264,0.3120790052157041,0.17874069142378057,0.18532844796375228,0.1888016387845681,0.05189028910303929,-0.14409934092293708,-0.16665433742664104,-0.0019479676323382877,-0.005462615227039946,-0.004739292526946243
1587,0.1510039406163333,0.1495390918402185,0.10114068441064639,-0.14916522247658992,-0.13852221265563602,0.1489602881334039,0.14510071696824856,0.09024979854955681,-0.017927569410271293,-0.05480541779774295,0.19280055082582936,0.18641174462273813,0.15311004784688995,0.2711386636427823,0.16693095777181133,0.19951715992036323,0.20450665756230796,0.05948795180722891,-0.15680516627798347,-0.15322921715769822,-0.002043652482929398,-0.004438374871969936,-0.010890885861089578
1588,0.14721234431389604,0.14271082280641859,0.11137071651090343,-0.17891034223568925,-0.14943896740013252,0.1466966691425999,0.14236940935472858,0.10723192019950124,0.030465318394287455,-0.056780497557196496,0.18740778547077971,0.18504609081597814,0.16122448979591836,0.2882108378549785,0.19831627744249103,0.19698572450896512,0.19938545578695802,0.06718146718146718,-0.13657717332581676,-0.16202221639114844,-0.0005156751712961372,-0.0003414134516900036,-0.004138796311402182
1589,0.15186654775033226,0.1495390918402185,0.10881226053639846,-0.1902986896414448,-0.15443104091530901,0.1517082794441924,0.14578354387162853,0.1030008110300081,-0.019123948877613484,-0.07245616216888451,0.191307086557099,0.18368043700921816,0.16066212268743915,0.2667193714485302,0.16208307424449686,0.20094738095402775,0.20245817685216796,0.060443764345830146,-0.1360421838558118,-0.15670812088048747,-0.00015826830613985265,-0.003755547968589956,-0.0058114495063903565
1590,0.1487881433518665,0.14783202458176853,0.11286681715575621,-0.1692897195907469,-0.15061526423256733,0.14749765648681853,0.14271082280641859,0.09409888357256778,0.03846365216138925,-0.06583798016152898,0.19615290437143348,0.19016729259132809,0.17248062015503876,0.33841836067562003,0.18510278068874397,0.19638225078779228,0.19631273472174804,0.061456752655538696,-0.07032877070569443,-0.13818126256881502,-0.0012904868650479573,-0.005121201775349943,-0.01876793358318843
1591,0.15866696131891678,0.15636736087401842,0.12211466865227104,-0.1928978978978979,-0.16175331483194566,0.15983001973961847,0.15841584158415842,0.11670663469224621,-0.028303303303303218,-0.05786679000925066,0.1984356546726579,0.19494708091498805,0.17624521072796934,0.3138738738738739,0.17587789084181316,0.20018001157859375,0.20518948446568794,0.0759493670886076,-0.16382882882882888,-0.16175331483194566,0.0011630584207016903,0.0020484807101399938,-0.00540803396002483
1592,0.14138371385678966,0.1392966882895186,0.10323574730354391,-0.16725752316239517,-0.1314189306408522,0.1420953555372747,0.1403209286445886,0.10225442834138486,0.002619874114741072,-0.06788886575760722,0.18528042787162308,0.18231478320245817,0.16322517207472959,0.27296133993123084,0.18736585921971582,0.18575323113240913,0.18811881188118812,0.0634441087613293,-0.14039201687223546,-0.16091503219378722,0.0007116416804850423,0.001024240355069983,-0.0009813189621590557
1593,0.15342350249948922,0.15090474564697848,0.09822119102861562,-0.15211508332146417,-0.1398258762371637,0.15501530028320298,0.15500170706725844,0.08864954432477216,0.04905284147557332,-0.04193386852968961,0.19310381464662968,0.19221577330146808,0.14641434262948208,0.32173954327493715,0.18913680082632478,0.20251436958798602,0.20518948446568794,0.05770690964312832,-0.15146940131984998,-0.1671445760625052,0.0015917977837137665,0.00409696142027996,-0.009571646703843459
1594,0.1488092513429653,0.14510071696824856,0.10843373493975904,-0.16078887180833112,-0.14855002691078945,0.1492877400865286,0.1498805052919085,0.1020242914979757,0.0181058078062315,-0.043447963421077374,0.19078759526398023,0.18675315807442813,0.16197866149369544,0.3311949308237412,0.1870984984273235,0.19695261931888372,0.19767838852850803,0.0643231114435303,-0.1328296651794083,-0.15872119434527776,0.0004784887435632934,0.004779788323659939,-0.006409443441783333
1595,0.15867138317578663,0.1597814953909184,0.11435149654643131,-0.16914622392189782,-0.1483759383922647,0.1549245022250319,0.15158757255035848,0.10420032310177706,-0.021857413798464065,-0.07443833138262057,0.19331708471437656,0.1888016387845681,0.17471042471042472,0.25077729067562105,0.1553370011704277,0.20254757879130322,0.20416524411061795,0.06346749226006192,-0.09625190436215525,-0.1358634202829404,-0.003746880950754733,-0.00819392284055992,-0.010151173444654257
1596,0.15043078473496377,0.14783202458176853,0.11769059955588453,-0.170680474243182,-0.16236410304237436,0.15173417483956642,0.15602594742232845,0.11268715524034673,-0.01302893903288127,-0.06993708903107132,0.1983422709059298,0.19528849436667806,0.17568850902184235,0.31214733311759,0.17352919177919013,0.19736680547334254,0.19597132127005804,0.06596701649175413,-0.14068429878497246,-0.14320240501564074,0.0013033901046026475,0.00819392284055992,-0.0050034443155378
1597,0.14388028027865749,0.14475930351655855,0.11250925240562547,-0.16942173177631525,-0.1437809476239491,0.1427732997417757,0.1392966882895186,0.10078125,-0.024073581658504928,-0.06405891780629958,0.18309289201675044,0.1785592352338682,0.1568627450980392,0.2726960491036806,0.17061578968509117,0.18647063602119915,0.1874359849778081,0.05747973470891673,-0.12975765767762037,-0.15051802056628572,-0.0011069805368817964,-0.005462615227039946,-0.011728002405625465
1598,0.13856334438558232,0.13656538067599863,0.09803921568627451,-0.1600832438238453,-0.13346072457041325,0.13724943512518062,0.13554114032092865,0.0910609857978279,0.029705961331901176,-0.044362968951973114,0.17673206311880815,0.16968248548992831,0.14271356783919598,0.3275980128893663,0.18637737252142317,0.18540283337606656,0.1894844656879481,0.05782575173477255,-0.15642118689581097,-0.15859086077048612,-0.0013139092604017022,-0.001024240355069983,-0.00697822988844661
1599,0.14949492770877226,0.1481734380334585,0.11859443631039532,-0.15758584891176408,-0.1449126595372655,0.1484432862349,0.14680778422669855,0.1096319498825372,0.04057581096789764,-0.045284250838189655,0.18700475713109127,0.18299761010583818,0.16574074074074074,0.28703913555245253,0.17524155268673103,0.19269400162201666,0.19801980198019803,0.07498197548666186,-0.151433678654199,-0.16842048630895756,-0.0010516414738722668,-0.0013656538067599588,-0.008962486427858116
1600,0.14826323294005217,0.1498805052919085,0.10444444444444445,-0.1858990630482661,-0.15378376841791475,0.14379190994342733,0.1413451689996586,0.08928571428571429,-0.04053156146179393,-0.08400920108237175,0.1868481961347661,0.1795834755889382,0.1505078485687904,0.2880454664227855,0.1466970296238589,0.19250546693350787,0.19460566746329805,0.05847953216374269,-0.1669920489753257,-0.1740409008701691,-0.004471322996624838,-0.008535336292249895,-0.015158730158730163
1601,0.14646920717629197,0.14339364970979857,0.10757575757575757,-0.15333687006430208,-0.13485102173130914,0.14892869611950801,0.1505633321952885,0.10539018503620273,0.027152124530908428,-0.047920235807626055,0.189268596154163,0.18402185046090816,0.15606936416184972,0.32846914142888683,0.1835188695736083,0.19528658278308172,0.19631273472174804,0.06446776611694154,-0.13540813638014404,-0.1506566191719788,0.0024594889432160427,0.007169682485489937,-0.002185572539554842
1602,0.14680541995769492,0.14373506316148857,0.10974673829623945,-0.1391548457863132,-0.13521750439715607,0.14686653488903165,0.14578354387162853,0.10556464811783961,0.040313075164067014,-0.04336586815963539,0.1890579429862118,0.18436326391259816,0.16897233201581027,0.2967409693431743,0.1947680035672703,0.1903851559227107,0.19221577330146808,0.06264323911382735,-0.11458848463440474,-0.1420213293036391,6.111493133673096e-05,0.002048480710139966,-0.004182090178399836
1603,0.14551598133520613,0.14236940935472858,0.09312977099236641,-0.1806020066889633,-0.15728397861806587,0.14135233579991296,0.13793103448275862,0.08313155770782889,-0.00025401126116597617,-0.07650301916513513,0.17831324721930372,0.17582792762034824,0.14029850746268657,0.3055755471825917,0.1897328190318477,0.19182340193332192,0.19528849436667806,0.05291005291005291,-0.17340502095592902,-0.17207485851789828,-0.0041636455352931645,-0.004438374871969963,-0.009998213284537524
1604,0.15115434462867042,0.1502219187435985,0.10236822001527884,-0.13995144110275692,-0.12987023815148424,0.1454314823427906,0.14236940935472858,0.09777424483306836,0.02167332393483712,-0.07219768787305259,0.19045123487240945,0.18333902355752818,0.1644100580270793,0.3153391290726817,0.18110919962437277,0.19629287631556464,0.200751109593718,0.0658682634730539,-0.1456923558897243,-0.16040276476947746,-0.005722862285879815,-0.007852509388869916,-0.004593975182210483
1605,0.15820351521553588,0.15875725503584842,0.11309062742060419,-0.13026168479497569,-0.1234776725304465,0.155749287179034,0.15466029361556846,0.10954356846473029,0.03738588267419107,-0.025913644316892026,0.1944875576436767,0.1908501194947081,0.166988416988417,0.26969644563782824,0.16581101577718627,0.19944425604385857,0.202116763400478,0.06086286594761171,-0.1192336048787147,-0.1314189306408522,-0.0024542280365018876,-0.00409696142027996,-0.0035470589558738996
1606,0.1491303918786257,0.14749061113007852,0.10147172734314484,-0.1758837237596983,-0.1545893403130575,0.14907828412083532,0.1485148514851485,0.09446254071661238,-0.034263306161031015,-0.08257394496443804,0.1934173673120046,0.1894844656879481,0.163,0.2836582466845735,0.17805320010675607,0.20198922225325128,0.20655513827244792,0.06717557251908397,-0.15893457121732546,-0.17630826906899033,-5.210775779038168e-05,0.001024240355069983,-0.007009186626532465
1607,0.14744236312234194,0.14612495732331854,0.10488958990536278,-0.18526830650392556,-0.15498190128459233,0.14615646169830965,0.14544213041993856,0.10490693739424704,0.033556021145400794,-0.05598294964266237,0.18096480122655997,0.17719358142710823,0.16082474226804125,0.2994225277552025,0.18806097766069974,0.1940625658642936,0.19460566746329805,0.0669260700389105,-0.15620083657050832,-0.1745514614928807,-0.0012859014240322875,-0.0006828269033799794,1.7347488884267293e-05
1608,0.14853254053618584,0.14680778422669855,0.11210096510764662,-0.18298342541436463,-0.16533324536688643,0.15002439702302786,0.1481734380334585,0.10759493670886076,-0.026685082872928145,-0.07162863196863045,0.19451113395570582,0.19153294639808807,0.1743295019157088,0.2894475138121547,0.17674504209903563,0.19530926678989244,0.199044042335268,0.06513693560325684,-0.15580110497237576,-0.16984913034993487,0.0014918564868420248,0.0013656538067599588,-0.004506028398785861
1609,0.14169295291239165,0.13793103448275862,0.09806835066864784,-0.16248545160911965,-0.16233242947484683,0.13922474361316403,0.13622396722430863,0.09497645211930926,-0.005786876223643711,-0.08107946527818222,0.17909468967675304,0.17275520655513826,0.15069767441860465,0.29263332641626894,0.14349469965426564,0.18774202943604593,0.18811881188118812,0.06222547584187409,-0.13678284327435786,-0.18490269730725373,-0.002468209299227614,-0.0017070672584499902,-0.003091898549338584
1610,0.1358420470032765,0.13417548651416866,0.09971098265895954,-0.17847249278853894,-0.1669113006208809,0.13584851717310362,0.1314441789006487,0.09307692307692307,-0.01487687792881831,-0.07284709888593699,0.179221923593822,0.17685216797541822,0.15306122448979592,0.29122149819668786,0.17575114855641505,0.18131161137259835,0.18607033117104813,0.058655221745350504,-0.19072750864124277,-0.182588667576705,6.470169827105243e-06,-0.002731307613519973,-0.006634059582036472
1611,0.1531469976668266,0.1488562649368385,0.12003058103975535,-0.11174865009197177,-0.11944892059327383,0.15358768336537112,0.1485148514851485,0.10806451612903226,0.02532289008880717,-0.04271000996309071,0.19646489530439257,0.19324001365653806,0.18797709923664122,0.29866097035147054,0.17396456122801485,0.20019897900609435,0.200409696142028,0.07709750566893424,-0.12002017444965296,-0.136376621467579,0.000440685698544524,-0.0003414134516900036,-0.011966064910723093
1612,0.14926566867620406,0.1488562649368385,0.10491071428571429,-0.19663876383417744,-0.1647563356193964,0.150181001913378,0.15397746671218845,0.09777424483306836,0.00836694178703179,-0.06760523581657862,0.1905266382624496,0.18641174462273813,0.15171755725190839,0.30373444632026514,0.16962419393448813,0.19708235144195166,0.198361215431888,0.05621301775147929,-0.1536668386168949,-0.17379364722896096,0.0009153332371739376,0.005121201775349943,-0.007136469452645927
1613,0.14806528957700915,0.14407647661317857,0.10142749812171299,-0.17106117968592482,-0.16225862978274552,0.14598927632105874,0.14407647661317857,0.08945686900958466,-0.014576192716383995,-0.07277150621202066,0.18841897334472182,0.18436326391259816,0.14683301343570057,0.27403540999275666,0.16510565771015928,0.19492593087792348,0.19699556162512802,0.05366591080876795,-0.14296915253477904,-0.15319664258571009,-0.002076013255950415,0.0,-0.011970629112128331
1614,0.14795987727834561,0.14714919767838852,0.11503759398496241,-0.1665398722500312,-0.15736786750636755,0.14458339754083901,0.14202799590303858,0.10297666934835076,0.03014215675465093,-0.05890257655696929,0.177204707512114,0.17446227381358825,0.16042267050912584,0.2991172168441788,0.16971798403818528,0.1851852038749791,0.18538750426766815,0.059848484848484845,-0.10633457555109638,-0.14605001797195383,-0.003376479737506599,-0.005121201775349943,-0.012060924636611653
1615,0.13920558258494106,0.13758962103106862,0.10467706013363029,-0.17090256056515585,-0.13928956566239148,0.1369757702949868,0.13246841925571867,0.09382329945269742,-0.02598622789386673,-0.06293607231591025,0.1803244495664256,0.17890064868555822,0.15586854460093896,0.2765294836224751,0.17735286262742778,0.18296966680657534,0.18641174462273813,0.05998536942209217,-0.1481937065586555,-0.16174647547018006,-0.0022298122899542527,-0.005121201775349943,-0.01085376068093287
1616,0.1450606438859586,0.14646637077500854,0.11363636363636363,-0.18912931182919124,-0.1601476165788971,0.1419111656037013,0.1389552748378286,0.10120481927710843,-0.006106870229007688,-0.07498778337000389,0.18298732780308363,0.18094912939569818,0.1595639246778989,0.3598672253151963,0.19298182512731332,0.18806740868711486,0.1888016387845681,0.06202723146747353,-0.15935257992309015,-0.16241854546446766,-0.003149478282257312,-0.00751109593717994,-0.012431544359255198
1617,0.1496502461053606,0.1481734380334585,0.11169811320754718,-0.10935153053296731,-0.12749849740446806,0.1491908794288555,0.14783202458176853,0.10496794871794872,0.055424013496215285,-0.04080941862234655,0.19360171924359978,0.1894844656879481,0.17374881964117092,0.2807419958712236,0.1719728656610422,0.19605722730441844,0.19767838852850803,0.06656694091249066,-0.11100341105002631,-0.1410084837081752,-0.0004593666765050908,-0.00034141345168997583,-0.006730164489598456
1618,0.1576361981239816,0.15534312051894844,0.12348484848484849,-0.2099860539334797,-0.17341022482674529,0.15576620308991093,0.15602594742232845,0.11987127916331457,-0.0272478955218044,-0.08570228808181857,0.1928785187341323,0.19289860020484806,0.17224409448818898,0.2596165483392264,0.17286526569867988,0.20041241386662442,0.20143393649709798,0.06569900687547746,-0.1701345637152768,-0.16088051957747007,-0.0018699950340706761,0.0006828269033800072,-0.0036135693215339215
1619,0.1371377130933083,0.13690679412768864,0.08860759493670886,-0.20848229539071805,-0.15707832183557513,0.1377479889887215,0.13451689996585867,0.08490566037735849,-0.0405301799211647,-0.076986154943266,0.18028374221505397,0.17719358142710823,0.1472569778633301,0.2892322308057702,0.1858515195061432,0.18209996951399604,0.18675315807442813,0.051775147928994084,-0.1432244139436819,-0.1672308500331917,0.0006102758954132093,-0.0023898941618299696,-0.0037019345593503755
1620,0.14355504921189363,0.1389552748378286,0.10273466371027347,-0.1607776369971492,-0.14325316564311896,0.1448631035787833,0.14305223625810856,0.09897879025923016,-0.004418751979727631,-0.05347515904828448,0.18916522431028718,0.18231478320245817,0.15549348230912477,0.2957871396895787,0.16984763235636624,0.19121848988754125,0.19631273472174804,0.07163531114327062,-0.16712068419385495,-0.17579769303374648,0.0013080543668896605,0.00409696142027996,-0.0037558734510433067
1621,0.14701448749237667,0.14544213041993856,0.12307692307692308,-0.14129077813868096,-0.1308801908075421,0.14847132611798022,0.1498805052919085,0.1184640522875817,0.04956738690392126,-0.04471711215360952,0.19114252319497704,0.1891430522362581,0.18407960199004975,0.335705879583863,0.20356860133601196,0.1897222228386808,0.19255718675315808,0.07452471482889733,-0.11310266911453193,-0.14788606159450246,0.001456838625603557,0.004438374871969936,-0.004612870789341389
1622,0.14855010131752444,0.14578354387162853,0.10223880597014925,-0.16930660532369368,-0.14624395305829396,0.14785765023139386,0.15090474564697848,0.09748427672955975,-0.0032789279585204723,-0.06965750835707418,0.19253282745269584,0.1905087060430181,0.15977443609022557,0.23810932194106693,0.16460691072901001,0.19703883798175045,0.200409696142028,0.05604719764011799,-0.16595465001643117,-0.16426429298799272,-0.0006924510861305855,0.005121201775349943,-0.0047545292405895
1623,0.150685140053605,0.1519289860020485,0.11355034065102196,-0.18947963800904988,-0.15468840990928645,0.1498388034003965,0.15090474564697848,0.10618066561014262,-0.031108597285067874,-0.08779865148057575,0.19163696646828002,0.18675315807442813,0.1642512077294686,0.3124057315233786,0.16955685976209123,0.19836599926635906,0.20109252304540798,0.06395786305492852,-0.16289592760180993,-0.16375820766233207,-0.0008463366532085181,-0.0010242403550700108,-0.007369675040879334
1624,0.14900748550405474,0.14749061113007852,0.10029940119760479,-0.18308111166112717,-0.15291456166350303,0.1464433300458387,0.1485148514851485,0.09811616954474098,-0.018315536383565534,-0.08291834442625168,0.188211259284662,0.18299761010583818,0.1497175141242938,0.2594547768898947,0.1564235596753174,0.19451226139933173,0.19733697507681802,0.057206537890044575,-0.14212573368220072,-0.16420427412112426,-0.002564155458216033,0.001024240355069983,-0.0021832316528638124
1625,0.14718957791389695,0.14339364970979857,0.1156773211567732,-0.19440123286277133,-0.15145158770892375,0.14445265225191037,0.14373506316148857,0.09868421052631579,0.0012175973714435573,-0.04022518267268682,0.17864194497431143,0.17207237965175828,0.15497076023391812,0.2701903086518471,0.17541784749960954,0.1864341998029948,0.18811881188118812,0.056618209640397855,-0.1466314350929736,-0.14350684449204965,-0.002736925661986578,0.0003414134516900036,-0.016993110630457414
1626,0.137342900064056,0.13588255377261865,0.10159211523881728,-0.1851320344416818,-0.15336103748111074,0.13616648631483952,0.13280983270740868,0.09222133119486768,0.017628576682309882,-0.07171513860331458,0.17710770655095306,0.17412086036189825,0.1606969990319458,0.3140125198871131,0.17095461639457965,0.17926561050248863,0.17890064868555822,0.05895691609977324,-0.12782516929029986,-0.1578969207520995,-0.0011764137492164817,-0.003072721065209977,-0.009370784043949601
1627,0.13929991314414622,0.1396381017412086,0.10620792819745699,-0.14483978360382854,-0.14658388113800547,0.13585988748774294,0.13110276544895869,0.09411764705882353,0.0037037037037037646,-0.07670004127580088,0.1761808024553794,0.17514510071696826,0.15304182509505704,0.29685809404910524,0.17465635048664507,0.18214966654523992,0.18470467736428817,0.059911242603550297,-0.15224719101123596,-0.1634912617498292,-0.0034400256564032783,-0.008535336292249923,-0.01209028113863346
1628,0.14713558230701565,0.14339364970979857,0.10250391236306729,-0.14698302350591497,-0.14162604383424582,0.14858464301258517,0.1481734380334585,0.10491803278688525,0.016634659701951104,-0.0752941036852709,0.1873889306247377,0.18538750426766815,0.1618669314796425,0.2789099708096482,0.16830422824113678,0.19482625335492532,0.198702628883578,0.06957186544342507,-0.17443539714241818,-0.17593566804923277,0.0014490607055695215,0.004779788323659939,0.0024141204238179587
1629,0.15247870758088944,0.15124615909866848,0.12172573189522343,-0.1323069706279295,-0.13798398429270475,0.15244794849942678,0.15261181290542847,0.11607142857142858,0.029470118464916206,-0.06299331577391099,0.19215748073014238,0.18641174462273813,0.1760154738878143,0.3057075404591717,0.1619786897824702,0.199562300991276,0.20348241720723798,0.07186544342507645,-0.11979913640960171,-0.14934620679555233,-3.0759081462661264e-05,0.0013656538067599866,-0.0056543033237948515
1630,0.13957117850210105,0.1399795151928986,0.0974702380952381,-0.20074900537201024,-0.17792851326299008,0.13863819451351658,0.13519972686923865,0.09162098668754894,-0.05260271028020069,-0.10201809815874996,0.17785696353516975,0.17753499487879823,0.14033366045142295,0.27680955584092626,0.1902936495560853,0.18714187337863916,0.1908501194947081,0.05921539600296077,-0.17909048288795126,-0.18585945215447786,-0.0009329839885844626,-0.004779788323659967,-0.00584925140768916
1631,0.13874942893593542,0.13758962103106862,0.08858858858858859,-0.15756607200687123,-0.14094808760073085,0.1368064013004193,0.13246841925571867,0.07996832937450514,-0.007568184058236338,-0.06317413678634187,0.18035102051991103,0.17514510071696826,0.15669515669515668,0.302516157192943,0.17352919177919013,0.18465416302739193,0.1891430522362581,0.053293856402664694,-0.15328916799256564,-0.16236410304237436,-0.0019430276355161258,-0.005121201775349943,-0.00862025921408345
1632,0.14129767978955224,0.14202799590303858,0.09014514896867838,-0.14824948948568983,-0.14295944103074443,0.1391727017244242,0.13451689996585867,0.08426966292134831,-0.016122059490294105,-0.07150372430394436,0.17998650412898284,0.17719358142710823,0.1375968992248062,0.25397252185282426,0.17121886902201133,0.18694644071379724,0.1898258791396381,0.0452147701582517,-0.18140392313991782,-0.16337536009554432,-0.0021249780651280414,-0.007511095937179912,-0.00587548604733007
1633,0.13746780283636628,0.13519972686923865,0.09563886763580719,-0.138845088429576,-0.1425677319199503,0.13625606066297996,0.13280983270740868,0.08870967741935484,-0.003383763051353017,-0.0665418956416386,0.17489328200554685,0.17207237965175828,0.1560077519379845,0.3045216279565309,0.16947861101341855,0.18320934586327253,0.18470467736428817,0.06413124533929904,-0.1689409759215853,-0.18114800704625778,-0.001211742173386321,-0.0023898941618299696,-0.006929190216452344
1634,0.14142101195538936,0.13656538067599863,0.09432571849668386,-0.2110140102649466,-0.17193440215637135,0.14123213169350243,0.13724820757937864,0.08828125,-0.03137050908586492,-0.08509129838099672,0.18736227908856976,0.18572891771935815,0.1501416430594901,0.25633929809959777,0.1641596877794942,0.1947056702393445,0.198702628883578,0.05661764705882353,-0.18799417394923013,-0.17531789970606138,-0.0001888802618869312,0.0006828269033800072,-0.006044468496683858
1635,0.14566116599985196,0.14783202458176853,0.11248073959938366,-0.15481140481140487,-0.14363085871052828,0.1421967973277751,0.14271082280641859,0.1050080775444265,-0.012355565926994494,-0.07536525917284043,0.18107854581920424,0.17651075452372825,0.16208251473477406,0.25758941830370397,0.17494193913201528,0.19181975536577806,0.19494708091498805,0.07415902140672782,-0.11758736758736754,-0.15500845863347634,-0.003464368672076862,-0.005121201775349943,-0.007472662054957169
1636,0.1421770108926688,0.1413451689996586,0.10711553175210406,-0.12640244208506768,-0.12574726090506272,0.1417060259154163,0.1396381017412086,0.0989456609894566,0.03227917404875613,-0.042100340621638255,0.1866677289184524,0.18402185046090816,0.16585365853658537,0.32745430850658397,0.19301532720204095,0.1870921372155164,0.19255718675315808,0.06756756756756757,-0.1375569110300966,-0.15400635559540876,-0.000470984977252481,-0.0017070672584499902,-0.008169870762647455
1637,0.14727745754153526,0.14407647661317857,0.10248681235870384,-0.1528354980703639,-0.13438415519830615,0.1485451432130465,0.14783202458176853,0.10568454763811048,0.019144449628721305,-0.046483172899382086,0.1928440293367023,0.1894844656879481,0.16213683223992503,0.27061925585130053,0.158619119131441,0.19777827674755374,0.19938545578695802,0.06430155210643015,-0.16113094398449057,-0.16368448263128088,0.0012676856715112261,0.003755547968589956,0.003197735279406644
1638,0.15448460844756443,0.1505633321952885,0.10889570552147239,-0.17337797619047624,-0.14762704328624765,0.15105145671438974,0.14783202458176853,0.1024390243902439,0.004129464285714257,-0.06348997389461974,0.19004653337000482,0.18572891771935815,0.17378640776699028,0.2918005952380953,0.1639075109476179,0.19789576792797586,0.199044042335268,0.06626047220106626,-0.1338764880952381,-0.15785993010414834,-0.003433151733174683,-0.002731307613519973,-0.006456681131228492
1639,0.15271241008466843,0.1505633321952885,0.11458333333333333,-0.19615600812902667,-0.15914065427010826,0.15208569580809095,0.15158757255035848,0.1051792828685259,-0.002805162796731042,-0.05872323171573368,0.19495163533362259,0.18811881188118812,0.1720532319391635,0.3145295542007177,0.1703187545599747,0.19871125920025756,0.200409696142028,0.07009694258016405,-0.14701431227569506,-0.15575579733007316,-0.0006267142765774836,0.001024240355069983,-0.009404050464807426
1640,0.13779799368883466,0.13485831341754864,0.09180576631259484,-0.1988761479972606,-0.1465955535982899,0.13464497436476378,0.1317855923523387,0.08064516129032258,-0.02822975749381007,-0.05826005957564717,0.17347861510690432,0.16729259132809832,0.14188532555879493,0.31592533408256795,0.18069877681893753,0.18415243254218525,0.1894844656879481,0.060044477390659746,-0.16615449453000153,-0.18170324994062226,-0.003153019324070888,-0.003072721065209949,-0.011160605022272257
1641,0.14401919328646784,0.14168658245134857,0.1013215859030837,-0.174619503945885,-0.157987144743562,0.14192294139439263,0.13690679412768864,0.09375,0.023661217587373162,-0.0658795851104782,0.18103455801318016,0.17616934107203824,0.14818266542404473,0.27973506200676435,0.16663583981694075,0.18610228197291612,0.1894844656879481,0.0555956678700361,-0.18824689966178132,-0.18382219195771965,-0.0020962518920752127,-0.004779788323659939,-0.007571585903083697
1642,0.14055121723334596,0.13690679412768864,0.09687034277198212,-0.18245028273357833,-0.1494266026824166,0.13937360594109235,0.13246841925571867,0.09006211180124224,-0.065079311546547,-0.08859603789836346,0.18186749575494146,0.17787640833048823,0.14903846153846154,0.28483955946773387,0.19077396333210295,0.18538334514576954,0.1894844656879481,0.05693430656934306,-0.18523077730187099,-0.18096837701488866,-0.0011776112922536053,-0.004438374871969963,-0.006808230970739876
1643,0.1347587450043721,0.13110276544895869,0.08982035928143713,-0.16976693120863262,-0.1519806924101198,0.13650510729865764,0.13519972686923865,0.08406725380304243,0.005269926911132705,-0.05378014499186268,0.18402755372416665,0.1806077159440082,0.13583815028901733,0.3277000533266413,0.18438440104551956,0.18476677746920245,0.18811881188118812,0.04951958610495196,-0.1510477116597133,-0.17116930512403217,0.0017463622942855417,0.00409696142027996,-0.005753105478394693
1644,0.1542168131253293,0.15158757255035848,0.11629686304514154,-0.1647138047138048,-0.14915214260886833,0.15297890125452,0.1505633321952885,0.10647010647010648,0.0062289562289561395,-0.051415164605988384,0.2001825654669384,0.19631273472174804,0.16962524654832348,0.2915824915824916,0.18383546849396692,0.2047583517579961,0.20894503243427792,0.0665646518745218,-0.15186868686868682,-0.14915214260886833,-0.0012379118708093217,-0.001024240355069983,-0.009826756575035067
1645,0.15106247492895072,0.14749061113007852,0.1054287962234461,-0.16556387791013694,-0.14788950495148812,0.15209693261791407,0.15431888016387846,0.09770603228547153,0.03031425333738702,-0.0399861824765716,0.20412521195007416,0.200068282690338,0.1623246492985972,0.2551947154583898,0.16548929330013118,0.21086458362432076,0.21338340730624786,0.06604506604506605,-0.16439383470145463,-0.16625602792594207,0.0010344576889633472,0.006828269033799933,-0.007722763937974567
1646,0.14610616022347817,0.14544213041993856,0.0920340293890178,-0.18904403866809882,-0.15117289936508804,0.14596641435287125,0.14339364970979857,0.08090075062552127,0.04615705931495395,-0.043875291794894355,0.18101248765927702,0.17719358142710823,0.13144590495449948,0.3171022795082945,0.19583212937255956,0.19302191052034226,0.19528849436667806,0.049079754601226995,-0.15953574412221028,-0.1637290023786213,-0.00013974587060691657,-0.0020484807101399938,-0.011133278763496526
1647,0.14657046016991193,0.14578354387162853,0.10022271714922049,-0.16584169453734676,-0.14762211902304778,0.14568945993182378,0.14202799590303858,0.09190031152647975,-0.04066889632107018,-0.07676298589611275,0.18563871731617965,0.18504609081597814,0.15619047619047619,0.2785730211817168,0.1864280800039314,0.19011248780783063,0.19494708091498805,0.05743740795287187,-0.1475250836120402,-0.15999434861663964,-0.0008810002380881532,-0.003755547968589956,-0.008322405622740739
1648,0.14253496205115707,0.14202799590303858,0.10593538692712247,-0.1532626226011673,-0.14168035632631637,0.14412013608485805,0.1481734380334585,0.10088070456365092,0.00540049276869814,-0.049216571698662226,0.18259983555130999,0.17616934107203824,0.15523809523809523,0.28251196461311356,0.17517724709283977,0.18752087417554164,0.18777739842949812,0.05472263868065967,-0.1335413678796762,-0.14506317771513288,0.0015851740337009812,0.006145442130419926,-0.005054682363471549
1649,0.14272557436820033,0.1399795151928986,0.12020275162925416,-0.17477177270991695,-0.15248939863335742,0.14218387649158856,0.1399795151928986,0.12042682926829268,-0.014561421777916639,-0.07538139286211265,0.18621274612463815,0.18572891771935815,0.18579234972677597,0.26340726856190777,0.1637651757617481,0.18190167099072985,0.18607033117104813,0.07792207792207792,-0.12449234614183069,-0.15807693528344768,-0.000541697876611763,0.0,0.00022407763903851963
1650,0.1471039042446714,0.1413451689996586,0.10308502633559068,-0.16169438669438674,-0.14874552800751617,0.14946914173075537,0.1488562649368385,0.10127591706539076,-0.004381304381304352,-0.06400329527415105,0.19117931209719627,0.1874359849778081,0.16163583252190847,0.2996246246246246,0.1924831957988341,0.1933407543175517,0.19255718675315808,0.06212574850299401,-0.1418726418726418,-0.15665480306263035,0.002365237486083971,0.007511095937179912,-0.0018091092701999212
1651,0.1482734283018942,0.14510071696824856,0.08821292775665399,-0.16551568105668024,-0.15070484319469435,0.14687313823061052,0.14783202458176853,0.08077544426494346,-0.022543875715101414,-0.06335100398023263,0.18602541512675502,0.18299761010583818,0.1375,0.2767447038501456,0.16127315399981168,0.19749378845283772,0.200068282690338,0.05003734129947722,-0.1951827391661909,-0.1779320138589422,-0.0014002900712836719,0.002731307613519973,-0.007437483491710528
1652,0.15108248415886036,0.1485148514851485,0.103397341211226,-0.2032471261214801,-0.1564249019343411,0.146458187768953,0.14168658245134857,0.09674922600619196,-0.06343929103071932,-0.08667717083070037,0.1855759458038043,0.1812905428473882,0.1536286522148916,0.29086978943787933,0.1731893757006061,0.1937934818679135,0.19699556162512802,0.06512301013024602,-0.2054855144818607,-0.1879238772714691,-0.004624296389907356,-0.006828269033799933,-0.006648115205034041
1653,0.14824398716228704,0.14475930351655855,0.11075441412520064,-0.1846223396856308,-0.15564583544432065,0.15059726876459306,0.1519289860020485,0.10616438356164383,0.002654518477303247,-0.06519974161515851,0.19559317578171684,0.19289860020484806,0.16862326574172892,0.3257812862243241,0.20265984395582126,0.20144551762126628,0.20587231136906795,0.06415396952686447,-0.1364179069875272,-0.15680540074982263,0.0023532816023060232,0.007169682485489937,-0.004590030563556807
1654,0.14913149029007927,0.14578354387162853,0.09249431387414708,-0.18845106462057482,-0.1694211343812838,0.1481444963194523,0.14475930351655855,0.08914100486223663,0.007517386301095774,-0.07266740583319897,0.19185802240910807,0.19153294639808807,0.14763779527559054,0.24888856328041797,0.17547745091365397,0.199819950176553,0.20245817685216796,0.05326331582895724,-0.18740574230392604,-0.185357042612733,-0.0009869939706269593,-0.001024240355069983,-0.0033533090119104575
1655,0.14868860068352488,0.14714919767838852,0.10112359550561797,-0.13237697307335194,-0.14805385232658252,0.15214570730817728,0.15295322635711847,0.09744408945686901,0.07281337047353764,-0.054424981170784426,0.19442110810017144,0.19016729259132809,0.1556829035339064,0.2886258124419684,0.1768270499971506,0.1965617285699274,0.202116763400478,0.05773501110288675,-0.13846796657381621,-0.16610279134456774,0.0034571066246524007,0.00580402867872995,-0.0036795060487489623
1656,0.14553444797895418,0.14407647661317857,0.11036036036036036,-0.15613592567641665,-0.1483986766804546,0.14524107046848395,0.14680778422669855,0.10233682514101532,0.02606182142913105,-0.04566229331610172,0.18344863471332115,0.18094912939569818,0.17033492822966506,0.2518173557473875,0.17561607085327346,0.18839894013956554,0.18641174462273813,0.06113207547169811,-0.12647855990223889,-0.14049587796011975,-0.00029337751047023297,0.002731307613519973,-0.00802353521934504
1657,0.15463615979597473,0.1519289860020485,0.11068408916218293,-0.1804378041607505,-0.15271436513919434,0.15351577362385946,0.15329463980880847,0.10239471511147812,0.02048530849720709,-0.05017489702651723,0.19079689576818187,0.18709457152611814,0.1628599801390268,0.2998561382870716,0.18224789736221747,0.20296367509298474,0.20382383065892795,0.06590038314176246,-0.15086935183554806,-0.157271674833091,-0.0011203861721152675,0.0013656538067599866,-0.008289374050704817
1658,0.1483668415385573,0.14441789006486855,0.11178247734138973,-0.17169121205966809,-0.1580895840666786,0.14676581815276069,0.14271082280641859,0.0958904109589041,0.008321201411415458,-0.06399043237883117,0.1908551446502569,0.18538750426766815,0.16569767441860464,0.30538847141580006,0.17295803391948317,0.19626434146905472,0.19767838852850803,0.06706857573474001,-0.1530823939397966,-0.16149075822407066,-0.0016010233857966238,-0.0017070672584499624,-0.015892066382485623
1659,0.13288104807850865,0.1280300443837487,0.09857035364936043,-0.1675511389111436,-0.15155085285792613,0.1328983166358226,0.13110276544895869,0.09315286624203821,-0.0038772225121461723,-0.0690171510148837,0.16985185651666157,0.16831683168316833,0.1521531100478469,0.24995773643707142,0.16953916527117074,0.17588123843044168,0.1795834755889382,0.0668626010286554,-0.17800310177800982,-0.1877300098302188,1.726855731395971e-05,0.003072721065209977,-0.005417487407322216
1660,0.1465575530448201,0.14441789006486855,0.09932279909706546,-0.1629546970986816,-0.1338549693566261,0.14507508911482475,0.14510071696824856,0.09687750200160128,0.0050387686077812965,-0.04375326970813209,0.190662876685116,0.1874359849778081,0.16045845272206305,0.26475392862894875,0.18375352190431493,0.19559499255087937,0.19801980198019803,0.06208425720620843,-0.160136207808941,-0.16088547925117413,-0.001482463929995348,0.0006828269033800072,-0.0024452970954641773
1661,0.15880906314737672,0.15875725503584842,0.12291350531107739,-0.13548259007497188,-0.13818126256881502,0.15816282803421192,0.15602594742232845,0.11984126984126985,0.02009208399118867,-0.07262016288721207,0.19934449029721904,0.19528849436667806,0.18328584995251662,0.30945704480349423,0.16136514114885336,0.20169673352003,0.199726869238648,0.0683371298405467,-0.11369820275495635,-0.13705089878120114,-0.0006462351131648059,-0.002731307613519973,-0.0030722354698075466
1662,0.1535738020081305,0.14749061113007852,0.0982615268329554,-0.1882247482453463,-0.1428993783360738,0.1530584910730527,0.15466029361556846,0.09455128205128205,-0.015509612450411936,-0.05813964971533814,0.19805776953398824,0.1894844656879481,0.1532639545884579,0.28277769301190114,0.15771512583880187,0.20437339932247736,0.20860361898258792,0.0691449814126394,-0.19788678669514803,-0.16776223206482288,-0.0005153109350778118,0.007169682485489937,-0.0037102447816733525
1663,0.14901022420359372,0.14646637077500854,0.10465116279069768,-0.13482536424509572,-0.13170921934729107,0.1469648481602477,0.14612495732331854,0.09714285714285714,-0.008862175712507137,-0.057805036773563745,0.1895566744796569,0.18470467736428817,0.16666666666666666,0.2768683333894142,0.17527738518972968,0.19929186199193002,0.20655513827244792,0.07429871114480667,-0.15010388976748879,-0.16468185464941543,-0.002045376043346009,-0.0003414134516900036,-0.007508305647840538
1664,0.15123228179981302,0.14919767838852852,0.10395655546935609,-0.2067147522130942,-0.1627980639458747,0.15049742870373833,0.1502219187435985,0.09766277128547579,-0.03638662955027128,-0.058495401495859745,0.19111097759033582,0.18607033117104813,0.16734279918864098,0.26335286930068746,0.1844954165195597,0.1993661472310024,0.199044042335268,0.061192873741285826,-0.148683799004229,-0.16509043015356728,-0.0007348530960746835,0.001024240355069983,-0.006293784183880297
1665,0.15391677071986515,0.1519289860020485,0.10646687697160884,-0.18087672010214217,-0.13777726320466743,0.1494632402122803,0.14544213041993856,0.1042535446205171,-0.011490991630018432,-0.05871025379058714,0.1852163971568226,0.1819733697507682,0.1606060606060606,0.2982125124131082,0.1807825718259749,0.19850708384786925,0.20109252304540798,0.0671875,-0.13254362320896584,-0.15152804745059445,-0.004453530507584846,-0.006486855582109929,-0.0022133323510917374
1666,0.152580752339348,0.1481734380334585,0.11677753141167775,-0.2163355408388521,-0.18812543469490306,0.15509775687667016,0.15568453397063844,0.10342084327764518,-0.028145695364238388,-0.07935827275449925,0.201764247766908,0.19801980198019803,0.15324927255092144,0.26490066225165565,0.17669775431353474,0.2051679701748807,0.20723796517582793,0.06376594148537135,-0.1594922737306843,-0.16546560929065224,0.0025170045373221483,0.00751109593717994,-0.013356688134032568
1667,0.1571907733570243,0.1577330146807784,0.11693242217160213,-0.1735697185422327,-0.15485647765901267,0.1563814924404841,0.15636736087401842,0.1122778675282714,0.013467357498402777,-0.06519437564000519,0.19843497760181522,0.19426425401160805,0.1693936477382098,0.3125048266953109,0.1606633243825577,0.20481990099279826,0.20518948446568794,0.06953892668178382,-0.1663595133286997,-0.1616662575591904,-0.0008092809165402004,-0.0013656538067599866,-0.004654554643330727
1668,0.14950744410855019,0.14714919767838852,0.1154132539091586,-0.15929568106312286,-0.14683451079138454,0.14697606265271607,0.14339364970979857,0.1056782334384858,0.010445182724252544,-0.062413473431579214,0.19275471930715632,0.19255718675315808,0.1766953199617956,0.2782724252491694,0.18634718332198086,0.19305022140706943,0.19699556162512802,0.06044776119402985,-0.16333554817275742,-0.14345766929699244,-0.0025313814558341197,-0.003755547968589956,-0.009735020470672803
1669,0.15689896226632144,0.15534312051894844,0.1139517896274653,-0.20023089150763274,-0.15657851429446212,0.156894121938575,0.15807442813246841,0.10972762645914397,0.01112719457937783,-0.062397183206398976,0.20053427437842455,0.19597132127005804,0.16757741347905283,0.2676956139493992,0.14726839909678902,0.20342650614292052,0.20860361898258792,0.06574141709276844,-0.1497722166472777,-0.15657851429446212,-4.8403277464470484e-06,0.002731307613519973,-0.004224163168321332
1670,0.14235867089975374,0.14202799590303858,0.09527272727272727,-0.17476659591485166,-0.14303126020831602,0.1412654844457791,0.13793103448275862,0.09055727554179567,0.02671073274270941,-0.050324576790479525,0.18705244858328487,0.18094912939569818,0.152153987167736,0.3036137258520979,0.1741819697997028,0.18888020618079093,0.19187435984977808,0.05928571428571429,-0.17056570690291617,-0.17095496003296562,-0.0010931864539746317,-0.00409696142027996,-0.004715451730931602
1671,0.14794167210220438,0.14510071696824856,0.10542635658914729,-0.14534040391583425,-0.14018176348097822,0.14634751894309203,0.14612495732331854,0.09918032786885246,0.006287572257164031,-0.06042884383778491,0.18721858997102497,0.18641174462273813,0.16046966731898238,0.28418182280869697,0.16515798601010467,0.19732576330963572,0.199726869238648,0.06283524904214559,-0.12632695767242375,-0.157271674833091,-0.0015941531591123492,0.001024240355069983,-0.0062460287202948245
1672,0.14662275606517403,0.14305223625810856,0.10106382978723404,-0.18706029324741935,-0.16221691177041453,0.14691286926562236,0.14236940935472858,0.09558232931726908,-0.02170589782365695,-0.08147257896967908,0.18652334715769095,0.18333902355752818,0.15670910871694418,0.23547734893812877,0.17327010479602123,0.19492534713349183,0.19938545578695802,0.07680835197613721,-0.17188835557893356,-0.19064801486926508,0.0002901132004483331,-0.0006828269033799794,-0.005481500469964956
1673,0.15130540896576444,0.14680778422669855,0.10267857142857142,-0.19563419282914374,-0.1647563356193964,0.15230910009655388,0.15397746671218845,0.10246227164416204,0.0036321789477470334,-0.06873489976777414,0.19297703015767637,0.18811881188118812,0.15784499054820417,0.3543052708550605,0.15832755442253255,0.20185954341175566,0.20587231136906795,0.06557377049180328,-0.15493700626940465,-0.16249700771700526,0.0010036911307894358,0.007169682485489909,-0.0002162997844093878
1674,0.14181409569977352,0.13519972686923865,0.09945609945609946,-0.1749832804363709,-0.16242014680461958,0.14285385035810774,0.13793103448275862,0.09563066776586975,0.004606094812489525,-0.07756031264874608,0.1867917912726844,0.18675315807442813,0.15503080082135523,0.3016479884335411,0.1965140165844126,0.19120652840260177,0.19324001365653806,0.05624036979969183,-0.15129562121393691,-0.1750344464764385,0.0010397546583342243,0.002731307613519973,-0.003825431690229711
1675,0.1503627704595723,0.1481734380334585,0.10159211523881728,-0.1329387186629526,-0.14679096228617372,0.14834062159323969,0.14544213041993856,0.10325655281969817,-0.004611157118120879,-0.07885505801235226,0.18674425515592735,0.18607033117104813,0.16363636363636364,0.3090980953097945,0.163449667230944,0.19771161128033668,0.200751109593718,0.06721433905899925,-0.14979485056086728,-0.1694362637107808,-0.002022148866332618,-0.0027313076135199454,0.0016644375808808898
1676,0.15761035933990952,0.15670877432570843,0.11264367816091954,-0.15109947268357427,-0.14311564993711845,0.1556564847695694,0.15568453397063844,0.10268948655256724,0.03858198514904754,-0.05454942339986957,0.1928800371995293,0.1891430522362581,0.16812439261418854,0.31572981310757964,0.17027253627160854,0.19873212865551582,0.198361215431888,0.05778120184899846,-0.11447967858808339,-0.13516739883762174,-0.0019538745703401306,-0.001024240355069983,-0.0099541916083523
1677,0.14358102191840277,0.1396381017412086,0.09491778774289986,-0.17200004612652497,-0.13935202937879776,0.14499117278550705,0.14680778422669855,0.08996815286624203,0.02010539910975806,-0.04708731539928812,0.19196723597172205,0.18641174462273813,0.15229885057471265,0.3343942434096727,0.19145072562090726,0.19446607369345967,0.19801980198019803,0.058997050147492625,-0.16920362554486956,-0.15960525927673874,0.0014101508671042762,0.007169682485489937,-0.004949634876657824
1678,0.14423375924834184,0.14202799590303858,0.1036231884057971,-0.1657293280348443,-0.15505203498314357,0.1431810350907512,0.14475930351655855,0.09770992366412214,0.0038391594261466544,-0.07677358674940149,0.19223620572750796,0.1874359849778081,0.16164383561643836,0.29399878763386544,0.1636530756828064,0.1907006813627778,0.19426425401160805,0.059755219582433405,-0.1335567230192407,-0.1651164068989105,-0.0010527241575906399,0.002731307613519973,-0.005913264741674959
1679,0.1497154636538155,0.14339364970979857,0.095952023988006,-0.169779896515991,-0.16283472317021297,0.14754941305140581,0.14475930351655855,0.09285714285714286,-0.0012051212319964533,-0.07906490192005222,0.18837288010434924,0.18846022533287812,0.15738963531669867,0.2965486963183369,0.16771646338447532,0.20107828168419378,0.20757937862751794,0.0628698224852071,-0.18616101343941238,-0.18321116617700883,-0.0021660506024096804,0.0013656538067599866,-0.0030948811308631335
1680,0.13705418314274637,0.13280983270740868,0.09689349112426035,-0.21484449684532525,-0.158827356835888,0.1376065146921996,0.13724820757937864,0.0877742946708464,-0.055860047160792736,-0.07324745577588698,0.18225947746677648,0.17890064868555822,0.14942528735632185,0.2779618889809444,0.18799645272306387,0.18304660738940123,0.18538750426766815,0.05457227138643068,-0.177187559747626,-0.16333156215483546,0.0005523315494532222,0.004438374871969963,-0.009119196453413955
1681,0.14759545469210025,0.14578354387162853,0.10884353741496598,-0.1785728502392383,-0.1749247606019152,0.1433706952824155,0.14271082280641859,0.10248198558847077,-0.019085321677931977,-0.09067280189031213,0.18526878944735153,0.1795834755889382,0.15819750719079578,0.2818393879322012,0.14386643452306924,0.19191269097149688,0.19289860020484806,0.0649546827794562,-0.14847500537390435,-0.17606330058450448,-0.004224759409684753,-0.003072721065209949,-0.0063615518264952126
1682,0.14964618015506873,0.14783202458176853,0.10067114093959731,-0.19362023516867577,-0.1698175019942224,0.14972002783184876,0.1498805052919085,0.09018355945730247,-0.027580487515919794,-0.07022042609138279,0.19346863220597565,0.1874359849778081,0.14450867052023122,0.2602414872296104,0.17311333889850922,0.19943608052461023,0.20245817685216796,0.051646706586826345,-0.17465272635725493,-0.16415857722701555,7.384767678003668e-05,0.002048480710139966,-0.010487581482294839
1683,0.14502983436893607,0.14271082280641859,0.10756040530007795,-0.1811993063713151,-0.13881243533649945,0.14494134427635133,0.1406623420962786,0.1039279869067103,-0.027888721075497336,-0.0691996060980018,0.18280476169278026,0.1812905428473882,0.16834677419354838,0.3212395815852771,0.19327499594879272,0.19058018840032628,0.19153294639808807,0.0672782874617737,-0.16882959482388915,-0.16734228338506418,-8.849009258474205e-05,-0.0020484807101399938,-0.0036324183933676424
1684,0.15087471004746889,0.15090474564697848,0.12052593133674215,-0.19497921330348578,-0.15657851429446212,0.1479386828231458,0.1406623420962786,0.11153846153846154,0.01012685214795861,-0.0792152780435531,0.1917493156136469,0.1898258791396381,0.18037383177570093,0.31332480545784036,0.17866217612614332,0.1896848152732092,0.19221577330146808,0.0739385065885798,-0.13982517855239318,-0.15321489532703125,-0.0029360272243230956,-0.010242403550699886,-0.008987469798280606
1685,0.14651324454344156,0.14714919767838852,0.1145440844009043,-0.164281092227191,-0.1539725126460434,0.14460542191377052,0.14202799590303858,0.09927360774818401,0.01954602887923973,-0.054375436743203776,0.18977085413153016,0.18538750426766815,0.1689453125,0.29664036856989906,0.18895832824668835,0.19068625293554248,0.19221577330146808,0.05842185128983308,-0.10826921031808268,-0.14378644806507113,-0.001907822629671041,-0.005121201775349943,-0.015270476652720286
1686,0.14819741369059267,0.14305223625810856,0.10522331566994701,-0.19030298991761208,-0.16128308102168232,0.14655432849315345,0.14578354387162853,0.10653753026634383,0.0162388084013112,-0.06817499671329241,0.1873411641298106,0.1819733697507682,0.16407766990291262,0.3088483273453537,0.16913707182882332,0.1937994157776489,0.19699556162512802,0.060882800608828,-0.1394819796057004,-0.15333482992218572,-0.0016430851974392202,0.002731307613519973,0.001314214596396815
1687,0.14778841619955554,0.14510071696824856,0.11489040060468632,-0.1580803781486949,-0.14944537283227788,0.14725110458458207,0.14373506316148857,0.10446570972886762,0.0019360006321634815,-0.07135221104482414,0.18779639260378822,0.1816319562990782,0.1627469426152399,0.29571960676558595,0.14481871506247534,0.19438865023239166,0.19528849436667806,0.06891385767790262,-0.14551612914812384,-0.1630267922735742,-0.0005373116149734736,-0.0013656538067599866,-0.010424690875818696
1688,0.14727096266020762,0.14544213041993856,0.11954022988505747,-0.15950677163598415,-0.14593754004469806,0.14955035326978533,0.1481734380334585,0.11887550200803212,-0.024283114514516924,-0.07776420502761272,0.19279225817016124,0.19289860020484806,0.18496538081107813,0.30179276125851684,0.18811180153901963,0.19206739036401826,0.19392284055991807,0.07240853658536585,-0.14603716933271216,-0.15389109579669125,0.002279390609577714,0.0027313076135199454,-0.0006647278770253451
1689,0.14719395651064712,0.14612495732331854,0.10214655810510732,-0.17176409205394705,-0.15863293675996182,0.1496035596097176,0.1502219187435985,0.09583660644147683,-0.01472923212053645,-0.07078377960268034,0.19685047401076855,0.19187435984977808,0.1520912547528517,0.2802608019999324,0.17812216567628403,0.19683689463916174,0.20382383065892795,0.0652971386647102,-0.1661974632989125,-0.17214819170723594,0.002409603099070484,0.00409696142027996,-0.006309951663630492
1690,0.1387181382961733,0.13656538067599863,0.10363924050632911,-0.13219167741162952,-0.15037729888264206,0.13928391413325297,0.13110276544895869,0.09639564124056998,0.0350913423076189,-0.06864560624802551,0.18168041710083935,0.17924206213724822,0.16230366492146597,0.33175644133770876,0.20532823666801314,0.19095853192704518,0.19699556162512802,0.0671875,-0.15327320781828369,-0.168795708490443,0.0005657758370796739,-0.005462615227039946,-0.007243599265759126
1691,0.15396831565774954,0.15329463980880847,0.10823170731707317,-0.14892930784403657,-0.14073641018978633,0.15294452025941957,0.15124615909866848,0.10016025641025642,0.013544451528947676,-0.06824051261350295,0.19604685036578287,0.1911915329463981,0.16586306653809066,0.3170333829248557,0.1707693997083064,0.20269842769331015,0.20245817685216796,0.061224489795918366,-0.10241767993705986,-0.15319664258571009,-0.0010237953983299741,-0.0020484807101399938,-0.008071450906816754
1692,0.14430414910971848,0.14441789006486855,0.10430839002267574,-0.17959294356809885,-0.15413569658852677,0.14103841045606288,0.1389552748378286,0.09304207119741101,0.017065526382296525,-0.055565456080035824,0.1808202886919933,0.17890064868555822,0.1611328125,0.28871195951941286,0.1846286932050225,0.1876629214816171,0.19016729259132809,0.06015037593984962,-0.14956270856891973,-0.16206663548001454,-0.003265738653655592,-0.005462615227039946,-0.011266318825264729
1693,0.1495649257206622,0.14612495732331854,0.12471994025392083,-0.18102794972800595,-0.1386241338640719,0.15008371442380875,0.14919767838852852,0.11514195583596215,-0.03804351903957981,-0.05876701557816111,0.19470695553920453,0.19221577330146808,0.18121442125237192,0.26545863815419246,0.18192908742444347,0.19363719249863404,0.198702628883578,0.07789317507418397,-0.15994560120052526,-0.14874686716791974,0.0005187887031465332,0.003072721065209977,-0.00957798441795868
1694,0.14233485464253096,0.1392966882895186,0.09962825278810408,-0.1675629058441559,-0.1658859995705919,0.142989766057081,0.13793103448275862,0.09527559055118111,-0.014255275974025983,-0.08116120323092524,0.19363572182277455,0.1874359849778081,0.1581532416502947,0.3479099025974026,0.20351411247035478,0.19475348407713358,0.200409696142028,0.0662739322533137,-0.14260349025974017,-0.18057163093613415,0.0006549114145500412,-0.0013656538067599866,-0.0043526622369229745
1695,0.13746070586375683,0.13622396722430863,0.09476117103235747,-0.1563301305667718,-0.13798398429270475,0.1390574172697823,0.1396381017412086,0.08415841584158416,0.03704058475050842,-0.04026887076821595,0.17970602507448086,0.17446227381358825,0.1405940594059406,0.2691134427775649,0.18924802378930428,0.18417296443288897,0.18436326391259816,0.05386949924127466,-0.1580727401338089,-0.1607084292983998,0.001596711406025464,0.0034141345168999804,-0.010602755190773305
1696,0.15146244019977095,0.14714919767838852,0.09761721752498079,-0.15172209457887387,-0.14893210951227742,0.14956368483809576,0.1502219187435985,0.09135399673735727,0.015570468822708183,-0.06356117255808502,0.18062072035586926,0.17651075452372825,0.14327485380116958,0.29248342252210324,0.16409465931976164,0.19484331849237288,0.19665414817343804,0.05630630630630631,-0.1671653239879013,-0.18421876345334376,-0.0018987553616751918,0.003072721065209977,-0.006263220787623522
1697,0.13752854330568487,0.13349265961078866,0.09763313609467456,-0.1740334551899856,-0.15975920800556798,0.13676615831243724,0.13315124615909868,0.09105058365758754,-0.031560872936745255,-0.08429903454995435,0.1795800968408015,0.17890064868555822,0.14024975984630164,0.35562202282042754,0.190511149377952,0.1859615565461209,0.1908501194947081,0.06154960173787111,-0.18666223551567518,-0.19242107412814702,-0.0007623849932476279,-0.00034141345168997583,-0.006582552437087011
1698,0.15663461571136414,0.15329463980880847,0.12944983818770225,-0.17755942163907712,-0.1305633152400203,0.1594282517556416,0.1601229088426084,0.11979166666666667,0.0468863642975591,-0.03353319252344933,0.1988547878943621,0.19938545578695802,0.1962809917355372,0.3462274168678905,0.17900898104618213,0.2012570959545445,0.199726869238648,0.0701468189233279,-0.1049661071189597,-0.11901211015471425,0.002793636044277459,0.006828269033799933,-0.009658171521035583
1699,0.14402008414116416,0.1413451689996586,0.0947940947940948,-0.1783169214822493,-0.12548553953957242,0.14220785697752308,0.1399795151928986,0.08994276369582993,-0.014252396994039906,-0.05276731552134828,0.18414126852196114,0.17890064868555822,0.1485543369890329,0.34461648095361497,0.19720157954129758,0.19148582490184043,0.19562990781836803,0.0640542577241899,-0.1676438196423944,-0.1709344295509626,-0.0018122271636410725,-0.0013656538067599866,-0.004851331098264869
1700,0.15201490714637284,0.15158757255035848,0.11593118922961855,-0.19213992003486635,-0.15965817453347797,0.14979993570310218,0.1495390918402185,0.1105807478122514,-0.011987190419343263,-0.06922907152437063,0.18995674046537117,0.18607033117104813,0.15769593956562794,0.2592689443465408,0.15458295842317038,0.19540540516938032,0.19494708091498805,0.058245083207261725,-0.1380706042862827,-0.14270271771927034,-0.0022149714432706524,-0.0020484807101399938,-0.005350441417367152
1701,0.1441494592822518,0.14271082280641859,0.10136157337367625,-0.14857212979682,-0.16053129424249413,0.14150196842604718,0.1392966882895186,0.08922829581993569,0.014838708420742974,-0.07200415554018302,0.18268481168446613,0.17787640833048823,0.15063168124392615,0.26748047769031935,0.17201295754952062,0.190686073012341,0.19324001365653806,0.059353869271224644,-0.1324244673121835,-0.17074596409276088,-0.0026474908562046373,-0.0034141345168999804,-0.012133277553740565
1702,0.14797443223575849,0.14544213041993856,0.10725308641975309,-0.13438070619707088,-0.13759076857269414,0.14626895100969395,0.14373506316148857,0.10364372469635627,0.005541821023602567,-0.06825014426433262,0.19090144672097858,0.18811881188118812,0.16733067729083664,0.3178394036624862,0.1943348428706103,0.19876928772045674,0.20348241720723798,0.0659090909090909,-0.12588575207207742,-0.16487232567762333,-0.001705481226064537,-0.0017070672584499902,-0.00360936172339682
1703,0.14322928519510122,0.1406623420962786,0.0932524639878696,-0.1865196868305814,-0.14491823301851248,0.14345391925737708,0.1399795151928986,0.08610885458976442,0.0021895319520010004,-0.04532115711567297,0.1837339082658531,0.1802663024923182,0.15154440154440155,0.32173418513393104,0.17537690880539203,0.19340179503395352,0.198361215431888,0.06337509211495947,-0.17602509905025499,-0.18792606124928424,0.00022463406227585248,-0.0006828269033799794,-0.007143609398105183
1704,0.13859162691861499,0.13827244793444862,0.10326086956521739,-0.14568345323741005,-0.13601775809079375,0.13613422209974793,0.13485831341754864,0.10105949470252648,-0.0006398352034208132,-0.06655085843936903,0.18158304450319787,0.17753499487879823,0.16551724137931034,0.29550242669205207,0.1748750878901726,0.181335367429273,0.18538750426766815,0.05918524212144504,-0.13469311318840804,-0.1508221793279827,-0.002457404818867054,-0.0034141345168999804,-0.0022013748626909108
1705,0.14070793967104853,0.1396381017412086,0.10074626865671642,-0.19465003670354986,-0.1425298059444401,0.14005627682921926,0.13724820757937864,0.09119746233148295,0.0016028339181207718,-0.053623502403990164,0.18085415048938128,0.17890064868555822,0.15244487056567593,0.314613400499707,0.19171287951775762,0.1878047880530583,0.19460566746329805,0.06359649122807018,-0.16956029820792395,-0.1740409008701691,-0.0006516628418292703,-0.0023898941618299696,-0.009548806325233472
1706,0.164922545176764,0.16490269716626835,0.13250194855806702,-0.1657467306401995,-0.14354693527981144,0.1621379451771112,0.15875725503584842,0.13050570962479607,-0.018156076852637204,-0.07842145577133974,0.20313296905505582,0.20109252304540798,0.18725490196078431,0.2909614175454588,0.15694431227682082,0.20937038463604285,0.2096278593376579,0.07427677873338545,-0.11494558451806747,-0.1389767261914976,-0.0027845999996528037,-0.006145442130419926,-0.001996238933270944
1707,0.14217478864251326,0.1406623420962786,0.1016566265060241,-0.1771469161901199,-0.1579206169345262,0.1414583142630911,0.13861386138613863,0.0937251787132645,-0.03502358646512849,-0.07977767991449614,0.19249734884891212,0.1874359849778081,0.1581532416502947,0.29609562294905445,0.19315634648879731,0.19439724331076497,0.199044042335268,0.055970149253731345,-0.1546032807573362,-0.1715106929380097,-0.0007164743794221551,-0.002048480710139966,-0.007931447792759602
1708,0.14906772417586486,0.14680778422669855,0.10695187165775401,-0.17989723962933368,-0.1448371598685566,0.14967130778200688,0.1495390918402185,0.1063658340048348,-0.008273050987649189,-0.0676766096159418,0.1870929725996418,0.18504609081597814,0.17025440313111545,0.3154431453365296,0.18082575075645013,0.19207107336736703,0.19392284055991807,0.06818181818181818,-0.16004437061025356,-0.1573190135858913,0.0006035836061420163,0.0027313076135199454,-0.0005860376529192024
1709,0.13722800078619507,0.13485831341754864,0.09811320754716982,-0.148533735096124,-0.14702845823638966,0.13759907803128102,0.13793103448275862,0.0971107544141252,0.018355819635592074,-0.0577111644610423,0.17430988273786893,0.1724137931034483,0.14453125,0.32455323639113187,0.1932817370342378,0.17717745622106865,0.1795834755889382,0.049586776859504134,-0.15650127807966419,-0.15381205016869448,0.00037107724508594897,0.003072721065209977,-0.0010024531330446174
1710,0.15574656892642674,0.15705018777739843,0.11188811188811189,-0.1866863348634764,-0.1377069749725528,0.15800209593597656,0.15807442813246841,0.0995850622406639,0.005955487391407721,-0.044260466691064315,0.19937888465021453,0.19255718675315808,0.1565906838453915,0.32977956708665723,0.17909947993298125,0.20495673865717035,0.20757937862751794,0.05795981452859351,-0.14693634107635456,-0.14568411592341146,0.0022555270095498126,0.001024240355069983,-0.012303049647447994
1711,0.14610968918035871,0.14441789006486855,0.10566037735849057,-0.1805664215302769,-0.1517089427391607,0.14427547302060492,0.1399795151928986,0.09849086576648133,-0.028438429040838598,-0.077011135812031,0.1811283300034601,0.17480368726527826,0.14875239923224567,0.3120403692692849,0.16858619908474393,0.1876211355806114,0.1905087060430181,0.05724907063197026,-0.167657643561258,-0.1743446418079878,-0.0018342161597537932,-0.004438374871969936,-0.007169511592009237
1712,0.14088918811590323,0.13656538067599863,0.0936270653029111,-0.15256732219620595,-0.12511810827318848,0.14055379214259872,0.13622396722430863,0.08388704318936877,0.03404022144847363,-0.04865811550303534,0.17594666499770475,0.1686582451348583,0.13861386138613863,0.30619416776865194,0.17273350535382626,0.18872719212946312,0.19358142710822807,0.060167555217060166,-0.1640340341554749,-0.1730482529947771,-0.00033539597330450865,-0.0003414134516900036,-0.00974002211354233
1713,0.1489022290056128,0.14339364970979857,0.1099630996309963,-0.15111423747889707,-0.14642208988582894,0.14707685632101566,0.14373506316148857,0.10242376856919469,-0.002588632526730472,-0.06111732470289444,0.18414253594475066,0.18231478320245817,0.16188714153561518,0.2993547176889889,0.1611240372210665,0.19004979812931413,0.19562990781836803,0.06564551422319474,-0.13994560120052524,-0.1643809878190784,-0.0018253726845971485,0.0003414134516900036,-0.007539331061801616
1714,0.15421278178206965,0.15090474564697848,0.10662604722010663,-0.1581273222690116,-0.15125774026799343,0.1541440986358965,0.15500170706725844,0.10215482841181166,-0.009630914045082983,-0.08314493191664152,0.1962506848292482,0.1905087060430181,0.1521951219512195,0.30099578895219226,0.17568373981849605,0.20571834381881626,0.2099692727893479,0.06656580937972768,-0.09540748080257622,-0.16147466152069623,-6.868314617314297e-05,0.00409696142027996,-0.004471218808294972
1715,0.14303833249949363,0.1413451689996586,0.10630220197418375,-0.1391488553312138,-0.12404070698890723,0.1409218149194178,0.13485831341754864,0.09692671394799054,0.011158146020093906,-0.06993708903107132,0.1851290243110565,0.1819733697507682,0.16203259827420902,0.27057518396782676,0.18480077885373924,0.18736690353069038,0.1894844656879481,0.06180193596425912,-0.11610135166619473,-0.15334683338273503,-0.002116517580075833,-0.006486855582109957,-0.009375488026193202
1716,0.1446587592528134,0.14475930351655855,0.1079414032382421,-0.16967392608591314,-0.14815705544529756,0.14420724460471204,0.1392966882895186,0.09943411479385611,-0.04576883849292057,-0.07979741003684615,0.18218139379524406,0.17924206213724822,0.1592920353982301,0.2707883369330454,0.17085462312747557,0.19085120144972328,0.19631273472174804,0.06288343558282208,-0.13618910487161018,-0.1561323474096169,-0.0004515146481013643,-0.005462615227039946,-0.008507288444385988
1717,0.1431037904611337,0.13861386138613863,0.10120845921450151,-0.18103103299462509,-0.14496344529449812,0.14454983243564867,0.14168658245134857,0.09309791332263243,-0.015051590882341426,-0.05679506986061833,0.18969448493675842,0.18641174462273813,0.16455696202531644,0.32245674604731456,0.19075459962681318,0.19161182146385408,0.19255718675315808,0.059757942511346446,-0.12689983914629843,-0.14270271771927034,0.0014460419745149777,0.003072721065209949,-0.00811054589186909
1718,0.13301789775819542,0.12700580402867873,0.10088365243004419,-0.15873015873015872,-0.16278693839669445,0.13247200850167484,0.1300785250938887,0.09604957397366383,0.020158730158730154,-0.08738538982441413,0.17837180317015763,0.17582792762034824,0.15794392523364487,0.30356009070294787,0.16132718083937603,0.18192499455817596,0.18641174462273813,0.06588579795021962,-0.1354648526077098,-0.17179010837547426,-0.0005458892565205764,0.003072721065209977,-0.004834078456380356
1719,0.1486136247207391,0.14749061113007852,0.114668652271035,-0.1512526403037352,-0.1320309148187646,0.14690653065242162,0.14339364970979857,0.10756040530007795,-0.03405256543942681,-0.06469740987263883,0.19176957706166162,0.1898258791396381,0.16944444444444445,0.21375899040132618,0.1631142818617537,0.19292959902683518,0.19699556162512802,0.07007299270072993,-0.14267889450371196,-0.16233099204452128,-0.001707094068317483,-0.00409696142027996,-0.0071082469709570495
1720,0.13152695230484027,0.12871287128712872,0.09365558912386707,-0.16364565904443207,-0.15245228764232543,0.1292714826612593,0.12598156367360874,0.08635996771589992,0.01591838631715936,-0.056209756587745185,0.16863361252273182,0.16285421645612838,0.1416184971098266,0.27939672801635995,0.17137552272955658,0.1771274636863156,0.17719358142710823,0.05794947994056464,-0.14180145008365863,-0.17736211920939327,-0.0022554696435809762,-0.002731307613519973,-0.007295621407967148
1721,0.13713234803526003,0.13861386138613863,0.10698689956331878,-0.17679844139189616,-0.15110339418711116,0.13577439839179675,0.13451689996585867,0.10183767228177641,-0.02472981407110486,-0.07502237218827656,0.17363818520770882,0.1710481392966883,0.168075117370892,0.29442820367380773,0.19461772048406423,0.17013931146334862,0.17377944691020827,0.06030150753768844,-0.15939120190766343,-0.17236132680443272,-0.0013579496434632798,-0.00409696142027996,-0.005149227281542365
1722,0.14844741703694583,0.14578354387162853,0.11379050489826677,-0.16619619919307693,-0.15116133974129298,0.14826657838442495,0.1505633321952885,0.10737179487179487,-0.0025465834081804806,-0.06180674812517761,0.19060803231786766,0.18470467736428817,0.15906886517943744,0.24702393681479262,0.18363561112415216,0.19560236858418878,0.19733697507681802,0.06896551724137931,-0.18059000898165178,-0.1590788352009489,-0.00018083865252088716,0.004779788323659967,-0.006418710026471902
1723,0.1449636085660268,0.1392966882895186,0.10222905457340507,-0.16970274686794806,-0.1282761777938627,0.14616681850173313,0.14646637077500854,0.09919354838709678,-0.03402069877830516,-0.05917852541646751,0.19166791230250238,0.18846022533287812,0.15950334288443171,0.2706832153139834,0.15944191571201216,0.1911788924184793,0.19631273472174804,0.05918057663125948,-0.14747101392887718,-0.14753290058756297,0.0012032099357063286,0.007169682485489937,-0.0030355061863082955
1724,0.14295551620615166,0.1403209286445886,0.10126582278481013,-0.17301587301587307,-0.12750631862097372,0.1430516408717963,0.1406623420962786,0.09747899159663866,0.009436701509872192,-0.04283476661643426,0.18275222712723044,0.17787640833048823,0.17117117117117117,0.25696864111498263,0.17570937436825507,0.19339606175958138,0.19392284055991807,0.06347962382445141,-0.15104529616724738,-0.14123684056765573,9.61246656446535e-05,0.0003414134516900036,-0.003786831188171469
1725,0.14833547785187814,0.14475930351655855,0.1101123595505618,-0.15568038842468634,-0.1332001212359062,0.14886220352352042,0.14749061113007852,0.09896249002394254,0.03197083588734395,-0.04098836129159844,0.19411131401163426,0.19324001365653806,0.17228103946102022,0.2896006065103075,0.19966184148988741,0.19604188603549233,0.19631273472174804,0.06893995552260934,-0.12896006065103072,-0.14894359244590993,0.0005267256716422752,0.002731307613519973,-0.011149869526619255
1726,0.1430976452568331,0.1413451689996586,0.11586715867158671,-0.18754254870814013,-0.15754986533923854,0.14368287160522356,0.14373506316148857,0.1105807478122514,0.02088736343890818,-0.047303451659290285,0.1869157140653628,0.18231478320245817,0.17086834733893558,0.29245550620805916,0.16193974165163183,0.18740658772116622,0.18846022533287812,0.06711409395973154,-0.1348186209355854,-0.14180037767067444,0.0005852263483904496,0.0023898941618299696,-0.0052864108593353165
1727,0.14372689394244625,0.14202799590303858,0.11035007610350075,-0.17459709997023432,-0.15145158770892375,0.14325188442940048,0.14271082280641859,0.0984540276647681,0.036006834514297203,-0.05497970578973854,0.1780129802275903,0.17651075452372825,0.15557729941291584,0.27904571934422684,0.1799577007663946,0.1855617742282467,0.18265619665414817,0.05186880244088482,-0.139438781229826,-0.14804669775883483,-0.000475009513045771,0.0006828269033800072,-0.011896048438732654
1728,0.14252445604510006,0.13861386138613863,0.09765329295987887,-0.160370833212241,-0.14718180292539518,0.1444604451565853,0.14510071696824856,0.1045016077170418,-0.012107297509372561,-0.06003436151041064,0.1863539796388517,0.1806077159440082,0.16045845272206305,0.2478150096389511,0.16292727431753706,0.19178096952470988,0.19562990781836803,0.06427503736920777,-0.12953975219661518,-0.16642214713389836,0.0019359891114852368,0.006486855582109929,0.006848314757162924
1729,0.1381100247993792,0.13485831341754864,0.10089020771513353,-0.18879559170821314,-0.15339263781990675,0.13741483633931878,0.13724820757937864,0.09692671394799054,-0.004302239132336183,-0.06445189465383427,0.17649735023548296,0.17412086036189825,0.14985862393967955,0.2857299046619435,0.1697212012770909,0.18206192656601208,0.18538750426766815,0.06117989803350328,-0.1669837313041197,-0.18153844261929686,-0.0006951884600604197,0.0023898941618299974,-0.0039634937671429865
1730,0.1392685848888212,0.13588255377261865,0.10204081632653061,-0.15004407393000274,-0.1428993783360738,0.14132993489660553,0.13485831341754864,0.09345047923322684,0.005683217289828013,-0.0626601685751107,0.18648165606408376,0.18436326391259816,0.15422396856581533,0.27377048010249416,0.2017901847215844,0.18581550607559427,0.1891430522362581,0.06375092661230541,-0.1700058170450125,-0.17228275092459544,0.0020613500077843183,-0.0010242403550700108,-0.008590337093303771
1731,0.158998147181698,0.15602594742232845,0.11866969009826153,-0.17488831549647432,-0.15601530290086552,0.15864331684604066,0.16387845681119836,0.11485943775100402,-0.026622827550416894,-0.06760390743973554,0.2013180545686694,0.19699556162512802,0.1697381183317168,0.28518470130972984,0.1749606903638773,0.20755356617426307,0.2092864458859679,0.06813020439061317,-0.15113970815051914,-0.15374834404288773,-0.0003548303356573357,0.007852509388869916,-0.0038102523472575145
1732,0.1499498591862903,0.14919767838852852,0.10266159695817491,-0.17430935118051682,-0.1469474674689547,0.1468888066393998,0.14749061113007852,0.0999194198227236,-0.012985685071574604,-0.06306998972378008,0.18361289200783823,0.17582792762034824,0.14741784037558686,0.27287785833798106,0.1364223897782566,0.19531775573056773,0.19665414817343804,0.057057057057057055,-0.15428332403792533,-0.1662166177617651,-0.0030610525468905136,-0.0017070672584499902,-0.0027421771354513014
1733,0.1458063471683088,0.14168658245134857,0.10352760736196319,-0.14757284401516657,-0.13354378535750278,0.14585193120899717,0.1403209286445886,0.09983766233766234,0.014478962692423325,-0.051950869220911744,0.189430392338698,0.18641174462273813,0.1648675171736997,0.264996003021569,0.1894281743498366,0.19322498170625166,0.19665414817343804,0.06510219530658592,-0.13040967195441244,-0.15280877944530913,4.558404068838451e-05,-0.0013656538067599866,-0.003689945024300853
1734,0.13840697515386682,0.13724820757937864,0.10089020771513353,-0.16892944346215377,-0.15991591733595378,0.1398908513286279,0.13622396722430863,0.09318715740015662,-0.01863896606887261,-0.07987175792862089,0.18134887708385608,0.1785592352338682,0.1476833976833977,0.27416961353877245,0.19182743104556577,0.1846116287776411,0.1874359849778081,0.05522827687776141,-0.17463374589542813,-0.1711897426045923,0.0014838761747610896,-0.0010242403550700108,-0.007703050314976909
1735,0.14583363876228542,0.14202799590303858,0.11764705882352941,-0.1711634632999809,-0.1547808968847213,0.14792868510521426,0.14680778422669855,0.11038430089942763,-0.017850112842180854,-0.07592587044554633,0.19923344156881317,0.19460566746329805,0.18588469184890655,0.30465244998109553,0.1720674735733082,0.2005926433937085,0.20553089791737794,0.06536964980544747,-0.11586105015337955,-0.14678111159379037,0.0020950463429288413,0.004779788323659967,-0.007262757924101776
1736,0.14432909150738915,0.14202799590303858,0.09682187730968218,-0.17099375354911983,-0.14510171798550564,0.14425832622319612,0.14305223625810856,0.08941176470588236,-0.022705630542087185,-0.057535959974984396,0.1834032794020732,0.1802663024923182,0.14285714285714285,0.2810273882846285,0.1636237108977424,0.18943374179202874,0.19153294639808807,0.05054945054945055,-0.1620006115406456,-0.1585733730640474,-7.076528419303063e-05,0.001024240355069983,-0.007410112603799826
1737,0.16088997505547126,0.15670877432570843,0.11523283346487766,-0.1562089333146932,-0.13568124995307418,0.16190259232039422,0.16456128371457834,0.11515664690939881,0.037127778554452706,-0.03715834891269798,0.1977257363989741,0.19460566746329805,0.17012858555885263,0.302336432266182,0.1575962229113015,0.20908121736131663,0.2092864458859679,0.07620528771384137,-0.1433017614986719,-0.15744793739222707,0.0010126172649229659,0.007852509388869916,-7.618655547884934e-05
1738,0.15496531498840915,0.15329463980880847,0.10458991723100075,-0.1736446168691782,-0.15155085285792613,0.15653784261856657,0.15739160122908843,0.10471622701838529,-0.001071309005691301,-0.06336415773796289,0.1990931813256686,0.19324001365653806,0.14918190567853706,0.3063825597195692,0.17632275720347568,0.20168051339222082,0.20279959030385797,0.050489826676714394,-0.12545540479332007,-0.1492896555471579,0.0015725276301574165,0.00409696142027996,0.00012630978738453758
1739,0.14935203254675017,0.14749061113007852,0.11228334589299171,-0.1918648474685366,-0.15678811060090259,0.1475324383906696,0.1413451689996586,0.0999194198227236,-0.008791097108592938,-0.05939256590927078,0.18622032962248647,0.18368043700921816,0.16144814090019569,0.35070167860833046,0.1886263211543029,0.19324189227907287,0.19597132127005804,0.06395786305492852,-0.1676448667784609,-0.1590531232681497,-0.0018195941560805728,-0.006145442130419926,-0.012363926070268108
1740,0.1490350703031456,0.1495390918402185,0.11370262390670553,-0.20062244198818924,-0.168290014082641,0.14577250956908452,0.1399795151928986,0.11068702290076336,-0.06442836479378211,-0.09866067704627646,0.1915603786915238,0.18470467736428817,0.16759776536312848,0.2692560060032845,0.166380025221176,0.1969813377733279,0.200409696142028,0.06666666666666667,-0.178329448357616,-0.17727444466797848,-0.0032625607340610874,-0.009559576647319878,-0.00301560100594217
1741,0.13365655877448293,0.1304199385455787,0.09279881217520415,-0.17095838544770048,-0.15692286860828686,0.13492277270187375,0.13076135199726868,0.09225957779515247,0.007556359563187676,-0.08029124301435286,0.1800246721871517,0.1785592352338682,0.1442400774443369,0.327423161503542,0.19693493192840783,0.18113395406308824,0.18607033117104813,0.05753823743627094,-0.18728248402571634,-0.18622319604126147,0.001266213927390819,0.00034141345168997583,-0.0005392343800516841
1742,0.13971466399344798,0.13383407306247866,0.09780907668231612,-0.1625641202189555,-0.15401095320450164,0.13861548445959612,0.13315124615909868,0.0979253112033195,-0.0022090634718444635,-0.07025590896558642,0.18417209036152793,0.18368043700921816,0.15432098765432098,0.2869276995520669,0.19707183497506076,0.19191505850697038,0.19221577330146808,0.05680933852140078,-0.1638627817751308,-0.1620422588164524,-0.0010991795338518573,-0.0006828269033799794,0.00011623452100338605
1743,0.1552814219185424,0.15329463980880847,0.11860637509266123,-0.16766879570846926,-0.16104329986281773,0.15426934083137758,0.15431888016387846,0.11214953271028037,-0.012268683789051105,-0.08776343561666777,0.20188957847504227,0.19767838852850803,0.17619493908153702,0.2856608069775969,0.1568785727127865,0.2053451258264923,0.2099692727893479,0.07879234167893961,-0.14073287922351074,-0.1711897426045923,-0.001012081087164829,0.001024240355069983,-0.0064568423823808535
1744,0.13923129657044134,0.13758962103106862,0.09173616376042457,-0.16474978789385908,-0.1477280599319135,0.13518500244329312,0.13212700580402867,0.08989657915672236,-0.009413124250314597,-0.07751266724724881,0.17573283858307603,0.1724137931034483,0.14585319351763584,0.2854144115151692,0.15804865014646508,0.18526676883071178,0.1898258791396381,0.05609573672400898,-0.17730610573125416,-0.16811317393713887,-0.0040462941271482145,-0.005462615227039946,-0.0018395846037022046
1745,0.1465289834615005,0.14373506316148857,0.09916094584286804,-0.15370025983907332,-0.14147642998189358,0.14646895787340206,0.14475930351655855,0.0934199837530463,0.030139116399409693,-0.05081763427457031,0.1914157453605478,0.18846022533287812,0.16100872938894278,0.3147395422621696,0.17582935499373809,0.19780800216445743,0.20245817685216796,0.06855439642324888,-0.14477117725383148,-0.17660671331848143,-6.0025588098450156e-05,0.001024240355069983,-0.005740962089821736
1746,0.13914541395434007,0.13315124615909868,0.09531129900076864,-0.18667986232705736,-0.15935392593146602,0.1397372193632757,0.13758962103106862,0.09195402298850575,0.017096928002179768,-0.06463483041023144,0.17965751294748372,0.17651075452372825,0.149,0.30166241280246175,0.1841454445732521,0.18745204664514004,0.18777739842949812,0.0586890243902439,-0.15058478946377263,-0.17190705907283454,0.0005918054089356362,0.004438374871969936,-0.0033572760122628914
1747,0.14372277393675004,0.14407647661317857,0.10638297872340426,-0.15854978354978355,-0.12566342869492242,0.1434872623028092,0.1396381017412086,0.09915966386554621,0.004220779220779236,-0.03544492251539544,0.18251380434415015,0.1799248890406282,0.17777777777777778,0.3042207792207793,0.19295635895176166,0.18881275778135198,0.1905087060430181,0.06976744186046512,-0.15054112554112553,-0.14964556324897393,-0.00023551163394083807,-0.004438374871969963,-0.007223314857858043
1748,0.15947779510391816,0.15500170706725844,0.11417624521072797,-0.17514342131398464,-0.1601171380749804,0.15860782152025812,0.15807442813246841,0.10938775510204081,-0.00611074111722576,-0.06890735058232789,0.2057242974014362,0.20621372482075795,0.17670286278381048,0.2579597368759273,0.172798586273201,0.2104315825059335,0.21235916695117787,0.06790123456790123,-0.15631462722142386,-0.14985603698205685,-0.0008699735836600331,0.003072721065209977,-0.004788490108687163
1749,0.15050811830649302,0.1481734380334585,0.11169415292353824,-0.18110632392687953,-0.1590788352009489,0.1505123599266772,0.1481734380334585,0.10467882632831087,-0.02441948327472465,-0.07651066826453834,0.19340679806077982,0.1908501194947081,0.16810758885686838,0.2794254410183382,0.1723249033246439,0.1992549314752931,0.20518948446568794,0.07169253510716925,-0.1383431660321427,-0.18056918002001454,4.2416201841699586e-06,0.0,-0.00701532659522737
1750,0.1468651819189463,0.14236940935472858,0.10007358351729213,-0.16966813908709932,-0.14167799462805286,0.14611792731701467,0.14373506316148857,0.09787556904400607,-0.062422131611734044,-0.09574139021392636,0.18945545292214303,0.18436326391259816,0.15349264705882354,0.29198521916411824,0.16195175649946558,0.19401624293940856,0.19767838852850803,0.06064981949458484,-0.1492949371389738,-0.17080852425652315,-0.0007472546019316184,0.0013656538067599866,-0.0021980144732860613
1751,0.12094291674329002,0.11505633321952885,0.09009009009009009,-0.1433612546783105,-0.14094808760073085,0.12104972109732964,0.11710481392966883,0.08161648177496038,0.03999287114596328,-0.06204697807888693,0.1684315261008543,0.1686582451348583,0.1454183266932271,0.3156478346105863,0.228759968444481,0.16545813566153486,0.16490269716626835,0.04302670623145401,-0.12004990197825693,-0.15898262692000953,0.00010680435403961908,0.00204848071013998,-0.008473608315129708
1752,0.14115480539234415,0.14168658245134857,0.10044977511244378,-0.17112761567055768,-0.1487902687754028,0.1382022839988459,0.13451689996585867,0.09613869188337273,-0.023666743643799504,-0.07543689832008049,0.1810575101989513,0.17582792762034824,0.15630885122410546,0.23476039005058136,0.15816537374533002,0.1876450312511136,0.1908501194947081,0.060294117647058824,-0.1699394363783997,-0.17813161695753166,-0.0029525213934982475,-0.007169682485489909,-0.004311083229071047
1753,0.14397753101423608,0.1410037555479686,0.10266159695817491,-0.1737972711392285,-0.1497647473856777,0.14237069844210073,0.13656538067599863,0.09149797570850203,0.003295406260327649,-0.059027329319899846,0.18377324592104957,0.1795834755889382,0.16043307086614172,0.3058967942967754,0.18936635263516688,0.1925114890677038,0.19494708091498805,0.06556141672946496,-0.14328879656295734,-0.16337536009554432,-0.0016068325721353416,-0.004438374871969963,-0.011163621249672878
1754,0.13190768519568832,0.12768863093205873,0.09365781710914454,-0.17859587025357493,-0.167065289642778,0.13387948949214504,0.1317855923523387,0.08948194662480377,0.013402022773661981,-0.07465656466185766,0.175374247524156,0.17275520655513826,0.14204003813155386,0.31149876394921716,0.1789039612004235,0.17977204788812756,0.18299761010583818,0.05712219812002892,-0.17393299587184974,-0.19749255274625177,0.001971804296456714,0.00409696142027996,-0.004175870484340774
1755,0.1409262832209841,0.1392966882895186,0.09896602658788774,-0.18744965020139925,-0.16948696741044,0.1410801892156755,0.14168658245134857,0.09765625,-0.0326620026853226,-0.08601062445225849,0.18548281748266313,0.1812905428473882,0.15273775216138327,0.29184863260546956,0.18359540212889502,0.18812238348996305,0.19289860020484806,0.05530973451327434,-0.16554660448024872,-0.17174308478768807,0.00015390599469139454,0.0023898941618299696,-0.001309776587887737
1756,0.14383423609832255,0.14202799590303858,0.0952023988005997,-0.14404607855185825,-0.14506317771513288,0.1441442770523454,0.1410037555479686,0.08856682769726248,0.05366192193972341,-0.041323321791423506,0.1861712908676099,0.18402185046090816,0.1608863198458574,0.3157092872788786,0.18870853264810616,0.18785771569883528,0.1911915329463981,0.06309611151870873,-0.15463496446876657,-0.17776378447369345,0.00031004095402284437,-0.001024240355069983,-0.0066355711033372206
1757,0.13850437007877447,0.13758962103106862,0.09735849056603774,-0.1711591852631833,-0.14422594226173668,0.13769393103206895,0.13485831341754864,0.09199048374306107,-0.013835153491273733,-0.07191257032926512,0.1823447455447211,0.17548651416865824,0.1553398058252427,0.29564282279870613,0.1890935064894994,0.18621044723931343,0.1894844656879481,0.058165548098434,-0.1760018336576128,-0.16230428524485463,-0.0008104390467055245,-0.002731307613519973,-0.0053680068229766675
1758,0.1434534432877787,0.1403209286445886,0.1090617481956696,-0.17941176470588238,-0.1327184577473537,0.1418091397575164,0.13827244793444862,0.09805579036348266,-0.03251493730539423,-0.05900635476276972,0.18188088506973402,0.17890064868555822,0.16563786008230452,0.2925376588403602,0.1840132347645309,0.19258105908081655,0.19767838852850803,0.06951026856240126,-0.14498653538668693,-0.15460173832090218,-0.0016443035302622921,-0.002048480710139966,-0.011005957832186941
1759,0.14402276709641992,0.14236940935472858,0.10814927646610815,-0.17421298780124317,-0.14280578388640142,0.1422279033089742,0.1399795151928986,0.09724473257698542,0.00039560606306932034,-0.05329947353961073,0.18363293331437708,0.1795834755889382,0.16439688715953307,0.2744151262416882,0.18009672812417243,0.19093197791748054,0.19426425401160805,0.06787330316742081,-0.14781034753721678,-0.15753467039916436,-0.0017948637874457274,-0.0023898941618299696,-0.010904543889122736
1760,0.1498887895417582,0.1488562649368385,0.1043613707165109,-0.14753950943251826,-0.13711854035192617,0.14857281647713155,0.14544213041993856,0.10140148392415499,0.0030516970879730376,-0.0561509224787734,0.18394948136257527,0.1799248890406282,0.16407766990291262,0.26526805188841696,0.15254026161681744,0.1963391804100549,0.19938545578695802,0.06891271056661562,-0.15378640033673896,-0.16220709800276223,-0.0013159730646266354,-0.0034141345168999526,-0.002959886792355912
1761,0.14369776746153784,0.1389552748378286,0.09401061410159212,-0.18327558519718756,-0.1477280599319135,0.14550648749271547,0.14612495732331854,0.09420289855072464,0.0076947281618009455,-0.060525072242894495,0.18313837816192283,0.1785592352338682,0.1544327931363203,0.25847957235033714,0.15804865014646508,0.19153809171670674,0.19460566746329805,0.060044477390659746,-0.17339812216081707,-0.18170324994062226,0.0018087200311776297,0.007169682485489937,0.00019228444913252374
1762,0.13299322628754498,0.1304199385455787,0.09246309246309246,-0.14066776135741643,-0.13582110907891953,0.13006734812381565,0.12666439057698872,0.0926076360682372,0.014178010840969701,-0.07203351871897279,0.1701253486818333,0.16626835097302833,0.14980544747081712,0.3368645938167629,0.15919649633583421,0.17798138451813833,0.1806077159440082,0.051908396946564885,-0.16909440824902455,-0.16201958369104053,-0.0029258781637293285,-0.003755547968589984,0.00014454360514473685
1763,0.14303739908374816,0.13622396722430863,0.10301692420897719,-0.15131091719141232,-0.1361576818397845,0.1474356201948246,0.14714919767838852,0.10567210567210568,0.029535311105276962,-0.05557343504777801,0.19043046770322689,0.18675315807442813,0.17518248175182483,0.30450464924001674,0.15819866408101702,0.1884245441743392,0.1888016387845681,0.0674401740391588,-0.12337041492458944,-0.15854219483756415,0.0043982211110764335,0.010925230454079893,0.0026551814631284865
1764,0.14276040305784993,0.1392966882895186,0.10740740740740741,-0.17931942062454365,-0.1491403342871529,0.14198924173357377,0.1403209286445886,0.1016548463356974,-0.0014942860538962321,-0.05807041890282094,0.18596951323114763,0.17924206213724822,0.1647834274952919,0.28762799069467326,0.17466380930158298,0.18747319200468995,0.1898258791396381,0.06789667896678966,-0.13471158581107467,-0.15476193400223504,-0.0007711613242761539,0.001024240355069983,-0.005752561071710016
1765,0.14438492524511098,0.14202799590303858,0.08994708994708994,-0.14752505028857177,-0.15038245244383774,0.14338903223711924,0.14373506316148857,0.08858739026336791,-0.00201342281879191,-0.07114072963963158,0.18641781125590165,0.18333902355752818,0.15273775216138327,0.23304946139529636,0.16884848799596408,0.1931761718819569,0.19733697507681802,0.05794947994056464,-0.1603876449908822,-0.17641901850807684,-0.0009958930079917439,0.0017070672584499902,-0.0013596996837220293
1766,0.14228062545850786,0.14271082280641859,0.09808429118773947,-0.17134152975737138,-0.14687918963205715,0.14380353616306407,0.14202799590303858,0.08813838550247118,0.011756065716461706,-0.0434598291871493,0.1854593333499377,0.18299761010583818,0.15980392156862744,0.2707431182678708,0.1770166095635335,0.18928304491501238,0.19255718675315808,0.05753217259651779,-0.1630888913067131,-0.1650628134465465,0.0015229107045562074,-0.0006828269033800072,-0.009945905685268291
1767,0.13685879866923326,0.13417548651416866,0.09865470852017937,-0.16637171459637812,-0.15891459593552004,0.14065986261855343,0.1396381017412086,0.08931419457735247,-0.022147651006711344,-0.06400329527415105,0.19356645936263484,0.1891430522362581,0.1595744680851064,0.2791833827003112,0.18457392074371992,0.19222397402978103,0.19733697507681802,0.06528189910979229,-0.16414457650631764,-0.1702135602999687,0.0038010639493201714,0.005462615227039946,-0.009340513942826895
1768,0.1400984649644245,0.13656538067599863,0.09339407744874716,-0.16152625056626946,-0.1351867707701777,0.13942385754276074,0.13451689996585867,0.09420289855072464,-0.007851021531342317,-0.0504445380368127,0.18252449100400803,0.17719358142710823,0.14864864864864866,0.30579672705626004,0.18231412787083023,0.18469295034820796,0.18709457152611814,0.052553663952627686,-0.2036960078472777,-0.1736032496093033,-0.0006746074216637532,-0.002048480710139966,0.0008088211019774832
1769,0.14018045225432327,0.13827244793444862,0.10279667422524566,-0.1877666800428528,-0.16355400990725277,0.14217726643046308,0.1389552748378286,0.09871589085072231,-0.029498172125745903,-0.07612324781278923,0.18972780296900907,0.18436326391259816,0.160481444332999,0.30326882084623397,0.2066073984407364,0.19217396788803776,0.19392284055991807,0.06766917293233082,-0.15837159045308458,-0.17150226100674948,0.0019968141761398106,0.0006828269033799794,-0.004080783374523347
1770,0.15226672710714612,0.1498805052919085,0.11218424962852898,-0.1487341772151899,-0.12895093405956048,0.15246153316757594,0.15670877432570843,0.10405083399523431,0.02136255346020255,-0.031440973991651244,0.19179637765641236,0.18641174462273813,0.16043755697356427,0.3014150808002526,0.15012929647962825,0.19802767074650526,0.200068282690338,0.0636896046852123,-0.11538792732282788,-0.1513670168337925,0.00019480606042981963,0.006828269033799933,-0.008133415633294672
1771,0.14592335748670396,0.1392966882895186,0.1025830258302583,-0.18166899883108523,-0.15476193400223504,0.14726125938387966,0.14749061113007852,0.10015649452269171,0.019191730352695058,-0.0681892983899689,0.1989155513763104,0.19528849436667806,0.16413662239089183,0.30869547975549105,0.18365836884571451,0.19807975227367616,0.20109252304540798,0.06818181818181818,-0.16596324055662248,-0.1648808134893831,0.0013379018971756973,0.00819392284055992,-0.002426531307566593
1772,0.15199179662991164,0.1495390918402185,0.1201885310290652,-0.17153518525498468,-0.1406529852613041,0.15171246801230387,0.1488562649368385,0.11231281198003328,-0.02070533840915656,-0.05935439409251453,0.19659912721195613,0.19460566746329805,0.18283963227783454,0.3317188697498523,0.19599188521227529,0.19693065651415798,0.19938545578695802,0.06771653543307087,-0.12648097194476904,-0.13721783352177785,-0.00027932861760776584,-0.0006828269033799794,-0.00787571904903192
1773,0.15291144701252904,0.1502219187435985,0.1175115207373272,-0.14080024724103268,-0.14629549403505837,0.1520007605197017,0.14783202458176853,0.10581583198707593,-0.0036890552810606714,-0.07351187010200111,0.19582468793440572,0.1911915329463981,0.1693227091633466,0.3406351590831739,0.1926032549032396,0.20197424630864774,0.20109252304540798,0.06605222734254992,-0.14527562289483253,-0.14629549403505837,-0.0009106864928273284,-0.0023898941618299696,-0.01169568875025126
1774,0.13968757867248063,0.13758962103106862,0.09892638036809816,-0.19488640065525553,-0.15234694699044526,0.13869837564917725,0.13349265961078866,0.09178743961352658,-0.05906979774569754,-0.0817736391083127,0.18451934105584933,0.18333902355752818,0.1498015873015873,0.30619048948705774,0.1845836841887678,0.1898170931826077,0.19392284055991807,0.058823529411764705,-0.18710337959214063,-0.1773890884970084,-0.000989203023303381,-0.00409696142027996,-0.007138940754571582
1775,0.1564986586257841,0.15705018777739843,0.11268715524034673,-0.16761093640490088,-0.12755120347071314,0.15303867399807172,0.1505633321952885,0.10465116279069768,-0.010700092836882336,-0.05328530578561397,0.18828489696208428,0.18402185046090816,0.17008797653958943,0.2452618330330507,0.15351665546058557,0.20461568656386503,0.20587231136906795,0.0703125,-0.15160483045343287,-0.14011927846357608,-0.0034599846277123814,-0.006486855582109929,-0.008035992449649046
1776,0.1330606631905009,0.1283714578354387,0.0983858570330515,-0.1774896836832457,-0.1498768809849521,0.1328966998254763,0.1293956981905087,0.09098294069861901,-0.032685938879123744,-0.07017908220370594,0.1736151017469386,0.17309662000682827,0.1481113320079523,0.2827990977466298,0.1859924138788709,0.18015525543567384,0.1806077159440082,0.06033182503770739,-0.16072708344334896,-0.17834038054968282,-0.00016396336502458309,0.001024240355069983,-0.007402916334432491
1777,0.15532608318642757,0.15602594742232845,0.1220472440944882,-0.17550994756877103,-0.1496098314628771,0.15082280024973233,0.1481734380334585,0.11544850498338871,-0.01704912734324493,-0.07379024225740927,0.18845545288791554,0.18470467736428817,0.1798631476050831,0.25315126050420167,0.13413923723031318,0.20234351055770194,0.20109252304540798,0.06756756756756757,-0.13519895137542193,-0.13582445160733747,-0.0045032829366952465,-0.007852509388869944,-0.006598739111099483
1778,0.14816160507039466,0.14646637077500854,0.1143939393939394,-0.172481301139501,-0.17626595822497382,0.14683855543068147,0.1481734380334585,0.1074313408723748,0.008521158576376697,-0.08279772215452186,0.1872556706421591,0.18333902355752818,0.15779092702169625,0.27281332692707627,0.1725301422330543,0.19390452519253867,0.19460566746329805,0.06316590563165905,-0.11805919094709816,-0.16942681900030665,-0.001323049639713192,0.0017070672584499624,-0.0069625985215645975
1779,0.16146716562223587,0.16251280300443838,0.12035661218424963,-0.17914614121510664,-0.13539759006607088,0.15999232972105518,0.1577330146807784,0.11379579111457522,-0.02481820314332628,-0.06469740987263883,0.20560465550496462,0.20177534994878799,0.18148487626031165,0.26186957541637346,0.15076980595496392,0.20818454265545683,0.2092864458859679,0.07084870848708487,-0.16147861443427947,-0.1454976158079897,-0.0014748359011806933,-0.004779788323659967,-0.0065608210696744135
1780,0.14148636626275607,0.14168658245134857,0.11496913580246913,-0.18587606165460846,-0.1508032081614732,0.13751436706410833,0.1317855923523387,0.10914927768860354,-0.060836741113557746,-0.09378375895502744,0.1762254182362119,0.17446227381358825,0.1761252446183953,0.24677571563384715,0.16166337348984883,0.18346160858147262,0.18231478320245817,0.07274119448698316,-0.16483170808430325,-0.16220709800276223,-0.003971999198647741,-0.009900990099009882,-0.005819858113865595
1781,0.1415833063367146,0.13758962103106862,0.10502958579881656,-0.17128830777456427,-0.1495338690708563,0.13894999412219183,0.13554114032092865,0.09773260359655982,0.0016750450074871637,-0.06748954673462826,0.17763487506122214,0.17480368726527826,0.15930902111324377,0.3040954476539087,0.1988735271514821,0.18361830375951588,0.1888016387845681,0.06446886446886448,-0.13950171149967006,-0.16414450181566398,-0.0026333122145227594,-0.002048480710139966,-0.0072969822022567465
1782,0.1480775366217391,0.14271082280641859,0.10445468509984639,-0.1455211497715263,-0.14535306843782525,0.1473803367439161,0.1481734380334585,0.09714285714285714,-0.0016009569273296442,-0.057805036773563745,0.18645951415610879,0.1812905428473882,0.15264187866927592,0.28494298186433076,0.1730034103413074,0.19417677231853536,0.19733697507681802,0.057971014492753624,-0.15670232047583788,-0.15558595525572583,-0.0006971998778229904,0.005462615227039919,-0.007311827956989245
1783,0.14366763802610247,0.1413451689996586,0.10671641791044777,-0.19078383064148186,-0.13604713115257228,0.14364445127419195,0.14168658245134857,0.10390625,-0.03387981466273282,-0.0686134415611519,0.18391699506746134,0.17753499487879823,0.16353383458646617,0.26427390982551124,0.17414784096796132,0.18668135407597833,0.1898258791396381,0.06926406926406926,-0.17143088886861124,-0.18774629317266123,-2.3186751910514447e-05,0.00034141345168997583,-0.002810167910447761
1784,0.1392715210273316,0.13758962103106862,0.1043872919818457,-0.15569768948924367,-0.1445710843008884,0.14038991535538908,0.1389552748378286,0.09887459807073955,0.003888224850488453,-0.056366007404463514,0.18483901141365078,0.18265619665414817,0.15835777126099707,0.25947831954625034,0.19354837713540707,0.18903092836065066,0.19494708091498805,0.06770833333333333,-0.16676575811126904,-0.16944943932295697,0.0011183943280574926,0.0013656538067599866,-0.005512693911106148
1785,0.1425160976909905,0.1413451689996586,0.10052122114668652,-0.13142553435778914,-0.15334683338273503,0.13939418541990015,0.13554114032092865,0.09040444091990484,0.05484505383393157,-0.06091981937143209,0.17540898921859407,0.16968248548992831,0.14081826831588962,0.27989755441727127,0.17578350919410002,0.1862528299657054,0.18846022533287812,0.056338028169014086,-0.12763845524209527,-0.16010978562746447,-0.003121912271090349,-0.00580402867872995,-0.010116780226781683
1786,0.1379998079263671,0.13485831341754864,0.10053313023610053,-0.14527313266443698,-0.14093302193017176,0.13666175642914438,0.13690679412768864,0.09952229299363058,0.027703455964325552,-0.0763801609136252,0.17398133494928483,0.1707067258449983,0.14559386973180077,0.30299888517279816,0.1637111818145831,0.18232538084741076,0.1806077159440082,0.05776444111027757,-0.1274804905239687,-0.16358314860264433,-0.0013380514972227142,0.0020484807101399938,-0.0010108372424699474
1787,0.14310093955519543,0.1399795151928986,0.0987189148455162,-0.19092595715972338,-0.15022525589681301,0.1420288005862143,0.14168658245134857,0.09163987138263666,-0.030674087816945028,-0.056366007404463514,0.18323292358513532,0.1799248890406282,0.1436893203883495,0.27147917018046885,0.18563253690111248,0.18819594506201595,0.19255718675315808,0.057206537890044575,-0.15030078146961268,-0.17171110796132683,-0.0010721389689811178,0.0017070672584499624,-0.007079043462879547
1788,0.13801578202128226,0.13554114032092865,0.1035548686244204,-0.16633091592801508,-0.13907981874134911,0.14092888113858046,0.1399795151928986,0.10115131578947369,0.021540275166383127,-0.05033453934235477,0.1842846296327182,0.1816319562990782,0.15784215784215785,0.3249843316321963,0.19428385900102685,0.18821360953117683,0.19016729259132809,0.06231003039513678,-0.16726355686871397,-0.16411053857183466,0.0029130991172982013,0.004438374871969963,-0.0024035528349467122
1789,0.15537241431789847,0.15227039945373846,0.11561561561561562,-0.1989288390342573,-0.17661554080238628,0.1547679282833343,0.1577330146807784,0.10933758978451716,-0.033801366449998316,-0.08685398302989089,0.20078656688775043,0.19631273472174804,0.17123287671232876,0.26928329660675987,0.1756133567858873,0.20354999364162343,0.20655513827244792,0.06007604562737642,-0.1524761830939647,-0.15729976254754563,-0.0006044860345641723,0.005462615227039946,-0.0062780258310984605
1790,0.146863044804195,0.14680778422669855,0.11729769858945806,-0.21299389599609286,-0.1775510431195656,0.1457804367377175,0.14305223625810856,0.1096319498825372,-0.07886737022724277,-0.09830932031535944,0.1860845450744502,0.18299761010583818,0.17929050814956854,0.2791184384743518,0.16658443877298668,0.1865706812598802,0.18675315807442813,0.06551204819277108,-0.16792788844547535,-0.15604257550128098,-0.001082608066477475,-0.003755547968589984,-0.007665748706920855
1791,0.14201506254905108,0.1392966882895186,0.11035525321239607,-0.18037857802400736,-0.14757267696459742,0.1398649672915705,0.13417548651416866,0.10336538461538461,0.013896583564173559,-0.0627245740680843,0.18157502236225592,0.17924206213724822,0.17004830917874397,0.3469436749769159,0.17824403815801304,0.1858873866861316,0.18607033117104813,0.0643231114435303,-0.1304062788550323,-0.16341098950527977,-0.002150095257480583,-0.005121201775349943,-0.006989868597011464
1792,0.14848683379830577,0.14749061113007852,0.11351351351351352,-0.14954726750832303,-0.13833478516738018,0.1457598719456812,0.14578354387162853,0.09891936824605153,0.02031464763590174,-0.03370832576361038,0.18542143104669714,0.18402185046090816,0.16966067864271456,0.314967642687363,0.1948777431511476,0.19355558061240938,0.19460566746329805,0.06379707916986933,-0.16256537488023848,-0.14515824991110426,-0.0027269618526245543,-0.0017070672584499902,-0.014594145267461986
1793,0.14118579326037958,0.13690679412768864,0.09728506787330317,-0.18443342362684267,-0.15941574118783197,0.14204212954585643,0.14168658245134857,0.08393866020984665,0.012461243389665144,-0.06080303086580241,0.1893960491363492,0.18572891771935815,0.148,0.3572925251017188,0.2100985526625314,0.19238446317996455,0.19426425401160805,0.05803571428571429,-0.15726961296974495,-0.17981837090963115,0.0008563362854768497,0.004779788323659939,-0.013346407663456517
1794,0.1397294928489389,0.13724820757937864,0.10760953112990007,-0.1754092060761634,-0.16030461064765766,0.14184826222201277,0.14475930351655855,0.10461285008237232,0.034173843750571864,-0.06099725044971249,0.18185369878001473,0.17685216797541822,0.16462167689161555,0.3353584992921347,0.20838823238609283,0.1872722235287232,0.18709457152611814,0.06116207951070336,-0.14163462834156548,-0.16829485801990607,0.00211876937307387,0.007511095937179912,-0.0029966810475277467
1795,0.13410217371543195,0.1317855923523387,0.09210526315789473,-0.17416438630925946,-0.1508387783569488,0.1333069830852628,0.1297371116421987,0.09273570324574962,0.00043696901101730745,-0.06794349411448009,0.1775869212967003,0.17309662000682827,0.15666041275797374,0.30317232338572186,0.187463597875829,0.17856229678012536,0.18265619665414817,0.05767844268204758,-0.1755093196177595,-0.1721227026894746,-0.000795190630169168,-0.0020484807101399938,0.000630440087854886
1796,0.13852825866623683,0.13246841925571867,0.09125188536953242,-0.14793907057750255,-0.13697159414290883,0.13950922741710678,0.13724820757937864,0.08505564387917329,0.0220901408969858,-0.06027898301660395,0.1845473296276035,0.1799248890406282,0.14678030303030304,0.3389139229075092,0.1675431853291841,0.18740179701350881,0.19255718675315808,0.05934065934065934,-0.12789281139708253,-0.18095706228887787,0.0009809687508699483,0.004779788323659967,-0.006196241490359133
1797,0.1486715343472302,0.1505633321952885,0.1024682124158564,-0.12359087587268514,-0.13452417502793912,0.14586355682332458,0.14612495732331854,0.09779179810725552,0.05300639062086976,-0.056946098959804514,0.18769174204094602,0.1816319562990782,0.15355450236966825,0.2848102249933917,0.1825340489026981,0.19629613951293318,0.200068282690338,0.06186317321688501,-0.1566246326559172,-0.1761240129195475,-0.0028079775239056304,-0.004438374871969963,-0.004676414308600871
1798,0.1516790492265884,0.15124615909866848,0.10782080485952923,-0.19268087554248103,-0.1576843670304866,0.15116619485482966,0.15158757255035848,0.10513643659711075,-0.03810291847493663,-0.07704851480757491,0.1893592684312626,0.18811881188118812,0.16911045943304007,0.2918038039204264,0.17621620414607753,0.1968285577653059,0.198702628883578,0.06007604562737642,-0.1514231934290624,-0.15541293457350325,-0.0005128543717587419,0.0003414134516900036,-0.0026843682624184823
1799,0.14604131514602395,0.14544213041993856,0.11019490254872563,-0.1800139987375815,-0.14320240501564074,0.14491460943980622,0.1403209286445886,0.10173501577287067,-0.006818506548117553,-0.06880993032361638,0.18670952036135025,0.18607033117104813,0.17324350336862368,0.32906076428766495,0.1893094136835589,0.19262324424681346,0.199726869238648,0.07232472324723248,-0.1570643887670078,-0.16687273787219403,-0.0011267057062177288,-0.0051212017753499706,-0.008459886775854963
1800,0.1371817780717534,0.13417548651416866,0.10441176470588236,-0.16698618909869567,-0.15203424548996936,0.13762600449284929,0.13383407306247866,0.09564541213063764,-0.0009182160067288114,-0.06897434254869106,0.184982597027583,0.1802663024923182,0.16341689879294335,0.23660202689009924,0.1656137617043788,0.1857241446940876,0.1898258791396381,0.0658465991316932,-0.13885147676752096,-0.1767277301481872,0.0004442264210958724,-0.0003414134516900036,-0.008766352575244718
1801,0.13660261793317321,0.13827244793444862,0.09858103061986558,-0.168207292535702,-0.1423320554655284,0.13797500305595808,0.13554114032092865,0.09296875,-0.032752613240418116,-0.07592083940914807,0.18389182315118846,0.18094912939569818,0.15384615384615385,0.27683957402954307,0.17959350033319643,0.18353345672110463,0.18538750426766815,0.05620437956204379,-0.16226137311674926,-0.17722608424091457,0.0013723851227848693,-0.002731307613519973,-0.005612280619865573
1802,0.1441244497723617,0.14202799590303858,0.09449404761904762,-0.17693957852955688,-0.14796012462284858,0.14292444534988807,0.1406623420962786,0.08142292490118577,-0.004015096763832049,-0.05903663193718689,0.1909546149103141,0.18572891771935815,0.14923954372623574,0.2683862752520907,0.18071911416466047,0.19498638310104544,0.198361215431888,0.05196733481811433,-0.16676417615950256,-0.1513369661172409,-0.0012000044224736162,-0.0013656538067599866,-0.013071122717861844
1803,0.15555181745038676,0.15363605326049845,0.10287443267776097,-0.15588298099508857,-0.13246026407665568,0.15306312073832035,0.1505633321952885,0.10102604577742699,-0.0453692687837467,-0.07042947566567381,0.19563899469813673,0.19494708091498805,0.16079923882017128,0.23755757908544584,0.1731823479120007,0.202642022262613,0.20587231136906795,0.06305637982195846,-0.15868567157804825,-0.1617839095073016,-0.0024886967120664183,-0.003072721065209949,-0.0018483869003339815
1804,0.1417886215162537,0.1413451689996586,0.10242792109256449,-0.1634542391082967,-0.13538507288831192,0.14219248853664837,0.1399795151928986,0.09824281150159744,-0.0494102834712733,-0.060827252109405316,0.18215187615418918,0.17719358142710823,0.15583173996175909,0.24002110759317896,0.17188352183687916,0.18790931615017686,0.1905087060430181,0.0664179104477612,-0.14371493639948907,-0.16023767981461412,0.0004038670203946604,-0.0013656538067599866,-0.0041851095909670455
1805,0.13837393986519833,0.13724820757937864,0.10318664643399089,-0.16093448080519623,-0.1465955535982899,0.13925959591204273,0.13622396722430863,0.09347300564061241,0.028532239665380987,-0.05939256590927078,0.18231628112319168,0.18094912939569818,0.15680473372781065,0.3337730768335363,0.19768637182329185,0.186236953228708,0.18641174462273813,0.05948795180722891,-0.12874913668004007,-0.1579206169345262,0.0008856560468444019,-0.0010242403550700108,-0.009713640793378484
1806,0.1453410950039268,0.14236940935472858,0.10310841546626232,-0.18974168900039912,-0.1694211343812838,0.14548490558269864,0.14441789006486855,0.09387755102040816,0.03308005930318758,-0.06242289339869589,0.1908757068245552,0.18709457152611814,0.15737051792828685,0.35473570165934876,0.18913680082632478,0.19807690165206152,0.20416524411061795,0.06741573033707865,-0.19577892455950285,-0.1876336009315115,0.00014381057877183023,0.002048480710139966,-0.00923086444585415
1807,0.14213369162177106,0.1406623420962786,0.10321615557217652,-0.20724013856120438,-0.16811317393713887,0.14154619254280812,0.1410037555479686,0.09849086576648133,-0.05050066676661591,-0.07977767991449614,0.18255195631007157,0.1782178217821782,0.15555555555555556,0.3099399515509228,0.17390373881719579,0.18994735788668088,0.19392284055991807,0.06617100371747212,-0.15464645587898784,-0.17717322460612783,-0.0005874990789629386,0.0003414134516900036,-0.004725289805695185
1808,0.1492547559683958,0.14783202458176853,0.10757575757575757,-0.1749823142816299,-0.15637717041641264,0.14792808080886238,0.1481734380334585,0.10372771474878444,0.029777984671155666,-0.05881314220285805,0.18905576865854215,0.18333902355752818,0.17148362235067438,0.26262833600299107,0.16354208488849897,0.1942201562877655,0.19460566746329805,0.05731523378582202,-0.1745937782925675,-0.16318396308247463,-0.0013266751595334136,0.00034141345168997583,-0.0038480428269731387
1809,0.14797422759808984,0.1481734380334585,0.10267857142857142,-0.1953061224489796,-0.17038954300045717,0.14995757523073952,0.15124615909866848,0.09569377990430622,0.003616473616473659,-0.06859317280488253,0.1936590949722857,0.18777739842949812,0.1554054054054054,0.2802132744989888,0.17798025722439803,0.19562142430634222,0.198361215431888,0.058823529411764705,-0.1503897775326346,-0.16925847222050627,0.001983347632649679,0.003072721065209977,-0.006984791524265205
1810,0.15100971867385368,0.14783202458176853,0.10759493670886076,-0.17045454545454541,-0.13129569249294337,0.1478921570168855,0.14441789006486855,0.10141313383208644,0.003507905138339984,-0.061430414487110285,0.186142868596676,0.18231478320245817,0.16414904330312186,0.2755764163372859,0.17908939504116717,0.19530798716074138,0.19801980198019803,0.062302839116719244,-0.1021903820816864,-0.13587702219824382,-0.003117561656968193,-0.0034141345168999804,-0.00618180287677432
1811,0.1465584157259089,0.1481734380334585,0.09309309309309309,-0.161149683240994,-0.1326009527461507,0.1448631461779141,0.14202799590303858,0.0837245696400626,-0.039735138041470885,-0.0718412630523273,0.1887834829960134,0.18333902355752818,0.15427509293680297,0.3017217196156814,0.15544498358012315,0.19457579599351715,0.19733697507681802,0.05239852398523985,-0.16915632232274347,-0.1584800798379643,-0.0016952695479948154,-0.006145442130419926,-0.009368523453030492
1812,0.15066925639823392,0.1485148514851485,0.1140215716486903,-0.11512675466163846,-0.13235530615122193,0.15092351040159424,0.1481734380334585,0.11146752205292702,0.00860495046541565,-0.07448489346176068,0.19523436362567917,0.19016729259132809,0.17349857006673022,0.24225554458112597,0.15018847345026487,0.1989791212154195,0.20587231136906795,0.08215085884988797,-0.15928885696327555,-0.17887857909765137,0.00025425400336032133,-0.0003414134516900036,-0.0025540495957632747
1813,0.15775611901670766,0.15670877432570843,0.1042296072507553,-0.18291398302534156,-0.14776812740144063,0.15459412671568237,0.14680778422669855,0.09731012658227849,-0.026959308974899177,-0.07990388060439091,0.19609655438544746,0.19324001365653806,0.15561959654178675,0.305257930536327,0.1723249033246439,0.20223271785191768,0.20860361898258792,0.06105733432613552,-0.19690904713176427,-0.16925847222050627,-0.0031619923010252904,-0.009900990099009882,-0.006919480668476807
1814,0.14554925564962204,0.14578354387162853,0.0963855421686747,-0.11027064651726826,-0.1281002349910526,0.14331702347145406,0.13861386138613863,0.0945945945945946,0.03928371389884333,-0.04933767427683722,0.17517321491740712,0.17207237965175828,0.16198501872659177,0.29079410309255926,0.1644464190903191,0.18403356376513053,0.18572891771935815,0.055841293166789124,-0.16001334109146803,-0.16523115647061137,-0.002232232178167981,-0.007169682485489909,-0.001790947574080104
1815,0.15150978218819613,0.1481734380334585,0.10229007633587786,-0.1909525562249298,-0.15444896783151474,0.1524284497571882,0.15329463980880847,0.09773828756058159,-0.04252550215585238,-0.07258587328830912,0.2012278615261264,0.200068282690338,0.17455621301775148,0.25236430148881517,0.18209930973499677,0.20396033923593518,0.2079207920792079,0.06426931905126243,-0.17132453465138286,-0.15103800555888114,0.0009186675689920598,0.0051212017753499706,-0.004551788775296273
1816,0.14828082073618598,0.14714919767838852,0.11017597551644988,-0.17711295339554378,-0.155761784468613,0.1472050559970653,0.14475930351655855,0.10479285134037368,0.020478726954757276,-0.06925256835503124,0.1837020282566891,0.1785592352338682,0.16764132553606237,0.2774907552031185,0.16409465931976164,0.19095783357124657,0.19324001365653806,0.06722054380664652,-0.18462893988545803,-0.17511253017822992,-0.0010757647391206882,-0.0023898941618299696,-0.005383124176076198
1817,0.14719253338728522,0.1485148514851485,0.11128048780487805,-0.19178301425269295,-0.16619676408276263,0.1473087740282884,0.14680778422669855,0.10801963993453355,-0.003328113832404944,-0.06363352328600702,0.18618967914314916,0.18333902355752818,0.17617617617617617,0.30525350952331587,0.19049539557706519,0.18794831960144398,0.18607033117104813,0.05709876543209876,-0.1494213992263499,-0.14796329905222827,0.00011624064100318465,-0.0017070672584499624,-0.003260847870344502
1818,0.14382139230583468,0.14305223625810856,0.11741835147744946,-0.1826559840591142,-0.16223119934121855,0.14171832379076266,0.1413451689996586,0.10699588477366255,-0.012742519218504111,-0.0807912519134325,0.18289352667872324,0.1795834755889382,0.16367265469061876,0.2979424784605572,0.16352859036992562,0.1918962041141796,0.19289860020484806,0.06703039750584568,-0.15140067703478388,-0.15879007480201635,-0.0021030685150720263,-0.0017070672584499624,-0.010422466703786909
1819,0.153877772054356,0.1488562649368385,0.11168258633357825,-0.190525102715703,-0.16243799634019873,0.15402936619671492,0.15568453397063844,0.11084905660377359,0.013378093997394536,-0.06235450079088933,0.1952140932341037,0.19255718675315808,0.17448405253283303,0.2798689748471791,0.1692994327277373,0.19976722917797424,0.20245817685216796,0.06134515890613452,-0.13756179643918898,-0.1534417270773395,0.0001515941423589351,0.006828269033799933,-0.0008335297298046607
1820,0.13815146116071347,0.13417548651416866,0.08984375,-0.166310610857631,-0.12784766028392613,0.1407463024941232,0.13827244793444862,0.08649093904448106,-0.019749754903411243,-0.05266942878827463,0.18098629779718078,0.17685216797541822,0.15692007797270954,0.21469672132764428,0.16147462456297512,0.18774284055836854,0.1905087060430181,0.05712109672505712,-0.187815987201717,-0.165436776031752,0.002594841333409731,0.00409696142027996,-0.0033528109555189395
1821,0.14980419724601085,0.14783202458176853,0.12084592145015106,-0.18140463652143224,-0.13007632544972392,0.14830376373946164,0.1495390918402185,0.11426256077795786,0.04047027154246707,-0.02867211808891934,0.1879949875347488,0.18572891771935815,0.17692307692307693,0.287800447177194,0.18991028444437064,0.18816211567257704,0.1888016387845681,0.061746987951807226,-0.13571791062340033,-0.134583179110204,-0.0015004335065492147,0.0017070672584499624,-0.0065833606721932
1822,0.14172126411553748,0.1389552748378286,0.10060514372163389,-0.1390943232702585,-0.1595884415344977,0.14349611978855684,0.14202799590303858,0.09377526273241714,0.056234652607251134,-0.0631377537187291,0.18838601371087213,0.18572891771935815,0.14697120158887786,0.3549653329481439,0.1978464603709975,0.18931964768411555,0.19358142710822807,0.05143721633888049,-0.11378737541528239,-0.1595884415344977,0.0017748556730193543,0.003072721065209977,-0.006829880989216747
1823,0.1520541090681856,0.1495390918402185,0.10045317220543806,-0.16326432815794523,-0.1515144770553264,0.15175522251837084,0.1495390918402185,0.09667194928684628,-0.015490224266820007,-0.08132895114302963,0.18755747322449187,0.18641174462273813,0.15200764818355642,0.29282873298830736,0.16318836493852074,0.19693257793017263,0.198361215431888,0.05547226386806597,-0.14603699444124973,-0.16283472317021297,-0.0002988865498147475,0.0,-0.0037812229185917867
1824,0.13503103735379474,0.13349265961078866,0.09750566893424037,-0.15634558421069578,-0.15319664258571009,0.1340352965367915,0.1304199385455787,0.0893987341772152,-0.02510745677581372,-0.08636448700757382,0.1745090031582039,0.1707067258449983,0.15048543689320387,0.301510834218745,0.17869863850571255,0.17934310635915787,0.1819733697507682,0.06074074074074074,-0.17543022956308962,-0.1837808493757046,-0.0009957408170032378,-0.003072721065209949,-0.008106934757025175
1825,0.1480145893919677,0.14271082280641859,0.10015290519877676,-0.1403071486036087,-0.13340208327150782,0.14866030280413361,0.14680778422669855,0.10016025641025642,-0.029802608895529326,-0.06548060658218835,0.19027624885258393,0.18572891771935815,0.16332378223495703,0.24017354327088836,0.1620563403270321,0.1984288697857791,0.20245817685216796,0.06287425149700598,-0.1455507987587633,-0.16509877239319026,0.0006457134121659047,0.00409696142027996,7.351211479655895e-06
1826,0.1375490463284173,0.13622396722430863,0.10604870384917518,-0.09448241044741179,-0.11799776147245367,0.13725800749953723,0.13110276544895869,0.09594706368899918,0.03367290988237959,-0.04513120258674286,0.18275282436600462,0.18094912939569818,0.1694915254237288,0.2941243338303834,0.1894080338266385,0.18313696786101347,0.18504609081597814,0.06245181187355436,-0.14995753900059505,-0.1453227210545952,-0.00029103882888006916,-0.005121201775349943,-0.010101640160176006
1827,0.1418795058384551,0.1406623420962786,0.10247093023255814,-0.17358214014162565,-0.16257505822090856,0.1382427976060112,0.13554114032092865,0.09520123839009288,-0.0009692106155128055,-0.06842751056913399,0.1790102345948179,0.17616934107203824,0.1519925857275255,0.30148129826586423,0.17030377097643712,0.18556717815108384,0.19221577330146808,0.06182602444284687,-0.17757074413022966,-0.17938712030158266,-0.0036367082324439137,-0.005121201775349943,-0.007269691842465259
1828,0.14952350595300667,0.1481734380334585,0.10832719233603537,-0.17543361203560892,-0.16912705528710392,0.14414139083800412,0.1392966882895186,0.09929632525410477,0.0018998913795569283,-0.08120867610562055,0.18329038189813676,0.1795834755889382,0.15691736304549675,0.22934568745917072,0.14647738280027223,0.1953159433101912,0.19767838852850803,0.06406480117820323,-0.11376348574984829,-0.17025421399455876,-0.005382115115002556,-0.008876749743939899,-0.0090308670819306
1829,0.15259506574591372,0.1495390918402185,0.10590943975441289,-0.1712028978216028,-0.14649005586203645,0.1517853100875235,0.1505633321952885,0.10137875101378752,0.0221864466468783,-0.06690093616725323,0.18993222898270157,0.18709457152611814,0.1727447216890595,0.2772551189817376,0.15026366185708362,0.19971544344923753,0.20245817685216796,0.07180650037792895,-0.14984655632137656,-0.16922980434626012,-0.0008097556583902266,0.0010242403550700108,-0.0045306887406253715
1830,0.14478181619045452,0.14339364970979857,0.10903659447348768,-0.19004454342984411,-0.17037818660438597,0.1437372750289981,0.14441789006486855,0.10111464968152867,0.0006681514476614137,-0.0763801609136252,0.18478316895449587,0.18094912939569818,0.1616650532429816,0.307867989471553,0.176168751484443,0.1897423794049855,0.1905087060430181,0.06785980611483967,-0.16157926705810888,-0.1726431992716333,-0.0010445411614564137,0.001024240355069983,-0.007921944791959012
1831,0.14015800845616067,0.1410037555479686,0.09253731343283582,-0.19478916525497159,-0.16304926589631952,0.13707333523977197,0.13417548651416866,0.08747044917257683,-0.04357628635188526,-0.08279343697573671,0.17818594981102406,0.17651075452372825,0.1424446583253128,0.2424855971735448,0.17719023417544721,0.1867766341248351,0.1905087060430181,0.05,-0.16291020204628004,-0.16304926589631952,-0.0030846732163886947,-0.006828269033799933,-0.005066864260258985
1832,0.14039409124053975,0.13519972686923865,0.10264150943396226,-0.17343423742325226,-0.14702845823638966,0.14290198440899438,0.1406623420962786,0.0985691573926868,-0.018322539594311404,-0.07127834832565194,0.1904267165789793,0.1905087060430181,0.16391852570320078,0.299064583249531,0.18536754644654874,0.1928260092086162,0.19699556162512802,0.0695266272189349,-0.1921937680327359,-0.17755462193176152,0.0025078931684546224,0.005462615227039946,-0.004072352041275457
1833,0.14743170501148828,0.14373506316148857,0.10424710424710425,-0.18828481963127464,-0.1515582409071068,0.14566803889011756,0.14168658245134857,0.10358890701468189,-0.0043294884493720875,-0.07283443162660919,0.18326341801051887,0.1812905428473882,0.1594059405940594,0.3100636642489695,0.17360531916451416,0.1951455326571478,0.20109252304540798,0.06909643128321943,-0.1709888327954756,-0.17665858589509165,-0.001763666121370716,-0.0020484807101399938,-0.0006581972324223584
1834,0.1486874720504563,0.14646637077500854,0.11601796407185629,-0.15094164376526387,-0.14359688643116453,0.14828619369596352,0.14714919767838852,0.1090617481956696,0.04448973124771216,-0.04331939248548,0.1899858976068653,0.18572891771935815,0.17251184834123223,0.2826934599421227,0.17300958321756976,0.19372025111542673,0.19562990781836803,0.07333333333333333,-0.14081221213892736,-0.15937087424284513,-0.0004012783544927734,0.0006828269033799794,-0.0069562158761866805
1835,0.1577515689008412,0.15329463980880847,0.11818181818181818,-0.16417069729589495,-0.15355468519015592,0.15702077957113092,0.15636736087401842,0.1085899513776337,0.01494738562904474,-0.05605435934491643,0.19288238711539749,0.19016729259132809,0.16747809152872445,0.29411451133136923,0.17862665751513673,0.20309187067781953,0.20382383065892795,0.07413010590015129,-0.11401024212205968,-0.1558221346284172,-0.0007307893297102686,0.003072721065209949,-0.009591866804184473
1836,0.14239903368132317,0.14339364970979857,0.09945609945609946,-0.15445320709456234,-0.13865069248930406,0.14259399902797176,0.14202799590303858,0.08947804473902236,0.033282738758628416,-0.04746216949374127,0.1833118954203388,0.17890064868555822,0.1472636815920398,0.3000116756710858,0.18278885107005505,0.19364622136399062,0.19426425401160805,0.051737451737451735,-0.13370943146557968,-0.1477695447888604,0.0001949653466485901,-0.0013656538067599866,-0.009978054717077092
1837,0.1457028573955633,0.14202799590303858,0.0989345509893455,-0.17419962335216566,-0.15994242352250654,0.14633698367655523,0.14168658245134857,0.09347300564061241,-0.0113935969868173,-0.0769236024738631,0.19330922974393572,0.1898258791396381,0.15384615384615385,0.2644915254237288,0.16644664005229715,0.20228299254639626,0.20689655172413793,0.07025411061285501,-0.16230696798493416,-0.18723628249740298,0.0006341262809919368,-0.0003414134516900036,-0.005461545348733096
1838,0.1526241624881578,0.15158757255035848,0.10530361260568794,-0.1567080693954338,-0.14893210951227742,0.15330003704106768,0.15500170706725844,0.10098522167487685,0.001354311675137887,-0.05445493928297118,0.19330792922863776,0.18777739842949812,0.15347018572825025,0.22876536415336635,0.16750949679792937,0.20112217879954308,0.20348241720723798,0.057736720554272515,-0.135965338254179,-0.14665555119349905,0.0006758745529098775,0.0034141345168999526,-0.004318390930811086
1839,0.13672526185239783,0.13451689996585867,0.09185185185185185,-0.1583387897637366,-0.15099636345766376,0.13440936116414062,0.1317855923523387,0.08430913348946135,-0.0036762699841763613,-0.07338874146149688,0.1808454591194964,0.17446227381358825,0.15080113100848255,0.28520761717684295,0.17405585041033955,0.18454505300979515,0.1905087060430181,0.05860805860805861,-0.14832623997380912,-0.16786758563074355,-0.002315900688257211,-0.002731307613519973,-0.007542718362390496
1840,0.14006129974470846,0.13656538067599863,0.101238164603059,-0.16690340909090906,-0.1592126458047738,0.140313303484069,0.13724820757937864,0.09567901234567901,-0.0008928571428571397,-0.07291072712398039,0.18485799975257292,0.18231478320245817,0.15819209039548024,0.2819115259740259,0.18935744133453436,0.18430677389501096,0.1888016387845681,0.06444605358435916,-0.14062094155844163,-0.1681790789144666,0.00025200373936054565,0.0006828269033800072,-0.00555915225737999
1841,0.14165249897629606,0.1406623420962786,0.09613928841786526,-0.18208221394712,-0.15374834404288773,0.13897805241344763,0.13622396722430863,0.08872901678657075,-0.028905231639472895,-0.07440478401366868,0.17840007544091444,0.17480368726527826,0.14638783269961977,0.26771223389726195,0.15115762235511143,0.18707983288029395,0.19016729259132809,0.05622188905547226,-0.17060483159936524,-0.16848357661974267,-0.0026744465628484315,-0.004438374871969963,-0.007410271631294513
1842,0.13091227243453024,0.12768863093205873,0.09144542772861357,-0.17974971558589303,-0.15217441991743608,0.13102316779708995,0.1297371116421987,0.08457321848081441,-0.026166097838452806,-0.06342006960499902,0.1725023275375829,0.1703653123933083,0.14804202483285578,0.2901023890784983,0.19497867181095718,0.17696236960825085,0.1802663024923182,0.05664488017429194,-0.16040955631399323,-0.17576734848150166,0.00011089536255970422,0.002048480710139966,-0.00687220924779916
1843,0.1402390090287708,0.1399795151928986,0.0987189148455162,-0.15902356902356907,-0.14555204844907188,0.13752338234062875,0.13212700580402867,0.09026128266033254,-0.014781144781144784,-0.07325355557255642,0.18384361454774004,0.17924206213724822,0.1527514231499051,0.30414141414141416,0.16284621022731482,0.19024658329712513,0.19255718675315808,0.06092124814264487,-0.143922558922559,-0.16701566352178754,-0.002715626688142042,-0.007852509388869944,-0.008457632185183667
1844,0.15214688755459457,0.1502219187435985,0.09448818897637795,-0.15559687946835377,-0.14769709767993122,0.15250610965023262,0.1485148514851485,0.09369817578772803,-0.008327344658719649,-0.07421241665608447,0.19429718635408733,0.1898258791396381,0.1625124626121635,0.2703479111255992,0.15887180596642891,0.20623214374592683,0.20826220553089791,0.06635802469135803,-0.1802918274965365,-0.17755024934586883,0.0003592220956380454,-0.0017070672584499902,-0.0007900131886499212
1845,0.15324644254609154,0.1519289860020485,0.1078355314197052,-0.16601686534268423,-0.14282048527257063,0.15175658386412488,0.15261181290542847,0.10678807947019868,-0.005318343665272729,-0.05044897755812894,0.19141786312087078,0.1905087060430181,0.17046580773042616,0.28835843080353196,0.17648843028352468,0.20517532127433893,0.20757937862751794,0.06978527607361963,-0.13602769864161046,-0.15992632003450447,-0.0014898586819666604,0.0006828269033799794,-0.0010474519495065199
1846,0.1589864624114392,0.15807442813246841,0.12481426448736999,-0.18408115431689476,-0.15486402058236504,0.1565533023923107,0.15636736087401842,0.12137823022709475,-0.009481252008149643,-0.07712079493908142,0.19541107170463873,0.1911915329463981,0.16977611940298507,0.2731027745430705,0.1538554551605289,0.2022579434540073,0.20655513827244792,0.07879234167893961,-0.16461347879301147,-0.16838458156380565,-0.002433160019128522,-0.0017070672584499902,-0.0034360342602752364
1847,0.14436793351798502,0.14236940935472858,0.1210967250571211,-0.15955159937629626,-0.13812752329786437,0.1423896078469463,0.1403209286445886,0.1152,0.01001786336043109,-0.06682507123105874,0.1874833389344832,0.18402185046090816,0.17909002904162633,0.30582867826271254,0.17877226366571608,0.19086216900883524,0.19392284055991807,0.07218045112781955,-0.1698608777268117,-0.15736786750636755,-0.0019783256710387276,-0.0020484807101399938,-0.005896725057121105
1848,0.14191282938518948,0.1403209286445886,0.10671641791044777,-0.16281817308615887,-0.14810374009164462,0.14173857084265468,0.13827244793444862,0.09897879025923016,-0.038699452502161225,-0.07261394127860121,0.18281961435696498,0.18299761010583818,0.15723873441994246,0.3169628277783113,0.18653014419901048,0.18657836988884588,0.19221577330146808,0.0652971386647102,-0.15793871866295262,-0.1740181486394059,-0.00017425854253480533,-0.002048480710139966,-0.0077376276512176045
1849,0.14986044402537074,0.14919767838852852,0.10743801652892562,-0.1818094302932286,-0.15756115045669727,0.14796829011387577,0.14544213041993856,0.10071942446043165,0.008278942605749018,-0.06703746276589173,0.1938506666304543,0.1898258791396381,0.1653771760154739,0.3429022507171875,0.1785080400954182,0.1956142679419659,0.19767838852850803,0.05686125852918878,-0.10758774716494346,-0.14398259730307628,-0.0018921539114949704,-0.003755547968589956,-0.00671859206849397
1850,0.14560920436256639,0.14441789006486855,0.10337243401759531,-0.12859954479983282,-0.1500487340175688,0.14243371506620284,0.13622396722430863,0.09140201394268009,0.03247424380696873,-0.0682153798681977,0.1862268311572277,0.18231478320245817,0.1509433962264151,0.3242055071157095,0.19073674079625025,0.190034722879348,0.19665414817343804,0.06430635838150289,-0.12803329338420433,-0.1724688310447937,-0.0031754892963635484,-0.00819392284055992,-0.011970420074915222
1851,0.14421944285105584,0.1413451689996586,0.10650887573964497,-0.18054419461767934,-0.16629523957355485,0.146489937737402,0.14749061113007852,0.09721115537848606,0.008645699602931267,-0.05689548546691403,0.1921345182558464,0.1888016387845681,0.1598477640342531,0.28947628301995776,0.1731823479120007,0.1939442125265021,0.19938545578695802,0.058997050147492625,-0.1644080397553117,-0.17080656963980811,0.002270494886346147,0.006145442130419926,-0.009297720361158918
1852,0.14139157787532697,0.1410037555479686,0.09930715935334873,-0.1562116913593219,-0.15517288639036741,0.13804821595170777,0.13519972686923865,0.08477366255144032,0.057300970193688516,-0.05935774375535763,0.17123972172347407,0.16695117787640834,0.14060963618485742,0.27406512322977594,0.16649223531287993,0.18361758055177022,0.18299761010583818,0.052307692307692305,-0.09191738759879975,-0.15631354285030796,-0.003343361923619198,-0.00580402867872995,-0.014533496801908408
1853,0.14152869229992218,0.1403209286445886,0.10966257668711657,-0.2062656677816227,-0.15423858422887238,0.1399166395128855,0.13758962103106862,0.10137875101378752,-0.021698297223687213,-0.07338366824114861,0.17978601269550093,0.17412086036189825,0.14425907752698724,0.2653788081288243,0.1703198813556528,0.18781448868342973,0.1898258791396381,0.06150341685649203,-0.12933731153509942,-0.1690430054660612,-0.0016120527870366885,-0.002731307613519973,-0.008283825673329054
1854,0.1426814795518305,0.1403209286445886,0.1017733230531997,-0.12953742306928728,-0.14249309871823346,0.14394887001983742,0.14407647661317857,0.1094650205761317,0.05017867778439544,-0.04919677935006006,0.1905652220986416,0.18811881188118812,0.17559523809523808,0.2987016081000595,0.18631953905496323,0.19475627569852952,0.19733697507681802,0.06941266209000763,-0.11681159420289855,-0.15842173861036069,0.0012673904680069181,0.003755547968589984,0.007691697522932001
1855,0.14256429465163636,0.1389552748378286,0.09164818920916482,-0.1299670892247684,-0.14880400155114104,0.1429525350374164,0.14475930351655855,0.09055118110236221,0.04797456525272226,-0.055555760083643824,0.18091250021552335,0.17616934107203824,0.14365152919369786,0.2604014301966521,0.15902754257047624,0.18878556709370292,0.19187435984977808,0.05809731299927379,-0.14103892410206398,-0.17576734848150166,0.00038824038578003095,0.00580402867872995,-0.001097008106802605
1856,0.15544170592864356,0.1519289860020485,0.11636927851047324,-0.16935483870967738,-0.15325441052681532,0.1579708385965035,0.1590986684875384,0.11367380560131796,-0.011781206171108005,-0.06750110528563824,0.20180877658781377,0.19801980198019803,0.1708043694141013,0.2757187938288921,0.16917801718001046,0.2083863549420981,0.21235916695117787,0.06396255850234009,-0.13010168302945302,-0.14525076870430542,0.0025291326678599235,0.007169682485489909,-0.002695472909155283
1857,0.1490413761317399,0.14714919767838852,0.10430839002267574,-0.19778156074362296,-0.15413569658852677,0.14898335034246296,0.1481734380334585,0.10475423045930701,-0.0021867858686924757,-0.0612304124310985,0.18988588993590633,0.18538750426766815,0.15406427221172023,0.28938144648261377,0.14610699001779615,0.19524488757738345,0.19631273472174804,0.06015037593984962,-0.15291674387005127,-0.16206663548001454,-5.802578927693869e-05,0.001024240355069983,0.0004458404366312757
1858,0.1449179042185222,0.14168658245134857,0.09849086576648133,-0.14692661648535787,-0.13031102036726205,0.14423147119829385,0.14271082280641859,0.0922165820642978,-0.0016889645450435253,-0.04201092266452888,0.18303843979102027,0.17924206213724822,0.1540041067761807,0.3045189775779982,0.1965140165844126,0.19189716071950072,0.19392284055991807,0.06141732283464567,-0.13353459052583982,-0.1429253200390811,-0.0006864330202283331,0.0010242403550700108,-0.006274283702183539
1859,0.15657187870214812,0.15397746671218845,0.1179985063480209,-0.16935727979013215,-0.1694362637107808,0.15568704707743686,0.15329463980880847,0.11040508339952343,-0.013048272482234724,-0.07885505801235226,0.19964331386900783,0.19597132127005804,0.1751684311838306,0.2615275956008476,0.17024325765832615,0.20283351335509392,0.20689655172413793,0.06400602409638555,-0.11263819421422083,-0.15698134792724683,-0.0008848316247112575,-0.0006828269033799794,-0.0075934229484974775
1860,0.13974428722591473,0.13349265961078866,0.08861726508785332,-0.14717800845828533,-0.1448371598685566,0.13984012949197816,0.13622396722430863,0.07868852459016394,0.05888119953863902,-0.04384761615557542,0.18675914123296403,0.18572891771935815,0.1482213438735178,0.28660707420222997,0.19217289049948172,0.19143929801991755,0.19665414817343804,0.05812220566318927,-0.13654363706266814,-0.18228272102056087,9.584226606343393e-05,0.002731307613519973,-0.009928740497689381
1861,0.1430653361991548,0.14202799590303858,0.09931245225362872,-0.1764312168131721,-0.164677627449613,0.14526826596164616,0.14578354387162853,0.08912510220768602,0.008035488524980261,-0.06662710589501164,0.18396376144006402,0.17753499487879823,0.15354330708661418,0.27318801778888335,0.1693782192422265,0.18910635592900074,0.19153294639808807,0.06039755351681957,-0.11094626150848541,-0.16353750510595477,0.002202929762491368,0.003755547968589956,-0.010187350045942706
1862,0.14837377930714768,0.14475930351655855,0.09867909867909867,-0.15405327933276003,-0.14716807158863487,0.14980264743296956,0.14714919767838852,0.09195402298850575,0.00656143952213184,-0.0683508262338609,0.1933807795229515,0.18846022533287812,0.1607843137254902,0.26474520791145384,0.15782039956679494,0.20063257632885462,0.20279959030385797,0.05632716049382716,-0.11832228355848984,-0.15744858185230104,0.0014288681258218805,0.0023898941618299696,-0.006725075690592927
1863,0.14629770991925029,0.14305223625810856,0.1096319498825372,-0.1520304643378504,-0.14143144531494056,0.14566502228294884,0.14441789006486855,0.10310142497904443,0.06304466431720657,-0.04534118029263656,0.18816636100749684,0.18504609081597814,0.16581892166836215,0.30326835454237144,0.19488448226312305,0.18996151021642751,0.1905087060430181,0.061967467079783116,-0.143957267351844,-0.15744648948532447,-0.0006326876363014489,0.0013656538067599866,-0.0065305249034927765
1864,0.13564964325501858,0.13315124615909868,0.09613928841786526,-0.14653187928414624,-0.1397063565159573,0.1333860724545423,0.1304199385455787,0.09603174603174604,0.02287183276985305,-0.07078267389282022,0.16905047030585893,0.16763400477978832,0.15384615384615385,0.2529239390532345,0.1631058884512674,0.17699514328068244,0.17753499487879823,0.054094665664913597,-0.12876397256565653,-0.15100532088040586,-0.002263570800476289,-0.002731307613519973,-0.00010754238611922207
1865,0.14914794556967798,0.14510071696824856,0.10772833723653395,-0.1697234399174833,-0.14315832517835603,0.1500851428386283,0.14714919767838852,0.10513245033112582,-0.005058583677153172,-0.05971191469503512,0.18698496522852187,0.18402185046090816,0.15873015873015872,0.28580091219700876,0.16890838799899488,0.19846285752675386,0.20143393649709798,0.0732824427480916,-0.1703157233109851,-0.17630826906899033,0.000937197268950335,0.002048480710139966,-0.002595886905408129
1866,0.14490688605509258,0.14168658245134857,0.10916030534351145,-0.17055238146657692,-0.13847091339052753,0.14624462142458045,0.14544213041993856,0.10121457489878542,0.011719812035656973,-0.05351478341832039,0.18880690094080124,0.18675315807442813,0.16475095785440613,0.23465655243160066,0.16284016091090048,0.1909980441349072,0.19153294639808807,0.06561085972850679,-0.15550829237440922,-0.1565948877845984,0.0013377353694878635,0.003755547968589984,-0.007945730444726032
1867,0.1416085086859318,0.1406623420962786,0.10129310344827586,-0.15903747637271992,-0.14369255382317792,0.14268811435296405,0.1392966882895186,0.09969788519637462,0.008071679991450753,-0.06798209942849887,0.192007468685578,0.18777739842949812,0.17166212534059946,0.32223268612953426,0.18030365542464,0.18563841408440063,0.1891430522362581,0.056107954545454544,-0.14126274871260547,-0.16150677838663174,0.0010796056670322463,-0.0013656538067599866,-0.0015952182519012315
1868,0.14152806293429612,0.1406623420962786,0.10370931112793338,-0.18053931239245058,-0.16128308102168232,0.14002738369938644,0.13554114032092865,0.10023866348448687,-0.03337428579304047,-0.08861335668342674,0.181821221337839,0.17651075452372825,0.16,0.29051438652034045,0.17481439404274957,0.18885621401203936,0.1905087060430181,0.05718585402558315,-0.18030501707008784,-0.17036679656396425,-0.0015006792349096798,-0.005121201775349943,-0.0034706476434465117
1869,0.14146309003731933,0.1403209286445886,0.09977494373593399,-0.1494992526158445,-0.14952764792621664,0.14341765133733858,0.1399795151928986,0.09061748195669607,0.04885650224215243,-0.0524361207906745,0.19095988898521044,0.19016729259132809,0.14879227053140096,0.29798206278026906,0.1869057833108947,0.19262262792991064,0.19699556162512802,0.05547337278106509,-0.1439237668161435,-0.17097810159569693,0.001954561300019253,-0.00034141345168997583,-0.009157461779237916
1870,0.14962694292423712,0.14919767838852852,0.1048265460030166,-0.15708091784930145,-0.13790132412896583,0.1492783929241525,0.1505633321952885,0.09951845906902086,0.0006752966110499248,-0.04765662903904,0.1897663513537628,0.18675315807442813,0.1671388101983003,0.2771174877580844,0.16329034573366175,0.1947892443457904,0.19631273472174804,0.05651846269781462,-0.1320932117106821,-0.13902938281758992,-0.0003485500000846298,0.0013656538067599866,-0.0053080869339957315
1871,0.15194417953724065,0.1505633321952885,0.10716981132075472,-0.16680659203980097,-0.15077187387988678,0.14880315271082747,0.14612495732331854,0.0984,-0.019605099502487566,-0.06590591666975665,0.1875194901081776,0.18265619665414817,0.15704824976348156,0.2666528468767275,0.15248247988431163,0.19562826579863024,0.199044042335268,0.06301575393848462,-0.15024530127142077,-0.15982424264896733,-0.003141026826413179,-0.004438374871969963,-0.008769811320754717
1872,0.1487378489714008,0.14783202458176853,0.09612403100775194,-0.1817191559804241,-0.14869676373386542,0.1465630795503859,0.14783202458176853,0.09313725490196079,-0.025574753593369026,-0.07334227099831636,0.181871766952058,0.17651075452372825,0.13948919449901767,0.2472597083919783,0.16185508511567004,0.1990172924565505,0.20621372482075795,0.06141015921152388,-0.17543137021412825,-0.18180707114797034,-0.0021747694210149104,0.0,-0.00298677610579115
1873,0.15897229120551812,0.1597814953909184,0.11782945736434108,-0.14029566685333528,-0.15725578283878472,0.1583683060650243,0.1611471491976784,0.11348684210526316,-0.0010347934065398912,-0.07258423083424548,0.19797761241146436,0.19494708091498805,0.1652003910068426,0.20786564729371082,0.14824833047489105,0.20980530602659272,0.21270058040286788,0.06697819314641744,-0.13960174656894975,-0.15039052186544377,-0.0006039851404938124,0.0013656538067599866,-0.00434261525907792
1874,0.1330997367104472,0.1300785250938887,0.0888086642599278,-0.17081403461892453,-0.15603946318594897,0.13364715883662134,0.13315124615909868,0.08712413261372398,0.015401858614649266,-0.05771529084038518,0.1737261026970527,0.16831683168316833,0.14429223744292238,0.2878013568480746,0.16798337749829517,0.17461556069628287,0.17787640833048823,0.04864091559370529,-0.15389425789020517,-0.17056462500972536,0.0005474221261741463,0.003072721065209977,-0.0016845316462038157
1875,0.15243363383774736,0.15090474564697848,0.09657320872274143,-0.17559908786622047,-0.14279352480495922,0.15091996789741388,0.1495390918402185,0.08811305070656691,0.0034176441116126055,-0.050291005810760625,0.19291525631882495,0.19187435984977808,0.1585244267198405,0.26326908899019474,0.17811027565639648,0.19762939038536742,0.200751109593718,0.052795031055900624,-0.1687695147669278,-0.14736155043430232,-0.0015136659403334751,-0.0013656538067599866,-0.008460158016174515
1876,0.14809348809940096,0.14578354387162853,0.11016291698991466,-0.17000549514221952,-0.13809923730606044,0.1473702024564634,0.14373506316148857,0.10483210483210484,0.012681816312722138,-0.06064287758326803,0.18381138538452912,0.18436326391259816,0.1746031746031746,0.28396988512536026,0.18197777860724362,0.19027823214123163,0.19187435984977808,0.06365030674846625,-0.17779962543316308,-0.1551851990096177,-0.0007232856429375545,-0.002048480710139966,-0.005330812157809825
1877,0.14067291198153756,0.1403209286445886,0.0947136563876652,-0.19554674600579092,-0.16263217360335025,0.13785167282426533,0.13485831341754864,0.08648648648648649,-0.04810000877409881,-0.08730273742124839,0.17906679923455313,0.17480368726527826,0.14109848484848486,0.2828669766848264,0.18140972895968166,0.1876010198869073,0.1898258791396381,0.056,-0.17493559013791282,-0.17724833286256392,-0.002821239157272226,-0.005462615227039946,-0.008227169901178708
1878,0.14781680722542526,0.14680778422669855,0.11284335560504825,-0.14641419071441641,-0.14947864432776825,0.14606741864343772,0.14271082280641859,0.10534591194968554,0.0017997681654566833,-0.06509018641968034,0.1887098928697755,0.18675315807442813,0.16806722689075632,0.2531495942895491,0.16107088077399556,0.19019702376434064,0.19255718675315808,0.06398809523809523,-0.13174913062046245,-0.14610310601144472,-0.0017493885819875321,-0.00409696142027996,-0.007497443655362715
1879,0.14416902665049594,0.14236940935472858,0.11328125,-0.13886554621848746,-0.1259675413505783,0.14555863634035862,0.14749061113007852,0.11374795417348608,0.011656772800863413,-0.059932222360402965,0.19044096104277186,0.18709457152611814,0.17497556207233628,0.2760350011564259,0.16663723417485388,0.19492025147445183,0.19597132127005804,0.07555898226676946,-0.12067496723460025,-0.1453227210545952,0.0013896096898626809,0.005121201775349943,0.00046670417348608495
1880,0.14962388941126134,0.14578354387162853,0.10836363636363637,-0.15968584879024128,-0.1366209918789545,0.14855630409046278,0.14578354387162853,0.10368663594470046,0.012922532032629053,-0.05517716650580562,0.1839396885587563,0.18231478320245817,0.16788990825688074,0.302611588407367,0.18134462772854465,0.189735907072639,0.19392284055991807,0.07423269093504639,-0.14233608186831237,-0.1656283817378842,-0.0010675853207985642,0.0,-0.004677000418935914
1881,0.15517804887202163,0.15466029361556846,0.11805555555555555,-0.15754815918750342,-0.13759076857269414,0.1564983951071694,0.15705018777739843,0.11302211302211303,0.027510073411712743,-0.0523359026197906,0.19505125315517333,0.19289860020484806,0.18199608610567514,0.29221173483468565,0.17387367504191353,0.20288194222593361,0.20382383065892795,0.07745398773006135,-0.10894739747198756,-0.14668462094100387,0.0013203462351477624,0.0023898941618299696,-0.005033442533442525
1882,0.15139978246948163,0.1495390918402185,0.11553175210405509,-0.1992859123682751,-0.14162911963994507,0.15083463674449335,0.15500170706725844,0.1133768352365416,-0.0011895379046619192,-0.04973741864810877,0.18650363962568486,0.18436326391259816,0.168462291870715,0.2839255480631695,0.18282799744234113,0.1951350652825991,0.200068282690338,0.07518796992481203,-0.17237717838689903,-0.1677218248598492,-0.0005651457249882808,0.005462615227039946,-0.0021549168675134844
1883,0.14774228649005858,0.14680778422669855,0.10416666666666667,-0.1750773498346313,-0.16221181836323795,0.14581280752896597,0.14236940935472858,0.09334415584415584,-0.03700344962480884,-0.08901795337126561,0.18906602679753132,0.18846022533287812,0.1460446247464503,0.29809025925530785,0.19232096519162767,0.19606428130109516,0.19767838852850803,0.052307692307692305,-0.17184110387993878,-0.16678643492523615,-0.0019294789610926066,-0.004438374871969963,-0.01082251082251083
1884,0.1452732266052523,0.14339364970979857,0.09334353481254781,-0.17446606686021437,-0.14915214260886833,0.14525846867014064,0.14510071696824856,0.09032258064516129,-0.0255738164362298,-0.07300821788569445,0.19014768036723298,0.18607033117104813,0.14019607843137255,0.2920607088447498,0.1770166095635335,0.20146831815586025,0.20655513827244792,0.060240963855421686,-0.17938141366523896,-0.17301814886538558,-1.4757935111658904e-05,0.0017070672584499902,-0.0030209541673865276
1885,0.15784204092399243,0.15363605326049845,0.10736196319018405,-0.20025250582302212,-0.13822572330691407,0.15434786275185788,0.1519289860020485,0.10483870967741936,-0.04331943735267574,-0.06561993486891993,0.18827905197401396,0.1816319562990782,0.1515729265967588,0.22795470283352104,0.1510629650007188,0.20407989182652386,0.20621372482075795,0.0654490106544901,-0.1536998048500703,-0.14957037775035065,-0.0034941781721345433,-0.0017070672584499624,-0.002523253512764695
1886,0.14948968002636123,0.1502219187435985,0.11119751166407466,-0.1401543106340154,-0.14318265199283953,0.14876625698336635,0.14510071696824856,0.09861450692746536,0.003502993707623081,-0.07583628128388809,0.18888014061442826,0.18504609081597814,0.1572265625,0.22835534140465374,0.1558808925113172,0.19755343153036495,0.19767838852850803,0.059367771781033155,-0.12434306161243436,-0.1557387550063728,-0.0007234230429948862,-0.005121201775349943,-0.012583004736609296
1887,0.14599164159966704,0.14441789006486855,0.09903201787043932,-0.15289700334543388,-0.14962276679511244,0.14585938577044313,0.14236940935472858,0.0921875,0.014639832016513643,-0.07866767832192356,0.19028745446144718,0.18572891771935815,0.14744801512287334,0.33234749804256536,0.17136453820264697,0.19371145928871894,0.19699556162512802,0.05796038151137197,-0.1631699765107837,-0.17214819170723594,-0.00013225582922390955,-0.002048480710139966,-0.006844517870439312
1888,0.1464886184656478,0.14475930351655855,0.10352588147036759,-0.16894886394724073,-0.15139542866765543,0.1470335841683013,0.14510071696824856,0.0949367088607595,-0.019055192211591465,-0.07346460284665046,0.19138214185764754,0.18777739842949812,0.1596958174904943,0.3221089837352408,0.16597503590774187,0.1962346370256919,0.200409696142028,0.06199261992619926,-0.18935914879026516,-0.17624293834971494,0.0005449657026534993,0.0003414134516900036,-0.008589172609608092
1889,0.14358180841825988,0.1410037555479686,0.09667440061871617,-0.1386735716672235,-0.1407685611242383,0.14554279522553018,0.14339364970979857,0.0915032679738562,0.020607343059731997,-0.06220930232558142,0.18594999630608094,0.1812905428473882,0.15414258188824662,0.25621450050116945,0.14955913443601543,0.19244861524501963,0.19699556162512802,0.059046177138531414,-0.16986486988157545,-0.17264768063673663,0.001960986807270304,0.0023898941618299696,-0.005171132644859966
1890,0.14392048358704224,0.14339364970979857,0.10360706062931696,-0.19180327868852454,-0.15594044000308704,0.1442388968087529,0.14646637077500854,0.0914332784184514,0.00928961748633883,-0.05451679077073979,0.18977138878426947,0.18402185046090816,0.16173570019723865,0.3016393442622951,0.1734015221109393,0.19235114904504044,0.19324001365653806,0.05891354246365723,-0.15245901639344261,-0.16049880626072066,0.0003184132217106672,0.003072721065209977,-0.012173782210865555
1891,0.14955537304680905,0.14749061113007852,0.10369774919614148,-0.16258629845990435,-0.1513874120208618,0.1477396863984689,0.1481734380334585,0.09914529914529914,-0.00015932023366971304,-0.06562737353790071,0.1891738838036682,0.18470467736428817,0.151673640167364,0.2717339352097716,0.18238138639931134,0.20079453086153115,0.20143393649709798,0.05943775100401606,-0.1489245884227297,-0.15254633145982077,-0.0018156866483401424,0.0006828269033799794,-0.004552450050842344
1892,0.15446878203736175,0.15431888016387846,0.10326499620349279,-0.18626956188938093,-0.1576843670304866,0.15220471388957874,0.1519289860020485,0.09347300564061241,-0.013138692271134844,-0.07136993366511635,0.19786681325600772,0.1905087060430181,0.15518913676042678,0.2952736035933734,0.16713047431814387,0.20475977318942615,0.2079207920792079,0.05886792452830188,-0.16380887492587404,-0.16677009685842037,-0.002264068147783016,-0.0023898941618299696,-0.009791990562880382
1893,0.14795217722484622,0.14578354387162853,0.10336906584992343,-0.13408004499015835,-0.132071516360179,0.14813080837945997,0.1488562649368385,0.09308072487644152,0.04816133970693903,-0.027903129806986282,0.18938570801361396,0.18436326391259816,0.14908034849951599,0.24729746617927328,0.1770368480857084,0.19615613358788656,0.20245817685216796,0.06015037593984962,-0.15022495079201426,-0.15924587806970758,0.0001786311546137509,0.003072721065209977,-0.010288340973481913
1894,0.13796350567656726,0.13554114032092865,0.10564930300807043,-0.16474998399970742,-0.1618967121626168,0.1362505758365574,0.13554114032092865,0.09679937548790007,0.024536220090881633,-0.06973733638767554,0.1858013528099813,0.18299761010583818,0.1509433962264151,0.31056110740310683,0.1786434202740561,0.18565275267806136,0.19016729259132809,0.05745454545454545,-0.1396359247711958,-0.17538345008090084,-0.0017129298400098691,0.0,-0.008849927520170359
1895,0.14474307502013656,0.14305223625810856,0.10326499620349279,-0.18059463515287932,-0.1576843670304866,0.1444309579980998,0.14407647661317857,0.0988562091503268,0.026290799099606077,-0.052062757780757085,0.187160510920357,0.18299761010583818,0.14610069101678183,0.3054226849246545,0.18757336643099465,0.1933713124206532,0.198361215431888,0.06170052671181339,-0.17599692052773086,-0.1713129617723872,-0.00031211702203676195,0.0010242403550700108,-0.004408787053165997
1896,0.14653428484425335,0.14475930351655855,0.11346444780635401,-0.1264179883057326,-0.1399037286930942,0.14487962590706852,0.14236940935472858,0.10258481421647819,0.040924096263595944,-0.04501195679266756,0.18625348829466098,0.18265619665414817,0.16731517509727625,0.27719773589018903,0.1922174729583992,0.190634887503843,0.1911915329463981,0.06681852695520121,-0.1255771222136579,-0.1342554089371164,-0.001654658937184833,-0.0023898941618299696,-0.010879633589875815
1897,0.1486363348326182,0.14680778422669855,0.10542635658914729,-0.16075381503952935,-0.15439778793003112,0.14398393257257205,0.1410037555479686,0.0924092409240924,0.009869461298032678,-0.06521435047920687,0.18685235842474765,0.18368043700921816,0.1592741935483871,0.28180915609487034,0.18632867822824584,0.19689768005112795,0.200409696142028,0.05275407292474787,-0.1445118587975731,-0.15325441052681532,-0.004652402260046151,-0.00580402867872995,-0.013017115665054882
1898,0.14570574759398208,0.14578354387162853,0.10977443609022557,-0.19480795103556747,-0.16866615332892299,0.14332290640781778,0.1413451689996586,0.10328638497652583,-0.09080400962613455,-0.10966102666515865,0.18357981558255682,0.1802663024923182,0.1528724440116845,0.2512932749701552,0.17515218088493434,0.1889770689412444,0.19153294639808807,0.06371814092953523,-0.1673924165766585,-0.17320500922613558,-0.002382841186164303,-0.004438374871969936,-0.006488051113699739
1899,0.15313528079611666,0.15261181290542847,0.11541381928625664,-0.15651394358531046,-0.1586280275957911,0.1528912422295221,0.15363605326049845,0.10823909531502424,0.026883958206597725,-0.068886489974191,0.19139316175476484,0.18811881188118812,0.17201166180758018,0.2975634745301443,0.16853099563232077,0.19845371222232588,0.200068282690338,0.0672713529856387,-0.15101121676858875,-0.16544384057971018,-0.00024403856659455103,0.001024240355069983,-0.007174723971232408
1900,0.14552179834598786,0.14236940935472858,0.10428994082840237,-0.17295557705186393,-0.1560345609126097,0.14416419143273393,0.14202799590303858,0.09992254066615028,-0.032428008036312184,-0.08738538982441413,0.18561385314377513,0.1816319562990782,0.15734597156398103,0.25049110796934293,0.178208124549588,0.1897061921082559,0.19289860020484806,0.06569343065693431,-0.14466106109085497,-0.17629169336486405,-0.0013576069132539281,-0.0003414134516900036,-0.004367400162252094
1901,0.150891342591546,0.15124615909866848,0.1111111111111111,-0.16438049105849295,-0.1534852261498344,0.1475640783596236,0.14475930351655855,0.10522088353413654,-0.02335379865982179,-0.08518847658648043,0.1901743994323519,0.18777739842949812,0.168462291870715,0.3219197679016935,0.16978605511670786,0.19610054836574936,0.19665414817343804,0.06072252113758647,-0.13128789411243724,-0.14893210951227742,-0.0033272642319223944,-0.006486855582109929,-0.005890227576974563
1902,0.1470020516956099,0.14544213041993856,0.09774436090225563,-0.16172567823042838,-0.14894104030265864,0.14451529067279373,0.14236940935472858,0.09565916398713827,0.007663452191389419,-0.05178994049984076,0.17541656390115307,0.1707067258449983,0.14657666345226616,0.3231054574514399,0.18205049739763923,0.18566851656303027,0.18777739842949812,0.057206537890044575,-0.14952379248444947,-0.16701566352178754,-0.0024867610228161696,-0.003072721065209977,-0.0020851969151173683
1903,0.14181388135204,0.1389552748378286,0.10083396512509477,-0.17424021395575007,-0.14679096228617372,0.1392227007336537,0.13519972686923865,0.09596774193548387,0.004157549234135582,-0.057342021658975506,0.1771772110393395,0.17173096620006828,0.1532567049808429,0.2838560661317773,0.16458193230217444,0.1861357894124585,0.18709457152611814,0.06446776611694154,-0.15298646567793173,-0.16377493835462908,-0.002591180618386313,-0.003755547968589956,-0.004866223189610899
1904,0.1511571773203384,0.1502219187435985,0.10584752035529238,-0.19308256547249592,-0.13547567094987256,0.15026211102173143,0.15227039945373846,0.10464201416207711,0.02928387475095251,-0.045795282840972784,0.18895299559271023,0.18504609081597814,0.164804469273743,0.3444228784236535,0.17504267287719266,0.19432681808516247,0.19494708091498805,0.06217995610826628,-0.12716769943520645,-0.1534117485716524,-0.0008950662986069724,0.002048480710139966,-0.0012055061932152722
1905,0.1528585626595855,0.15090474564697848,0.10506706408345752,-0.17398968065820675,-0.15315162217477074,0.152859923990763,0.15158757255035848,0.10110584518167456,-0.0029470552689071505,-0.06747055013311865,0.18963890414663107,0.18504609081597814,0.15356151711378355,0.25261376841909533,0.14109521733669272,0.1963050557538619,0.19494708091498805,0.05921539600296077,-0.12971877469437076,-0.1632980649165453,1.3613311775073633e-06,0.0006828269033800072,-0.003961218901782956
1906,0.13259008865750646,0.1297371116421987,0.093841642228739,-0.16324163103212463,-0.14820250437592564,0.13235850633093912,0.1300785250938887,0.08709175738724728,0.0008552290085770409,-0.06079537804325741,0.1727283894169131,0.16695117787640834,0.1496282527881041,0.2981816084567154,0.17453150054469568,0.1768626562910059,0.1802663024923182,0.06051873198847262,-0.14806831945028054,-0.17509700478597745,-0.00023158232656733668,0.0003414134516900036,-0.006749884841491721
1907,0.14740947657028944,0.14305223625810856,0.11489040060468632,-0.18159043020921473,-0.1578969207520995,0.14880469778928354,0.1488562649368385,0.1099434114793856,-0.004733462744512473,-0.06037543042584281,0.19983616113811878,0.19665414817343804,0.17490118577075098,0.3027143165264712,0.1947680035672703,0.19945199410855377,0.20245817685216796,0.06539923954372624,-0.14248004910988332,-0.1488251542101221,0.0013952212189941027,0.00580402867872995,-0.004946989125300713
1908,0.1381614635840615,0.13622396722430863,0.095565749235474,-0.14349823115782734,-0.14558167290538082,0.1345003576175347,0.12768863093205873,0.08548387096774193,0.029808266243503412,-0.06838715677384855,0.17536098416252852,0.16968248548992831,0.14410905550146055,0.26361571721818633,0.17341331287345096,0.1834742239368037,0.18572891771935815,0.04920514761544285,-0.1364483396176972,-0.16033944804817368,-0.003661105966526801,-0.008535336292249895,-0.010081878267732075
1909,0.13320887912216242,0.1317855923523387,0.10038022813688213,-0.16243024485326496,-0.13852221265563602,0.13432107189145406,0.13076135199726868,0.0898876404494382,0.004116635497138366,-0.06046195799084386,0.18006496055499382,0.1806077159440082,0.15217391304347827,0.3028455208070713,0.20426412304627706,0.17974563225074697,0.18299761010583818,0.052075471698113204,-0.12058280119359843,-0.14983529304183774,0.0011121927692916422,-0.0010242403550700108,-0.010492587687443933
1910,0.15391380034363392,0.15227039945373846,0.11504424778761062,-0.19520956137309298,-0.1773723706079905,0.15319737052382118,0.1505633321952885,0.10331230283911672,0.022966149445215023,-0.07798233187975212,0.19834913747092084,0.19460566746329805,0.16380952380952382,0.312788950531669,0.16823390042429276,0.20199421922200034,0.20655513827244792,0.07016248153618906,-0.15826904184003698,-0.1751135060914396,-0.0007164298198127361,-0.0017070672584499624,-0.011731944948493903
1911,0.1414931183644338,0.13724820757937864,0.09927007299270073,-0.17708434909800097,-0.16233099204452128,0.14164627468904759,0.1403209286445886,0.09276729559748427,0.04412481716235983,-0.05235293396584906,0.18510026290663995,0.1819733697507682,0.15613026819923373,0.3394116691045018,0.20351438482942918,0.1833749840188841,0.18607033117104813,0.05240174672489083,-0.1650468606100005,-0.16681989237426298,0.0001531563246137957,0.003072721065209949,-0.006502777395216458
1912,0.16401673178571857,0.1611471491976784,0.11273006134969325,-0.16887569305468975,-0.14668462094100387,0.16357591163881727,0.16319562990781836,0.10819672131147541,0.028770199286258458,-0.05119917107375194,0.20326446313167995,0.199726869238648,0.17403846153846153,0.30691250287064076,0.15341250721321664,0.2140672113333783,0.21987026288835781,0.06870229007633588,-0.14249678305975677,-0.15350501021723617,-0.0004408201469013051,0.002048480710139966,-0.004533340038217842
1913,0.15467984970451024,0.15466029361556846,0.1069182389937107,-0.16678419097413322,-0.1300338878158579,0.1545782297388473,0.15124615909866848,0.10299003322259136,-0.013541809988992792,-0.05235892137926912,0.2018395218921222,0.199726869238648,0.17269076305220885,0.3338715086681343,0.1852350936032381,0.20702951367962816,0.2103106862410379,0.06506584043377227,-0.17514704870665931,-0.1517371872613753,-0.00010161996566293574,-0.0034141345168999804,-0.003928205771119339
1914,0.140042897794791,0.1399795151928986,0.10365853658536585,-0.16151124005212547,-0.13419527804203069,0.13975314320852092,0.1389552748378286,0.0866721177432543,0.059262831114281544,-0.03352997862640694,0.18036658763601382,0.17685216797541822,0.15145631067961166,0.3434582139455552,0.18476668190410295,0.185290926646227,0.18641174462273813,0.05011389521640091,-0.1315610142946524,-0.1398506319417847,-0.0002897545862700912,-0.0010242403550700108,-0.01698641884211155
1915,0.14166736711248906,0.1396381017412086,0.10205580029368576,-0.16259170480133656,-0.14965383936970833,0.14183540544173598,0.1396381017412086,0.0908379013312451,0.023614440328321384,-0.05433411237848862,0.1870853308116111,0.1819733697507682,0.15464895635673626,0.3126280235345391,0.19573999490435878,0.18677188059522268,0.1894844656879481,0.061683599419448475,-0.1567316771990993,-0.16759637621511447,0.00016803832924691675,0.0,-0.011217898962440659
1916,0.13687266643183052,0.13110276544895869,0.09030347890451518,-0.18720291304498926,-0.15770130550615113,0.1372412096097791,0.13349265961078866,0.08346333853354135,-0.0037185343645862456,-0.08000376375430795,0.17992011998634555,0.17582792762034824,0.13636363636363635,0.32294872438439526,0.1744838367662217,0.18412235011465292,0.19016729259132809,0.051094890510948905,-0.14874137458345082,-0.17909628077115147,0.0003685431779485715,0.0023898941618299696,-0.0068401403709738295
1917,0.13304939098868232,0.1317855923523387,0.08959757023538345,-0.18302584300718627,-0.15579859415808361,0.12995983224017577,0.12632297712529875,0.081145584725537,-0.045518933112216664,-0.08768578580673159,0.1690650505316195,0.16456128371457834,0.13114754098360656,0.2445584577114428,0.16206117814822563,0.18087175786081425,0.18709457152611814,0.05707931801334322,-0.19952321724709787,-0.1921254252788046,-0.0030895587485065545,-0.005462615227039946,-0.008451985509846452
1918,0.15079001158486718,0.14475930351655855,0.1033210332103321,-0.16872824163214506,-0.1454976158079897,0.15129919911762935,0.14578354387162853,0.09914129586260734,-0.01703133204971119,-0.062452959707767874,0.19701537253159973,0.19597132127005804,0.1742354031510658,0.24675301942937167,0.164236506944189,0.19634717751065164,0.198702628883578,0.06359649122807018,-0.1451543263901044,-0.16008654187965043,0.000509187532762162,0.001024240355069983,-0.0041797373477247685
1919,0.14978644246553136,0.14475930351655855,0.11085450346420324,-0.15551063281606126,-0.13255339608519578,0.14967972090015888,0.1498805052919085,0.11074651353568499,0.00798699883068743,-0.041796160537703186,0.1893291693883784,0.18641174462273813,0.1738703339882122,0.32749073468497936,0.18623139377537212,0.19503775874118962,0.198361215431888,0.06891271056661562,-0.11820956457974108,-0.14049465419560137,-0.00010672156537247512,0.005121201775349943,-0.00010798992851825118
1920,0.14345779967032382,0.1413451689996586,0.11002260738507913,-0.13613996402251494,-0.1492896555471579,0.142196973086901,0.1396381017412086,0.10734017363851618,0.017783709549507698,-0.08145373622410923,0.1848352741059798,0.1812905428473882,0.17068466730954676,0.3094431226909612,0.17858395451424391,0.1889779079289878,0.1911915329463981,0.061654135338345864,-0.14370877579837138,-0.15268145151331025,-0.0012608265834228305,-0.0017070672584499902,-0.0026824337465629483
1921,0.14652084691168793,0.14236940935472858,0.0893987341772152,-0.17289958407605466,-0.15133746874544074,0.14587760295224303,0.14510071696824856,0.08816120906801007,-0.003351158645276242,-0.06728157024918124,0.1835480501798864,0.1812905428473882,0.14649033570701933,0.33686670627847104,0.17222016793194184,0.19827013596363566,0.199726869238648,0.05525291828793774,-0.14690037631214103,-0.17551793269641947,-0.0006432439594449002,0.002731307613519973,-0.0012375251092051204
1922,0.14952902701037543,0.14544213041993856,0.115003808073115,-0.1655499290357625,-0.14655721257462773,0.14842664448539836,0.1502219187435985,0.10821806346623271,0.04105762996968687,-0.051303663883865536,0.18843315636264402,0.18402185046090816,0.1738703339882122,0.3242645126246255,0.1879641786607873,0.19659406037947386,0.199726869238648,0.0746606334841629,-0.14453224930349917,-0.161298833205341,-0.0011023825249770747,0.004779788323659939,-0.006785744606882291
1923,0.14733503807292028,0.14544213041993856,0.11305007587253414,-0.14261852124785068,-0.1428510512069413,0.14919170612621402,0.14783202458176853,0.11200644641418211,0.016457872758536052,-0.05572200180454101,0.19288335038244553,0.1894844656879481,0.17901828681424448,0.29220093343158926,0.1728503096147429,0.19410889150542204,0.19733697507681802,0.072768192048012,-0.1396585605502333,-0.15982424264896733,0.0018566680532937363,0.0023898941618299696,-0.0010436294583520273
1924,0.15327125445683618,0.15227039945373846,0.10882800608828005,-0.172608226388844,-0.14581398803996581,0.15245714574716038,0.1495390918402185,0.1035031847133758,-0.01688880283129479,-0.08007218115861281,0.19653605349850792,0.19528849436667806,0.16522574447646493,0.2899334129366078,0.1636258960739888,0.20256017849679767,0.20450665756230796,0.0608564988730278,-0.1491664963443451,-0.1650831383327762,-0.0008141087096757982,-0.002731307613519973,-0.005324821374904254
1925,0.14631281257179501,0.14680778422669855,0.10573343261355175,-0.14580609004296663,-0.15148388033700488,0.14558254443868898,0.14236940935472858,0.10054988216810684,0.0004615333897429741,-0.07261394127860121,0.191894157847124,0.18675315807442813,0.17073170731707318,0.2927916543041651,0.16061573565124931,0.1923203759299329,0.19358142710822807,0.0620384047267356,-0.13482452573781234,-0.16387772790332544,-0.0007302681331060323,-0.004438374871969963,-0.005183550445444912
1926,0.15390429264505376,0.1519289860020485,0.11312217194570136,-0.18323037627608274,-0.1509666010804579,0.15380422780431044,0.15363605326049845,0.1147410358565737,-0.0007001623919766775,-0.07064373033842541,0.1941622968757034,0.18641174462273813,0.1665089877010407,0.2518005924451009,0.15335526130836918,0.2033683480486465,0.20553089791737794,0.06945481702763256,-0.15408958488040936,-0.1656736055825202,-0.00010006484074331912,0.0017070672584499624,0.001618863910872348
1927,0.14474037958335384,0.14339364970979857,0.10526315789473684,-0.14755852479495957,-0.13960366179015704,0.14329696867020508,0.14407647661317857,0.09887459807073955,0.029368312421921616,-0.06370951901498523,0.18939464840851516,0.18607033117104813,0.1576402321083172,0.3266072818785871,0.17416764490719472,0.19874635234029145,0.20245817685216796,0.0690172543135784,-0.13775460322633204,-0.16452412658200444,-0.0014434109131487571,0.0006828269033800072,-0.006388559823997289
1928,0.13794083792590797,0.13485831341754864,0.10029282576866765,-0.19332770270270272,-0.17179010837547426,0.13963924308894823,0.1399795151928986,0.1015625,0.006306306306306242,-0.07500603110359205,0.18198399891489347,0.17685216797541822,0.15080113100848255,0.31739864864864864,0.17145574706550315,0.1847640510188106,0.18846022533287812,0.05908096280087528,-0.15813626126126124,-0.1774170896122116,0.001698405163040262,0.0051212017753499706,0.0012696742313323545
1929,0.13656776580575736,0.13383407306247866,0.1016949152542373,-0.18623305078551644,-0.157010573888268,0.13539690056081624,0.1317855923523387,0.09005481597494126,-0.017829957586502854,-0.06706497844695247,0.1810839664667048,0.17548651416865824,0.15749525616698293,0.2821677452767736,0.18365836884571451,0.18351635284159482,0.18675315807442813,0.06446886446886448,-0.17833298876282477,-0.16600513343239953,-0.001170865244941116,-0.002048480710139966,-0.011640099279296032
1930,0.14777503385896987,0.14749061113007852,0.12874908558888076,-0.17903234596593998,-0.17478344946744317,0.14585768101738034,0.14168658245134857,0.11475409836065574,-0.014902807395674178,-0.07796188095754142,0.1902116185207222,0.18811881188118812,0.18181818181818182,0.2786897062158613,0.17535036223696898,0.190206187395255,0.19528849436667806,0.07158671586715867,-0.14915641003552982,-0.16127346316373603,-0.0019173528415895313,-0.00580402867872995,-0.013994987228225023
1931,0.14642192276447918,0.14510071696824856,0.1095679012345679,-0.15245964594972927,-0.13853114389255816,0.14192597837533938,0.1410037555479686,0.10887096774193548,0.012156799590368639,-0.07485984813673163,0.17819567254661864,0.17343803345851827,0.16202783300198806,0.31705338007754913,0.19119520912868637,0.18539861010369843,0.18641174462273813,0.06053639846743295,-0.10827769037325174,-0.14876403071045885,-0.004495944389139805,-0.00409696142027996,-0.0006969334926324178
1932,0.13536964154043346,0.1314441789006487,0.08258258258258258,-0.154129756972622,-0.13909003277068432,0.13415165313801466,0.12734721748036873,0.07795275590551182,-0.026424635886046266,-0.06923380103324117,0.18030982809724266,0.17787640833048823,0.14095238095238094,0.29672404219877846,0.17864315029317002,0.18323783360577017,0.1898258791396381,0.053052325581395346,-0.21138854482552427,-0.18866542303596656,-0.001217988402418796,-0.00409696142027996,-0.004629826677070764
1933,0.14788194933233845,0.14441789006486855,0.10418250950570342,-0.18991882677535776,-0.16866494906783291,0.14867568590283659,0.14373506316148857,0.09554655870445344,-0.02651162199323953,-0.07751875518989781,0.19367407012861762,0.1891430522362581,0.1597222222222222,0.2848746074387295,0.18110856993874336,0.20247484659221693,0.2096278593376579,0.07732732732732733,-0.17065993886124997,-0.18803351526689416,0.0007937365704981381,-0.0006828269033799794,-0.008635950801249972
1934,0.15504518935785508,0.15431888016387846,0.09855951478392722,-0.17550894614603985,-0.14679096228617372,0.15681639802759204,0.15841584158415842,0.1016260162601626,0.01697111487982128,-0.04601937094667197,0.19711092847001568,0.19494708091498805,0.1532567049808429,0.2486667620195746,0.16458193230217444,0.20396635526689996,0.20621372482075795,0.05647590361445783,-0.15687766903005662,-0.15698134792724683,0.0017712086697369567,0.00409696142027996,0.0030665014762353837
1935,0.15559506497858624,0.15466029361556846,0.10684089162182936,-0.18471055948046988,-0.1423332836784349,0.15372086724650064,0.15602594742232845,0.10358890701468189,-0.02102702249959576,-0.057097547048016284,0.19729655525253834,0.19494708091498805,0.1572265625,0.2450334737731964,0.17247070360991112,0.20485485270009512,0.2109935131444179,0.06854531607006854,-0.16089421820186323,-0.15597100153930188,-0.0018741977320856085,0.0013656538067599866,-0.0032519846071474706
1936,0.16353139126888092,0.1608057357459884,0.10916030534351145,-0.14595107416699704,-0.1487929721510446,0.16350640036682249,0.16046432229429838,0.10615883306320907,0.02543572601237043,-0.06249767449936616,0.20273814080953886,0.19699556162512802,0.16442307692307692,0.2276003661469702,0.15778242740097093,0.21020164664413443,0.21372482075793786,0.06878306878306878,-0.13312666535723416,-0.16355400990725277,-2.4990902058430464e-05,-0.0003414134516900036,-0.0030014722803023836
1937,0.14276744225886656,0.1410037555479686,0.10060975609756098,-0.20205126045110888,-0.15106390103661516,0.14135177685433212,0.1389552748378286,0.09450726978998385,-0.05879823656185723,-0.06703953227050718,0.18526551528827265,0.18299761010583818,0.15886939571150097,0.30473011393551386,0.17367892959996423,0.19304242201303493,0.198361215431888,0.0640542577241899,-0.18209148537371278,-0.1680958676783938,-0.0014156654045344441,-0.0020484807101399938,-0.006102486307577135
1938,0.1410518648465272,0.13724820757937864,0.08845577211394302,-0.1921764032073311,-0.16189500732013284,0.13821024202471158,0.13315124615909868,0.08788598574821853,-0.018774341351660895,-0.08153827562579641,0.17928242603372382,0.17582792762034824,0.14147286821705427,0.31136311569301256,0.17990404861915743,0.18819468068703563,0.19221577330146808,0.05530973451327434,-0.18651775486827027,-0.18679427629584278,-0.0028416228218156314,-0.00409696142027996,-0.000569786365724495
1939,0.1425064249527936,0.13622396722430863,0.10090361445783133,-0.16112793711979134,-0.13829753493749974,0.14318559485715365,0.14202799590303858,0.10047846889952153,-0.018314085880179132,-0.0548546073466899,0.18768838129800977,0.18368043700921816,0.16132167152575316,0.34142020748806456,0.19885699681455604,0.1876349309572782,0.19221577330146808,0.05663189269746647,-0.15178214272726798,-0.1540840347519773,0.0006791699043600663,0.00580402867872995,-0.00042514555830980294
1940,0.14764398668453185,0.14612495732331854,0.10746951219512195,-0.13364324908469272,-0.13139907984313193,0.14657221091542674,0.14749061113007852,0.1073170731707317,0.06754921232334343,-0.03870924925879682,0.18364919030643026,0.17890064868555822,0.17052023121387283,0.3378485387689699,0.178320597963061,0.19142224630107,0.19221577330146808,0.0708955223880597,-0.16541302950410364,-0.16304926589631952,-0.00107177576910511,0.0013656538067599866,-0.00015243902439024404
1941,0.13779872700781345,0.13417548651416866,0.09316303531179564,-0.15725446428571432,-0.14540472860054166,0.13808925160780985,0.13588255377261865,0.08498808578236695,-0.0147860221674877,-0.06415176440387715,0.1797898532680322,0.17514510071696826,0.1527514231499051,0.29610529556650245,0.16719348087829278,0.18394892163126245,0.1888016387845681,0.0621301775147929,-0.15147398399014778,-0.1691035098245689,0.0002905245999964001,0.0017070672584499902,-0.008174949529428682
1942,0.1407990782324724,0.13793103448275862,0.0954653937947494,-0.12423669046185604,-0.11949684748540912,0.13989921111025283,0.1406623420962786,0.09390862944162437,0.03618373899830851,-0.03368108531864622,0.18025470920175618,0.17787640833048823,0.16309887869520898,0.3063773974370001,0.19630515728827813,0.18807320263900834,0.18846022533287812,0.055770720371804805,-0.15410251999655977,-0.15839999300100827,-0.0008998671222195664,0.002731307613519973,-0.0015567643531250314
1943,0.15674418516716435,0.15534312051894844,0.12327718223583461,-0.16588476419789022,-0.1489580840330813,0.1531967204367156,0.15261181290542847,0.11554109031733116,-0.010964274011190156,-0.06142975498810033,0.19127631470891626,0.18675315807442813,0.17412451361867703,0.2763782684710465,0.16705328576568113,0.2016602881881011,0.20245817685216796,0.06912442396313365,-0.12664581141123044,-0.14441115784892644,-0.003547464730448757,-0.002731307613519973,-0.007736091918503454
1944,0.14770072467085282,0.14578354387162853,0.10068130204390613,-0.21001150747986197,-0.1584537275601945,0.14686727511238154,0.14578354387162853,0.0944,-0.027839249358236673,-0.07788903538467029,0.19005572143104998,0.18436326391259816,0.15296367112810708,0.30848897937505526,0.15359261537317426,0.19738295261960678,0.19938545578695802,0.06497386109036594,-0.19310436399043995,-0.17887857909765137,-0.0008334495584712831,0.0,-0.006281302043906131
1945,0.15145276115314663,0.14680778422669855,0.10466004583651642,-0.15398219133264368,-0.13640299659567723,0.1531948231127415,0.15295322635711847,0.10112359550561797,-0.004348268208787642,-0.06505509757738892,0.19643821319113505,0.19255718675315808,0.1625,0.2816846610251921,0.16824120714907775,0.20367767555069324,0.20484807101399796,0.07169529499626587,-0.17094861660079053,-0.17037818660438597,0.001742061959594865,0.006145442130419926,-0.003536450330898444
1946,0.1467676317121882,0.14544213041993856,0.10147172734314484,-0.12254508392786567,-0.14415542526376612,0.15010587302477793,0.1505633321952885,0.10024650780608052,0.04263577178276512,-0.05978637183306268,0.194937051874891,0.1908501194947081,0.1628599801390268,0.26723173242922815,0.17963932033514995,0.19799912588445517,0.202116763400478,0.06595905989385899,-0.15580631070990292,-0.17607885088619446,0.0033382413125897237,0.005121201775349943,-0.0012252195370643232
1947,0.1377513777318932,0.13349265961078866,0.1,-0.16239057239057242,-0.15666831107249624,0.14124620236352048,0.14339364970979857,0.09247648902821316,0.030000000000000027,-0.06229659681623401,0.18358943086317195,0.18231478320245817,0.14976303317535544,0.3024410774410775,0.18599088950083686,0.18362279000690182,0.18777739842949812,0.05766423357664233,-0.13996632996632996,-0.16790303896014647,0.0034948246316272857,0.00990099009900991,-0.007523510971786843
1948,0.13869287346783432,0.13588255377261865,0.10298507462686567,-0.18218605697256796,-0.16117438880840973,0.1407434831231788,0.1403209286445886,0.09444444444444444,0.003197942071563542,-0.07078267389282022,0.19482853871962902,0.19324001365653806,0.16324535679374388,0.3080619768201913,0.19700278154461348,0.19410369073109202,0.19562990781836803,0.06031273268801191,-0.11917078416350968,-0.16456407811774432,0.002050609655344482,0.004438374871969936,-0.008540630182421224
1949,0.14500340397244285,0.14305223625810856,0.11456023651145603,-0.18087874184021702,-0.16368448263128088,0.14614841673031564,0.1406623420962786,0.11128526645768025,-0.0070377312192294594,-0.07691043600285585,0.19030252213911295,0.18675315807442813,0.17000955109837632,0.2857990626800112,0.18115783254142148,0.19148310613481298,0.19733697507681802,0.06774668630338733,-0.15894761206159935,-0.16931916098377608,0.001145012757872793,-0.0023898941618299696,-0.0032749700537757775
1950,0.14179480777137768,0.13861386138613863,0.09056024558710668,-0.1973347937203359,-0.14931965867200236,0.14150249105206825,0.1413451689996586,0.08496732026143791,-0.002494827796032606,-0.05943661928071331,0.1774322282691893,0.17275520655513826,0.14230396902226525,0.3052411666869498,0.15787553924759323,0.1899733323644565,0.19562990781836803,0.0620384047267356,-0.190519654375076,-0.20734541827903707,-0.00029231671930943226,0.002731307613519973,-0.005592925325668768
1951,0.14781216578949422,0.14339364970979857,0.09961389961389962,-0.16620702334988047,-0.15250676239981054,0.14996988763543959,0.15124615909866848,0.10073111291632819,-0.006435006435006496,-0.07947035139548508,0.1926987719759893,0.19016729259132809,0.155,0.2531149674006816,0.1841454445732521,0.19871758487050978,0.19938545578695802,0.05666156202143951,-0.12366526652240939,-0.16505989554117895,0.0021577218459453706,0.007852509388869916,0.001117213302428574
1952,0.14850218765934636,0.14612495732331854,0.11674347158218126,-0.16301853713873204,-0.16334964013700337,0.1494079124451024,0.14680778422669855,0.11426256077795786,-0.004517345649683757,-0.08569320443816997,0.19257866013557598,0.19289860020484806,0.17490118577075098,0.2979496075636535,0.1678322179903744,0.1965396591366864,0.19597132127005804,0.05964368706429125,-0.12010651580610587,-0.15078756965630968,0.0009057247857560402,0.0006828269033800072,-0.002480910804223399
1953,0.16095332612457522,0.1597814953909184,0.11422087745839637,-0.17610116420380095,-0.16053129424249413,0.1617707389631907,0.16217138955274837,0.1086082059533387,-0.0029332710524545558,-0.07086919222348664,0.20692482437792362,0.20279959030385797,0.1807465618860511,0.2703300226823795,0.1844975540331798,0.20911160290197922,0.2096278593376579,0.06605922551252848,-0.15497052874091022,-0.15485647765901267,0.0008174128386154722,0.0023898941618299696,-0.005612671505057676
1954,0.15687447632794274,0.15602594742232845,0.11728395061728394,-0.17085877085877088,-0.13383432623216063,0.1529055937988827,0.1498805052919085,0.10163934426229508,-0.00712250712250706,-0.04751989286679026,0.18990317091862377,0.18504609081597814,0.16586306653809066,0.2693935693935694,0.16031617694719347,0.2024202886392886,0.20484807101399796,0.07040121120363362,-0.16741961741961742,-0.16222723194445343,-0.003968882529060053,-0.006145442130419954,-0.015644606354988863
1955,0.1536259748843719,0.14783202458176853,0.10269865067466268,-0.17822969923738252,-0.1515905026210299,0.1531021385677574,0.15158757255035848,0.10463258785942492,0.006690754334352067,-0.058995991366019074,0.19827868925204328,0.19528849436667806,0.17234848484848486,0.2696509668389935,0.16232747456059204,0.20288345449033615,0.2079207920792079,0.06721433905899925,-0.16062451800862587,-0.1572365094048721,-0.0005238363166145121,0.003755547968589956,0.0019339371847622439
1956,0.14635690205605845,0.14578354387162853,0.11511354737666406,-0.1395216596509573,-0.12913581746302372,0.14515616545442417,0.14271082280641859,0.1,0.05382187603756805,-0.0299219758438084,0.1898536972918534,0.18846022533287812,0.18514750762970497,0.32113757532505693,0.20613854387087627,0.19355559816426562,0.19358142710822807,0.0640625,-0.08710610576611166,-0.13255698441541053,-0.001200736601634278,-0.003072721065209949,-0.015113547376664052
1957,0.14138620880164382,0.13519972686923865,0.09754224270353302,-0.1777201971973138,-0.15954471431237482,0.1428055910203832,0.1389552748378286,0.09377526273241714,-0.041615232327937624,-0.08538460412060156,0.18527393277663207,0.18504609081597814,0.16584402764067127,0.26231706843678426,0.17018254484797068,0.19224493295698938,0.19562990781836803,0.06797583081570997,-0.1801017041263926,-0.18464505930035946,0.0014193822187393845,0.003755547968589956,-0.003766979971115886
1958,0.1527767533166821,0.15227039945373846,0.1031390134529148,-0.17530928300523752,-0.15330432234188407,0.1516793555829628,0.14544213041993856,0.0991345397324941,-0.022631840346758136,-0.07769392510332129,0.19304360785862548,0.19153294639808807,0.1551219512195122,0.3021077900186623,0.19992036923528267,0.1994253661908105,0.20314100375554797,0.056296296296296296,-0.16399900668231893,-0.1668464830413282,-0.0010973977337193075,-0.006828269033799905,-0.004004473720420704
1959,0.14460780454973282,0.1399795151928986,0.11245283018867924,-0.1661510102074376,-0.15640167912895186,0.14683006618931196,0.14475930351655855,0.107457898957498,-0.006977609809223573,-0.06802836005237378,0.18845946548404746,0.18368043700921816,0.16488845780795344,0.32118471661214687,0.17669775431353474,0.19094761313043634,0.19289860020484806,0.06441947565543071,-0.15951016903422233,-0.16773159183107722,0.002222261639579143,0.004779788323659939,-0.004994931231181249
1960,0.15443338209576296,0.15363605326049845,0.10810810810810811,-0.15859431724672057,-0.16393201820182024,0.15377250532896805,0.15158757255035848,0.09703947368421052,-0.014062636139212992,-0.07351735173517349,0.1918276165447804,0.18470467736428817,0.1510204081632653,0.26149184374848733,0.1965821582158216,0.20313741412210198,0.20518948446568794,0.05731990704879938,-0.1554963938235152,-0.1593540604060406,-0.00066087676679491,-0.002048480710139966,-0.011068634423897591
1961,0.14397929042652463,0.1399795151928986,0.10846953937592868,-0.2015382540426197,-0.15300158053193091,0.14533482430282715,0.14680778422669855,0.10592885375494071,-0.04947683745758624,-0.06177360963783096,0.18982802154424305,0.18538750426766815,0.16635514018691588,0.26836037877819896,0.15784928325537295,0.19158244857279785,0.19187435984977808,0.0614359733530718,-0.16194968553459121,-0.15863293675996182,0.0013555338763025226,0.006828269033799933,-0.0025406856209879702
1962,0.1425976171409267,0.1399795151928986,0.10698027314112292,-0.15267684435230922,-0.12887685461997334,0.14366968764878119,0.1406623420962786,0.09758064516129032,-0.0013447800186496828,-0.04088827690729557,0.18659868652288242,0.1819733697507682,0.16826923076923078,0.31130308798483364,0.18472346081751911,0.18837840607060258,0.19016729259132809,0.0599250936329588,-0.14909718636570313,-0.14805385232658252,0.001072070507854489,0.0006828269033799794,-0.009399627979832598
1963,0.15179260806768408,0.1505633321952885,0.1099476439790576,-0.1272548389296395,-0.15124265474335974,0.15178813262148394,0.1481734380334585,0.10551181102362205,0.02320737991564137,-0.07564751641590917,0.19667342043718164,0.19358142710822807,0.16904083570750236,0.25111000711105913,0.16919046891329637,0.20215621617989155,0.20518948446568794,0.0712166172106825,-0.12576638709488885,-0.1636537968568218,-4.4754462001361794e-06,-0.0023898941618299974,-0.004435832955435551
1964,0.14270679918837345,0.1399795151928986,0.09104477611940298,-0.1744145561342395,-0.1583657107616404,0.14482455173520498,0.14305223625810856,0.08968253968253968,0.027157451521946596,-0.06802960222016652,0.18831902437880263,0.18641174462273813,0.15428571428571428,0.3120184441201249,0.16910268270120266,0.1927454999940183,0.19733697507681802,0.05925925925925926,-0.1353182169962278,-0.1696577243293247,0.002117752546831525,0.003072721065209949,-0.0013622364368632983
1965,0.13614767949964074,0.13212700580402867,0.08758568164508758,-0.17021436294626835,-0.15125774026799343,0.13675358953968592,0.13622396722430863,0.08088235294117647,0.02733954222444923,-0.05022374121348805,0.18089217933596885,0.17651075452372825,0.14425907752698724,0.26156864097502985,0.1824950206536312,0.18450024407759816,0.1891430522362581,0.04628224582701062,-0.133155762563673,-0.15693380763060616,0.0006059100400451767,0.00409696142027996,-0.0067033287039111045
1966,0.14641955743740964,0.14407647661317857,0.11035525321239607,-0.18693318322461494,-0.16260987499321877,0.14655120796662288,0.14544213041993856,0.1011326860841424,-0.015196668175112116,-0.06384630288375837,0.1886301272181225,0.18504609081597814,0.1650390625,0.2844560214567168,0.1768189532910185,0.1936972453433199,0.19938545578695802,0.06626506024096386,-0.1570181344576771,-0.1682859423558315,0.00013165052921323972,0.0013656538067599866,-0.009222567128253673
1967,0.1533887893805527,0.14919767838852852,0.11791730474732007,-0.17677837687257847,-0.15084447053087435,0.15395089876586987,0.15534312051894844,0.10848287112561175,-0.006042467716691258,-0.05986494061455283,0.19551299840279202,0.18811881188118812,0.16505791505791506,0.3080485596677651,0.15621144293671085,0.20413101882746434,0.20860361898258792,0.07482993197278912,-0.1795091250975921,-0.17017762063809272,0.0005621093853171721,0.006145442130419926,-0.009434433621708316
1968,0.14770387324748657,0.14612495732331854,0.0932009167303285,-0.1521141438735777,-0.12987023815148424,0.1460967383608865,0.14202799590303858,0.09219858156028368,-0.026635465320082208,-0.08463686538408688,0.1865533705548781,0.18538750426766815,0.15714285714285714,0.2462657862076153,0.16301585051741385,0.19496885771936048,0.199726869238648,0.06092124814264487,-0.1661964358461786,-0.17171110796132683,-0.0016071348866000812,-0.00409696142027996,-0.0010023351700448185
1969,0.14619581906675624,0.14612495732331854,0.09703703703703703,-0.1741428428164452,-0.15564430220385805,0.14674372773673644,0.14339364970979857,0.09289617486338798,-0.003231401796956579,-0.07796188095754142,0.1919980291900334,0.1911915329463981,0.15384615384615385,0.2974653924296057,0.17872785881289577,0.19526052525124474,0.202116763400478,0.06358381502890173,-0.16936445383738252,-0.19392259673102852,0.000547908669980196,-0.002731307613519973,-0.004140862173649049
1970,0.14324890790396955,0.14236940935472858,0.11488049344641481,-0.1394353799355973,-0.13309432470763294,0.1415737120042903,0.1403209286445886,0.10444078947368421,0.042727201821402994,-0.0411420334333078,0.1816100592903682,0.17787640833048823,0.1702970297029703,0.3052149916618073,0.19271194190633412,0.18907378633189148,0.1905087060430181,0.06838905775075987,-0.12487047017006947,-0.15466338068556107,-0.0016751958996792382,-0.0020484807101399938,-0.010439703972730599
1971,0.14121598236598173,0.1392966882895186,0.10405904059040591,-0.16341249914823797,-0.14734699383192928,0.14214132502819748,0.1399795151928986,0.09733124018838304,0.007565393479085136,-0.05641332205177263,0.18557659907371007,0.18265619665414817,0.15305164319248826,0.28023056104468824,0.17821800389949605,0.18479874150011252,0.18846022533287812,0.05818181818181818,-0.18553035504933235,-0.1697997522961655,0.0009253426622157501,0.0006828269033800072,-0.0067278004020228654
1972,0.15544134539100785,0.15568453397063844,0.11333333333333333,-0.169373460591133,-0.15285418264409179,0.1539919285481267,0.15124615909866848,0.1026045777426993,0.003371305418719217,-0.05946428922580771,0.19366992369598784,0.1891430522362581,0.1588785046728972,0.30365994458128087,0.1621960602127701,0.1994864287389971,0.200068282690338,0.06268436578171091,-0.16648322044334984,-0.15960525927673874,-0.001449416842881135,-0.004438374871969963,-0.010728755590634034
1973,0.12929319365859113,0.12905428473881872,0.07960576194086429,-0.1736689196869997,-0.1393116263564288,0.12900103546428113,0.12734721748036873,0.0732484076433121,-0.023188033089023175,-0.06809870773675675,0.16956396994066084,0.16456128371457834,0.13567362428842505,0.27516478355910123,0.1602347773612396,0.1746149506107564,0.17890064868555822,0.04656319290465632,-0.16989152331382207,-0.17774399513529948,-0.00029215819430999934,-0.0017070672584499902,-0.006357354297552187
1974,0.1460102576666151,0.14475930351655855,0.10601503759398496,-0.21028900478053025,-0.1696110007760645,0.1432016311807995,0.14202799590303858,0.09562398703403566,0.024721018911833537,-0.06065452237322011,0.1816029991009853,0.17787640833048823,0.14814814814814814,0.30528101386493944,0.17541784749960954,0.19200684248069685,0.19494708091498805,0.05425772418990203,-0.1512771445794956,-0.16620611082597558,-0.0028086264858155907,-0.002731307613519973,-0.010391050559949308
1975,0.14716350866364525,0.14373506316148857,0.10052910052910052,-0.18719463143341708,-0.164498664401437,0.14567450484004213,0.14510071696824856,0.0965682362330407,-0.026781889793942693,-0.08499852840701694,0.18257121402058796,0.17616934107203824,0.15142857142857144,0.290831020396792,0.14555186597680125,0.19584587637024614,0.199044042335268,0.05886792452830188,-0.14830769659380194,-0.16677009685842037,-0.001489003823603119,0.0013656538067599866,-0.003960864296059824
1976,0.14187233135405702,0.1399795151928986,0.09865470852017937,-0.19435945712716718,-0.1767975484145985,0.14331503469934598,0.1389552748378286,0.08816521048451152,-0.01816826775640612,-0.08717477831144949,0.18810422774084679,0.18368043700921816,0.1504424778761062,0.3189823630515558,0.18736585921971582,0.1946658201805249,0.19801980198019803,0.062360801781737196,-0.18287547159046336,-0.18700773741369148,0.0014427033452889537,-0.0010242403550700108,-0.010489498035667844
1977,0.15599204463380045,0.15397746671218845,0.11884935654806965,-0.14812905113226005,-0.14624568949534655,0.15623983807761713,0.15841584158415842,0.11349206349206349,-0.0036422478812978554,-0.07722137763110737,0.19492868133490737,0.1894844656879481,0.16666666666666666,0.2901986597551721,0.1536140259804467,0.19955054932472308,0.19801980198019803,0.07520476545048399,-0.15415192488777962,-0.17113970361031805,0.000247793443816674,0.004438374871969963,-0.005357293056006157
1978,0.14164881911456229,0.1396381017412086,0.10612855007473841,-0.17069793411501955,-0.14120644163406415,0.13900810174567838,0.13519972686923865,0.10236220472440945,-0.013045023095274444,-0.06466470109450728,0.1722709343794216,0.1693410720382383,0.16793168880455409,0.2737566620983706,0.1784678865017324,0.1804654397579592,0.18504609081597814,0.06808199121522694,-0.15334653063296277,-0.1727236289150582,-0.0026407173688839103,-0.004438374871969963,-0.0037663453503289646
1979,0.1453806377932488,0.1410037555479686,0.11289092295957284,-0.16510482180293506,-0.14522787648238877,0.14456495015685092,0.14271082280641859,0.10204081632653061,0.007924528301886724,-0.04768515206167767,0.18523459389258468,0.1816319562990782,0.17010816125860373,0.29641509433962265,0.18823213490934465,0.1930612102789576,0.19562990781836803,0.07261724659606657,-0.13290356394129976,-0.15770427146643318,-0.0008156876363978882,0.0017070672584499902,-0.010850106633042228
1980,0.13999438616784043,0.13451689996585867,0.09169278996865204,-0.20255595759841094,-0.15362904338100514,0.14108476609031848,0.1389552748378286,0.09151414309484193,-0.05304577317617831,-0.06868387462415582,0.1885045714823233,0.18333902355752818,0.1446028513238289,0.2986541515900596,0.18385581627458503,0.19449905084212196,0.19801980198019803,0.05525709900230238,-0.21416544262530002,-0.18462255090039592,0.0010903799224780408,0.004438374871969936,-0.00017864687381011213
1981,0.127397626826378,0.12529873677022874,0.09090909090909091,-0.16503267973856206,-0.12927667790065545,0.12561740689149858,0.12086036189825879,0.0831353919239905,-0.018068474605878015,-0.06500307151313978,0.16597359849380675,0.16353704335950836,0.14867424242424243,0.26467676900010195,0.16841160431520652,0.17172978364259572,0.17446227381358825,0.06378299120234604,-0.16684862512191212,-0.17889139160329903,-0.0017802199348794234,-0.0044383748719699495,-0.0077736989851004135
1982,0.15862600352790068,0.1594400819392284,0.1191904047976012,-0.15781635734962396,-0.1506566191719788,0.15668720714104092,0.15363605326049845,0.10754414125200643,0.048154938738869,-0.051307149544912445,0.1938285052264188,0.18777739842949812,0.15935114503816794,0.2827103248114238,0.17222915711598707,0.2026684227658976,0.20655513827244792,0.06437125748502993,-0.08892278548904298,-0.15291456166350303,-0.001938796386859759,-0.00580402867872995,-0.011646263545594768
1983,0.13969663273035332,0.13793103448275862,0.10643015521064302,-0.17398834478042402,-0.15809064910602533,0.13790930657812578,0.13554114032092865,0.10301109350237718,0.029825617696904838,-0.05565979044279479,0.18239167696016795,0.17890064868555822,0.15648854961832062,0.3103239377991853,0.18522156949051682,0.18528384040699222,0.18811881188118812,0.06309611151870873,-0.15607439122290612,-0.1693467874206661,-0.0017873261522275419,-0.0023898941618299696,-0.003419061708265836
1984,0.1363177802722379,0.13110276544895869,0.10440835266821345,-0.16159809693318727,-0.14171176625894333,0.1363120287890212,0.1317855923523387,0.09706362153344208,0.013712520536692252,-0.06541205680573914,0.17848228096145924,0.17685216797541822,0.16431451612903225,0.32143773959474264,0.20106752546366047,0.18299110405121533,0.18538750426766815,0.0672713529856387,-0.13082300794085433,-0.1758758152678408,-5.75148321668717e-06,0.0006828269033800072,-0.007344731134771368
1985,0.15161702982342998,0.1502219187435985,0.1147036181678214,-0.12585954363243912,-0.14665555119349905,0.14952510447506362,0.14544213041993856,0.1068515497553018,0.008391150169596018,-0.06356117255808502,0.18796958659938467,0.18231478320245817,0.17210682492581603,0.30699969164354,0.18116884671060007,0.19861455885048743,0.198702628883578,0.06784888203546646,-0.10924298489053352,-0.14437899287472067,-0.002091925348366358,-0.004779788323659939,-0.007852068412519606
1986,0.13693857542685242,0.13519972686923865,0.07835820895522388,-0.18185735310301865,-0.15462751168339484,0.13890118335729112,0.13793103448275862,0.0761300555114988,-0.01125894644166181,-0.06549294559580376,0.18428437812776838,0.1819733697507682,0.1388888888888889,0.3081903425995183,0.17934503973340166,0.1867120890481717,0.19153294639808807,0.04996326230712711,-0.1768452939431867,-0.17832151026364051,0.0019626079304387034,0.002731307613519973,-0.002228153443725081
1987,0.1391581759040038,0.13690679412768864,0.09330323551542513,-0.19691879222931563,-0.16187465901604137,0.13872965880403154,0.13622396722430863,0.08333333333333333,0.004454120208290502,-0.05648380900627803,0.18062419872366883,0.1785592352338682,0.1396484375,0.3260274778617869,0.1837619996181289,0.18895265961126667,0.19562990781836803,0.0549777117384844,-0.1943730203092976,-0.1811396531038476,-0.00042851709997226983,-0.0006828269033800072,-0.009969902182091803
1988,0.14214211534926643,0.13690679412768864,0.09719058466211086,-0.16792611564297188,-0.1398506319417847,0.1442586009177905,0.1406623420962786,0.0952,-0.01543236936209269,-0.06406888968507929,0.18837991500145915,0.18470467736428817,0.16258570029382957,0.28609295983256267,0.19494631892366043,0.19082832946722728,0.19528849436667806,0.06533036377134373,-0.1773780454819328,-0.17378275534030962,0.0021164855685240624,0.003755547968589956,-0.001990584662110856
1989,0.13855541577878658,0.13246841925571867,0.09097688292319164,-0.12341992634617294,-0.1343986233741138,0.13875894086585244,0.13383407306247866,0.08753943217665615,0.028200789622109368,-0.05240043004222206,0.18012277914447905,0.17616934107203824,0.15391969407265774,0.3157824889685147,0.1969639387205171,0.1838265744862496,0.18504609081597814,0.05693430656934306,-0.15814007498092297,-0.16697324812239955,0.00020352508706586447,0.0013656538067599866,-0.0034374507465354948
1990,0.15849935989798797,0.15534312051894844,0.10453808752025932,-0.1434964331042935,-0.1253803834801286,0.15970484938388366,0.1597814953909184,0.10170940170940171,-0.019625220651523723,-0.051512157300289796,0.20221974602859405,0.198702628883578,0.16529774127310062,0.2649641851576291,0.1747092853754666,0.21127311452931236,0.2113349265961079,0.06304868316041501,-0.14631566662290107,-0.14731001312726832,0.0012054894858956888,0.004438374871969963,-0.0028286858108576146
1991,0.15038737839800975,0.14680778422669855,0.11715797430083144,-0.14726497190033028,-0.15319664258571009,0.1507380241711984,0.1519289860020485,0.11547714514835605,0.01617679030777841,-0.06710776421387354,0.1991685829640217,0.19562990781836803,0.18385214007782102,0.2831592455705262,0.18096413530497135,0.19715906662189814,0.199044042335268,0.06707317073170732,-0.12432155795881539,-0.14073641018978633,0.00035064577318863477,0.005121201775349943,-0.0016808291524753882
1992,0.14685125164258855,0.14612495732331854,0.11076923076923077,-0.15009588989583722,-0.14213769475684912,0.1437227775687189,0.1392966882895186,0.10892710892710893,0.03786368935092277,-0.0523359026197906,0.1845965930128976,0.1816319562990782,0.17352941176470588,0.32082605470339076,0.17614713813399085,0.19240323295986503,0.19597132127005804,0.07240853658536585,-0.12229123863764557,-0.1557784733093136,-0.0031284740738696526,-0.006828269033799933,-0.0018421218421218466
1993,0.1461300514019155,0.14475930351655855,0.10318076027928627,-0.17899669079926595,-0.14565959886815494,0.14421978334786015,0.1410037555479686,0.09738134206219312,-0.04629810262857481,-0.0691996060980018,0.18847260372490254,0.18641174462273813,0.15815815815815815,0.24525837776910742,0.18528663849519467,0.19434042413240918,0.19767838852850803,0.05832693783576362,-0.17553756448606228,-0.16163631377535115,-0.001910268054055364,-0.003755547968589956,-0.00579941821709315
1994,0.14661866211076433,0.14612495732331854,0.12137823022709475,-0.17112935641735083,-0.15957047133216595,0.14701757485413533,0.14714919767838852,0.1152228763666947,0.046017826725668454,-0.05842603034370886,0.1821915718909995,0.1799248890406282,0.160081053698075,0.30603747397640524,0.17374643647070387,0.1913188025666561,0.1908501194947081,0.06314127861089187,-0.13279017997963172,-0.1480767848562049,0.0003989127433710049,0.001024240355069983,-0.006155353860400045
1995,0.14883507714453756,0.1481734380334585,0.1156773211567732,-0.2079991703539823,-0.15805193640139104,0.14670811099869444,0.14407647661317857,0.10484511517077046,-0.09689574115044253,-0.09553170136926181,0.19071448284428685,0.18607033117104813,0.1595744680851064,0.24868639380530977,0.16023289648944894,0.19758540957689358,0.199044042335268,0.05814843152257077,-0.1201258296460177,-0.15009481557912008,-0.0021269661458431233,-0.004096961420279932,-0.01083220598600275
1996,0.13937637947641965,0.13724820757937864,0.09502262443438914,-0.16221952110196292,-0.13232975227996402,0.14135196756988413,0.1410037555479686,0.09069212410501193,-0.006539729695876906,-0.05458652663668051,0.18078390451011422,0.17787640833048823,0.15319548872180452,0.2698736687230856,0.16286916248148942,0.1865143938484593,0.18846022533287812,0.0625,-0.14486374534042057,-0.18866542303596656,0.0019755880934644865,0.003755547968589956,-0.004330500329377207
1997,0.13997593951422577,0.1396381017412086,0.10725075528700906,-0.20268584810475332,-0.1580895840666786,0.14081627911394254,0.13861386138613863,0.10233682514101532,0.015503010130569317,-0.06399043237883117,0.1843537286358564,0.1806077159440082,0.1533135509396637,0.27868745648620774,0.19676625302122774,0.18984982165542258,0.19187435984977808,0.06591760299625468,-0.16779662910053494,-0.17056055597711617,0.0008403395997167717,-0.001024240355069983,-0.004913930145993742
1998,0.14350076395692746,0.1406623420962786,0.09480812641083522,-0.16962634110247876,-0.15811361299847726,0.14423150118021205,0.1406623420962786,0.08702659145850121,0.028301886792452824,-0.05847428673020583,0.19043484450358752,0.18641174462273813,0.14650934119960668,0.2839437661857196,0.19515308922539398,0.19180615460755795,0.19631273472174804,0.05697151424287856,-0.13078061413244546,-0.16377493835462908,0.0007307372232845943,0.0,-0.00778153495233401
1999,0.1411021171728709,0.1389552748378286,0.10363924050632911,-0.1598875207328727,-0.1331936684560251,0.1407676000435963,0.13690679412768864,0.09555741827326068,-0.00037895846834867797,-0.05183486166762363,0.1832380743650679,0.17616934107203824,0.15346534653465346,0.2599343870941757,0.1578645980827632,0.1901260666346175,0.19494708091498805,0.0627420604182804,-0.14600153047961129,-0.16413293300936083,-0.0003345171292745974,-0.002048480710139966,-0.008081822233068428
