replicate,confidence_aurc_60_100,confidence_error_rate_80,confidence_fnr_80,confidence_grade0_minus_grade4_gap_80,confidence_nonref_minus_ref_gap_80,joint_aurc_60_100,joint_error_rate_80,joint_fnr_80,joint_grade0_minus_grade4_gap_80,joint_nonref_minus_ref_gap_80,quality_aurc_60_100,quality_error_rate_80,quality_fnr_80,quality_grade0_minus_grade4_gap_80,quality_nonref_minus_ref_gap_80,protected_aurc_60_100,protected_error_rate_80,protected_fnr_80,protected_grade0_minus_grade4_gap_80,protected_nonref_minus_ref_gap_80,delta_joint_minus_confidence_aurc_60_100,delta_joint_minus_confidence_error_rate_80,delta_joint_minus_confidence_fnr_80
0,0.14816008556943247,0.14620110764970579,0.31952391851682305,-0.08652709560325667,0.07905541488093526,0.1466333719595883,0.14434060228452752,0.3236505032021958,-0.08007681831967528,0.07841861736066691,0.15963214986497465,0.15978712357217031,0.4210156798502223,0.4133744696354665,0.09943293552952082,0.16572371080572212,0.16424368293527172,0.2719298245614035,-0.11417907229368118,0.03851263942385352,-0.0015267136098441603,-0.001860505365178261,0.004126584685372747
1,0.149441134314046,0.1471889640812077,0.29948672171390317,-0.09278060648441533,0.06823310752592615,0.1480827142758757,0.14541037653999653,0.30369052912405514,-0.08076309521208014,0.06465775606626911,0.16235887685564726,0.16193822661808085,0.4104651162790698,0.4700887946796034,0.10630008483168574,0.16768083613460438,0.16601596390768697,0.25198540459326035,-0.12564119373848182,0.030797074595400042,-0.0013584200381702993,-0.0017785875412111851,0.004203807410151972
2,0.14725628088796966,0.14475051975051975,0.31598427018274344,-0.10469504758429293,0.08693583133438576,0.14584948861747113,0.1428014553014553,0.3174931129476584,-0.10051921778016792,0.07991863582983871,0.15829167400577526,0.1577009702009702,0.4116399622997172,0.4524366743172862,0.10373457208769543,0.16495180653838512,0.16367810117810117,0.26775115409980216,-0.1246833315727306,0.03887867424263913,-0.0014067922704985303,-0.0019490644490644526,0.001508842764914975
3,0.14867086047454808,0.146433858747714,0.31929097605893186,-0.09086003439877055,0.07438996044826729,0.1473941772141616,0.1446921536183924,0.3211745813259922,-0.08730345133309603,0.07117535198701053,0.1586400071588754,0.15936601933292693,0.41336217255467433,0.4392027975725456,0.11360818367559977,0.16666860613742085,0.16563615779848473,0.2738562091503268,-0.12262146371404803,0.021670381683656426,-0.0012766832603864908,-0.0017417051293215913,0.0018836052670603287
4,0.14789937107652118,0.14624934884528565,0.3194852111086024,-0.08305428105255086,0.08108406008185742,0.146256550434638,0.14381837124500782,0.32234924904729884,-0.08351821231334167,0.07436263630289075,0.1578245916160512,0.1560600798749783,0.41626353374798436,0.41775787241342804,0.09956797547401575,0.1656523277281717,0.16448168084736933,0.27145922746781115,-0.11909016911042736,0.032563782177441714,-0.0016428206418831748,-0.0024309776002778283,0.00286403793869644
5,0.14651483259869053,0.14558337680403408,0.3220657276995305,-0.07789101319071323,0.09361073286572208,0.1451309906737672,0.14401843157711702,0.32406542056074766,-0.07768986868897043,0.0893307652336841,0.15799776767248244,0.15814640932011825,0.4226486614546316,0.4336163936716089,0.10195666974819573,0.16388111103935069,0.16171100678142933,0.27428317403867525,-0.11018481530592861,0.042465119662870254,-0.0013838419249233291,-0.0015649452269170527,0.0019996928612171505
6,0.1507865188906613,0.1476252723311547,0.33021296512988535,-0.10318096218488737,0.0704486620917234,0.14931643562581476,0.14544662309368192,0.33325559701492535,-0.10579245218933186,0.06718432774814975,0.16320605794886245,0.16265795206971678,0.43265007320644217,0.4254989068653962,0.10853256276675005,0.16936663170735008,0.16749455337690633,0.28606853020739403,-0.11601640326056317,0.03497622889155583,-0.0014700832648465445,-0.0021786492374727684,0.0030426318850400036
7,0.1538415821641383,0.1531734349294311,0.326374859708193,-0.10767575028224152,0.07272516344629276,0.15205358407003283,0.15087886397090658,0.32818446384598166,-0.1028201413298313,0.07020083775241148,0.16287397425543712,0.16148584293012383,0.41752224503764546,0.3678777165069087,0.0878711176095811,0.1722412062068303,0.17157329638929777,0.27667814113597244,-0.13345968159311006,0.032125591869700654,-0.0017879980941054585,-0.0022945709585245333,0.001809604137788634
8,0.1499209713626882,0.14899526930254764,0.3113230035756853,-0.09067376005887051,0.09315191007413581,0.1483718145516337,0.14682522459962674,0.314218009478673,-0.0868663912725044,0.08774213450713308,0.15876334851122895,0.15841326331322425,0.4069795427196149,0.40136329395870013,0.1018075509813402,0.16869336441121974,0.16579141530315525,0.26401080351114115,-0.12780148174285266,0.03948693644946821,-0.0015491568110544973,-0.002170044702920898,0.0028950059029876907
9,0.1514979681815395,0.14967792479108635,0.3249943143052081,-0.08994992885928388,0.08280951210247345,0.15027612169448898,0.14811107242339833,0.3279873503501242,-0.08487520020822381,0.07647904585033216,0.1626024117122829,0.16251740947075208,0.41782857142857144,0.4521103382691976,0.08745185402071054,0.16907006020066256,0.16721796657381616,0.27650862068965515,-0.12358927269250708,0.03153273546012847,-0.0012218464870505097,-0.0015668523676880264,0.002993036044916131
10,0.15009191560420215,0.1482417534533095,0.3147071971390255,-0.08954683912923078,0.07505286287059942,0.14872398772224196,0.1463244585820733,0.31703505246706853,-0.08257963476360564,0.07400426850682973,0.15995775549204577,0.1592226240794806,0.4125230202578269,0.4381453663075732,0.10231631632861038,0.16774662081271532,0.1654102575275611,0.26720995067553077,-0.12179757279208847,0.03541599592010636,-0.0013679278819601903,-0.0019172948712362081,0.002327855328043027
11,0.15078206310132683,0.1479425920305251,0.3082175653402402,-0.10172027380821347,0.08900669667424532,0.14939029458713007,0.1465550882365694,0.3124268663702317,-0.10336572703378566,0.0834136561450014,0.1630718601774217,0.1636820881932099,0.4145704793545325,0.42029997614478276,0.09610555580751645,0.1689103986859153,0.16550318692277674,0.25564588979223124,-0.1367865866010769,0.05007052991297023,-0.0013917685141967562,-0.0013875037939556911,0.004209301029991508
12,0.14892566648327027,0.14782193682749045,0.3231420507996237,-0.08517151112024557,0.08586003869299519,0.14761885458663573,0.1465636931620965,0.32810304449648714,-0.08189828251280373,0.08198082007734786,0.16142568753278944,0.16096841374522736,0.4264387189983145,0.4227188676488234,0.10719574107905583,0.1669487415330706,0.16426587990281152,0.2722371967654987,-0.10805017920934057,0.04275760963024666,-0.0013068118966345355,-0.0012582436653939544,0.004960993696863425
13,0.14845518986949585,0.1472895241415374,0.3104545454545454,-0.11297801350259096,0.06824588990861169,0.14709048641340086,0.14593864389053512,0.3149659863945578,-0.1093775889287838,0.06611210868404183,0.16150783700687377,0.1611905176921736,0.4156028368794326,0.4022767433977848,0.10452017072630082,0.16708818002234566,0.16458950671082448,0.26318082788671027,-0.13485369950300985,0.02770404664178272,-0.00136470345609499,-0.0013508802510022733,0.004511440940012379
14,0.14773219213630334,0.1469024253166746,0.3320111992533831,-0.11618702208292286,0.06468642469277586,0.14633194148838663,0.1442652717132852,0.33209129017233346,-0.11078689985786905,0.06294496975442432,0.15984389245215078,0.1596991050970559,0.4328072692491631,0.44777636618829,0.08732533889134553,0.16630225433361895,0.16488694825126454,0.28555406011664425,-0.13314717468673487,0.027245143518218273,-0.001400250647916712,-0.002637153603389397,8.009091895033738e-05
15,0.14555625757763888,0.14313110181311017,0.314030131826742,-0.11192095885973441,0.08143546715069172,0.144223988631398,0.14156206415620642,0.31848030018761725,-0.11318432134758671,0.07796864161354067,0.1582172586669645,0.15860355648535565,0.42565100997809685,0.4257855523161646,0.11155351400469216,0.16338292798574006,0.161523709902371,0.2672530446549391,-0.13380304502753482,0.04113362028131018,-0.0013322689462408888,-0.001569037656903749,0.004450168360875251
16,0.14873034087164597,0.14675679188873,0.31586144029170465,-0.08295574678872275,0.07875752528182767,0.14738733369473234,0.14550023831188527,0.31962744207178556,-0.07985998074018563,0.07579320369573217,0.15961071913915262,0.1592356687898089,0.4061417686446548,0.3844332652892692,0.09082654888235919,0.16658651341419228,0.1639585770613978,0.2678648765699437,-0.10878109671743696,0.030057956367402272,-0.0013430071769136298,-0.0012565535768447322,0.0037660017800809076
17,0.1450665003274645,0.14394993045897078,0.30706648070664805,-0.10116176639639873,0.07638328710032383,0.14373847691792102,0.14177677329624477,0.30909932854827504,-0.09402798680577862,0.07272176305404154,0.15739900175659932,0.15764082058414464,0.40071005917159763,0.38293254647301983,0.09296783719230806,0.16380314731527623,0.16263908205841446,0.2593743066341247,-0.12779056350514717,0.03222961477750863,-0.0013280234095434662,-0.0021731571627260082,0.0020328478416269946
18,0.15070220688419375,0.14907858136300417,0.3202721726888785,-0.07528688546362383,0.09429334601852324,0.1491429117746456,0.14712273991655075,0.3218122372723027,-0.07528592627658937,0.09001735744203321,0.16161490133412146,0.16168289290681503,0.42362093352192365,0.4084455975676197,0.09856933459501338,0.1690732769364366,0.16633344923504867,0.27117137141587017,-0.11119862668027436,0.043622881387115786,-0.0015592951095481644,-0.0019558414464534157,0.0015400645834242055
19,0.15060598587777163,0.14789711505039974,0.3215507411630559,-0.11756148994747562,0.07223512895426953,0.14909351602641438,0.14685436218282932,0.32518115942028986,-0.11666330389279045,0.0656295566900148,0.1611881958641749,0.1617570385818561,0.42481989309783874,0.41893057282141066,0.08970793300810465,0.16875052286265457,0.16657977059436913,0.2757496740547588,-0.13004231178179881,0.0259961231044864,-0.001512469851357251,-0.0010427528675704123,0.0036304182572339805
20,0.14962527284235128,0.14812562442986837,0.3153254972875226,-0.10102338732181393,0.07532761045791281,0.1482329319767709,0.1463446418487468,0.31917284783097327,-0.09944140978781368,0.07004776705171634,0.16112089299132346,0.16159159028712913,0.417592811539371,0.4735432579868258,0.11651038902624511,0.16790012871853346,0.16610920463924242,0.26920607746629577,-0.1283136890279324,0.022740370132196208,-0.001392340865580377,-0.0017809825811215818,0.003847350543450645
21,0.15103252598546313,0.148730876216968,0.3140951942975397,-0.08007374766175801,0.0766965379240544,0.1497492293053149,0.14638386648122392,0.31616300366300365,-0.07751783161787518,0.07263738967737743,0.16310523738717364,0.16337795549374132,0.42058963385639564,0.41475928885158464,0.1072469694648337,0.16957753563842012,0.16776773296244785,0.26719402329158426,-0.10894968766645685,0.033541382880436066,-0.0012832966801482326,-0.0023470097357440878,0.0020678093654639684
22,0.14434748776188258,0.1419758449908767,0.31364610621576566,-0.1009182311962834,0.09086592759397194,0.14293386292059548,0.14032496307237813,0.31899810964083175,-0.10000133928032662,0.08371487961198687,0.15832185208351585,0.15917977235207229,0.42965130455986345,0.4258829757454861,0.11210237311623072,0.16247547547291263,0.15996176905030846,0.26853526220614826,-0.11996169363918374,0.04210878226225534,-0.0014136248412870978,-0.0016508819184985757,0.0053520034250660875
23,0.15176410162532392,0.15050355964577183,0.31468692449355434,-0.09481461676954317,0.07902749381404994,0.15037508352641135,0.14937489147421426,0.31768208886852956,-0.09541111937758784,0.07433363619010536,0.1630463773458482,0.16322278173293975,0.4183745583038869,0.398525664084181,0.10014985312180102,0.17017232954577036,0.16782427504775135,0.2675060746631323,-0.13217999588272367,0.03998313266941944,-0.0013890180989125644,-0.001128668171557573,0.002995164374975212
24,0.14487388781709026,0.14282622808915818,0.31755379388448474,-0.07802503745521339,0.07587972898313566,0.14368072979412602,0.14213373728630166,0.3201349831271091,-0.0737174280703995,0.06954367607426393,0.15992553744428303,0.16005193681021423,0.42003268736866683,0.4702599666503829,0.10375836178217146,0.16255967824362735,0.15983553343432158,0.26647936027663716,-0.11981184045044257,0.03110495509377531,-0.0011931580229642413,-0.0006924908028565213,0.002581189242624349
25,0.1516911626522613,0.15006096498867794,0.33310611224721653,-0.09487003099028823,0.07643313696315124,0.15028999392743547,0.1479707368054346,0.3339370613538601,-0.09316391368276467,0.07304176094703807,0.16321481270242208,0.1627765197700749,0.4325516600882285,0.4316881108224556,0.09635747105781634,0.16899895066846424,0.16713116181849852,0.2848418756815703,-0.11296649153717986,0.03743231277784942,-0.0014011687248258187,-0.0020902281832433367,0.0008309491066435526
26,0.1472844202172223,0.1448590021691974,0.30658627087198514,-0.0784252438891726,0.08726061971478016,0.14614580280837694,0.14381778741865509,0.3121680905102748,-0.0746505346109666,0.08321207603077285,0.1591656281668257,0.1595227765726681,0.4096271826333176,0.4063973360719969,0.10302863195775569,0.16505407977551864,0.16164859002169196,0.26258205689277897,-0.11256002964836809,0.032285658110892235,-0.001138617408845355,-0.0010412147505423075,0.005581819638289631
27,0.14758552194582905,0.1446804828451521,0.3186219319972979,-0.11403930521206251,0.0665257058441685,0.1463067755653835,0.14320944922770734,0.3217488789237668,-0.11245438508500372,0.06250124630770348,0.16015644985848135,0.15982347596590663,0.42017197304206366,0.4108867597124459,0.0957559908984934,0.16542980065818688,0.16315493445247264,0.27392241379310345,-0.13616275516969045,0.02437478754119271,-0.0012787463804455612,-0.0014710336174447447,0.003126946926468921
28,0.15055140495414723,0.1480092451266844,0.32237614463489084,-0.08654219819210951,0.07483453334116186,0.14912022432962263,0.1463084906894597,0.3234949636917311,-0.07936798072812268,0.07266012127975952,0.16038353206990402,0.1600889625397933,0.42092574734811955,0.4637118844096963,0.09897050722272871,0.16840864295199098,0.16523483493960142,0.27280919125929265,-0.12183011154034218,0.03569511623591859,-0.0014311806245246028,-0.0017007544372246997,0.0011188190568402478
29,0.149415538236515,0.14776662049861497,0.3117206982543641,-0.0976438250077436,0.07977481984565471,0.1482575685055592,0.14633829639889195,0.31427285006753714,-0.0997848400435083,0.07324280871196398,0.16165262206947673,0.16235283933518005,0.41916724819725515,0.43214251010050747,0.10337434394156952,0.16710446986763877,0.16451696675900276,0.26669538991813874,-0.12438130119439061,0.031100801397830447,-0.0011579697309557768,-0.0014283240997230162,0.0025521518131730314
30,0.14836714731230932,0.14738262042556896,0.316943674976916,-0.10694388426821178,0.0843342605221995,0.14706706939238506,0.14490231060441233,0.31828650391524643,-0.10325044954828044,0.08220394343369264,0.15995223917220863,0.15991471215351813,0.41719372218318107,0.3898662639100075,0.09775525817979247,0.1659367912032978,0.16500587441799747,0.26816263052654965,-0.11821746293570645,0.04833190172643409,-0.0013000779199242585,-0.002480309821156629,0.0013428289383304315
31,0.15036410732922473,0.14808688460366518,0.3186285714285714,-0.07856243566363674,0.06903368006044763,0.14904509231507343,0.14721629739259132,0.32,-0.07447652120848958,0.06903368006044763,0.1640277865047059,0.16406215992687068,0.4215662937395858,0.434399282185089,0.10628237893922021,0.1691710832956271,0.16737039132895137,0.268164957451451,-0.10304725326488606,0.024506499791570158,-0.001319015014151298,-0.0008705872110738588,0.001371428571428579
32,0.1484426308517516,0.14618736383442266,0.29563399907106364,-0.07167340806414524,0.08077485280848562,0.1471982297043904,0.14501089324618735,0.3,-0.07912421339425502,0.07776982311429681,0.16158387087983284,0.1621350762527233,0.3997165131112686,0.42535876114241494,0.09644393621389913,0.16729086162669465,0.16474945533769064,0.24838924683403688,-0.10578256502449745,0.038919082067997435,-0.0012444011473612127,-0.0011764705882353066,0.004366000928936353
33,0.14903043535936308,0.1465984477301305,0.3106818710728415,-0.08169515845535635,0.08180649410555119,0.1477370300490506,0.14508086545549148,0.31154025127966495,-0.08560988193552288,0.08159198126615153,0.16014248068720988,0.1605168451632485,0.4061982493494204,0.44026655280850346,0.09682239286352712,0.16754047683317808,0.1650695919871656,0.26564580559254325,-0.13258656369752098,0.03697331067102305,-0.0012934053103124954,-0.0015175822746390233,0.0008583802068234392
34,0.1499394781800238,0.14924531575294933,0.32070175438596493,-0.09727907654182644,0.07028003830796359,0.14825497051278821,0.14720680083275503,0.3227537922987165,-0.09814600328651646,0.0681068769502653,0.15806743613004257,0.1570090215128383,0.4030858244937319,0.417456432594897,0.09787918755073222,0.16884538742909144,0.16720159611380986,0.27114093959731544,-0.11940638282946126,0.027903391832846403,-0.001684507667235574,-0.002038514920194301,0.0020520379127515476
35,0.14830444499757256,0.14639756944444443,0.3180420903286829,-0.08799638869342397,0.08221282924400464,0.14661518617896468,0.14479166666666668,0.32299741602067183,-0.08672313758812511,0.07613649309925785,0.15739322206923856,0.1578125,0.4186942905324018,0.4489509065884217,0.09913976564722793,0.16616158069441103,0.16414930555555557,0.2692913385826772,-0.12502246002558015,0.03533823612738651,-0.001689258818607875,-0.0016059027777777513,0.004955325691988921
36,0.1488380517818839,0.14867440651533528,0.31251440424060845,-0.1043560207260561,0.0840160072978069,0.14758722387956438,0.14642176399237566,0.31473829201101927,-0.1009623462872703,0.08040228694709928,0.16159300958770112,0.1616704210708716,0.41246498599439774,0.38029633046227684,0.09570745549127235,0.16784036526338467,0.1653526251949402,0.265962131219727,-0.12996506055835655,0.040863934874652674,-0.0012508279023195068,-0.002252642522959619,0.002223887770410826
37,0.14612905168760743,0.14410385550538382,0.3013635313149988,-0.08667702920036602,0.0803749019448069,0.14466243009565563,0.142801319902744,0.3050299953853253,-0.0843491575069899,0.07887870649817874,0.15507078212706413,0.15517540812782216,0.3973024136299101,0.4126778660929585,0.10196286481758299,0.16453256733513186,0.16246960750260508,0.25526315789473686,-0.11178327863239923,0.030572967792759198,-0.0014666215919517944,-0.0013025356026398205,0.003666464070326503
38,0.15282846042128073,0.1502772483105181,0.31737193763919824,-0.09612591582365448,0.07758414183674978,0.15145063923716917,0.1482845260786692,0.3187472234562417,-0.08806241158899719,0.0750829840458157,0.16453034704752212,0.16457286432160803,0.4131873146246863,0.4084210835637328,0.0998861321392448,0.17074326745636656,0.16959798994974876,0.26672347677886665,-0.12122648371657907,0.03506445939087122,-0.0013778211841115606,-0.0019927222318489035,0.0013752858170434368
39,0.1473419244755406,0.14599013755515183,0.3082706766917293,-0.09373550934842478,0.07241195058190975,0.14571217778054932,0.14417337139890993,0.30902067711883663,-0.08407514685657547,0.06986012371830264,0.15831230737717583,0.15771260489661734,0.4031389084094636,0.4393317531558617,0.0979302192179814,0.16550311595543948,0.16355221039882342,0.26124755487937407,-0.12011448019134674,0.0273296759915167,-0.0016297466949912742,-0.0018167661562419057,0.0007500004271073224
40,0.14927083581008868,0.1469113736431405,0.32099322799097063,-0.09629801375685909,0.07654304275264023,0.14796264629060837,0.14521121234578666,0.3250843644544432,-0.0933804776257825,0.07337799892979713,0.16217778872977712,0.16182048040455121,0.42496493688639553,0.42808305639281763,0.10861548682411704,0.16672647098944532,0.16474127032564628,0.27580225498699046,-0.12499549166602264,0.038140511035477,-0.0013081895194803073,-0.0017001612973538416,0.004091136463472589
41,0.152068271775663,0.15039979141317572,0.32884527612962117,-0.09023413554413484,0.07332577516494787,0.15084897382805262,0.14870502346601772,0.33151308304891924,-0.08445430778253815,0.07055664026343089,0.16643428834595636,0.1662610811750391,0.4260686755430974,0.4207731509554626,0.09483982324596474,0.17063772145619388,0.1689118720667478,0.2788378143972246,-0.1144094754316729,0.024333388445800574,-0.0012192979476103871,-0.0016947679471580046,0.002667806919298077
42,0.14816424685062302,0.14620593853099498,0.3095074455899198,-0.08910557242073269,0.08383604285285418,0.1467679450622318,0.14464316721653064,0.31381039197812216,-0.08533810336446124,0.07896431727019715,0.16081167917678127,0.16035770098975516,0.41108216907411793,0.45640668042321203,0.11391365297186695,0.16642907063025575,0.16391734676159056,0.2613512926352379,-0.12856222570479636,0.033424273780142455,-0.0013963017883912021,-0.001562771314464334,0.004302946388202333
43,0.15174144383759972,0.15017391304347827,0.3273852010468713,-0.08847577835012499,0.08349775542531523,0.15039600820699958,0.14795652173913043,0.3285849952516619,-0.08336615912935885,0.08153689836348121,0.1617129794034214,0.1607391304347826,0.4267085245109877,0.42850415372572787,0.09700588185128234,0.17018495042353882,0.1686086956521739,0.2767938237965486,-0.123642937403732,0.03970528104435733,-0.0013454356306001336,-0.0022173913043478377,0.0011997942047906052
44,0.15067315348370103,0.14888725001084552,0.31634046426945833,-0.1119246426876348,0.06313350739881618,0.14918058442016924,0.14697843911327058,0.31882086167800455,-0.11174360116062287,0.05970652119220832,0.16149460216856903,0.16203201596460023,0.4204326923076923,0.4596522045475674,0.11325318067045798,0.16891837453937908,0.16723786386707734,0.2719298245614035,-0.1325071071031888,0.027578525505258522,-0.00149256906353179,-0.0019088108975749418,0.00248039740854622
45,0.14856642928778588,0.14648905141265073,0.3167210060549604,-0.06510333855300943,0.08124259642760034,0.14726877421732287,0.14531365634931,0.31851851851851853,-0.06557667772080089,0.07565387992109252,0.16215761989167277,0.16250925079448,0.4171867498799808,0.4152395435823851,0.10875627769040885,0.1669610340785431,0.16525183927560838,0.266815144766147,-0.10758814419375629,0.039112271993924974,-0.0012976550704630052,-0.0011753950633407173,0.0017975124635581374
46,0.14949268092158277,0.14850538755648246,0.3278803458752045,-0.09512278773403637,0.07893306979673675,0.14809301412954035,0.14698470629127564,0.33146853146853145,-0.08750939333101537,0.07655946736982566,0.1618863617539948,0.16184393465415364,0.4292508917954816,0.4192399326808818,0.0949009406686846,0.16805178381220146,0.16575425790754258,0.27301302200269423,-0.11362669057821595,0.04117121300496818,-0.0013996667920424255,-0.0015206812652068247,0.0035881855933269646
47,0.14773598380391767,0.14625378951927243,0.3018207282913165,-0.09369389863020428,0.08488259144496924,0.1462928233998885,0.14395842355998267,0.3038828179493141,-0.09321158055234491,0.08123789563758277,0.15778904543875089,0.1582070160242529,0.40539900544636515,0.4112258072449155,0.09796061757735597,0.16589029808059727,0.16362061498484193,0.25554569653948533,-0.1222133757961783,0.03685836433587708,-0.0014431604040291701,-0.0022953659592897524,0.00206208965799759
48,0.14693778950309183,0.14468196037539102,0.3073341094295693,-0.10334799171858577,0.07788411652049387,0.14545271847897193,0.1430309350017379,0.31130113242431245,-0.10256054072679577,0.07099244378123082,0.15936807468709693,0.1595846367744178,0.422438330170778,0.46163356259455346,0.09489793359554977,0.16515951414084468,0.16206117483489746,0.26232044198895027,-0.13440386490691958,0.028350218707040353,-0.001485071024119905,-0.0016510253736531089,0.0039670229947431634
49,0.14951927143022256,0.14788457366022997,0.3181057163358048,-0.08729286406836034,0.0903678062750175,0.14792178550176804,0.14528097201128226,0.3194873012105388,-0.08815650177599099,0.0834110906057608,0.16056297873695077,0.16081579518333694,0.41607795371498174,0.4284992017050356,0.10689000598950227,0.16846660845164313,0.16676068561510088,0.26916951080773605,-0.12656562077900746,0.04384477023686317,-0.0015974859284545173,-0.002603601648947712,0.0013815848747339987
50,0.1519987308332079,0.15067778936392076,0.3164677804295943,-0.09600940814478442,0.08989017423606194,0.1503623464523296,0.14920055613486272,0.31900668576886343,-0.09215526099067062,0.090324594200627,0.16078473028716547,0.16001911713590547,0.4195888754534462,0.38181742272844327,0.10183672326160287,0.17060321883844312,0.1685349322210636,0.26640926640926643,-0.11732241775724517,0.04362444800987619,-0.0016363843808782919,-0.0014772332290580448,0.0025389053392691485
51,0.1466578249468447,0.14559154685605405,0.31367713004484304,-0.10870143177171299,0.06185998517848812,0.14517400912072806,0.1442057855534384,0.31705150976909413,-0.1080853012590689,0.05253335941637427,0.15796092492527614,0.1575437380911138,0.4036847014925373,0.418066874255937,0.09831861315766055,0.16469510902729986,0.16360644379005715,0.26578215279263856,-0.1388802227057545,0.01671063773916437,-0.0014838158261166468,-0.0013857613026156401,0.0033743797242510865
52,0.14685770449480856,0.14496912775023915,0.31774383078730906,-0.0949637529361883,0.07564010970929558,0.14530317485308974,0.14305591790590486,0.3209356725146199,-0.09142963276100458,0.07129447469771089,0.15751446412699116,0.1564049047743282,0.4186673199412053,0.44029708501137993,0.11322985255950313,0.16494593715263697,0.16362292373249848,0.2699594046008119,-0.12065233391585295,0.036746676355612795,-0.001554529641718816,-0.001913209844334296,0.0031918417273108513
53,0.147087292334814,0.14382845188284518,0.3056959118052366,-0.10267951111865559,0.07451546947442511,0.14576974058885644,0.14330543933054393,0.31011646494633477,-0.09275476715894293,0.06916597517351197,0.16102075515700787,0.16126220362622037,0.4142448785135779,0.4566024444067221,0.10789631391212295,0.1651569452582601,0.16287482566248257,0.2601626016260163,-0.12747566909975672,0.03236145438322957,-0.0013175517459575459,-0.0005230125523012497,0.004420553141098182
54,0.1454029819009394,0.14306176483354313,0.30234677603098653,-0.10002394725832742,0.07264586703832321,0.14404551064487306,0.14167281566040194,0.3039637599093998,-0.0958765273590213,0.06711271016620901,0.15923601659104503,0.15955553626459482,0.4043245756800744,0.39945909490904374,0.0913734749131716,0.16407203244045074,0.16255045791918052,0.2555458895171814,-0.13701257952365153,0.028167798335558603,-0.0013574712560663338,-0.0013889491731411963,0.0016169838784132473
55,0.14641092943959047,0.14515356131561752,0.3079650200898133,-0.10460944119779514,0.06250731442925417,0.14481556876863805,0.14341102156392943,0.31313131313131315,-0.10318838219530069,0.0567719024253619,0.15488613799489334,0.15478109344369417,0.4059212136041106,0.4048121331920698,0.09427267322004163,0.16518231875602063,0.1634937922021346,0.2630024982966159,-0.13182513892372638,0.024565358095813505,-0.0015953606709524226,-0.001742539751688088,0.005166293041499848
56,0.14938630021118027,0.148694369740609,0.3061087491608861,-0.08845411823875649,0.08169366026983049,0.14825351417759286,0.14726294786154245,0.31026785714285715,-0.08509756308398364,0.07939957211874171,0.16208471046713302,0.16179404875509673,0.4172018348623853,0.41304345197831305,0.10442598831243721,0.1670818352856556,0.16565455018651862,0.2604166666666667,-0.11634848872277259,0.03268359522384334,-0.0011327860335874074,-0.0014314218790665578,0.004159107981971055
57,0.14592563619329801,0.14444926279271467,0.30984919886899154,-0.07362023472105395,0.08482763099342949,0.14463978353385767,0.14258456201214223,0.313436329588015,-0.07838561644905684,0.07878085485336828,0.15831483989696624,0.15784908933217692,0.41477408558450873,0.3836576309010193,0.09800096472713415,0.1645332991904836,0.16231569817866434,0.260341726618705,-0.11030454699066827,0.04077254768726957,-0.0012858526594403397,-0.001864700780572437,0.003587130719023446
58,0.14430537493590345,0.1420819586733808,0.2893081761006289,-0.08808150528446446,0.07151044710326959,0.14300566912906565,0.1403455461017538,0.28961504028648166,-0.08564697632323104,0.0681373128059456,0.1578368388513749,0.15805695433234937,0.3951706524262828,0.4249597560320272,0.10207947667276873,0.1626391997885395,0.16066157318978988,0.24248323599394334,-0.11176503637441793,0.03546007430061893,-0.0012997058068378031,-0.0017364125716270162,0.0003068641858527399
59,0.1509739601820099,0.15032991838860912,0.3355550448172834,-0.09052731452491547,0.07672892939266718,0.14953752156316835,0.14876714707414482,0.34070191431175934,-0.08988715195096719,0.06882973521479097,0.1643807271219084,0.16391734676159056,0.43496503496503497,0.4089946759121279,0.08975192519943587,0.1690391480194739,0.1669994790762285,0.28536853685368535,-0.11102119680136868,0.0353115328924517,-0.0014364386188415457,-0.0015627713144643063,0.0051468694944759585
60,0.14638165728011743,0.14486062717770035,0.3267211201866978,-0.08926931178562791,0.07878885373831856,0.14501695807371312,0.14351045296167247,0.3320947515095216,-0.08260299043475261,0.07425874991348991,0.15646373642464984,0.1573170731707317,0.4205164652925847,0.38804516730550087,0.09259488444255859,0.16443104344859502,0.16319686411149825,0.28037176366452754,-0.11895093062605755,0.028310553975941177,-0.0013646992064043073,-0.0013501742160278718,0.005373631322823813
61,0.1529210515553734,0.15101297123769034,0.31112121901296336,-0.08152847865249824,0.06347066693855252,0.15135105265592036,0.14901739620840745,0.310172570390554,-0.07944583506629233,0.06197250214177663,0.16200278925310094,0.16229230835972408,0.40774162906673,0.4484065221310153,0.10327904582430925,0.17181635972540177,0.16975402368660797,0.26324972737186475,-0.12080812933509755,0.02323424096800264,-0.001569998899453029,-0.001995575029282881,-0.0009486486224093427
62,0.1438130101147039,0.14260280515871293,0.2984971098265896,-0.10207602963230622,0.08145678547486912,0.14219706705751844,0.14047505319379913,0.301129813234955,-0.0990313536196138,0.078893083898389,0.15530843985782977,0.154500846758435,0.39877733364683754,0.39521263246916594,0.0968389949337497,0.16212887454678415,0.15997220895392766,0.25022026431718064,-0.12461115607708961,0.035523798896267444,-0.0016159430571854594,-0.002127751964913799,0.002632703408365411
63,0.14485433820601823,0.1438951602439341,0.3132666969559291,-0.09079257246376804,0.07381839890093467,0.14373646190164932,0.1421651312659487,0.3142404346841748,-0.09707427536231883,0.0706390995286661,0.16041466502726873,0.16076294277929154,0.4217289719626168,0.4728698671497585,0.09967670046205268,0.1631896678096006,0.16167120799273388,0.2628135223555071,-0.11369565217391309,0.03503094655925776,-0.0011178763043689088,-0.0017300289779853817,0.0009737377282456605
64,0.14995963774616955,0.14799861074932708,0.3197310456758637,-0.10060093305660045,0.07887534631594073,0.14852706888222036,0.1461752192411218,0.32140383283306395,-0.09459519737763988,0.07501436189893429,0.16362323950422608,0.1622384301467396,0.4200528973310892,0.43840322454031294,0.11190821299477216,0.16867452147727113,0.16692715116783885,0.27026426826560074,-0.11442884948207943,0.03812051080309664,-0.0014325688639491851,-0.0018233915082052632,0.0016727871572002617
65,0.14731407379799127,0.1459508723201111,0.3293926750115902,-0.09074875673244831,0.07508973983479095,0.1460572388532098,0.14477909903654196,0.33202312138728324,-0.08606831403198723,0.0727238215672299,0.15939288732166693,0.15901397448138183,0.42610546228422796,0.42061792401664755,0.09337183553867268,0.16517985847457672,0.16348407256314557,0.27901289461983103,-0.12219468956002122,0.03551437972285887,-0.0012568349447814875,-0.0011717732835691552,0.0026304463756930407
66,0.14982540620571463,0.14725626921910867,0.3136081049965462,-0.08680347455125892,0.08301034949473385,0.14857317929757163,0.14651998787301312,0.3184727937814358,-0.09181206556032295,0.07642015116277823,0.16156317629170613,0.1624150028151934,0.416783543712015,0.39254054822262885,0.09682850728754377,0.16822815117162584,0.16600978821083634,0.26704545454545453,-0.1058032710348824,0.033477568483584186,-0.0012522269081430004,-0.0007362813460955464,0.004864688784889604
67,0.1459869536317759,0.14444251777353911,0.3215271389144434,-0.07941250484091567,0.0783069216948089,0.14472279262114435,0.1431420149124328,0.3243366880146386,-0.07416127561600139,0.0731888222376319,0.15753971991977908,0.15736084619386162,0.4168031827755675,0.4179157182284781,0.09430098249848717,0.16379639979357327,0.1625195075429166,0.2772558444395892,-0.10994001349737159,0.02947172270757792,-0.0012641610106315648,-0.0013005028611063063,0.0028095491001952078
68,0.1500256541855923,0.14699891657638137,0.31679478220358726,-0.09441799915672211,0.07893895451546185,0.14860525049316245,0.14561213434452872,0.3193023255813954,-0.09715724189442809,0.0774331411614253,0.1618254033330333,0.16221018418201516,0.4220514052366082,0.3922426670388819,0.10690405966185434,0.16823251113018806,0.1649837486457205,0.26770601336302896,-0.12305590416850798,0.03656106440900564,-0.0014204036924298502,-0.0013867822318526513,0.002507543377808119
69,0.1465275991145282,0.14420567252479555,0.3157771535580524,-0.08651061849902819,0.09041988286647684,0.14525844185852196,0.1428136419001218,0.32146182495344505,-0.08184557178736174,0.08528040182958085,0.15759041792175063,0.1578214720723856,0.4155905142052125,0.4042692901882355,0.09320376842812883,0.16419915896758622,0.16338959457108057,0.2675711743772242,-0.11580444731785511,0.04245139318878066,-0.001269157256006237,-0.0013920306246737457,0.0056846713953926375
70,0.14964573447106008,0.1479154026176649,0.3196966214663296,-0.0943611282388439,0.09195908601978231,0.14814627031652775,0.14657189910722024,0.3219021490626429,-0.09193838833139534,0.08710933488325201,0.16118730429624584,0.16005027303458438,0.42328288707799766,0.4105411227825002,0.10376717574350824,0.16730508932835375,0.16451417179509403,0.26844755857236696,-0.12495729615373641,0.046413597085410596,-0.0014994641545323373,-0.0013435035104446547,0.002205527596313317
71,0.14854272023055415,0.14622046216110363,0.31339769248881566,-0.09692399880155789,0.08570246584994168,0.14725189896539734,0.14482788633099786,0.3168849391955098,-0.09446619996414296,0.0794414467698642,0.16040650826516098,0.16058140040906915,0.41419975932611314,0.43157359288346836,0.10556500913846345,0.16674799114952155,0.16515078985160364,0.2645146828065456,-0.12226590372275081,0.0395004629831629,-0.0012908212651568107,-0.001392575830105769,0.003487246706694147
72,0.1487234026168779,0.14710226779042487,0.3243307273158019,-0.11417790193736366,0.0748094076815835,0.1472688739305974,0.1451907203058476,0.32627617031286754,-0.1143879117725688,0.06824949415428327,0.1596488109041233,0.15896255104700668,0.4251090644692196,0.4256690882691266,0.09558246718470109,0.16693300773194172,0.16474063776175168,0.27040470269048156,-0.14356364309732927,0.03063932326442831,-0.0014545286862804874,-0.0019115474845772806,0.0019454429970656162
73,0.147173150631277,0.14601540192091372,0.3194509073987901,-0.08271446627415846,0.06786141296219028,0.1458327316695807,0.1446309595915895,0.3238781678679377,-0.07825163189555862,0.067211233773799,0.15787015400464463,0.1568313576187592,0.409891435464415,0.41410829706898755,0.10102055157014078,0.16530932154042186,0.1647053733667907,0.2741863575568435,-0.10354441315755791,0.027116850489675826,-0.0013404189616963158,-0.0013844423293242203,0.004427260469147598
74,0.1486327606656321,0.1463690062543433,0.3242178447276941,-0.0858457628065471,0.08458608824581626,0.14734911848441967,0.14584781097984711,0.3267943687975998,-0.08064586708377564,0.08074320690198822,0.1610052200536454,0.16070187630298818,0.42267798208392265,0.437878237714839,0.10017110702911913,0.16626792271748256,0.16322098679638639,0.272887323943662,-0.11616343593467782,0.035696097816003136,-0.0012836421812124355,-0.0005211952744961779,0.002576524069905717
75,0.14400186101840265,0.14165655865534568,0.2984872431700158,-0.10896267424373629,0.07723622827138332,0.14270125246908832,0.1406168774909028,0.3011722272317403,-0.10871067208767815,0.07576239024260156,0.15805677768190418,0.15829145728643215,0.39540816326530615,0.41619452880241037,0.1018703781810214,0.16192269487467664,0.15907121815976433,0.25248594898400345,-0.13768634727054585,0.035758215175667796,-0.001300608549314325,-0.0010396811644428905,0.0026849840617245158
76,0.1489975636076506,0.14808558558558557,0.31261180679785333,-0.08969308025387801,0.08336897704389301,0.14741153342015562,0.1460932085932086,0.31596526386105545,-0.08132222709882975,0.07941518934716318,0.15855343517191328,0.15804747054747054,0.4041732819233386,0.41879431236559994,0.09647890466989206,0.16670787116737076,0.16497747747747749,0.26106288376032183,-0.12724675727174473,0.031137360629198252,-0.00158603018749498,-0.0019923769923769763,0.0033534570632021143
77,0.14908739898581694,0.14730136567913085,0.3045464930317569,-0.10243476744461,0.08282823240780424,0.14759032160015445,0.1458178803612723,0.3094588449295134,-0.10120341798491406,0.07837918383416731,0.16152743463610292,0.16139447619878702,0.4119014411901441,0.4329646083090965,0.09871769159936483,0.16665215912481615,0.16287796151664558,0.25587979094076657,-0.12529867465891087,0.03727844939199754,-0.0014970773856624875,-0.0014834853178585516,0.004912351897756517
78,0.14924297816824203,0.14682695239339694,0.31676591846083374,-0.09572229530282661,0.08352913841258514,0.14783991598653146,0.14495404852127705,0.3176014591883265,-0.08938730161015263,0.07928863435127453,0.1615193922992328,0.16076484167428895,0.4199767711962834,0.39940452303958524,0.09646267579958268,0.1673249679196058,0.16498976436255935,0.2672620344151601,-0.12793344646330862,0.035823467722840174,-0.0014030621817105737,-0.0018729038721198854,0.0008355407274927562
79,0.1515542369646424,0.14966721410666436,0.33074204946996466,-0.0922296946197666,0.07720497756857814,0.15012844752233692,0.14815455095513874,0.3346707576115176,-0.08665185996272251,0.07894128425281866,0.16320102533709915,0.1622439277379203,0.42643818849449205,0.43790866199323375,0.11193111125338706,0.17050878604127248,0.16859711297432795,0.2858751971164677,-0.11571178425782369,0.03509954047574737,-0.0014257894423054807,-0.0015126631515256228,0.003928708141552939
80,0.1498677225728943,0.14833993298812062,0.3225806451612903,-0.08288735944756787,0.07185876889503884,0.14869101318220854,0.14764370566990123,0.32727272727272727,-0.08469620813981915,0.06720464042222896,0.16109638677621996,0.16069796788651494,0.41726452210136544,0.40235616291860177,0.09555251384752605,0.16768789927379005,0.16548453069927332,0.27740828148465996,-0.12162101258860913,0.023625073813190012,-0.0011767093906857595,-0.000696227318219389,0.004692082111436957
81,0.14526092625006223,0.14245250130730347,0.30609010640706363,-0.11899512686436642,0.06481671806482991,0.1439687046146561,0.14084016036255884,0.30930389727416085,-0.12080265006905622,0.06012294651306482,0.15734602401932718,0.15766079832665156,0.4133709981167608,0.4008598852883171,0.1008734177124806,0.16296738590460838,0.1602754052640753,0.2638316337600347,-0.1465512614063339,0.0238528936130612,-0.0012922216354061267,-0.0016123409447446335,0.0032137908670972215
82,0.14524947173510735,0.14338010982306285,0.3031206975676916,-0.10449928437336276,0.07754934566132632,0.14387365038414457,0.14233417589122288,0.3079031521242577,-0.1026563503033796,0.07328273927226947,0.1583686680311886,0.15732589558092913,0.40311909262759926,0.40659741585561154,0.10442896591238382,0.163703956850691,0.1606380196984224,0.2559510810220572,-0.142931889862137,0.030403345062249176,-0.001375821350962786,-0.0010459339318399652,0.0047824545565660626
83,0.1532489365421362,0.1511269379424154,0.3106267029972752,-0.10086982536863354,0.08495204342401141,0.15183816638295752,0.14891214661050073,0.31099074700970436,-0.08994943527245147,0.07927396846127621,0.16439869119126724,0.16428540409084988,0.4063854047890536,0.42618928020966007,0.08894772580519539,0.17159528742045307,0.16980066878012767,0.26407766990291265,-0.12231539571788164,0.03637295763172155,-0.0014107701591786759,-0.002214791331914684,0.0003640440124291766
84,0.15280009630617228,0.15081739733749622,0.3265811388701328,-0.07775717254184655,0.08944067694390179,0.1514148054743302,0.14912623043233164,0.3295989244902532,-0.07134600056210061,0.08527748165259452,0.162214773966502,0.1615714843241837,0.4130092279990997,0.3958864526077014,0.08944067694390179,0.16987814031317205,0.1696804128181779,0.28173241852487135,-0.10265792185573064,0.043437368974956425,-0.0013852908318420787,-0.0016911669051645761,0.0030177856201203945
85,0.1495060675898972,0.1484497474307612,0.3149441340782123,-0.10119653856013522,0.07965956131220442,0.1480229668649491,0.14670789061139175,0.3192771084337349,-0.10116120360555103,0.07535640056448367,0.15962128942125833,0.15959763107472566,0.42049808429118773,0.434398924708833,0.10547852579852868,0.16796229088809816,0.16691342971607734,0.266916464624201,-0.1259095286594195,0.027806474302169648,-0.0014831007249481165,-0.0017418568193694473,0.004332974355522601
86,0.14308762655086896,0.14047432890278863,0.3180129990714949,-0.09691081838268478,0.0757474436004607,0.14193051705380283,0.13904091738337243,0.32238667900092505,-0.09361486589158541,0.0723035858497183,0.15699544934860415,0.15667622274346277,0.41887694145758664,0.38754557232309383,0.10222210005929266,0.16103069843896667,0.15915211536790896,0.2726873214678093,-0.13473829470871412,0.02344385401106086,-0.0011571094970661278,-0.0014334115194162,0.004373679929430163
87,0.15170551616182715,0.15170345906483573,0.3334090392913922,-0.08968981818807698,0.07131018724183003,0.15030636537354322,0.14918303493829307,0.33559322033898303,-0.08889435516721078,0.06663271521046377,0.1641624467594365,0.16408830175560576,0.4374706158909262,0.4582772043763375,0.1029894296360837,0.16976738429568095,0.1682600382409178,0.28502837189000435,-0.1235165030607972,0.03325257389571323,-0.001399150788283926,-0.0025204241265426586,0.0021841810475908274
88,0.1454430044142043,0.14343907089616917,0.31044083526682137,-0.09946876667838778,0.08396750618615001,0.14396835430935204,0.14135898769284105,0.31270207852193993,-0.0923688232355474,0.07969475243375779,0.1576145978055849,0.15743629745189808,0.41095238095238096,0.4707739170214292,0.10746765182430817,0.1631785019808699,0.16120644825793032,0.25906277630415564,-0.11791911757175189,0.0382490410355516,-0.0014746501048522598,-0.0020800832033281147,0.0022612432551185613
89,0.15117339247518533,0.15004344048653345,0.32470481380563126,-0.10375305490856157,0.07189659287827199,0.14955688097368414,0.147871416159861,0.3260329645518176,-0.10431076890333413,0.06658508335712299,0.15899660058109055,0.15873153779322327,0.4100820633059789,0.38986311168698884,0.10142858581586,0.1694592540951665,0.1685490877497828,0.27118274885645827,-0.1159177748005169,0.03216650166007795,-0.0016165115015011888,-0.0021720243266724615,0.0013281507461863074
90,0.14964367496996248,0.14658363454252493,0.30228351797422565,-0.0853090229329373,0.07127968527916873,0.14843649978174525,0.1451029917693681,0.3069306930693069,-0.07880464367115303,0.06682680614269854,0.16099136416386578,0.16173844880895352,0.40728631480616534,0.39264592684222943,0.10117758805261112,0.16787466707046153,0.1654400557418456,0.2599309153713299,-0.11757065874007433,0.02696293577810871,-0.0012071751882172244,-0.0014806427731568206,0.00464717509508128
91,0.14939958658852723,0.1481914157147802,0.3205752725585711,-0.09488368821933313,0.08002471737591055,0.14805787074907675,0.1459847698165455,0.32071115215885476,-0.09382846434073344,0.07574117285290494,0.16049593241238425,0.1605226722049152,0.4129093497864262,0.43485743326195914,0.1007999083124872,0.16756682950224594,0.16658013153340256,0.2734684883208462,-0.1185456377264914,0.03140648703979809,-0.0013417158394504747,-0.002206645898234688,0.00013587960028366153
92,0.1461555364761862,0.14579983486158793,0.3088401537418042,-0.09511740899813148,0.06136578372435131,0.14468009726350917,0.14323584372691323,0.30871425354649856,-0.09272022158076121,0.05752186765890965,0.15725482881367328,0.1563600017382991,0.40004753981459473,0.42550007943440504,0.10749277650965128,0.164593481291256,0.1630959106514276,0.26004319654427643,-0.11917229075081182,0.01716074897177211,-0.0014754392126770377,-0.0025639911346747035,-0.00012590019530561714
93,0.1476555884975406,0.14619399739016964,0.32180974477958235,-0.08502195816990288,0.07436719411603265,0.14637933949238882,0.14480208786428883,0.3258556891766883,-0.08352838484393899,0.07135043555177212,0.16109235093278182,0.16124401913875597,0.4219598583234947,0.400738292924512,0.09052840071028478,0.16640330295908626,0.16502827316224444,0.2750277469478357,-0.11910754171921267,0.03234805697097698,-0.001276249005151775,-0.0013919095258808079,0.004045944397105927
94,0.1484015588370318,0.14755020775623268,0.32208517570397954,-0.07737767236260851,0.0793574495624223,0.14680275548986063,0.14503981994459833,0.3235020901068277,-0.07240997361291279,0.07742399789468601,0.15776966524914823,0.1575917590027701,0.42181647940074907,0.39990142680280566,0.08472814863946765,0.16627219000160973,0.16473337950138503,0.2746368715083799,-0.11110048724652077,0.04111807213385932,-0.0015988033471711627,-0.002510387811634346,0.001416914402848135
95,0.14525046299707875,0.1433654430269895,0.32435597189695553,-0.09733490494074204,0.07365625810389698,0.14379131975323492,0.14145621799878505,0.3281322775966465,-0.09723613650290763,0.06844964222438732,0.1575088917758629,0.1563394949231971,0.41676589664205765,0.4065471793704756,0.08905916341411324,0.16344113712522992,0.1612861234053632,0.27912186379928317,-0.12852586636527064,0.031569446411193525,-0.00145914324384383,-0.0019092250282044532,0.0037763056996909516
96,0.14926283314856226,0.14589124391938846,0.3211136890951276,-0.09863996852698176,0.08305300503756974,0.1479755359804492,0.14471855455177207,0.3263279445727483,-0.10138344014305023,0.078774532981161,0.1617323832153399,0.16100590687977762,0.42705882352941177,0.43765603226719707,0.09588842120679586,0.16707037777532124,0.1636118832522585,0.2748836178230991,-0.11798973143759872,0.040054360870662276,-0.001287297168113044,-0.0011726893676163863,0.005214255477620666
97,0.15130111597533208,0.14918303493829307,0.32324152060095607,-0.08424927484326994,0.07597008157133922,0.14965484466234344,0.14787936728663306,0.3277234478053218,-0.08096536648078112,0.0751213364257386,0.16093742504051942,0.16061185468451242,0.4206088992974239,0.4175293145769596,0.10206899479855924,0.16934621585074366,0.16739092647314444,0.27320375627866345,-0.11104958095485873,0.03650343230090902,-0.0016462713129886397,-0.001303667651660012,0.004481927204365743
98,0.15029245990550655,0.148555768226901,0.3175081056044465,-0.08973418962730006,0.07753672050755878,0.148612188865341,0.14629371846180617,0.3185799907791609,-0.0822868846310425,0.07324343587258864,0.15949611032392516,0.15890899599791194,0.40766713417484807,0.39274028692625484,0.08612328977749872,0.16894890055712714,0.16721767878893334,0.2695862676056338,-0.1154427724855398,0.029022604132397434,-0.0016802710401655485,-0.002262049765094837,0.0010718851747144043
99,0.14856997572217595,0.1475167434983039,0.31555255458023856,-0.09239608553272982,0.07198628972646304,0.1472843512942478,0.14612507610681047,0.3201793721973094,-0.09366394528793542,0.06839665437237019,0.16241887681740802,0.16373836653039922,0.4195754716981132,0.4568842980925796,0.11485075895474928,0.16693901928622093,0.16513003392189265,0.2698174006444683,-0.12416473068748035,0.02722142531071592,-0.0012856244279281503,-0.001391667391493434,0.004626817617070844
100,0.1469982377933915,0.1462510897994769,0.30881681132937416,-0.1199828621300032,0.07604499080589067,0.14573528317414347,0.14542284219703575,0.31407778030475325,-0.12609724844955206,0.0720000444864285,0.1592821917184238,0.15919790758500435,0.4178436911487759,0.42813229007737086,0.10372093930747461,0.16473006438307458,0.16207497820401046,0.2599869024230517,-0.14473701849629061,0.03282793276110951,-0.0012629546192480245,-0.0008282476024411567,0.005260968975379088
101,0.14954268663355164,0.14785553047404063,0.32445576655859193,-0.08994557752145005,0.0766505773797127,0.1481245383834417,0.14637957978815766,0.3267670915411356,-0.09009126516713772,0.07729463196591091,0.1626377660426598,0.1613995485327314,0.42106514503090825,0.4362207932010663,0.10069528193111521,0.1681322973837929,0.16678242750477512,0.2758467023172905,-0.12101153356843797,0.04015415082847662,-0.0014181482501099407,-0.0014759506858829652,0.002311324982543661
102,0.14634477144322203,0.1450189155107188,0.3265544647031323,-0.09135129090285687,0.08270337813186679,0.1448024792382322,0.1434534939339914,0.3302238805970149,-0.09246573997737961,0.08055120442519315,0.15496044588797797,0.1554550593555681,0.41488857278330965,0.3920036727893959,0.09561642037190865,0.16440308272427462,0.16271687611427577,0.27932339194302247,-0.10972733182624994,0.03643164343838334,-0.0015422922049898313,-0.0015654215767273993,0.0036694158938825883
103,0.15018719042432294,0.14784082022764794,0.31889674036927285,-0.10201278628557486,0.08695128002459052,0.14871008016230244,0.14679815796333304,0.32274892265819916,-0.10039549258472724,0.08231855706318891,0.16320681290490155,0.16252498045008254,0.4148301193755739,0.39685196299458736,0.09347920783383834,0.16809015515792466,0.16578330002606656,0.26766688410524025,-0.12030542172066305,0.04230867694199281,-0.0014771102620204923,-0.001042662264314903,0.003852182288926309
104,0.14786523517151332,0.14574986936073855,0.308294930875576,-0.09211679308202958,0.06957524753006894,0.14665758094985848,0.1448353945305696,0.3121413816846454,-0.08099749950134127,0.06591565839637092,0.16133441407025806,0.16255878766765372,0.4187168355041003,0.4268624240351238,0.11133761764403349,0.1667585661690027,0.16412645880508622,0.26305353602115006,-0.11963676408018886,0.026736527670898957,-0.0012076542216548358,-0.0009144748301689598,0.0038464508090693683
105,0.1479429064116272,0.14621965518738872,0.30980027868091037,-0.10465364876026129,0.07276278956501292,0.14629781116036344,0.14478655491379686,0.3132808884775567,-0.10726537789014612,0.06930981244590484,0.15784755546040552,0.15742389369001608,0.4102870813397129,0.4516215866946891,0.09995498437798966,0.16627592998105817,0.1646762496200113,0.26352103271756067,-0.11701699261217291,0.03240611948543637,-0.0016450952512637451,-0.001433100273591864,0.003480609796646328
106,0.14489876558228337,0.1424423643612411,0.32339930151338764,-0.0905021017454033,0.08896393955990511,0.14348284372644918,0.14131565262610504,0.32799814428206914,-0.09332965966295936,0.08555045506839798,0.15712890506340144,0.15726295718495406,0.4251855398611444,0.42662666862327414,0.11413838768477036,0.16191171425900666,0.15869301438724215,0.27221974095578383,-0.11201980129929823,0.04992221068829206,-0.0014159218558341957,-0.0011267117351360656,0.004598842768681499
107,0.14966261291287122,0.14848603327685825,0.30866999546073537,-0.09759937229038074,0.0682348741521428,0.14831095218673035,0.14748685868195838,0.31382738364211477,-0.08869341664225971,0.06397497273124197,0.15954108754634544,0.15969416568921327,0.40311541184800564,0.4292417224409804,0.10423104115875481,0.1678626302309393,0.16625396411659932,0.26223175965665235,-0.13233500023502953,0.014134126106702394,-0.0013516607261408742,-0.000999174594899871,0.0051573881813793965
108,0.15014961491642093,0.14837310195227765,0.3093637992831541,-0.13035301160703716,0.07087060392032973,0.14862224090291046,0.14711496746203906,0.3135328271549799,-0.12824169569729116,0.06792394732972051,0.16169232147170623,0.1603470715835141,0.4087727484834344,0.4210859995922386,0.10833523771521747,0.16843115013728502,0.16668112798264642,0.26116023290920853,-0.1437523401284715,0.034458347479231044,-0.0015273740135104685,-0.0012581344902385938,0.00416902787182577
109,0.14984726988658187,0.14829955640601897,0.3157894736842105,-0.09464370390374999,0.07492700311716827,0.1485017913055435,0.14703835783247804,0.3199637434851575,-0.08891225894345367,0.06982584363850874,0.16345691492839162,0.1627815951987475,0.42132335749357025,0.43700126602528266,0.0987324140175786,0.16806406408438654,0.16582586761763937,0.2676148796498906,-0.12295819020309728,0.03645575871561224,-0.0013454785810383674,-0.0012611985735409281,0.004174269800946984
110,0.15228424326275325,0.149886976178056,0.3129471497807524,-0.1258394620306238,0.07284174839116575,0.1509132543539909,0.14784385324291427,0.31448275862068964,-0.11984725537844476,0.06918891735090071,0.1652834079291586,0.16497130933750653,0.41818181818181815,0.4369074254475644,0.09389924497622237,0.17132142185618643,0.16923143801078072,0.2676801057501652,-0.1472609094380154,0.02857803107971979,-0.0013709889087623606,-0.0020431229351417224,0.0015356088399372525
111,0.1484553133710759,0.14735971442253276,0.3145809414466131,-0.08356014609067863,0.08186424237172685,0.14712811234211962,0.1459231204562274,0.3169223723379895,-0.08180525507711633,0.07931235607970599,0.1605920465084703,0.15998432806582213,0.41707717569786534,0.43552949147416664,0.10142870394388581,0.16655886673994083,0.16385877845979713,0.2639470782800441,-0.111307924488799,0.043585947991415575,-0.001327201028956282,-0.001436593966305355,0.002341430891376395
112,0.1487340762132198,0.14746403581207354,0.32744405182567726,-0.08225016793025808,0.0784490777356388,0.14724181344461046,0.14585596940327697,0.329892069450962,-0.08360702003337883,0.07475766179027787,0.1590303798907463,0.15815550436785605,0.41836980043279637,0.41891894363029253,0.09712329957687704,0.16669757978200644,0.16602199139467164,0.2783113692204601,-0.10824674715128113,0.028072107187182005,-0.001492262768609337,-0.0016080664087965713,0.0024480176252847374
113,0.14901808743313255,0.14748029095343873,0.33098591549295775,-0.10644367747557304,0.08031541178316559,0.147630960312546,0.14556383117731608,0.33090994371482174,-0.09226505433709775,0.07944984991252468,0.15913612310282008,0.15876127009016072,0.4203867271425161,0.4294103539502145,0.09567913498704139,0.16688977622959877,0.16433642580251753,0.27992799279927993,-0.12461153375727319,0.04049956573368463,-0.0013871271205865565,-0.0019164597761226476,-7.597177813600808e-05
114,0.14610978136882136,0.14380588592759788,0.3207058823529412,-0.09753080443820561,0.08547556908800924,0.14466598567415104,0.14237346991926383,0.3254396248534584,-0.09574519579844132,0.08224046686965347,0.1591388132486385,0.15817345255664556,0.4296476306196841,0.433053121857033,0.11459148905321148,0.16421432945909825,0.16103828457331365,0.2708286548394341,-0.11177802518138447,0.041693852399594,-0.001443795694670319,-0.0014324160083340476,0.004733742500517224
115,0.1484856600676264,0.14672383179593781,0.3238466834978196,-0.06586513326066268,0.09052793646213919,0.14714119775299928,0.14494824823524316,0.3265446224256293,-0.054670855576243516,0.08778695647749768,0.16224845533736976,0.16222770776493006,0.4291421856639248,0.444073614717271,0.11203408711086438,0.16605674011401025,0.16361352908059418,0.2773882559158633,-0.0857157141556868,0.04688310132207918,-0.0013444623146271206,-0.0017755835606946546,0.0026979389278097288
116,0.14988949975577584,0.1492932096088804,0.3190311418685121,-0.11564944162207924,0.07316011123928512,0.14863336784230088,0.14734194779290608,0.3224695891668579,-0.10908113853335755,0.06843898121298941,0.161645361097998,0.16126094874685631,0.4143463898065125,0.4358823271936978,0.09397600271886164,0.16812794129918723,0.16633422946838955,0.27164310954063603,-0.13245533404825494,0.031742925099509156,-0.001256131913474956,-0.0019512618159743256,0.0034384472983458036
117,0.14856897158280588,0.14667244743117278,0.31801385681293304,-0.08005043157792646,0.07276036682363685,0.14721135761518422,0.14498157381313678,0.32003668042182487,-0.07617570481114266,0.06588561279125815,0.1602926576462911,0.16011272490786907,0.41999050332383664,0.4452611475422066,0.09811102231803337,0.16709210939616212,0.16479514415781488,0.2705986304395847,-0.10916690912617599,0.030437662311805336,-0.001357613967621657,-0.001690873618035993,0.0020228236088918328
118,0.1485556703533955,0.1469389524800555,0.32826887661141807,-0.07947600368056562,0.07674956050381165,0.14739265149922276,0.1457682969129379,0.33066178154339365,-0.07638340399491061,0.0718351955495029,0.16126771276067195,0.16129032258064516,0.42775665399239543,0.4109074179247069,0.10580841414668019,0.16690450603027443,0.16553936871314603,0.27695700110253585,-0.10119992603647987,0.03593896457890067,-0.0011630188541727482,-0.0011706555671175956,0.0023929049319755813
119,0.14498955178402195,0.14334604054756542,0.3095349929544387,-0.09446202461388176,0.08129619084741024,0.14384915050651767,0.14187315889793797,0.3128361000701426,-0.0960060535644246,0.07719250427434765,0.15875500348872879,0.1597643389360596,0.41205910390848427,0.42774834045009513,0.09468716808582534,0.16339339535705577,0.16067405995494716,0.2616655503460594,-0.1173851265846203,0.03356383649757588,-0.0011404012775042827,-0.0014728816496274444,0.0033011071157039162
120,0.15040912055885775,0.1492258176757133,0.3279832519190509,-0.10577973489237946,0.0823822061028614,0.14903073543429188,0.14726861517049408,0.3310120705663881,-0.09915653012552617,0.08045155945009252,0.16162897726493286,0.1616214335421016,0.4285375118708452,0.427854243142415,0.10104512374629326,0.16852795848536073,0.1666231732776618,0.2784669915817457,-0.12338554243890032,0.036261202731161624,-0.0013783851245658674,-0.001957202505219219,0.0030288186473371725
121,0.14206026416442535,0.1408102123225218,0.31217555450684287,-0.07371127908700159,0.07816938095370496,0.14060910980119137,0.13811818852850505,0.3104744011272898,-0.07102267674522011,0.0738213241819694,0.1544296546271465,0.1536624549520212,0.4146282392831194,0.42136653327404777,0.10186629035966377,0.15981292667125174,0.15730971299552776,0.26033243486073676,-0.10824959241144205,0.03164517349613449,-0.0014511543632339807,-0.002692023794016757,-0.0017011533795530664
122,0.15099302470502915,0.148983412425443,0.3189238905495516,-0.1009252817860744,0.07750929575444654,0.1497468408644157,0.14706778701728418,0.320330426801285,-0.10160538866001179,0.07558692584925719,0.16261995530911852,0.1620444947537986,0.41884695531373,0.4135821713268766,0.08391719543841103,0.16900336414270042,0.16696416909747921,0.2713501646542261,-0.1262393752952672,0.03350838459122407,-0.0012461838406134518,-0.0019156254081588164,0.0014065362517333702
123,0.14967794482737654,0.14884897104987793,0.32052483598875353,-0.08442428026503435,0.0888027325742703,0.14842951578909208,0.14767178235088943,0.32527319228086493,-0.08524739503367529,0.08171740816674866,0.15960662248336852,0.15926927101499824,0.416367552045944,0.43113642722130097,0.1079116377945557,0.1672414347074958,0.16506801534705268,0.27301161751563896,-0.11724822070734986,0.044143718126861686,-0.0012484290382844543,-0.0011771886989885016,0.0047483562921114
124,0.1492701949931811,0.14762421349533522,0.32624768946395566,-0.12001189711051763,0.07482957275588586,0.1477199842033885,0.1460620525059666,0.3302540415704388,-0.11215152906028503,0.07440035426952152,0.15785665552664785,0.156780212627468,0.41885809049988154,0.4034189333664118,0.09779276177637963,0.16716830909545738,0.16532870470817965,0.28063590196511373,-0.13478140619216206,0.031693114876267026,-0.0015502107897925888,-0.0015621609893686217,0.0040063521064831464
125,0.14735831041326183,0.1464751958224543,0.31529411764705884,-0.10313784615290467,0.08441533089063902,0.14603324590366787,0.1447780678851175,0.3159501996711299,-0.09801613710110468,0.08290328555738813,0.1575763360671463,0.15809399477806788,0.4169068203650336,0.4115109944327919,0.10299188784200797,0.16556489854935522,0.1637075718015666,0.2648052240486377,-0.1305195142958988,0.04315809394050585,-0.001325064509593965,-0.001697127937336812,0.0006560820240710807
126,0.1488455083411092,0.14758446753924426,0.3118204950266019,-0.10275213286233376,0.08495818363688701,0.14772441615066156,0.14597556202982997,0.31448275862068964,-0.10046305326196103,0.0792015853305158,0.16124545339082202,0.16071661521067965,0.4177600749765698,0.41554876507090277,0.09668458759430965,0.16673080235129095,0.16497804061399313,0.261878453038674,-0.12384326983507798,0.041890300011444004,-0.0011210921904476479,-0.0016089055094142823,0.0026622635940877215
127,0.15314204778394278,0.15141242937853108,0.32513100934153566,-0.0926839826839827,0.07987486622538431,0.15175975717226087,0.14976097348978704,0.32651205093224195,-0.0875513375513376,0.07796964191126965,0.1643385566425679,0.1651890482398957,0.4225643382352941,0.3996015096015096,0.08770745507229993,0.17094292528064325,0.16923076923076924,0.27492381367000435,-0.12190476190476196,0.03647809018166259,-0.0013822906116819078,-0.0016514558887440467,0.001381041590706289
128,0.14928635217070554,0.14776482866585494,0.3119815668202765,-0.0736448372666283,0.07859415015135052,0.1478730832069398,0.14602539572099496,0.31517241379310346,-0.06690051248760831,0.07645748862292401,0.16107352336425218,0.16102800487041224,0.413664014974263,0.40010623063658507,0.09269611623896579,0.1674598082406184,0.1649852148199687,0.2621763931548925,-0.10246531773108825,0.03201492883165169,-0.001413268963765757,-0.001739432944859981,0.003190846972826955
129,0.14433153588843484,0.14099341192787795,0.3083352681680984,-0.09706493099142122,0.07203027919971916,0.14306655403134227,0.14025658807212205,0.31325023084025855,-0.09470900607126254,0.06663556086540834,0.15884935821994103,0.15867718446601942,0.4177767013804795,0.4335587307722926,0.11044067374001287,0.16264612106575038,0.1610610263522885,0.2629014396456257,-0.13306474791429823,0.027146222658252506,-0.001264981857092562,-0.0007368238557559081,0.004914962672160128
130,0.14891548025836948,0.14760770729595152,0.31939953810623556,-0.09559731844853592,0.08785364983322952,0.14753778255672703,0.14596232950855165,0.3232857800276116,-0.09217847749114083,0.08445800273722515,0.1622744278361582,0.16280580212167137,0.42648444863336477,0.4311685853888014,0.1061052529742531,0.16649434973480884,0.16397488633903443,0.27037773359840955,-0.12807809499184775,0.04604474496367561,-0.0013776977016424496,-0.001645377787399871,0.0038862419213760435
131,0.14997726098805114,0.14760339159024052,0.3224621038125861,-0.08413874647556951,0.07553754656558398,0.14836124276572044,0.14639210936148123,0.32525714285714286,-0.0736833350087841,0.07105650566762556,0.16093563302631467,0.16010555459422046,0.4187632259581472,0.4427761741319969,0.09708921945576476,0.1681548683857082,0.16620522581761552,0.2740057130301033,-0.12102858319092002,0.03350111528473643,-0.0016160182223307062,-0.0012112822287592973,0.0027950390445567463
132,0.1484189480684869,0.14645498042627228,0.3183066361556064,-0.08627704420953686,0.08296144751210177,0.147082909628703,0.14428012179208352,0.32210334623264286,-0.09097663050416238,0.07808780846850882,0.16116958674730456,0.1605045672031318,0.41684112584321936,0.3984929889253037,0.09800615934232393,0.16595313618388388,0.16285341452805568,0.2693743139407245,-0.11522215763959742,0.04376043781363581,-0.0013360384397839153,-0.002174858634188759,0.0037967100770364692
133,0.14433689545595813,0.1425787171380311,0.31528363806844817,-0.08617577915447838,0.09240796001925633,0.14326140069678675,0.14119277578067477,0.31854273703876695,-0.0791804467272369,0.08898764329555164,0.157200833107838,0.15782407206895058,0.4235714285714286,0.4391844655513235,0.10651676650453801,0.16216262417562285,0.15912339209147214,0.2666223404255319,-0.11557727646397187,0.03982059039229724,-0.0010754947591713748,-0.0013859413573563406,0.0032590989703187856
134,0.14964650544238317,0.14864098425025085,0.32084837545126355,-0.10874335257166179,0.06664222099284856,0.14835157248109554,0.14685223157802887,0.32203009207275995,-0.0988901345927069,0.062177803842610624,0.16215315173455142,0.16247109637450374,0.4145319049836982,0.3988082110622279,0.09597981940869771,0.16775222710806664,0.16587408926312117,0.2745435016111708,-0.14029312465983312,0.01923436268317935,-0.0012949329612876315,-0.001788752672221977,0.0011817166214964092
135,0.14991703864443123,0.1478155234500412,0.32024373730534866,-0.10428161036360517,0.06901512722346836,0.14840270362963917,0.14647056271421754,0.3225371120107962,-0.09662748405241983,0.06583642708279003,0.16061432259934755,0.15970324092151503,0.420735940754455,0.43164595763672253,0.09232559492177606,0.16781588225276584,0.16577725714781552,0.27555651610114545,-0.13400299767325718,0.02748011205193801,-0.001514335014792062,-0.0013449607358236582,0.0022933747054475484
136,0.14995633182977522,0.14904679376083188,0.3211344922232388,-0.09550161622098152,0.0675072888744157,0.1484515764366068,0.14631715771230502,0.32084095063985374,-0.08845797825448132,0.06665059739123791,0.1616459490423654,0.1606585788561525,0.41968541468064824,0.407156479576844,0.10520171413424173,0.16872335905774388,0.1667677642980936,0.27244650341936905,-0.11463649720834568,0.03302545667650669,-0.001504755393168411,-0.0027296360485268567,-0.00029354158338507075
137,0.15119406209209008,0.14973958333333334,0.3162315550510783,-0.10219863891357428,0.0778806442058868,0.14997012505489773,0.1482204861111111,0.32004504504504505,-0.09969936250889044,0.07048224814301196,0.1613257384018331,0.16137152777777777,0.40754454987271466,0.39308024708416545,0.0956367947567861,0.16952414400442087,0.16848958333333333,0.2697795071335927,-0.14132914641933036,0.031165057637449145,-0.0012239370371923408,-0.0015190972222222376,0.0038134899939667455
138,0.15435440192277666,0.1529616724738676,0.32155963302752294,-0.1085011213881718,0.07966280805858095,0.152940058706054,0.15143728222996516,0.3230593607305936,-0.09977059387942533,0.07540544043255004,0.16708348127150707,0.16781358885017422,0.42058479532163745,0.41679942267074704,0.09775662046921174,0.17282000181281135,0.1708623693379791,0.26923920192940143,-0.12786216530594907,0.03687626341697148,-0.0014143432167226522,-0.0015243902439024404,0.0014997277030706635
139,0.15217976123190738,0.1488768936096117,0.3224711473183978,-0.09372057170983583,0.07689595556563911,0.15085925732107375,0.14791920598990074,0.3258655804480652,-0.08951176512470937,0.07689595556563911,0.16503034661292854,0.1651575831446979,0.42532169117647056,0.42641364141522026,0.09104858163355356,0.16987532778529374,0.16694236461779557,0.27598102630444155,-0.12792185579712168,0.030635879313799186,-0.0013205039108336314,-0.0009576876197109618,0.0033944331296673624
140,0.14717752871257977,0.14612347607271464,0.31586368977673324,-0.0823449036966949,0.08599267514837061,0.1455832817449684,0.14334678294069156,0.3164438189068731,-0.07363527074742526,0.08426971533040462,0.15795632414091337,0.1571000911102434,0.41191957874581137,0.4370831872986218,0.10257616339629516,0.16529150927957537,0.16421536726105254,0.2642602495543672,-0.11348093012957916,0.03581147045010591,-0.0015942469676113735,-0.0027766931320230837,0.0005801291301398837
141,0.15010949964857606,0.14792462660646058,0.32124115902349987,-0.07110283207820445,0.08062899933067813,0.1485248564032079,0.14597082320250088,0.324551442198501,-0.06472951717768227,0.07639466695610309,0.16023768326192775,0.15956061132337618,0.4147126436781609,0.43205555670268997,0.08761564774872677,0.16812204136226128,0.16694164640500173,0.2728648648648649,-0.09927825580507366,0.029393577598321174,-0.001584643245368167,-0.001953803403959703,0.0033102831750011497
142,0.15332347326790235,0.15218706777316734,0.3245786824250383,-0.07052424554983405,0.07295786409529714,0.15207026391437556,0.15037171507607192,0.32728861699803363,-0.06142719704643962,0.07130629954305501,0.16368968512318074,0.16307918395573998,0.42070383912248627,0.42765349060128993,0.11280185891813921,0.17036250525110208,0.16882780082987553,0.27645336679213717,-0.11263237210013055,0.02898495789184985,-0.0012532093535267963,-0.0018153526970954292,0.002709934572995343
143,0.1488732175503431,0.1473853091665944,0.3130291627469426,-0.09811703487487455,0.07476356842509568,0.14731384386308435,0.1454774087243084,0.3168733910601451,-0.0935746732172339,0.07019845551492443,0.15955743475778206,0.1593964096782586,0.42414710863779337,0.4313984142551769,0.10063254158273272,0.1671707830985361,0.16390599254184374,0.26564610535794686,-0.1274827483432197,0.03346016590449863,-0.0015593736872587527,-0.0019079004422860035,0.0038442283132025246
144,0.14659386363265153,0.1443227565906238,0.31337047353760444,-0.06820731126458679,0.08422013584891719,0.14496641937085014,0.14302411151032424,0.31681333950903195,-0.06273070969278394,0.0820840754041986,0.15812818471291945,0.15691961386952946,0.4182883939038687,0.40777834008097164,0.09340519576120754,0.164665375712236,0.16159473615860787,0.2649021352313167,-0.10114312931650393,0.044062199488206444,-0.0016274442618013918,-0.0012986450802995597,0.003442865971427511
145,0.14616690248338962,0.14277056277056277,0.3030518097941803,-0.1148380010100043,0.07572225907033814,0.1447596357906708,0.1406926406926407,0.30624263839811544,-0.11239462373685516,0.07179703604609666,0.15763418995035922,0.1570995670995671,0.41629519564140666,0.4296105198306525,0.11693710082487319,0.16434160200771175,0.1625974025974026,0.26144086995922067,-0.13041947335072213,0.034943553207385625,-0.001407266692718817,-0.0020779220779220675,0.0031908286039351585
146,0.15365634249250942,0.15290120230005227,0.32837528604118993,-0.07154268579574585,0.08773695687161276,0.15211455333095453,0.15198640878201777,0.3319615912208505,-0.07599358501695919,0.08689218134283094,0.16182563752826687,0.16161352151942848,0.4206478676299231,0.42650881138475144,0.10442127356505249,0.17086763811826833,0.16810419933786375,0.2765817223198594,-0.09537020456317025,0.04929967031204263,-0.0015417891615548962,-0.0009147935180345013,0.003586305179660576
147,0.1515364451794486,0.14917990106743037,0.3194539249146758,-0.09141301176699401,0.07585506102790762,0.15030093644569195,0.1474008504729671,0.32130777903043967,-0.08775000810399036,0.06737294213642786,0.16332770424582074,0.16388961208018746,0.4201503053076562,0.43122953742422765,0.10490631823122565,0.16981348890284734,0.16783823657033758,0.27063132945485885,-0.12201367953580344,0.023690029845307548,-0.001235508733756635,-0.0017790505944632606,0.0018538541157638866
148,0.15235936654350643,0.15018172377985461,0.31121642969984203,-0.09738291059045767,0.07284130074456052,0.15112668834519677,0.14862409138110072,0.3136241007194245,-0.09570806551938627,0.06925201925859659,0.16413482418221373,0.1645465559016961,0.40974605353466026,0.3985163683276891,0.08550935304796226,0.1703584611684641,0.1678348909657321,0.2608034744842562,-0.12027092404450901,0.03610394906469527,-0.0012326781983096613,-0.0015576323987538943,0.002407671019582447
149,0.14887647921714567,0.1467674661105318,0.3191391941391941,-0.08885905343986622,0.07424619363450558,0.14752591228919387,0.14511644073687868,0.3220223183785015,-0.08612069320631566,0.06933911761843181,0.16306428334875722,0.1630604796663191,0.4223471539002108,0.4092661191522731,0.0953679556167355,0.16690082356168584,0.1645811609315259,0.2735024048972453,-0.12306578563941861,0.030295860620976334,-0.0013505669279517962,-0.0016510253736531089,0.0028831242393073664
150,0.14374432040162496,0.14102675469075748,0.296649604467194,-0.09160201592652661,0.09311075926545509,0.14264047320615691,0.13959346768589298,0.3001623753189515,-0.08566564784576902,0.09034615927987821,0.15722944846660591,0.15605455177206393,0.40236406619385345,0.4081331843403161,0.10757174380539503,0.16154474073685246,0.15883425990271022,0.249611370197646,-0.12088741744116671,0.04951514410828306,-0.0011038471954680495,-0.001433287004864503,0.0035127708517574963
151,0.14721944093119627,0.14396177237185057,0.30936720344749374,-0.09662490642882149,0.07196116864396396,0.14578828503818939,0.14309296264118157,0.3131358806240109,-0.09492848398781517,0.06898932097135191,0.15840767756044447,0.1585577758470895,0.41761363636363635,0.44347323934070065,0.11123201288919515,0.16484715959858098,0.1627280625543006,0.2644628099173554,-0.11369547123868984,0.031841225063700906,-0.0014311558930068802,-0.0008688097306689957,0.0037686771765171323
152,0.15147016245178677,0.1491538594370575,0.3176470588235294,-0.0998467270190988,0.07505502014734922,0.15012248450526547,0.14764289414608875,0.3198942498347654,-0.09155319490927039,0.06797828502530301,0.1644249612436091,0.1649974097737869,0.42096884239254034,0.44219298044190836,0.0975340611232608,0.169778688715067,0.16836470385080296,0.2708245243128964,-0.1327935292395479,0.028223684780866787,-0.0013476779465212974,-0.001510965290968752,0.002247191011235994
153,0.15053101452518378,0.1496912237975124,0.31646734130634774,-0.1116618240607794,0.0741577212332517,0.14912020549697494,0.14816908758806646,0.3179945054945055,-0.1131202586742942,0.06987508800160913,0.1644394169891632,0.16386883534835175,0.4146283543101401,0.40469073272207207,0.10349375887000345,0.16987181032265106,0.1688266504305471,0.26867974432444347,-0.1440571615922941,0.03368683719422927,-0.001410809028208837,-0.00152213620944594,0.001527164188157737
154,0.14887417483930873,0.148115840893231,0.3235501291382954,-0.09560751775225995,0.07135256315921257,0.14721638637593168,0.14571702721563154,0.32608187134502925,-0.0899424894181412,0.06786386651928478,0.15863475929412943,0.1581036287508723,0.4174733785091965,0.40705114130567727,0.09904409273863968,0.1672412900732261,0.16569260293091417,0.2769646476018915,-0.11768008460549673,0.03166863888003357,-0.0016577884633770523,-0.0023988136775994484,0.0025317422067338557
155,0.14637440641931437,0.14468251553739842,0.30708478513356563,-0.10829617690117743,0.07035748593298785,0.14491841389098375,0.14294406536572646,0.309634089856415,-0.10805781938238457,0.06754560261595566,0.1570389691363802,0.1566778217219349,0.4000950344499881,0.379470733448101,0.0911221627356883,0.1643895368788949,0.16219740101699334,0.26206285967242143,-0.12947097188509882,0.024285859276996447,-0.0014559925283306185,-0.001738450171671957,0.002549304722849366
156,0.14961955467089436,0.14743060683723558,0.32025227750525576,-0.10064122709471546,0.07504882386658551,0.14834913382242462,0.14577994005473263,0.3216115510013973,-0.08668350819513615,0.07223621879828623,0.1627374052730346,0.16076625689587767,0.41928520028783883,0.4338708117777885,0.09928049830116403,0.16820023736483078,0.16632639763694018,0.2700290113813881,-0.12542607455398147,0.03177797666198123,-0.0012704208484697332,-0.0016506667825029464,0.0013592734961415665
157,0.15225928804451933,0.15123966942148762,0.31824448529411764,-0.0999459875363693,0.0729803372437986,0.15078320298087428,0.14989125706829057,0.32084578257871754,-0.09724026883939452,0.07319453274226173,0.16147566995368387,0.160852544584602,0.41786471835965117,0.4268411371152249,0.0963276465762648,0.1701916688159851,0.16807307525010876,0.2694926422139249,-0.1289088972795044,0.02992704205273733,-0.0014760850636450495,-0.0013484123531970482,0.0026012972845999016
158,0.15024374346100114,0.14896485734168408,0.33178222429036763,-0.10345788798254152,0.07583048811588411,0.1488852177429966,0.1473990953375087,0.33379823337982334,-0.09209460469342123,0.07496779769363282,0.1617646392338415,0.16249130132219902,0.4263120057512581,0.42650347997605653,0.10278956381123538,0.16901661523984263,0.1667536534446764,0.2832369942196532,-0.12936867130663465,0.032695967003322,-0.001358525718004544,-0.0015657620041753806,0.002016009089455706
159,0.15347828395541616,0.1527741712109409,0.32854864433811803,-0.08985246792326662,0.0802659262345109,0.15203423744820355,0.1513892495455726,0.33295634471838953,-0.0887306649680134,0.07350166068685315,0.1652777234600486,0.16575781182376872,0.4331563149388132,0.4393497174595717,0.09252615753964044,0.1715770889507407,0.16913355838310395,0.2781297793314398,-0.12639594859652126,0.04052586614202214,-0.0014440465072126096,-0.0013849216653682994,0.004407700380271495
160,0.1510482358033074,0.1497180043383948,0.32855543113101904,-0.10094238166524572,0.05252914538102216,0.14966301261171297,0.14811279826464208,0.3299107142857143,-0.09825681545081666,0.04932768756159844,0.1640635593643655,0.16342733188720174,0.42870588235294116,0.411375509354672,0.09841670745942965,0.16915578917033636,0.16720173535791757,0.27858223470931487,-0.12076092721011267,0.01795340093124531,-0.0013852231915944258,-0.001605206073752724,0.0013552831546952415
161,0.1451069258968721,0.14300653594771243,0.30303030303030304,-0.09858060644889,0.07949795269539117,0.144027512602153,0.1423529411764706,0.3094401499180136,-0.09527547870390873,0.07689799365960903,0.15917144366899122,0.1588235294117647,0.41385994669251275,0.43762235395416993,0.10766417558303021,0.16357825588863492,0.16122004357298475,0.256536312849162,-0.12567523015257376,0.032265363545350256,-0.0010794132947191115,-0.0006535947712418277,0.0064098468877105685
162,0.14903472101415935,0.14611673692902777,0.3208604077974457,-0.09295642953366534,0.07730607673165613,0.14766292260265984,0.14472597679169022,0.3236412435696712,-0.08051440471709059,0.07562949173744726,0.1605745611391485,0.15898126819940023,0.4172547234236285,0.41622549002199444,0.09197619543098245,0.16641114880396288,0.16532661132600288,0.27786032689450224,-0.133532473205344,0.025331941911185707,-0.0013717984114995085,-0.0013907601373375489,0.002780835772225543
163,0.14903146938388934,0.1478317716278056,0.31548022598870057,-0.10949770088145816,0.06908028523610199,0.14766253321757614,0.14569623011549357,0.31801801801801804,-0.10899217296170205,0.06589466757384044,0.16028838957043423,0.16051427326214862,0.4155965444781695,0.4455859398231981,0.09923746577217718,0.1671357059520025,0.16539551100457617,0.2678918918918919,-0.12547104613620375,0.026605383072615618,-0.0013689361663132005,-0.0021355415123120447,0.002537792029317476
164,0.14744982110814187,0.14558721334259903,0.31909028256374916,-0.12026231610913629,0.06587868139287645,0.1460646361596682,0.14380646282140375,0.32152650822669104,-0.11457953574754842,0.06092763250166222,0.15828933605274723,0.15887769284225156,0.4167656138684398,0.4029388078308709,0.09644602672124225,0.1657509752182749,0.16400277970813065,0.2733860342555995,-0.13637641955063307,0.022610819343569677,-0.0013851849484736722,-0.001780750521195279,0.002436225662941882
165,0.1482033511899345,0.1448658970575471,0.31621559102475133,-0.08668327806065079,0.08604193832723117,0.14680477215390678,0.14360732575297283,0.3207373271889401,-0.08613321426626996,0.08242241835539421,0.1613058247961021,0.16066313688047912,0.4250356972870062,0.42822703106395776,0.11180440400912928,0.16647865126648626,0.16404825969967884,0.27038342882327016,-0.1106034338893741,0.04026565633047019,-0.0013985790360277195,-0.0012585713045742686,0.004521736164188772
166,0.14533463816077133,0.1437624793818908,0.2979114069313748,-0.10837376633150764,0.08152829457680044,0.14422780748086922,0.1418525913707787,0.2976,-0.10705776237819353,0.07770384408757325,0.1562032829332305,0.1555256532685129,0.3897711349836525,0.4094515958384765,0.09746350494858058,0.1628848911334843,0.15995312093063635,0.24619399739016964,-0.13221393464427755,0.030323151915480406,-0.00110683067990211,-0.001909888011112082,-0.00031140693137482467
167,0.14685296069460807,0.1429998262984193,0.3139188259573492,-0.10004982036258081,0.07100478160000334,0.14548826555360092,0.1420444676046552,0.3183897529734675,-0.09378145161498619,0.06864963831563442,0.1617570145446714,0.16145561924613513,0.42775256747074275,0.40795974996836004,0.10825886628002113,0.16494265672014025,0.16336633663366337,0.2712719298245614,-0.11877256229625954,0.028398098546419837,-0.0013646951410071495,-0.000955358693764119,0.004470927016118287
168,0.14400956645875462,0.1416764031329785,0.32247480665573003,-0.06646425682263668,0.09137692424618382,0.14284630115704294,0.14081093946081613,0.3258741258741259,-0.06634700721786324,0.08645818591576915,0.15794045688580435,0.15695183694664416,0.41989209476894207,0.3991283137038421,0.09223235699929933,0.16155264611100234,0.15876931065818511,0.27175843694493784,-0.10194712884329049,0.04069253362408631,-0.00116326530171168,-0.0008654636721623643,0.0033993192183958687
169,0.14848334724069295,0.1467134624550457,0.3176631675034231,-0.11765216764068087,0.08193838060355363,0.14715832382283542,0.14506694397504225,0.3190909090909091,-0.1142229383824932,0.07813278683317704,0.16104158830288984,0.16101217557086528,0.4204386374241717,0.4276038697490789,0.10223488071222897,0.16635812654879714,0.16465184800034663,0.2684901531728665,-0.13700796527721404,0.042191067890731127,-0.0013250234178575349,-0.0016465184800034671,0.0014277415874859867
170,0.14614896195549054,0.14442706975936062,0.3166549213060841,-0.09091239109390126,0.08414232986759851,0.14470608918143676,0.14281991138910607,0.3208078910286519,-0.07649745885769599,0.08392664625754198,0.15940541787171766,0.15941273564416644,0.41880546893739506,0.41543290174249753,0.10312248755256825,0.16465594283671603,0.16210581183216055,0.2650818569185916,-0.11470383591481115,0.04057424063619064,-0.0014428727740537772,-0.0016071583702545467,0.004152969722567845
171,0.15310840005229595,0.15197779319916724,0.3230304438763653,-0.08747927359532337,0.07401258200090277,0.15193615053858084,0.14941880638445523,0.3241235198514047,-0.0817558875583766,0.07315006196641272,0.16381238892042851,0.16394864677307425,0.4259825841374441,0.4202940263227963,0.08565660246651818,0.17136155763992414,0.1691967383761277,0.27478376580172986,-0.1039688451196451,0.02959280022466637,-0.0011722495137151123,-0.0025589868147120054,0.0010930759750393815
172,0.15481507808883319,0.15175962670620557,0.3247653106839517,-0.10962497227938983,0.06982909017174854,0.1533950848080136,0.15062579041472243,0.32720017734426954,-0.11207968286901127,0.062036560177078925,0.16492911026791304,0.16514761676333348,0.427816091954023,0.406162901322156,0.09594459609983053,0.172408161431222,0.17051153460381144,0.28155131776301695,-0.13116884188195976,0.029181568848201778,-0.001419993280819598,-0.0011338362914831424,0.002434866660317836
173,0.14882453714063537,0.14746703678001388,0.3228053878309336,-0.08851948145461808,0.07649183355891265,0.147586404847527,0.14629597501734906,0.32832022211938916,-0.08977655247913097,0.0730501312615488,0.1606272666914512,0.15965475364330325,0.4175850503114518,0.426320081888834,0.10488587751216494,0.16696383446231652,0.16433900069396254,0.27393912463896913,-0.10822256831988264,0.03454608680979021,-0.0012381322931083738,-0.0011710617626648212,0.005514834288455561
174,0.14885617637958146,0.14680685358255452,0.3225212790430182,-0.11106656349049615,0.07699918110830828,0.1477699254186111,0.14550882658359293,0.3269979390886192,-0.10655431678444549,0.0727313719866658,0.1606615997840903,0.16091208030460366,0.4177423140107956,0.40574294579405695,0.09535076033137091,0.1668686127373882,0.16493596400138455,0.27433821920805074,-0.14295869363157798,0.029199718945912778,-0.0010862509609703697,-0.0012980269989615878,0.004476660045600989
175,0.14678476380872335,0.14558337680403408,0.31024234110653864,-0.0958529326431401,0.07840898035524013,0.14526966640097347,0.14354025386889235,0.3109548650487639,-0.09062397025674829,0.07097252063141746,0.15761640877191208,0.1573639367066597,0.4099813432835821,0.46081166414386404,0.09668142424806181,0.164277204322874,0.16127629977395236,0.2579513051107699,-0.11716919231370093,0.03910197895789125,-0.0015150974077498824,-0.0020431229351417224,0.0007125239422252627
176,0.1508000703340178,0.15003468007629617,0.31786542923433875,-0.10878722074621294,0.08108327505231361,0.14950055752056046,0.14903762788278135,0.32208092485549134,-0.10960823880861026,0.07787110125970553,0.16223094122365514,0.16273625801976765,0.419468610392664,0.40527264083863707,0.0932895354642248,0.16947556759836563,0.1674180683197503,0.2733111849390919,-0.1323868350830153,0.03718356655333499,-0.001299512813457332,-0.0009970521935148136,0.004215495621152587
177,0.149448561292785,0.1471304347826087,0.3201571890892279,-0.10700524431074332,0.06909546403717726,0.14820804130153803,0.14552173913043479,0.32259549010584443,-0.10553771592457806,0.06478021228559117,0.16148391566214068,0.162,0.4165281405841843,0.3842376798752357,0.09390816160879722,0.16801008304688364,0.16643478260869565,0.27604512276045123,-0.13329233576050248,0.027021759459213146,-0.0012405199912469689,-0.0016086956521739193,0.0024383010166165175
178,0.14991987966426426,0.1483487908468406,0.3242124626350885,-0.08752860145234487,0.08047741993355428,0.14838091161410655,0.14704862615931352,0.3267123287671233,-0.07165657980526252,0.07387948048379989,0.1616734852505452,0.16165380948253447,0.4170172978027116,0.40031953219181954,0.0955888296410563,0.1679626170893723,0.16637774118054954,0.2751369112814896,-0.11073212143388622,0.0345046805417174,-0.001538968050157713,-0.0013001646875270834,0.0024998661320347892
179,0.14979851652083528,0.1481561916344525,0.3216184971098266,-0.09552166545630592,0.06751769056663393,0.14833718401104684,0.1461581896364505,0.3236914600550964,-0.09326434277414675,0.060821215250215555,0.16033059736090627,0.15944924640576816,0.41080432172869147,0.42441902687000727,0.10208014381266373,0.16822306427757786,0.1663553837466881,0.27150121600707494,-0.11798595981602522,0.024746654674671853,-0.0014613325097884433,-0.0019980019980020136,0.0020729629452698184
180,0.1511915235265335,0.14905019170442663,0.3216735253772291,-0.08249363403907062,0.06844193084574646,0.14995999372395408,0.14796096200766817,0.3254491698885604,-0.07839835578957599,0.06351398785952267,0.1649258170875551,0.1649093760892297,0.4266729947793071,0.39940370422509736,0.10272327335860798,0.1700797413441199,0.16769780411293134,0.2770714598860149,-0.11059683831328015,0.028161353393134192,-0.0012315298025794286,-0.0010892296967584536,0.0037756445113312775
181,0.14879759589211117,0.14801930686611298,0.3059424326833798,-0.12570908956377647,0.07624685701184586,0.1473223117486359,0.14571465843370873,0.30644413537320353,-0.12145858281392685,0.07495555278784172,0.16059869628806747,0.16054267947993217,0.40653873489694387,0.4032192878436504,0.09497076825990658,0.16719714526387297,0.16515197634474063,0.25857111258571114,-0.1402618937743274,0.030405557059697275,-0.0014752841434752806,-0.0023046484324042438,0.0005017026898237464
182,0.14819047429635787,0.14497899796475122,0.31542056074766356,-0.11070769707905836,0.07878677243169296,0.14671160150654378,0.14402632832460052,0.3202690166975881,-0.11083369978296631,0.07188849746343451,0.16171341483069165,0.16104447235092886,0.4339170064763732,0.4399457073679623,0.1027151637278394,0.16641640152491435,0.1633395401203828,0.27106145251396646,-0.12456305599310413,0.03675040934386842,-0.0014788727898140952,-0.0009526696401506995,0.004848455949924557
183,0.15178465237445707,0.14996956257065833,0.3173474070674621,-0.0898490416486526,0.07201319471258116,0.15040684527829423,0.14827376293590747,0.31996332798533117,-0.08614353653264162,0.07094258417111177,0.16114605304189114,0.1616662318462475,0.41846153846153844,0.45023478407071144,0.10049143511566827,0.17014504396959665,0.16979737368466824,0.2718531468531469,-0.1195411202382668,0.025334575104513757,-0.0013778070961628364,-0.0016957996347508608,0.0026159209178690523
184,0.14795780664773114,0.14542291802565774,0.3059371362048894,-0.07333841871978186,0.08422967773957757,0.146375882982244,0.14346597086323112,0.3090656155808022,-0.07815329463846765,0.0803714296111625,0.15855222060568336,0.15816481843879104,0.3988724453840733,0.4017420545746874,0.09237486823289809,0.1661837952758853,0.16434007392911504,0.25957257346393586,-0.11193757453958819,0.04200329544525805,-0.0015819236654871505,-0.0019569471624266144,0.003128479375912818
185,0.14711209487295407,0.14492879472038903,0.3048921864131695,-0.09112861055692911,0.07934379428424732,0.1454932947711405,0.1434091698506426,0.3087929840756981,-0.09460787468712928,0.0750553732994429,0.15763165468015405,0.15712921153178186,0.4027777777777778,0.39190548299361944,0.09328116248486173,0.16549566170195004,0.16320771101076761,0.25948945615982244,-0.1199330701353335,0.03817495283012473,-0.0016188001018135612,-0.0015196248697464387,0.003900797662528599
186,0.14947645019042896,0.14779270633397312,0.3156192236598891,-0.09731576404109898,0.07072130335884874,0.14797404457180963,0.1459605653463619,0.31779367643664896,-0.09113766889548591,0.06964323471008582,0.16103583263358567,0.161141162100855,0.4166864185826025,0.4369537774325112,0.09422319990188088,0.16774526455537653,0.16602687140115163,0.2669603524229075,-0.12768255972033404,0.02501119265130014,-0.0015024056186193346,-0.001832140987611225,0.002174452776759872
187,0.15014600507676246,0.1490650969529086,0.330135704258306,-0.09709949262370499,0.0841374046601141,0.1485856971535791,0.1478099030470914,0.333410780669145,-0.09144208916360697,0.07769174036030957,0.1607256629438717,0.15988573407202217,0.4273024777933614,0.39826824519021875,0.08327798275347353,0.16841140103514093,0.16512292243767313,0.2775800711743772,-0.12828252944759944,0.03643948884156112,-0.001560307923183346,-0.0012551939058171868,0.003275076410838962
188,0.15347024811011414,0.1517833897422546,0.31931080778697696,-0.0999227021953426,0.07839605038607445,0.1521973344721244,0.15009112210361886,0.3228980322003578,-0.09338303893629152,0.07776874134219125,0.165326269264503,0.16523474789551332,0.41961600740226696,0.4135487761888784,0.10892509052172428,0.17171732265124032,0.1702681593335069,0.27189235369500214,-0.11858587488798189,0.03385710827036603,-0.001272913637989731,-0.0016922676386357527,0.0035872244133808295
189,0.1463580381918349,0.14496282447062916,0.3184448044434159,-0.08591241288561824,0.08540057335125617,0.14493297623936996,0.1433975390234358,0.32159300184162065,-0.07777447244017732,0.08049689255639036,0.15659715623456089,0.157485108048176,0.4231684110371075,0.4253234952970418,0.11034538435122554,0.1635920079597996,0.16178964302795773,0.26939938623410786,-0.12868291827087097,0.034018526761575685,-0.0014250619524649455,-0.0015652854471933653,0.003148197398204766
190,0.14929883844877667,0.14670372622253106,0.31377079482439924,-0.09429822665107879,0.0845133594118318,0.1480255495656648,0.14466255537218797,0.3161527841693511,-0.08740345503849689,0.08067879490579799,0.1636139753129471,0.16338052636150438,0.4178749702876159,0.46340781663980296,0.11029015414683763,0.16773123162028572,0.1657257013810475,0.2646669607410675,-0.11828285439884156,0.040628898953888104,-0.0012732888831118727,-0.0020411708503430825,0.0023819893449518736
191,0.14529637265142734,0.1441084190343385,0.323590333716916,-0.07484803992032363,0.07579147186479807,0.14404071545997135,0.1430189994770786,0.32845714285714284,-0.07205737398970102,0.06936912224933311,0.1593422227237214,0.15870664110162105,0.42218543046357615,0.43945937000588275,0.10083863536511162,0.1633925977395774,0.16180059264423916,0.2767032967032967,-0.11526936071674909,0.03190541615912057,-0.0012556571914559833,-0.0010894195572598853,0.004866809140226858
192,0.1514631428475305,0.14982503132155356,0.31711794401101423,-0.09755558359516192,0.08773656045829159,0.15015268712838653,0.14770812632306562,0.3203089504770559,-0.09345357458054426,0.0784468785078356,0.1620005060793651,0.16192163131291312,0.41767161410018555,0.44073040161869637,0.09744850067922295,0.1695644988417208,0.16814273987989806,0.2685603615235636,-0.1213976376515834,0.026720240374614068,-0.0013104557191439825,-0.002116904998487934,0.003191006466041646
193,0.14575191316128924,0.1443850267379679,0.31423158891783093,-0.08897921023959388,0.08648301782474588,0.1442637180975949,0.14221120820833877,0.3177966101694915,-0.09234255759899956,0.08106807451576714,0.156006194541829,0.1556888830920395,0.4147221554005292,0.41102107505579666,0.10077846816044966,0.16363020413290094,0.161992956827964,0.26570592208961946,-0.11678951961676831,0.03926471217045113,-0.001488195063694353,-0.00217381852962914,0.003565021251660583
194,0.1465283464887434,0.14617853734709813,0.323435358611238,-0.1228360689792225,0.06963696281546883,0.14483715091962168,0.1434024464301206,0.32680482805739014,-0.11817079159919863,0.06685933332265681,0.1587429849877331,0.1574997831178971,0.41425233644859816,0.3857130870921822,0.09057601591512876,0.1651675851975836,0.16266157716665222,0.27380170715692714,-0.1477512198284946,0.028827175651845782,-0.0016911955691217284,-0.0027760909169775305,0.003369469446152129
195,0.1482902334983439,0.1469834513312774,0.32331533223761444,-0.09266879650534043,0.08323342297962477,0.1471819477703847,0.1445511010728402,0.3268736866682232,-0.08837472406425417,0.07805506348651525,0.1611422311388351,0.16144724840377014,0.42922264875239924,0.4143979190525495,0.10286803605766504,0.1662529871273132,0.16431394692264256,0.2750504371217216,-0.11322082447253712,0.039648897245952996,-0.0011082857279591796,-0.002432350258437216,0.0035583544306087567
196,0.14759889080399963,0.14615418175472275,0.3173233854045232,-0.10134990449597003,0.07388963338641807,0.1462506794826172,0.14423454474063085,0.3201119925338311,-0.09888618862999798,0.07453915777581865,0.15887993414236634,0.1585445661184067,0.41708663306935445,0.4204711895527235,0.1003036252220395,0.16626608250928937,0.1647833864142053,0.2710883596705987,-0.1286220088316894,0.029721974907182314,-0.0013482113213824365,-0.0019196370140918961,0.0027886071293078962
197,0.1451543268059543,0.1433727604800835,0.31270207852193993,-0.1050543823212865,0.06987173982037609,0.1439321274089637,0.14158984171160202,0.314068616163942,-0.09947114043676275,0.067070302670179,0.15525762192106624,0.15446164550356584,0.40147023950675836,0.38072066571391794,0.09422269351055046,0.16287029706168438,0.16120194816489825,0.2624394539850286,-0.12636892718150616,0.02418676475562398,-0.0012221993969906142,-0.0017829187684814674,0.0013665376420020636
198,0.15097531336945447,0.14866747953318238,0.31189038550859266,-0.07630360087095522,0.08732939360462566,0.14982452119541317,0.1476223654415607,0.31472547668274753,-0.08377594301033309,0.07729486341224634,0.1657649286923473,0.16617314056784532,0.4192495921696574,0.41947063043560345,0.09053190324049143,0.16981897727097664,0.16791499738721477,0.267153607791058,-0.10971486287490717,0.0420672574177231,-0.001150792174041293,-0.0010451140916216684,0.002835091174154869
199,0.14976110015376487,0.14792255819012398,0.31594807603152525,-0.10346597809955771,0.07966402912399428,0.14827743755774467,0.14644333260822276,0.3187471211423307,-0.10116126592819452,0.07365938100316194,0.15998980044620506,0.1590167500543833,0.409367681498829,0.4027285837373408,0.08909990474244533,0.168415481408331,0.1669784642157929,0.2697296109034953,-0.1413327265097103,0.029267875252721787,-0.0014836625960202021,-0.0014792255819012223,0.002799045110805476
200,0.14839585660362306,0.14733148501126322,0.31166026871401153,-0.08828113492274192,0.08909165618446735,0.14691715598537758,0.14494888234274822,0.31600286191271165,-0.08736938810418793,0.08364117698769002,0.15749214345996707,0.15738173626754462,0.41344986647244475,0.40428888889854464,0.09977459541015099,0.16666153156169322,0.1653526251949402,0.26091927738394693,-0.12189468375565538,0.04439772677089293,-0.001478700618245482,-0.002382602668515005,0.004342593198700118
201,0.14937191753670004,0.1474714236231382,0.32198001816530425,-0.08274311106213272,0.07804266462399634,0.1477636040313553,0.14608590232074817,0.3274695534506089,-0.08192302296537846,0.07170519765802374,0.16011877997864818,0.1589452719085556,0.4260257913247362,0.41771258883758855,0.10740626156633637,0.1668899196522511,0.1651801177693107,0.2766281855804836,-0.11996155202418934,0.03853912053610031,-0.0016083135053447384,-0.0013855213023900304,0.005489535285304659
202,0.14920343816535658,0.14625173130193905,0.3234758871701547,-0.09603276158051899,0.07333077845746583,0.1476588216160674,0.14456371191135733,0.32736746714997733,-0.09902350005049121,0.06950965185482061,0.16290630951148355,0.16317520775623268,0.4232644532156954,0.4430837144217314,0.09222412665943391,0.1679345332994641,0.1664646814404432,0.28001743299193727,-0.1305160922690748,0.03235980988465881,-0.0015446165492891961,-0.0016880193905817187,0.003891579979822646
203,0.15196186992935984,0.15004351610095734,0.33116127530835465,-0.09162374786220384,0.08253570586601722,0.15081364019865004,0.14904264577893822,0.3357192334333872,-0.08941353530417784,0.07523925760953099,0.16493923404893604,0.16570931244560488,0.43703703703703706,0.44256711458587833,0.10657106482855994,0.17100754918595945,0.16932114882506527,0.28317403867526114,-0.11932606889811881,0.03918621916571696,-0.0011482297307097988,-0.0010008703220191206,0.0045579581250325685
204,0.153238277953418,0.15254606438123447,0.3243364822312191,-0.1032631193747533,0.07377269946198517,0.1518314383015472,0.15067299734285838,0.32594086021505375,-0.10883870536378659,0.06997731569248122,0.16147476872865585,0.1611708846974779,0.41429547006601414,0.4364897382271976,0.08494799611663584,0.17096841371412616,0.16927298863091866,0.2764996774887121,-0.13462229472320497,0.03054749542041213,-0.0014068396518708004,-0.0018730670383760861,0.0016043779838346706
205,0.14472296368776122,0.1423359249446206,0.30943484353106027,-0.08082004808325194,0.08795064340753556,0.1432445821990315,0.140120748816401,0.31183294663573086,-0.07087776184240613,0.08195536001378734,0.15665671094199285,0.1567997220171133,0.40480152127406704,0.43286012207880387,0.10400943821221853,0.16237563612663597,0.15984015984015984,0.2566607460035524,-0.11650142379081707,0.040416610785674156,-0.0014783814887297242,-0.0022151761282196147,0.0023981031046705903
206,0.15191989684073418,0.15014792899408283,0.3219432821943282,-0.07525690951633235,0.06921147877861678,0.15036241726302307,0.14897319874695442,0.32444959443800697,-0.07012504817943443,0.06639482576173561,0.16339523423489258,0.16263487643578142,0.41849794735571116,0.4224431356093646,0.10409464306460614,0.1709357955855099,0.1694222067525235,0.2760301284891449,-0.11862457129005699,0.02327836804178607,-0.0015574795777111017,-0.0011747302471284138,0.0025063122436787544
207,0.15140597727818492,0.14872619772193724,0.3107266435986159,-0.09434254002974374,0.0833644962156288,0.1501299724565386,0.1463351012955395,0.31280165479200184,-0.09106840500205426,0.07995593186131322,0.1630855857552163,0.1625945569950439,0.4141929499072356,0.41462794183173335,0.0882643074749575,0.16948376724832007,0.16711590296495957,0.26548478879404686,-0.12365397635539821,0.03351424253376312,-0.0012760048216463038,-0.002391096426397732,0.002075011193385934
208,0.15107681369468043,0.14923424991298295,0.31881413911060436,-0.11468874962776465,0.07306789988892692,0.14974663396121143,0.1476679429168117,0.31924562599409223,-0.10879984270442822,0.06965948473375827,0.16603151032862862,0.16624608423250958,0.42585640544345377,0.41171412145628605,0.09927009139428555,0.1694154917314632,0.16750783153498086,0.26918847591818784,-0.14878859096861263,0.0385576964428449,-0.0013301797334689947,-0.0015663069961712461,0.0004314868834878749
209,0.1480967241878324,0.14649015850897057,0.3126621079933978,-0.10080631593782974,0.07967448635443608,0.14658851932224748,0.1444870231666957,0.3161730136342266,-0.09075581624192619,0.07685099436357823,0.15952243589491516,0.158552516983104,0.4161369193154034,0.4454634074803924,0.11247043178670701,0.16655690124479539,0.16399581954363351,0.2639455782312925,-0.12160907032818291,0.04296909047328512,-0.0015082048655849223,-0.0020031353422748643,0.003510905640828843
210,0.1459906117729605,0.14389175593043932,0.3270528029774366,-0.08867128125651957,0.08218677256713569,0.14469101843111926,0.1431545166746173,0.32978723404255317,-0.08682221659265443,0.07682712994864094,0.1596296859392917,0.1598074504531853,0.4326945824461793,0.43159826741771723,0.09762254330840026,0.16366575333573136,0.16071815776920076,0.27992879394748554,-0.1142421442692656,0.04038156014287708,-0.0012995933418412375,-0.0007372392558220309,0.0027344310651165604
211,0.14754586425487717,0.14541581532843542,0.31593469763163945,-0.1002015499258998,0.080870869716819,0.14605147886904252,0.14345954875451028,0.3185253034119533,-0.09359708326020466,0.07703771212751886,0.15646788901004674,0.15645785332347956,0.4071044636597336,0.44081807347163254,0.09577759367520855,0.1650504078909518,0.16350041298961004,0.2666959578207381,-0.12068847262412175,0.03764137023748937,-0.0014943853858346567,-0.0019562665739251417,0.002590605780313837
212,0.14789690125807706,0.1462810993877817,0.322219684859557,-0.06524858349469997,0.08452261648676884,0.14655125067543193,0.1445877295818679,0.3229474641801228,-0.06425525467875548,0.0807206052731535,0.16224075120771808,0.16252008162910858,0.4196698442222739,0.43338845658120156,0.10099799841243529,0.16609605810072112,0.16490816725283314,0.27095217200526545,-0.10131975837521268,0.046713727195816235,-0.0013456505826451304,-0.0016933698059137803,0.0007277793205658356
213,0.1507702921466783,0.14968111414811922,0.3107266435986159,-0.09954181876420243,0.08123007454381515,0.14942145537764825,0.14755520846891404,0.31380657018148406,-0.09503237864429726,0.07739119630848401,0.1612431727923104,0.16165560327996875,0.40718424101969874,0.3943308665329014,0.08549549480529406,0.16906818887653557,0.1669052887326999,0.2637458926615553,-0.12635074699028193,0.03217774153680597,-0.001348836769030054,-0.0021259056792051756,0.0030799265828681532
214,0.14538206557309155,0.14205161570158317,0.30621336459554516,-0.09623055429973237,0.07621509202525578,0.1438983805572401,0.14018651051832573,0.30907394448332165,-0.1010899226989409,0.07144839807843628,0.1573817557206877,0.15675558447191498,0.40562151684031983,0.4351524898648899,0.10611526314621378,0.1637167602253487,0.16170028193450445,0.264007171671896,-0.11456624693352702,0.033531514410554686,-0.0014836850158514436,-0.0018651051832574428,0.002860579887776493
215,0.1473783789010888,0.1463435817265937,0.32577319587628867,-0.10631019893779814,0.07306471086183375,0.14603016726720588,0.14473684210526316,0.3283718800091596,-0.10111690451955102,0.07263747741759718,0.16184818146289862,0.16123849227027967,0.42515811665495434,0.4263556229529764,0.09357191618518679,0.16517306421914435,0.1654073302067049,0.28068631764188295,-0.13201873740626102,0.034400084158428545,-0.0013482116338829064,-0.0016067396213305385,0.0025986841328709542
216,0.14716892996712314,0.14436129481378351,0.32283278067266696,-0.09234187068249589,0.07496592348690168,0.145774975881987,0.14379568395405498,0.32753350576063955,-0.0991319368224639,0.06818662468849468,0.16047384792269082,0.1596327880264532,0.4277386446441584,0.4080289304422063,0.09792806457828063,0.1661222691012267,0.16363557257222416,0.27609579755987346,-0.12460615765441974,0.030353763652222754,-0.0013939540851361232,-0.0005656108597285325,0.00470072508797259
217,0.14870251728216524,0.14780831448947643,0.32172733438842416,-0.09965687802077161,0.08048289499798056,0.14745855279411157,0.14659071142807445,0.32627786534564285,-0.09918411238781766,0.07669479938063961,0.16185160412136101,0.16189772134284222,0.42436104075523834,0.4488891066328544,0.09731887551949614,0.16609269427959775,0.1645938424073752,0.27370689655172414,-0.1278633534277589,0.034815297833369785,-0.001243964488053667,-0.0012176030614019784,0.00455053095721869
218,0.14882065476746578,0.14756446991404013,0.3212520593080725,-0.0872946036915988,0.07313701841504805,0.14756528211001108,0.14626204740817922,0.3248063834780568,-0.08592592036683344,0.07052280651637532,0.16032748057496957,0.16132673439263698,0.41245136186770426,0.42015451080750127,0.10298260425822758,0.16718078299440972,0.166189111747851,0.27088948787061995,-0.12423420025991538,0.02891326712916875,-0.0012553726574547064,-0.0013024225058609062,0.003554324169984302
219,0.14497065439451992,0.1421474638312707,0.3216388038615493,-0.10723372897686134,0.08018200507681106,0.14350365934861048,0.14066585323339725,0.3248063834780568,-0.10368957700063974,0.07714512883588487,0.15743600823973483,0.1563970716402301,0.4219529579472559,0.38366118406601507,0.08842495487361035,0.16245341833809893,0.16005752135262333,0.27479711451758343,-0.1352655834663813,0.039184175824308776,-0.0014669950459094416,-0.0014816105978734395,0.0031675796165074876
220,0.14879097228793672,0.14624317531848513,0.31153934388621246,-0.08607440678790246,0.0885329117641408,0.14739855413023217,0.14502989860473178,0.31677301731996355,-0.09124161236993089,0.08240997055053756,0.16011300769632641,0.16054250801629258,0.4177126917712692,0.43785297943207235,0.10056765828743008,0.16637860345908417,0.1644423260247855,0.2655940048490192,-0.10596524603714874,0.050950720866851706,-0.0013924181577045502,-0.0012132767137533473,0.005233673433751085
221,0.14559678156560527,0.14461538461538462,0.31300427147603227,-0.09515626898854068,0.08285840900047026,0.14398923860634147,0.14244853737811483,0.3158763859400802,-0.096845132142372,0.07742379023019685,0.15606727532962875,0.15583965330444205,0.4140189182634004,0.4242254462530471,0.10264042132426532,0.16405667018931452,0.16212351029252436,0.263718820861678,-0.12453087134615803,0.04025099784152708,-0.0016075429592637969,-0.0021668472372697867,0.002872114464047948
222,0.14861336534717667,0.14853210209948603,0.3197981188345951,-0.08751918831815941,0.07312807217475359,0.14700987014597805,0.1459621918285565,0.3205216197666438,-0.08559588142164654,0.07056005816226307,0.15886871492494703,0.1578534715567558,0.4065620542082739,0.40693915770710415,0.10587025083400647,0.16664633341614574,0.16612945378517294,0.2679352580927384,-0.11787956392408161,0.027545823453048568,-0.0016034952011986237,-0.0025699102709295374,0.000723500932048704
223,0.1465648999870499,0.14489548096105473,0.32690520446096655,-0.09085594265939045,0.08496377131586852,0.14528183399368025,0.14342093850290571,0.33155823107200744,-0.0883799354340451,0.08175773999489011,0.15981538768455403,0.16024807008413566,0.4338599386937043,0.43456315028673204,0.09842910286397755,0.1643352117269959,0.16163587475062885,0.2794575366829702,-0.11817657817221483,0.04349909956454867,-0.0012830659933696642,-0.001474542458149014,0.004653026611040889
224,0.15157595149467545,0.14965217391304347,0.33090079817559864,-0.09778050747415146,0.07224810873409859,0.15003669846674422,0.1483478260869565,0.3339403596631004,-0.09287530101603214,0.07054313861647976,0.16434390648289435,0.1644782608695652,0.4243867587520838,0.4057968560024129,0.11188866396873676,0.16957653552044374,0.1668695652173913,0.2795864496260449,-0.13213072224997402,0.03793558511701933,-0.001539253027931231,-0.00130434782608696,0.0030395614875017296
225,0.14961666756775902,0.14870643113203472,0.3308270676691729,-0.09869766137872071,0.07925975902051308,0.14821699422280774,0.1465900747203386,0.3315980081484835,-0.09928824021611016,0.07312831912404616,0.16156980426818726,0.16192286096834105,0.42930591259640105,0.42893721260499323,0.10251694483469775,0.16743550933439869,0.16641471947479808,0.28024502297090353,-0.12125280879531453,0.040779687946134735,-0.00139967334495128,-0.0021163564116961076,0.000770940479310589
226,0.14734447166905723,0.14627462920273152,0.3188883655204899,-0.08244368837320604,0.08185334440768566,0.1459744979784418,0.14436083684920187,0.323501872659176,-0.09051783380476996,0.07622262100741939,0.15963755856355857,0.15962768039667696,0.4148756339048539,0.42738223798450087,0.10459280429337625,0.16616789250401123,0.16462963768431124,0.2745053956834532,-0.11385394871669008,0.0381069549133094,-0.0013699736906154225,-0.0019137923535296475,0.004613507138686135
227,0.15015076765768623,0.14872951175093227,0.32226148409893995,-0.05995653755451569,0.08150987792067399,0.14879839370365314,0.14721186367184114,0.32458401687368177,-0.05690882909011952,0.07674726752122008,0.16197127692745664,0.16178128523111612,0.41652694610778446,0.3930453718879068,0.09666363828257274,0.16889302089385277,0.16581389298412974,0.2711141060197664,-0.09034363140377,0.0366980437076303,-0.0013523739540330926,-0.0015176480790911329,0.0023225327747418145
228,0.1436478330833247,0.14157371641855823,0.3096470588235294,-0.09228707171440953,0.0694367887469387,0.14207397258276083,0.1395338743978126,0.31131412508784256,-0.085402154694589,0.06528649735179448,0.1546997682416317,0.15446378195390825,0.4013882240306367,0.4100319186320833,0.08516420877064346,0.162460478613951,0.16106071785078774,0.26357110812023327,-0.10927057012398722,0.024002019789569284,-0.0015738605005638784,-0.0020398420207456414,0.0016670662643131773
229,0.14845795209249923,0.14623050259965337,0.3088401537418042,-0.10556718071935223,0.08454537283258534,0.14685333191588007,0.14532062391681108,0.31309041835357626,-0.10284283667637484,0.07972498717281973,0.1588118481613933,0.15836221837088388,0.41565017261219794,0.4504391315801685,0.10089276767874711,0.16549369185160873,0.1636481802426343,0.2639845094664372,-0.1319827438480108,0.03738942616096497,-0.0016046201766191648,-0.0009098786828422856,0.004250264611772081
230,0.1499455794555142,0.1476227659205275,0.3035509736540664,-0.09836674818014768,0.07223664770603855,0.14847629664513576,0.14558389727572446,0.30684931506849317,-0.09953236255605835,0.06903122816802021,0.1612148580707344,0.16150442477876106,0.40696306751352623,0.41468023709914253,0.0965978361949783,0.168639406047753,0.16770779108103417,0.261612620508326,-0.11924186782319246,0.02971141516832798,-0.0014692828103784472,-0.0020388686448030435,0.003298341414426753
231,0.14816337887720976,0.14638906961613532,0.3133987674047021,-0.09095167939238924,0.07513902760754043,0.14676557830368755,0.14469746258945998,0.31687898089171973,-0.08449602227337272,0.07194939429469538,0.16164564970939588,0.16209065278681414,0.40675990675990675,0.4309526335252662,0.09448946970546734,0.16689488595370625,0.16477987421383647,0.2651909722222222,-0.11565379436717882,0.02686924347315145,-0.0013978005735222065,-0.0016916070266753402,0.0034802134870176027
232,0.14989683835911044,0.14926082821820696,0.32057416267942584,-0.07381094799085697,0.08325640646547283,0.1482092809306046,0.1474020921587274,0.32304900181488205,-0.07058935939117983,0.07925082912174775,0.16077247652264615,0.1602403388951327,0.42390310786106034,0.36858483546787224,0.08599706464802159,0.16781248309101215,0.1655139621336561,0.27403846153846156,-0.09916898642446237,0.04383309260880941,-0.0016875574285058481,-0.0018587360594795599,0.0024748391354562083
233,0.14781664912881723,0.14662337662337663,0.31638548648024034,-0.07644155792223717,0.07372796905072632,0.146353423617036,0.1445887445887446,0.316943674976916,-0.06620358645570912,0.07265446921015084,0.1575893336063655,0.15731601731601733,0.4115107913669065,0.43635293113286533,0.10743586404479744,0.16586833021266623,0.16385281385281386,0.26449912126537783,-0.11624173348744482,0.025420476224828126,-0.001463225511781241,-0.002034632034632028,0.0005581884966756601
234,0.15017987785804757,0.14852858319247605,0.31538640055697376,-0.08048561229381124,0.08786840097057513,0.14848117622176069,0.1467949551423742,0.3190212373037858,-0.07464453316682185,0.08296880137863516,0.16005934827332696,0.16014389112815847,0.41627689429373244,0.4097496640353569,0.09489826125466316,0.16837632525019297,0.16668833701729294,0.2660753880266075,-0.11382964410121499,0.045050161058403204,-0.0016987016362868812,-0.0017336280501018542,0.0036348367468120313
235,0.1499337558558967,0.1481770494646031,0.3187442713107241,-0.12338708885428606,0.06922175661969976,0.14854072646097302,0.14665973035071747,0.32103825136612024,-0.11740083563119186,0.06322406810314418,0.16280277401672405,0.16287336888195258,0.41800567107750475,0.4227641300564253,0.09749657391203248,0.16846868334658427,0.16686175055273766,0.2699319130243795,-0.1394220854115904,0.02873735913295039,-0.0013930293949236672,-0.0015173191138856401,0.002293980055396161
236,0.14695979764727132,0.14430083275503122,0.31189931350114414,-0.09526208522562918,0.07889251965716848,0.14554557634381526,0.1431297709923664,0.3157654574492357,-0.08735182494060934,0.07613133283521778,0.1575853791012142,0.15796321998612076,0.4178579798453246,0.422561151127827,0.10076961524646955,0.16414685014897185,0.1621269951422623,0.2671322566564819,-0.12508501363707925,0.03386393456074277,-0.0014142213034560591,-0.0011710617626648212,0.0038661439480915383
237,0.15458969353967503,0.15271344927029626,0.32449261992619927,-0.09836366771464256,0.07276280778323518,0.15317684089543537,0.15105304553001836,0.326036866359447,-0.0954126781642678,0.07190251961992955,0.1655903344030285,0.1659092895219785,0.423785594639866,0.4282739201328552,0.10652911819297983,0.17367029825677802,0.1711963645897055,0.27568867512024486,-0.136877199326349,0.02157566206655226,-0.0014128526442396538,-0.0016604037402778993,0.0015442464332477424
238,0.14958911269898004,0.1470448148949989,0.30971613201015463,-0.07636769888935013,0.08387207431173016,0.1480775129494985,0.14526953886122537,0.31270059605685463,-0.0769198405474848,0.0777012402978271,0.16137800953230627,0.16137692141156093,0.41333959605448567,0.40933768675128634,0.09983112779596237,0.16747858179345987,0.16583676120372376,0.2604097818902842,-0.11119076349593449,0.04003787407503934,-0.0015115997494815347,-0.0017752760337735318,0.002984464046699997
239,0.14356023664663153,0.14042922176457837,0.3059381350191917,-0.09872508954142822,0.06700924951454923,0.14228441741564268,0.1394753956210709,0.3113059114407732,-0.10036760161872293,0.06276381257700536,0.15721334906320542,0.15820507262085412,0.41552619159981125,0.43016958050090043,0.1075531722680938,0.16141818607676164,0.15837849555603728,0.26204238921001927,-0.12769245592701128,0.015639462570267604,-0.0012758192309888505,-0.0009538261435074746,0.005367776421581483
240,0.14862058299912406,0.14660574412532637,0.3250056268287193,-0.08893915506838634,0.07695970407456598,0.14708704090578317,0.14460400348128807,0.3276633840644584,-0.08633164252104197,0.07170001954240601,0.1606682946343598,0.15918189730200175,0.4261311172668513,0.4215695815656827,0.10031270339735665,0.1661349065236674,0.16440382941688425,0.27954447786850023,-0.11093637936118184,0.0325679666231351,-0.0015335420933408894,-0.0020017406440382968,0.0026577572357390777
241,0.14831488111064334,0.14628631066272396,0.31939684715558603,-0.09019457974990952,0.07633452310191557,0.14695490029558217,0.14467733518872847,0.3203463203463203,-0.08682771926656307,0.07378177978644551,0.1609085957641223,0.16120194816489825,0.41643323996265175,0.4353986444384562,0.09611828379680831,0.1665060205022122,0.16394155505305272,0.2701174423662462,-0.12328007637931615,0.029321500375342535,-0.001359980815061168,-0.0016089754739954942,0.0009494731907342957
242,0.1520226881246068,0.15092286261535784,0.3233640656622442,-0.09242694281234709,0.07098142526860018,0.15050521399009406,0.15000870625108828,0.32759006489147463,-0.08569985049621731,0.06633429432092686,0.1625083903509479,0.1631551453943932,0.41249425815342217,0.42882273428375434,0.09062611518376507,0.17025458201625632,0.16951070868883858,0.2740963855421687,-0.12221992023768047,0.028523547064856714,-0.0015174741345127252,-0.0009141563642695583,0.004225999229230448
243,0.14995607972380318,0.1477652782000608,0.30748603351955306,-0.09215201597058165,0.0644121012315978,0.14858028656756414,0.14637536376666813,0.312361049355269,-0.08785341433703564,0.05955413386332431,0.1637602077068096,0.16422707727055552,0.4183434721572298,0.43534704243952765,0.10686651171085748,0.16832614750375485,0.16596447031229639,0.26307890222984565,-0.11305379006010274,0.024492282422741596,-0.0013757931562390358,-0.001389914433392675,0.0048750158357159235
244,0.14564140538249906,0.14353756224290973,0.3008747697974217,-0.12192678916727684,0.06762638958357736,0.1441921300369966,0.14171898679367828,0.3023897058823529,-0.11628458191453817,0.06590539548996,0.1578504315653611,0.158562459406798,0.4056761268781302,0.43458203899097536,0.1001101531006039,0.1644776764765621,0.16267590387529768,0.25533304309969523,-0.14838665439053755,0.013845324158036632,-0.0014492753455024598,-0.0018185754492314465,0.0015149360849311955
245,0.14585539646171797,0.1441874566874567,0.31331953071083507,-0.06036862119978936,0.08410200572458093,0.1445500167929097,0.1428880803880804,0.31657142857142856,-0.06572079637825168,0.07815840107973426,0.15898981468942316,0.1578742203742204,0.41328326683877026,0.4454294720578135,0.10235736284803865,0.16338875928258645,0.16094941094941095,0.26226622662266225,-0.09234591131177516,0.042072230021736434,-0.0013053796688082542,-0.0012993762993762925,0.003251897860593489
246,0.14734309101516338,0.14564453887178597,0.3071759259259259,-0.11078104562296853,0.06741958386848879,0.14579705106950036,0.1443003945713914,0.31079532431812973,-0.10505859810753704,0.05812658583504238,0.15841511628289126,0.158825824914365,0.40161022969453,0.3938814301525431,0.08838285850207739,0.1661240146483388,0.16407232363525995,0.2599510784967756,-0.13113092816427596,0.029167010568023177,-0.0015460399456630192,-0.001344144300394562,0.003619398392203821
247,0.14401482585097522,0.14137394012804982,0.3160045402951192,-0.08096308169948119,0.07924612936913455,0.14275559578666994,0.1399463575012978,0.3181818181818182,-0.07490522970093583,0.07565970689038881,0.15928312214429377,0.15872123204706698,0.41415766490461964,0.41800379008893906,0.0906382948898562,0.16188337823205548,0.16040837515141027,0.26852659110723626,-0.10673040841425763,0.040639346215577854,-0.0012592300643052834,-0.001427582626752022,0.0021772778866989695
248,0.1440047298714695,0.14186581081667174,0.31172186986140477,-0.11558327072714147,0.08410119178112119,0.1425572812104497,0.13939367654074686,0.3133067355080967,-0.1161144407498369,0.08323879030494319,0.15530626456252253,0.15531075161556143,0.4084372003835091,0.4412300235713716,0.10242722314990527,0.16237114800572752,0.16116580647959405,0.2652924042124132,-0.14152256012721132,0.0396875157579506,-0.0014474486610198123,-0.002472134275924881,0.001584865646691913
249,0.15112901672649828,0.15059508296412127,0.324468085106383,-0.08911823086086224,0.07911095079627861,0.1496759203241574,0.1492919815828338,0.3291810841983852,-0.08845458899510039,0.0767559386040515,0.16047381519535192,0.16015115976022934,0.41336809670538044,0.4379371725004743,0.10159061263117453,0.1691759415252668,0.1667969768047954,0.2752697643690817,-0.1230713105600828,0.03265298300416031,-0.00145309640234087,-0.0013031013812874748,0.004712999092002235
250,0.1486861172698093,0.14557291666666666,0.31602811153933347,-0.10883539057638014,0.08268608505853225,0.1473014003313325,0.1443142361111111,0.32086525461919785,-0.10594615574524036,0.07700536165756444,0.16034918911492876,0.15989583333333332,0.4146903062399263,0.46548310553659844,0.09699309214245133,0.16630221391063574,0.16401909722222222,0.2688311688311688,-0.12598262052663567,0.03871307799178103,-0.0013847169384768043,-0.001258680555555558,0.004837143079864381
251,0.1474560198713568,0.14586948976049982,0.310239549084077,-0.09143178897080217,0.08984033848232809,0.14603404592931515,0.14304928844151335,0.3107476635514019,-0.09332334004268117,0.0851191020204406,0.15947488951342814,0.15997049635543215,0.40847738574473125,0.41485337447861087,0.09735139648987634,0.16543891033502228,0.163962165914613,0.2611036339165545,-0.11153603647298482,0.04692000701062371,-0.00142197394204166,-0.0028202013189864705,0.0005081144673248494
252,0.14872522759673837,0.14652789773708758,0.3162313432835821,-0.08751390395235392,0.08731186010234848,0.14754269361666725,0.14536189324581103,0.3191637630662021,-0.08277901141776656,0.08367954355589924,0.16349203907916462,0.16341337018483332,0.431156015037594,0.4663355016562331,0.0941491618368413,0.16713333200780908,0.16492485748833996,0.27175843694493784,-0.11205443086216338,0.041160073394522434,-0.001182533980071121,-0.0011660044912765455,0.0029324197826199883
253,0.14901087630952414,0.14719951295877545,0.3212962962962963,-0.10312096945645233,0.08338445457675414,0.1477884173497951,0.14519916507218647,0.32294552169898433,-0.09776769895825954,0.08082140781722269,0.16212597609164278,0.16202817881370674,0.4185124737701096,0.4243634989251883,0.09000565870554356,0.16740064877250596,0.16555053052704818,0.2703900709219858,-0.13252639784565234,0.042375706424252146,-0.0012224589597290558,-0.0020003478865889823,0.001649225402688026
254,0.14605833031383206,0.14481442941380507,0.31860682561944836,-0.08606697453593481,0.07205318418072204,0.14465923495824812,0.14308012486992716,0.3223699556799627,-0.08232063250254473,0.0701013467008389,0.15606556370025998,0.1558706208810267,0.4141656662665066,0.4207316001683602,0.09655958809481069,0.16423675413362468,0.16198404439819633,0.2692479856759176,-0.11814289821030155,0.030847726272077436,-0.0013990953555839403,-0.001734304543877907,0.003763130060514319
255,0.1476038195189216,0.14460487636174996,0.3194412640256469,-0.06573222469464568,0.08566583187079724,0.14607213546613182,0.14296213038215458,0.3245654162854529,-0.061943624464409264,0.08460988447973516,0.15939397936812386,0.1600812726958326,0.41984912776991984,0.4363331691233254,0.11206451664734873,0.1654656042167324,0.16289123292408783,0.2705651320096007,-0.09644506019630728,0.04004890457691623,-0.001531684052789778,-0.001642745979595378,0.005124152259806003
256,0.14454909050731218,0.1428944618599791,0.31912900959962537,-0.08167695940135256,0.08487347044519,0.14330792222686517,0.1416753744339951,0.3225128444652032,-0.08131737356488822,0.08250653479619707,0.1582984251376502,0.1579153605015674,0.42423523832108134,0.3844104296314989,0.09649297272206359,0.16224477126128858,0.15952629745733193,0.2723204296263146,-0.12278396996746899,0.04226862876331983,-0.0012411682804470137,-0.001219087425983978,0.003383834865577806
257,0.1481568905668198,0.1464631131543566,0.3114247904719894,-0.10822845628174149,0.07192243813679533,0.14692993478831357,0.14416446198551416,0.3137900746596399,-0.10083576676753592,0.06776354540482898,0.1608582646292924,0.16077546948865853,0.40893549122407113,0.4306423303705109,0.10249029971674739,0.16611639456170696,0.16502580561217853,0.2626028264079308,-0.1367404379551901,0.028877898360944343,-0.0012269557785062335,-0.002298651168842425,0.0023652841876504738
258,0.15140404676859273,0.1497852774042424,0.31999090288833293,-0.1183465609954707,0.07172057007880428,0.150016262849773,0.1482236585260053,0.3223252657769735,-0.12000517848900705,0.06661706524681665,0.16334285259657383,0.16375309070402985,0.41951449446146594,0.43286892043514313,0.10446805941739157,0.1699683189625914,0.1674836246909296,0.2714005663254193,-0.1441481197957124,0.030467239353570763,-0.0013877839188197183,-0.0015616188782371088,0.0023343628886405843
259,0.1503691483026776,0.1495074535785895,0.31885740826753367,-0.09357783978473633,0.08352124870857347,0.148660192413965,0.14737163281318105,0.3187168243711055,-0.09249432559777382,0.0777377942644829,0.15916053965202098,0.15835585389242438,0.4098939929328622,0.42139064001132964,0.09658757171188925,0.16848768955590995,0.16689913695405806,0.2654553512076224,-0.12156854639613257,0.03918143130387908,-0.0017089558887126155,-0.0021358207654084416,-0.00014058389642818137
260,0.14737859076132864,0.14566227898692385,0.31612002791346827,-0.07707807568751657,0.07947831897302082,0.1458348034268298,0.1438811416655806,0.320148045338885,-0.07747920936298514,0.07431961449736879,0.15819783751534192,0.15760893175203092,0.4114299264880247,0.425642067941487,0.09710389259816565,0.16545511401316368,0.1637777488161953,0.2673642030276046,-0.10979912264358671,0.03799373714798504,-0.0015437873344988362,-0.0017811373213432458,0.004028017425416752
261,0.1484833685106391,0.1464893663100446,0.32669789227166274,-0.0671674992355642,0.09205076756795438,0.14724951380785187,0.14505999047082774,0.330151338766007,-0.06383505327973904,0.08670841208675062,0.1588476565508755,0.15857408931433273,0.42557751845677544,0.4397548695184177,0.10722305713457314,0.16582787141670266,0.16420496383245983,0.2772453755293069,-0.09331227803542863,0.045679121991105576,-0.0012338547027872238,-0.0014293758392168732,0.003453446494344259
262,0.15192879194621972,0.14960458851134092,0.3187040441176471,-0.11056569164907148,0.07003733917772637,0.15061317469042976,0.1474754497262536,0.3208323805168077,-0.09866973272437196,0.06553013753900438,0.1636160608125093,0.16342226470843835,0.4204761904761905,0.43613617836119345,0.1026608938960949,0.17078730385739788,0.16902754844877033,0.27240773286467485,-0.13490208394054837,0.027111609285136118,-0.0013156172557899637,-0.002129138785087331,0.002128336399160602
263,0.14846964971391494,0.14668001044295537,0.30430754979157015,-0.10365247663908639,0.08075355335889778,0.14718042429818765,0.14515707945348533,0.30890173410404625,-0.1059438750007351,0.07925462079378653,0.16129551360498895,0.16251849273344357,0.40652536318170995,0.40714382325094534,0.10623540696578926,0.16726935714378532,0.16482464537464103,0.258,-0.1295370746079071,0.04178130666600488,-0.0012892254157272909,-0.0015229309894700394,0.004594184312476102
264,0.15186763200640266,0.14941278816876902,0.32555452865064693,-0.09672477151951475,0.07585680255710658,0.15047068139511094,0.14815137016093954,0.32818977429755875,-0.08674008703584801,0.07285273036571238,0.16427114084799396,0.1642018268812527,0.42645989823116065,0.4771867111712196,0.1189866961621241,0.17047821978087452,0.16863853849499783,0.27443946188340806,-0.11041758688785364,0.047532693323960706,-0.0013969506112917196,-0.0012614180078294734,0.00263524564691181
265,0.1481569347476865,0.14586681725381173,0.3287639405204461,-0.07426394487876431,0.08290253142722859,0.1466065747194871,0.1438686416749924,0.3313253012048193,-0.07403871578465615,0.08033242654803929,0.15830968173144813,0.1572911689327136,0.42294075997167807,0.4253255507491686,0.09725228366936833,0.1657542970562416,0.164024151861344,0.27946053504311297,-0.1124068025474737,0.03599811738202563,-0.001550360028199388,-0.0019981755788193445,0.0025613606843731818
266,0.14831849962076693,0.14606203171284196,0.3124297594965161,-0.08664257742037496,0.07508163518912936,0.14709519905433407,0.14553929255967937,0.31680502580210906,-0.08316510482315687,0.07339724628976585,0.16058028696590315,0.1601759888482314,0.41290770298403884,0.4122781805488128,0.10161076035410499,0.16617679298598628,0.1640529709008538,0.2669663883536716,-0.11765004721161942,0.028339843231791395,-0.0012233005664328556,-0.000522739153162588,0.004375266305592984
267,0.14355392300132547,0.1410485098977594,0.31014010923771074,-0.1114932867470938,0.08942122027495925,0.14204096827277438,0.13952577768109636,0.31427221172022685,-0.10846023688663287,0.08487304933660256,0.155761222833706,0.156232325429628,0.4166666666666667,0.41900751532731223,0.10999627928181088,0.16187721311206899,0.1591472699586687,0.26090868196131356,-0.14049761575142283,0.03852502167906302,-0.0015129547285510914,-0.0015227322166630475,0.004132102482516109
268,0.14573521620090518,0.14279525171129018,0.31060948081264106,-0.10695231285819629,0.08021689070664839,0.14455204517518974,0.14205874707564337,0.31650135256988277,-0.10345620411998335,0.07895666444421101,0.15921596179061256,0.15999480114374837,0.4215867158671587,0.43388942752220766,0.09996043548483502,0.16273046782684436,0.16077462958149208,0.2669253988788271,-0.13707445992131373,0.036529046942150645,-0.0011831710257154404,-0.0007365046356468119,0.005891871757241707
269,0.15086760349148798,0.14960117912259407,0.3095128676470588,-0.0987086888511034,0.06622567337173879,0.149386474671607,0.1484307265475984,0.31344307270233196,-0.09117443629136479,0.06149278484650844,0.16261011349270305,0.16260620773365703,0.4129506641366224,0.40881934820777277,0.0954835297095269,0.16983808608337767,0.1673747182243801,0.26144658261446585,-0.1226261492727474,0.02986848424610511,-0.001481128819880967,-0.0011704525749956785,0.003930205055273139
270,0.14773849566442093,0.14669385629989587,0.31403067063401235,-0.12280231936850583,0.0653662008969147,0.14629512757434499,0.14452447066990629,0.3178188455395848,-0.11473325684248215,0.06236024414610353,0.16037886875116836,0.15931968066643526,0.41759544700023715,0.4387793213776175,0.09800230276286381,0.16594338451128307,0.16409232905241236,0.26555286876236533,-0.12906302280901616,0.02671818552934324,-0.0014433680900759471,-0.002169385629989584,0.003788174905572428
271,0.1450369265574166,0.14314795564795565,0.3106888361045131,-0.08409973896679412,0.0786190133664817,0.1435766609387573,0.1417186417186417,0.31272210376687987,-0.08162852344240068,0.07621837710270718,0.15482115917122558,0.15523215523215522,0.408128078817734,0.42546894918958295,0.1113549624179524,0.16274840885730862,0.16025641025641027,0.2625736293611237,-0.12090238572209067,0.03409812265648138,-0.0014602656186593066,-0.0014293139293139467,0.002033267662366778
272,0.14842263917239815,0.14791010842952082,0.3210452636490901,-0.11078258038497157,0.06918228967413831,0.14718623017242402,0.1459863588667366,0.3234338747099768,-0.11415504365552187,0.06396098479307133,0.1605256228984412,0.1595400489681707,0.4209396613403291,0.38341004490089914,0.0894148460882731,0.1671741381525298,0.1659233997901364,0.27289048473967686,-0.13678694501919464,0.03219804676658011,-0.0012364089999741257,-0.0019237495627842105,0.002388611060886725
273,0.15118631273884553,0.14950555170020818,0.31666287792680153,-0.09721792753321434,0.08088427577561275,0.1497864470931023,0.1484212352532963,0.3205535390199637,-0.08831743683115445,0.07898476175107583,0.16326155631836278,0.16308119361554477,0.41916028763627927,0.4271489811619435,0.09945730179330659,0.1693422264141197,0.1672883414295628,0.2680970957954053,-0.13032481139054897,0.0355069963005652,-0.0013998656457432368,-0.0010843164469118705,0.003890661093162162
274,0.14877609453681664,0.14729489348778688,0.315897670169027,-0.09235334713595578,0.06605538180135107,0.14727659562223644,0.14516898780858173,0.3185639627357419,-0.09268461007591444,0.061127123098900116,0.1598267324567184,0.15987678424226648,0.41652734654884166,0.3996135265700483,0.10698135624344418,0.16686939286796695,0.1646058397327433,0.2728651928912007,-0.12762594893029666,0.015487162071853966,-0.0014994989145802051,-0.002125905679205148,0.0026662925667149118
275,0.14828356253194028,0.14625673093625152,0.31358249772105745,-0.08822424678334528,0.06977233827676455,0.14696280104787196,0.14421573736321,0.31752156150703587,-0.08221706568026399,0.06593208421290542,0.16173936697571362,0.1628886572867813,0.42315839020946105,0.393365756755831,0.09942763354767592,0.16616283982382657,0.164104568351572,0.2690964644260148,-0.10592705015355453,0.028382933366283947,-0.0013207614840683168,-0.002040993573041522,0.003939063785978414
276,0.14877259697505688,0.14706265468281882,0.3161231884057971,-0.1202148939747597,0.06755307904855934,0.14749967365566485,0.14536928487690504,0.3192160396485695,-0.12191326353997711,0.06266037773436106,0.15998215041180125,0.15900308280144154,0.4082729609721898,0.39665228023499627,0.09669656078965272,0.1667297305188612,0.16451738960531456,0.26865028029322985,-0.13889170490960168,0.020327875059342304,-0.001272923319392022,-0.0016933698059137803,0.0030928512427723653
277,0.1446395413907419,0.1435381815029904,0.3020785219399538,-0.10363064513710984,0.06852213015031272,0.1432084570232393,0.1413712403571119,0.30505747126436783,-0.10373688201017817,0.0642114699907107,0.15459724845298456,0.15337609430527868,0.4031791907514451,0.4379147832642223,0.10688700557076936,0.1626447497861371,0.16065701655543035,0.2542410222515973,-0.1268086237857814,0.02347573148247295,-0.001431084367502583,-0.0021669411458784815,0.002978949324414004
278,0.15337907373833648,0.15090560780215953,0.32589182968929803,-0.10553604056984822,0.08108700260694579,0.15210701923742817,0.14916405433646812,0.329511579912864,-0.09405516818762016,0.07767672056084651,0.16488446864717862,0.16488157436433298,0.4267840593141798,0.44682483559917185,0.08726813881550044,0.17133655807179404,0.16893068617206547,0.2787065552133744,-0.1349637168387834,0.03824533440282507,-0.0012720545009083095,-0.001741553465691409,0.003619750223565976
279,0.15130695881059553,0.1500151574206401,0.32043307993549874,-0.09795057149076025,0.08089291362615325,0.1498980953779802,0.1477198908665714,0.32244058500914075,-0.0970225480763075,0.07343752443412221,0.16217965330115353,0.16240093542938808,0.42337662337662335,0.4422017343652714,0.10347209232201848,0.16995781891950132,0.16881035901433458,0.2704003500328156,-0.12155881694165149,0.03190035607852115,-0.0014088634326153149,-0.002295266554068698,0.002007505073642002
280,0.14730616300397364,0.1453263093735034,0.31587448084910014,-0.11725918304423288,0.06262774531920956,0.14575672246421895,0.14402020114066785,0.3196683555964993,-0.10529289383276996,0.06089458049237184,0.15840750826375385,0.15830031781967,0.4126178390137781,0.4273574693584157,0.10530692918008999,0.16520850278532248,0.16374243545648481,0.2717486818980668,-0.1350597382363684,0.015399003787880061,-0.0015494405397546984,-0.0013061082328355567,0.003793874747399173
281,0.14846958990772557,0.1464857341684064,0.32190998400731097,-0.0949952895995192,0.07810258569782225,0.14723012993010812,0.14500695894224078,0.3249772105742935,-0.09169584661433561,0.07576567912256471,0.16028097119602056,0.15896833681280445,0.4222694031611229,0.4331659999764764,0.1074201409146881,0.1660811549813621,0.16383959638135004,0.2724478594950604,-0.13128377478556574,0.04028718838911105,-0.0012394599776174575,-0.0014787752261656295,0.0030672265669825505
282,0.15120726709909302,0.14922472249816437,0.32592592592592595,-0.09603685075744184,0.08121475859730487,0.14990086437904548,0.14741070271671058,0.32625223613595705,-0.09739772560555848,0.07766438182609525,0.16396919336556903,0.16416879022156955,0.4267131242740999,0.4388159305418145,0.11254161246091943,0.16905337613016608,0.16701939273528268,0.2778491859468723,-0.12433323678003538,0.036730626110972,-0.0013064027200475337,-0.0018140197814537906,0.00032631021003109995
283,0.1493735868157286,0.14715936134308338,0.31980153360396935,-0.08677506599627405,0.08046628695758873,0.14800308316288194,0.14594781705681278,0.3225371120107962,-0.08330168389403192,0.0779488198089201,0.16174673727164376,0.16130846782917224,0.4132040627885503,0.4383527905454493,0.10186475772127324,0.16741006192464747,0.16541906451473323,0.2714747039827772,-0.11341317623702551,0.0362008229268298,-0.0013705036528466608,-0.0012115442862705994,0.0027355784068268663
284,0.1449570115260789,0.14304325169359042,0.3062713797035348,-0.09570884728102569,0.07829339397863155,0.14344651050673682,0.1419141914191419,0.31068181818181817,-0.09573855627463257,0.0751127598835466,0.15748211513875815,0.15680910196282785,0.41080196399345337,0.42346225891151684,0.10119395946324239,0.16285208177310678,0.1608042383185687,0.2608695652173913,-0.11663314203604969,0.03758127756154539,-0.001510501019342081,-0.0011290602744485068,0.004410438478283374
285,0.14915071571765892,0.14747966772495977,0.3102890173410405,-0.0852263833379242,0.07535464076432885,0.14780993164104592,0.145479058843996,0.31088560885608857,-0.08480647618517234,0.07299227809829967,0.15890434184411664,0.15856999956508502,0.40797693416626624,0.45067175529420306,0.11036056027003505,0.167317530218338,0.16535467316139696,0.2641551002423441,-0.11621543890681685,0.029395948897941504,-0.0013407840766130052,-0.002000608880963761,0.0005965915150480949
286,0.1471827202277907,0.14604110658225652,0.31899388810531265,-0.09690899015712373,0.08167528575226246,0.1460759406809901,0.14439337438210043,0.3219226260257913,-0.09169384460359942,0.07929798646105612,0.15948497389394056,0.1588760731939988,0.42737094837935174,0.44726809493368164,0.10090979819929558,0.1657045884033584,0.1624317058364409,0.26977369482410934,-0.12523523684662674,0.03650659921934185,-0.0011067795468005792,-0.001647732200156099,0.0029287379204786523
287,0.14593568828721176,0.14417496751840625,0.30657276995305166,-0.08367427505024394,0.09512907052217834,0.14490572870074667,0.1433521004763967,0.31265969802555166,-0.07852650373241465,0.08552047216214465,0.15718700608642577,0.15777392810740581,0.415203271590089,0.4470281994688487,0.1171220845462555,0.1633930866715324,0.16106539627544392,0.25871641128136796,-0.1141977551679586,0.04324263937799633,-0.0010299595864650957,-0.0008228670420095396,0.0060869280724999975
288,0.14665772679576458,0.1440420357825256,0.31709056334680297,-0.10200915752314199,0.07820919496144751,0.145099418365364,0.14273927392739275,0.3198581560283688,-0.0993961424124652,0.07318177326185749,0.1585617328308663,0.1587198193503561,0.41654357459379615,0.45386576389472155,0.1099038100240799,0.16562472803045464,0.16367031439986104,0.2677272727272727,-0.11758273712716438,0.03602256939532289,-0.0015583084304005845,-0.0013027618551328668,0.0027675926815658447
289,0.15041836512728307,0.14907560107629547,0.3271049596309112,-0.08935196008804625,0.06992054725232599,0.14917140706178633,0.14690565055116744,0.32912264584290307,-0.08518373114423383,0.0658318667940262,0.16371190568990476,0.16309348146862251,0.4276937618147448,0.4120348273849171,0.09208549921047815,0.16906790225124327,0.16773717559239648,0.274622892635315,-0.12032805614493225,0.032692035710963685,-0.0012469580654967394,-0.0021699505251280282,0.002017686211991887
290,0.1447310759593678,0.1432242888879209,0.30824372759856633,-0.09121133317118957,0.08223414097718063,0.1433510789674976,0.14126410245241103,0.31099451466730266,-0.0810972617387462,0.08048299180269725,0.15606780826466168,0.15537744478808208,0.4152376286134248,0.43403990557289723,0.10478018659865307,0.1629206905934688,0.16138868319031233,0.2646188850967008,-0.12152548414038189,0.03626647514699366,-0.0013799969918701915,-0.001960186435509881,0.0027507870687363267
291,0.1503453104880654,0.1491395793499044,0.3263466306062655,-0.09879850447932048,0.07341590921579377,0.14897737117309795,0.14753172257952374,0.3307139649753031,-0.08946935601149508,0.06982743751749454,0.16062619315531831,0.1607856770380671,0.42214452214452214,0.4349707413223395,0.10444563507755833,0.16854447710285506,0.1674343820615331,0.27780163160154575,-0.1264501620411933,0.026765777137902957,-0.0013679393149674535,-0.0016078567703806668,0.004367334369037579
292,0.15343644434543835,0.1505039972193257,0.3273231622746186,-0.10643703920622116,0.08672199265557479,0.15219174016492604,0.14841849148418493,0.33141143911439114,-0.10005495761844962,0.08459436771309259,0.16624525405326462,0.16614529023288147,0.4336652002778421,0.39699903768452366,0.08821133011531224,0.1713246253241322,0.16949078901633646,0.2765437583296313,-0.13501121215646472,0.049275793667887924,-0.0012447041805123127,-0.002085505735140769,0.004088276839772531
293,0.1481873691092803,0.14563697172392825,0.3077276908923643,-0.08122788850247109,0.0902896368927607,0.14698931129848472,0.14485514485514486,0.31405714285714287,-0.0800294207479555,0.0845825747804545,0.16169693976746127,0.1623593797506841,0.40692742695570217,0.4377876372168954,0.11227239465868111,0.16576964400256253,0.16366242453198976,0.262144420131291,-0.10974431518840388,0.043364903969353885,-0.001198057810795572,-0.0007818268687833918,0.006329451964778576
294,0.1471050901933927,0.14589718133552035,0.31473368688033204,-0.10519394115418457,0.08247546852716148,0.1456445298798827,0.14395476324081669,0.31656328968527453,-0.09785709592701775,0.07907230631209816,0.15818537573185312,0.15781067898303622,0.41024457775726814,0.41354054284733577,0.08311356144248594,0.16548078677922753,0.1645875598912246,0.2658985153999557,-0.13182005463719204,0.04504068416146545,-0.0014605603135100231,-0.0019424180947036629,0.0018296028049424873
295,0.14645244747029634,0.1442007628294036,0.3201119925338311,-0.08894714732028963,0.09120641241966099,0.14511997635983018,0.14285714285714285,0.32501155802126674,-0.09318380395840165,0.08267447486871049,0.15956003473521668,0.1590239251040222,0.4192271880819367,0.38388118406757693,0.08907342803192342,0.16426080025896703,0.16205790568654646,0.2711042539122768,-0.12203288681264612,0.037668504287446614,-0.0013324711104661657,-0.0013436199722607622,0.004899565487435642
296,0.14826429985984235,0.1459917445144471,0.3163457022076092,-0.09992118140051875,0.0858802706159354,0.14695982698910642,0.14438409732782967,0.32172897196261685,-0.09387191489543423,0.08114216206179137,0.15848940883290938,0.15841842276776016,0.4211277658815132,0.4302586555572298,0.09772554200129557,0.16656411376240216,0.16345861394742559,0.2693078121522368,-0.13569732193676576,0.035268656514851005,-0.0013044728707359288,-0.0016076471866174336,0.005383269755007636
297,0.15188392183355193,0.15095812017688373,0.3187018445015176,-0.09246463427138973,0.0820587864743324,0.15044230238153933,0.14913725830226307,0.3223622782446312,-0.09046678009932174,0.08184381482355563,0.16226989815793777,0.16175322986213475,0.42420625447600857,0.417818777856234,0.10226612164733728,0.17001388371957477,0.16838636954825284,0.27350044762757386,-0.11886343091820706,0.042289031080652406,-0.0014416194520125991,-0.0018208618746206606,0.003660433743113589
298,0.14823636886509953,0.14586590237971164,0.311284046692607,-0.09843224120689464,0.07026615512237555,0.14689325820799698,0.14451971512940767,0.31487810435178853,-0.09379620569396807,0.06598733173370208,0.15689630521898618,0.15711307972902552,0.4105238208106186,0.39617286207378577,0.10235733053742713,0.16674363969223338,0.16527705402119158,0.2684799298091687,-0.12199543364265575,0.029617332929977036,-0.0013431106571025475,-0.0013461872503039707,0.0035940576591815265
299,0.1480822264570716,0.14621579494284725,0.3139033794511227,-0.10849069122902999,0.07206036506492197,0.1468199391525824,0.14478697609975755,0.31904332129963897,-0.10486448944776461,0.0671828241688266,0.1610943855796812,0.16111014894354,0.42296852982620947,0.41501688215757365,0.10408248138276555,0.16595960852015904,0.16457395219951507,0.27090084251458196,-0.12907578169158973,0.025405626058792485,-0.0012622873044891847,-0.0014288188430897075,0.005139941848516294
300,0.1483444809787982,0.1455191540994973,0.30359937402190923,-0.09420773501037571,0.0737165669681007,0.14694954878215807,0.14361241116311318,0.3047640249332146,-0.08840549482272109,0.06973339186647354,0.16082644942862398,0.16059975732362627,0.410078594544614,0.41181479080044925,0.10453376380700596,0.1663516986657858,0.16311319119431444,0.25465041693393203,-0.13059589717082232,0.030949844824313955,-0.0013949321966401362,-0.001906742936384126,0.0011646509113053538
301,0.14719905460513918,0.14573797391830037,0.31763879128601546,-0.08872609240256302,0.0909090989640372,0.14572551866603056,0.14422661715174023,0.31936314680402716,-0.08766319795731559,0.0904816122222104,0.15725216374467563,0.15584247344330254,0.4144441822043899,0.4294876427229369,0.09774888683326655,0.16498845050418204,0.16301062267898783,0.2687263836408091,-0.12398528207351733,0.04174812365395142,-0.0014735359391086222,-0.0015113567665601402,0.0017243555180116998
302,0.15198863601536108,0.1501130631414159,0.3216575091575092,-0.08028190238079036,0.07519466246692674,0.1506492024795452,0.14806922943120543,0.3224192814915871,-0.07945984834803499,0.0687975807432396,0.16454902325684867,0.1642894416420247,0.4200046849379246,0.40833540508149,0.0963050321550939,0.17064238802382758,0.16885545312228215,0.27320375627866345,-0.12489709665995108,0.03020185434366096,-0.0013394335358158926,-0.0020438337102104687,0.0007617723340779259
303,0.149468365145211,0.14833304393123806,0.3100686498855835,-0.10750620199866756,0.07166657807795263,0.14820772422437803,0.14620593853099498,0.31359599180141196,-0.10478645888679206,0.06717989358492171,0.16216944883058781,0.16270185796145165,0.41313107371415025,0.45485733672134093,0.1039279760992694,0.1677859821224688,0.16621809341899635,0.26130873956960915,-0.12054921366092364,0.03235467585330154,-0.0012606409208329727,-0.002127105400243079,0.0035273419158284303
304,0.14848651766209547,0.14778260869565218,0.32879924953095685,-0.10308031525023176,0.07710463167287684,0.1472604954601002,0.14573913043478262,0.3313885647607935,-0.09089408522078235,0.07255427082202848,0.16016033446309705,0.1604782608695652,0.42589478741292336,0.4414803131739731,0.09898970052695677,0.16644602568424752,0.16526086956521738,0.2757527733755943,-0.11848504296557971,0.043952002616696184,-0.001226022201995275,-0.0020434782608695634,0.0025893152298366306
305,0.15076819969065194,0.149030135088327,0.312932767478222,-0.10951082698440129,0.08094629092531369,0.1493726828245366,0.1475147211638379,0.316607460035524,-0.10429748926421256,0.07532212763405421,0.1609893795161875,0.16111014894354,0.41205802357207616,0.4224924762573203,0.09448594329316096,0.16832671482747164,0.16652234153100104,0.26896112173358827,-0.13734955663704196,0.03303675177754706,-0.0013955168661153317,-0.0015154139244890896,0.0036746925573019618
306,0.14407561270812533,0.14221238554007726,0.3018607856650586,-0.1109698980455287,0.07386536752522466,0.14259428689719666,0.1408236774725513,0.30457546096061916,-0.10904924420694206,0.06531017478140866,0.15632058429368664,0.15497114091047173,0.40975029726516055,0.4414866611211344,0.10551958067734402,0.16249165263331317,0.15957123638415138,0.25641588067558674,-0.13926855784865233,0.029806124894572128,-0.0014813258109286631,-0.0013887080675259456,0.0027146752955605757
307,0.15037273125533895,0.14892877319542827,0.32831608654750705,-0.11754751388314233,0.08765951790145343,0.14899764748123695,0.14688627178306027,0.327953216374269,-0.11465100296935982,0.08270772655853298,0.16375170792113664,0.1642258050497588,0.4323227500596801,0.4425032210304704,0.10122312027553959,0.16924161827375855,0.16718091347616357,0.2761947498317254,-0.1477718013369781,0.04352398636672827,-0.0013750837741020039,-0.002042501412368003,-0.00036287017323805015
308,0.15039042134643102,0.14887787056367432,0.317493594223154,-0.09666055658022188,0.07966821332151197,0.14895034392324003,0.14687717466945024,0.320148045338885,-0.09723901179619476,0.07321211823873153,0.1612402201693615,0.1617954070981211,0.4154795821462488,0.45065361496598383,0.09709967004501951,0.16898457486583202,0.16836290883785665,0.2710923623445826,-0.12003283144691523,0.03426034457262217,-0.001440077423190994,-0.0020006958942240805,0.002654451115731038
309,0.1500809482714483,0.14838597709128776,0.3276955602536998,-0.07700622855068218,0.0836509105367288,0.14846040515201622,0.14669385629989587,0.33060556464811786,-0.07654739352434092,0.07933678415525758,0.16006265671549766,0.15949323151683442,0.42070275403608737,0.3986381132799575,0.09335769489503931,0.16820976295296594,0.166044776119403,0.2759703836661431,-0.11360690205648127,0.040509646722015735,-0.0016205431194320774,-0.0016921207913918879,0.0029100043944180753
310,0.1495041751138122,0.14810477925232024,0.3179284718996749,-0.11025777860275177,0.07142221767869172,0.14831279046015355,0.14597970335675253,0.3220534069981584,-0.1060511407041358,0.06321573531332958,0.16139686020247296,0.16206956370890796,0.4224262928951184,0.4179603460863325,0.10770350813608154,0.16829914998661577,0.1671437245207737,0.27433035714285714,-0.13798427519732614,0.03384516684782346,-0.0011913846536586448,-0.0021250758955677074,0.004124935098483495
311,0.14443944796988453,0.14274570982839313,0.3103286384976526,-0.09176347319653033,0.0862067600181089,0.14301011740742242,0.140578956491593,0.31333489571127254,-0.09429941748007953,0.08470115293196423,0.1558817058082408,0.15600624024961,0.41058175724203977,0.45247827107913496,0.10405895832525225,0.16270415497754254,0.16042641705668226,0.26365054602184085,-0.1283174587257112,0.037382073081704825,-0.001429330562462111,-0.002166753336800137,0.0030062572136199672
312,0.14211609715496376,0.1409019812304484,0.31338028169014087,-0.09487305784818667,0.07766674783215499,0.14093617908511075,0.13925095585679528,0.3145988805970149,-0.0948756745773982,0.07159903315776794,0.1566096856513494,0.15589155370177268,0.410143867349427,0.41409324175807255,0.11212269901885319,0.1602310915527777,0.15819429961765727,0.2658739062149428,-0.11491273977705463,0.034976041015931436,-0.0011799180698530143,-0.0016510253736531089,0.0012185989068740355
313,0.14465397475709005,0.14280118384401114,0.31080768340661885,-0.11112240032194842,0.06888246586100089,0.14316716882258415,0.14149547353760444,0.31422651933701656,-0.11028671471468399,0.063913501998619,0.15650345514509645,0.15537952646239556,0.4065881221447463,0.41565567878545706,0.10388125480473409,0.16286055606834626,0.16095055710306408,0.2652879697576162,-0.12225384621283186,0.030859090218426366,-0.001486805934505897,-0.0013057103064066933,0.0034188359303977123
314,0.1486031579553702,0.14681693572951568,0.32020389249304915,-0.07408644346107818,0.08374512749360852,0.14734173440122864,0.14590313737435273,0.32222477591358306,-0.06535987454214787,0.07626553866362973,0.16249683932900014,0.16243853618206344,0.4271662763466042,0.4426733364552591,0.09357544424158071,0.16653264274412743,0.16409207606283452,0.26772697150430746,-0.11221598643777386,0.03865389197573643,-0.0012614235541415775,-0.000913798355162948,0.0020208834205339143
315,0.14807749295064807,0.14617219692040773,0.3063388224678547,-0.10329711026351684,0.07293675372084596,0.14650353685095777,0.14426371719800477,0.30950775455158464,-0.09921712772704772,0.06955769139364021,0.15897770057613606,0.15922793320320971,0.40744164548185813,0.4170542021077874,0.09532304163858318,0.16622863158887993,0.16430275428323574,0.26041891600086375,-0.1254284429654987,0.03112085742167625,-0.001573956099690299,-0.0019084797224029615,0.003168932083729925
316,0.15167801832530298,0.15031061297189277,0.3297449098993681,-0.08105688826571567,0.0894018160567086,0.15014744779026393,0.14835570615578436,0.33201489064681244,-0.08000293870992203,0.08404660849274204,0.1622031795785355,0.1613015335157913,0.4219009243896658,0.41202917138540635,0.10096906439487652,0.1694931507693378,0.16851296754854686,0.2789709172259508,-0.12412626135916893,0.047202780452651916,-0.0015305705350390497,-0.0019549068161084093,0.0022699807474443334
317,0.14876014806814603,0.1463775687913619,0.32377894978216004,-0.07762266339311363,0.07755171605340361,0.14742556190401163,0.1446360153256705,0.32586837294332727,-0.06876441438267689,0.07435414667242213,0.16314690064352477,0.1630964820619993,0.4293758798686063,0.4672323481962037,0.09865567396788111,0.16635788150942374,0.16444618599791014,0.27779000660356595,-0.1084298326910883,0.038754540897495304,-0.0013345861641343992,-0.001741553465691409,0.0020894231611672254
318,0.15032744708936394,0.14811283962386793,0.3198436422166015,-0.07633590482127295,0.08477569685155772,0.14898744365890937,0.14676951076829745,0.32227813357731017,-0.0744482306339691,0.07989714918186286,0.1625357666734143,0.1628894570351432,0.4135514018691589,0.43571699013537474,0.0994113398606421,0.16867853909092503,0.16769944100186332,0.2682445759368836,-0.09731016283900151,0.039383992446571314,-0.0013400034304545672,-0.0013433288555704803,0.0024344913607086682
319,0.14567594503142092,0.14489857968118838,0.3225287356321839,-0.11339141826573751,0.07565453798445887,0.14419672636327782,0.14316118663944752,0.3248393021120294,-0.10666498726661533,0.07437210964564,0.15527973258345518,0.1549754593232854,0.41652694610778446,0.4257091669525055,0.11305869786667455,0.162974811844551,0.16196846631629241,0.27312582200789126,-0.1344658748698232,0.030342070012860378,-0.0014792186681431008,-0.0017373930417408645,0.002310566479845455
320,0.14905000806214702,0.1471586458967888,0.31717171717171716,-0.10561184850692384,0.0752109087519579,0.14745079778520334,0.14646244887303106,0.32058165548098433,-0.1053183281090021,0.07205711386988223,0.15896314045793836,0.1581672613349578,0.4061855670103093,0.3781113273614945,0.09413367804441175,0.16698139963838196,0.16491167000261073,0.26916524701873934,-0.1346897576313446,0.02453993764660911,-0.00159921027694368,-0.0006961970237577275,0.0034099383092671687
321,0.147241087438982,0.14518647007805724,0.3175925925925926,-0.09600540252936607,0.07412744046164044,0.1458039346659613,0.14384215091066782,0.32216316154379476,-0.09520434567092773,0.07262253302767441,0.16001357853677414,0.16023417172593235,0.41360249939918287,0.43270485727408736,0.1083103378902972,0.16556942413823036,0.16457068516912401,0.2696654110347884,-0.11073047836032324,0.03263499263943459,-0.0014371527730207,-0.0013443191673894184,0.00457056895120217
322,0.14892069137929706,0.14654385888690968,0.3256356426405412,-0.08745295679898513,0.07896641510752311,0.1475158524275853,0.1448494590954512,0.32877030162412996,-0.08555794803052374,0.0740105266086486,0.16277615214638608,0.16309684146500414,0.421528935460824,0.4093766074054611,0.09792807545104254,0.1672333959527248,0.16396576443498284,0.2739634418189924,-0.1123267262639992,0.03608720592160963,-0.0014048389517117565,-0.0016943997914584952,0.0031346589835887784
323,0.14680678602492256,0.1445756970381308,0.30726770929162833,-0.08241141197516477,0.0781649774851162,0.14542425417354857,0.14305567619213064,0.30933272185278604,-0.08048487616867561,0.07539103676255987,0.15868917940797136,0.15886389299053244,0.4111531190926276,0.4474116610191681,0.1029170639325434,0.16460583704624906,0.1628159471901329,0.2604212373848179,-0.1177035555980197,0.03335516581305009,-0.0013825318513739915,-0.0015200208460001696,0.0020650125611577086
324,0.15011855163175666,0.14857118040475983,0.31413612565445026,-0.10347685885417457,0.07613617386195426,0.148796408679995,0.1471380178928168,0.3166855845629966,-0.10023616609931874,0.07359064679688065,0.1634334566550758,0.16329366802744724,0.4117647058823529,0.4287688803227153,0.09565188136085123,0.16886491344456855,0.1675497263962477,0.2692642577274706,-0.12697491920509718,0.03349859552197243,-0.0013221429517616679,-0.0014331625119430313,0.0025494589085463537
325,0.14947873998020184,0.148392163706968,0.31064412973960714,-0.09875928401317147,0.06812521141405159,0.14790814403821212,0.14573061651904534,0.3115428571428571,-0.09156862865593651,0.0687679849181152,0.16083148720586568,0.1598237270387015,0.4107100731304553,0.4469496937869822,0.09790705043566161,0.1681260939774246,0.16610672367904358,0.26451187335092347,-0.12396454949780578,0.0317013795171186,-0.0015705959419897164,-0.0026615471879226638,0.000898727403249977
326,0.15267508722818923,0.1520166356192869,0.3363197794624397,-0.07627863346844233,0.0786647950266045,0.15115312337409403,0.14998050513364813,0.3404061145334246,-0.07657718587145346,0.0722755008270497,0.1615043862681397,0.16176406879521726,0.4241227050894725,0.3733427523644084,0.08931361869252896,0.17025089406065744,0.16856561105575532,0.28590163934426227,-0.11232603744450875,0.03138401794989987,-0.0015219638540951985,-0.0020361304856387763,0.004086335070984937
327,0.15026104543453828,0.14790717848622859,0.3171994597028366,-0.10334526632262464,0.08388499405489691,0.1489877858636007,0.14617219692040773,0.31937290033594623,-0.10220434856726646,0.07907553012709179,0.163372544370523,0.16165690739535893,0.416457715979029,0.3994044353526431,0.09538588605617015,0.16834417523147396,0.16638473216222077,0.2663090128755365,-0.1231670463526896,0.0382996403043957,-0.0012732595709375738,-0.001734981565820859,0.0021734406331096467
328,0.14347446424760882,0.14191476434337297,0.3061959654178674,-0.10662808756059972,0.08823022237881806,0.14193259472702494,0.13965801579723983,0.3109887479051951,-0.10652389931955353,0.08539057369717196,0.15552864935526492,0.1557156496831872,0.41261659302896414,0.4277558513801897,0.10788932863636824,0.161969281820711,0.15988195469143304,0.2628102937827374,-0.12855417985326167,0.03864558770699722,-0.0015418695205838828,-0.0022567485461331416,0.004792782487327674
329,0.14598442001546824,0.14461136512083606,0.30962343096234307,-0.10211513465686195,0.07561495760333481,0.14461637420786502,0.14230350533420422,0.31173622319575744,-0.10449770783589529,0.06806809070700892,0.1584072017717603,0.15763117787938166,0.40938472587981806,0.44401100063696675,0.10256805366164157,0.16432650828926454,0.16237753102547356,0.26123348017621145,-0.12847806513091609,0.02429626270831864,-0.0013680458076032187,-0.0023078597866318384,0.0021127922334143734
330,0.1489703828481013,0.14776677094195342,0.31058176820888683,-0.09626279079989641,0.06443303777906229,0.14743515953321068,0.14542057698992006,0.31232876712328766,-0.0912390339936171,0.06142214816321834,0.15992845758311033,0.1585418839068474,0.408875177978168,0.396607039098868,0.09712269646536897,0.16748545996228356,0.16614529023288147,0.26330777656078863,-0.12353434991309975,0.02163539252527924,-0.0015352233148906158,-0.0023461939520333652,0.0017469989144008324
331,0.14894262850422446,0.14596354166666667,0.3134703196347032,-0.10661957289737845,0.08696560843018142,0.1475513732217157,0.14544270833333334,0.317067635043123,-0.10231870066270343,0.08148591438963204,0.16144961432943017,0.1605902777777778,0.41463979615473706,0.39535513716986653,0.10024332860535867,0.16679244193919465,0.16440972222222222,0.2649310872894334,-0.11377941964720784,0.04671093297845341,-0.0013912552825087743,-0.0005208333333333315,0.0035973154084198433
332,0.14670510626918468,0.1449028596376337,0.3117793352927877,-0.09456391211528203,0.06370344606427647,0.1452414534365474,0.1433748089936695,0.31511181386943754,-0.08741104785625342,0.0628497308211865,0.15686733083917734,0.15621043440296878,0.4040920716112532,0.4051508850738303,0.0897417609785165,0.16448529138045598,0.16280288146692862,0.2660907127429806,-0.1304549902152642,0.019523682234377282,-0.0014636528326372744,-0.0015280506439641905,0.0033324785766498666
333,0.14866095689100223,0.14591659426585576,0.3189252336448598,-0.10320569335976171,0.08256628770748053,0.14717586730903956,0.14474370112945265,0.32354312354312353,-0.09812739819961769,0.08041521603633806,0.1587505197177006,0.15816681146828845,0.41746411483253587,0.39119963650536593,0.10407700441890644,0.16638741346231756,0.16568201563857515,0.27076854731230565,-0.1305214605647923,0.03481249660811525,-0.0014850895819626675,-0.0011728931364031192,0.004617889898263727
334,0.1447922440414789,0.14386833420184122,0.31060427933223606,-0.1074827457255445,0.06911357114571581,0.14349133877699433,0.14217474379016848,0.31334894613583136,-0.0982418829227838,0.06540062067992669,0.15621837269844552,0.15507208615598403,0.41249092229484385,0.3991505783648061,0.09575945095902627,0.16314257348282893,0.16136876845579295,0.26275395033860044,-0.130502860660763,0.030455204531322777,-0.0013009052644845642,-0.0016935904116727463,0.002744666803595308
335,0.15065979472037855,0.14942678478374152,0.33371638703746265,-0.0965520734497165,0.07930877697724137,0.1492297942704623,0.14825429911412194,0.33660653117150036,-0.09829973110300072,0.07334250681237642,0.16196329019291328,0.1628018064964391,0.43063651200746095,0.44946078569145126,0.0925198037708711,0.16853838103167518,0.1674917491749175,0.28346111719605693,-0.12677349001131288,0.03370942643148733,-0.0014300004499162577,-0.001172485669619583,0.0028901441340377088
336,0.14985119817441314,0.1493110064538636,0.3250795093139482,-0.09068110296258303,0.07207129720456762,0.1484769525482407,0.1472178615035758,0.32677521483491634,-0.09082320158595925,0.06781679323735568,0.16171833611580136,0.16248037676609106,0.4313359757519235,0.41140532072699043,0.09610924461931403,0.16798335220306548,0.16623059480202337,0.27690631808278865,-0.12726121654905986,0.03207895991277687,-0.0013742456261724434,-0.002093144950287812,0.0016957055209681493
337,0.14528157902388392,0.1430178231527946,0.3131106566689389,-0.06418855227462272,0.0737048846229702,0.14373221871066844,0.14094133933206437,0.3138321995464853,-0.05970850741721323,0.07179672605351384,0.15621916203202882,0.15647170790794254,0.4048459186073865,0.39612247651022464,0.10550752744724212,0.1628077862079759,0.16114379650458557,0.25993485342019546,-0.10356528046508995,0.03045329038196043,-0.001549360313215481,-0.002076483820730224,0.0007215428775463884
338,0.14756488253798097,0.14589493825013045,0.3169209431345354,-0.08368855967650468,0.07852633643206441,0.14607367192440804,0.14441642024699947,0.3195049278019711,-0.08582375645429863,0.07060166861777839,0.15711918262078758,0.1567663941555053,0.4159354991700261,0.40006533064767874,0.10187197945252835,0.1654026548764594,0.1639850408766742,0.2702048007046906,-0.11900976990140288,0.032477591024727026,-0.0014912106135729353,-0.0014785180031309797,0.0025839846674357014
339,0.1409978916245621,0.13969949626541603,0.2993149066855658,-0.09133600260603625,0.09334434555070881,0.1396895539819765,0.1375716519020323,0.3010828625235405,-0.09264395203199183,0.09011964452984134,0.15339589860309413,0.1529876671877714,0.40497845859262804,0.38964492175364435,0.10516824929388935,0.1586880694026862,0.1562445718256036,0.24943566591422123,-0.11362560448061876,0.050993272143316726,-0.0013083376425856164,-0.0021278443633837296,0.0017679558379746774
340,0.14775259029346893,0.14661930956815525,0.32794292508917955,-0.1019757525717554,0.08072122478212174,0.14624726065965518,0.14471347511586607,0.32993600379236787,-0.10496077167559403,0.07766823140140156,0.1589207033243544,0.1577511153462988,0.4263922518159806,0.4050965059497829,0.09707654646455133,0.16646459031570368,0.16498462338112357,0.2789797312685038,-0.12696222406858249,0.04016002700969634,-0.0015053296338137512,-0.0019058344522891735,0.0019930787031883224
341,0.14937700252146263,0.1465397322204834,0.3144917422656432,-0.10561786738519452,0.08192338013515632,0.14822788183471727,0.14506172839506173,0.31887755102040816,-0.09753487760702684,0.07913395126727518,0.1622738416840675,0.16384107111806642,0.4261744966442953,0.45487206259773805,0.10917395445984168,0.16709103605543568,0.1642323074247957,0.26622222222222225,-0.13296812117412393,0.03879451840868586,-0.0011491206867453585,-0.0014780038254216532,0.004385808754764964
342,0.1524447925760986,0.15097937250823365,0.3281982585398526,-0.09540375169945259,0.07122227092758804,0.15132472035485123,0.1484659386375455,0.3291731669266771,-0.0843063510103711,0.06954349023395012,0.16698484624229198,0.16671000173340267,0.43111008539118395,0.44966601138839946,0.10186001858647975,0.17029813465671303,0.16844340440284278,0.27717275250907536,-0.12310522700863114,0.028413363239821576,-0.0011200722212473813,-0.002513433870688142,0.0009749083868244579
343,0.14505669893551779,0.14384545098551102,0.31456043956043955,-0.08834787938010202,0.08132826340871857,0.14382049430463043,0.14280120088761258,0.31724611161939614,-0.08023659419526752,0.08047923377210509,0.15698651522075116,0.15498411869642778,0.4108235294117647,0.4335697871175313,0.10637463768881539,0.16266437208970433,0.16064047339337773,0.2656592203241349,-0.12384796381961616,0.03930129639635249,-0.0012362046308873609,-0.001044250097898436,0.0026856720589565897
344,0.1435991144860018,0.14147742103889324,0.2963882618510158,-0.0988492016610002,0.07871930612791578,0.14208318587120994,0.13986774558426868,0.2983562260752083,-0.0953488202493834,0.07640351478777663,0.15464079808064274,0.15370225354563646,0.4025098768301185,0.4532298927525959,0.10545616978225048,0.1615790077937676,0.1599234316540503,0.25139664804469275,-0.12543030960705126,0.03156137338326248,-0.001515928614791856,-0.001609675454624565,0.0019679642241924866
345,0.15455555228312043,0.15244194658650284,0.3228473019517796,-0.1064992295839754,0.0664913487187575,0.15316888795682645,0.1507428222890254,0.32694938440492477,-0.10676327558344922,0.05981806267540357,0.1639194772106098,0.16437938395852394,0.43128412057915977,0.41864880303656665,0.09705930414315267,0.17306310842298958,0.1714808521761861,0.2804419889502762,-0.12902950129655377,0.029895909126171683,-0.0013866643262939737,-0.0016991242974774279,0.004102082453145195
346,0.1480093887129572,0.14588133014562052,0.31727651690597497,-0.10440292433671361,0.07457597762251422,0.14652848393921789,0.1441425777004999,0.3182340767992642,-0.10524449825759663,0.06790738877522828,0.16287999802991246,0.1630949793523147,0.4193319118692253,0.3983113303627919,0.09544220724144148,0.16736999010922043,0.16587698326450773,0.26900972590627764,-0.12927684398166983,0.030262129153452277,-0.0014809047737393277,-0.001738752445120617,0.0009575598932892171
347,0.15041332036519264,0.14884286396595892,0.3211391525816161,-0.08640657116601769,0.08499715143156894,0.1487996977061052,0.14727975337588467,0.3230627730512762,-0.08704950287891655,0.07859931740436343,0.16191666575057037,0.16060961313012895,0.4238128986534373,0.38731950479478955,0.10333760897622479,0.16837811608560682,0.16655811732013373,0.2739907346128392,-0.11325239414491861,0.039359268704169614,-0.0016136226590874325,-0.001563110590074246,0.0019236204696600478
348,0.14832156799693283,0.14733827931797475,0.3177782836330526,-0.08967673883767469,0.07994042687497538,0.14698948631054143,0.14560284611046032,0.31965540693720246,-0.08831055088164474,0.07613450309701342,0.16098752812339412,0.16048418586489652,0.4128822984244671,0.4036095785533112,0.09622132303625675,0.16625523480007198,0.1652566271855612,0.2732406602953953,-0.12194164470673641,0.03532654258886647,-0.001332081686391401,-0.0017354332075144308,0.0018771233041498525
349,0.14711441361796787,0.1463478260869565,0.3153881700554529,-0.09603428889839705,0.08375611332296318,0.1457664812589667,0.14495652173913043,0.31840110268780153,-0.09490509026623817,0.07842540346279503,0.15725480041737336,0.15713043478260869,0.4128850223371738,0.41926171736368856,0.09974824290346795,0.1655833246215198,0.1638695652173913,0.2667103538663172,-0.12485812462478896,0.03044901472128103,-0.0013479323590011583,-0.0013913043478260834,0.0030129326323486416
350,0.14837417185741364,0.14663597272292925,0.3228473019517796,-0.10585979412480284,0.06711161783857644,0.14698007979856992,0.14429049211657907,0.3243366880146386,-0.10712266570047801,0.0634567629901226,0.16037935640044168,0.15970985536202928,0.4145758661887694,0.40982253868401136,0.10366016632311414,0.1667867676923491,0.16566042652999174,0.27525978332964846,-0.1224460325878628,0.030993052277386357,-0.0013940920588437211,-0.0023454806063501754,0.0014893860628590327
351,0.14766017577836307,0.14621432605012816,0.3183785014803006,-0.0992138904628399,0.06541054690455228,0.14626570016342227,0.1446505364667043,0.31881098252779666,-0.09525778508933613,0.06198678021181947,0.1594307711837624,0.15994092350462621,0.4112884020004763,0.4007736817604472,0.10649574721734556,0.1660298038046891,0.16528387124799096,0.2732443666593743,-0.12957663409465758,0.026893171611308442,-0.0013944756149407989,-0.0015637895834238469,0.0004324810474960472
352,0.15216519732632364,0.14936477549599722,0.32479414455626715,-0.09314334063126117,0.08300301081433548,0.15049957231557606,0.1480595196658545,0.32709427071444874,-0.09720025644054553,0.0810965230093279,0.16230159863891266,0.16189523146536722,0.41076815966581576,0.4045084392565059,0.09634842544938815,0.1696065818739093,0.16733379742429516,0.27647058823529413,-0.12823819266758962,0.03682363953748646,-0.0016656250107475734,-0.0013052558301427097,0.0023001261581815924
353,0.1508510691243494,0.14911825726141079,0.32301784504178904,-0.11276104011906918,0.07777041473668744,0.14936161676905263,0.14725968188105118,0.3263795423956931,-0.1096322482456693,0.07124806577703935,0.16281871981920895,0.1623011756569848,0.4176780398442867,0.42093030226173817,0.09039431594890956,0.16877436044002092,0.16649377593360995,0.2737864077669903,-0.1333845147159506,0.03400755720098392,-0.0014894523552967665,-0.0018585753803596061,0.0033616973539040695
354,0.148789113987565,0.14686880868291843,0.31582506762849416,-0.11400656273353948,0.06606569144479846,0.1472895264261666,0.1446722370574554,0.3163791171857495,-0.11174670266775322,0.060346968866345385,0.157360191798036,0.15673184598156603,0.409913084331689,0.42214367680538323,0.10397870409454235,0.166517242105223,0.16444138168662245,0.2672731210742907,-0.1402691339502109,0.027729069715169086,-0.0014995875613983967,-0.002196571625463023,0.0005540495572553539
355,0.1484417861586644,0.14680093758138726,0.31863186318631864,-0.10936990716412687,0.0654703658469149,0.14707747193722948,0.14623665248719506,0.3235294117647059,-0.11342371693816788,0.06334964479910765,0.16029459016712633,0.16030037329629307,0.42147024504084013,0.42122052898931517,0.09918983050705166,0.16578957664207977,0.16381630349856757,0.26996115666810533,-0.12994878262392717,0.025176665938575482,-0.0013643142214349313,-0.0005642850941922073,0.004897548578387256
356,0.1488320584037628,0.14771196384337926,0.3150216548894461,-0.09330739499011542,0.08173927518578128,0.14727011131318626,0.1460605797227413,0.3192648059904697,-0.09336171571496987,0.07751019871035658,0.15796848406627056,0.15788101342836036,0.4172445677300046,0.44420350956032933,0.09463795843582656,0.16612977873755544,0.16483420972578333,0.2692391068718838,-0.11788582792786939,0.03395071101348246,-0.0015619470905765265,-0.0016513841206379498,0.004243151101023579
357,0.14903647234712228,0.14616887345344043,0.30107281442593015,-0.10723368352015461,0.06641845191100026,0.14753323257874004,0.14408508790970262,0.30254777070063693,-0.10150393597234486,0.06320630616104883,0.16004597992409933,0.16014760147601476,0.40472255017709563,0.4164338160571276,0.0976833372105268,0.16751656005612736,0.1657043629259822,0.25917879643710623,-0.12910755022371312,0.01887869481172011,-0.0015032397683822363,-0.0020837855437378094,0.0014749562747067846
358,0.14431933977677294,0.1415959840747793,0.3191339138620852,-0.10269958467928009,0.08802409075205297,0.14291305163039986,0.1402977323870521,0.32216494845360827,-0.10252653437932624,0.08393733748241172,0.158402585871284,0.15830015579020254,0.418848167539267,0.40871514272529497,0.09813342778748135,0.16235563320908328,0.15955513242167216,0.26928251121076235,-0.12913397938778648,0.04263962023129986,-0.0014062881463730859,-0.0012982516877272088,0.0030310345915230963
359,0.15042042334490133,0.14898989898989898,0.31671283471837486,-0.09918513274775909,0.07778570800838525,0.14918744411202656,0.148075583420411,0.3196966214663296,-0.09589911729182765,0.07371652174142673,0.1611345152448824,0.16100661790316964,0.4173995721416687,0.457272174045337,0.10455667029100679,0.1681048900899564,0.16579588993382097,0.2675932053827487,-0.13155906817313878,0.03473800065792976,-0.0012329792328747702,-0.0009143155694879834,0.002983786747954742
360,0.1491063812640469,0.14635939121411276,0.3053264987742367,-0.1095577205320234,0.06310062398120331,0.14781315649113738,0.14488931165686614,0.30813694975544687,-0.10598776405467358,0.060782297782829064,0.16049959028166075,0.16114666205465236,0.40935401713359576,0.4285634566158022,0.09850778773819113,0.16743981343043363,0.16495157384987894,0.26098081023454156,-0.1289792363772414,0.020316967774843042,-0.0012932247729095236,-0.001470079557246623,0.0028104509812101885
361,0.1496372511698832,0.14682574240181137,0.31277947752412333,-0.08773476051799334,0.07120993899855144,0.1482492298889949,0.1459984324653836,0.3176498127340824,-0.08749515366163385,0.06618777839658152,0.1604481079717681,0.15958373247409213,0.42066420664206644,0.43756959252181393,0.11138722381431032,0.16829071763111705,0.16698597927370895,0.2678652708238507,-0.11058906803623603,0.0395484917252632,-0.001388021280888302,-0.000827309936427767,0.0048703352099590536
362,0.1471765227002388,0.14552708035210962,0.3222273998136067,-0.08592212080332151,0.08270204844956308,0.14602570774626636,0.14383591344694505,0.326323087589554,-0.08236262597386113,0.07519300920201433,0.16001101215628694,0.1601404969428906,0.42419894787183166,0.44794249728823965,0.10630188608471636,0.16533399463744103,0.16365292051515545,0.27409372236958446,-0.11161397632282388,0.0329278454372397,-0.0011508149539724288,-0.0016911669051645761,0.004095687775947265
363,0.15094018576502707,0.14960971379011276,0.31303563373928733,-0.07676367395913075,0.068522998508034,0.14955326007276123,0.14761491760624457,0.31452338129496404,-0.0747981354489099,0.06555695551978424,0.1649587427094297,0.16470078057241977,0.4231041814316088,0.45681337209228423,0.11110690141076218,0.1693904023309313,0.1675628794449263,0.2631578947368421,-0.11516259640107629,0.02975257944734122,-0.001386925692265839,-0.0019947961838681916,0.0014877475556767106
364,0.14754784693826906,0.14512343532684283,0.3217651114686279,-0.11814130727409178,0.06942455191915131,0.14623030987794963,0.14381954102920724,0.3241695303550974,-0.11756437052256863,0.06641764893304292,0.16011846849080788,0.1592924200278164,0.42166344294003866,0.43025555068737137,0.11560199063438736,0.1653744615547481,0.16281293463143254,0.2760817043707446,-0.14905834793012296,0.026039237405301452,-0.0013175370603194236,-0.0013038942976355827,0.0024044188864694727
365,0.14716289547573752,0.14515988877302746,0.3281933256616801,-0.059805135293249934,0.08168394764391551,0.1459178380841856,0.14398679179701077,0.3314207023181088,-0.05515740306747163,0.0791288999127181,0.15966811939174658,0.16023635731664929,0.42514688601645123,0.46180832242155456,0.10084680562789572,0.1645801697874955,0.16314737573861662,0.2791712104689204,-0.09964122583758539,0.030582993019968252,-0.0012450573915519236,-0.0011730969760166965,0.003227376656428693
366,0.1462873641755012,0.14273296244784422,0.3025830258302583,-0.0934812569744311,0.08168660836975095,0.14515013468009477,0.1422548678720445,0.3076923076923077,-0.09239400380864582,0.07486225756108034,0.15896138318445246,0.15881432545201668,0.40450236966824643,0.4250658780505555,0.106424880051182,0.16416742501782877,0.16159596662030598,0.26095487246566385,-0.11670368674494203,0.02815810671424057,-0.0011372294954064277,-0.0004780945757997257,0.005109281862049397
367,0.14663132220213834,0.14605812739296903,0.30998644374152734,-0.08914233146388473,0.07011725233044297,0.14531713600166896,0.14436129481378351,0.312626603646185,-0.09200053389984264,0.06651208251928098,0.15960614610448012,0.15919770274973896,0.4088973024136299,0.4202853966404273,0.11253101481470162,0.1650996093610079,0.1633310128785242,0.25887445887445887,-0.11203840242460861,0.028975902720712043,-0.001314186200469386,-0.0016968325791855143,0.0026401599046576574
368,0.15311775086249937,0.15088834697787842,0.3230225364560318,-0.09549096597650353,0.064287286380043,0.15176212648695928,0.14932067584044592,0.32551968155683325,-0.08968852083385825,0.06512591197447637,0.16479189626352744,0.1653022121581606,0.4212218649517685,0.42786487293823805,0.10034818694067626,0.17144360212524987,0.1695262149451315,0.271474019088017,-0.11786720927191563,0.024662227043068086,-0.0013556243755400987,-0.0015676711374325025,0.0024971451008014567
369,0.14747975805550545,0.14554193911574936,0.30567586049692275,-0.10650712619763492,0.0683246932167787,0.14637902419191515,0.14454596631013727,0.3118766999093382,-0.10558454487750368,0.06298812236502771,0.1608353635399783,0.16117438184731303,0.41605319401567326,0.42212945639198834,0.10589415201310537,0.1663305323773078,0.1643788160914563,0.26330715532286214,-0.12748642430977386,0.02627251490498117,-0.001100733863590303,-0.0009959728056120887,0.006200839412415449
370,0.15238043422759645,0.1516072980017376,0.3435114503816794,-0.12691493362845152,0.06384652621013098,0.15103077181943472,0.15004344048653345,0.3455340699815838,-0.12710328775584023,0.05929534817071225,0.1661603295691992,0.16615986099044308,0.4484672942312334,0.4558338109777712,0.10285662369086268,0.17185557275500105,0.169244135534318,0.2927587738782763,-0.14658697514686814,0.025053151493180992,-0.0013496624081617281,-0.001563857515204159,0.002022619599904407
371,0.146460115644539,0.14427709536004166,0.31927437641723355,-0.09913225281167892,0.07220693767946862,0.14498620246406377,0.14293155084856113,0.3227919584368647,-0.09787121260820197,0.06860039635909965,0.1585556755199318,0.15899127566300622,0.4247704261831881,0.426070778992426,0.10678730445712525,0.16391510690211322,0.16255045791918052,0.2695993031358885,-0.12862417571236018,0.033595730602576035,-0.0014739131804752392,-0.0013455445114805287,0.003517582019631149
372,0.14989454933156726,0.14760452961672474,0.31525735294117646,-0.08000224383854071,0.08168589993795206,0.14851454279858187,0.14655923344947736,0.3201644211007079,-0.08179731467106544,0.075939890935666,0.16288748017700796,0.16358885017421604,0.4260047281323877,0.41799012711042116,0.10764934802235626,0.16826571327754994,0.16633275261324043,0.26906222611744085,-0.10713540655928577,0.036569088512594106,-0.001380006532985395,-0.0010452961672473837,0.004907068159531458
373,0.1505094931254134,0.14860748476936467,0.31717960496095543,-0.10363803449736653,0.07419764845004118,0.14912326304853527,0.14717145343777197,0.31860837720302126,-0.0998961220761575,0.07098840760012592,0.16102525672130122,0.16013925152306355,0.41270213264588707,0.42007459641327904,0.09281124537954966,0.16872045663748633,0.165970409051349,0.26857517482517484,-0.1386646586010476,0.0267008838712951,-0.001386230076878131,-0.001436031331592702,0.0014287722420658344
374,0.1458380295895404,0.14457098148309136,0.3153828143291969,-0.10599573616937075,0.08421044203345152,0.14473437710778336,0.14331044075458577,0.31888111888111886,-0.10320061460192131,0.08012170968250776,0.16132529245059368,0.16226201860384248,0.42021276595744683,0.4383163054271162,0.11326196136910371,0.16403897684276497,0.16091454403199165,0.2607334525939177,-0.11979790610990126,0.04095595768925808,-0.0011036524817570337,-0.0012605407285055936,0.00349830455192196
375,0.14842238836112054,0.14854457642605404,0.31880169908338923,-0.09194860558880491,0.07111548583424943,0.14718162289087688,0.14671713875473175,0.3207042567416982,-0.08751617783461574,0.06817125145150704,0.16191049316762976,0.16172823391202193,0.41829464490921625,0.441883495676326,0.09677238545528921,0.16627962992716008,0.16512204673019187,0.2705147533922033,-0.13145070692795657,0.03536406832952188,-0.0012407654702436544,-0.0018274376713222906,0.0019025576583089898
376,0.14536094719284753,0.14226830961471712,0.3075155136750172,-0.08726603707797653,0.07555451622167908,0.14404661042313815,0.14096667823672335,0.31244281793229645,-0.0919824625177118,0.0710678641434237,0.1596916852934072,0.16005727178063173,0.4183162413546387,0.4312735446634569,0.10931123185807667,0.1636182852997485,0.1611853523082263,0.2658590308370044,-0.12036825745380086,0.03517464751738075,-0.0013143367697093788,-0.0013016313779937727,0.004927304257279219
377,0.14811440283368046,0.147062666027958,0.3147977941176471,-0.10094147890925731,0.07155021228992031,0.1468379277331774,0.14579976483908896,0.3166475315729047,-0.09448942098037627,0.07090669640705649,0.16050672059132134,0.15986587118407874,0.4107992388201713,0.4302185119384102,0.10329699584453533,0.16620750140813906,0.16426425118669163,0.2672508214676889,-0.11912501009448428,0.025860584606589243,-0.0012764751005030772,-0.0012629011888690422,0.0018497374552576273
378,0.14785237682616983,0.14745064005207204,0.3121062106210621,-0.08846631779732606,0.07236411411604904,0.14645659912067902,0.1451073985680191,0.3156594023814873,-0.08648585395117503,0.07088761987450043,0.15986359668583014,0.1604252549359948,0.411217128228997,0.4603687509993751,0.10337049318857205,0.16632623340322827,0.16480798437839012,0.2601081081081081,-0.10843284085638372,0.03418619158457514,-0.0013957777054908194,-0.0023432414840529325,0.003553191760425234
379,0.14823993333272825,0.14750561021923012,0.31633119853613906,-0.10078301651337862,0.0664628855204501,0.14663912366667348,0.14500258933195237,0.3190811917216284,-0.097957898893272,0.061109882498506685,0.15717507659136773,0.15617987225962368,0.41290475064996457,0.40625705441257,0.09665382256421129,0.16611288975161723,0.1644657345071638,0.2692644483362522,-0.12474436485142426,0.024495341828413286,-0.0016008096660547755,-0.002503020887277746,0.0027499931854893522
380,0.1501612902877154,0.1481191903396751,0.3258728737690242,-0.1066897558906077,0.07720523671268231,0.14887354822711982,0.1471201459473547,0.3293386595650244,-0.10428147174279934,0.06924843721159646,0.1624837870070595,0.1629311093736426,0.4261992619926199,0.41953766772030926,0.10484464550592798,0.16777462353972983,0.16675354009208584,0.276732249786142,-0.12645633444292148,0.03365222891726505,-0.0012877420605955925,-0.0009990443923204029,0.003465785796000209
381,0.1518995014133075,0.15005657585516582,0.31964741359313387,-0.09818491097447057,0.08209524435860649,0.15053148004729475,0.14883801897467142,0.3208679593721145,-0.08867042328706276,0.0775976761113788,0.16375522060926856,0.16428757942379668,0.424625468164794,0.4131615565873315,0.09044787110345787,0.16981590550026524,0.16759509095656716,0.2673333333333333,-0.1256044155228495,0.04161713013355739,-0.001368021366012745,-0.0012185568804944091,0.0012205457789806196
382,0.1479580133302584,0.14603809689484212,0.3198250057563896,-0.08433557272537096,0.07716676619473406,0.14658943979535996,0.14460293989736453,0.3236781609195402,-0.08208223449944052,0.07567011846071592,0.15982292878656582,0.15951987474993476,0.419971671388102,0.4641654978160498,0.10004409584329732,0.1658539810860022,0.1636513873184309,0.2734460795080167,-0.11001667826943806,0.032267334174189366,-0.001368573534898443,-0.0014351569974775935,0.003853155163150601
383,0.14439647995778593,0.1425350158275877,0.31988144094847243,-0.08400118034445447,0.07034385098725338,0.14308583822187868,0.14084384892242313,0.32228026345673405,-0.08338468902317564,0.06671872898699516,0.1579543639005245,0.1588829625775118,0.42266571632216676,0.43540390999137496,0.10808776828406053,0.16219093623987482,0.16057412948267638,0.2746125300152805,-0.12304800981925257,0.028761569219584504,-0.001310641735907253,-0.0016911669051645761,0.002398822508261622
384,0.14574058592077366,0.14407883313075187,0.312,-0.08917478555245362,0.08330895294025042,0.1444899968105913,0.14195172773050876,0.31412300683371297,-0.08810050009581094,0.0801356814976304,0.16063443461730373,0.16027088036117382,0.41409176029962547,0.44747859281830854,0.10509875017957437,0.1635674692407741,0.16096544538982463,0.26266579691237224,-0.12443834092932915,0.035921432730458336,-0.0012505891101823596,-0.0021271054002431067,0.0021230068337129704
385,0.1511829968883397,0.14978701208380424,0.3343934575193094,-0.10539754797140077,0.07888180526618493,0.1498200306498938,0.1484395375119534,0.33771532184950137,-0.10341169211639367,0.07676767456966671,0.1627000806755858,0.16278362166391377,0.4358855015126833,0.43511438247124545,0.10108017757962706,0.168523264189209,0.16586977310266887,0.281507145950628,-0.12687693698955327,0.03321658222139001,-0.0013629662384458952,-0.0013474745718508319,0.0033218643301919926
386,0.14905817190877543,0.14659253789688573,0.3139612558450234,-0.10584062295778973,0.06937496105779972,0.14778551684170327,0.14498544933327542,0.3167591564927858,-0.09748124119143042,0.0664367501657449,0.16331503157878793,0.16370585935803328,0.4182448036951501,0.4258883368633225,0.10316438631642844,0.16724518655657958,0.1653563827476871,0.2685994457471754,-0.13618107663357137,0.027400519742732943,-0.0012726550670721648,-0.0016070885636103038,0.002797900647762419
387,0.14615792597892593,0.14446707988383686,0.3067455621301775,-0.094287469395959,0.08373014255930078,0.14487499287305813,0.14273330154739716,0.3109856504351917,-0.09175853619162977,0.078092625576767,0.15669080187658546,0.15621342811321573,0.4120077783179387,0.4028173909726071,0.10779800352319435,0.16419751297016774,0.1624116856659876,0.2631224764468372,-0.11996628654248787,0.03320931729274923,-0.0012829331058678006,-0.0017337783364397008,0.004240088305014211
388,0.14567786408526578,0.14346978557504872,0.31353591160220995,-0.0922662276741647,0.08455568615880427,0.14412213680219313,0.14273337665150532,0.3168271435121504,-0.083343289746999,0.08073421685636506,0.15777305216003015,0.15642191899501842,0.4102683780630105,0.429425099606807,0.09708161331679932,0.1634067363556191,0.16136019059995668,0.2656834690732996,-0.12775451295784568,0.04230721998183795,-0.0015557272830726554,-0.0007364089235434024,0.003291231909940462
389,0.14767895098076106,0.14598856350719114,0.3117767188563649,-0.10623233638395713,0.07326132968811094,0.1462559041253401,0.1443857217120083,0.31353060763496726,-0.09647096983271952,0.06902210231286243,0.16025977555940032,0.1597643389360596,0.41365461847389556,0.40873922433536714,0.11014260785277352,0.1656635513349549,0.1637497833997574,0.26192017259978423,-0.13762447553088186,0.024934137610277296,-0.0014230468554209674,-0.00160284179518283,0.001753888778602386
390,0.153104045427771,0.15225018408628233,0.321041714680802,-0.10263665861139104,0.07714468529448792,0.15149162434625113,0.1500844631177719,0.3233065442020666,-0.09762959817433281,0.07372514459642598,0.1602915462850573,0.15931043444362628,0.41213832039520115,0.40092193422834793,0.09595215913382849,0.17143563738866976,0.16996578160869755,0.2726477024070022,-0.12726392182572077,0.027775066466218856,-0.001612421081519877,-0.0021657209685104206,0.002264829521264611
391,0.14843470561706248,0.14653861196818913,0.31215341959334564,-0.10270874047197343,0.08883801607400776,0.14716668783579945,0.1452783451392812,0.315052776502983,-0.09848698150359614,0.08246754933691802,0.1625165583140949,0.1629655382208509,0.42701679678258814,0.4663692503008607,0.11028525408887702,0.16663419833037532,0.16509495458693668,0.26720914888937763,-0.13244552259610787,0.042333608893251884,-0.0012680177812630367,-0.0012602668289079244,0.002899356909637385
392,0.14678989455584146,0.1447093630351549,0.30792192881745123,-0.10273840546287782,0.08138136769468063,0.14551549177590925,0.14292551340062654,0.3108879251312486,-0.10121187473464843,0.07585100815452994,0.15939655429706878,0.16037243299686738,0.41439322671683915,0.4209093765988889,0.10329009971912428,0.16474029163641316,0.16320048729550993,0.2608885970671919,-0.1281594503511616,0.03586225455651637,-0.00127440277993221,-0.0017838496345283505,0.0029659963137973477
393,0.15168858692417594,0.14976938473588025,0.316682156133829,-0.10214359010921015,0.07224113101544716,0.15010699320298643,0.14824645374641024,0.31854089219330856,-0.09666470072238109,0.07224113101544716,0.1603425260114628,0.1596031676964581,0.4005702066999287,0.3856234197118114,0.09276913539369569,0.17011780212586763,0.16739187189974764,0.2660306190370535,-0.13690165483068484,0.028376026922979136,-0.001581593721189517,-0.0015229309894700116,0.0018587360594795599
394,0.14589540809357435,0.1438207136640557,0.30434782608695654,-0.08271570954494234,0.0823221615416101,0.14433524843861859,0.14151436031331593,0.30623556581986144,-0.0790875840165709,0.07610188357207737,0.15798802632378733,0.15791993037423846,0.40473344489600765,0.44361029271847546,0.10763225810729538,0.16404343548870579,0.16227154046997389,0.2560515212080835,-0.10682196292872825,0.03899470809865735,-0.0015601596549557617,-0.0023063533507397538,0.0018877397329049028
395,0.15228522574630887,0.15039520541996004,0.3206790851214336,-0.09301237837580545,0.08208285166386697,0.15092471632761237,0.1484408929036741,0.32589285714285715,-0.0828226723339438,0.0788335019176466,0.16162660072666105,0.1618605055155042,0.4289827255278311,0.4475132831685146,0.09789635376213957,0.1704976045540856,0.16841830973681926,0.27372919478182633,-0.13486397676489192,0.037675071798854876,-0.0013605094186965039,-0.0019543125162859443,0.005213772021423535
396,0.14819219818348806,0.14683862033150127,0.3173076923076923,-0.06475893605170902,0.0941603351659821,0.14664735202516355,0.14471805080711472,0.31884387801547565,-0.0671364227086717,0.088704907010827,0.15857794019802587,0.15726836023715757,0.40794883508451346,0.3965627150058271,0.09206209356784556,0.16539855067859716,0.1628510840870732,0.2645133129637713,-0.10223083415630341,0.04925796496585966,-0.0015448461583245088,-0.0021205695243865508,0.0015361857077833552
397,0.15052646165061273,0.1486627755030926,0.3233240223463687,-0.10807763587441166,0.08339720761725955,0.14924984215835033,0.14774806167784652,0.32893518518518516,-0.09877404796799027,0.07824815087536474,0.16305663332143805,0.16334175450823243,0.41908127208480567,0.42093035879064217,0.09433895319378593,0.16941597038435968,0.1673055144176322,0.2732878220656243,-0.14192662898085462,0.030833920043750296,-0.0012766194922624041,-0.0009147138252460774,0.005611162838816464
398,0.1496650333619376,0.14851570590265792,0.32660467226128376,-0.11102081405411657,0.07231696091755602,0.1481169660260364,0.14575422851225406,0.32789115646258504,-0.11035354779934536,0.0721051361931343,0.15989456364486307,0.15895754228512254,0.422987436016752,0.4096054351090264,0.09582950532836065,0.16746299807870643,0.1654297549188816,0.2777534965034965,-0.10981806643856606,0.03694223193913815,-0.001548067335901182,-0.0027614773904038603,0.0012864842013012856
399,0.14741488331229918,0.14586053799947768,0.3139724749241894,-0.0902772882720887,0.08031005223217025,0.14614133587782785,0.14364063724209977,0.31735001158211723,-0.09652338086491163,0.07384939339929797,0.1607041377791643,0.16109515104030644,0.4224548049476689,0.4393867564869294,0.09818454166978341,0.16564976993155212,0.1636197440585009,0.26463387491653684,-0.11565026857161553,0.035946861579780776,-0.0012735474344713338,-0.0022199007573779073,0.0033775366579278376
400,0.1521759654827727,0.15098762752333406,0.3182026593305823,-0.08613078922829132,0.07550134693704758,0.15069497358799747,0.14903407857607986,0.3190857142857143,-0.08288818559439382,0.07272837786287323,0.1614642346906001,0.16045148686780986,0.4102746212121212,0.41103648026222833,0.10493748018597437,0.17029536081856939,0.1673540264814413,0.2675088652482269,-0.11338120602447088,0.043505549927344456,-0.001480991894775241,-0.001953548947254191,0.0008830549551320233
401,0.1475887877760682,0.145260138218803,0.3088572739788894,-0.10922764035659116,0.08961442383394014,0.1461925162181271,0.1436084669883079,0.3129858253315043,-0.10789828010397251,0.08623560373668082,0.16002801277436085,0.15947320380753682,0.4072778166550035,0.4444878109055957,0.10460793801552826,0.16492560748923474,0.16273308123614552,0.26099321811419823,-0.1332152339843352,0.04463388128917578,-0.0013962715579411145,-0.0016516712304950887,0.004128551352614918
402,0.15015666728256008,0.14858429301238202,0.3363488749710044,-0.0926331507562197,0.08439199004333975,0.14887110183931462,0.1467659537622305,0.33965756594169366,-0.08242692241547378,0.08204372682119365,0.1604245321085227,0.16031691055502642,0.4323028995926192,0.43594903017535785,0.11385201955753554,0.16712266048699762,0.16451640834704304,0.28679078014184395,-0.12556770755876956,0.04148281662048925,-0.0012855654432454566,-0.0018183392501515128,0.0033086909706892542
403,0.14890631526612935,0.1462140992167102,0.3183105238319962,-0.08180612216247118,0.08441660217666014,0.1473244008827309,0.14442993907745866,0.3223684210526316,-0.07355599815208025,0.08052045130696817,0.15798270758821487,0.15870322019147085,0.42221687905746574,0.4064256638065643,0.10151637543808623,0.16712132890310208,0.16475195822454308,0.27494407158836687,-0.10667041651381126,0.034199546522852065,-0.0015819143833984417,-0.0017841601392515338,0.004057897220635376
404,0.1519832139564105,0.1508053342570142,0.3182129017551858,-0.09540692821085917,0.07335569445382961,0.15041696243022976,0.1486404572220298,0.3221491725232374,-0.09409760360327146,0.06825268962225883,0.1608922272250577,0.16067717353654312,0.41247342310418145,0.4597860385993458,0.10609997545640859,0.17082578977880325,0.1689037062694839,0.2694819329560296,-0.12670314521136727,0.029342277781531867,-0.0015662515261807564,-0.0021648770349844138,0.003936270768051586
405,0.14757788138153302,0.14616284612384625,0.31665129151291516,-0.1025387774111286,0.07551687619533198,0.1463603584773454,0.14442951856827144,0.31869395263278916,-0.09914081979224054,0.07273326302206928,0.15958656131569013,0.16007279975733416,0.4134751773049645,0.41808665920746985,0.09821402976193472,0.1655640666467389,0.16353945486848376,0.26846528084918175,-0.12386223582799927,0.03568979540865158,-0.0012175229041876123,-0.001733327555574815,0.002042661119874001
406,0.1512284868838555,0.14944769330734242,0.3377406634191603,-0.09979082090909375,0.07650130346915318,0.14983218427748168,0.1480181936322287,0.3418013856812933,-0.09477879112067855,0.07241927111954383,0.1636101705613341,0.16326619016677496,0.4328681424446583,0.4088899062623187,0.10980209368964944,0.1696655532099567,0.16751137102014296,0.2897362003990246,-0.1259526447879724,0.0335325418943192,-0.0013963026063738282,-0.0014294996751137157,0.004060722262132999
407,0.14386057768236754,0.14191004419793743,0.31090328467153283,-0.0898966617997139,0.07879853994983121,0.1425293334073136,0.14052344223936217,0.31326949384404923,-0.08432128064084976,0.07837479798794544,0.15669278535833933,0.15677268394141608,0.4076239476145931,0.435624550615574,0.10168060589166283,0.1616478691963595,0.15893924950168992,0.26182760855476345,-0.1220748657912033,0.0268901496188243,-0.0013312442750539333,-0.001386601958575262,0.002366209172516398
408,0.15180024512995915,0.14964689571509032,0.32245258050286724,-0.07835251605995719,0.06667886314763471,0.150407578501613,0.14821714830379967,0.3250712875630621,-0.07419517714619428,0.06146099735746524,0.16422403579778844,0.1625579480958364,0.4234400184204467,0.3914349936733502,0.10654335778452872,0.16925885991602763,0.16710714440448854,0.2752312867956266,-0.11469698997469346,0.020344214930930637,-0.0013926666283461675,-0.0014297474112906494,0.002618707060194847
409,0.14398276260058165,0.1406466113416321,0.30623992631821323,-0.1142865015128417,0.08231950939291965,0.1425319821164886,0.13939315352697096,0.31013094417643006,-0.11568889040979025,0.08019368905457369,0.15480379774130035,0.15395919778699863,0.41011764705882353,0.4162958264591536,0.10208963853953723,0.1616876932488419,0.15957814661134162,0.2658504591167468,-0.13924682285574197,0.0332130595771275,-0.001450780484093056,-0.0012534578146611297,0.0038910178582168276
410,0.14989243746537145,0.14927901320361361,0.320524620340543,-0.09498231455805417,0.08497643326671644,0.14847414474323936,0.14758512856150105,0.32476474638512737,-0.08860116489560577,0.08264095394604842,0.1605320390722239,0.1602675469075747,0.41672522839072385,0.4346994652690657,0.10132478851139315,0.1678141929578758,0.16652189020152883,0.2670902716914987,-0.1134665610452773,0.03869147945711238,-0.0014182927221320918,-0.0016938846421125642,0.004240126044584347
411,0.14801303337133653,0.14663659626143905,0.31161731207289295,-0.09160920209320311,0.08120374678193854,0.14663485296468776,0.14494513596738517,0.3140720598232495,-0.08694561612470852,0.07634347100407268,0.15998900230050356,0.16003816628355813,0.40949074074074077,0.3991662412795644,0.09599589045370405,0.1660164297032555,0.16411501929999567,0.2606034105815479,-0.1293314108821484,0.04232154055901183,-0.0013781804066487768,-0.0016914602940538703,0.002454747750356534
412,0.15039449505834845,0.1499131190269331,0.3270440251572327,-0.09484258690971958,0.07684963196231742,0.14895699947367994,0.14834926151172892,0.32954808806488994,-0.08509172505177098,0.07210633886032214,0.16281229442818615,0.16294526498696785,0.430316091954023,0.4654128453441661,0.1020753270956557,0.16908795787555406,0.16798436142484796,0.27569475077194533,-0.13307262127127906,0.02488901207227856,-0.001437495584668519,-0.0015638575152041867,0.0025040629076572563
413,0.14889878269255202,0.14678145007786814,0.3182240818224082,-0.09782951103016335,0.08246666074525977,0.14761087173090173,0.1454403876103132,0.31948291782086796,-0.09495465274034975,0.07604402361556661,0.15958644081900697,0.1605381553902059,0.41605144081924267,0.43396375006969357,0.10451771489053951,0.16709209643298908,0.1661187056584184,0.2671671450651358,-0.12405085150011463,0.033868706463915044,-0.0012879109616502904,-0.0013410624675549432,0.001258835998459773
414,0.14675911169525407,0.14489548096105473,0.3141860465116279,-0.0981402566511731,0.08773736763181861,0.14559385110899833,0.14389799635701275,0.3179083757519667,-0.09412190747639526,0.08304231462190637,0.1599562198019227,0.16046491456327522,0.42041686404547607,0.4335100193260984,0.10438346466696169,0.16478123186240287,0.16258999045884293,0.26588702559576344,-0.1252553805864618,0.038225899527290164,-0.0011652605862557397,-0.000997484604041976,0.003722329240338773
415,0.14675490300393265,0.14479638009049775,0.3142523364485981,-0.09510609002647841,0.08453526866460848,0.14537516274668086,0.1428820048729551,0.3170048985304409,-0.09361529861724038,0.08303122511872751,0.15892140534765847,0.15880612600069613,0.4165874524714829,0.434856134157105,0.10000543085081326,0.1653894705428627,0.1622432996867386,0.26614872364039954,-0.12470538393645192,0.036191011832718556,-0.0013797402572517936,-0.0019143752175426465,0.0027525620818427687
416,0.1472506138879661,0.14586681725381173,0.32553140673513253,-0.07328127836057419,0.08632110003308646,0.14588505822154707,0.14399895747361105,0.3289036544850498,-0.07477821206089774,0.0804367674186558,0.1584622786476475,0.1585508883193606,0.4247873633049818,0.46440920183358464,0.10201265367156831,0.1657925294237222,0.16415446765996264,0.2781562216167121,-0.10515722461877564,0.03902850087266174,-0.0013655556664190216,-0.0018678597802006813,0.00337224774991729
417,0.14758233340018098,0.1453977617766982,0.32186004103031685,-0.08728317301966526,0.08200831581432655,0.1462310226533415,0.14448685694456492,0.32653985507246375,-0.09192449971567473,0.07588067841227408,0.1617736288810311,0.16222781296087446,0.4258019847680591,0.3675445795493768,0.09341839925263118,0.16558504655573658,0.16344235273705213,0.2738121067476676,-0.1258956744387939,0.035100195012407465,-0.0013513107468394736,-0.0009109048321332691,0.0046798140421469014
418,0.14664951727991843,0.14482249804704453,0.3189139438564197,-0.1129041148222113,0.08098478186972025,0.1452125030546949,0.14339033070046003,0.3220494053064959,-0.10910632934439057,0.0754483502812211,0.15940032073207466,0.15931776755489974,0.4223631665492131,0.44887502314337374,0.09993641307650558,0.16472260937066596,0.16309348146862251,0.26968503937007876,-0.1366352532475119,0.032860414985074304,-0.0014370142252235207,-0.0014321673465844953,0.0031354614500762046
419,0.15160750546283952,0.14929638449880928,0.31345002303086134,-0.10261705210456795,0.08927277967843406,0.15004890190460068,0.14739121021866206,0.31584948688711517,-0.10567278281223635,0.08017537483821335,0.16271009737390116,0.16189651439705563,0.41585535465924894,0.4421133725502817,0.09519667120229858,0.16975732488870554,0.16769863606841307,0.26579234972677596,-0.13139188737721663,0.03997753949770355,-0.0015586035582388358,-0.0019051742801472205,0.002399463856253836
420,0.15231154622192386,0.15071044879570264,0.32441471571906355,-0.09982374062440846,0.07059373087446075,0.15129807652706043,0.14919424709755674,0.32934662236987816,-0.10005334385029963,0.06430195450418796,0.1666807442932012,0.16630566626234622,0.43046055631554947,0.4245944296208048,0.091356592896361,0.17068473035312817,0.168861549124935,0.27634660421545665,-0.11867116734530547,0.026131844524532988,-0.0010134696948634336,-0.001516201698145897,0.00493190665081461
421,0.15008112831999748,0.1487905861843539,0.3239468348727191,-0.10732125714347007,0.06594535359606635,0.14878823648315948,0.14722161691000218,0.3263888888888889,-0.10132652678145249,0.06063533001106036,0.16315613223930492,0.16234473741555894,0.41808436261943605,0.4346947969411889,0.09738069321930243,0.16821654822890322,0.16652865548049683,0.2745225694444444,-0.1283720741365586,0.030049594161425275,-0.001292891836838006,-0.0015689692743517114,0.0024420540161698145
422,0.1484834615318921,0.14743035127184634,0.32651184180271325,-0.09096821555199064,0.0759246379871803,0.14688940224425065,0.14587298840629867,0.3305065322026129,-0.08420697739358618,0.07293579152577245,0.15779387401791692,0.15664474822633673,0.41325443786982247,0.389092646258252,0.10239727807393528,0.16626185403894975,0.16521024398684894,0.2758164165931156,-0.1175803239893286,0.03685614495592082,-0.0015940592876414472,-0.001557362865547668,0.003994690399899636
423,0.14813255282313875,0.14690867838910948,0.3095732410611303,-0.08943539599931982,0.07717665369044446,0.1468927578020524,0.14559972075570488,0.31323360184119675,-0.09195477796582585,0.07503380434780982,0.15927018714433389,0.16073999738208472,0.4187932268065824,0.43858520219790004,0.1076051143558564,0.1661027880938686,0.1647541341245255,0.263308402991641,-0.11861785396035818,0.03196253256085346,-0.0012397950210863429,-0.001308957633404606,0.0036603607800664295
424,0.14757448510774981,0.14511369553896894,0.3129142857142857,-0.09925553534000953,0.06685594496777914,0.14611057867631339,0.14411560492969971,0.3163661264551472,-0.09704138457912759,0.06557040733972985,0.1583863900068729,0.15778510675229995,0.4055529188419554,0.4152578215052713,0.10135120465376579,0.16586905257588555,0.1645113695538969,0.2702524698133919,-0.12094422226036106,0.028289816126303213,-0.0014639064314364292,-0.0009980906092692254,0.0034518407408615226
425,0.14631221825809518,0.14425078043704476,0.30696055684454754,-0.1088678258952186,0.07724653236151513,0.1447066232544281,0.1425598335067638,0.31212540341171047,-0.11099353245109078,0.07123178568153055,0.15626999857402948,0.15734477974332292,0.4151710935630534,0.4301099644352941,0.10538695432858536,0.16445435275672776,0.16280783905653834,0.2616471627290793,-0.12984470016512628,0.030202620828779225,-0.0016055950036670819,-0.001690946930280962,0.0051648465671629284
426,0.14455984484470816,0.1418781175450011,0.3023255813953488,-0.10401874599107941,0.07858455572461398,0.14310254214025273,0.13975276512687052,0.305452865064695,-0.10730830098389266,0.07256537854669809,0.15532942229234534,0.1549772283669486,0.4109390125847047,0.42408015740304744,0.1146996187921091,0.16225611719743432,0.16026892214270225,0.25699801631033725,-0.135118623885072,0.027636520325826197,-0.001457302704455432,-0.0021253524181305827,0.0031272836693461703
427,0.14853274249020768,0.14743199791431302,0.3126431516262025,-0.1159605287100991,0.0704500329333333,0.1471488454033973,0.1456070218128096,0.31548974943052394,-0.11045729186933062,0.06531266955945447,0.16096129552119676,0.16081515599200485,0.4213509683514407,0.4739441674429199,0.09870553148966643,0.16710645634103116,0.16507343356217954,0.26432491767288696,-0.14401251433012607,0.029993296364038136,-0.0013838970868103873,-0.0018249761015034227,0.002846597804321449
428,0.14856717490767363,0.1460698594980208,0.3103762827822121,-0.10803649482251254,0.07817687673097018,0.14725976368842883,0.14415590064813608,0.3126275221038313,-0.10405442500085105,0.07266064462133737,0.16030155674535274,0.1613380312323285,0.4101544220870379,0.40151772050041684,0.10172694458363285,0.16612272145603216,0.16377397885945452,0.26294040887342324,-0.1323436342289973,0.032986205986671346,-0.0013074112192447973,-0.0019139588498847115,0.0022512393216192472
429,0.14225984123103985,0.13998170173833485,0.29907621247113164,-0.05448500586570182,0.08190347304105483,0.1411271255964187,0.13841327930989414,0.30062341260678827,-0.05550067620812782,0.0816898917354486,0.15305199155297028,0.15187557182067704,0.39189511323003573,0.4167033367347462,0.11073694929788835,0.16007098072723566,0.1569729447131094,0.24939785417122837,-0.10802089077178867,0.03128470361239144,-0.0011327156346211398,-0.0015684224284407133,0.0015472001356566234
430,0.14920190111144363,0.1476972401542394,0.3102897558749715,-0.08433037379691122,0.0812301187073945,0.14757743500469492,0.14566093323512846,0.3131680691380487,-0.08683876744012531,0.0782691905806614,0.16050160613442402,0.15861531129500456,0.40739884393063586,0.4485003357457286,0.09349682094671774,0.16733532273500834,0.16520081452276764,0.2634455618714473,-0.12614340073117958,0.04083459926410604,-0.001624466106748712,-0.0020363069191109417,0.0028783132630771924
431,0.14997336042164397,0.14838933750108535,0.31595793324188387,-0.08722609136779147,0.07759926049165511,0.14859052260539113,0.1466093600764088,0.320054632369679,-0.08251426244821114,0.07356114910899769,0.16132532520012044,0.16080576539029262,0.41226017781937296,0.43460157862605325,0.09885247829511534,0.16847212277356569,0.166189111747851,0.2678062678062678,-0.1190318005254547,0.03743067884311524,-0.001382837816252841,-0.0017799774246765598,0.004096699127795145
432,0.14535808610048415,0.14233181916504434,0.30672562252734464,-0.07582563855623792,0.08063118853287721,0.14387071147735284,0.14129353233830846,0.31242767877806066,-0.08273846578761479,0.07548122381590139,0.15559463720763558,0.154704737183647,0.40575539568345326,0.46104867803596944,0.10788308516020706,0.16347584748772445,0.16123729180186028,0.26344919194155414,-0.10697613998505273,0.03342317862726618,-0.00148737462313131,-0.0010382868267358736,0.005702056250716014
433,0.15259899834693433,0.1500260235947259,0.31802835921674544,-0.09056249637192737,0.07131335708795605,0.15130171144312982,0.14850798056904926,0.32172545495394295,-0.08605530150089336,0.06962446763649466,0.16386572734117436,0.16394864677307425,0.4281381241250583,0.44734317589110834,0.10445781257288533,0.17050321116829778,0.16780881332408049,0.2712411271241127,-0.11329519288446277,0.027824453712825936,-0.001297286903804512,-0.0015180430256766242,0.003697095737197509
434,0.15232248955190847,0.15175690993111868,0.3295660036166365,-0.10085661884101071,0.05890368797572987,0.1509962825013421,0.14966431249455053,0.33047790802524796,-0.09648953629727142,0.056334448181912355,0.16284666069093007,0.16409451565088498,0.42605801236329055,0.4169921474014007,0.1055782108967469,0.17080770210443172,0.16932600924230534,0.27908992416034667,-0.12108692108704555,0.018009954590802124,-0.0013262070505663803,-0.0020925974365681443,0.0009119044086114414
435,0.14919446745272702,0.14745762711864407,0.330201972757163,-0.09176442192779788,0.08925441345570495,0.14788892969760772,0.14554541503694046,0.33123102078953515,-0.08891128055877107,0.08431395896068672,0.16187230912058043,0.16262494567579314,0.43345195729537367,0.4459347402592331,0.09849091533769572,0.167434390519589,0.1655367231638418,0.2804197365483367,-0.12070810271215193,0.04178308982965928,-0.001305537755119296,-0.0019122120817036126,0.0010290480323721374
436,0.14770242508763798,0.14614949776057748,0.3019962859795729,-0.0885151620748389,0.08655951515821214,0.14614847434953135,0.14506239944340565,0.30655586334256696,-0.08446236199485557,0.08143609695588183,0.157633181313969,0.1567595773361743,0.3982571832312765,0.4292083325499689,0.09979501218089837,0.16570347663190538,0.16293429577771013,0.25492772667542707,-0.11556171462242049,0.03148276948316242,-0.0015539507381066298,-0.0010870983171718251,0.004559577362994061
437,0.1495891311567702,0.1487935656836461,0.3202004099294011,-0.0821605287119298,0.08268378462829151,0.14819742778060352,0.14671797976303727,0.32122587968217936,-0.0824986533072789,0.07973167545697313,0.1607947715137839,0.15994984000691861,0.4184629803186504,0.42131059474212945,0.10862017234773269,0.16703634044896118,0.1656144599152469,0.2710606721955478,-0.1055854126538408,0.042408580933874784,-0.0013917033761666753,-0.00207558592060883,0.0010254697527782852
438,0.14991848532055105,0.1475836915461769,0.31684522452701164,-0.10329453043754588,0.08299155660493285,0.14845163300381867,0.14580348226303677,0.31915377616014556,-0.09662837439528615,0.0810907858457316,0.16065876228744633,0.15974121835786548,0.41027994492886644,0.4011070975424833,0.08911626238458148,0.16716923285151758,0.16586340150232295,0.2669279338123231,-0.1323280871234659,0.03948502589432534,-0.001466852316732381,-0.0017802092831401273,0.002308551633133926
439,0.14509034603310975,0.14372504773476827,0.32829222894369475,-0.08858774117729018,0.07216255058431975,0.14390339310819655,0.1422062141989238,0.3318635414249246,-0.09235317516912667,0.06978479489825506,0.15843729492446937,0.15804547821558756,0.4235463029432879,0.44079866264790113,0.09788554391538395,0.16335160864921844,0.1613869119944454,0.27850926132559695,-0.11643428154245083,0.03260534235251522,-0.0011869529249131927,-0.0015188335358444771,0.003571312481229827
440,0.15097601180365777,0.14983515530105848,0.30845886442641945,-0.0934328883081954,0.08791255428236466,0.1494759362209328,0.14775290647232345,0.30790504724590917,-0.09376808950464632,0.08280383442091976,0.16332815854021873,0.16276245011278848,0.4137121389997652,0.4164502785989512,0.09983290062573624,0.1698809084673371,0.16770779108103417,0.2598982525989825,-0.12405758962900226,0.044062708804962436,-0.001500075582724969,-0.002082248828735034,-0.0005538171805102854
441,0.14638590273306668,0.14469578783151327,0.3191890617633192,-0.09504795400833321,0.0868244237283271,0.1450182512019777,0.1435257410296412,0.3215207697723539,-0.09334373632468862,0.08272729420235769,0.15620430428100252,0.156526261050442,0.4121605383321317,0.4318779650476299,0.10429113381272248,0.16402326173103499,0.16315652626105046,0.27018564079624247,-0.12921259620365855,0.03744323102059177,-0.0013676515310889759,-0.0011700468018720767,0.0023317080090347053
442,0.1536334538626817,0.15215594134795282,0.31911496350364965,-0.09156333472851119,0.07665008876460078,0.15224005175860553,0.14993690988991865,0.3211280418467137,-0.08439716905749406,0.07388799009766212,0.16472466600630578,0.16694948440151416,0.41879350348027844,0.427200258742057,0.09237280425332883,0.1723971096338219,0.17125701605534527,0.271484375,-0.11901670408279741,0.02905700404196465,-0.0013934021040761801,-0.0022190314580341763,0.002013078343064023
443,0.15010631479179268,0.1486474694589878,0.3141674333026679,-0.10228223453729157,0.0753346336942956,0.14866382651277432,0.14646596858638744,0.31634285714285715,-0.1022868580701638,0.06955343063620534,0.16171984850893661,0.16099476439790575,0.407022407022407,0.4194519660436003,0.07940288769813686,0.16874318370043792,0.16666666666666666,0.26371681415929205,-0.12193239602335071,0.03850622902794287,-0.0014424882790183557,-0.002181500872600356,0.002175423840189261
444,0.1465816096926283,0.1445809279916663,0.30904059040590404,-0.08139936127023761,0.0784718183780112,0.14519452005364136,0.14336559746516775,0.3145475372279496,-0.07721509763124723,0.0722737361692325,0.15802737930148225,0.15786275445982897,0.4101295641931684,0.4262828342373365,0.0979209728952134,0.16507596769892732,0.1630279091974478,0.2636978825583934,-0.12003522476087514,0.026108710062466844,-0.001387089638986927,-0.0012153305264985537,0.005506946822045555
445,0.1485136500383577,0.14787358564182598,0.3279682761838115,-0.09824285310356107,0.0844304358389989,0.14682483012365144,0.14561928295833876,0.33148276659727044,-0.09702070032888366,0.0767112662980306,0.1582689919406373,0.1579745957428361,0.42573320719016083,0.44045121061952164,0.09708129703114143,0.1664058467444536,0.16369705640091906,0.2722827294954434,-0.12262917243329319,0.03897310409774091,-0.0016888199147062632,-0.002254302683487225,0.003514490413458915
446,0.14586506944947691,0.14416416154751013,0.3144712430426716,-0.09123725558724827,0.07134473547035436,0.14458620452777446,0.1425957391190694,0.317940429462018,-0.08669560348294036,0.06724047387903653,0.15754683857826912,0.15714721387182504,0.41768511861969804,0.3782350796889856,0.10137064921736383,0.16374235368607262,0.16132967368100032,0.2655832591273375,-0.1195913520257651,0.03246225723681695,-0.001278864921702455,-0.001568422428440741,0.003469186419346404
447,0.14271015550176824,0.14042405283281195,0.3102974828375286,-0.08725718831658469,0.076718046712551,0.1413665624786163,0.13903371567605144,0.3131818181818182,-0.08762857874544139,0.07033197179197237,0.15633217625822898,0.15602189781021897,0.416189111747851,0.4625479576786824,0.11546023456406118,0.16004328258721445,0.15789016336461592,0.2651101898319878,-0.11292106723322726,0.03137691477644289,-0.0013435930231519566,-0.0013903371567605127,0.002884335344289557
448,0.1496542822630227,0.14810787298825576,0.3252957233848954,-0.08682479580253488,0.07553051939401612,0.14808678602830166,0.1458895171813832,0.3276643990929705,-0.0909399074463807,0.07255952808194233,0.16113489100237788,0.16028708133971292,0.42853817504655495,0.41594199590851616,0.09675188590882955,0.16720877225380074,0.16502827316224444,0.2767895878524946,-0.11506563184282237,0.030116795052315792,-0.001567496234721022,-0.002218355806872546,0.002368675708075141
449,0.15022728297144425,0.14883437717466946,0.32318608377203023,-0.09257224262843744,0.07759417653950229,0.1488909909901848,0.14665970772442588,0.3235563703024748,-0.0811925943484868,0.0786582766017555,0.16409171145222404,0.16370911621433543,0.42723880597014924,0.43263824627437797,0.09483259754800388,0.16825036270764876,0.1661447459986082,0.2742254449571523,-0.12305587259351713,0.03886093427348636,-0.001336291981259452,-0.0021746694502435826,0.0003702865304445746
450,0.1507569202281409,0.14849077090119436,0.32065588704167614,-0.0915125154456865,0.0827694325217857,0.14927441849455284,0.14736156351791532,0.32207615593834993,-0.08683344642179658,0.07833620803980879,0.1634575725560457,0.16499457111834961,0.425369685767098,0.4326711216479794,0.09606910596771634,0.16868525194751188,0.1666015200868621,0.2720331588132635,-0.12475649999446747,0.042025988473141096,-0.0014825017335880764,-0.0011292073832790406,0.001420268896673793
451,0.15245291598760277,0.1502480201897137,0.3185098952270081,-0.08412031642852769,0.0748387803355628,0.1511796227395794,0.14850752763031938,0.32151957377808665,-0.08271697820241597,0.07008737522577246,0.1640693547897651,0.16378034983900444,0.42891682785299806,0.4633247802856581,0.10917848090177462,0.17116937632989482,0.1697850491689148,0.27233947013920073,-0.11194246721088374,0.040499079769351076,-0.0012732932480233605,-0.0017404925593943188,0.0030096785510785318
452,0.14875317516025896,0.14701664421363694,0.32860855185447674,-0.10726935902411372,0.07763540521381251,0.14743591488591334,0.1454087175698579,0.33301842229570144,-0.09996140421737243,0.07741767080363304,0.15962300857400238,0.1603146321324584,0.42348059555772516,0.412134222080559,0.107247284998227,0.16755032909368991,0.16574681673982009,0.2822598870056497,-0.13310389777865916,0.0358303984593451,-0.0013172602743456163,-0.0016079266437790396,0.004409870441224706
453,0.1510092730811188,0.1495728349017737,0.3321529745042493,-0.10310446678168506,0.08509139162228108,0.14932142157395795,0.14718764907411422,0.33262960356556415,-0.10203263793089257,0.07925373415448844,0.1623554593028379,0.16162886508521618,0.42408376963350786,0.3982897486648815,0.09244251584098273,0.16929131775567172,0.16678953987597034,0.2807726864330638,-0.128214531006152,0.03839013187994078,-0.001687851507160859,-0.0023851858276594806,0.0004766290613148483
454,0.15170881310902556,0.15078438999092442,0.3239925891616489,-0.10951655762925205,0.0790124320106208,0.15009351771602364,0.14883962141838455,0.3283410138248848,-0.09916813456591156,0.07430369888639998,0.1608398077092322,0.15998962790094645,0.41972966563907993,0.4103900452816828,0.10062979771727143,0.17026116997883228,0.16863304377890143,0.27472771727050455,-0.12551658322417403,0.040272400397712516,-0.0016152953930019254,-0.0019447685725398622,0.0043484246632358725
455,0.14893137873370316,0.1466127840785643,0.31171893421362884,-0.11044218178814103,0.06343622265346627,0.14748686953652107,0.14526571937600485,0.3155294117647059,-0.10578808594422295,0.06145715224623416,0.15866911421494873,0.1585190979011863,0.4148645289584887,0.4648833446925105,0.11137370585086392,0.16751002919845306,0.16599313431538695,0.26777677767776775,-0.13579455723304212,0.018797190134788533,-0.0014445091971820867,-0.0013470647025594362,0.0038104775510770517
456,0.14876502478863096,0.14690587623504942,0.3288530465949821,-0.08137140890027139,0.07769626832870524,0.14740370773838302,0.14564915929970532,0.3318505338078292,-0.08351827398931744,0.0709983141624374,0.16100823024791974,0.1609464378575143,0.42909591555759524,0.44391737968099704,0.09988324150446681,0.1660850555727052,0.1639365574622985,0.2809350203731503,-0.10336299166627472,0.036043365857228005,-0.0013613170502479455,-0.0012567169353440988,0.002997487212847094
457,0.14811617579196884,0.14669682077153917,0.313915857605178,-0.0954452716488089,0.07676017288667747,0.14675702560907,0.14521810985952247,0.3151974288337925,-0.09335699347994819,0.07032555931329654,0.15736907823695664,0.156525899186709,0.40066146940703995,0.42094293290737067,0.09670747496415855,0.1663807872491159,0.1647023007002131,0.2649064906490649,-0.12946223709488625,0.029787493800996212,-0.0013591501828988384,-0.0014787109120167063,0.0012815712286144976
458,0.14519400350629175,0.14342750509916244,0.30693522545204854,-0.08150259007389105,0.07480762741464742,0.14386246838986835,0.14182181139608557,0.3093557933075347,-0.08057998475551786,0.0696919789008803,0.15958865251107895,0.1603523846721347,0.4156741305383516,0.44834319595111843,0.11125662307523809,0.16384962093054142,0.161827886993881,0.25961538461538464,-0.11648636181009209,0.03068515898340607,-0.0013315351164233935,-0.0016056937030768659,0.0024205678554861665
459,0.14939289848977155,0.14711505039972192,0.3171007927519819,-0.10053244112795989,0.06421869047122464,0.1480560758343364,0.14494264859228362,0.319900945520036,-0.09645464842533769,0.058458209930616456,0.1605474265737721,0.1613660062565172,0.41539185690750763,0.41985988234178523,0.09963497823940826,0.1675410128696285,0.16631908237747653,0.27374542321774714,-0.12598777125116567,0.015574632572755487,-0.0013368226554351659,-0.002172401807438301,0.0028001527680541205
460,0.1488833270233773,0.14619425991055535,0.3251691159318871,-0.11172240128343858,0.06751664186295281,0.1475624058021825,0.14515218618383918,0.33186456400742115,-0.1160828723030819,0.06208157089828337,0.16196704730684644,0.16208588424297685,0.43224242424242426,0.41153339580329507,0.10273590171401092,0.16740777962125447,0.1648213277756068,0.27949753252579634,-0.13128323551852483,0.03034075646461376,-0.0013209212211948151,-0.001042073726716164,0.006695448075534072
461,0.14555128751389104,0.144668513069067,0.30800268997982516,-0.0938028489834084,0.08081647923828528,0.14429576424547458,0.14220183486238533,0.3094972067039106,-0.09081441364925746,0.07789288567410957,0.159838647224397,0.16050718365933875,0.4096662830840046,0.42088207642840864,0.1050405401985981,0.16364422353107436,0.16193526051583867,0.25935428693607016,-0.1139818488769282,0.03570960710528881,-0.0012555232684164641,-0.0024666782066816717,0.0014945167240854595
462,0.14877257215017453,0.1470716402300854,0.3135022077620265,-0.1040071001491869,0.0690575368282289,0.14731999475785928,0.14550287606763115,0.317191844300278,-0.10375527449074351,0.06623974656216824,0.1607833530517524,0.16110336412759282,0.415311004784689,0.4237367793468825,0.09571816780711206,0.1673737558941281,0.1662454244378595,0.2677973666592279,-0.13946261676805127,0.030475485492934662,-0.0014525773923152463,-0.0015687641624542448,0.0036896365382515506
463,0.1469182812968639,0.14401111786675933,0.3161260849703061,-0.06919747672558729,0.08647108310883056,0.14544628224472125,0.14344653869538782,0.32129061576914336,-0.06466542667102959,0.08161928199743151,0.15932407895167777,0.15899418049161818,0.4220055710306407,0.4232900026468417,0.1012374343174367,0.1647467597259201,0.1624685138539043,0.27027614698847574,-0.10030881741215536,0.03985160286451728,-0.001471999052142653,-0.0005645791713715098,0.005164530798837275
464,0.1480618976609964,0.14702556966428945,0.31931608133086875,-0.08410386074102894,0.0759959146738477,0.1466748831669313,0.14619933901548096,0.3222759732780465,-0.08041233103180001,0.0732069722977281,0.1613500225991868,0.16120194816489825,0.4167255594817432,0.37415540212000387,0.09380223907522622,0.16666854862481956,0.16394155505305272,0.2693669765382913,-0.1172284352815326,0.03523444917671614,-0.0013870144940650864,-0.0008262306488084903,0.002959891947177773
465,0.14784285580934095,0.1460605797227413,0.3220498354489892,-0.09788335508014978,0.07879926055813324,0.1464351483438571,0.14480031289383338,0.3289013296011197,-0.10293003312207427,0.07164672300371677,0.1599525812625925,0.15870670548867932,0.42390782525204035,0.4217688043651573,0.09787269403657706,0.16563495530539293,0.16335665551258094,0.27254283137962126,-0.11695401701224972,0.03935193222771505,-0.001407707465483854,-0.0012602668289079244,0.006851494152130488
466,0.15061648464688748,0.14960902060742212,0.3226859407787363,-0.08961016159194557,0.08585304078749023,0.14925478334554274,0.14714649846632394,0.32808884775566866,-0.08881067733737324,0.0787941558362878,0.16282797162998397,0.1630448870263965,0.4293376865671642,0.43083301316563927,0.08606694639207202,0.16966091752247683,0.16758111202315634,0.2764100268576544,-0.1141697781306108,0.04756393756733113,-0.0013617013013447476,-0.0024625221410981835,0.0054029069769323534
467,0.14619107475634083,0.14571751216122308,0.3067974452554745,-0.08350209208432646,0.07017893229915462,0.14476934250931792,0.14489228630993745,0.3121163900886565,-0.0817112690658075,0.06697733867236833,0.15782913649098992,0.15753127171646977,0.408226343319068,0.4271959605066664,0.10817117667035148,0.16511526503603657,0.16313412091730367,0.2587260034904014,-0.11199174348902818,0.02749101727533787,-0.001421732247022911,-0.0008252258512856381,0.0053189448331820155
468,0.150773797235038,0.14887165937540608,0.32095369096744614,-0.09487044662867505,0.06523345022956595,0.14943257558698264,0.14735565469744877,0.32489162673967603,-0.09064546665037276,0.06072065428292173,0.16267550818981721,0.16290553125135357,0.42388981239610546,0.3880058164760541,0.09768260203638801,0.16968379331130512,0.16797331831766796,0.27755905511811024,-0.13372087417554135,0.02010549076312451,-0.001341221648055363,-0.0015160046779573166,0.003937935772229895
469,0.14559563018578825,0.14451394318477978,0.3083958724202627,-0.0903012903186925,0.06905207070603303,0.14415491217677806,0.1432108418034923,0.31228151945933347,-0.08261376922520614,0.06316547217368018,0.15730691909437217,0.157588393710364,0.4085916524286063,0.43432377296176655,0.10546177273947421,0.16457947919913152,0.1626704890973851,0.2589105581708137,-0.10181547116821754,0.026101703636644324,-0.001440718009010189,-0.0013031013812874748,0.0038856470390707942
470,0.151546711477739,0.1494077686814144,0.3201282344859171,-0.11897696807214231,0.07543500128053837,0.15023318256731286,0.1478400975439819,0.32197576034758746,-0.11370186448939801,0.07415512426572468,0.16254405321930135,0.16342971607733844,0.4225417439703154,0.40369394345600784,0.08716720724966409,0.16946637162668526,0.16896011147883644,0.2745829675153644,-0.1324412015598343,0.03511887531390656,-0.0013135289104261316,-0.0015676711374325025,0.0018475258616703627
471,0.14662792110266887,0.14368466898954704,0.3088066222120028,-0.10088985226897673,0.06172542959244287,0.1450450637211366,0.14255226480836236,0.31118240146654447,-0.0995715762096091,0.05848127596985486,0.1571850865630202,0.15618466898954703,0.4013474494706448,0.4100883480707549,0.1034668728697431,0.16492709533367264,0.16263066202090593,0.2617110182537937,-0.11836959388941781,0.018902601774279937,-0.001582857381532271,-0.0011324041811846819,0.002375779254541688
472,0.14890739528404845,0.1476857490864799,0.3224309904894456,-0.10935511430681388,0.05499731042271494,0.1475718694401837,0.14668522707499565,0.32363132363132363,-0.10769870371578705,0.05105955549984753,0.15951516346587513,0.15960501131024882,0.4094640270400773,0.3974813716695704,0.09196845386519237,0.16824276253417078,0.16695667304680703,0.27683115733569374,-0.1362741875584279,0.009494364647358089,-0.00133552584386476,-0.0010005220114842617,0.0012003331418780072
473,0.14887664201413126,0.1470995670995671,0.3190354741479249,-0.10080527791908667,0.06707278585839926,0.14734704051665798,0.14601731601731602,0.32159300184162065,-0.09595970316584868,0.060366370338961084,0.15887666336967035,0.15818181818181817,0.41592708083473257,0.4247395137590168,0.09822516762611255,0.16698430293445465,0.1645021645021645,0.2684772929652716,-0.13681819457202915,0.028348644633255704,-0.0015296014974732763,-0.0010822510822510734,0.0025575276936957714
474,0.14587440601638352,0.14427322309756732,0.31615661566156616,-0.09428634864493668,0.07931639221198228,0.1447990740401224,0.14280148904856724,0.31931639307398246,-0.08902033606080095,0.07868742367855919,0.15929413825051408,0.15994286208986236,0.42049142327306444,0.4031729595655554,0.10657169532698607,0.16318690785751522,0.16046229763656827,0.2706992706992707,-0.12524619509122314,0.033611345449898966,-0.0010753319762611124,-0.001471734049000084,0.003159777412416298
475,0.1464521618888541,0.14440245014987618,0.30994285714285713,-0.09970057522456865,0.07676690046570589,0.14528558647615764,0.14283852469698943,0.3132969034608379,-0.09698947725789209,0.07315142656439588,0.16070724381137716,0.1609105521525696,0.4105585670516144,0.43152062635953026,0.10483999193470184,0.16459180028668619,0.16360397932143012,0.26803672933974637,-0.12564710576467064,0.03444458832684083,-0.0011665754126964634,-0.0015639254528867497,0.0033540463179807523
476,0.14909735648307304,0.14737986518808435,0.3216670504259728,-0.11267224643311224,0.07020232026379192,0.14766919075080925,0.14646662317895195,0.32541133455210236,-0.10999822987636387,0.06310812341676175,0.15948348407324806,0.15973037616873234,0.42027605901951454,0.4359452663297598,0.10051388861019317,0.16724347366447437,0.164557512502718,0.27611940298507465,-0.1445761218518551,0.02441250425114294,-0.0014281657322637864,-0.0009132420091323978,0.003744284126129538
477,0.14921190948392324,0.14777468706536856,0.30952380952380953,-0.11464210997933277,0.06593672245857496,0.14780697112618207,0.1456449930458971,0.3107305936073059,-0.1075644126566544,0.06335970562100768,0.1616599944135269,0.16046592489568845,0.41367924528301886,0.4167270009509866,0.09342490205929277,0.1684449064389052,0.165942280945758,0.264167585446527,-0.14331863626776198,0.030073238135763347,-0.0014049383577411645,-0.0021296940194714675,0.0012067840834963928
478,0.14763721799356486,0.14690050355964576,0.3135208711433757,-0.09713931693250422,0.07648751586953284,0.1463871896552124,0.14590206633096023,0.3189713512294157,-0.10043435162656567,0.0711993856241282,0.16028103848187647,0.16166001041847544,0.40991926182237604,0.4198008470757862,0.09192885618611446,0.1663325533951899,0.16569716964750825,0.26838235294117646,-0.1120365864648103,0.030798070549236667,-0.0012500283383524435,-0.0009984372286855336,0.005450480086040044
479,0.14872426569000638,0.14812405118195618,0.32201813531736806,-0.10348613800120798,0.07723497191467377,0.1473093787641689,0.14656256777271742,0.32592592592592595,-0.10154510373793268,0.07314686682586724,0.1593747503364367,0.15909780958577316,0.4129259694477086,0.419305711235064,0.08713248949810004,0.16694292390599724,0.16477987421383647,0.27016843971631205,-0.12694801215112417,0.03183548908634881,-0.0014148869258374663,-0.0015614834092387564,0.003907790608557893
480,0.1481021365385942,0.14633827944823985,0.3209006140550375,-0.08503017392692336,0.08233776491373856,0.14675490205471314,0.1451198816413559,0.32655367231638416,-0.08112249766977953,0.07642747248315929,0.16240650171392662,0.162656107219007,0.42833876221498374,0.42735243884209373,0.10323487029328648,0.16622606994519867,0.16387450502589096,0.27258938244853737,-0.10945209486186036,0.03632191670422891,-0.001347234483881049,-0.0012183978068839585,0.005653058261346655
481,0.1435948953128995,0.1414040858725762,0.30132137800849457,-0.09458099299889766,0.08170518100489788,0.14230421997078604,0.14049515235457063,0.3047149894440535,-0.09748706285461062,0.07628993836141307,0.1555763388154605,0.1554709141274238,0.4000965250965251,0.3734029920601404,0.10206649334440054,0.16208296779894807,0.15884695290858725,0.2553908355795148,-0.11434871429083282,0.03535070397666851,-0.0012906753421134676,-0.0009089335180055558,0.003393611435558941
482,0.14871590549213878,0.14672686230248308,0.3266203703703704,-0.07916061297644972,0.07965039824306819,0.14758322659200457,0.14477339815940268,0.32887145165012693,-0.07460414241351032,0.07686691658403622,0.1621665723894529,0.16144295884702206,0.42995970609149087,0.4541272088930117,0.1012759095940089,0.16661838615296526,0.16526306650460149,0.27732027598486536,-0.12356869261792791,0.04260868078056612,-0.0011326789001342152,-0.0019534641430803967,0.0022510812797565394
483,0.15109385171054665,0.14946371965782274,0.304367816091954,-0.10040860177807609,0.08189682189353364,0.14957590736076531,0.147422814711885,0.309224078736553,-0.09329648962055814,0.0778559648603473,0.15991863452896918,0.16023275001085588,0.4079413850153628,0.43456673998571005,0.10720534752243738,0.16946042312392606,0.16691997047201354,0.2588158467566391,-0.13760921912057278,0.030003710519983073,-0.001517944349781336,-0.002040904945937727,0.004856262644598985
484,0.14688576637476122,0.14467104404922382,0.30543649898488606,-0.09232167072956421,0.07759224246274177,0.14570047715622672,0.14288820280906206,0.3097325241627332,-0.08902691650081251,0.07422301308078672,0.16024165968029386,0.15945558116276037,0.4095303867403315,0.45448040054803157,0.0963335808998671,0.16482934177784353,0.1624994564508414,0.25901143967191886,-0.11673597448096917,0.03547687518830289,-0.001185289218534502,-0.0017828412401617588,0.0042960251778471625
485,0.1493390197281125,0.1482478613921577,0.3154486586493987,-0.07647066938276259,0.06902272542095822,0.14782968041861905,0.1463372269746841,0.31809787626962144,-0.08211891101866231,0.06729650460072445,0.1593283259307019,0.16001563246341569,0.4159904534606205,0.39654424016792905,0.0979369241598731,0.16798171451171606,0.16657258239610925,0.2700534759358289,-0.09854672225860761,0.033635198606166705,-0.001509339309493457,-0.0019106344174736056,0.0026492176202227435
486,0.15068815914412004,0.14865920333246552,0.31890034364261166,-0.10836128355123098,0.08141918837661177,0.1491008941819585,0.14744424195088085,0.3223309811063055,-0.10565884411588677,0.07547800297731011,0.1635855547204254,0.16228412739737916,0.43142789931780756,0.41449251706411255,0.10560830035948332,0.16873942209811937,0.16697040701206284,0.2694426085040758,-0.13562481242200697,0.044498964823807996,-0.0015872649621615498,-0.0012149613815846672,0.0034306374636938197
487,0.15079012251995413,0.14931160683164865,0.3312634344399331,-0.10647494472615404,0.08673850860009458,0.14934162458909042,0.14704600906239107,0.33246010954989286,-0.1061473932591378,0.08412196233764835,0.16161072960477393,0.1612495643081213,0.43178519593613934,0.415491721509817,0.09829492125923245,0.16919095391524766,0.16769780411293134,0.2818991097922849,-0.13750367019525211,0.044437677357212935,-0.0014484979308637125,-0.0022655977692575824,0.001196675109959744
488,0.1514243343017617,0.14968553459119496,0.31309041835357626,-0.10400197351846152,0.08131696934177557,0.15001871853261137,0.14842767295597484,0.3173572228443449,-0.0973630434174062,0.07733862418270276,0.16291292439668537,0.16326176534374323,0.41681985294117646,0.42210585617109425,0.10099930854981987,0.16882080430747148,0.16586423769247452,0.2631805465891973,-0.12697106905914957,0.039230265290531974,-0.0014056157691503257,-0.0012578616352201255,0.004266804490768661
489,0.15140754779051405,0.14940342382846272,0.32643202208419597,-0.10219477224461548,0.0800327400762274,0.14972502228030157,0.14672315407228081,0.32769652650822667,-0.09688183978987241,0.07386060389371496,0.16230836880264068,0.16124848694449248,0.4256457993949267,0.4271773070979634,0.09067435418400771,0.16933404470767707,0.16591734393913193,0.2783029237194988,-0.13190686300414456,0.03704061908079537,-0.0016825255102124737,-0.0026802697561819078,0.001264504424030699
490,0.14603100763905183,0.14410973174754754,0.30604982206405695,-0.09866729778676764,0.08413201040279084,0.14455158186872988,0.14263390919350638,0.3078014184397163,-0.09844473975115842,0.08087377468723389,0.1576910037380939,0.1571316954596753,0.4181055747409965,0.4296137427381988,0.11910374041643523,0.16501488082986254,0.16351245767861794,0.2600724309642372,-0.12496383799421407,0.04003722038558688,-0.0014794257703219515,-0.0014758225540411618,0.0017515963756593589
491,0.14833255812311047,0.1453099191515257,0.31637630662020905,-0.09911471454709231,0.08847705287322916,0.14699635616732215,0.14361470920629402,0.31982399258916167,-0.09619504218429498,0.0857049343700459,0.1596740816404559,0.1611318786403547,0.4214117647058824,0.4342400568629946,0.10020524654054286,0.16602361172417027,0.164304963922455,0.2718232044198895,-0.12134743814982796,0.041564278203974125,-0.0013362019557883187,-0.0016952099452316738,0.0034476859689526185
492,0.14197500229766186,0.13983916539882635,0.2958704833411544,-0.09149760256721207,0.08177408200826031,0.1404955955306942,0.1383177570093458,0.2982292637465051,-0.09334092053956222,0.07529571197400065,0.15364269772362277,0.15335796565963922,0.3908349328214971,0.40294483106028095,0.10207297478227384,0.1602972427817448,0.1574440339056727,0.24837625979843225,-0.12657698837664877,0.0379371114431033,-0.0014794067669676447,-0.0015214083894805608,0.002358780405350702
493,0.15311426295651206,0.1507218646721169,0.3250171663996338,-0.0949905758211147,0.08015423943664102,0.15168551418742846,0.1487650026091494,0.32551786933758253,-0.0905590165547624,0.0750569905058529,0.16548504190636978,0.1642459558184032,0.4213186308293131,0.4195724677723361,0.08355240539049957,0.17118081663028933,0.16889893894590363,0.274256993006993,-0.12052699705541725,0.03619046740859466,-0.0014287487690836098,-0.001956862062967496,0.0005007029379487382
494,0.14874522580144892,0.14694125825512686,0.3208836255978137,-0.08534451832874379,0.06706791458885564,0.14724843797136894,0.1444647201946472,0.32370993407592635,-0.07708873504434721,0.06535808885045258,0.16341659588800161,0.16266944734098018,0.4257709777671528,0.45149945492548776,0.11152338378733218,0.1672032288564746,0.16484184914841848,0.27207167832167833,-0.10363277386632697,0.027528194388287464,-0.0014967878300799764,-0.0024765380604796494,0.00282630847811266
495,0.14910462042494896,0.1477669225401256,0.32425742574257427,-0.08109037328094304,0.07504383642247714,0.14782845538470832,0.1463712491277041,0.3281039892424922,-0.08188366970292305,0.07124948514268903,0.16198823846324045,0.16089497557571528,0.41912442396313365,0.4078243138655712,0.09696675492791995,0.167027882290082,0.16477669225401256,0.27629310344827585,-0.10806393998928387,0.0337275669314504,-0.00127616504024064,-0.0013956734124214998,0.00384656349991791
496,0.14759706047604065,0.14504315982212923,0.31261814744801514,-0.10794125750005545,0.08069036042256872,0.14649060410372125,0.14369169064434562,0.3172737955346651,-0.1064731833093826,0.07568960691127202,0.15858023529490872,0.15855785159996513,0.4198975859546452,0.4269568507477333,0.1091729130303889,0.16598752259284927,0.16514081436916905,0.2711711711711712,-0.1249341374977494,0.035466154755190216,-0.0011064563723194032,-0.0013514691777836152,0.004655648086649977
497,0.14991925300566566,0.14857142857142858,0.3264775413711584,-0.08392032249847525,0.08954963636878177,0.1485405283800396,0.14692640692640693,0.32799245994344955,-0.0783601016765677,0.08653187792512285,0.16110794630449946,0.16173160173160173,0.4234016887816647,0.4635392116948834,0.10787174120528187,0.1679777089421577,0.16606060606060605,0.2759470970634387,-0.11871633490797884,0.03975662204841057,-0.0013787246256260766,-0.0016450216450216437,0.0015149185722911351
498,0.15088034733071082,0.149024040342564,0.30991158678455094,-0.10556317594925058,0.0803542668775803,0.14942149829628174,0.1477198626266139,0.3135573580533024,-0.10002233982024267,0.07670140346094567,0.1628532128463621,0.16345694039907838,0.41110313472122517,0.439078838022433,0.10592431079402309,0.17016889993384124,0.1688910142155371,0.26169265033407574,-0.11981595175307092,0.039098397701470944,-0.0014588490344290828,-0.0013041777159500945,0.0036457712687514854
499,0.14775587417186772,0.14626308246840666,0.3158972026381624,-0.12100110464832103,0.07721677649177539,0.14627239795624117,0.1450905458809224,0.32016256491307293,-0.1171427733515813,0.0704388907098884,0.1575140589001514,0.1559907934164242,0.40974145891043395,0.3958905518353781,0.0909843569862333,0.1652193134140985,0.16293915837929387,0.2621317157712305,-0.13823909281978597,0.030830620671986497,-0.0014834762156265557,-0.0011725365874842575,0.0042653622749105335
500,0.1478544786504156,0.14705114822546972,0.3120820329915292,-0.11179118511263464,0.07312635334302353,0.14649853918844777,0.14522442588726514,0.3148352863143931,-0.10828050930460331,0.06537440829490637,0.16060955381152736,0.16075156576200417,0.3992740471869328,0.3820066601371205,0.08946829155256775,0.16597204513385094,0.1649269311064718,0.2639897479709526,-0.13249167482859936,0.03206199579083546,-0.0013559394619678256,-0.0018267223382045783,0.0027532533228639133
501,0.14569800985980144,0.14339704604691572,0.3090992226794696,-0.10447825726126625,0.07470111472388208,0.14450454784901415,0.1422241529105126,0.3145785876993166,-0.10465700683833201,0.07129239887223104,0.15889534898772045,0.15851433536055604,0.41290475064996457,0.3976610791947679,0.10516651264801369,0.16377138674978078,0.16181581233709819,0.26502075595368146,-0.1273169978660318,0.031453032356058896,-0.001193462010787294,-0.0011728931364031192,0.005479365019847027
502,0.14738500928289897,0.14627462920273152,0.3149965761241726,-0.0925886271710683,0.07615733249400736,0.14593828287087732,0.14449132269148798,0.31700091157702825,-0.08792405548294202,0.07466888277151607,0.1576711005139123,0.15854029837762604,0.41523630378556314,0.42032700822850716,0.10337469884813155,0.16523351007248124,0.16336827454221217,0.2697583278902678,-0.12117488744897742,0.031078569469988993,-0.0014467264120216483,-0.001783306511243532,0.0020043354528556656
503,0.1462639978176693,0.14325343504832908,0.31677301731996355,-0.10996359230278752,0.0661962982310006,0.14496544575748965,0.14169303454553336,0.3203178206583428,-0.10576948973845235,0.06256101041311612,0.1584768130857607,0.15864071778423128,0.4182209469153515,0.45345376833737777,0.11024743296536477,0.1641481305632493,0.16254171904122058,0.27341882199521844,-0.13150589752644937,0.020648280277507536,-0.0012985520601796474,-0.0015604005027957113,0.0035448033383792543
504,0.14768612518977148,0.14488168501343504,0.3129997715330135,-0.09074204505180372,0.08710852025643934,0.1460626489096004,0.1435381815029904,0.3163149534830951,-0.08829826085861447,0.0807858771579475,0.15797879518512298,0.15736326601369507,0.40738145293155803,0.4252545055701578,0.10734097817161337,0.1650584794593574,0.16403744474300078,0.263652249890782,-0.11236542358326329,0.04474681149654369,-0.0016234762801710656,-0.0013435035104446547,0.0033151819500815694
505,0.144045710489747,0.14360222531293462,0.3147625763986836,-0.0899827662167565,0.08219280070116697,0.14294396620957825,0.14147253129346316,0.31614717600187486,-0.0913845450257279,0.07938270813277515,0.1590913122832337,0.16007475660639778,0.4155495978552279,0.45950809191670317,0.11483310668787194,0.16242167896908968,0.16033553546592488,0.2650359066427289,-0.11716263926501114,0.03852828540769404,-0.0011017442801687372,-0.0021296940194714675,0.001384599603191261
506,0.14622171278347967,0.14477293508076805,0.30864197530864196,-0.08704439403014608,0.08182548523605582,0.14493527377978238,0.14307484651891844,0.31210045662100455,-0.08530330443345469,0.08055344990494107,0.15958884416093533,0.15957678408150824,0.41369606003752346,0.41863965614621557,0.10514613297315945,0.16408936857720122,0.16149257630513345,0.2614578786556089,-0.10527054691857318,0.037728260424078286,-0.0012864390036972928,-0.0016980885618496089,0.0034584813123625935
507,0.15349808309796806,0.15280506439642,0.33341143392689787,-0.09047938360256103,0.08300137117513029,0.15214700820149815,0.1511023793931456,0.33653171074186755,-0.0884045980560293,0.08192252932858235,0.16438942727875472,0.16559703121589173,0.43221957040572795,0.4396222531503695,0.09983130398127915,0.17183728048894265,0.16948264571054356,0.2823712948517941,-0.12247481995878573,0.03574809829632808,-0.001351074896469906,-0.00170268500327439,0.0031202768149696802
508,0.14926628895917068,0.14755875466134769,0.30658627087198514,-0.0990488387948616,0.07566564442847379,0.14775888158699027,0.14612782932963317,0.30934256055363324,-0.0927713146722674,0.07072044597210847,0.158960533190379,0.1587026276992455,0.40354609929078017,0.45718631869316956,0.09329635196855812,0.16810331735001405,0.16603069985257132,0.2582562747688243,-0.1250422783002616,0.02621365986482238,-0.0015074073721804138,-0.0014309253317145165,0.002756289681648094
509,0.15028329449961797,0.1482817048268671,0.32751396648044695,-0.06516035905520334,0.08654414027806911,0.14886075327818327,0.14658730503540862,0.3308704687139229,-0.06889074905359527,0.0790590560376836,0.16325246373820324,0.1630533953165052,0.4278688524590164,0.4273959931651471,0.09210448857092701,0.1682444502403938,0.16557327192944346,0.2777286787450287,-0.0970132083382802,0.037356443841249254,-0.0014225412214347033,-0.0016943997914584674,0.0033565022334759442
510,0.14636339087037867,0.14416991764195924,0.3024479524136353,-0.10657622273836176,0.0754768113380262,0.14492793439053955,0.14265279583875162,0.30718508412914963,-0.10091642613180529,0.06972851781214207,0.15924885882673964,0.15981794538361507,0.40678754067875406,0.4174787107257209,0.09016689479306372,0.16476656855402996,0.16207195491980927,0.2538578569876114,-0.13321805176374046,0.026509866487901212,-0.0014354564798391145,-0.0015171218032076217,0.00473713171551432
511,0.1501147507511593,0.14799356549715229,0.3191539365452409,-0.1207603390851486,0.07398710294784228,0.14864082498462708,0.14616755793226383,0.3231236848258125,-0.11932223908485617,0.06920083023078316,0.1616532284251145,0.16138428763966783,0.4215591915303176,0.45836601077843964,0.09552533017460807,0.16890927466729738,0.1673840267814443,0.27252302853291394,-0.1314909687436948,0.03134576419586166,-0.0014739257665322136,-0.00182600756488846,0.003969748280571617
512,0.15222973356969333,0.14986979166666667,0.31272893772893773,-0.09417497107237971,0.08204642463403011,0.15095278114285962,0.14813368055555556,0.3154056517775752,-0.08932544755619054,0.07780668161477489,0.16506968214824294,0.16484375,0.4175389625494301,0.42523110793779295,0.09667353805046075,0.1709521238469872,0.16883680555555555,0.26729216670303296,-0.12109930730411067,0.03646918717703629,-0.0012769524268337051,-0.001736111111111105,0.002676714048637452
513,0.1475320487297256,0.14577905158936946,0.3160573808422027,-0.06666677644687569,0.07078972931362237,0.14605772173027984,0.1452579468473163,0.3201289728235836,-0.0666307637652569,0.06647853995225683,0.1597019343274214,0.1596751780441202,0.41008403361344536,0.4032246170377071,0.10463256580034197,0.16607115954130558,0.16553760639221818,0.26991150442477874,-0.09512316695092582,0.02810895463610341,-0.0014743269994457742,-0.0005211047420531634,0.0040715919813809065
514,0.149256431088439,0.14720658293633607,0.31069067700022795,-0.11399810492754137,0.07815239339052871,0.14793628762884498,0.14586401039411,0.3138769021121962,-0.10752242448823202,0.07476291493327103,0.15972113530462898,0.15911650064963187,0.4056603773584906,0.37863345404363025,0.08683793193725153,0.1672882144167158,0.1656561281940234,0.2643478260869565,-0.13354504882717,0.03302996142828585,-0.0013201434595940253,-0.001342572542226056,0.003186225111968255
515,0.14640857531805274,0.1453125,0.3117455896007428,-0.08124801726463438,0.07863224538325708,0.14486064956848224,0.14457465277777778,0.31726535341830825,-0.07197741210322806,0.07712932605637512,0.1584375224954488,0.1579861111111111,0.41569767441860467,0.45043301861343404,0.11727874236022029,0.16507566053564154,0.16302083333333334,0.26054150022192635,-0.11084377304199267,0.036121098708597366,-0.0015479257495704946,-0.0007378472222222265,0.005519763817565471
516,0.14769240600894873,0.14654233299925923,0.3040948758111434,-0.07779073672010961,0.07958013966180044,0.14645341685655294,0.1443200139439627,0.3062862238074008,-0.07828086444998117,0.07602440344798045,0.15912285429004588,0.1591790491960434,0.40032007315957935,0.39930400308415287,0.09945043026844158,0.1653259624435907,0.1627957645213299,0.257427843803056,-0.10128472938860678,0.02875402789954995,-0.0012389891523957863,-0.0022223190552965177,0.0021913479962573645
517,0.15009005210023818,0.1490613374859417,0.31272810218978103,-0.10876618779732694,0.07041122727177007,0.14854406798751238,0.1466822389480059,0.3155505107832009,-0.10706214289310079,0.06593483226353558,0.16065076995545666,0.16048101046803356,0.41233993015133874,0.4293515914067809,0.0893826156400015,0.16881749478653998,0.16662341032961328,0.2655838454784899,-0.13505082873971153,0.03374742053765967,-0.0015459841127258012,-0.002379098537935803,0.0028224085934198673
518,0.15064719075145533,0.14933426159603166,0.3255172413793103,-0.09215485602540763,0.07584175926970838,0.1493662374716894,0.14689757201287965,0.32729773091909237,-0.09159412428881597,0.07306224835791542,0.1632095150789417,0.16430249760682272,0.42698224852071004,0.4257923771635587,0.10256782572925638,0.16878923075325616,0.16726133495779305,0.27655354781842223,-0.10598730779438492,0.03564575531454828,-0.001280953279765934,-0.0024366895831520186,0.0017804895397820486
519,0.15194136628272115,0.15021849175788518,0.31162480551233607,-0.09437989848302353,0.06361006211851039,0.15059133884119585,0.14844459827802536,0.3156845369960124,-0.09860840328126219,0.060455587179400916,0.16292860503376838,0.1618569636135508,0.4042844120328168,0.38455178944517554,0.08695317666792013,0.17039106061689993,0.16856314628131355,0.2635494155154091,-0.12578098802901494,0.020288606288074273,-0.0013500274415252922,-0.0017738934798598172,0.004059731483676332
520,0.15132900529020374,0.14980477223427333,0.33081642284096274,-0.09962788579314252,0.08627666234419784,0.1498363989493869,0.14754880694143166,0.3347427766032417,-0.09814923287511435,0.08217359230011756,0.16123685031481497,0.16134490238611715,0.43579300431241014,0.40295789531162163,0.1000975298611001,0.1686441660417412,0.16629067245119306,0.2756977535738598,-0.12157514696556593,0.04978093405737827,-0.0014926063408168266,-0.0022559652928416662,0.003926353762278956
521,0.14652011903186132,0.1441789748045178,0.32,-0.07141560204141428,0.08577894340054903,0.14536439494403455,0.1423979148566464,0.3228255867464335,-0.07330917360870892,0.08130724978588566,0.15964928073012408,0.15912250217202434,0.41564272211720227,0.40645997786667365,0.10558215797977266,0.16423386438737114,0.16185925282363162,0.27078750549934005,-0.10169062528370543,0.03871969155099608,-0.0011557240878267705,-0.001781059947871394,0.002825586746433517
522,0.14649965844599802,0.14370292978102825,0.3036746013404206,-0.10875936463548763,0.08254542385734087,0.14503848273969508,0.14248400156719343,0.31006680488366734,-0.10973255328810794,0.07955587749770165,0.1577436860080901,0.15754647163815244,0.4188303809754914,0.4530956407532254,0.12653446314917605,0.16423248848969868,0.16285751599843282,0.25689084895259096,-0.133601707364442,0.0381293065141286,-0.0014611757063029418,-0.001218928213834819,0.006392203543246711
523,0.14772331809223377,0.1454301424427415,0.3284484763898581,-0.08649236862399301,0.08742497427632456,0.14627811550785552,0.14391479412910768,0.33125288950531667,-0.08384383658194561,0.08166319027856606,0.15744356896612313,0.15742304195350046,0.4187156839341132,0.414033223874831,0.11089890908200739,0.16524663327402156,0.1631380698792051,0.2802307521633015,-0.12486836226586473,0.04303789755285159,-0.0014452025843782468,-0.001515348313633813,0.0028044131154585927
524,0.14733292750931246,0.14637530350329517,0.3231606340193991,-0.0929758895985231,0.08522486424430076,0.14604934433847824,0.14459764134582032,0.327683615819209,-0.08392353858999935,0.08067826485022267,0.1580289471064839,0.15812521678806798,0.426743905382573,0.42316332705780874,0.10341126182061322,0.16522171003280892,0.16358827610128338,0.2742044685172647,-0.1251617197474567,0.041057898701827744,-0.0012835831708342127,-0.001777662157474852,0.004522981799809922
525,0.14902212489641634,0.1460932085932086,0.30764014466546113,-0.0673015873015873,0.08649170521862082,0.14759548100247807,0.14505370755370756,0.31251399149317216,-0.07565191565191565,0.07749593352988737,0.16050869329142167,0.15939015939015938,0.4078377762588289,0.440935880935881,0.09381384496526424,0.16664994099404695,0.16523735273735274,0.2617666021921341,-0.10443850443850444,0.03858399087629638,-0.001426643893938262,-0.0010395010395010396,0.004873846827711026
526,0.14685716612161864,0.14442706975936062,0.30771011808288956,-0.09489363158039099,0.07695137225687965,0.14531867537462761,0.14277647467639648,0.3123989840683445,-0.09163106895195983,0.07437572866874353,0.15702825106256188,0.15632872904178613,0.40623512613041407,0.44782318364645457,0.10206389724120646,0.1653037817187223,0.16288767266093301,0.2605633802816901,-0.12736382049136497,0.028658054979328162,-0.001538490746991028,-0.0016505950829641403,0.004688865985454926
527,0.14911217819015687,0.1473523643495315,0.31348107109879964,-0.08608245718035479,0.07599969041829668,0.14770231129150163,0.14556548267596425,0.31589861751152076,-0.08179741796220885,0.07428352837459307,0.16281758044220343,0.1631728045325779,0.4143950263032042,0.41661303022526214,0.10817772873773834,0.16797246853025125,0.1660492482022227,0.26244744412480636,-0.12365557014102357,0.0358844026467261,-0.0014098668986552432,-0.0017868816735672477,0.0024175464127211277
528,0.1467993639444578,0.14473398950700256,0.3171702974935582,-0.08537219361327253,0.08733143329967774,0.14534699918268557,0.14351992368729133,0.3210710128055879,-0.08600392207274987,0.08175196521580674,0.1596711032534679,0.1593461388370984,0.4150094696969697,0.3991685760304894,0.09698820498330074,0.16520261451521223,0.16294497680267095,0.26762139181024835,-0.11462137882534429,0.04441244803913136,-0.0014523647617722402,-0.0012140658197112297,0.0039007153120297344
529,0.14772814143074256,0.14551784160139253,0.30679478380233355,-0.10276591489401832,0.07489074955808417,0.14622363745751427,0.14355961705831158,0.3072,-0.1037913555893647,0.07403786621240915,0.15776556898817443,0.15757180156657963,0.4041353383458647,0.42675235795017036,0.09941114574623944,0.16581865765470474,0.16318537859007834,0.26173324601615366,-0.1294098185199174,0.030114373910148262,-0.0015045039732282939,-0.0019582245430809497,0.0004052161976664248
530,0.14642198892341574,0.1430240609312792,0.3198051948051948,-0.09036458429693661,0.08622957418215582,0.14503154087511297,0.14202873463735502,0.32257320728614247,-0.08304625665580034,0.08090198204280896,0.15900521755543026,0.15873290635277826,0.4208402563493947,0.44507628037431585,0.10732683905396889,0.16424789646439622,0.1612428596157175,0.27306843267108166,-0.11098859217103973,0.03977297072705199,-0.001390448048302767,-0.0009953262939241814,0.002768012480947657
531,0.14732477398630325,0.14452989975803665,0.3091585309158531,-0.09461961899793392,0.08176270916478567,0.14609147561579003,0.1429312132734186,0.31378434541676287,-0.09064118648067865,0.07555296063251582,0.16181306658493907,0.161769789146215,0.41815582558970693,0.43445135205634294,0.10424628143679693,0.16576382019878408,0.1634980988593156,0.2634146341463415,-0.1189813722202211,0.03722382314022987,-0.001233298370513225,-0.001598686484618056,0.004625814500909764
532,0.14648191599467042,0.14652844324418504,0.3078851412944394,-0.07809674001901334,0.07885651042551711,0.1451951651876918,0.14435055318407528,0.3091239219246482,-0.07455267667442,0.07504002198734261,0.15725468062274808,0.1569823155327119,0.40051923530800093,0.4573939138302942,0.11087260787909325,0.16453447399737478,0.16377733252025437,0.2585945945945946,-0.12117193214247246,0.028606079322884392,-0.001286750806978626,-0.002177890060109766,0.0012387806302088245
533,0.1498943451041669,0.14814975489132792,0.315004659832246,-0.1024695221521773,0.06575410191372766,0.14843149039557368,0.14654461845473082,0.31828703703703703,-0.1044432380333693,0.059664956468782226,0.15927042005241823,0.15942909201336167,0.3986114436198228,0.4421681367978183,0.09076309213403899,0.168584131823475,0.1677150665914711,0.266934046345811,-0.13289882260196562,0.02313008379911019,-0.0014628547085932253,-0.0016051364365970988,0.0032823772047910205
534,0.14645569807280573,0.14390920117830533,0.30697989609216175,-0.08207345887841022,0.06837795955809634,0.14505019906361366,0.1423063593831225,0.3107014388489209,-0.07774583866949547,0.06392454924503144,0.15984608105652373,0.15980765898457805,0.4128805620608899,0.422015238502359,0.10167250332720035,0.16432641728141337,0.16219026165309305,0.26034221355858783,-0.1174219197569688,0.028085199582747467,-0.0014054990091920683,-0.00160284179518283,0.003721542756759122
535,0.1519809035802582,0.1500783017226379,0.3184698958804889,-0.10792393748891094,0.08316055473485107,0.15077685591303816,0.14846876631285888,0.32157303370786516,-0.1052719155649543,0.07643371512030295,0.16443580897524354,0.1648686271097964,0.4163070633658869,0.3969415792729418,0.08631376080417041,0.1700627468194313,0.16743518357403864,0.27096356973485664,-0.13195205692939926,0.03670331864687815,-0.0012040476672200429,-0.0016095354097790115,0.0031031378273762567
536,0.14791880525010598,0.14597300827165868,0.31744562702452567,-0.10485204368993684,0.0808742726288586,0.14650009752657392,0.14449281671745756,0.321544151641239,-0.10064608058145841,0.08001827487967983,0.15994220435491222,0.1589464518937745,0.42016205910390847,0.4382914977596858,0.10783820172798975,0.1651519150408447,0.1631258162821071,0.27071459886014904,-0.12216592423024009,0.029514407678132515,-0.0014187077235320589,-0.0014801915542011213,0.004098524616713339
537,0.1504421121869696,0.1486738724660329,0.32553337921541636,-0.09256226704206294,0.07805147545806657,0.14912961468271507,0.14672049311976385,0.3295948729686427,-0.0871791858790868,0.07592169674072191,0.1608210882468833,0.16061119069323262,0.4252260607465801,0.3820420080249554,0.08784845755785231,0.16827523991516685,0.16664496245170812,0.27702996092053844,-0.12294241052613442,0.025445941139652373,-0.0013124975042545228,-0.0019533793462690463,0.004061493753226342
538,0.1434389195188424,0.14184027777777777,0.31403591682419657,-0.09965996703317126,0.08727667148174068,0.14199349961331992,0.14010416666666667,0.313942534149788,-0.09356818029109737,0.08425223237098733,0.15386302295769863,0.15269097222222222,0.4130645944633317,0.4424213463790098,0.11190424709787561,0.16122732810407764,0.15807291666666667,0.261317794710892,-0.1319483738890136,0.0375894575193636,-0.0014454199055224937,-0.001736111111111105,-9.338267440855974e-05
539,0.14720606434555755,0.14387234599119328,0.3118556701030928,-0.08920838885716098,0.07891143799112099,0.1460213254595543,0.14291319701791866,0.31756756756756754,-0.07942096579732216,0.07371817084498611,0.1603203181905489,0.1599162924532415,0.41770038167938933,0.4346363982486199,0.09535678395388159,0.1651191604796219,0.16192178576099753,0.26499333629498,-0.11276572117520156,0.028277083316305518,-0.0011847388860032615,-0.0009591489732746206,0.005711897464474758
540,0.14976847051860923,0.1473163964276424,0.32198001816530425,-0.10976535314451985,0.07617155768535011,0.14844794243713508,0.1459290730945981,0.32609678878335596,-0.10793526232733708,0.0723621055987923,0.16311123216628537,0.16387756871585885,0.4330635838150289,0.4158673742635961,0.09289081962079881,0.16743086978329097,0.16543830746553367,0.2758546083946344,-0.13033883888040831,0.03003486019259316,-0.0013205280814741482,-0.0013873233330443102,0.004116770618051713
541,0.15269561102879747,0.1521625846795206,0.33145814581458144,-0.08200592328978584,0.07044821715858074,0.1511334643256997,0.15059927045336113,0.33489618218352313,-0.0814757088258713,0.06305338827036033,0.16476661560237194,0.16419141914191418,0.4286044362292052,0.38891734416082296,0.094956792902397,0.17053381860935482,0.16762202536043078,0.2801556420233463,-0.11118134705061677,0.03199510693983454,-0.001562146703097761,-0.0015633142261594624,0.003438036368941688
542,0.1512349949113322,0.14909612376151574,0.32501685772083616,-0.10224301394729207,0.06622287465550913,0.14993735135998656,0.1474448114027464,0.3265030398558883,-0.09260000595519713,0.06791763792244476,0.16343561706903093,0.16217625586650444,0.4206385932438686,0.39891438963089915,0.09312724151811191,0.1696221878386541,0.16765166000347645,0.2753530166880616,-0.13440659218259077,0.018557657772944935,-0.001297643551345623,-0.0016513123587693357,0.0014861821350521387
543,0.1461649183321358,0.14400139300017412,0.3061272217025257,-0.11269813880492574,0.06794441122602812,0.14475929972591028,0.14243426780428348,0.3087138863000932,-0.11011384271747937,0.06445829724695429,0.15723376831693545,0.15601601950200245,0.40827686350435627,0.3829075362977344,0.0993194370376923,0.16530770364446642,0.16280689535086193,0.25881824309144014,-0.13322749200693673,0.029815039579908498,-0.0014056186062255116,-0.0015671251958906396,0.0025866645975675118
544,0.14868680861362943,0.14672735153879496,0.32376470588235295,-0.07100763432715262,0.09043208733596397,0.1469757955720062,0.14555700043346337,0.32794186591654945,-0.07345449329561082,0.08699620967607835,0.1575694746642517,0.15661031642826181,0.42513687217329205,0.4143760173218747,0.10095446266936359,0.16635620158678133,0.16406588643259645,0.27437794216543376,-0.10359409675126119,0.045121450696222754,-0.001711013041623216,-0.0011703511053315907,0.004177160034196492
545,0.14574557872986238,0.14459084604715672,0.3200667302192564,-0.0862703943782831,0.08548116188952892,0.14441707973956788,0.14311719833564493,0.325426944971537,-0.08455767246077672,0.08112876057132479,0.15879179305878088,0.15811373092926492,0.4190638712823013,0.42663299975648505,0.10593744808508831,0.16445389572887387,0.16240464632454923,0.2705456191985511,-0.11721998678061618,0.03738712732337335,-0.0013284989902944966,-0.0014736477115117885,0.005360214752280601
546,0.14637639354783577,0.1443343760862009,0.30911614993058767,-0.08855782897958697,0.07936540684171633,0.14524233497927702,0.14311783107403545,0.30893186003683243,-0.08558261965337255,0.07465449168071647,0.16024316968306865,0.16023635731664929,0.40494884606233644,0.43581979133072946,0.10484717521257891,0.16511814046828924,0.16249565519638512,0.25988576449912126,-0.11722223217591765,0.030114930158536612,-0.001134058568558749,-0.0012165450121654486,-0.00018428989375524063
547,0.14828486213811962,0.14705754614549402,0.3148626438131017,-0.10661856220929733,0.08515362560401385,0.14682308360440513,0.14436482084690555,0.3161094224924012,-0.10347611148308034,0.0812759433525887,0.15845600818167055,0.15843648208469055,0.413751507840772,0.42712311804032016,0.10971227986303933,0.16639822762561268,0.16473398479913137,0.2643269657929809,-0.1303867685817176,0.03280491520977513,-0.0014617785337144862,-0.0026927252985884664,0.0012467786792995095
548,0.14728684597075856,0.1455515088449532,0.32050113895216403,-0.07161711154387462,0.07193814725241632,0.14622387511468696,0.14459764134582032,0.32523831139355425,-0.05638102424400471,0.06853279116946165,0.15987829965390657,0.16037981269510926,0.415906432748538,0.3931439900427401,0.09641414409865257,0.16489732098841528,0.16354491848768643,0.27349501948895627,-0.1066628198797509,0.023411823070313087,-0.001062970856071599,-0.0009538674991328711,0.004737172441390214
549,0.1476347858349657,0.14470832972176476,0.3248696440716391,-0.07975402493251804,0.07404301093328047,0.14626144332660754,0.1435381815029904,0.3277539018321647,-0.07559280035537774,0.07192578725442356,0.1620721652156306,0.1614371153679466,0.4298514501296864,0.4584872245564789,0.11003581347384916,0.16543111371975727,0.16364739533674266,0.27955825032481596,-0.11246522597031539,0.03021648078094119,-0.0013733425083581607,-0.0011701482187743695,0.002884257760525588
550,0.14283534089773808,0.140738813735692,0.3062755798090041,-0.09524659378350009,0.0791795390733363,0.1414863010333875,0.13917793964620187,0.3097285067873303,-0.0941630093103425,0.07452980696283229,0.15614625264426765,0.1556971904266389,0.40461215932914046,0.40156199144839677,0.10137144232801376,0.16016112108319333,0.15838536246964968,0.2584608751886182,-0.1201088259005364,0.02824383731736202,-0.0013490398643505874,-0.0015608740894901274,0.0034529269783262206
551,0.14850202881949234,0.1461367885560242,0.30359550561797755,-0.09390121706828292,0.07003229723542681,0.14707357898644594,0.14465846341145266,0.3075370121130552,-0.08553692751356379,0.06834252449836908,0.1595377456881815,0.15970259576503326,0.4054490879704456,0.3704879270736595,0.09516766669916044,0.16667435067143746,0.16457237271185704,0.2607855763039279,-0.1219787135246102,0.025886984479793873,-0.001428449833046408,-0.001478325144571524,0.003941506495077629
552,0.14614617849145814,0.14358240041655818,0.31023179583235777,-0.09599030637382111,0.09123200537165843,0.14458957502161648,0.14132604356504383,0.3131829807021623,-0.09742977393468777,0.08481502610272484,0.15683791326918697,0.15738089039312678,0.4186489058039962,0.41064817931864606,0.10556325907227693,0.16386848757799227,0.16250108478694783,0.2648684501437099,-0.1251982310352634,0.03732937951261606,-0.0015566034698416553,-0.002256356851514346,0.002951184869804502
553,0.1503975291980179,0.1474484256243214,0.3131893382352941,-0.10828348175281921,0.08099512301052314,0.14904474215767113,0.14640608034744843,0.31677301731996355,-0.10617956370592962,0.07333554038884982,0.16276599554826027,0.16321389793702498,0.4209296893249241,0.4270650981371402,0.09610152206993428,0.16850170713487989,0.16608034744842562,0.2674798518841211,-0.13393561685514832,0.03014400504997017,-0.0013527870403467757,-0.001042345276872969,0.0035836790846694444
554,0.14639115082446577,0.1447568554169745,0.30460968264998844,-0.11149465301510264,0.0770751504041588,0.14478841688742475,0.14362696101864325,0.3070520231213873,-0.10011452746755778,0.07535740384620049,0.1581197772000452,0.15775064099778366,0.40729339332228276,0.3942226236009142,0.09725867246016962,0.16461958195524726,0.1628351657902742,0.25763612217795484,-0.12992522767513215,0.03391676813545497,-0.0016027339370410232,-0.0011298943983312493,0.0024423404713988517
555,0.1488781200033745,0.14626917712691773,0.31214555765595464,-0.08220380971060226,0.08623552606808138,0.1473673589127996,0.14496164574616457,0.3164319248826291,-0.08144940522545285,0.08017479632434066,0.15963817247565848,0.1589958158995816,0.4092219020172911,0.4306630491144881,0.10095444116002295,0.16684469820697587,0.16448744769874477,0.26111487248928006,-0.11925679941493594,0.043161053960781626,-0.001510761090574908,-0.001307531380753152,0.00428636722667447
556,0.15062552940084137,0.14854099922071176,0.3146678757651326,-0.1029713685540723,0.07530275508810957,0.14930750790176864,0.14728547926227378,0.3182844243792325,-0.10495597574706328,0.07128511325309372,0.16352129235387833,0.16369382630530782,0.4146227516935295,0.41857331976464257,0.10279188343295431,0.16896861754633313,0.16681097930556757,0.2647893473040821,-0.13062461709168116,0.03935543340638936,-0.0013180214990727301,-0.0012555199584379784,0.0036165486140998793
557,0.15026142906188064,0.148483004433626,0.32316662928907824,-0.08174201298107386,0.07243787901031318,0.14886226266851624,0.14665739372337652,0.32513966480446926,-0.07733334107331014,0.06906981586855732,0.15974844357245824,0.15882813179170652,0.41732283464566927,0.41279571076914884,0.10211893544703754,0.16741801375993265,0.16708684690950187,0.27728740581270184,-0.10625992333458589,0.03328414498740018,-0.0013991663933644038,-0.0018256107102494756,0.0019730355153910195
558,0.14933754652627634,0.1479256698357822,0.32523831139355425,-0.08930286394623088,0.08344932596196664,0.14796258164479684,0.14598098530682801,0.3295838020247469,-0.09000912561188656,0.07525223419386928,0.1614179168156864,0.1608038029386344,0.4149942329873126,0.4444151531137894,0.09837223661670802,0.16698219049124954,0.16486603284356094,0.2749512881576099,-0.11700187018334296,0.038680593997742596,-0.0013749648814795068,-0.001944684528954188,0.004345490631192661
559,0.1460868496053475,0.14513189864630335,0.3071733753091972,-0.10029468986037993,0.07235920233169602,0.14442726670497863,0.14317945157931275,0.3088301210219632,-0.09273575188830396,0.06919696057174451,0.15763109867332722,0.15801804928844151,0.396078431372549,0.4082455939574273,0.09597060747266783,0.16440266525320157,0.16404894133981257,0.25786299009047825,-0.13689345387960627,0.03125005945232562,-0.0016595829003688833,-0.0019524470669906036,0.0016567457127660279
560,0.15058275365911192,0.14822855158040987,0.3206818181818182,-0.09271624279571855,0.07878534771151158,0.14912424956596373,0.1470128516846127,0.3235960144927536,-0.09284946482481016,0.07540249805487764,0.16154824151179656,0.16112365404654394,0.4216950713956702,0.3870139968895801,0.09104817771680995,0.16801265956096337,0.16676797499131643,0.27394885132206326,-0.12011938523465382,0.03353973355403139,-0.001458504093148183,-0.0012156998957971732,0.002914196310935424
561,0.14526363770644313,0.1430985183259683,0.3119815668202765,-0.07054769865498178,0.08206572276160962,0.14376889409492175,0.1409323282211247,0.3168884809545663,-0.06619019929530179,0.07823404021521818,0.15654355487142546,0.15570574473615806,0.4151123864179818,0.45956894343723825,0.11569938066882313,0.16330937278449592,0.16168442942552638,0.26660819995615,-0.09927169646750988,0.03502117594202625,-0.001494743611521382,-0.0021661901048435905,0.004906914134289786
562,0.15363229464303804,0.1527331189710611,0.32281271756788116,-0.10120814353725038,0.08537865512980758,0.15231584336656379,0.15043017293821154,0.3228346456692913,-0.09466778032948997,0.08345628088000001,0.16572187257018148,0.16620318067263404,0.41915043417038256,0.4376222602869273,0.0956313177954482,0.17259713149297495,0.17002694012340314,0.27122745270567533,-0.12531482775720937,0.03475613321820714,-0.0013164512764742564,-0.0023029460328495566,2.1928101410162437e-05
563,0.14727508543048765,0.1455160744500846,0.32434285714285715,-0.10188560890516318,0.08072279447654718,0.14578894941954998,0.14395418456332162,0.3246251703771013,-0.10266235771672949,0.07500042204780688,0.15929970544041147,0.159095839298885,0.42813670411985016,0.4405594689765948,0.10255258559359393,0.16461958038677305,0.1631741073365439,0.27485252348700023,-0.12938479248032075,0.037910971120785675,-0.0014861360109376665,-0.0015618898867629794,0.0002823132342441581
564,0.14578310659550245,0.14442334254143646,0.31621112158341186,-0.09363599885839913,0.08404623700605851,0.14441048239478774,0.14312845303867403,0.3195418419822347,-0.09435585734509977,0.07670859316447087,0.15831483005892008,0.15823549723756905,0.41916605705925386,0.4466393417144924,0.11490750375155978,0.1642581349945409,0.16095476519337015,0.2674392689993314,-0.12419642882372728,0.0316036648441228,-0.0013726242007147116,-0.0012948895027624363,0.0033307203988228173
565,0.1450114576239826,0.1426275089060735,0.31902985074626866,-0.07500844980799193,0.07859667547826832,0.14363163452815483,0.1410635155096012,0.32080723729993044,-0.07375837581879219,0.07364019443323822,0.15660942842532138,0.1557476757320358,0.4138675623800384,0.43028182439802504,0.10445657658277341,0.16256567474396874,0.1604831001824659,0.27000665041010863,-0.10063511512199619,0.030540359259063288,-0.0013798230958277646,-0.001563993396472313,0.001777386553661775
566,0.15205804414229296,0.14990890951678668,0.3158133212505664,-0.1004251672321077,0.08659659867492453,0.1504722364513981,0.1482172291142535,0.31650135256988277,-0.09671446459377253,0.08198500282109245,0.16219841532639584,0.16244469506376333,0.4161319890009166,0.4144572740065584,0.09707749834272461,0.17006668835832897,0.16873427604754054,0.2682454251883746,-0.11647487291832426,0.03817484220968825,-0.0015858076908948637,-0.0016916804025331744,0.0006880313193163845
567,0.15088151569468114,0.14921671018276764,0.32479848269321954,-0.10186072267452484,0.08028251448323032,0.14926441830748563,0.14691035683202786,0.3282208588957055,-0.09988035384153515,0.07592407178598648,0.16056032508868145,0.15966057441253265,0.43151016456921587,0.41642294944022007,0.0990238180813785,0.1694990906468564,0.16784160139251522,0.27964561562925944,-0.1229391861576794,0.0401848416685876,-0.0016170973871955097,-0.0023063533507397815,0.003422376202485977
568,0.14988832833185237,0.14885662116337708,0.3205013428827216,-0.09267444722710916,0.06444800108559756,0.14855908820149716,0.14716111642465873,0.3212296725328581,-0.092435806840936,0.06000647663010328,0.16055880922890706,0.1602034605686462,0.4201462609105921,0.442667310111856,0.11288176776694003,0.16754493528767403,0.16472480653856186,0.2723752151462995,-0.11829426038936397,0.026377791467075085,-0.0013292401303552082,-0.0016955047387183508,0.0007283296501365277
569,0.15274035407275038,0.1512116876923744,0.3229237384023535,-0.08652958784192388,0.07588311699924499,0.15114569126861055,0.14939090475571162,0.3258807588075881,-0.09173348280959825,0.07398265292104123,0.16107613881000593,0.16079247409719513,0.41380106162012464,0.3778953135908516,0.09404310707985741,0.17051638756842716,0.1679021979451164,0.2743115318416523,-0.10241144099411814,0.02752686434273044,-0.0015946628041398347,-0.0018207829366627681,0.0029570204052346005
570,0.14694681996847336,0.1448810710107881,0.31196772747646795,-0.0888137953272945,0.07109790536203975,0.1455989479023192,0.14410120878644772,0.31680071492403933,-0.08390892035294462,0.06815193418519172,0.15935446900844422,0.15939517351934493,0.4068886337543054,0.40490634069123205,0.09361354221366469,0.16471554737076613,0.16082492093063558,0.2618437900128041,-0.11520974408583229,0.023962366532469748,-0.0013478720661541654,-0.0007798622243403719,0.00483298744757138
571,0.14788708947484228,0.14596676475679418,0.31631205673758866,-0.12311921296296291,0.08489463955238985,0.14634144997591145,0.144668513069067,0.31943462897526503,-0.12100606762065091,0.08164943161842997,0.15788238821237427,0.15622295308983902,0.41524216524216523,0.40638590768799104,0.08878888907314164,0.166100467400617,0.16388263804742947,0.2691436338921613,-0.13583754208754206,0.04508675556248232,-0.0015456394989308286,-0.001298251687727181,0.0031225722376763687
572,0.14950983084480854,0.14869678540399653,0.32114882506527415,-0.10263419996016065,0.08817184265010347,0.14809033957779624,0.1470894874022589,0.32359179825595097,-0.10499792403155472,0.08167268962921137,0.15971399709410528,0.15916594265855777,0.4146868250539957,0.4066445390030072,0.09813721061547154,0.16754058117828458,0.16533449174630757,0.26999101527403413,-0.13062065456605065,0.03639525691699608,-0.0014194912670122961,-0.001607298001737617,0.0024429731906768226
573,0.15114389448718307,0.14947468958930277,0.3303448275862069,-0.09903709217971635,0.08365740975333757,0.14987856316402529,0.14795519666579837,0.3355458915083543,-0.09214487945343519,0.0796223254890428,0.16131033930028857,0.16045845272206305,0.42929995363931384,0.42751142418573745,0.09130283256989602,0.16817885588506878,0.1664495962490232,0.27897278314310797,-0.1258874510618756,0.03990860141414232,-0.0012653313231577867,-0.0015194929235043952,0.005201063922147364
574,0.14539455827866044,0.14344155278962487,0.30843263061411547,-0.09636641371257082,0.09199392449349864,0.14390614044847466,0.14257115501784315,0.3124572990207242,-0.09649160730103779,0.08630639868856183,0.15809691478526278,0.15758551658107756,0.40967446125630447,0.4155422886378713,0.09241522270127178,0.162900584728869,0.1618504656628079,0.263652249890782,-0.1294245012859363,0.04691501626177641,-0.0014884178301857731,-0.0008703977717817168,0.004024668406608756
575,0.15104831333434232,0.14857836338418862,0.3333333333333333,-0.10536408938270836,0.0788828203668841,0.1498090617464984,0.14727808599167821,0.33611173687767515,-0.10071994176992294,0.07593655414970157,0.163743622144171,0.16448509015256588,0.4366391184573003,0.43986376185768966,0.09340370386585528,0.16888068690946306,0.16621879334257975,0.2862381363244176,-0.12617206619799992,0.03447837952220423,-0.0012392515878439092,-0.0013002773925104016,0.0027784035443418342
576,0.1494406966378183,0.14735156655703652,0.3095022624434389,-0.11469781558346726,0.07755691995636838,0.14817250579351018,0.14510126363164272,0.3114311431143114,-0.10744188578661784,0.0724988599592139,0.16425040155176812,0.16448848883503547,0.41160284338454484,0.3944014568098749,0.08999131744937305,0.1677385977377068,0.16535398996018694,0.26260004326195113,-0.13949856392381887,0.034774162480436854,-0.0012681908443081258,-0.002250302925393799,0.0019288806708724904
577,0.1481612819885596,0.14555338116981953,0.32011070110701106,-0.06623548543263935,0.07786544453469013,0.14674530415115083,0.14372689715155468,0.32261768082663606,-0.06315716889978751,0.0738005829688615,0.15928238772258316,0.15899108501848228,0.4163726182074806,0.436081961066554,0.0960503515397132,0.1661523655988502,0.16490541422048272,0.2704194260485651,-0.0992008458421143,0.03636106854675514,-0.0014159778374087661,-0.0018264840182648512,0.002506979719624991
578,0.15022925297389464,0.14820619993033787,0.3081951902871819,-0.10472876357878202,0.08099710468344956,0.14887875305325976,0.1472918843608499,0.31183294663573086,-0.10014883244971429,0.0751814066673484,0.16047049773362362,0.1602229188436085,0.406094968107725,0.4040779808538996,0.09176691582437746,0.16899149582494308,0.16784221525600837,0.2618092691622103,-0.12218512796810954,0.03684087900564503,-0.001350499920634879,-0.0009143155694879834,0.0036377563485489595
579,0.14781285786385176,0.14565255119750087,0.3107947805456702,-0.10514676431166126,0.08202101164611864,0.14652893791161806,0.1449149600833044,0.31452950936240814,-0.10467079121088907,0.0811507621856824,0.15932606018662607,0.159580006942034,0.4112262105516743,0.4136209278351844,0.09594500301309905,0.16650915081635922,0.16365845192641443,0.2651120670138103,-0.13375041253402908,0.038073413894086916,-0.001283919952233703,-0.0007375911141964675,0.00373472881673792
580,0.1505369394610988,0.14895375647104886,0.31592505854800934,-0.08816300792131793,0.07600543712365038,0.14896479711580987,0.14669160830034367,0.31763059701492535,-0.08020402187357056,0.07210505321170613,0.15987315722174808,0.16000348022795494,0.41385094656122695,0.4789945021549128,0.09702417264912755,0.16882650630137488,0.1673989646321834,0.26654780476933365,-0.1208913617936117,0.028984142185211614,-0.001572142345288935,-0.0022621481707051916,0.0017055384669160123
581,0.1515921192509929,0.14916910193221966,0.31644403500690926,-0.09392715461613577,0.0833926345489826,0.15031481365056987,0.14738081737689188,0.3211177278973889,-0.09287870817311317,0.07828120887889423,0.16364947621335232,0.16426047891132725,0.4207955338450802,0.39178227824697404,0.0925506055412243,0.1698301154265325,0.1668338640031404,0.2701931518876207,-0.12419673521554775,0.03781575565736117,-0.0012773056004230232,-0.0017882845553277849,0.0046736928904796415
582,0.15146138672285397,0.15051340929769075,0.3285289407458247,-0.10952603459084453,0.068019531926512,0.15007976085425903,0.14847710237857978,0.33105335157318744,-0.10821459116610377,0.06480781249156997,0.16230847364480486,0.161691434513236,0.42496460594620106,0.3728894823456768,0.0964967775829968,0.16994410651149303,0.16780035527056886,0.28083242059145674,-0.1328403226172996,0.026481293901263303,-0.0013816258685949434,-0.0020363069191109695,0.002524410827362711
583,0.14713367747021852,0.1453498516838248,0.30434782608695654,-0.1145188331548016,0.06300753958015093,0.14598337834594793,0.14395393474088292,0.3062815222375057,-0.11455202205985382,0.0597641864789078,0.16076915054653396,0.16035595882045017,0.4034324389654339,0.39537367314445254,0.10841448299755563,0.1660606871026198,0.1645873320537428,0.2590879048248513,-0.13927672378010125,0.02149261988423823,-0.0011502991242705873,-0.0013959169429418883,0.001933696150549169
584,0.14583990830524887,0.14357748315583568,0.31833520809898763,-0.09408695857864413,0.07601316696497806,0.14449793307150294,0.1425342316887633,0.32114003590664275,-0.0872635181821464,0.07369873708324726,0.1574683014685925,0.1569658769832645,0.412569573283859,0.3714585307127571,0.10399672826226869,0.16334574215889772,0.1616605085850902,0.26876617773943057,-0.12148514192021487,0.03582624810947055,-0.0013419752337459345,-0.0010432514670723758,0.002804827807655119
585,0.1481800787584886,0.1463478260869565,0.32565248060192803,-0.08548606784252721,0.07671057958394911,0.14681016708150496,0.14382608695652174,0.3237089201877934,-0.08133677392050598,0.07519043920626611,0.15957847581319082,0.15982608695652173,0.42354076218041486,0.4097268756359665,0.09994701107138837,0.16624125955163827,0.16382608695652173,0.27324007220216606,-0.10962748851504833,0.03783841849748526,-0.0013699116769836372,-0.002521739130434769,-0.0019435604141346263
586,0.14841369540489985,0.14601520086862108,0.30933272185278604,-0.10166741281226366,0.0845080176429367,0.1470052549201535,0.14449511400651466,0.31208590358693167,-0.09965221423603066,0.08111817116475184,0.16046716872192682,0.16026058631921825,0.4059590316573557,0.4443892878423143,0.0982792689605625,0.1666712926301685,0.16495114006514658,0.26144077074666083,-0.1223888910851807,0.04086374423630701,-0.0014084404847463372,-0.0015200868621064179,0.0027531817341456266
587,0.1464911409633851,0.14441452397498264,0.31511627906976747,-0.0933076471874722,0.07809861761970549,0.14500169816190153,0.14202571230020847,0.31519221861973135,-0.09294779407525755,0.0742263640033507,0.15841781355764875,0.1580958999305073,0.4185105876754699,0.41462765154322767,0.09896576210783914,0.16437172067134992,0.16135337039610842,0.26622222222222225,-0.11696438620909277,0.03507357743798645,-0.0014894428014835814,-0.0023888116747741717,7.593954996387708e-05
588,0.14673409174029248,0.14442516268980476,0.31923601637107774,-0.10567818283035646,0.06877382183116387,0.14518014009173472,0.14281995661605207,0.32184950135992746,-0.09906293788291387,0.06579030907080419,0.15972050947248914,0.15869848156182212,0.4225187265917603,0.421196435177852,0.09562543667440138,0.1638844999880922,0.16251626898047722,0.2737940026075619,-0.13140806477815725,0.025299778751636692,-0.001553951648557761,-0.0016052060737526963,0.0026134849888497236
589,0.15098047402627524,0.14946171210279563,0.31357638112279135,-0.08174292413290274,0.07066832790120847,0.1494057104751429,0.14781212015974995,0.3163741390802044,-0.07689636909568776,0.06435927653552653,0.16146965084531706,0.16040111130404583,0.40640848317196865,0.4627814345584923,0.0986384556223987,0.1688589807811465,0.16643514499044973,0.2648068669527897,-0.10942491428591095,0.030921304297412022,-0.001574763551132341,-0.0016495919430456751,0.0027977579574130496
590,0.15103590051356588,0.14942378777995216,0.31910946196660483,-0.10789716491708723,0.07361516857485784,0.14970744631302735,0.14807566862361382,0.31994459833795014,-0.1052624652230395,0.06930463626138283,0.16155978752187994,0.16064361817786477,0.4226289517470882,0.42513557000251895,0.09624546322060124,0.1696831645377906,0.16821048053924767,0.27222098462909333,-0.12767021960076197,0.035466957600604476,-0.001328454200538537,-0.00134811915633834,0.0008351363713453019
591,0.14472277359902494,0.14329784922876385,0.3146306818181818,-0.07599844687632074,0.08643306700378539,0.1435317712651537,0.14155985227025852,0.3156536024407416,-0.07089617570823825,0.07842117983390096,0.1566135608820995,0.15607212687377797,0.4134037953398991,0.43246455752823404,0.09964185395954117,0.16288480785679285,0.16115576797740605,0.26723557152481475,-0.1183318588348885,0.036845981546932305,-0.0011910023338712328,-0.0017379969585053223,0.0010229206225597642
592,0.15052382583578777,0.14984377712202743,0.3168932933855727,-0.08976874535349477,0.07294795037542712,0.14885839456719654,0.14763061968408261,0.3189201555708076,-0.09214174162450073,0.06608301933398975,0.156228040791511,0.15596250650928659,0.4097105955513035,0.4317145157363135,0.10684354739252377,0.16839042974848367,0.16650755077243534,0.26808417360806663,-0.1121201002805644,0.02510796218041067,-0.0016654312685912276,-0.0022131574379448127,0.002026862185234901
593,0.14995643381574172,0.148763204799374,0.3250342622201919,-0.09594629905480956,0.0896581888530551,0.14854109880085134,0.14706777376863886,0.3280363223609535,-0.0916563081849946,0.08397507037393814,0.16043053603259405,0.15976177020388646,0.4262295081967213,0.43235313421126637,0.0995510247241107,0.1669910986584177,0.16432639220971176,0.2758244158113125,-0.11700982299954021,0.04735052906407322,-0.0014153350148903843,-0.001695431030735134,0.0030020601407615977
594,0.147954201393993,0.1466273113985589,0.3232229682796944,-0.08320917701841646,0.07385496405594827,0.14658423702254694,0.14515148884451776,0.3261921216309606,-0.0772501732861649,0.06912231316010353,0.15917739742366474,0.15921520965361577,0.42712355212355213,0.43872789549124946,0.11150105072744165,0.1656656441627848,0.16390311658998177,0.274069178233091,-0.1039331036929001,0.02652845509749957,-0.0013699643714460696,-0.001475822554041134,0.0029691533512662405
595,0.1460111222628994,0.14429895158132858,0.3162130177514793,-0.09791523535599367,0.0885085603713901,0.14452781847603674,0.14212380910949668,0.3198867657466384,-0.09615279673824417,0.08548158944461837,0.15792003862934506,0.15726280071344673,0.42208883553421367,0.44335868422849184,0.10148129291469787,0.1644320757087467,0.1629616739896463,0.2719928186714542,-0.13407958989224666,0.038563540079655456,-0.0014833037868626497,-0.002175142471831898,0.0036737479951590712
596,0.14927871970147094,0.1471098767575074,0.32213845099383137,-0.09129326783739722,0.0856974528033907,0.14783842039630268,0.1449835098073251,0.3248465560354626,-0.08519271274641738,0.08105413675599293,0.16225991487066344,0.16208123589654574,0.42462600690448793,0.4265958173423935,0.09245136705415113,0.16733539647925108,0.16425099809060928,0.27086035451794205,-0.12288702689431485,0.03314355753966147,-0.0014402993051682578,-0.0021263669501822846,0.0027081050416312147
597,0.14930167036376504,0.14775188425885818,0.32968313140726935,-0.07242198742709982,0.08107580555067018,0.14780666057346437,0.14666897686909816,0.3337193144974525,-0.06802312921305764,0.07549205897823197,0.1627664840504034,0.16273932253313697,0.4298142487655772,0.4219554741346664,0.08945142540932738,0.16780070411964582,0.16633457506714025,0.2822508896797153,-0.09107660190865718,0.03726487090538633,-0.0014950097903006776,-0.0010829073897600239,0.004036183090183165
598,0.14904525960051454,0.14661326832665855,0.3147196261682243,-0.08167337765068694,0.08293321191221714,0.1477949982691675,0.1458297057287132,0.31978634463539246,-0.08488559826434772,0.07733888504052999,0.1615436156369389,0.160673863834233,0.4147037830121342,0.42642100556025847,0.09950102610913658,0.16684638870332216,0.16480933310116663,0.2687135813536531,-0.11683196485429304,0.04377292381040754,-0.0012502613313470357,-0.0007835625979453475,0.005066718467168163
599,0.15225805809535078,0.15116835646838692,0.33069441302872654,-0.09458001604759181,0.07679359150043308,0.15079311247492677,0.14942778817283844,0.33280721533258173,-0.09009033875941619,0.07383735297182836,0.1646325929959614,0.1647447891736652,0.426324311820495,0.4302339007563576,0.09748726120066631,0.17074136370888437,0.16744267003176538,0.280886784330607,-0.12701694890241244,0.029282615147856905,-0.001464945620424013,-0.0017405682955484725,0.002112802303855188
600,0.1499020336378502,0.1484317222778092,0.33034688720422695,-0.09166714412266352,0.06789526888951936,0.14829867406944652,0.14595205985992082,0.331424644983967,-0.09075932479723625,0.06509998059756739,0.16049732810513034,0.1597424631313351,0.4191088873004527,0.43488961135734777,0.10143872839294277,0.16783468587642722,0.16722495323443687,0.27927927927927926,-0.11607836742369149,0.025320877981327983,-0.0016033595684036839,-0.002479662417888384,0.0010777577797400628
601,0.15063986242735394,0.1496369294605809,0.3269004471640386,-0.08693353247286606,0.09024332018507641,0.14906506038596182,0.14764868603042877,0.32981220657276994,-0.0852265290653057,0.08788226992720005,0.16053268822438851,0.15966459197786997,0.4285374554102259,0.40017644419318615,0.09968752121658198,0.16920726808782116,0.16822268326417705,0.2825696316262354,-0.11388958403426319,0.04667121088063064,-0.001574802041392126,-0.0019882434301521368,0.0029117594087313403
602,0.14943657102005747,0.14776975915137813,0.3259123249942621,-0.09996605857233376,0.07658722869987367,0.1480244239113907,0.14642205025649943,0.32777142857142855,-0.09576080428046918,0.07274632311551243,0.1619926754237152,0.1618554908268846,0.4226388229710489,0.4440539262380373,0.1071010897311877,0.16776670291164844,0.1659420919920007,0.274246756102925,-0.12663887298573973,0.03604433642050553,-0.0014121471086667725,-0.001347708894878702,0.0018591035771664544
603,0.1456898526828224,0.14317915817764099,0.312189349112426,-0.08745865273179976,0.09643068009124733,0.14422111342599922,0.1417920152585721,0.31784956378212686,-0.0816263814468482,0.09299652703900574,0.15624073765780275,0.15540335515193548,0.4163709486633546,0.44346387203530063,0.09600141095971715,0.1629151256596429,0.15952143569292124,0.2577226606538895,-0.11212961578439906,0.05135742128057552,-0.0014687392568231705,-0.0013871429190688844,0.005660214669700847
604,0.1528305792182544,0.15033901251738527,0.3208836255978137,-0.09063752994963581,0.07302439028792529,0.15152755928882994,0.1495566759388039,0.3240236148955495,-0.08673238778054859,0.07025860008568707,0.1639606404154799,0.16402990264255912,0.4284707540521494,0.45251683902987627,0.10153330468022626,0.1706720098891242,0.16924547983310154,0.26841990871549665,-0.12819972128502277,0.02834624086715498,-0.0013030199294244704,-0.0007823365785813718,0.00313998929773579
605,0.15171119920577014,0.1491258589197182,0.33867112810707456,-0.09420782490799928,0.08127889540864996,0.15034818103897626,0.14816908758806646,0.33997627520759194,-0.09462328103815609,0.07448960731069076,0.16269502529759358,0.16212925110898496,0.4380347103397702,0.403500871586287,0.10164675970252768,0.16990479961736638,0.1690875880664521,0.2875028454359208,-0.11360158822390087,0.035505953070795515,-0.0013630181667938779,-0.000956771331651729,0.0013051471005173787
606,0.1487342167264559,0.1458966565349544,0.3099885189437428,-0.10206587222001984,0.08594211398753138,0.14740554963999636,0.14355188884064263,0.31405714285714287,-0.1052204939250484,0.08170556251276506,0.1611042697784674,0.1611376465479809,0.414542903904606,0.47317506587999353,0.10246466473912008,0.16683124122591647,0.16482848458532348,0.2659225213394616,-0.13116220859277217,0.04061101320753158,-0.0013286670864595396,-0.0023447676943117723,0.004068623913400071
607,0.1505756535602145,0.15002606882168926,0.3282425347617962,-0.0839350429057586,0.08011548796002277,0.1493129263649875,0.14798401112269727,0.32877959927140255,-0.0773542936778504,0.07905697562315739,0.16111650051392457,0.16101842196732707,0.4205069124423963,0.42508810396040353,0.09006550392655799,0.1684511643882479,0.16757907542579076,0.2793223284100782,-0.11520517744114922,0.034176052540062396,-0.0012627271952269925,-0.002042057698991989,0.0005370645096063331
608,0.1483746089139071,0.14626619142832303,0.3251152073732719,-0.07616621404584611,0.07715268597068492,0.14706391042265987,0.1447883160914544,0.32837528604118993,-0.07171297026329881,0.07073609780881329,0.16292494099609506,0.16352255933234808,0.4270386266094421,0.4744528349637417,0.10838008169179325,0.16630467776567007,0.16373989394071112,0.27278702892199824,-0.11072736652552684,0.029242161028710467,-0.0013106984912472364,-0.0014778753368686337,0.003260078667918054
609,0.1444268198906805,0.14322328410078192,0.30412249705535926,-0.09263082287422808,0.08250479198012273,0.1430459175063889,0.1409209383145091,0.30616069337081286,-0.09403389026984477,0.07731090093588244,0.15697231343129586,0.15747176368375326,0.40618260244428467,0.4226565564265264,0.09808646511284369,0.16309762076466744,0.16146828844483058,0.2579124579124579,-0.12373914874492253,0.037058245343019824,-0.0013809023842916157,-0.002302345786272808,0.0020381963154536
610,0.14747914486191893,0.14575389948006934,0.3247364880017941,-0.09529545926235061,0.08173196083970224,0.14590894992602946,0.1438474870017331,0.3272280545007818,-0.08925564811942599,0.07797320944697206,0.15894402080929354,0.15810225303292894,0.41480478447303093,0.3991447574457132,0.08757890745061614,0.16483010724914982,0.1634315424610052,0.2728244601240111,-0.12691867942872737,0.03620930508330189,-0.001570194935889474,-0.001906412478336228,0.002491566498987685
611,0.1525152974502421,0.15121865991089367,0.3149298366689671,-0.09206025183306965,0.07542695766926777,0.15097840395159567,0.14999563204333013,0.3172635445362718,-0.089964902434576,0.07349907322143479,0.1629534160513786,0.16318686118633702,0.4136150234741784,0.4382861264238338,0.09406317399831932,0.17070848747706888,0.16777321568970036,0.2669305189094107,-0.12078628088038312,0.03237087166766606,-0.0015368934986464133,-0.0012230278675635364,0.0023337078673046907
612,0.1530327808225914,0.15129151291512916,0.3192307692307692,-0.09241137506945907,0.0828444154715341,0.15193025770904153,0.1501627957456045,0.3211629479377958,-0.09258369693269886,0.07927315699546944,0.16778038258838307,0.16900369003690036,0.42029657089898054,0.40866702400212435,0.10469211438392934,0.17141704562437474,0.1690905144345561,0.2672731210742907,-0.11841694303965089,0.04145983195478542,-0.001102523113549858,-0.0011287171695246456,0.0019321787070266105
613,0.14724847281225098,0.14516268980477223,0.31523239760699495,-0.10630278229361001,0.06492656347624803,0.14582328686851626,0.14286334056399133,0.31676591846083374,-0.1060400261726947,0.06061421608205486,0.15752482415005198,0.1579175704989154,0.41854336367992334,0.44375748377961893,0.10201275106630803,0.1654765944866296,0.16342733188720174,0.2691292875989446,-0.13157019938669123,0.021371854794898337,-0.0014251859437347247,-0.0022993492407809013,0.0015335208538387879
614,0.15057187121509732,0.14895742832319722,0.32549646199497834,-0.07423499333998584,0.08026630401569201,0.14926339308622863,0.14748045178105995,0.3287173666288309,-0.07435454544098541,0.07518125799342779,0.16110560492516376,0.15994787141615985,0.4202468007312614,0.41703859824975126,0.08132568860366374,0.1684864446345949,0.1666811468288445,0.27692307692307694,-0.11052013740660693,0.0306871052986164,-0.0013084781288686953,-0.0014769765421372705,0.0032209046338525504
615,0.14792707886240716,0.14648547735857248,0.31326131923695705,-0.07607268750871066,0.0789565376761755,0.14651829090713622,0.14509616636999087,0.31581352833638027,-0.07001300122057097,0.07362850543143962,0.15711617694163377,0.1562106542786437,0.4059429106223678,0.40649917394818674,0.09536687698996227,0.16555368864500453,0.1631572092215517,0.26424983620877923,-0.11145385908331051,0.030364883604183657,-0.0014087879552709404,-0.0013893109885816102,0.0025522090994232194
616,0.15219918096751148,0.1505759617474462,0.3021324354657688,-0.12037029900861396,0.06943477570740775,0.15097440810050852,0.1484025211910454,0.3049899306332513,-0.11744867733838915,0.06647898344909631,0.16408902261286387,0.16522495109758747,0.4063809967396367,0.46812056254758044,0.10342638667798876,0.17132317717654305,0.1697457074549011,0.25817555938037867,-0.14786933776575473,0.028687068146400763,-0.0012247728670029545,-0.0021734405564007853,0.0028574951674825155
617,0.15233086215380723,0.1505914072012524,0.3262960356556416,-0.08325074106722408,0.07833942290213602,0.1510933771271216,0.14889546008001392,0.328594733162433,-0.07825349809432924,0.07227667043873132,0.16303872891777113,0.16294138110975823,0.4228203906622201,0.41554015988655696,0.09241366969218245,0.1709204469849463,0.16924682553487563,0.2775418994413408,-0.11131236268412714,0.03243572567921493,-0.0012374850266856363,-0.001695947121238467,0.002298697506791403
618,0.14804470921866686,0.14637322568042713,0.32212630622444344,-0.11554600862410269,0.06532586130584817,0.14660114054759169,0.1448105222034119,0.3223534756928669,-0.11130828100267742,0.06532586130584817,0.15842853881027347,0.15917871250596866,0.41558134027942223,0.3934740890562478,0.1035546739651515,0.16577559834529162,0.16404045665668274,0.2710671067106711,-0.1376376841265049,0.03478552493556675,-0.0014435686710751738,-0.0015627034770152315,0.00022716946842343821
619,0.14728669787236326,0.14599331858215106,0.32184432777904587,-0.10066520823205316,0.08168259004244405,0.14595360518802786,0.1442144995444488,0.32551786933758253,-0.10045697617890137,0.07914373417084009,0.15948811907554997,0.15809796520456418,0.4089434661723818,0.4196118943445147,0.0954347260136319,0.16479873009875634,0.16373812312898609,0.2717391304347826,-0.12445065629557617,0.03534847038567279,-0.0013330926843354018,-0.0017788190377022728,0.0036735415585366638
620,0.14382836216300338,0.14164355062413314,0.31657932348737494,-0.09284873233294344,0.08651080007634859,0.14249946649523532,0.1407766990291262,0.3202567760342368,-0.09564889884433159,0.08477188952205017,0.15863717171686295,0.15841712898751734,0.4213346322454944,0.42872717901956503,0.10650827145078101,0.1622940998550125,0.1597607489597781,0.26840909090909093,-0.1195393184926754,0.04260330858031236,-0.0013288956677680597,-0.0008668515950069344,0.003677452546861859
621,0.15170036858784575,0.1497312294087047,0.3177334250974994,-0.09176386335043074,0.07901353058843674,0.15009252975587725,0.14791052540315588,0.3194698354661792,-0.08700907771218425,0.07539686386791067,0.1607887169548522,0.15939830067626148,0.4177036863113407,0.4206875060485822,0.10028804070917907,0.16957709348254224,0.16767816889197157,0.26868288406749946,-0.12005775670182905,0.035613529942122524,-0.0016078388319684944,-0.0018207040055488177,0.001736410368679775
622,0.15096273117209058,0.14919284846380837,0.3208972304875258,-0.08267618322279457,0.07433219544204495,0.14976103741403923,0.1478042006596077,0.32375085557837097,-0.07932872843436956,0.07134696670943264,0.16402386993033444,0.16416420760284672,0.4282380396732789,0.4104831676721518,0.09224356783771848,0.16960355880836672,0.16650755077243534,0.27354358300481824,-0.10938177644731695,0.03232576256171549,-0.0012016937580513476,-0.0013886478042006711,0.002853625090845191
623,0.14632685272304347,0.14414766558089034,0.31305536568694464,-0.10530816523693753,0.07889515599169172,0.1449770737093622,0.14323561346362648,0.3167687769457681,-0.09792744485621396,0.07508252617523625,0.15669921741489892,0.15543973941368078,0.40176088971269697,0.3892667354810476,0.09435748802509436,0.16373651421561658,0.16225841476655808,0.2652485348382896,-0.13264690914174293,0.0327199726590649,-0.0013497790136812737,-0.0009120521172638618,0.0037134112588234625
624,0.14693424009321096,0.14561297034853476,0.31840796019900497,-0.06593216466795349,0.09556248165161496,0.1453260333881428,0.14379226634298595,0.32148740880207105,-0.060340841494972985,0.08954415172303831,0.15619771901141385,0.15532339171146176,0.41281989954556325,0.4026841814572651,0.10416009583529606,0.16491924699184257,0.16303970868735912,0.2691022499443083,-0.10959974699372765,0.037958466620951925,-0.0016082067050681714,-0.0018207040055488177,0.0030794486030660817
625,0.14855757857663549,0.14775002175994428,0.31843955545475167,-0.11312856763040646,0.07020491202822632,0.14719374781803699,0.14579162677343546,0.32046070460704607,-0.108847634189297,0.06616424977356206,0.16040034337151932,0.16010967011924448,0.4120685606949988,0.42199524999955396,0.10210487719662886,0.1664683580851802,0.1650709374184002,0.2650314738441502,-0.13640125013159743,0.028096958005935035,-0.0013638307585985,-0.0019583949865088213,0.002021149152294399
626,0.14754331092183942,0.14565302483364503,0.32177308222324297,-0.11615878742999464,0.06814788718128784,0.14602823880251906,0.14434827991127736,0.3260720018344416,-0.10918044136977756,0.06664341494812664,0.16018853559521115,0.1594833210107424,0.4291825095057034,0.4162877051003275,0.09952687947293326,0.16599996508958437,0.16344104727525768,0.27532410459239726,-0.13756586523079783,0.025807740048039984,-0.0015150721193203653,-0.0013047449223676788,0.004298919611198659
627,0.14680708220293084,0.1449709277097978,0.3251220079014641,-0.08201347936296666,0.08678917661417185,0.14544716407065375,0.14332205154907576,0.32762609902822765,-0.07267274779448551,0.08273279213474405,0.15654097660198826,0.15616592901154214,0.42554205384798666,0.4342250864462126,0.10941953213097944,0.16392470939789092,0.16254447626486157,0.27444933920704845,-0.10531536935180119,0.03619111758130955,-0.0013599181322770937,-0.0016488761607220404,0.00250409112676353
628,0.14614953666741992,0.14486790818536163,0.31226937269372695,-0.08279157912083379,0.07970490133824915,0.14486105031571508,0.14313555651797316,0.3149552033080634,-0.08152131819394959,0.07607728012906012,0.15717853374642335,0.15777392810740581,0.42030724915986556,0.4307939220353981,0.1159811134301395,0.163921318566021,0.16214811606756172,0.26697530864197533,-0.11410602942256476,0.03702700475955467,-0.0012884863517048373,-0.001732351667388471,0.0026858306143364707
629,0.1502242814517881,0.14847428073234525,0.32178899082568807,-0.07687240790436689,0.08019762476604997,0.14888920318187732,0.14690496948561466,0.32458941605839414,-0.07108276505690514,0.07508949580005952,0.16442340763776264,0.1647340889276373,0.4201758445164276,0.39229816021716485,0.08828549562886823,0.16842961724580288,0.1662162162162162,0.2711042539122768,-0.10663150516773345,0.04252517364187047,-0.0013350782699107777,-0.001569311246730598,0.002800425232706072
630,0.1506827152188129,0.14969644405897659,0.32197144173192077,-0.09273384055540301,0.0770191286390034,0.1493250448159617,0.14813529921942759,0.32675539238182655,-0.08611911586822396,0.0735998554474826,0.16290969632509092,0.16279271465741543,0.42200754005655045,0.39803210034661873,0.09796217693706755,0.16875238950619514,0.16699913269731137,0.27508802816901406,-0.12825749143618048,0.03385080459605472,-0.001357670402851202,-0.0015611448395490002,0.004783950649905777
631,0.14925764245757414,0.14645368521573054,0.3199626865671642,-0.07779400977002082,0.09159214167177421,0.14759548858469093,0.14506467575310356,0.32325581395348835,-0.08056768095095868,0.08903321406959674,0.16006526462078471,0.16043059293341436,0.4219009243896658,0.44868536483867216,0.10630597538429476,0.1672812410638222,0.1630349856758399,0.2698763250883392,-0.11069847276253653,0.04041358962822461,-0.0016621538728832097,-0.0013890094626269889,0.003293127386324146
632,0.14712664384827498,0.14496164574616457,0.31112637362637363,-0.09227780649070594,0.07700984132510247,0.14564094114625706,0.14313110181311017,0.3126142595978062,-0.07683638977502927,0.07530530643978517,0.15659829902382252,0.15664225941422594,0.411531279178338,0.4146358705660803,0.09490745762093389,0.16422912215391886,0.16217747559274756,0.2620870706628746,-0.1273472818758058,0.033757268610176694,-0.0014857027020179214,-0.0018305439330544016,0.0014878859714325676
633,0.1487749486888378,0.1474656376013528,0.3189814814814815,-0.08445677443124255,0.07573905377844359,0.14741732431465127,0.14581797684603043,0.32243958573072495,-0.08135204936907059,0.07037144082706548,0.15998488285019485,0.1604734856696874,0.4296650717703349,0.4268469743022935,0.10579768630616082,0.16725564151561143,0.16585006287126566,0.27454865697930425,-0.11386209818550241,0.02807465077020599,-0.0013576243741865446,-0.0016476607553223832,0.0034581042492434766
634,0.14953044369184212,0.14776737094314965,0.30988464148382716,-0.09735552532923308,0.07106700426688128,0.14824115680812913,0.14602483119146156,0.313641488162345,-0.09580473525104283,0.06809667249950935,0.16193423031791712,0.16270964931387497,0.4164090368608799,0.45205146669171353,0.11689498010633548,0.1682373372449986,0.16645610978000436,0.26702819956616053,-0.1137618088482727,0.03096752540735903,-0.0012892868837129923,-0.001742539751688088,0.0037568466785178334
635,0.14860845477183007,0.14654610268225884,0.3173873045078197,-0.09429556826919061,0.06912131957913026,0.1471314696032226,0.14511150719471375,0.32015628591128475,-0.08893676290326147,0.06847644974027844,0.16192593599279992,0.16176150936834327,0.41753308128544425,0.4234712113135521,0.09405628668140142,0.16718353836044836,0.1654566795635352,0.27182757862326806,-0.11281310874579642,0.02634495360195821,-0.0014769851686074753,-0.0014345954875450984,0.002768981403465043
636,0.14972753053808271,0.14844498649708163,0.31717861205915815,-0.10429282909301607,0.07609095398602972,0.14837801384769436,0.1470075790574092,0.32195342527696136,-0.11138107114852291,0.07014829115977217,0.16146131256668472,0.16112030664692045,0.41448131817126943,0.41991429615143583,0.09434341838096383,0.16776196319598138,0.16604233818276853,0.27053455019556716,-0.13132268609056297,0.03215769666333945,-0.0013495166903883526,-0.001437407439672439,0.004774813217803209
637,0.14932518690260768,0.1476967120673202,0.3128146453089245,-0.11379532022783867,0.07344767214526005,0.14786355153976002,0.14570139672074262,0.31348752003663843,-0.10691534385872825,0.07408761221795968,0.1611385463351893,0.16144703739047453,0.41055371509701843,0.3923116962766143,0.10416479563484105,0.16799593194217444,0.16626182007460744,0.2656147271531887,-0.14257153187410532,0.03227819413491895,-0.0014616353628476575,-0.0019953153465775975,0.0006728747277139346
638,0.14539133517840766,0.14366221605687532,0.3121308496138119,-0.08686261377029436,0.06889620886948444,0.14386612211687472,0.142144962718918,0.3152664859981933,-0.0835366753670207,0.0633606667477088,0.15564918034889524,0.154543089994798,0.4015988713849048,0.42581053106278577,0.1006191233365833,0.16293105340280958,0.16052540315588695,0.2604661199827363,-0.12418423982418314,0.019502140705948023,-0.001525213061532943,-0.001517253337957325,0.003135636384381413
639,0.1505402004854605,0.14917940501450655,0.32668676095525156,-0.08088552784785552,0.08779358217292543,0.14897952483995297,0.14775040055428051,0.3311029072450392,-0.07159755239666221,0.08332384391282066,0.15918607651068464,0.1598752868834712,0.4247891283973758,0.4469699083058412,0.09737159273029283,0.16813021606198425,0.16611094270991208,0.27630415561450045,-0.11763626770813118,0.0428833548928248,-0.00156067564550752,-0.0014290044602260354,0.004416146289787648
640,0.1462571382675254,0.14335952763426388,0.3069216757741348,-0.10165607655524389,0.07665361808937898,0.14499450282258566,0.14214388051925497,0.31103074141048825,-0.1038924516828631,0.0698677883287534,0.15802320099808204,0.15855511657187513,0.41284403669724773,0.4301740652294786,0.10655368047213509,0.16431636781143727,0.16233230582208136,0.2611340430154247,-0.12316757917362309,0.03190955310525445,-0.001262635444939736,-0.0012156471150089054,0.004109065636353437
641,0.15152264899631057,0.15021347041909908,0.3228204550574454,-0.10821280708932235,0.07541968984742375,0.15017347529205347,0.14873224710290145,0.32541993281075027,-0.10998673041641405,0.06993793985757146,0.16213913495856916,0.16271673782347304,0.4166094715168154,0.4239784594076503,0.0897565744362685,0.169426796291068,0.16877232726322208,0.2771832191780822,-0.1284153250251605,0.026294776476823545,-0.0013491737042571061,-0.0014812233161976274,0.0025994777533048796
642,0.14895446107601726,0.14836575706140923,0.3173832639852057,-0.09733666333056679,0.0806470225173207,0.14789780662066596,0.1469730600165383,0.32076339388365144,-0.09426025545574379,0.07572791954356672,0.16113388147344065,0.16059537798668233,0.41776315789473684,0.41223499365327343,0.0956182054809196,0.16656719500120812,0.16416416416416416,0.2654983570646221,-0.12487420971049168,0.029531126398747443,-0.0010566544553513024,-0.0013926970448709386,0.003380129898445716
643,0.14378332228417598,0.14253511357724988,0.31610433117970804,-0.11009192042975036,0.08658058899785048,0.14239835405462095,0.1413646610022542,0.32047619047619047,-0.09996883137133117,0.0820007593531279,0.15408454805574953,0.15350268770591297,0.4061665452779801,0.402931259661374,0.09966581655420081,0.16124041698631483,0.15909485000867002,0.2640741578114402,-0.1369220004658097,0.033367330268692985,-0.001384968229555028,-0.0011704525749956785,0.004371859296482428
644,0.14963619418709295,0.1471087325414437,0.315033588139912,-0.07846150193069479,0.06878415302088514,0.14809378629044812,0.14602097202279946,0.3173542290850426,-0.0785231278756624,0.06402788899517098,0.1592512400662491,0.1595527128747335,0.4084473242140629,0.41907961492361206,0.10121322592348181,0.16850319423901866,0.16699299482225993,0.26479681978798586,-0.11705673533856431,0.023167257137899022,-0.0015424078966448374,-0.0010877605186442318,0.0023206409451306254
645,0.14790620553975756,0.14554883318928263,0.31659019560492635,-0.06153917647964391,0.08825260562774395,0.14652830611393533,0.1436905790838375,0.318466730954677,-0.05262253938312467,0.08671908418592078,0.15998573699070617,0.15942091616248918,0.4199706314243759,0.43225564385256593,0.10030170267063965,0.16637419115032306,0.1642610198789974,0.2700023057412958,-0.0971943066899651,0.045314005256697154,-0.0013778994258222266,-0.0018582541054451285,0.0018765353497506299
646,0.14680310485112055,0.14334678294069156,0.3190843260920346,-0.1096415485447576,0.08006903538992372,0.1455291674876121,0.14213197969543148,0.3234269793359647,-0.11427588743396278,0.07446797756586088,0.1601640890630851,0.16057095752527226,0.4190207156308851,0.4301034281642847,0.08717807032046476,0.1649780219627879,0.16265347737428956,0.27167372409182083,-0.1283283294066231,0.035691423399273,-0.0012739373635084483,-0.0012148032452600765,0.004342653243930128
647,0.15178641048394886,0.14970398746299843,0.31514450867052024,-0.10143209346153248,0.07782813149824941,0.15027912741984,0.14800626850078355,0.31645569620253167,-0.09975318385824872,0.07354008017603186,0.16382359582231887,0.16467873933484242,0.4176880557558279,0.44269252921737806,0.11299015234043375,0.17024388655297515,0.16885773985721747,0.26425099425541315,-0.12774849946313227,0.03473321570996257,-0.0015072830641088553,-0.001697718962214878,0.0013111875320114263
648,0.14864919478479163,0.14695682330501128,0.3199095022624434,-0.11264512606079191,0.08550037064492211,0.14705667809172615,0.14522281949020288,0.32280622603203246,-0.10443540997340783,0.08277609412927511,0.16029515846718959,0.16108895439569967,0.41934737329321914,0.396807656776539,0.10624678411023414,0.16579882418289893,0.16355990983180163,0.2684301821335646,-0.12918656099576986,0.04526490210613532,-0.0015925166930654822,-0.0017340038148083992,0.002896723769589049
649,0.15284026217065477,0.15100889563896724,0.32167510354348827,-0.09899036356082236,0.07904827227439648,0.15151142148269056,0.14975048817530917,0.32522935779816514,-0.09044548646332018,0.0760627209045065,0.16527029814431524,0.16433065740941635,0.42567567567567566,0.42930135348083387,0.09056397041540076,0.17137906054586152,0.16853981340854848,0.27196282363354723,-0.1116322245221083,0.042155387489327234,-0.0013288406879642112,-0.0012584074636580733,0.0035542542546768696
650,0.15306053310533663,0.1509672359707215,0.32361581920903953,-0.08603180266337163,0.0732460721118191,0.15162114265887372,0.14979086789822238,0.3269404332129964,-0.08557451610002575,0.0717643594955869,0.16357208653946978,0.16277448588358312,0.4204231830726771,0.40482841239039186,0.08954491089037264,0.17116506704012804,0.16896131056117114,0.2723921058338755,-0.11511221142215688,0.03387485116622202,-0.001439390446462907,-0.0011763680724991288,0.0033246140039568384
651,0.14482838027600703,0.14258398157402982,0.31225569096343986,-0.0982531385485893,0.07507082004456289,0.14336044819503993,0.14128025726826302,0.3162236480293309,-0.09057787796765948,0.07186229193062166,0.15587889136662111,0.15605579940028683,0.4165067178502879,0.4356538764878774,0.11378705928611987,0.16196364100872415,0.15970622745643387,0.26587301587301587,-0.11839550399384435,0.035071169557429394,-0.0014679320809670993,-0.0013037243057668069,0.003967957065891037
652,0.15113374154359746,0.14909579773624182,0.3143311378605496,-0.09248433351162677,0.07607839976982034,0.1496283230291942,0.1468407129537274,0.3143050541516246,-0.09472736062299791,0.06993892511878519,0.1624543610328627,0.16310334359686024,0.40947270181987866,0.44258771977058786,0.10084800439641073,0.16974804836670465,0.16813391734246932,0.2637410384531827,-0.12619136509349638,0.03373719527992225,-0.0015054185144032506,-0.0022550847825144327,-2.608370892503986e-05
653,0.14628952019390243,0.14317295188556567,0.3113163972286374,-0.10557203472851784,0.08100321585997605,0.14496225158884735,0.1422626788036411,0.31466113416320884,-0.10805337696339312,0.0792957207220526,0.15767622278011179,0.15661031642826181,0.4182076813655761,0.4488973679456139,0.10490814779090407,0.16404137155120957,0.16259211096662332,0.2616946160635481,-0.1174920024521362,0.037888963627409344,-0.001327268605055082,-0.0009102730819245675,0.003344736934571435
654,0.1479931194263545,0.14723285764009747,0.3231707317073171,-0.0942749419106862,0.08264303827508179,0.1467353313648537,0.14575356769926906,0.3255290409725349,-0.08785132055209766,0.07970349931204546,0.16279496002933758,0.16394013226592413,0.4147126436781609,0.45745691616669554,0.09902046964057065,0.1659975829308654,0.16454925165332404,0.26986861942709456,-0.11261266407335402,0.03750011848559354,-0.0012577880615008141,-0.00147928994082841,0.002358309265217795
655,0.14491133494108413,0.14273955986830705,0.3136065971380063,-0.09951029378898746,0.08453824529617393,0.14336254321154485,0.1409634378790504,0.31742588575560376,-0.09504906325883333,0.07880300783795247,0.15522214622182764,0.15508577369606655,0.41798810703667,0.41999168576354917,0.10372923217560748,0.1631508529072294,0.16058741985791025,0.26875287620800736,-0.11523062742377943,0.03534755478912044,-0.001548791729539284,-0.0017761219892566404,0.0038192886175974494
656,0.14725330275397727,0.14594641538929176,0.31113636363636366,-0.10104664036009081,0.07608179612233945,0.14575105035876473,0.1439923574623301,0.31539678950938277,-0.10095299696238513,0.07120850668225531,0.15709944719539126,0.15584697555256416,0.40592212636978314,0.3985396662909238,0.09960071472448528,0.16501754809509292,0.16409744235529117,0.26827676240208875,-0.12710360208327587,0.034552894806838985,-0.0015022523952125388,-0.0019540579269616554,0.004260425873019114
657,0.15173972218451273,0.15023719371545458,0.3054848414718815,-0.09243125597687485,0.07816982645014137,0.15029915505236102,0.1488009748879314,0.3072483841181902,-0.08816626836974173,0.07581064723530906,0.16212425296254884,0.16259737998868434,0.40375475285171103,0.4356620481505003,0.10240503111160026,0.17010393840876623,0.16712364538451496,0.2570609002647838,-0.12146760088785868,0.03291647969290401,-0.00144056713215171,-0.001436218827523178,0.0017635426463087356
658,0.1479746412341077,0.1455498743391975,0.3058662405843415,-0.11615791835798106,0.07783621361649617,0.14647708357035957,0.14468324811508795,0.31101021566401815,-0.11636456027954367,0.0727449653796487,0.15980083108697093,0.15967588179218303,0.40811123986095016,0.4359401475265982,0.09183714626782646,0.1668104962639884,0.1650489643816622,0.26174934725848564,-0.1304582714952386,0.0322271148280715,-0.0014975576637481225,-0.0008666262241095457,0.005143975079676677
659,0.14833972050723102,0.14750891226849838,0.32114578481602235,-0.08575677120175573,0.0676582008522647,0.14714592050522265,0.14642205025649943,0.3246572158958866,-0.08064770607699945,0.06570351421351184,0.16111736271117783,0.16215981219024433,0.4158009180961585,0.40783713670045224,0.10132224851967675,0.1671966929223397,0.16607251543344057,0.27466666666666667,-0.11523146408509688,0.022917595565252635,-0.0011938000020083606,-0.0010868620119989514,0.0035114310798642356
660,0.14561898850374247,0.1428136948209941,0.2971098265895954,-0.10753918126066198,0.0689716539846803,0.1443343206439066,0.14120611748348974,0.29935424354243545,-0.10064441770789034,0.06659807241605886,0.15986372339368563,0.1591936044490789,0.40853512347158955,0.4349866958414821,0.10220179594537926,0.16474653648742887,0.16232186305179006,0.25671178167295317,-0.13275700424816095,0.02969966803112678,-0.0012846678598358585,-0.0016075773375043567,0.002244416952840056
661,0.1502200396876431,0.1483478260869565,0.31904218928164196,-0.0951076178460003,0.0717636575979087,0.14873413178746997,0.14652173913043479,0.31927437641723355,-0.09581795220935319,0.06643361766936529,0.16231646838310132,0.16230434782608696,0.4168840407872895,0.3822669438404324,0.10758152591772052,0.16856596920242134,0.1666086956521739,0.2700394218134034,-0.12703475289152688,0.03317416851525434,-0.001485907900173139,-0.0018260869565217275,0.00023218713559158832
662,0.14623951987474904,0.14488648742864613,0.32286785379568883,-0.09359611418993341,0.06905248762633276,0.14493101133288158,0.14340494139178178,0.3252619324796275,-0.09227068219160961,0.06316510484928817,0.15812426348757522,0.15826397664386246,0.417625458996328,0.4340659609948674,0.10895585978185796,0.1647376146314269,0.1634929626563249,0.276705565529623,-0.11688705126147303,0.028058859400984626,-0.0013085085418674536,-0.0014815460368643452,0.0023940786839386496
663,0.14728870339478395,0.14497041420118342,0.316046511627907,-0.09100626999933958,0.0874723239346572,0.14585152717969332,0.14340410720501218,0.3218417399352152,-0.0798023694255976,0.08277222244645599,0.1582945167602469,0.15789244691959625,0.4239002587626441,0.4464972816683314,0.0979407317947415,0.16510699888036903,0.1629829446571528,0.27156125608137993,-0.12309969575000157,0.040044027099172985,-0.0014371762150906242,-0.0015663069961712461,0.00579522830730822
664,0.14355229981535106,0.14083835450171225,0.3151192405649456,-0.10796569127059685,0.08302252745414096,0.14212016378271194,0.13927781871775977,0.3168477004853247,-0.10578954562786425,0.0813145856759021,0.15490224776606748,0.15410290866530843,0.4106508875739645,0.42797091318079683,0.1030908433484472,0.1606653338117556,0.15839438207117776,0.2675496688741722,-0.13138634821208028,0.0379755630530918,-0.0014321360326391142,-0.001560535783952488,0.0017284599203790663
665,0.14569605550614473,0.14339081708005733,0.3090148698884758,-0.09375193083058253,0.07854598755884767,0.14414181002926066,0.14134920290169845,0.3113425925925926,-0.08629941776009187,0.07510738174938181,0.15744866988758807,0.15824681812258373,0.4123439000960615,0.4496139215240339,0.10863378839167337,0.1640033592633157,0.16237348507884106,0.26046304541406945,-0.12004518746091775,0.03814236929762471,-0.0015542454768840697,-0.0020416141783588804,0.002327722704116797
666,0.14863846683007875,0.14718257927384723,0.3121741101790977,-0.09033282185757308,0.08391091067873668,0.14725118528384484,0.14575109530212987,0.3150100964774512,-0.08751646074041841,0.07424362924357919,0.16064721260597858,0.1609335010627684,0.4211850835049188,0.44035286101982163,0.09231724236148231,0.16637207515672592,0.16301565956708455,0.2648578811369509,-0.12290361735505961,0.034944028626743395,-0.0013872815462339094,-0.0014314839717173566,0.002835986298353521
667,0.14654756657357113,0.1453135828135828,0.3131543013199818,-0.09860211702014077,0.067960593356586,0.1452095081405821,0.1444906444906445,0.31832651205093226,-0.0919532453801154,0.06710745130648366,0.15721038904686882,0.15627165627165626,0.41378482228626323,0.41687133516364633,0.11701626123746989,0.1645253562639164,0.16237872487872487,0.2695576378295925,-0.1289762635924716,0.026369918414097526,-0.0013380584329890366,-0.0008229383229383103,0.005172210730950477
668,0.149839677912759,0.14878323374036545,0.3238942195179031,-0.11563233426249286,0.08014161708139989,0.1483093365180024,0.1471810859963627,0.3272896327289633,-0.12092034516767702,0.07388930431298835,0.1589498033244482,0.15778990213908375,0.4192076830732293,0.4557906870314944,0.10342609221893218,0.16802946522940274,0.16562743569758379,0.27606134696599244,-0.13078894332779434,0.03141669688619331,-0.001530341394756607,-0.0016021477440027465,0.003395413211060183
669,0.15113907693894632,0.1483778000960657,0.3232600732600733,-0.0946273671800163,0.079144602215385,0.14962845170484185,0.1466748176935505,0.3258938738328399,-0.09341109719254292,0.07424961907852501,0.163166619283292,0.16379197414960045,0.4294076328728635,0.43464917839510725,0.09978866153170762,0.1692514540075821,0.1678092659709183,0.27634763476347635,-0.1198778277208753,0.041474514596940626,-0.0015106252341044735,-0.0017029824025151796,0.0026338005727666314
670,0.145167780652078,0.1435321657707647,0.3124274099883856,-0.11184857284784278,0.07880245705588174,0.1438533730642321,0.1426218137679903,0.31736526946107785,-0.11113314402062213,0.07085779517286372,0.15832865282514494,0.1580977978151552,0.41499172381177585,0.3888950564500503,0.09512122200478368,0.16351850120460684,0.16152245534940177,0.2676678445229682,-0.14153749263737048,0.03091976516634043,-0.0013144075878459005,-0.000910352002774395,0.004937859472692263
671,0.14469416987610417,0.14347656419373023,0.3143464901914441,-0.07868348189028895,0.08826877205801975,0.14321811870404336,0.14152538698348002,0.3187690862109467,-0.07160445258728887,0.0826570021906412,0.15438417495858012,0.15440315657113124,0.40838958534233366,0.4169759573774546,0.10618326817311308,0.16240297316668542,0.15977973377270954,0.2625560538116592,-0.11126747370747958,0.03884202976456974,-0.001476051172060816,-0.0019511772102502045,0.004422596019502567
672,0.1466072843854932,0.14492753623188406,0.3140402441781596,-0.10245999266108607,0.07918640421685719,0.14524334818306725,0.14388614076195436,0.3176708633093525,-0.10270313529489794,0.07392298441661593,0.15630652388678182,0.15599236309988718,0.40895242559175066,0.4321795712890287,0.11203014377036302,0.16368534940573484,0.1625878677427753,0.2690815006468305,-0.12628115808249185,0.033920993934781984,-0.0013639362024259472,-0.0010413954699297068,0.0036306191311928915
673,0.14664964656564952,0.14498721338476875,0.3045614035087719,-0.06879234992626859,0.07403556291289448,0.14492952742985893,0.14342681288197304,0.3088919925512104,-0.07390742568512843,0.0694863268345699,0.15496850783173088,0.15486974990247496,0.3971049457177322,0.413305618320332,0.10219750054061794,0.1649939785103444,0.1628884747085085,0.2572902646926873,-0.0974084159416303,0.03439221994463748,-0.0017201191357905932,-0.0015604005027957113,0.004330589042438493
674,0.14844845140594268,0.1454957309635825,0.3023097826086957,-0.10511028608866568,0.07502352842824012,0.14709555394829668,0.1443631294650636,0.30597519729425027,-0.10352761327286975,0.07100138666713252,0.16057752720511734,0.159958180867747,0.4056823474615743,0.43188726025461505,0.10084991236798435,0.167128700131827,0.16461927165011325,0.2615451014242555,-0.13722878100792624,0.028874744011320397,-0.0013528974576459962,-0.0011326014985189037,0.003665414685554591
675,0.1485213256969809,0.14608348866444146,0.323227718258491,-0.10327004778485216,0.08325508792746061,0.14704918199379036,0.14400277428583813,0.32608695652173914,-0.10020401312873639,0.07713456409382657,0.15938930520040523,0.1589579088820495,0.4172445677300046,0.4510121923960559,0.09612929323269082,0.1658508885411216,0.1637695608825697,0.27439948063189784,-0.13093333702031762,0.033868792166413364,-0.0014721437031905427,-0.0020807143786033266,0.0028592382632481317
676,0.14677953221042622,0.14598635316615238,0.31222956046458666,-0.09924946895914855,0.07848574066741143,0.14557254952397133,0.14385675170585424,0.31369426751592355,-0.09739921989654099,0.07742648479963044,0.15903653171607599,0.15932895823373464,0.4152005629838142,0.45679607457357463,0.10560269088260665,0.16503175988824634,0.16280585857707852,0.26119887470244535,-0.11876532786786453,0.029759970749482667,-0.0012069826864548883,-0.0021296014602981417,0.0014647070513368887
677,0.15063745634625808,0.14941130468783942,0.31584897128645717,-0.09122086829382403,0.07009249729425626,0.149254575089259,0.14823825867836815,0.3192498870311794,-0.09694507268605879,0.06945621073796582,0.16013596235665706,0.16066385714906373,0.4075205640423032,0.3980100683663555,0.10572454444651347,0.1689671241516239,0.16731111786940087,0.27059843885516044,-0.11568997181915441,0.030006444247966946,-0.0013828812569990911,-0.001173046009471268,0.0034009157447222327
678,0.15164873368867057,0.15001302196371213,0.3216091954022989,-0.11114272615196685,0.06832966008691521,0.15021806819137476,0.14814654049830714,0.3263254113345521,-0.10377632158499406,0.06274153409711924,0.16254145463646,0.16212344821599098,0.42107784431137724,0.4353246306930522,0.10594204655669581,0.1697644600017204,0.1677228926122059,0.2754451527808309,-0.14461217424189565,0.025559003472707786,-0.0014306654972958133,-0.0018664814654049955,0.004716215932253243
679,0.15212630051035408,0.15091145833333333,0.33035509736540664,-0.08571289348016764,0.0719580613411207,0.150525148373779,0.1490451388888889,0.332117620241623,-0.08137608420231957,0.06725492007699518,0.16239597376658166,0.16284722222222223,0.426852288815479,0.4348504044440113,0.0991080131840274,0.17059184663757543,0.16883680555555555,0.2806133625410734,-0.12026118312055356,0.02920223166725222,-0.0016011521365750792,-0.0018663194444444309,0.0017625228762163658
680,0.1485185502815863,0.14804165032893304,0.31486548107615137,-0.09416395980307568,0.07751609417909933,0.14667774555990828,0.14603755500370322,0.31885376392995224,-0.08459658669334857,0.07518047778367498,0.1562782997998733,0.15614516620921012,0.4117647058823529,0.462228981325058,0.1063928059770739,0.16629129142729723,0.16590423909728577,0.26733318843729625,-0.11296593702191837,0.03186541008671295,-0.0018408047216780243,-0.0020040953252298266,0.003988282853800873
681,0.15014768783660573,0.14851742673833881,0.32524049473202016,-0.0707986105867251,0.08739893914934271,0.1488288062097753,0.14687012311427086,0.3294547113848962,-0.06911726950086838,0.08381009382195426,0.16376784528955246,0.16325645916421017,0.42557077625570777,0.4077541342596089,0.08444341946796396,0.1678305776530959,0.16676781688919715,0.2779482683033757,-0.1003370837423545,0.04602166361004034,-0.0013188816268304426,-0.0016473036240679528,0.004214216652876024
682,0.1536663999276427,0.1516824623945744,0.3265817023213473,-0.10221593154411424,0.07498220230000385,0.15226068961568254,0.15007390661681594,0.3279655250623724,-0.09872074891389782,0.07179704948777532,0.16314791692500205,0.16381184244848274,0.41766502231618513,0.4212255311498557,0.10407326465169187,0.17144265794892824,0.17068081036431615,0.2780551334925114,-0.12185154629190165,0.029753032366357623,-0.0014057103119601566,-0.0016085557777584525,0.0013838227410251092
683,0.14462568214209445,0.1421862770675711,0.3100166547704021,-0.08862311176314741,0.08969524925617234,0.14352206746329899,0.14044699539090355,0.31244087038789026,-0.08785880284168934,0.08427519983802145,0.15747288900921702,0.15762240194799548,0.415076105339454,0.46162699186625294,0.10357057576663864,0.162736270474978,0.1602313244629968,0.26148969889064977,-0.12490371699712866,0.04329962623680084,-0.001103614678795467,-0.0017392816766675367,0.002424215617488179
684,0.15202203099963288,0.14985715522465587,0.3067056705670567,-0.10451161683400434,0.06800025636368989,0.15044199476664952,0.14803913081118517,0.3085177733065057,-0.09957429002139528,0.06186681879942091,0.16107354985294395,0.16111159206995065,0.4088983050847458,0.41383882453618076,0.10945383438426659,0.17032507256665,0.16872998008830403,0.26224598930481285,-0.12345427571474843,0.019144253696581792,-0.0015800362329833617,-0.0018180244134707035,0.0018121027394489841
685,0.14976247343042312,0.14795542257491,0.3160453808752026,-0.10183401192380392,0.07561348418512615,0.14823367907577614,0.14630761892372404,0.3202208419599724,-0.09770188066501861,0.06960011572044267,0.1578901767688049,0.15862278305364033,0.4103717736206488,0.46806383597498913,0.09623074749261196,0.16774257597989123,0.16629807900784874,0.269010989010989,-0.12220990257379671,0.026003194351488235,-0.0015287943546469784,-0.0016478036511859695,0.004175461084769794
686,0.147152528446496,0.14607962447844228,0.3187966417910448,-0.09589916223937522,0.08504836441323926,0.1460074531510827,0.14403685674547984,0.32142028312833604,-0.09410685138066155,0.08054546845309019,0.16150562493093312,0.16168289290681503,0.4177036863113407,0.38743700708134443,0.09126664931058792,0.16547358247352462,0.16398643949930458,0.2675088652482269,-0.12469977507800623,0.03701747417164991,-0.0011450752954133003,-0.0020427677329624416,0.0026236413372912604
687,0.14929901729019648,0.14702038682697335,0.3186962426437302,-0.09646746415660534,0.07747616800152435,0.14805520746261958,0.14536504617529186,0.3231046931407942,-0.10069967728003537,0.07451906235261119,0.16172364617212184,0.16143927513504094,0.41386505912357985,0.4210787051952738,0.099654460368373,0.1669869134354749,0.1652291339954696,0.2714285714285714,-0.12247790523297719,0.034809357924348916,-0.0012438098275769083,-0.0016553406516814917,0.004408450497064009
688,0.15250718470716734,0.15124045801526717,0.3287575616565845,-0.08909866178012316,0.08398542870824166,0.1511290860582274,0.14963566967383762,0.33271504753072106,-0.0831029348728538,0.08077364449764524,0.16322775429651298,0.1640787647467037,0.42585193889541717,0.4073831605636011,0.09319254344528494,0.17061584839817706,0.16854614850798058,0.2784279090306911,-0.0988379776053,0.03452395186505619,-0.0013780986489399516,-0.0016047883414295472,0.003957485874136579
689,0.14381988357414155,0.1410490605427975,0.31773925433388744,-0.10630326700232928,0.07670553239947697,0.1422991346614608,0.13917884481558804,0.31964117091595845,-0.1028842207017826,0.07123594223978813,0.15473252309879873,0.1537491301322199,0.41280620907106474,0.4216000401564482,0.09595848976158194,0.16170480544060528,0.1590118302018093,0.2694043321299639,-0.1293640789236129,0.028354355387827268,-0.0015207489126807527,-0.0018702157272094677,0.001901916582071006
690,0.14963936187491014,0.14774642409576078,0.3283052351375333,-0.11025303748831738,0.06761351662753223,0.14842767262890766,0.1459746769802515,0.3323022536456032,-0.10727577970853952,0.06384645238780273,0.1638478278990998,0.1630871613154142,0.42193223443223443,0.4334469867423587,0.09691290515876094,0.1676272245273582,0.16572317531653774,0.2816691505216095,-0.13667520509536502,0.028059342110373198,-0.0012116892460024842,-0.0017717471155092868,0.003997018508069883
691,0.1462616240080509,0.14371594152754952,0.3158388003748828,-0.08900394748500595,0.08410347235415483,0.14495365003103008,0.14259147132600986,0.3191389798783341,-0.09097241954555035,0.0828132759718293,0.1596138772669018,0.15915578237176714,0.4188570050639016,0.434300956012429,0.11012243273105426,0.16471614058821507,0.16205345558342704,0.2674860335195531,-0.11437425335398732,0.03959169716392197,-0.0013079739770208154,-0.0011244702015396624,0.003300179503451295
692,0.1497958116337749,0.1484120432723639,0.3127139922392148,-0.09501230779898417,0.0665768710584862,0.14846233871887626,0.14676108962940435,0.3143569970514856,-0.0996911493635192,0.060580453727591466,0.1628034904444795,0.16227136464352435,0.4157142857142857,0.43231432847377516,0.10533942594748458,0.168587766508808,0.16657253334491898,0.2652571926765475,-0.1310243209041898,0.0222462143622284,-0.0013334729148986313,-0.0016509536429595573,0.0016430048122708096
693,0.15109597932028102,0.14950555170020818,0.32531824611032534,-0.06500432194589878,0.09266199254223173,0.1497363995051893,0.14772727272727273,0.32903981264637,-0.06233631586536803,0.08665055651076159,0.16253913138035864,0.1625173490631506,0.42296718972895864,0.40773817627577963,0.10039098172555028,0.16926658170966077,0.1671148507980569,0.27256317689530685,-0.10041833858438343,0.051870105185827575,-0.001359579815091716,-0.0017782789729354487,0.0037215665360446626
694,0.15191329775902782,0.1508122665276692,0.31630740393626994,-0.08789283257710068,0.09062076944446529,0.15028144586819994,0.1488141777430284,0.3199255986979772,-0.08567219228796263,0.08355304388042795,0.1597530742055483,0.15989053948397186,0.41179245283018867,0.4018166014196781,0.09661762749879999,0.1700640584985217,0.16836069846234036,0.26964285714285713,-0.11216461929145694,0.045215987033073834,-0.0016318518908278734,-0.001998088784640778,0.003618194761707272
695,0.15279681547669346,0.15234375,0.31838049229353577,-0.08293647046228614,0.07818748294745193,0.15154675568589232,0.15086805555555555,0.3214449016918153,-0.07568458940298961,0.07242642211694039,0.1636202432986478,0.16484375,0.4112280701754386,0.43439273935974876,0.09355031182881646,0.17146233413226747,0.16888020833333334,0.26638803343598766,-0.11309515934506187,0.0357263309003476,-0.0012500597908011446,-0.001475694444444453,0.0030644093982795106
696,0.15200682089076087,0.1497636907600919,0.31672845227062096,-0.08090739662201518,0.08704263669627987,0.15057576039507325,0.149416814811603,0.3215108245048365,-0.07625463016889922,0.08150610195923957,0.16280155184518952,0.16216450591857087,0.4260216063879756,0.42778411958842943,0.09939336803275456,0.1701954839508116,0.16780124008151584,0.26744441998679286,-0.11514812657736362,0.038704429569043075,-0.0014310604956876138,-0.0003468759484889228,0.004782372234215515
697,0.144920588922708,0.14280128595012598,0.3082223242994947,-0.09360193498452007,0.07398663824583762,0.1435283520843361,0.1419758449908767,0.3116586812685375,-0.0906401702786378,0.06778398187707557,0.15641018203766607,0.1552697888608915,0.40264650283553877,0.4149743808049536,0.10008057193511277,0.16301801613098596,0.16161265096880703,0.2588543944031482,-0.12252523219814238,0.02693200372419402,-0.0013922368383719186,-0.000825440959249274,0.0034363569690428197
698,0.15100536286055463,0.14991928094594004,0.3139641708773542,-0.09657527379656672,0.07666356389844509,0.14974388966283983,0.14808674025917362,0.31473829201101927,-0.08991398764187197,0.07623618178017921,0.16216174538040976,0.16305248920109952,0.412332313485526,0.4637691710157133,0.09910112510740676,0.1690221043531905,0.1673284174702212,0.26517995142415546,-0.12883630163647997,0.03926762855017574,-0.001261473197714802,-0.0018325406867664151,0.0007741211336650955
699,0.14908182693199998,0.14684434412709438,0.3144917422656432,-0.07677144932046898,0.08139104220499571,0.14755069511717855,0.14506467575310356,0.31451800232288035,-0.07461354912335305,0.08010361250443332,0.16022754567172148,0.15982290129351506,0.4082601471635414,0.4146591970121382,0.09984420124639004,0.16782936138798624,0.16572619150967965,0.2625223613595707,-0.10732095307258704,0.044270152505446636,-0.0015311318148214237,-0.0017796683739908226,2.626005723715963e-05
700,0.14536017296539283,0.1419024474917549,0.29754385964912283,-0.09201889143533093,0.08558841729866762,0.14385781763192854,0.13994966151709773,0.3000233481204763,-0.09279367231761271,0.0838706367206713,0.1557704677883432,0.1553549730949488,0.4000954881833373,0.4155976295081079,0.1040545585121283,0.1630773070321398,0.16164728345773302,0.25958767457326537,-0.12301263017295172,0.03491389024777558,-0.0015023553334642947,-0.001952785974657173,0.002479488471353486
701,0.15093763302291538,0.15027869709109912,0.3195171942609884,-0.08656766609590871,0.06982987949353914,0.1497685416902814,0.14871102595366661,0.32189913675602,-0.08211988246160362,0.0674825535803979,0.16181316046576122,0.16186204493990594,0.42279498699456136,0.4266378557261421,0.10439958839616403,0.16963527806822065,0.16826336875108866,0.2725293861558555,-0.121335114671422,0.026511046732842436,-0.001169091332633987,-0.0015676711374325025,0.002381942495031597
702,0.14606501672285632,0.14398679179701077,0.3099240156573797,-0.08235548526299208,0.08752849748530911,0.14465874299888443,0.14233576642335766,0.3135904499540863,-0.08381526824192265,0.08477225998387483,0.1587068129423573,0.15858533194299618,0.40896358543417366,0.4052936324750031,0.10003757537643354,0.16349600721840668,0.16119221411192214,0.263986013986014,-0.11567125385081978,0.03812824072883403,-0.0014062737239718959,-0.0016510253736531089,0.0036664342967066
703,0.1510496492720511,0.15037268157392963,0.3235294117647059,-0.10816648934455309,0.06637251889599949,0.14948157540333112,0.1484659386375455,0.32618223760092274,-0.10655447012928398,0.06269477176030203,0.16063011119577786,0.15981972612237824,0.42382671480144407,0.4141599767869233,0.1016356237853343,0.1704778579918948,0.1686600797365228,0.27705244523124584,-0.12746235935132355,0.022888567468046794,-0.001568073868719988,-0.001906742936384126,0.0026528258362168433
704,0.1503196631962402,0.14859752120026093,0.31905298759864714,-0.09899297903961457,0.06499604036306372,0.1491237108904413,0.14690150032615787,0.3205473306415433,-0.0937624001581363,0.06010686271890975,0.16240451949883772,0.16325288106110025,0.42100328176277546,0.43506856235037444,0.10092086740054329,0.16883088423818013,0.1676016525331594,0.2733549083063646,-0.129539281504638,0.02248145215302877,-0.001195952305798914,-0.0016960208741030602,0.0014943430428961402
705,0.14837101118911344,0.14678260869565218,0.31859436816383524,-0.10185164407743164,0.06949648182566626,0.1467993153733366,0.14552173913043479,0.3211136890951276,-0.09825943212757682,0.06667847102175584,0.15722868242805638,0.15756521739130436,0.4024390243902439,0.3838112976094306,0.09442503893718102,0.16662460458082368,0.16569565217391305,0.2680115273775216,-0.1275038895371451,0.023107688592064912,-0.0015716958157768468,-0.0012608695652173985,0.002519320931292368
706,0.15047626548296822,0.1490969086488364,0.30431848852901483,-0.09501836996456448,0.07082376895542075,0.14898759364222708,0.14792462660646058,0.30640482035259986,-0.0959042587882345,0.06343384276352648,0.15946464291298118,0.1596040291767975,0.39713361072584374,0.43979760429574555,0.09616065875620139,0.16874852839724275,0.16707189996526572,0.2564928096157974,-0.11605687080153915,0.025850789559035414,-0.0014886718407411403,-0.0011722820423758218,0.0020863318235850303
707,0.14860469736801407,0.14658818399825593,0.3110562906481274,-0.09851156942471295,0.07378211900924869,0.14700589024997276,0.1448005232177894,0.31409968567579705,-0.09711532471742468,0.07483447135242094,0.16084487091783525,0.16045345541748418,0.40715935334872977,0.430246278545565,0.10093280946309402,0.16620686639993462,0.16511881403967735,0.26376440460947503,-0.13064901149291808,0.02600532262922628,-0.0015988071180413066,-0.0017876607804665212,0.0030433950276696486
708,0.14802443568106385,0.14574670824670824,0.31685444929868933,-0.10038610988573293,0.0738487923668183,0.14680883448398402,0.14414414414414414,0.32105263157894737,-0.09484875167741724,0.0693567388148214,0.16039343416874538,0.1606029106029106,0.4304007588332938,0.43601203398484856,0.10208455755079837,0.16631485805071627,0.16454435204435205,0.27150715071507153,-0.12038666854236346,0.03192295921484778,-0.0012156011970798353,-0.0016025641025640969,0.004198182280258034
709,0.14844777133509626,0.1472483455242076,0.31600270087778526,-0.08369403188912272,0.08250954647152153,0.14704127917216123,0.14511494252873564,0.31698028673835127,-0.07790526235221995,0.07810959605023682,0.1584339477865563,0.15800243817485196,0.40290710878946173,0.3795600911185472,0.09089040441682594,0.16576258466513996,0.16283524904214558,0.2644096850224984,-0.11157247594532826,0.03557674197781713,-0.0014064921629350358,-0.0021334029954719613,0.0009775858605660104
710,0.14592611548615889,0.14376595836759423,0.3047794966520434,-0.09702637837444228,0.07706422317386985,0.14463013857971221,0.1424243735664517,0.3081688848095457,-0.09089137472010533,0.07128696441672999,0.15543071354586135,0.15558056000346215,0.4149289099526066,0.40650418271625427,0.1008151758421113,0.16343332193683738,0.16142294542779245,0.25982339955849887,-0.12716055775120838,0.03448368640828359,-0.001295976906446672,-0.0013415848011425202,0.003389388157502282
711,0.15015393843519548,0.14923946110386788,0.33495934959349594,-0.08686843100887898,0.090383766068457,0.1488868316312434,0.14863102998696218,0.3434040590405904,-0.0937036083637185,0.08378357908315737,0.1616926419976643,0.1621903520208605,0.4339006761482863,0.37080342736394084,0.09379031418990202,0.1676034086055678,0.16584093872229466,0.2851166886833994,-0.11090096850984865,0.039924272019553175,-0.0012671068039520894,-0.0006084311169057,0.008444709447094467
712,0.15066150000060685,0.14927761917120858,0.32598714416896235,-0.0912005992043583,0.08038960660797656,0.14945502697398821,0.1472445713296998,0.33013698630136984,-0.08506299418460861,0.07528979605522645,0.16173719338848722,0.16247080197248898,0.42659798642004215,0.41599621257622543,0.09845143564896641,0.16860288768931164,0.1670127173630937,0.2771822358346095,-0.12604525123479915,0.03470380373959048,-0.0012064730266186374,-0.0020330478415087616,0.0041498421324074886
713,0.15047859153878856,0.1485157096424702,0.3265399587817724,-0.06716065319411413,0.08288958535117064,0.1491970276177609,0.14708559046587216,0.32944939456248573,-0.056800448943773896,0.08077159044822191,0.1654413649845405,0.16520043336944745,0.42354312354312357,0.4028971499065231,0.09919814610387623,0.16825170279317167,0.1665438786565547,0.2750054957133436,-0.11229333324854696,0.04434207811750279,-0.0012815639210276564,-0.0014301191765980492,0.002909435780713343
714,0.1487981304415272,0.146719491488528,0.3170109074031098,-0.07796310093388781,0.08860871535312553,0.14737785358138883,0.1457616787844486,0.32279649284725426,-0.07630882192191812,0.08327952919275916,0.15875892801602648,0.15860507640733162,0.41470723835869067,0.40211366883288646,0.08242685940710048,0.16644552373849975,0.16487439592494232,0.27158866183256425,-0.10133972054865781,0.03702219332077905,-0.0014202768601383753,-0.0009578127040794082,0.005785585444144481
715,0.15005071766727723,0.14819151704397607,0.32989690721649484,-0.10051644372703905,0.08156774772708475,0.14868419769730193,0.1469771879607945,0.33485609867519417,-0.09400797378529879,0.07881005679209907,0.1613877030988102,0.16089860352155433,0.42424953095684803,0.395188385087963,0.10299288499120463,0.16750656304059322,0.16566918206262468,0.27948550250708526,-0.13617068663641219,0.034474871760405534,-0.001366519969975305,-0.001214329083181559,0.00495919145869933
716,0.15084490189431346,0.1495274429896818,0.330850823741819,-0.1117586841986411,0.07445914684912891,0.14949826560894658,0.14796670424000694,0.33408071748878926,-0.11356365029454829,0.06834066851874432,0.16404217353225425,0.16392092257001648,0.4332255083179298,0.39085723109499887,0.09619029402256418,0.1686116372279995,0.16574178444463714,0.2793103448275862,-0.14334871991720033,0.030363906468080737,-0.0013466362853668812,-0.001560738749674856,0.003229893746970247
717,0.14497556123815486,0.1434788284955829,0.32479627473806755,-0.07527657851838365,0.0720707051277969,0.14351851940875296,0.142347360633622,0.32675794847992573,-0.07928424759439123,0.06904033895767214,0.15670913614561732,0.15649070890813352,0.4291907514450867,0.40169930792502595,0.1030237310083566,0.1627485102771082,0.16127768832412204,0.2768990866562709,-0.12016876257446851,0.03007848819892589,-0.0014570418294019005,-0.0011314678619609164,0.001961673741858183
718,0.14900170662125406,0.14785788923719959,0.325955265610438,-0.08617154578878283,0.06565656565656564,0.14749388204155375,0.1466388018112156,0.32908163265306123,-0.08579072416713363,0.06130268199233713,0.15775715418186445,0.15808951584813655,0.4177368548582506,0.38626506016389955,0.10157610588645072,0.16751904073903187,0.16505572971090213,0.2772255356748399,-0.12100253230787339,0.014498432601880884,-0.0015078245797003065,-0.001219087425983978,0.0031263670426232015
719,0.1487330329428749,0.14646836924944717,0.3101295097132285,-0.10938639811497375,0.0753666535789419,0.14728651970033174,0.14473398950700256,0.3137209836819122,-0.10586488492947299,0.06957185123708787,0.1611149869361131,0.16030004769544293,0.40877979702619777,0.41967334818114327,0.09403879445824936,0.16716820725791454,0.16511295148072672,0.2646735546273906,-0.12738129821503497,0.027076634063491367,-0.0014465132425431626,-0.001734379742444614,0.0035914739686837005
720,0.1482936430666815,0.14566689822855158,0.3166137085792102,-0.10112969740854094,0.07271322901144628,0.14677332040235055,0.1434091698506426,0.3197017623136014,-0.10588457136176532,0.06846887473530838,0.16100401562900962,0.16064605765890935,0.41627579737335835,0.43202562985674664,0.10284814437202539,0.16623527495064225,0.16385897881208752,0.27031114952463264,-0.12021066565595429,0.025600896546315366,-0.001520322664330942,-0.0022577283779089963,0.0030880537343912495
721,0.14745481287434817,0.145426114151681,0.3127885503231764,-0.10118652883905055,0.07172269551091326,0.14610533622786878,0.14407957605768396,0.3140229885057471,-0.09816743029857133,0.06785182530894684,0.1602816089231706,0.15941273564416644,0.4135249764373233,0.41556437786835426,0.09064694983163779,0.1665428363877768,0.16397359047867258,0.2668285146766718,-0.1260797720088589,0.028928074944729154,-0.0013494766464793861,-0.0013465380939970406,0.0012344381825707407
722,0.14868245841927658,0.1472195714409647,0.31807674526121127,-0.09141439465646783,0.0809081768276555,0.14738082862773438,0.1462219137676759,0.32142033663822916,-0.09257488012622261,0.0785581721420725,0.16235158940030753,0.16309534137242995,0.4162917357328913,0.4228675417115703,0.10291276615629708,0.1673818084926927,0.1651774095601631,0.271645736946464,-0.11454196923521232,0.03540354064318341,-0.0013016297915421915,-0.0009976576732887987,0.003343591377017896
723,0.14837161145960837,0.1470103986135182,0.3207757467677218,-0.09435504892120739,0.06619971799010893,0.1470062749446162,0.1451473136915078,0.32452830188679244,-0.09002082909719777,0.06220206916644455,0.16164064662614236,0.16091854419410745,0.41995841995842,0.430722873579383,0.0992329214277562,0.16615387713127727,0.16356152512998268,0.2711864406779661,-0.12449050672690865,0.029379268298463823,-0.0013653365149921548,-0.0018630849220103995,0.003752555119070633
724,0.1468454620173063,0.14534328617307526,0.3173791821561338,-0.1050774410774411,0.07966866746569834,0.14547452911764736,0.14339033070046003,0.3183079056865465,-0.10687138047138045,0.07494589274533048,0.16030947558794476,0.15975175765992536,0.42030724915986556,0.45117306397306395,0.10929334525709744,0.164800922098959,0.16261609235309435,0.2719786334297797,-0.12944377104377103,0.039095739186173595,-0.0013709328996589498,-0.001952955472615231,0.0009287235304126784
725,0.14566852065651295,0.14446130500758725,0.32484677039132487,-0.08785936191831933,0.09629354783138766,0.14425438007738586,0.14203338391502277,0.327140169332079,-0.07921287566549651,0.09415311066981424,0.15987239312793228,0.15937567743334055,0.4210650329877474,0.3868252181884582,0.09586546039907295,0.1635116297489918,0.16093648384998915,0.27128981251411793,-0.11406231755519614,0.05669546034228068,-0.0014141405791270878,-0.0024279210925644834,0.0022933989407541433
726,0.15111864008728612,0.15000866100814134,0.3311897106109325,-0.09398565990505037,0.08321437669993448,0.1497296448259157,0.1479300190542179,0.3351660939289805,-0.09660925703737111,0.08088068182173136,0.16141950096312765,0.16196085224320111,0.42907468294974166,0.4077682165823056,0.10358116836425335,0.16899670982525233,0.16746059241295685,0.2830519622889717,-0.11696882931398,0.03929848217374721,-0.0013889952613704293,-0.0020786419539234324,0.003976383318048005
727,0.14560393628835325,0.1445121951219512,0.31165703275529866,-0.07524346411123495,0.09642958501924936,0.1441104433152384,0.1412020905923345,0.3109829367940399,-0.07482612418805734,0.0944706953644594,0.15677405780303244,0.1573170731707317,0.41642581888246627,0.39902443470187154,0.09642958501924936,0.1632854939628664,0.16106271777003484,0.25756880733944953,-0.11195001034805552,0.05115746855299175,-0.0014934929731148516,-0.0033101045296167197,-0.0006740959612587805
728,0.15095949808359882,0.148438855160451,0.3224907063197026,-0.10545320546413073,0.08465915727993323,0.14941814504369189,0.1471812662619254,0.326483491110598,-0.10585651564447218,0.0788869420108469,0.1623466465687183,0.16218560277536861,0.4264600715137068,0.4176695041580947,0.10796180410698564,0.16909393026749148,0.16773633998265394,0.27452285841100754,-0.12779681166451562,0.04147443563713904,-0.0015413530399069342,-0.0012575888985255912,0.003992784790895376
729,0.14612412534906266,0.1446696111544124,0.3040948758111434,-0.11038743049884014,0.0758250805278996,0.1447782742556116,0.14354377760457263,0.30820695807314896,-0.10723453869132116,0.07268416658112964,0.15792984509408933,0.15804970988135447,0.40606338998621955,0.4216006424325687,0.09990542078646869,0.16430461343117042,0.16212003117692908,0.2589727057812164,-0.12296093049691903,0.03729653611418904,-0.0013458510934510615,-0.0011258335498397776,0.004112082262005545
730,0.14908555513131444,0.1470115890446634,0.3170788614092394,-0.086126529265809,0.09186751618574729,0.1477171630351297,0.1461869004731108,0.32143684820393975,-0.08021424462197235,0.08568271764507862,0.16096786349166212,0.16016320152784408,0.41769787532103664,0.42754965283255797,0.09250732293133379,0.16691482255291049,0.16389600243066105,0.26973247844351095,-0.11722084375154385,0.04132278328442096,-0.0013683920961847507,-0.0008246885715526009,0.0043579867947003414
731,0.14947635773718243,0.14730841202837372,0.31675874769797424,-0.09660565409607946,0.07455005214330179,0.1479650680463286,0.14661212411332086,0.32071576049552647,-0.0919439001299015,0.071336310702249,0.1637368565443819,0.16327951607989905,0.42100238663484485,0.42811240423909797,0.10754446427144249,0.1680877060476444,0.16584707776665653,0.26696230598669624,-0.11952184574438907,0.03898464686231884,-0.0015112896908538176,-0.0006962879150528567,0.0039570127975522285
732,0.14720786877234318,0.1447969708839274,0.31676040494938135,-0.09379245665322111,0.06658629262532956,0.14585545128127003,0.1432737084910998,0.3195783808028706,-0.09346100195359164,0.06361819283343717,0.16088943169413067,0.16042129085607346,0.4207560460201925,0.44206789667983115,0.10601961843190055,0.16551493380187215,0.16311964138051094,0.27084680025856495,-0.12257484668756125,0.025032895538835476,-0.001352417491073149,-0.0015232623928276012,0.002817975853489252
733,0.15299387421435265,0.15127070864775782,0.33796296296296297,-0.08015762186549213,0.07719161959356968,0.1515572516767056,0.14884205048139473,0.33765032377428306,-0.07116158057861022,0.07633374146759431,0.16580672528257948,0.16510538641686182,0.43531924994065985,0.4189572755965714,0.1001398594634132,0.1714082160706247,0.16905195593720185,0.28387669106231983,-0.11268652236688703,0.03665687814122931,-0.0014366225376470365,-0.00242865816636309,-0.0003126391886799085
734,0.14638906527541917,0.1443669597609044,0.30836598294537915,-0.05764800786399349,0.083241856862034,0.14503799122298136,0.14289426950231732,0.30963883137796183,-0.054495275323801495,0.0815402610934467,0.15765512502295131,0.1573179711525967,0.40854660718478514,0.44662054963629916,0.10025781454790672,0.164223814724204,0.1629488456707238,0.26221928665786,-0.08003983888720012,0.040063864234131774,-0.0013510740524378118,-0.001472690258587095,0.001272848432582685
735,0.14651786037809672,0.1438517100339396,0.3038763267189663,-0.08544157099614391,0.08662890127029577,0.1451801766891539,0.14202419284657558,0.3065442020665901,-0.08705321389514764,0.0821647812222811,0.15915543265901866,0.15895048298668524,0.4052863436123348,0.38573070252743547,0.09109302131831021,0.16469322557377936,0.16169175876773126,0.2564949361514751,-0.12088373872258262,0.04241285508043724,-0.0013376836889428256,-0.001827517187364014,0.002667875347623805
736,0.14668868717672057,0.14349678316814468,0.3226982680036463,-0.10180719980383368,0.07611203320672699,0.1453322903953464,0.14236654494870457,0.3267304189435337,-0.10382718155941462,0.07526256855040192,0.16060239959298067,0.1610154755694662,0.42981017108038433,0.3929678145297886,0.10180833906056064,0.16440702091547,0.1619718309859155,0.27648861646234674,-0.1246549340772698,0.037886123672098426,-0.0013563967813741695,-0.0011302382194401106,0.004032150939887402
737,0.1483868541834274,0.1476118435271234,0.32180728446288615,-0.10665475544809455,0.08707023051023421,0.14709537729595157,0.14506159498595203,0.3226397800183318,-0.10800957230588726,0.08155890566248836,0.15846823626196535,0.158288307758807,0.4130691200754895,0.4417528653245121,0.1080556597381892,0.16609293222208196,0.16338880484114976,0.26901223776223776,-0.13588057197921943,0.0366204107500997,-0.0012914768874758287,-0.0025502485411713627,0.0008324955554456781
738,0.1469683461628885,0.14473456683382327,0.31552738795835217,-0.08819903910113902,0.07859270391425544,0.1453313150768544,0.143264741483659,0.32072923700202566,-0.08702579341926298,0.073327919354083,0.15844659149228368,0.15861144734566834,0.4107635694572217,0.37668654066769675,0.09333410068273851,0.16465208887248567,0.16228601072107904,0.26766363242306024,-0.11864896601429276,0.03731679296250279,-0.0016370310860341075,-0.0014698253501642666,0.00520184904367349
739,0.14722043855147673,0.14457779125687795,0.3177001127395716,-0.10625586936764142,0.07423214865318661,0.14584130238485296,0.1440578831073177,0.32313919496289634,-0.09885211324734322,0.07170205031620669,0.16069960719393123,0.16026168710194533,0.4212865497076023,0.42988678565584987,0.10796679314625024,0.16500235070973,0.1623413197001863,0.2729636048526863,-0.1293847871490582,0.03606983207040826,-0.0013791361666237734,-0.0005199081495602387,0.005439082223324732
740,0.14901737407924268,0.14736201122178244,0.30986887508626637,-0.08677873325883823,0.07841799077627298,0.14743748379349889,0.1460571527989213,0.31067738231917336,-0.08316936306660838,0.07671027722060653,0.1594768767761083,0.15936670871210473,0.4050332383665717,0.44292215258546697,0.1072356570281432,0.16700435904186636,0.16615197251098257,0.2627657243041858,-0.11304501557380142,0.03230972477328076,-0.0015798902857437902,-0.001304858422861127,0.0008085072329069853
741,0.1515779115969613,0.15003917471924785,0.3269056261343013,-0.11198454526986368,0.06993656449683372,0.15025969989745627,0.14886393314181248,0.33054487904137464,-0.10791111996964253,0.06674522733145105,0.16280765744788123,0.16388090885348655,0.42997658079625295,0.4156197799080842,0.09929686641835478,0.16924053305024417,0.16727605118829983,0.274343960095424,-0.12638833842485941,0.02674713485865432,-0.001318211699505023,-0.0011752415774353708,0.0036392529070733426
742,0.1542289780074628,0.15316334522669917,0.3249097472924188,-0.09551041818020645,0.07671163380589563,0.15288393364085348,0.1509442172134714,0.3265351860152398,-0.09595728367917433,0.07038779622030666,0.1633833415624196,0.1635192759550953,0.4161013116236997,0.38316569023356717,0.07881957966775854,0.1723373982465822,0.17035070925071796,0.27902983472848253,-0.12446894741699865,0.02886126274160572,-0.001345044366609316,-0.002219128013227767,0.0016254387228210043
743,0.15315506350990038,0.1527433858986055,0.3268348623853211,-0.08895957657616615,0.08442551648443464,0.15160619498566905,0.150484382466658,0.32936870997255263,-0.08294047808855687,0.0818823153271282,0.16349583102094514,0.16356053694773884,0.41935483870967744,0.39614784529883385,0.08209424875690374,0.17128251755191692,0.16968591163821192,0.2750597956077408,-0.11767563889395039,0.03377342676808037,-0.0015488685242313338,-0.002259003431947515,0.002533847587231519
744,0.15013736244930262,0.1480965847291712,0.3122039251071509,-0.0763249004157891,0.09004474500719761,0.1487065193442494,0.14661735914726995,0.31648400805189,-0.07714179753922634,0.08211814267197404,0.16163302981569777,0.1623232542962802,0.4135546334716459,0.4593096202239082,0.10986125084525644,0.1675479171291415,0.16541222536436806,0.2609719546135731,-0.10597699834674879,0.040399183012902684,-0.001430843105053231,-0.00147922558190125,0.004280082944739083
745,0.1533472944707231,0.15097529258777634,0.31963788300835655,-0.0953779346127197,0.07910883519020195,0.1518585885111544,0.1492847854356307,0.31997219647822056,-0.09182110236641794,0.07739243101350335,0.1645040184340349,0.1644993498049415,0.42044911610129,0.4407678781041051,0.10528399888485507,0.17186193845523773,0.1695275249241439,0.270509977827051,-0.12130084734039814,0.035769629728563235,-0.0014887059595686813,-0.0016905071521456372,0.00033431346986401156
746,0.14903143439139194,0.14693115721850855,0.3269668030923147,-0.11453270019508599,0.07714629851837496,0.14775454181883022,0.14510808229881067,0.3292433537832311,-0.10760444423488069,0.07651103116529989,0.16088315749277118,0.15990971438492924,0.41895668374476014,0.39857064708829626,0.09916890009164592,0.16688695893460587,0.16455421477558815,0.27702702702702703,-0.12574855487230086,0.03691269949028397,-0.001276892572561722,-0.0018230749196978813,0.0022765506909164235
747,0.15238054248929656,0.15023515067061488,0.3240098456030432,-0.11137512027951235,0.064120850077519,0.15100200473568187,0.14901585089705627,0.3260432939076099,-0.10422549146153526,0.061581410470488596,0.16454949449325162,0.16390872670266504,0.41963872163038446,0.42778077238303497,0.0960754651326523,0.17094484540069269,0.1693955756836788,0.2771110158594085,-0.13186516323456499,0.022431716528769075,-0.0013785377536146837,-0.001219299773558613,0.0020334483045666985
748,0.14580135217286586,0.14301253045596937,0.3086190917516219,-0.09175268892081023,0.0813588676202528,0.1446390202530862,0.14192481726418377,0.31420638593243866,-0.08268633053949737,0.08007425392098566,0.16031295638772744,0.16032892446919597,0.4192316869482224,0.43772411952877205,0.10812165302165166,0.1636345286524963,0.1604159415245388,0.26469940541730896,-0.11841563348552453,0.03318585389773465,-0.0011623319197796578,-0.0010877131917856053,0.005587294180816771
749,0.1485900113033157,0.1457449571465674,0.31212677997243915,-0.10104006951241729,0.0744022959598799,0.14718437426952188,0.14457622716647908,0.31608005521049,-0.093834712625264,0.07589752503809333,0.15863764474316963,0.15877413210977404,0.41569282136894825,0.4291986170203951,0.10879256475879107,0.1658461482077092,0.1635356246212449,0.26775474194971327,-0.11987381176085088,0.03595354823438912,-0.0014056370337938162,-0.0011687299800883233,0.003953275238050835
750,0.1495260599842187,0.14766816920943135,0.32223242994947177,-0.07985360263820906,0.07763162653514344,0.1482698112945226,0.1463245492371706,0.3265539305301645,-0.08014915218538099,0.0729426504037376,0.16223079350755445,0.16179785020804438,0.42193003052359707,0.42687452420696886,0.09787947801166819,0.16794803994233373,0.16608876560332872,0.2750439367311072,-0.10254028126813075,0.03543084135249186,-0.0012562486896960934,-0.0013436199722607622,0.00432150058069275
751,0.1536752988842206,0.15331738090058733,0.325447864033073,-0.10402145354265746,0.07124846782616301,0.15190193603812965,0.15131607570154448,0.3265539305301645,-0.10097604933446247,0.06653112917819903,0.1615304572917759,0.16149662823580596,0.414651493598862,0.4447158708444618,0.10041019764993986,0.17241244367157796,0.17111159451816402,0.274492690377482,-0.12432957679195711,0.022145260990538485,-0.0017733628460909479,-0.0020013051990428465,0.0011060664970914957
752,0.15173489242369537,0.14931655456715123,0.3243052284503062,-0.09375942312573349,0.08777383234916958,0.15038311987298056,0.14853547407246692,0.33004694835680753,-0.08679202472033631,0.08475813306276392,0.16260376819920916,0.16263831633760034,0.4175824175824176,0.4231459004577254,0.10069825786233644,0.17020449102357887,0.16975482751139076,0.2745892415034886,-0.11790921966053802,0.045338635247605286,-0.0013517725507148082,-0.0007810804946843108,0.0057417199065013524
753,0.1509052532197299,0.14908047476196687,0.3233151183970856,-0.08718199555625872,0.07588004088956402,0.14986239447790642,0.14781966001478197,0.32369679034828136,-0.07735600586396407,0.07566777483985088,0.1619301983644903,0.16286248423981567,0.4176622159756383,0.41172346259912945,0.101988765004274,0.16858738327352038,0.16747097952262946,0.27155923344947736,-0.11789689223701261,0.033426830946945985,-0.0010428587418234714,-0.0012608147471848963,0.00038167195119576114
754,0.15056186826160944,0.14847803528190937,0.3120713305898491,-0.0843930645812182,0.06769401456186785,0.14917407825617143,0.14661881701833276,0.3151653363740023,-0.08066258914852742,0.06534055640706204,0.16179520720363524,0.1608439986163957,0.4181732801127025,0.42996103732049956,0.09229834981665552,0.16897861652452856,0.16681079211345556,0.26631625054752517,-0.11473374232176103,0.02661547222343974,-0.001387790005438011,-0.0018592182635766008,0.0030940057841531976
755,0.14736695395434116,0.14595677936563262,0.3098401260977257,-0.10188709757633185,0.05871375227183462,0.1461870489456609,0.14521610317183686,0.31313131313131315,-0.09629519363395944,0.055724688519813936,0.15999413262497106,0.15968107354478914,0.4085639933759167,0.4487404971024853,0.10440372676700782,0.1656572762397302,0.16508365284071105,0.26160155406863805,-0.1344826407930959,0.017720877958408265,-0.0011799050086802598,-0.0007406761937957529,0.0032911870335874394
756,0.14711475654646164,0.14532361617213257,0.310952380952381,-0.09672947116377584,0.09031032253968074,0.14588709961866694,0.14406559083810516,0.3151041666666667,-0.09059181723588106,0.08511011202875851,0.15948523158204891,0.1602897796286656,0.420048309178744,0.412902719184738,0.10331084881698593,0.16606419949879522,0.16406385563074788,0.2589895311788803,-0.1131823665840066,0.048275287576393655,-0.0012276569277946958,-0.0012580253340274128,0.004151785714285705
757,0.14910936280537118,0.14613778705636743,0.32284965451512987,-0.08347104415063233,0.08386787188884082,0.14751058307056705,0.14496346555323592,0.3245489078822412,-0.0767651533064313,0.0805968940460624,0.15870085756267055,0.1587508698677801,0.4205128205128205,0.411400398174771,0.10611052121973463,0.1671724543423781,0.16575330549756437,0.2755102040816326,-0.12132508069962755,0.03741998652138612,-0.0015987797348041288,-0.0011743215031315146,0.001699253367111353
758,0.14890140061416107,0.14687717466945024,0.3095452498874381,-0.10543245349176977,0.06720194957713865,0.1475351255129653,0.14583333333333334,0.31262569832402237,-0.10440154134606017,0.060206922347618264,0.160522676939795,0.15975121781489213,0.41175093632958804,0.44438918379273395,0.10323693833527414,0.1667438813585695,0.16414405010438413,0.2618689581095596,-0.12503439417551376,0.022052228368415916,-0.0013662751011957741,-0.0010438413361169019,0.003080448436584282
759,0.14717282779095567,0.14427408177408177,0.3089393237610005,-0.10058831111302069,0.07420962947007381,0.14565725581828337,0.14323458073458073,0.31363951073159474,-0.09556418457946358,0.07098499319530238,0.15653490418985977,0.15692134442134442,0.40767214677150343,0.4314164949339465,0.100221695419897,0.165167973493634,0.1628984753984754,0.263567615658363,-0.12873753857504555,0.03594394567611925,-0.0015155719726722972,-0.0010395010395010396,0.004700186970594267
760,0.14894266160861946,0.14834448596506475,0.3292067858780376,-0.10163175247111411,0.08288272568134636,0.1473668787082828,0.14604153993221516,0.3320401643085349,-0.09685591758337908,0.07864013362454259,0.1599947613173656,0.1589467280785609,0.4238826815642458,0.38699759647127074,0.09688327946879882,0.1661943096555144,0.16390023463978448,0.2750054957133436,-0.12226416031160436,0.04321448995023103,-0.0015757829003366641,-0.0023029460328495843,0.002833378430497302
761,0.14879934350533877,0.14694498804087844,0.31686182669789226,-0.10121592027541004,0.07403399389627041,0.1472758478241655,0.14529245488149597,0.32230249359123747,-0.09875188302992166,0.06947685251454205,0.1600537697313452,0.15973037616873234,0.4183940910173934,0.3926996378421908,0.08987548536608791,0.16751172109257062,0.16386170906718853,0.2717269256680889,-0.12928696422573194,0.03432176185549507,-0.0015234956811732703,-0.0016525331593824633,0.005440666893345214
762,0.15217649438318231,0.15038571552396637,0.33004587155963305,-0.10852562764751339,0.0757250445851495,0.15080269070395225,0.1487821790760163,0.3323435358611238,-0.10343337714127787,0.07188674351056201,0.16509445685999133,0.16577099765970357,0.4293144208037825,0.45298354663853935,0.1034461079016139,0.17069107590276317,0.16936811996186182,0.2773658962058439,-0.12589049518018602,0.027533042204219038,-0.0013738036792300679,-0.0016035364479500824,0.002297664301490754
763,0.14858574814220452,0.14630749815048522,0.32136279926335176,-0.07067299723870257,0.0913386922306001,0.1471912381247874,0.14474085034161627,0.3229500687127806,-0.06802003244175148,0.08668673713414865,0.15957318226998432,0.15997214848339789,0.4184051923968475,0.4225960684359562,0.09768226736212482,0.16600662287169046,0.16445450193655076,0.2702761946514686,-0.11211940738797632,0.04524204627485384,-0.001394510017417111,-0.0015666478088689484,0.0015872694494288297
764,0.14772633114350717,0.1469936089735229,0.30926874708896135,-0.0944834749014315,0.0795803592554839,0.14614460534284576,0.14499369592626407,0.3097549699491447,-0.09632171019554914,0.07269546974353924,0.159423009238788,0.1592104691100387,0.40956937799043064,0.4160532324715761,0.10410777814178684,0.16658256367841373,0.1648189209164819,0.26058054509195655,-0.11598978041509,0.03246189665811261,-0.0015817258006614043,-0.001999913047258828,0.0004862228601833496
765,0.14963994999278954,0.1489639561204945,0.3187702265372168,-0.09747250312878308,0.07938972804099198,0.14815275876458303,0.14735329966916247,0.3232183908045977,-0.09651535737354389,0.07425123431665592,0.15826021610115085,0.15949851993731498,0.40847058823529414,0.43121357654065856,0.09566162483472285,0.16776181631904302,0.16633292704161587,0.26973684210526316,-0.1290196359354655,0.02928941422871545,-0.001487191228206508,-0.0016106564513320432,0.004448164267380872
766,0.1512616889718242,0.1503601833660773,0.325154781013529,-0.11287739999947621,0.07596879813077151,0.14981018111780525,0.14900676708142327,0.3277119416590702,-0.11168640312396061,0.07020187829962843,0.1618335613765271,0.1621480026195154,0.42254833449802004,0.4239691886030961,0.090492892520317,0.16961174870628384,0.16847849814450994,0.2763961605584642,-0.13697380723528974,0.028338312117997422,-0.0014515078540189574,-0.0013534162846540188,0.002557160645541179
767,0.1506624450086042,0.14884468380820015,0.31921093925128896,-0.12014578053934177,0.0730999389422714,0.1492830926999185,0.14749826268241834,0.3208137715179969,-0.11548882005678573,0.07057658967635605,0.1641204706847752,0.16526233495482975,0.4234717685487634,0.4596393308194781,0.10989878240353823,0.1684921161487476,0.167043085476025,0.2706992706992707,-0.13987833188951515,0.030833838738187902,-0.0013793523086857162,-0.001346421125781816,0.001602832266707932
768,0.14623754420918447,0.1437359209842315,0.3064516129032258,-0.09766817064269662,0.07243031312680592,0.14483101274056773,0.1422197192860856,0.30998644374152734,-0.09614189962782183,0.06733556659971518,0.1565957168353016,0.15746837636458152,0.40009208103130756,0.40800898222848037,0.08474261723394172,0.16408601545674334,0.16314330272049904,0.2613562970936491,-0.125244338613425,0.02084600454001262,-0.0014065314686167452,-0.001516201698145897,0.003534830838301528
769,0.147047218106898,0.14461859071766595,0.30356737105203363,-0.09237614219565304,0.07506569249503303,0.14555934574301313,0.143142447792298,0.3066696710229833,-0.09011249615381722,0.06722153026755795,0.15956432530659237,0.1601615074024226,0.40512820512820513,0.44853348314237323,0.09859817917745839,0.16562401755723868,0.16280988147440628,0.2547784535186794,-0.1354953436620091,0.032028802436183,-0.0014878723638848679,-0.0014761429253679348,0.0031022999709496846
770,0.1490333383076393,0.14650619101220885,0.3211111111111111,-0.08237518910741304,0.07660787893237353,0.14779173741158258,0.14490432072040868,0.3234250221827862,-0.07719242594309694,0.07494210867084106,0.16227278810108428,0.16265477530522124,0.42282633116153673,0.42942023327314427,0.08681072178426019,0.1669579632620833,0.16451640834704304,0.27479778629203916,-0.12160948709189401,0.03538006495944401,-0.0012416008960567104,-0.0016018702918001726,0.0023139110716750566
771,0.14717982815004158,0.1450896743862093,0.31824512534818944,-0.09332006020378814,0.07953590790305476,0.14567662397913406,0.1437402054675257,0.32038834951456313,-0.08860682712943291,0.07567077198983929,0.16002220756403188,0.16041267630158454,0.41752701080432175,0.43372308801623805,0.1102422654358215,0.16530478965029502,0.1627198328399791,0.27176314626601855,-0.11952177019738741,0.03272481739855715,-0.0015032041709075183,-0.001349468918683594,0.0021432241663736917
772,0.14897252359166793,0.14775485436893204,0.32715477293790546,-0.10169466029570273,0.0770493916460907,0.14775768935070022,0.1457610957004161,0.32888070013818516,-0.10367352027929277,0.07146980186714225,0.16185612966057575,0.16262135922330098,0.42483349191246433,0.40056035522949957,0.10108454761694508,0.16752320707918616,0.16647884882108183,0.2790748898678414,-0.13668548996894958,0.02897907970438196,-0.001214834240967716,-0.001993758668515949,0.0017259272002796977
773,0.14953270011025493,0.14732356394312301,0.3322791958436865,-0.10345479738326446,0.07038645340675442,0.1482461132599528,0.14601904596251686,0.3349120433017591,-0.10031761131290085,0.06890274058154733,0.16321802931952376,0.16415184589294254,0.43683839096683136,0.4479406400027012,0.10769123301196415,0.16675414302690872,0.16432578162369005,0.28122289679098006,-0.12315000549025001,0.031174043026278353,-0.0012865868503021405,-0.0013045179806061569,0.002632847458072629
774,0.15091693408679288,0.14959265037268157,0.31164152217968927,-0.1026305200758385,0.0741147820444239,0.1497618767817583,0.1470792165019934,0.31370353784146887,-0.09702570533953359,0.06884795557736711,0.16303789665264204,0.1643265730629225,0.41203919738684086,0.42280400975742716,0.10676910614017643,0.169726058759239,0.16779337840180275,0.2640534137411157,-0.13030248201820638,0.03155882419060463,-0.001155057305034568,-0.00251343387068817,0.0020620156617796037
775,0.15036551555185448,0.14895459071035885,0.3228803716608595,-0.08453465345153166,0.08116745123533498,0.149021209797111,0.1469633349205662,0.3233117483811286,-0.08783003956215207,0.07709706402690153,0.16278426153146855,0.1633262629323406,0.4182033096926714,0.46411597228967244,0.09723476916336149,0.16859016078545766,0.16700575732652267,0.27218278615794145,-0.10366769063524162,0.037678577376809796,-0.00134430575474348,-0.0019912557897926453,0.00043137672026910545
776,0.14510849967237083,0.1425777855032157,0.3041570438799076,-0.10468523310958577,0.07684799730465386,0.14379028193718085,0.1413175734399444,0.3086135421464763,-0.10437352593677984,0.07427666204791417,0.15724312454862488,0.15743959673213975,0.41064638783269963,0.42947812239568656,0.10298990574817368,0.16321605561717095,0.1610464105683991,0.26037985865724383,-0.12969013314634226,0.034420965568449424,-0.0013182177351899749,-0.0012602120632713154,0.004456498266568687
777,0.14860131661256154,0.1474770244494538,0.3229636665875089,-0.08510966994788649,0.0867419770809491,0.14699722388782172,0.1457863707300156,0.32614363593268547,-0.0863160007720517,0.08500731139089912,0.15952343785790904,0.15909485000867002,0.42784380305602715,0.42712920285659134,0.10582329967149873,0.1667820822374031,0.16477371250216752,0.2688753662384494,-0.10047712796757391,0.03773767133703765,-0.0016040927247398251,-0.0016906537194381899,0.0031799693451765587
778,0.14520168686006107,0.14406633269994817,0.3099005424954792,-0.09735356661126049,0.07539883380894619,0.1439158245714519,0.14294351356020038,0.3143888137122237,-0.09399488593122196,0.07329036530198452,0.15700581035737782,0.15745379167386422,0.40941776849918815,0.3854134682294767,0.09922452793761205,0.1627920771624586,0.16112454655380895,0.2623762376237624,-0.11913553139943311,0.028590832954399015,-0.001285862288609163,-0.0011228191397477938,0.004488271216744499
779,0.147891002161966,0.1459175248772433,0.30824959102594063,-0.09965063508299732,0.07548812580165898,0.14657868452941522,0.1441793768739408,0.3096126924871675,-0.09597425457406539,0.07397351367463778,0.15999469603981756,0.16047451440490157,0.4066508313539192,0.4058243209916404,0.09041787391086653,0.1663548506777545,0.1643418937122496,0.2590847913862719,-0.12907793720590954,0.036757329982120446,-0.001312317632550769,-0.001738148003302492,0.0013631014612268677
780,0.14611138659100625,0.14547512297044357,0.29749597978405695,-0.08863653398272053,0.07455240486005144,0.14493217315340662,0.14316806686109781,0.29929013052438747,-0.08453524530663514,0.07155727736758832,0.1596344418660424,0.15944804770817916,0.4060434372049103,0.4234835689737487,0.09958311318992052,0.16435767655545627,0.16284333783136726,0.2482394366197183,-0.10808217567831568,0.033690308355735055,-0.0011792134375996355,-0.0023070561093457564,0.0017941507403305135
781,0.1459301065932133,0.1448695652173913,0.3212471131639723,-0.09698170853633092,0.07653479280417552,0.14439163333548014,0.1426086956521739,0.3242619926199262,-0.0935078267561541,0.07524862696693402,0.15797125589599767,0.15769565217391304,0.4214439913648357,0.44057981607733393,0.11104690943682449,0.16366580591202545,0.16195652173913044,0.27266725352112675,-0.12145510307736529,0.030661544609225988,-0.0015384732577331528,-0.0022608695652173993,0.0030148794559539116
782,0.1449575446240498,0.1433518005540166,0.31014904187366926,-0.0918039597116661,0.08197386204045531,0.1434203035134764,0.14231301939058172,0.3140107955878902,-0.1000949520188037,0.07459664841055724,0.1549678812627535,0.15386945983379502,0.4023016063294174,0.4242385806429418,0.09412456684264026,0.16346109788301277,0.16170360110803325,0.2617554858934169,-0.12131786290454893,0.030116389759701434,-0.0015372411105734063,-0.0010387811634348931,0.003861753714220928
783,0.15142296919603992,0.15051564335755624,0.32855159648310966,-0.10650628825730102,0.07194281914155498,0.14983242848082795,0.14938427396544973,0.3311852704257768,-0.10489082150804074,0.06698686921283536,0.16321597364084317,0.1636134197815587,0.43326195574589577,0.41278639486832563,0.09758447312058305,0.1701396359974021,0.1689656672903703,0.27695043342965103,-0.13270464344806787,0.033803552298799056,-0.0015905407152119744,-0.0011313693921065071,0.002633673942667114
784,0.14591152415664246,0.1443738578017579,0.309419115945383,-0.12337962962962956,0.0831660345122972,0.14442649612054353,0.14254634061439386,0.31280276816609,-0.12635538499025345,0.08017535740120307,0.1573794038013092,0.15647028108954833,0.4131821403260099,0.41672149122807023,0.10196457635346079,0.16345179144117053,0.16121312331389784,0.26189949081248615,-0.14679885477582844,0.04129655495697859,-0.0014850280360989287,-0.0018275171873640417,0.0033836522207069675
785,0.14813378989781176,0.1452584152839752,0.31712376123530767,-0.08963729012164845,0.08627318491871017,0.14664753480757822,0.1438721136767318,0.32095369096744614,-0.08654697112197218,0.08139250628196837,0.15821626181932905,0.15782177359961877,0.4179733208518605,0.4293895218859372,0.1002786105719694,0.16497488549635245,0.16280379500064984,0.26996699669966995,-0.11503260919841496,0.04255928060702263,-0.0014862550902335347,-0.001386301607243401,0.0038299297321384707
786,0.1466719152028654,0.14568158168574402,0.31614091641722314,-0.11148515603949183,0.07324517415981291,0.14528404692330368,0.14399063475546306,0.31685444929868933,-0.10371599914328555,0.07195941920089277,0.15747688650688443,0.1571279916753382,0.41252699784017277,0.4112419596653286,0.1109606529548014,0.16422859301466233,0.16246097814776275,0.26790041859440406,-0.13562170527639406,0.031243845501757517,-0.0013878682795617214,-0.001690946930280962,0.0007135328814661945
787,0.1489564372217702,0.14714949416004516,0.3047977422389464,-0.07907067076589736,0.08651246948583968,0.14768902818762542,0.1460640006947158,0.309146056929538,-0.07456823179753547,0.07918746954795242,0.16052436003446835,0.15995831705093136,0.4130850047755492,0.4269972524809157,0.10030070466303931,0.16743327337619365,0.16534236463896487,0.2589766606822262,-0.11411726180450488,0.04256246985851564,-0.0012674090341447952,-0.0010854934653293513,0.004348314690591604
788,0.1489382610450852,0.14797874194110472,0.31683394160583944,-0.10404433922718914,0.06727364256615775,0.14765675314274565,0.14614915490503572,0.31772727272727275,-0.0984768841010959,0.06384826368953578,0.1607919158419271,0.16069872800139398,0.4152823920265781,0.4480170829477261,0.10366829313026504,0.1673163187521748,0.165446941975954,0.2698894428788207,-0.13399164029681054,0.018247907394507323,-0.0012815079023395515,-0.0018295870360690025,0.0008933311214333051
789,0.14837401238482203,0.14656779844759552,0.3117689185963237,-0.09101213358447435,0.07814088354875826,0.14696578865561336,0.14483326828845236,0.31366016182770107,-0.08946835709503831,0.07529128037442667,0.15796176012390903,0.15762542821213305,0.4055099081681972,0.40613438122268447,0.08932009600190527,0.16750061936526345,0.16668834829365595,0.2640996602491506,-0.13238124349046776,0.028601628364224196,-0.0014082237292086797,-0.001734530159143155,0.0018912432313773486
790,0.14883540674115486,0.1463552049926324,0.3033348560986752,-0.12087218499479224,0.05883595746814385,0.14747054165024226,0.14527173441969315,0.3070776255707763,-0.11376837601986856,0.05840511320114572,0.1614733859093929,0.16091704949293578,0.40747752011358257,0.39089062596171603,0.09158012175999852,0.16750121237419402,0.1641674612117535,0.2558293004839419,-0.13925264124685555,0.02264503904030435,-0.0013648650909126037,-0.0010834705729392546,0.0037427694721010596
791,0.14676591978659864,0.14418483453487363,0.31477111845210004,-0.09312490953828334,0.09064975297580158,0.14537739561310686,0.14249109702075916,0.3176802066212726,-0.08845501726526483,0.08612930976097377,0.15927875339631406,0.15934161382784678,0.415311004784689,0.45838450881872506,0.10313478661675446,0.16467646903668454,0.16272908885607573,0.2665921787709497,-0.12127452804830141,0.039633322408459626,-0.0013885241734917786,-0.001693737514114474,0.002909088169172569
792,0.145746662201939,0.14451017922394294,0.318931475029036,-0.08303312027890764,0.06625227591596161,0.14415153197954275,0.14277014094310075,0.3220338983050847,-0.08236624502748846,0.06581817572339843,0.15767612281732157,0.15712545676004872,0.4212951734174145,0.43002726500692795,0.10575539343921514,0.1642083986815091,0.1626935792587437,0.2680917390336228,-0.12169504909191142,0.02588095800758161,-0.0015951302223962405,-0.0017400382808421822,0.0031024232760487047
793,0.1496070481778031,0.14812072644919647,0.31512128768986625,-0.09968000481195771,0.08067258619888895,0.14822339716430852,0.1461608814947084,0.31904332129963897,-0.10133652125531944,0.07624321052758443,0.16114661021869744,0.16101215103871783,0.41246498599439774,0.42967496729372495,0.10745976287773096,0.1678860366897246,0.16545446626889074,0.2652708827973235,-0.12605848032360423,0.0338477576736691,-0.00138365101349458,-0.0019598449544880603,0.003922033609772724
794,0.14829051884655983,0.1463404033379694,0.31736387006309885,-0.09512897830751288,0.08201989013549205,0.14718161400034524,0.14573191933240612,0.32364566379911647,-0.09212032810244031,0.07728383348724843,0.16104483903558842,0.1609874826147427,0.4188257665795103,0.4049852397977613,0.09751971189338038,0.16681369017130637,0.16498609179415855,0.2709577527095775,-0.12582159042427365,0.02992326700481207,-0.0011089048462145923,-0.0006084840055632923,0.006281793736017616
795,0.1475011211197848,0.1454711008975415,0.32009132420091324,-0.09042468366974865,0.07212397509215684,0.1462018049607938,0.14386679963578025,0.3211762024162298,-0.09139602898300747,0.07063186847759284,0.16061761659918794,0.16147075402159303,0.4282336249704422,0.437918022691958,0.1043108463491822,0.16575478290201082,0.16385552616745436,0.2721073471183458,-0.11878463821926077,0.03673973251820872,-0.0012993161589910096,-0.001604301261761254,0.0010848782153165537
796,0.1519414644813074,0.15008191773734586,0.32706681766704415,-0.09353756848097983,0.07851684002542281,0.15059505244208707,0.14840044839182548,0.3281496506648636,-0.09025448666427349,0.07388479456638808,0.1625002685622813,0.16249892213503492,0.4250637016446606,0.4542724599231776,0.09915049707021373,0.16965434943218421,0.16750021557299302,0.2792871114975005,-0.10919437763271989,0.039355001144493196,-0.0013464120392203405,-0.001681469345520381,0.0010828329978194717
797,0.14986197026859355,0.1473697950659183,0.3147473827947201,-0.08779482974146524,0.08235221041727592,0.14835091527302655,0.14562937823608754,0.31864637746990687,-0.08699524268645387,0.08045157190929475,0.16055833756891055,0.1598137753992081,0.4104803493449782,0.4048308248470374,0.09143303884429632,0.16707625123882672,0.1648174737849715,0.27067994802945,-0.12257379459004425,0.03504742977419273,-0.0015110549955670016,-0.0017404168298307543,0.0038989946751867843
798,0.15188172291363544,0.15166782487838776,0.3188576823223979,-0.10195305308319969,0.0855643655120576,0.15030522017302414,0.1497133425990271,0.32482435597189696,-0.10069512435002259,0.07843039870584767,0.16138105521769572,0.1603544127866574,0.41746411483253587,0.3861223322542514,0.09788667181369293,0.1711467978015153,0.16895413481584434,0.26887003126395714,-0.12794473974418386,0.03346478974549394,-0.001576502740611302,-0.001954482279360653,0.0059666736494990436
799,0.14924019118267068,0.14825429911412194,0.32194686313909354,-0.09371736038598011,0.07106638687490452,0.14793196619292584,0.14647385791210701,0.32427011366168934,-0.08458067490717736,0.06938649248427287,0.16048639236173853,0.16054368594754212,0.41699196326062,0.4135517828980455,0.0971047499296932,0.16706270004117452,0.1653204794163627,0.27631859918855434,-0.12606600360339248,0.028229079913800526,-0.0013082249897448384,-0.0017804412020149263,0.002323250522595799
800,0.14593334408729852,0.14459915246908242,0.31209302325581395,-0.07550470664718967,0.07135697768680216,0.14459493268868245,0.14239384242843553,0.3155216284987277,-0.07115153601971547,0.0663884292283522,0.15956776166029368,0.15925797803338235,0.41201923076923075,0.4716567746301591,0.10160031612954146,0.16499789276186888,0.1618524604341434,0.26223698781838317,-0.10836418844206785,0.024911850792595502,-0.0013384113986160684,-0.0022053100406468906,0.0034286052429137737
801,0.15067338105150146,0.14940982468321473,0.3067702552719201,-0.10885934894605909,0.06626988596920547,0.14942118783639677,0.1476740149279639,0.31023029229406557,-0.10304452907484474,0.06396156188541435,0.16190781936257545,0.1619944454087832,0.4072188801480796,0.4156718358608507,0.10467200481773187,0.1689977949007253,0.1674622461378233,0.257051282051282,-0.12282691473914309,0.02954654827252734,-0.0012521932151046966,-0.001735809755250839,0.003460037022145479
802,0.1512376026479341,0.14923237054384594,0.3304490177736202,-0.08055178805853813,0.0809851177413935,0.14982180388211505,0.14715066354410616,0.3352749301025163,-0.07905050677023351,0.07753820272017242,0.16247976584027776,0.16193945702142423,0.4271867612293144,0.4182915977796856,0.090894998427404,0.16942987772581908,0.16701361783328997,0.2838623156012517,-0.10240992140490124,0.03832954435378266,-0.001415798765819043,-0.0020817069997397797,0.00482591232889612
803,0.14917841500194715,0.1470716402300854,0.3279811097992916,-0.06175380917817275,0.08233209458700907,0.14777370777768667,0.1451978385915984,0.3297449098993681,-0.06239067701185097,0.074085864765432,0.16043903141892102,0.15983963744117136,0.4193853427895981,0.43354834621200433,0.08341712482669017,0.1676110188494608,0.16602754052640753,0.2810472141418662,-0.0944255031131197,0.031552679369929115,-0.0014047072242604763,-0.0018738016384869938,0.0017638001000764847
804,0.15100251013255303,0.1494123259747582,0.31566713156671317,-0.10764657720269655,0.0810440804189716,0.14960715626649754,0.1475473825736219,0.31726535341830825,-0.10577246756478953,0.07825595187601109,0.16236125761660658,0.1623801882291712,0.42430703624733473,0.4203950701412381,0.09841626595587938,0.16964049061668127,0.16758468144164462,0.26733780760626397,-0.11898791381254004,0.045012880786866605,-0.0013953538660554932,-0.0018649434011362986,0.001598221851595083
805,0.1475329096668243,0.1460307799321798,0.3194149563576315,-0.07594241940650182,0.08852758773493385,0.14620318669215546,0.14511781584210068,0.3244830827067669,-0.0773012469324651,0.08486157359944824,0.1581224589025621,0.15859490479088775,0.42253861003861004,0.4264596747902344,0.10901413731558851,0.16541813880928075,0.16298582731936354,0.2721561588512452,-0.10536977541345516,0.041516347644589335,-0.001329722974668851,-0.0009129640900791269,0.005068126349135393
806,0.1522724618734336,0.15059007969341984,0.32292888993194085,-0.10677352369932647,0.07535811831706185,0.15071159056819824,0.14910943692026304,0.3258636788048553,-0.10246032893921231,0.0703626220362622,0.16112546908234326,0.16051909593694202,0.4171021377672209,0.4063877467388459,0.08643508833100877,0.17074871131016897,0.16909811435788008,0.2739695340501792,-0.13086284557213101,0.031267433751743345,-0.0015608713052353562,-0.0014806427731567928,0.002934788872914429
807,0.14902868203324154,0.147316776658562,0.31828922495274103,-0.06800488438055863,0.09243411631792053,0.1477654993507021,0.14597082320250088,0.3205909943714822,-0.06343171962886396,0.0855488935009433,0.15953186885033296,0.15964744703021883,0.41337167505391803,0.4425589538964473,0.10512874588672239,0.1675220781327489,0.16581278221604723,0.26984834968777877,-0.09258316427094848,0.03821298663422412,-0.0012631826825394432,-0.0013459534560611164,0.002301769418741162
808,0.14775216960181028,0.14567665087162543,0.31069767441860463,-0.10267477044625173,0.07862963190369832,0.1464118681131187,0.14398121984089032,0.3153757225433526,-0.09696066924109858,0.07325228253650573,0.15979784546364525,0.15980524279441813,0.4180777486286668,0.43531520681808905,0.1016446871952823,0.16605379475941692,0.16397861148545842,0.2647648763093381,-0.12549482330200867,0.038407058637098035,-0.0013403014886915754,-0.0016954310307351061,0.00467804812474798
809,0.1456240376242894,0.1446264829863978,0.3077638307763831,-0.08736446094394201,0.06888893784887529,0.1444535281927374,0.14288818391204205,0.310760667903525,-0.0839828294113093,0.06672234546957234,0.1567642703497534,0.15644691669201685,0.40867248062015504,0.43165280410571394,0.10658764524874409,0.16454059035203936,0.16322628308200426,0.26295968099246786,-0.11836804122759481,0.022957179407655626,-0.0011705094315520026,-0.0017382990743557425,0.002996837127141938
810,0.14809393640025584,0.14787261811537458,0.31641721234798875,-0.08007216349541935,0.08282964366536427,0.14658803519061786,0.14578439049856434,0.31853057428505,-0.08312558139534876,0.07744716539245822,0.15907635113017635,0.15918385103976335,0.41533698499642774,0.4106193093727978,0.099407676745915,0.16626893648219226,0.16301226833724877,0.2649402390438247,-0.10100972515856244,0.030727253983633407,-0.0015059012096379776,-0.00208822761681024,0.002113361937061242
811,0.1536186301433671,0.15206353339408932,0.316755751801069,-0.1043812644855674,0.07584019898659233,0.15233034483594554,0.14993707416569024,0.3186127167630058,-0.1028160637663399,0.07110233468534866,0.16417791300323326,0.16469209738315324,0.42881274131274133,0.4373762482412768,0.11008203643648884,0.17220346013352292,0.17050731241591807,0.2717198581560284,-0.12328113758730264,0.03083048812477851,-0.0012882853074215606,-0.0021264592283990746,0.001856964961936769
812,0.15227569010405775,0.15043633048235142,0.3304387568555759,-0.10923250647453764,0.07266039015898218,0.15095563059083014,0.14930751530412886,0.3334091943559399,-0.10402423706831299,0.0688213094049479,0.16438767177471864,0.16480701602049233,0.4236533957845433,0.42554509957207787,0.09526831015496184,0.17029937233735687,0.1683671254287327,0.27730356752024515,-0.1274990582061637,0.031496913185170006,-0.0013200595132276116,-0.001128815178222553,0.0029704375003640204
813,0.14757775324412056,0.1455817186549657,0.3018470890811316,-0.0767564979151717,0.07690444216469605,0.14615831999546602,0.14458250065166392,0.30549756437021575,-0.07621521617922855,0.06955384407287524,0.15680947981866758,0.15657311669128507,0.3985053037608486,0.4127553347863551,0.10479347610131051,0.16628388375540792,0.1647840820227648,0.25382737963168406,-0.10989433134765547,0.027179808014143214,-0.0014194332486545391,-0.0009992180033017717,0.003650475289084132
814,0.1497646022264191,0.1479873203352295,0.31213872832369943,-0.10285712662989399,0.08928029665458148,0.14844791584755448,0.14620695644621998,0.3168705285021925,-0.09847664166132142,0.08758164617211361,0.1604685355890699,0.16031959702983195,0.413094677343382,0.4609943236576503,0.10605447016895186,0.1680749606884019,0.16583438273481263,0.2664756446991404,-0.11881179824438415,0.04426605886918211,-0.0013166863788646177,-0.001780363889009512,0.004731800178493062
815,0.14951111191353889,0.14814814814814814,0.3203230148048452,-0.0968014712026326,0.06329593874705819,0.14805576231524778,0.14602307225258046,0.3223933913820049,-0.09704204567499997,0.05884620014364539,0.1601632950371759,0.15955416775088907,0.41249126077837334,0.41444180691700655,0.09868195525991141,0.1677531288926245,0.16697024893746204,0.27657735522904064,-0.11287418558166196,0.02727424529086009,-0.0014553495982911058,-0.0021250758955676796,0.002070376577159694
816,0.14767036519060145,0.1462051637497834,0.3144283121597096,-0.1025608406640397,0.07369087806368435,0.14639356065504266,0.14516548258534048,0.3180379746835443,-0.09487492679065912,0.07030118630328008,0.1597175154329993,0.15954773869346733,0.41796322489391796,0.4127137209909726,0.1088589300778795,0.16581021566039778,0.16387974354531276,0.26707132018209406,-0.12297380554752946,0.030260452383503722,-0.0012768045355587843,-0.0010396811644429182,0.003609662523834656
817,0.14605962505648865,0.143593743229776,0.30749474667289284,-0.10820901376450864,0.08237875770765024,0.14481640949389413,0.1411239655097708,0.30937427308676435,-0.10481084517082262,0.07894057524276221,0.1578198339407967,0.15750249144243686,0.4146341463414634,0.42128048245041694,0.09527194195098054,0.16401994044879784,0.1612721521729711,0.2628888888888889,-0.1216754334836121,0.03574840802760604,-0.0012432155625945185,-0.0024697777200052007,0.0018795264138715129
818,0.14986099248888693,0.14946681175190424,0.3151996264300724,-0.10137730749255558,0.07221402623389228,0.14838663569052224,0.14668117519042437,0.31517690875232773,-0.09336876645093384,0.06939451982026612,0.1582589773217119,0.15917301414581067,0.4045856221638405,0.430783488881023,0.09303499667297832,0.1692040554799961,0.16696409140369967,0.26610017889087656,-0.13633456842556768,0.03122274068194153,-0.00147435679836469,-0.0027856365614798706,-2.2717677744643616e-05
819,0.1496862973451641,0.14819492226625441,0.31784728610855567,-0.11596574003564164,0.07548678768970252,0.14815850348854856,0.14658363454252493,0.32135500114442667,-0.11405412195102804,0.07099300501945294,0.1587270722797656,0.15855942167835213,0.41612301957129544,0.42728196955542125,0.08747020814370177,0.16798860452473743,0.16679005356442975,0.2689852520360995,-0.14203086851050806,0.03375880575166956,-0.001527793856615528,-0.001611287723729482,0.003507715035870995
820,0.14703845490701095,0.1447801246537396,0.29743705035971224,-0.10870180362801674,0.07309543806383212,0.14557476242749467,0.1442174515235457,0.3022212250392641,-0.10518920221810857,0.07120068304489646,0.15663496825867507,0.15607686980609417,0.3920612813370474,0.3802149844602795,0.10256940502505474,0.16518461654394503,0.16282894736842105,0.2522561237645036,-0.13020112934577754,0.02972660096374735,-0.0014636924795162765,-0.000562673130193897,0.004784174679551834
821,0.1514829742352913,0.1493662063858518,0.31491329479768787,-0.09782659975161867,0.07959038066046986,0.1503553687170995,0.14775449753887704,0.3155339805825243,-0.09529019046817577,0.07937624223530881,0.163746496220942,0.1648734590756632,0.4106472795497186,0.41695355473441814,0.09265282459529622,0.169837852730282,0.1679661976739121,0.26606514084507044,-0.12506694054914202,0.03269406555019183,-0.0011276055181917988,-0.0016117088469747576,0.0006206857848364278
822,0.1509374995599421,0.15006524575902566,0.3195497358143809,-0.08574076423239918,0.07406190425814041,0.14942730957790148,0.14832535885167464,0.3220922229869236,-0.06752830068929827,0.0727780325248697,0.16241351167456528,0.16185297955632885,0.42067820725634336,0.45300977085006566,0.10316299687894104,0.1702279330029638,0.16911700739451935,0.2683248954435395,-0.11585868850404168,0.03340596603790402,-0.0015101899820406106,-0.0017398869073510237,0.0025424871725426845
823,0.15078995194899583,0.14934330694963904,0.32562929061784895,-0.08988305908405958,0.0810444044886881,0.14938159027227996,0.14821257719405062,0.33090412206786607,-0.09285690497810095,0.07658811949694733,0.16213309088337285,0.16182482386709576,0.4280046674445741,0.4287227449035257,0.09908174850287732,0.16842416530628004,0.1657823780116552,0.27641036811152253,-0.12249191811218185,0.03414731005179639,-0.0014083616767158746,-0.0011307297555884221,0.0052748314500171145
824,0.14923095425460386,0.14670892671066343,0.30975954738330974,-0.0817791736808754,0.09313060447569954,0.14782553107234672,0.14558006252170894,0.3152582159624413,-0.08003339235868201,0.08926659885145594,0.1620043043160029,0.16142757902049323,0.42312248282397535,0.40610188270684994,0.09763861103731697,0.16766997183975355,0.16516151441472735,0.2613610671489939,-0.11093097865356316,0.05427588125413951,-0.0014054231822571428,-0.0011288641889544981,0.00549866857913156
825,0.14958350126962255,0.14747606614447345,0.31004762984803813,-0.10369518048523907,0.07532876875155037,0.1480944947905343,0.14612706701479547,0.3146346980321194,-0.0981874767133496,0.07278698451209908,0.1609630285197116,0.16048738033072238,0.4103329506314581,0.42055508069052683,0.0867667978290807,0.16772701326615166,0.1658833768494343,0.2637149028077754,-0.1339725747181859,0.028517575674990914,-0.0014890064790882562,-0.0013489991296779802,0.004587068184081278
826,0.14800853489098356,0.1457493388823861,0.3155394707079846,-0.0942923469218403,0.07161939041021359,0.14661024466517675,0.14405861186977068,0.3175033921302578,-0.08933461441801138,0.0714075981873894,0.16020839750752822,0.1609658819959249,0.4077940153096729,0.40805811943723946,0.0949165349208716,0.16641827753111002,0.16508431959075737,0.26689699848844745,-0.12654657782055967,0.027143023617139272,-0.0013982902258068142,-0.0016907270126154117,0.001963921422273196
827,0.1462397788830757,0.14444299900264515,0.3091655266757866,-0.09900920158633819,0.06969663602178322,0.14506171895725223,0.14262174233554487,0.3119891008174387,-0.10041050624930026,0.06585633515314282,0.15880735142268934,0.15940332162525475,0.41513487705896396,0.4050151297296979,0.11172659552857023,0.16440009772571768,0.1631325614674125,0.26443569553805774,-0.13057280832532892,0.030013527045832156,-0.0011780599258234825,-0.001821256667100285,0.0028235741416520743
828,0.14891195055416148,0.14674970805760998,0.3150224215246637,-0.11365803375853634,0.07228319327581356,0.14761649127990406,0.1449331776307253,0.3184870188003581,-0.10678423386475844,0.07060157937855649,0.16006847103969518,0.15898966307685652,0.4103979756153669,0.373693043076546,0.09603598957456994,0.16684067501868965,0.1645690065308594,0.2690496575342466,-0.14996613775569534,0.027720424998500803,-0.0012954592742574211,-0.0018165304268846771,0.0034645972756944254
829,0.1476877732923298,0.1442399513846688,0.3116670563479074,-0.10034088954692622,0.0873958022201865,0.14620643992662297,0.14293775501345604,0.31440539911566207,-0.0984480972998033,0.0831087380960207,0.15896953802139707,0.15817345255664556,0.41757979990471655,0.42461265525569986,0.10432970551064147,0.16514989618894416,0.16238388749023352,0.2639696021457309,-0.11661656609163173,0.04516822059715331,-0.0014813333657068273,-0.0013021963712127604,0.0027383427677546424
830,0.1467353651917034,0.14513674507587287,0.30888119953863896,-0.09963222650739911,0.06963591346447495,0.14530235306404113,0.14378886038523414,0.3120534685411385,-0.10006799855020165,0.06877450793343887,0.15785895825873544,0.15744162789686508,0.4151764137264379,0.38799763878302534,0.11206013586800323,0.1649461201877785,0.16274620635679812,0.2621639635636525,-0.12971320474004888,0.03388758392647662,-0.001433012127662281,-0.0013478846906387343,0.0031722690024995615
831,0.14814316676001477,0.14743005855562785,0.3183692166743014,-0.10438967477162953,0.0834383046147752,0.14663673088138476,0.14500108436347864,0.3199726713732635,-0.10514907219155756,0.07814344103114157,0.1585968872911007,0.15831706788115377,0.40938511326860844,0.3858364083207405,0.09191008634858899,0.16644419057472604,0.16512687052700065,0.26992793186285213,-0.1262550309794893,0.038326066882216625,-0.0015064358786300025,-0.0024289741921492136,0.0016034546989621146
832,0.14783267123203175,0.1470345426895503,0.32028388278388276,-0.0845080982182097,0.06726395419459408,0.14644581559429376,0.1456006951987834,0.32351598173515983,-0.0826810922564658,0.06468974444942643,0.15794764619817303,0.15833152291983488,0.4120413922859831,0.43465816874425345,0.09214798173121463,0.16567690130153154,0.1626765153160982,0.2739396589418452,-0.10829477075715666,0.02307335356921625,-0.0013868556377379937,-0.0014338474907668874,0.0032320989512770737
833,0.1417053797858002,0.1391104560430033,0.30787199252511094,-0.07577840742362651,0.0900114625636631,0.14015912860163546,0.13676955089301196,0.3099442379182156,-0.07877861693923172,0.08509673759331104,0.15299255459786754,0.15250563551239812,0.41097503532736696,0.4321972731798744,0.09749039186637276,0.1588465481086665,0.1563204439049766,0.2623278542869836,-0.1053900961763552,0.04278736610941036,-0.0015462511841647375,-0.002340905149991329,0.002072245393104688
834,0.15016709151321714,0.14802802283341981,0.31955922865013775,-0.11349717868373677,0.08406932232446196,0.14878075723130976,0.14599550250821658,0.3208972304875258,-0.10783248766440046,0.08131503505072712,0.16115268909609856,0.16177996886351842,0.4233747946491434,0.4558971595243601,0.10419680624790928,0.1675374537974846,0.16532606815429857,0.27245119305856835,-0.1417657326423819,0.030254786360718655,-0.0013863342819073754,-0.0020325203252032353,0.0013380018373880254
835,0.1458345106358469,0.143954851313219,0.30937129300118626,-0.05523855165829761,0.08186031652530257,0.14457636699737728,0.14260907314955504,0.3146040777619725,-0.05309548949536391,0.0812074537547035,0.15754137882860372,0.15836770132407207,0.42058823529411765,0.4690821041697784,0.11123914120226386,0.16491475826822827,0.16340351638810505,0.26433915211970077,-0.09068659888710895,0.03920661551282567,-0.0012581436384696276,-0.0013457781636639632,0.005232784760786258
836,0.1471994027370121,0.14628235090452696,0.32935951379149137,-0.09314090240607809,0.09174700500350108,0.14596931456601883,0.14424824720851726,0.3313966999767604,-0.08415971674757616,0.08641186559534597,0.16017884509118585,0.15974205833982516,0.42371280113367976,0.3645118459814945,0.10113685036185405,0.16518233124901865,0.16398338094001558,0.2790594498669033,-0.12360252456099097,0.04266372244847405,-0.0012300881709932654,-0.0020341036960097036,0.0020371861852690465
837,0.1485271634409698,0.14698253501642747,0.3238986532755079,-0.1061833432982181,0.06794576864376123,0.14708153721345274,0.14508040809268546,0.3253066787823716,-0.10526357561231126,0.06345931281442307,0.1607375377978655,0.16047034411205258,0.42055634134842057,0.39417336430384264,0.09764183341890498,0.1665513139473327,0.16587411378177416,0.27535596933187295,-0.1345643052535226,0.028635869948607118,-0.0014456262275170662,-0.0019021269237420035,0.0014080255068637526
838,0.14718625549269773,0.14519276638188994,0.3149082568807339,-0.0965334078385891,0.08263639362871034,0.1460014902925801,0.14415195802072944,0.31824417009602196,-0.0910898214801511,0.07966659934997555,0.15916881467802818,0.15946051433279848,0.41754385964912283,0.40529706550261424,0.10066728746388576,0.16489610009956973,0.16223600329589313,0.2671337858550471,-0.12582582229528283,0.03872586393598909,-0.0011847652001176212,-0.0010408083611604946,0.0033359132152880333
839,0.14823075009522263,0.14703971588202175,0.32815398886827457,-0.0857787359644211,0.08593728670106748,0.1471166485590425,0.14552384252241327,0.3303344867358708,-0.0825358069824943,0.08103361995982195,0.1619638409888031,0.1624150028151934,0.4273242095327985,0.41728104302611346,0.10171430143377069,0.16632823020464682,0.16414742951188876,0.275778317509384,-0.11895072180840016,0.03967225701192445,-0.0011141015361801343,-0.0015158733596084828,0.0021804978675962206
840,0.1480868479495318,0.1466041340976203,0.31490439990785535,-0.08397657737106035,0.08031701822685211,0.14663420763864546,0.14486711829077645,0.3182859761686526,-0.08385151953964243,0.07541183655075656,0.15996251248846252,0.1597620288344624,0.41232227488151657,0.44353057813602176,0.10612253921848547,0.16592464676901897,0.16349661281917666,0.26846373000219154,-0.11315374555512314,0.03297135161410336,-0.0014526403108863495,-0.0017370158068438502,0.00338157626079727
841,0.14632463635010032,0.14495652173913043,0.3102893890675241,-0.09842451863824397,0.0823785151982872,0.14492597618834055,0.1433913043478261,0.31248573385071904,-0.0932261932013938,0.07664007373710624,0.15735314113158858,0.15669565217391304,0.4021276595744681,0.43012103701751103,0.10873283894593322,0.16378594817998313,0.1611304347826087,0.26013440277476696,-0.12819241058938058,0.027331984144736143,-0.0013986601617597683,-0.00156521739130433,0.0021963447831949146
842,0.1484311863029323,0.14687134122544557,0.32606199770378874,-0.09488895268309971,0.08303997298036336,0.14676346042568256,0.1453536273361953,0.3273850377487989,-0.08756387916225605,0.07964431919516624,0.15862501824992262,0.15680152638654005,0.4109652153881594,0.4238666941090907,0.08601117004241077,0.16631779951353,0.1639564632930055,0.2734873487348735,-0.11789661260181716,0.04271658428114844,-0.0016677258772497539,-0.0015177138892502606,0.0013230400450101598
843,0.14678639938993604,0.14403721577322726,0.3083680073971336,-0.09366640032769802,0.08126852209184976,0.14555599971199548,0.14181992087300552,0.31091662828189776,-0.08611956765431228,0.07784918419566789,0.15813790476367084,0.15821051258640928,0.4131566493137719,0.39655919833094244,0.102639383942986,0.16508279277125149,0.16434068083996348,0.26506290002207017,-0.10624740474027172,0.03745825529702029,-0.001230399677940558,-0.002217294900221739,0.0025486208847641523
844,0.15032084839066226,0.14860640791872884,0.3225128444652032,-0.10249433859476642,0.08019976277142238,0.1488701487868643,0.14812885299991319,0.324669296820608,-0.09284412520452068,0.0743838023229848,0.15878396822786275,0.15906920204914474,0.41722169362511896,0.42491175094367,0.09700142628913089,0.16871471213967026,0.16731787791959712,0.27704662056658486,-0.13106253032072168,0.036903168321942514,-0.0014506996037979558,-0.0004775549188156536,0.0021564523554048476
845,0.15133263592544582,0.1488293590686805,0.31651478106245834,-0.09715968123139562,0.07350554066585113,0.1499433126960531,0.14701172804777773,0.3195305580159433,-0.09554516429987692,0.06995715002578395,0.16432817520660273,0.16375989959752457,0.421474358974359,0.38617089273104765,0.10084902148048625,0.16922326977334312,0.1670922231358463,0.27330779054916987,-0.11948436904253723,0.03196849729094742,-0.001389323229392725,-0.0018176310209027657,0.003015776953484983
846,0.1492194704495158,0.14838317107093185,0.31894934333958724,-0.09589942989660827,0.08019376272170553,0.14770380798902197,0.14586230876216968,0.3206534422403734,-0.08643872837955358,0.07565496826734297,0.16146338422613835,0.16268254520166897,0.42394667936205666,0.41710634843946276,0.0938101460847931,0.1681939648885695,0.1672027121001391,0.2741252507243147,-0.13208016233452513,0.03199608827776024,-0.0015156624604938385,-0.0025208623087621673,0.0017040989007861551
847,0.15305418424824732,0.1506265227984685,0.3152550196168936,-0.10701400000788508,0.08350545685419275,0.1515944945312809,0.14897319874695442,0.3164179104477612,-0.10612129322517228,0.07881653380469744,0.16497692552302579,0.1646797772363383,0.42644276253547775,0.4479466054331768,0.10588440777223829,0.17176657415370394,0.16955273233553778,0.2675776945117919,-0.12851330808972572,0.04002635221341855,-0.001459689716966417,-0.0016533240515140823,0.001162890830867569
848,0.1470789226665511,0.14482312338222605,0.3191588785046729,-0.08099153344503063,0.07854152335379694,0.1455870483768961,0.14314063848144953,0.3231877323420074,-0.07510356173010535,0.07337204633011762,0.15746959514976006,0.15724762726488353,0.4134453781512605,0.45539965251111236,0.10331193409226025,0.16522015668792447,0.16194995685936153,0.2688963210702341,-0.11060820472959276,0.03438557377653617,-0.0014918742896549986,-0.0016824849007765208,0.004028853837334534
849,0.14553296200838503,0.14298063623789764,0.3176977113075006,-0.10253823758559888,0.07082336466344918,0.14404265347218606,0.14125172890733056,0.319240334614515,-0.10042616382264558,0.06870313225940972,0.15848829165070372,0.1588865836791148,0.42290542126261443,0.4136477865841871,0.10305089720484883,0.16315196794544523,0.16217150760719226,0.2705061082024433,-0.11803976357426971,0.03456739055437463,-0.0014903085361989699,-0.0017289073305670755,0.0015426233070144346
850,0.15096635945063908,0.1486930933010213,0.31684088269454125,-0.11126995296470499,0.0784090880714381,0.1494735749758689,0.1475679418383244,0.32037037037037036,-0.11425280545164995,0.07518889930947092,0.16197869780036767,0.16228146096589927,0.4150094696969697,0.395014999444465,0.0957981073860602,0.17004204272647608,0.16730136749177774,0.2685840707964602,-0.13239065219806678,0.03225304914991001,-0.0014927844747701646,-0.0011251514626968995,0.0035294876758291127
851,0.15074759244589025,0.14949283879674372,0.32379248658318427,-0.0853324664420746,0.07340653165865196,0.14928914185717854,0.14775151277697968,0.3246492985971944,-0.08243907407636575,0.06941656713256872,0.16232102322102332,0.162073919289539,0.41839762611275966,0.42800629924058164,0.09251636175726152,0.16908207169782585,0.16738496364981933,0.27672285043738,-0.11455482500188008,0.028256933074024992,-0.0014584505887117183,-0.001741326019764039,0.000856812014010111
852,0.150138930339338,0.14873624222386567,0.3186331101362272,-0.0940832682561733,0.07164856640798878,0.14854809961442547,0.14725714534301998,0.3214532076339388,-0.0894267944688597,0.06777519892111394,0.15896634226167497,0.15856788619654588,0.41004283674440745,0.430832697324037,0.09940770006392563,0.16835019163172552,0.1663548962457041,0.27171052631578946,-0.12252867946755319,0.02237072449163613,-0.0015908307249125342,-0.0014790968808456872,0.0028200974977116156
853,0.151393557314412,0.1502475892624446,0.32576278963064925,-0.09591176745490237,0.06983121483977739,0.15012562056503573,0.14877074103031881,0.3299908842297174,-0.09175063090008406,0.06361386893923471,0.16386362521489567,0.1641473373295109,0.4240190249702735,0.3969604635947284,0.10284746548403878,0.16981619649016713,0.16788289462253497,0.2784477088357816,-0.11975324796709974,0.02652418477392804,-0.0012679367493762805,-0.0014768482321257936,0.004228094599068144
854,0.14943938256832576,0.1472312703583062,0.32328953330312643,-0.1068727843769014,0.06293435334243713,0.14821259917938692,0.14514657980456025,0.3228648892905558,-0.10533652489502843,0.06037150834407201,0.1624840140934207,0.16251900108577633,0.41566690190543404,0.4521358069022627,0.09774633123689724,0.16780781854786878,0.16642779587404993,0.2740531127557684,-0.13010414718373786,0.024491678366959646,-0.0012267833889388347,-0.002084690553745938,-0.00042464401257064077
855,0.14652274640960952,0.14462756011653694,0.31348837209302327,-0.09141939330453175,0.08168841242831981,0.14510975214893834,0.143583945732052,0.31785631785631785,-0.0854859657150252,0.07546539793648022,0.158841998579308,0.15915119363395225,0.41708067187130354,0.4336795555497907,0.09735324201122664,0.16473823592640413,0.1632821672392051,0.2661504424778761,-0.11380232712259397,0.03447933697298422,-0.0014129942606711798,-0.0010436143844849421,0.004367945763294578
856,0.14763768871158756,0.14599706364971068,0.3145142319454246,-0.08770457934634024,0.08045291109434305,0.14610516913127877,0.14409707228603508,0.31867103416003745,-0.08606010003728093,0.07548027800063495,0.15781713401714598,0.157612919941273,0.4130800673238759,0.41769083198707596,0.10034344346917545,0.1657933055440633,0.16400379998272735,0.2704035874439462,-0.11342697589163664,0.03526681037325663,-0.0015325195803087832,-0.0018999913636756072,0.0041568022146128425
857,0.14560246518381975,0.14401596321519974,0.3063477460901564,-0.09553924668824354,0.0698801482193967,0.14414480565136897,0.14258447924348241,0.30853742275120166,-0.09374826698414529,0.06537145185942927,0.15857578824062196,0.15924174727801155,0.40767045454545453,0.4070278291373209,0.09650292672587046,0.16440345200981982,0.1611937708758079,0.2557883131201764,-0.12662918239409282,0.029731280633020662,-0.001457659532450778,-0.0014314839717173289,0.002189676661045248
858,0.14553389925241522,0.1445176960444136,0.3032805689378298,-0.10660082663151571,0.07452023088411175,0.14418178480635216,0.14304302567661345,0.3058662405843415,-0.10683514861029042,0.06982268051319351,0.1561803240093831,0.15592470506592643,0.40778786430960345,0.479100673812834,0.11146005880087773,0.16416820516486255,0.16160652324774463,0.2550262237762238,-0.1361575270645804,0.0281853022255093,-0.001352114446063063,-0.0014746703678001627,0.002585671646511689
859,0.1487167344548689,0.14663138258643876,0.3229842446709917,-0.0716491812245672,0.07644597645223716,0.14761832028670174,0.14541668474252745,0.3273356401384083,-0.06791167373113527,0.07236552994391521,0.16283031975443307,0.16237907249143205,0.4281629735525375,0.4224610502683822,0.1020024572148861,0.16709788352706484,0.16511214264023252,0.27750665483584736,-0.10179042762211798,0.03521199068392977,-0.0010984141681671666,-0.0012146978439113165,0.004351395467416641
860,0.14901872438899524,0.1472096662030598,0.3152274837511606,-0.0903319043158175,0.07752654714131002,0.14747673097804861,0.1456884561891516,0.31897742975587284,-0.0927546196952147,0.07021754192942231,0.15851237874195684,0.15672809457579973,0.4087245139876719,0.42238158305606704,0.0968739138786594,0.1668920983843911,0.16437760778859528,0.26596928555530824,-0.11487824124707546,0.03775695995898054,-0.0015419934109466293,-0.001521210013908203,0.0037499460047122346
861,0.14693144838812067,0.14482758620689656,0.30551755585955315,-0.08884177803423343,0.08839430610865262,0.1454395153026327,0.14382997180654955,0.3108231014097317,-0.08239227675575855,0.08587090723686064,0.15683619527090303,0.15666883539362395,0.39925198690977093,0.4182054920358618,0.11110489595478057,0.16408207111435344,0.16282801995228802,0.259700845436809,-0.11898759687175564,0.04066001078392045,-0.0014919330854879786,-0.0009976144003470133,0.0053055455501785365
862,0.14973029469675317,0.14815136261065787,0.3302411873840445,-0.08579099344849284,0.07647411472988352,0.14833712937270843,0.1466325290748134,0.33248730964467005,-0.08027575497890937,0.07174603409082136,0.15995559813514,0.15908696406873807,0.42758456407813245,0.41420372867843447,0.1009741689504784,0.16819300582632646,0.16655094601631662,0.2811324928113249,-0.1174387870892114,0.03155734865879278,-0.0013931653240447373,-0.0015188335358444771,0.002246122260625538
863,0.1493687934783507,0.14769512035868193,0.3207058823529412,-0.09714543288579802,0.07722995456523463,0.14803019578962717,0.14577982849431942,0.3218552354181307,-0.0959210964079118,0.07310209839982706,0.16037730175613996,0.16014451747703826,0.42117930204572807,0.42187428227996177,0.09786923539227199,0.16811986918878516,0.1659774517912332,0.2747375474648202,-0.12630520407396673,0.027912936167997837,-0.0013385976887235196,-0.0019152918643625116,0.00114935306518954
864,0.15332125213425196,0.1510253736531109,0.3245214220601641,-0.080943664358882,0.06900724012205783,0.15167740899446766,0.1498522766770942,0.3307604994324631,-0.08386497511545565,0.06537752761563775,0.16163858148406138,0.1611487660757734,0.4224198455417739,0.4176511957304028,0.0935611776654881,0.1713063260169791,0.16953423705248521,0.27922790085545074,-0.10406337229509777,0.03249660255747899,-0.0016438431397843012,-0.0011730969760166965,0.006239077372299007
865,0.15288229722149493,0.15035147097110127,0.33091732729331824,-0.07127916834600367,0.08071218829482696,0.15160304871740596,0.14896294367786167,0.33340867992766726,-0.07113701637361103,0.07881712434029231,0.16657599200519724,0.16818536839364748,0.4368840919755983,0.438699718838203,0.1129282755219152,0.1708738785976032,0.16848910873904366,0.2824443964586482,-0.10493202386340361,0.0352306533859964,-0.0012792485040889756,-0.0013885272932395998,0.00249135263434902
866,0.14976052527971997,0.14872063575233604,0.3163893321176202,-0.08628143222124274,0.06929164371187857,0.14821780455321804,0.1468430704741944,0.31897528905010203,-0.07614894228328883,0.06416079352298565,0.16336758559777623,0.1627805431840014,0.4218087611869995,0.45671669178361285,0.0994353885716247,0.16871525236474152,0.1669723168282246,0.26840017628911417,-0.10965964940237005,0.037010044606760384,-0.0015427207265019394,-0.0018775652781416463,0.0025859569324818144
867,0.14953502146375341,0.14843886272457701,0.32368896925858953,-0.09481137360074876,0.07603422262990123,0.1483110151594877,0.14621489621489622,0.3302566411526339,-0.09848189124956375,0.07223074829643139,0.16466329578401556,0.16452991452991453,0.4239005295878425,0.40552043586123093,0.0931498571305156,0.16834533351148018,0.16710273853130997,0.2767895878524946,-0.11873621515598343,0.036731654517379475,-0.0012240063042657234,-0.0022239665096807915,0.006567671894044391
868,0.15252759089686352,0.15132605304212168,0.31886706258565556,-0.08897761303384977,0.0756074434421452,0.1510549939183486,0.14950598023920958,0.3237965485921889,-0.08416497600045125,0.07007934015334949,0.1632822510645296,0.1625065002600104,0.41871345029239765,0.4189190193241601,0.09750723724006705,0.17105698575432426,0.17039348240596291,0.2740740740740741,-0.11926355061232041,0.030532139702733607,-0.0014725969785149284,-0.0018200728029121038,0.004929486006533368
869,0.15114038924643003,0.14866911923826012,0.3288236642971795,-0.10588470703132169,0.08236393514189988,0.14971396453686128,0.14685133088076174,0.33226982680036465,-0.09893177220441529,0.07663945679654538,0.16488628835442887,0.16351439082449687,0.4246702152279565,0.41999673235010115,0.09084464380168422,0.16970147624970292,0.16749621294092187,0.27922790085545074,-0.13767545260622616,0.040384427275966917,-0.0014264247095687466,-0.0018177883574983789,0.003446162503185135
870,0.14866941800508107,0.14676508901432914,0.31235955056179776,-0.07781057447796957,0.0825415367764668,0.14764971626251538,0.1452887537993921,0.31589492430988425,-0.07127189899261577,0.07375865027471906,0.16252444835434673,0.16382978723404254,0.4190938511326861,0.4383428743459338,0.1084719635911503,0.16603945469956485,0.1635258358662614,0.2649828767123288,-0.10868593818768635,0.03611770812437198,-0.0010197017425656874,-0.0014763352149370357,0.00353537374808649
871,0.14924617033138804,0.14793259207783183,0.3145017793594306,-0.09718590136201,0.07116390151508545,0.14761487631281273,0.1465427380125087,0.32000888296691093,-0.08718221736785858,0.06969803793854334,0.15973718060691797,0.1589211257817929,0.4158598432457354,0.44771840250420075,0.10425053652846439,0.167049944708379,0.1653057678943711,0.27011494252873564,-0.11966734219271635,0.028863266877727334,-0.0016312940185753133,-0.0013898540653231317,0.005507103607480357
872,0.1498339666367121,0.1470409580006942,0.3144192256341789,-0.10848583836904602,0.07413448496413477,0.14851390002027307,0.1459128774730996,0.31774872590294706,-0.1087130844155959,0.07016448717856949,0.1627950852843192,0.162703922249219,0.4172760511882998,0.42775461798444814,0.09879026068501384,0.16788718934832525,0.16730301978479695,0.2704362558238035,-0.13906731820404405,0.026494511537351495,-0.0013200666164390473,-0.0011280805275945827,0.0033295002687681596
873,0.15035137986768385,0.14921034363068378,0.32453271028037384,-0.0793555364332349,0.08047396924721228,0.1490092340198886,0.14747483512669213,0.32666356444858075,-0.08427415283081408,0.07659674374814962,0.16153518602045164,0.16170600485942382,0.42462845010615713,0.3973761148838755,0.08930542732841062,0.1685524654055411,0.16725963207219716,0.2749499888864192,-0.10713379160903247,0.03330105900861613,-0.0013421458477952397,-0.0017355085039916507,0.002130854168206908
874,0.150586279515476,0.1498498890484271,0.3265076507650765,-0.09014790877236278,0.07594264351734747,0.149346656639527,0.14793543053561328,0.32801617614019324,-0.08004108977651425,0.07446908443695832,0.1628023249202854,0.1621633381194796,0.4231386025200458,0.4240048269269447,0.09257281028173958,0.16847135528703333,0.16660140103554802,0.27939290294997865,-0.1216974532832158,0.026683668544338346,-0.0012396228759490036,-0.001914458512813827,0.0015085253751167538
875,0.1515606372177889,0.1497924952446827,0.3268822279915034,-0.10577674084820288,0.07896396866674538,0.1501130808776177,0.14905758256960056,0.3320093457943925,-0.10381476320319472,0.06963067935209422,0.16157338192567788,0.1604271139546948,0.42534263044000964,0.4192070582012382,0.09589412137704245,0.17067880603723393,0.16946221684246932,0.2779027902790279,-0.1262246603986903,0.03403394801249493,-0.0014475563401711855,-0.0007349126750821333,0.005127117802889103
876,0.1505819451485714,0.14864218987616773,0.32290477277917334,-0.09525145971405269,0.07415015752917498,0.14911550026767242,0.1469041929176624,0.3219645293315143,-0.08978853726119285,0.0701035773388371,0.1608401250131397,0.16093851835759287,0.41328326683877026,0.4288965588017652,0.09928155029022123,0.16826906898632818,0.1661090593091462,0.2725686873092019,-0.11825860569626068,0.030063731244966863,-0.001466444880898976,-0.0017379969585053223,-0.0009402434476590282
877,0.14278550360241,0.14076552113655125,0.3063042485153038,-0.1030772513623287,0.07883752321055637,0.1414461094288426,0.13928835208758744,0.308933848601955,-0.10333534622162477,0.0743807423387507,0.1570105641100722,0.15723161141764783,0.40706102408230066,0.40891922414769183,0.10027251692733552,0.16034735533181757,0.15944736499109355,0.2601395551679023,-0.12907501008863487,0.03469416981362483,-0.0013393941735674042,-0.0014771690489638056,0.002629600086651196
878,0.15194122357686957,0.1491650401214487,0.31391812865497076,-0.09779940964790557,0.08476447746824733,0.15039599072909438,0.14769030579050096,0.31823461091753774,-0.09825187572030014,0.07831948152822876,0.1613701609438387,0.16130991108219475,0.4113323850165955,0.4121519039443046,0.09700996975428278,0.17061500915024874,0.16950769898069834,0.2674495900731221,-0.11569137051061928,0.03363417634410004,-0.0015452328477751909,-0.0014747343309477468,0.0043164822625669785
879,0.146930027334862,0.1443527367506516,0.3057907988097963,-0.09280527832110164,0.06868328857247286,0.14567968870979778,0.1426585577758471,0.3095727667352068,-0.09237944248476371,0.06696941986199323,0.15728091603760477,0.1555603822762815,0.4072839800047608,0.4373174602290071,0.10467453149254602,0.16477182321145506,0.1625543006081668,0.2633201232937032,-0.11863266295534713,0.03162087770834987,-0.0012503386250642123,-0.0016941789748045055,0.0037819679254104677
880,0.15310304115408754,0.15114411011245713,0.33088930936613054,-0.09021808512160834,0.07542181268509107,0.15186895925647795,0.149363900829317,0.3334120425029516,-0.08355731496827046,0.07389399622557924,0.16265617413670247,0.16291085927662716,0.4294060370009737,0.4108052175555803,0.10161295199100817,0.17158848968832954,0.16985801745473492,0.28187160940325495,-0.1191749270330329,0.03264295181875987,-0.0012340818976095957,-0.0017802092831401273,0.0025227331368210537
881,0.1457038403684021,0.14282615297843723,0.3064327485380117,-0.09551174788847927,0.07436292193205074,0.14441198817907863,0.14052670397848063,0.3113536104016717,-0.10015026947567751,0.06743092754844704,0.15799378907259,0.15683977612911623,0.41187785525366677,0.40182875250745304,0.09949140157261405,0.16412352404373887,0.16208946158184737,0.2631813125695217,-0.12714859049506466,0.026705460544775295,-0.0012918521893234558,-0.0022994489999565992,0.0049208618636599755
882,0.14587967874312818,0.1432032534394739,0.3188985643680866,-0.07866344608668985,0.08867876484475168,0.14419322234375453,0.14186207493294106,0.3223082336382829,-0.07478058179097624,0.08566920234012299,0.15466471116291058,0.15410573678290213,0.41242802303262954,0.42294310180885897,0.10609123362153217,0.1638259071504876,0.16167690577139396,0.274496644295302,-0.10873860661652268,0.041170671021684146,-0.001686456399373648,-0.0013411785065328419,0.003409669270196314
883,0.15618363943625949,0.15462257994344136,0.3228451141147795,-0.0941607799150398,0.06348641474175898,0.15484438279274323,0.1527082880139221,0.32620202911336565,-0.09381055796859339,0.05907288245202069,0.1638390471716496,0.1635414400696106,0.4155520290183632,0.4120656531907784,0.08492357157763097,0.17395708859604106,0.17150315423102022,0.2719762762126668,-0.13286776287528046,0.01977142825292222,-0.0013392566435162512,-0.0019142919295192518,0.003356914998586147
884,0.14937053801867062,0.1464876840870585,0.31234484315053035,-0.08605140267001465,0.07753496420643835,0.14792313850629368,0.1444458925235675,0.3152443143436163,-0.07958082825807222,0.07542894177935622,0.16482996918675413,0.1640384030583431,0.42372093023255814,0.45927981359500925,0.1051238580012146,0.1681513902715638,0.16638429123767323,0.26564523090202846,-0.11418907258068733,0.03478270893667057,-0.0014473995123769345,-0.002041791563491019,0.0028994711930859784
885,0.1458953420543026,0.1451130102815496,0.31743421052631576,-0.0823193114785804,0.0804490959184041,0.14451223961236526,0.1436814021083684,0.32053383282603604,-0.07688633594429939,0.07720483057081118,0.15537253868178386,0.15391956964990672,0.41741450400194036,0.41879284401895367,0.10921491533372696,0.16365790113581874,0.16168495943776842,0.2691790040376851,-0.12025769267962472,0.0367596559041542,-0.001383102441937345,-0.0014316081731811925,0.0030996222997202727
886,0.15022826243064957,0.14802132547353822,0.3077463140650597,-0.08571145783521095,0.0788717381417312,0.14883709259538663,0.1465476138875645,0.30970149253731344,-0.08398386732057406,0.0756336257311998,0.16044604755018713,0.16106800745524685,0.404510556621881,0.408450232240893,0.10153852501545046,0.16921588220631045,0.16652940921503187,0.25727616085314375,-0.13150521012889094,0.029652429501655142,-0.0013911698352629398,-0.0014737115859737304,0.001955178472253738
887,0.14484799120981393,0.14423536569466777,0.3258741258741259,-0.09504052630838222,0.07165288453520491,0.14345552794111954,0.14175828951371083,0.32808155699721964,-0.09873471833893155,0.06602047461110627,0.1559461051625669,0.15666420407631132,0.42228168328873755,0.4211157547709744,0.11042986055111492,0.16289968825461867,0.16200947372995525,0.2752110173256331,-0.11960861121014799,0.02572708053870809,-0.0013924632686943827,-0.0024770761809569386,0.0022074311230937393
888,0.15102053664005974,0.1488108226052804,0.3178240740740741,-0.09481844757032432,0.07537616315787155,0.14962086373218153,0.14723979925812786,0.32020271826768026,-0.09198015457182418,0.07085823054263773,0.16125886421757746,0.1608553349334497,0.405207100591716,0.39485220776908025,0.09581442975059573,0.1694903397382097,0.16779402138337335,0.26925623482674904,-0.1356033199849066,0.02998169735718914,-0.0013996729078782078,-0.0015710233471525337,0.002378644193606172
889,0.14776542321996766,0.14602193593314763,0.3052109181141439,-0.1124632118316018,0.079348474933985,0.14645391164087837,0.14423746518105848,0.3087112707678491,-0.11590039116988171,0.07493125765526931,0.16020544162822517,0.1602541782729805,0.40551090700344433,0.45599503464493585,0.09575528196921468,0.1659777256089011,0.164258356545961,0.2590762620837809,-0.13427561731684035,0.03265217798756204,-0.0013115115790892917,-0.0017844707520891512,0.0035003526537051854
890,0.14922593254747624,0.14639336431146047,0.3207590835454756,-0.08779922785672734,0.0763647872933112,0.1479698881552684,0.14578538237720937,0.3256510716755013,-0.08499133567599626,0.07250103485911408,0.16159696694702913,0.16263516741216832,0.4177396280400572,0.4090436872958516,0.10362570724570219,0.16778682773886128,0.16498024058713684,0.2710074791025077,-0.11181530297176934,0.028067881865846855,-0.0012560443922078335,-0.0006079819342511006,0.004891988130025671
891,0.14799226106545654,0.14657077249685888,0.3197310456758637,-0.08599855830545444,0.08573169996653429,0.14665279366510603,0.14483774533165808,0.32545749362983556,-0.08553721605086595,0.0848788125011215,0.1597815285895062,0.15982843031064511,0.4252846299810247,0.4362918876956915,0.1064142210027943,0.1656996589615567,0.16325115896191672,0.26963812886142985,-0.10898841099384504,0.039036111235184245,-0.0013394674003505136,-0.0017330271652007956,0.005726447953971869
892,0.1480730907898599,0.1457953657901588,0.32134624250806826,-0.10186218174798334,0.08348389494359632,0.1469481166046598,0.14362579189447192,0.32061243144424134,-0.09873677216523247,0.07539762606420897,0.16277539001412303,0.1617634296624143,0.4275345352376493,0.4508389107664717,0.097741263757253,0.16611218186207122,0.16328213138939512,0.2763215377894277,-0.12956348038651255,0.03241272307378151,-0.0011249741852000783,-0.0021695738956868937,-0.0007338110638269169
893,0.14829517698657912,0.14602539572099496,0.3170222634508349,-0.08638987161666933,0.07590090238766356,0.146868038981809,0.14489476430683598,0.32189730600967076,-0.08272132332367033,0.06923160540915585,0.16115354445843588,0.16081057575230476,0.4196365352843993,0.4148624690879719,0.09203629830340854,0.1675907263236507,0.16550704470342667,0.2741228070175439,-0.12103581207299485,0.022546526559600766,-0.0014271380047701232,-0.001130631414158978,0.004875042558835863
894,0.1466455193183079,0.14473741178508032,0.3168884809545663,-0.08007289994649547,0.08061412744766938,0.14520144817218678,0.14309217647313505,0.3190714610832954,-0.08422469142635747,0.07296647264106593,0.15737443265977252,0.15815906827726545,0.41299193930772876,0.4417596077563144,0.11035500725112746,0.16417563355858164,0.16287829588258215,0.26793943383805136,-0.11418493201232449,0.03833959115561125,-0.0014440711461211342,-0.00164523531194527,0.0021829801287291395
895,0.1490191912521677,0.14681452489671667,0.30850111856823265,-0.10085043882972877,0.07093878645414331,0.14757991830367917,0.1446401391606871,0.31485192607437096,-0.10416090995805216,0.06652034264416007,0.1587387982883358,0.1584257447271146,0.41045812124016656,0.44473836477826756,0.10207829521021594,0.16588267453072617,0.1645140247879974,0.26765083440308085,-0.11889900650385665,0.028016760871448554,-0.0014392729484885292,-0.0021743857360295715,0.006350807506138312
896,0.14669265959830433,0.1448087431693989,0.3132502831257078,-0.11360157442018959,0.0744905104991409,0.14527133975902715,0.1430739873362824,0.31824324324324327,-0.10823644679678834,0.06920175373801685,0.15901770227139073,0.15846994535519127,0.4171764705882353,0.4422529653615558,0.10939630512255949,0.16452825229029402,0.16232977708387544,0.26988575123949127,-0.13991092356360801,0.027103249919469552,-0.0014213198392771798,-0.001734755833116497,0.004992960117535472
897,0.14659438207608763,0.14539544962080173,0.30847457627118646,-0.09040625097970179,0.078113185411961,0.1451353333565708,0.14335861321776816,0.31330182309250504,-0.08725448987677975,0.07432290268003472,0.15816427878846864,0.15739978331527626,0.40993933737750815,0.4087081524315148,0.10738259095294778,0.1651003472717733,0.1635536294691224,0.26383803575274606,-0.1236152083718488,0.03220865010307539,-0.0014590487195168256,-0.002036836403033565,0.004827246821318576
898,0.15056995816142235,0.14903051908529694,0.3281322775966465,-0.07111747306721661,0.0823355350727285,0.14892160913657065,0.14720459090513868,0.33294770939379914,-0.07330533771132397,0.07632436735402315,0.15871808338594492,0.15816015998608818,0.42250834525512637,0.4491522165839009,0.10380399121096207,0.16828976544486438,0.16711590296495957,0.27704662056658486,-0.09454967300751671,0.04176015297146718,-0.0016483490248516974,-0.0018259281801582539,0.004815431797152658
899,0.1472569506582395,0.14583970299191965,0.3150033944331297,-0.09503542646359697,0.07810761819848311,0.14593158167825065,0.14361214238916795,0.3174138319441316,-0.09218484194126708,0.07388282345251629,0.15884706885940458,0.15881196767853242,0.41045475855602437,0.43066522707876304,0.11042729800512896,0.1648399263557624,0.16366018781393318,0.2684334259457149,-0.1328167332046487,0.023185286500915003,-0.0013253689799888335,-0.002227560602751699,0.002410437511001895
900,0.14734297177199343,0.14551703136555444,0.3292079207920792,-0.10011409533244131,0.07194989263125551,0.1460081598990768,0.14408143733414538,0.3316155052655165,-0.09984557291217455,0.06793811161324648,0.1612609698094137,0.16000348022795494,0.4245977011494253,0.3883217800514702,0.09179765135193163,0.16565586536691523,0.16435376517161873,0.2800687285223368,-0.12685396701010265,0.027186862325049854,-0.0013348118729166192,-0.0014355940314090543,0.002407584473437252
901,0.1481842564003652,0.14600156290700703,0.3141726786129858,-0.08520703814567498,0.08198501937295488,0.1466487088726092,0.14435182773291655,0.31772885283893393,-0.0869512241921867,0.07812305140789844,0.15839219771975738,0.15741946687505426,0.4115284668084101,0.43718867526287514,0.0957164610264889,0.1661372641237537,0.16375792307024398,0.26758071649712517,-0.1215418489523371,0.033710419809749426,-0.0015355475277560038,-0.0016497351740904775,0.0035561742259481166
902,0.1490534504127803,0.14674386209298276,0.32611283027850513,-0.099901985180893,0.0801907916201865,0.14753208256165073,0.14452376806547101,0.3280510879848628,-0.09556336061200044,0.07428863832521881,0.15827998435117763,0.15793139474142434,0.4143309773336583,0.440194406938069,0.10161342209821767,0.16756166086373667,0.1652011144001393,0.276196928635953,-0.12164437966769148,0.030568984288420586,-0.0015213678511295514,-0.0022200940275117487,0.0019382577063576933
903,0.15109821188242728,0.14887081422514492,0.3189536484625975,-0.08916409705642037,0.08252267164075966,0.14961462685942015,0.14714026131348967,0.3218285714285714,-0.08227409026198895,0.07891737462626813,0.16234118556077592,0.1606385740244008,0.4123881300047103,0.4396344281414851,0.10627521667741036,0.1696334920967073,0.16760404949381327,0.2706733932880018,-0.11436659745618294,0.03989533635177067,-0.0014835850230071335,-0.0017305529116552476,0.002874922965973914
904,0.14895649038966446,0.1474704450625869,0.3036935704514364,-0.1049618674385453,0.06745720409453038,0.14752400769253568,0.14560152990264255,0.30571947344530187,-0.10521726844148682,0.06318013419479684,0.1606854861657478,0.16072670375521558,0.40084985835694054,0.38468726501588874,0.09953522834253214,0.16749465022493448,0.1653337969401947,0.25888767720828787,-0.11290959770330711,0.024900358592181537,-0.001432482697128784,-0.001868915159944362,0.0020259029938654582
905,0.14550517522383655,0.1436387320885801,0.3163789080727952,-0.07199592619454531,0.08851897324848568,0.14423629983587263,0.14233608336951803,0.3200371057513915,-0.06971637180316115,0.08295871432272495,0.15708873616698574,0.15640468953538864,0.4115549215406562,0.3981294507874702,0.10562746225082664,0.16319943812933727,0.16026921406860617,0.2650255045464626,-0.1085889298972188,0.040829060154460306,-0.0012688753879639136,-0.0013026487190620772,0.00365819767859632
906,0.14454029450069938,0.14262152777777778,0.31343283582089554,-0.09325744637159983,0.06993796300395105,0.14336729179250912,0.1407986111111111,0.3161935784085621,-0.08605649075182442,0.06776867134750097,0.15978016606050488,0.15959201388888888,0.41192084942084944,0.4348883858139546,0.10117576285683239,0.16359051591522905,0.16284722222222223,0.2677165354330709,-0.11562911635221707,0.03588008399768461,-0.0011730027081902628,-0.001822916666666674,0.0027607425876665648
907,0.15199712416435154,0.15075921908893708,0.3176550783912747,-0.08312007293300672,0.07522042988369426,0.15064454235242689,0.1493709327548807,0.3209988649262202,-0.07737703907240345,0.07437267865467856,0.16329374423896068,0.16373101952277658,0.4225187265917603,0.4682236308469684,0.10256040701944957,0.17060555552590453,0.1685466377440347,0.2679509632224168,-0.10279606899234028,0.039826816072289994,-0.001352581811924658,-0.0013882863340563822,0.003343786534945492
908,0.14379572534351928,0.14244249014426202,0.31751029304916445,-0.07666586120570662,0.09096275026529255,0.14244608173827292,0.14088290083611316,0.32292917166866747,-0.08063253694541062,0.08307125700609108,0.15570799900192392,0.15621886236624355,0.4123017779913503,0.34594919485384945,0.08372888144435786,0.1622577006508368,0.16033444526274748,0.2696990581208362,-0.11508582222902175,0.04186012554137286,-0.0013496436052463645,-0.0015595893081488676,0.00541887861950302
909,0.1438236014056838,0.1420375521557719,0.3087342363381597,-0.10443693504723894,0.07568631608548504,0.14235639257445631,0.14129867872044508,0.31545961002785516,-0.10320582017154667,0.07006390403342044,0.15486057433702827,0.15403337969401948,0.40513068731848983,0.40774665508830676,0.10812330869355014,0.16187734867283535,0.1601616828929068,0.2661790780141844,-0.13145646003998268,0.025949594086452032,-0.0014672088312274734,-0.0007388734353268311,0.006725373689695446
910,0.1525109205461817,0.1510769498002432,0.31606453078845714,-0.10229733389020712,0.06930175352105983,0.15102765402188556,0.14886225464651728,0.3143245078071962,-0.10066082867104509,0.06546822075099501,0.16243161021499977,0.16132534306062185,0.4135480814779725,0.43519320002019435,0.10742410717892614,0.17071837203590767,0.16818655549765502,0.2690631808278867,-0.12633974809110082,0.029049659435379738,-0.0014832665242961451,-0.0022146951537259096,-0.001740022981260969
911,0.1509427011849486,0.14889072919844834,0.31842410196987253,-0.09851792841683982,0.0741516857950626,0.14956052411458468,0.14697293292071656,0.3197419949320433,-0.09555198775649787,0.06854979343015333,0.16174789642072543,0.16183585407313777,0.4089940828402367,0.40936189264338557,0.09354285167359433,0.16934225897604613,0.16806869197576602,0.26823892439938285,-0.12844816752281762,0.026320143294683906,-0.0013821770703639213,-0.0019177962777317814,0.0013178929621707747
912,0.14731156809215434,0.14510793871866295,0.2986893538744539,-0.11581427091198071,0.08218536162791634,0.1459421096729192,0.14354108635097493,0.3013290559120073,-0.11597003521134752,0.07899328388472959,0.15928988692547594,0.15934018105849582,0.40830367734282325,0.46146726795767384,0.1107012561337185,0.16616814279297498,0.16373607242339833,0.2510936132983377,-0.14019965944981416,0.034729805845872486,-0.0013694584192351367,-0.0015668523676880264,0.0026397020375534264
913,0.1483248245269959,0.14511481707849472,0.31267345050878814,-0.09311946291755802,0.06781213324412372,0.14693277418173423,0.14363048982799267,0.3155473781048758,-0.09501847445770506,0.06262108864361782,0.16271181844961768,0.16297040076835764,0.41552839683680803,0.45335089795512235,0.10047245552230688,0.16662097070282245,0.16445472801885969,0.2631578947368421,-0.11949512726159761,0.033205169240750676,-0.0013920503452616861,-0.0014843272505020433,0.0028739275960876776
914,0.15011446807315912,0.14719514836473901,0.32670720299345185,-0.10516172378874156,0.08224611361195022,0.14866048212733482,0.14554905782975958,0.32734903240848684,-0.09693018140558829,0.07944920433682767,0.16198556574306958,0.16196664500758068,0.42670157068062825,0.418865406695878,0.09816698179341721,0.16888080228111835,0.16746805284816982,0.2786702365015618,-0.1288238745166681,0.03792585894462308,-0.0014539859458242987,-0.0016460905349794386,0.000641829415034989
915,0.15021960337119014,0.14861285980983807,0.3132255861597997,-0.10055603322817108,0.06432187573361459,0.14872383817442744,0.14691963704250424,0.3170621468926554,-0.0890205183621442,0.057471784126471914,0.16208191734277308,0.16198497807493595,0.41249706365985433,0.4161634376369591,0.09343476506397075,0.1691609058941857,0.16788954977640777,0.2675994752951465,-0.12804822969324492,0.025576045080714094,-0.0014957651967626995,-0.0016932227673338296,0.0038365607328557094
916,0.1461764531521518,0.14391111882649077,0.3168129001659948,-0.09655316614864551,0.07796895955250915,0.14458823653150846,0.1426525475219165,0.32190971401559915,-0.09790197871187112,0.07491409661043258,0.1549647308045358,0.15424008332610017,0.4111737319284489,0.4486313345418447,0.10764477098982483,0.16472983506700875,0.16305008245811994,0.27027639329406433,-0.11699652666361415,0.03498267386757414,-0.0015882166206433457,-0.0012585713045742686,0.005096813849604365
917,0.1463658872876146,0.1458108049656127,0.3196854036548693,-0.09140222852290825,0.08021425568434404,0.14488318813840503,0.14421038972273886,0.3241315850011502,-0.0824611486732707,0.0750854581445839,0.1569972250991123,0.15731649292789482,0.4154946364719905,0.44383675559526975,0.10756784256306529,0.16384869689360038,0.16220424758856353,0.2722478576137113,-0.11729207036724731,0.03149067905662173,-0.0014826991492095654,-0.001600415242873826,0.004446181346280886
918,0.1478904939292968,0.1457264585688201,0.3205786280914606,-0.08718462620772038,0.08066239462611158,0.1464569697087688,0.1438570559081819,0.3228730822873082,-0.0812236593518384,0.07721821783615634,0.16044978785960973,0.15976871576384663,0.4171021377672209,0.43846332933501364,0.09702223437839863,0.16615336917530885,0.16420311277280236,0.2710883596705987,-0.11367859149247228,0.036103357406066405,-0.0014335242205279763,-0.001869402660638203,0.0022944541958476172
919,0.15076562186118714,0.14858111338055713,0.3189050070191858,-0.09203870001237313,0.08065651620535086,0.14940211487517352,0.14714701664421365,0.3219749652294854,-0.08829112936975747,0.07202921895575931,0.16079450149544983,0.16157489896136631,0.4214915415773171,0.4388705164155598,0.09726406341081484,0.16925082416896822,0.16648559384642128,0.27230359520639147,-0.11839897384180609,0.03061819215771966,-0.0013635069860136184,-0.001434096736343482,0.003069958210299595
920,0.15071712639900411,0.14902929450511354,0.31323631323631324,-0.08427982712592685,0.08519311991709344,0.14943238672237563,0.14716588663546543,0.3154501496661294,-0.08068146946299426,0.08221460759373866,0.1615313961211847,0.16189980932570636,0.4136876763875823,0.4273471238395385,0.10157493769554404,0.16863223752466214,0.16675333680013868,0.2646864686468647,-0.12072682228528897,0.03923892978533561,-0.0012847396766284824,-0.0018634078696481149,0.0022138364298161517
921,0.14770110178650223,0.14651808169282804,0.3167348794906776,-0.07601064116149381,0.07150961289817237,0.1464320895200607,0.14500043361373688,0.32083145051965656,-0.07650107475205858,0.06555611102350478,0.16030868418185767,0.16026363715202496,0.42215428033866415,0.3912688377052172,0.102552872673224,0.16624046932297384,0.1643396062787269,0.2695972282373322,-0.11803626976342318,0.024732098168642302,-0.0012690122664415215,-0.0015176480790911606,0.004096571028978979
922,0.1484499934484177,0.14731112562595253,0.31237089740647234,-0.09518116274006727,0.07175819837419783,0.1469474795551163,0.14495972131504464,0.31274219284248916,-0.09737137007969543,0.06532973875243508,0.15976160957648436,0.15967777052035706,0.4108490566037736,0.40264371563335616,0.09682919089907294,0.16724994316401862,0.1654691922490747,0.26280087527352297,-0.11847787060872761,0.026116135059681578,-0.0015025138933013882,-0.002351404310907884,0.00037129543601682746
923,0.14750125538604894,0.14563148788927335,0.3267853015946383,-0.0819601240134108,0.07400097448518017,0.14617528856549822,0.14472318339100346,0.33394748963611237,-0.07248665579671953,0.07078203252481652,0.15833572171082694,0.1573096885813149,0.4253749107355392,0.45463979172681596,0.10104008695223443,0.1657740243600002,0.16427335640138407,0.2795319054979024,-0.11700167037212528,0.0306525560856169,-0.0013259668205507225,-0.0009083044982698962,0.00716218804147406
924,0.15000040694062197,0.14923690600069373,0.32537861404313906,-0.08169902653449834,0.0892497090839951,0.14853473158359576,0.14650537634408603,0.326007326007326,-0.0815336200665816,0.08713878881237735,0.16023536753588744,0.1596860908775581,0.42306794303058604,0.4435395606344949,0.10508161112112757,0.1675178036188855,0.16592958723551857,0.27450980392156865,-0.11144355857699628,0.04027635878246516,-0.0014656753570262138,-0.002731529656607695,0.0006287119641869565
925,0.14861092453457575,0.1468786654502802,0.3143593347388147,-0.06309794621105791,0.0856046642371523,0.14745779685728572,0.14496720100786306,0.31783306207858636,-0.06053272671538967,0.0787246334881444,0.16007040420053803,0.16021547417350884,0.41293891293891294,0.4147104851330203,0.10946977089777354,0.166705321670229,0.16473348103740387,0.26429848078641643,-0.09352564412822872,0.041099465329507257,-0.0011531276772900334,-0.0019114644424171323,0.0034737273397716373
926,0.15118482094868185,0.1496782049052009,0.31485740570377185,-0.09024891669398927,0.08013719858056112,0.1495747269023047,0.14789528613671943,0.3174311926605505,-0.08559645700246521,0.07757962841309651,0.16057074711305264,0.15959297269090278,0.4189253447456015,0.4415742440288064,0.11040177889556024,0.16923651226973013,0.16637676117585667,0.26277692476420267,-0.11718929645149045,0.03516658980263987,-0.0016100940463771585,-0.0017829187684814674,0.002573786956778623
927,0.14854251238549768,0.14527143845089904,0.3042100497962879,-0.10968395075194637,0.0768403741391116,0.14704580502409648,0.14432053941908712,0.30897609382047814,-0.10766732264080348,0.0734664828487005,0.15796167693511004,0.1568118948824343,0.40908021641966597,0.41628262638106794,0.11205536448277686,0.16608642652016312,0.1637707468879668,0.26081342801807617,-0.13951516997001912,0.028551555045103538,-0.0014967073614012005,-0.0009508990318119193,0.00476604402419023
928,0.1473121176021345,0.145452964701791,0.3164136622390892,-0.0705594833172265,0.07129679681894163,0.14566248500403797,0.14393149017562162,0.3204067155355876,-0.0716631831108826,0.06844316886744461,0.15678689542862376,0.15479916536254565,0.4144736842105263,0.39186530667631914,0.09588189917030088,0.16532623141075253,0.1641453660233003,0.2741972215896151,-0.10180009845269111,0.03288257439494291,-0.0016496325980965287,-0.0015214745261693807,0.003993053296498406
929,0.14602864044487096,0.1450792961112318,0.31557093425605537,-0.10666455509665962,0.06995019783192957,0.14469861308886534,0.14264610036932435,0.31795224977043157,-0.09181841930998602,0.0654297756508101,0.156119585352081,0.1562459265696285,0.4062126642771804,0.4005439193766306,0.10223892769706877,0.16434343405111354,0.16337171409950033,0.26712177934375686,-0.1296919279314137,0.02560700881713862,-0.0013300273560056253,-0.0024331957419074512,0.0023813155143762033
930,0.1476848943092682,0.14485453755970473,0.3163945734651644,-0.10551944744121611,0.07633743392352577,0.14647244642898655,0.1436387320885801,0.3194125745754933,-0.10084448380173838,0.07441467489656683,0.15986036748203147,0.1594442032132002,0.4175771971496437,0.4416210542431257,0.10603337889544662,0.16556082199950278,0.16348241424229265,0.2699802934092402,-0.1253976803060617,0.02976393749274353,-0.0012124478802816585,-0.0012158054711246258,0.003018001110328905
931,0.14812036038971232,0.1465506041314798,0.32427409988385597,-0.09250584547050511,0.08584833322387742,0.14691150876424014,0.14477502057078515,0.32645490377927194,-0.08629453276259658,0.08414058510962452,0.16098896194695045,0.16058204495257894,0.43022980336413175,0.4221973998119069,0.10377968842353391,0.16616900034990767,0.16482612273180028,0.27472771727050455,-0.12062916525182588,0.04443544145324252,-0.0012088516254721848,-0.0017755835606946546,0.0021808038954159725
932,0.14684811960829916,0.1452018014896934,0.30539740378046004,-0.09933118341843072,0.06976557826204499,0.14572423261510384,0.14390265026849125,0.308806882499434,-0.10116826342809959,0.06422524522962847,0.158564809206256,0.1593625498007968,0.4056026365348399,0.4289344226455503,0.10023740994033592,0.16502872259421186,0.16261042785380217,0.260060579835569,-0.12181561386010364,0.020541850166344355,-0.0011238869931953221,-0.0012991512212021383,0.0034094787189739573
933,0.14536624386391858,0.14427408177408177,0.3131572797382566,-0.0914199102476444,0.07773360169646559,0.1437729199417525,0.14262820512820512,0.3177700348432056,-0.08571885983825922,0.07212262544963577,0.15416824308014387,0.152979902979903,0.4114948080173871,0.4211723057267281,0.10751493716040861,0.16357296102135077,0.16216216216216217,0.26638430673205526,-0.12177307181937269,0.033061598500551126,-0.0015933239221660733,-0.0016458766458766483,0.004612755104949018
934,0.1459209978061734,0.14321608040201006,0.3114754098360656,-0.09080896514565373,0.07253774902734134,0.1447441709608331,0.14217639923756714,0.3152125279642058,-0.09127081654500302,0.06895927620823272,0.15861329355969736,0.15811817709235834,0.41869635815356065,0.4446330711005977,0.10242852198695385,0.16323974275191105,0.16180038121642695,0.26799221958072184,-0.10489993761239813,0.03591102723175976,-0.0011768268453402897,-0.0010396811644429182,0.0037371181281402044
935,0.15047535535452508,0.14942329372994537,0.31147166361974404,-0.10151334936340817,0.07248435137989273,0.14906321682388673,0.14755875466134769,0.3132969034608379,-0.10038785058109567,0.06907250227429851,0.16212183128065027,0.16334229468389558,0.4135480814779725,0.43157096855280785,0.10532339902123711,0.16886307227693917,0.16629086809470123,0.2638888888888889,-0.12799134999077377,0.023012539348776673,-0.001412138530638346,-0.0018645390685976815,0.0018252398410938397
936,0.1517183262339785,0.15025996533795494,0.316808854046576,-0.11631609126026066,0.07451776146402644,0.15000924963616527,0.1483535528596187,0.321157822191592,-0.11761980927088356,0.07108968733112131,0.1593540233061203,0.15836221837088388,0.4108527131782946,0.4052110997102849,0.09165813212855245,0.16959714612136664,0.1673743500866551,0.2690277166739991,-0.12402447489135693,0.02973854310295243,-0.0017090765978132194,-0.001906412478336228,0.004348968145016008
937,0.1520020677557054,0.15058935690760963,0.3263873159682899,-0.09834729787089846,0.07221437181117729,0.15066792793889416,0.1497659906396256,0.32919394897268006,-0.09152917928468751,0.06924812469396469,0.16341574210522009,0.16341653666146647,0.4182624941616067,0.46101108245675987,0.10039371942469744,0.17036267587993698,0.16835673426937078,0.2738715277777778,-0.12772690144211052,0.0313225365524602,-0.0013341398168112417,-0.0008233662679840437,0.0028066330043901577
938,0.14547500058077067,0.14369959240308733,0.31515863689776735,-0.103309909873044,0.08453664557912977,0.14397467890429658,0.1424421125661261,0.320449754040759,-0.10115769873015312,0.08151839898198421,0.1572931759887547,0.15605758390425808,0.43178519593613934,0.4838629086953151,0.11062291974017346,0.16343386100226848,0.16186800797849277,0.2703008369147252,-0.11662732975950219,0.04874886449868965,-0.0015003216764740979,-0.0012574798369612283,0.00529111714299163
939,0.14524487556152088,0.14277674358197326,0.30645526613816537,-0.0929278307365704,0.07430506007286364,0.1438220601781201,0.1419109052339928,0.31071669287800496,-0.09338476596234668,0.06669180920894391,0.1575291593711352,0.15801549850642885,0.40461215932914046,0.451350774340008,0.10010552133392459,0.1638148262229705,0.16256114983332612,0.26414282641428266,-0.1284502563793254,0.02481892945738573,-0.0014228153834007773,-0.0008658383479804577,0.004261426739839591
940,0.1454684773535596,0.1433408577878104,0.3051888939462904,-0.10172886853108032,0.07973177772545104,0.14424399181985698,0.14264629275915958,0.31124180049762495,-0.10037619916463758,0.0740220639416973,0.1574271669875727,0.15757944087515194,0.4108325449385052,0.4420237538965566,0.11483594395149221,0.16283331276855262,0.16161660010418474,0.25955690703735884,-0.12277908192781806,0.03532289274070022,-0.001224485533702635,-0.000694565028650812,0.006052906551334558
941,0.14881996836130112,0.14713270963270964,0.31311288483466365,-0.08506658221289842,0.07487702249062855,0.14746547186064293,0.1456167706167706,0.3167308127688476,-0.08407432530573322,0.06807843847754502,0.16231676386182517,0.16177234927234926,0.4132404181184669,0.42942420199424697,0.09187348252333738,0.1668429309311941,0.16458766458766458,0.26599694256387857,-0.11966694668182043,0.03366060691130979,-0.0013544965006581922,-0.0015159390159390218,0.003617927934183973
942,0.1483589851894987,0.1450342020954195,0.3094913714804723,-0.08431693543361218,0.07710211521538046,0.14705124424592272,0.14395185730366267,0.3124150430448573,-0.0761237340972506,0.07498809182404431,0.16249757259045292,0.16330418218027534,0.4166472371182094,0.48898355778976593,0.10141338421574497,0.1664479339117305,0.16369382630530782,0.2616822429906542,-0.11361938384603498,0.03545585440606025,-0.001307740943575969,-0.0010823447917568396,0.0029236715643849998
943,0.14622493946719378,0.14447432338653712,0.3203181489515546,-0.07410685669473893,0.082135950585569,0.14488688229161542,0.14295628036086053,0.3245445829338447,-0.07272187936854302,0.07707456584437145,0.15780246570196974,0.1573993754337266,0.42336309523809523,0.4741575460011138,0.107882994703834,0.16502554865957017,0.16416551006245664,0.27015851137146796,-0.10117267323581891,0.03724366853320926,-0.001338057175578361,-0.0015180430256765964,0.004226433982290112
944,0.1491281807513333,0.14688581314878893,0.3115056490661748,-0.0803436454118508,0.08762305868946452,0.14756413088064668,0.1444636678200692,0.31506535198349,-0.07935493417692796,0.08253608866395123,0.1603091970605034,0.15960207612456748,0.4122048164601356,0.4036587974362827,0.10034048375324744,0.16692523208744073,0.16557093425605537,0.26662292213473315,-0.11540597142541065,0.037813143856314624,-0.001564049870686618,-0.0024221453287197325,0.0035597029173152217
945,0.14481118621983902,0.1420044119555344,0.3143733773896625,-0.097238921278757,0.09414050234867177,0.1436041274425529,0.14092305030494398,0.31798966651009863,-0.09507970176115177,0.08963678314528101,0.15860602642306404,0.15826809118041438,0.4263419248049184,0.40272579014894294,0.09585620490234448,0.16223610545360062,0.15991176088931183,0.2683806946323861,-0.11802389036344707,0.05189132696448251,-0.0012070587772861074,-0.0010813616505904178,0.003616289120436156
946,0.1477961144556639,0.1464322826463457,0.3117606123869172,-0.08423378210571264,0.08872039654044117,0.14640567142544728,0.14431070315206096,0.31495154591601293,-0.08069865662777742,0.08382694541231128,0.1581954268254862,0.15717007273986838,0.41244131455399063,0.40342395492316224,0.09957109252020724,0.16581440816867318,0.16396778662971942,0.26270437472381797,-0.10831337335146096,0.04297726642966215,-0.001390443030216626,-0.0021215794942847366,0.0031909335290957186
947,0.148744348322529,0.14640932011824032,0.3177767354596623,-0.08249937765923854,0.07664654603696508,0.14713519103030284,0.1444096678838463,0.32091290172333486,-0.07780395594370437,0.07014372821708681,0.15630538425844198,0.15510346026777952,0.40715137067938023,0.42107826002954657,0.09160302702268508,0.16647181630485694,0.1650582507390019,0.2702642185400806,-0.11011808898086728,0.032860906049784755,-0.0016091572922261599,-0.0019996522343940226,0.0031361662636725796
948,0.15134450381212555,0.14997175264004173,0.3306890299184044,-0.09715330803603539,0.06858098941686253,0.15018287791756563,0.14849419842683934,0.3331823329558324,-0.09209946154244975,0.06794274738505823,0.16468254800346477,0.16531224197123115,0.43024071044636597,0.44393367812460255,0.09687638616018612,0.16928813967728162,0.1669636260918691,0.2827556136908655,-0.13262698538957707,0.03135020422827872,-0.0011616258945599256,-0.0014775542132023922,0.0024933030374280074
949,0.15179428273716045,0.1511304347826087,0.32134780642243327,-0.10735659716551438,0.07480063060573039,0.15060423491554567,0.1492608695652174,0.32335733573357334,-0.10382495541731207,0.07014982143352144,0.16438860944242106,0.1647391304347826,0.42080817464003717,0.4267446636873388,0.09932307896828718,0.16980432825019895,0.1677391304347826,0.2747875354107649,-0.1289088830490105,0.03949676098032562,-0.0011900478216147758,-0.0018695652173913169,0.002009529311140068
950,0.14548690196679753,0.14293141544993718,0.31271878646441076,-0.0849715234617604,0.09534891115485022,0.1441092116714037,0.1414583423595165,0.31577726218097446,-0.08546006140493845,0.09003376001551,0.1582419408178575,0.15774879771240413,0.4044496487119438,0.4199526098103396,0.09853800183845429,0.1629238296071215,0.1606516182141155,0.26309946714031973,-0.12221122071660517,0.04878818717423006,-0.0013776902953938353,-0.0014730730904206901,0.003058475716563702
951,0.14707972678666237,0.1445276971718134,0.30583873957367935,-0.10002156881750612,0.07542377796590982,0.14564748352759427,0.14305513447962234,0.3090951061865189,-0.09732343988575709,0.07198642793388188,0.15974832614324877,0.16037940144657628,0.4148024750118991,0.408073849127935,0.0999148969441086,0.16588973268383128,0.1635410801680454,0.26173604960141716,-0.12379555434883327,0.032456902565561,-0.0014322432590681,-0.001472562692191065,0.0032563666128395674
952,0.1542184977349025,0.1533125216788068,0.32889511796309273,-0.08884657488586345,0.08250829603300325,0.15292503529733398,0.1511446409989594,0.32815038291947085,-0.08903859929310542,0.07648893102799004,0.166477514422209,0.16636316337148804,0.42126355492692125,0.38942534868394646,0.09089241157570038,0.17319025248390257,0.1706122095039889,0.27250445632798576,-0.12578978803161256,0.038007990460226626,-0.0012934624375685322,-0.0021678806798473838,-0.0007447350436218803
953,0.1452618040005007,0.14300043610989968,0.31499884446498727,-0.09710352945415668,0.07189400046879191,0.14391591431676587,0.14129960750109027,0.3176470588235294,-0.09394995519202043,0.07017053693603537,0.15902789682950325,0.15883122546881814,0.41277817659727206,0.41918181897042406,0.10377807582478926,0.16316871077548464,0.1607937200174444,0.26454324264543244,-0.12310149958261518,0.03010000979944427,-0.0013458896837348355,-0.0017008286088094071,0.0026482143585421225
954,0.14640707139156797,0.14342733188720175,0.3150200424428201,-0.0941610108609856,0.07683703973575262,0.14505806484066824,0.1420824295010846,0.31731895945629246,-0.09589988928440252,0.0711827844017493,0.15662552693421283,0.15600867678958785,0.4081882814415298,0.48434505967216107,0.1120673998937739,0.1643242875727699,0.16251626898047722,0.27087073608617596,-0.12059587376816672,0.0300806975507244,-0.0013490065508997284,-0.0013449023861171472,0.0022989170134723458
955,0.14678552507538578,0.14402952670429875,0.3077956989247312,-0.08249403490386109,0.0691276114341518,0.14539297414212982,0.1420755536257056,0.3078817733990148,-0.07640537449729057,0.06870599462419535,0.1600214336410446,0.16005210594876249,0.405607476635514,0.4310769414812681,0.10791635795015253,0.1649157849504533,0.16296135475466783,0.2589266623904212,-0.11217058583726747,0.024225421173781347,-0.001392550933255965,-0.0019539730785931575,8.607447428360393e-05
956,0.1501743273223799,0.14829078321073128,0.32547387887193713,-0.10281404530469773,0.0810185288505817,0.1484376133825817,0.14569450454348767,0.3279779664907046,-0.10323923134726332,0.07440073805975778,0.15956686591396227,0.15897879705755083,0.4215986795567083,0.4294238891986232,0.09916408424477652,0.16828947038079584,0.16633491994807442,0.27535911602209945,-0.13580213433848842,0.03853658151593764,-0.0017367139397981846,-0.002596278667243601,0.00250408761876747
957,0.15240958827632967,0.1505520675470881,0.319634703196347,-0.09264953568827383,0.07979924718795994,0.1508860671168025,0.1490798874215198,0.3232876712328767,-0.07350236707938829,0.07979924718795994,0.16366593618966147,0.1630222991989608,0.42656688493919553,0.4293749241320709,0.10182692524831849,0.17060956227559163,0.16787183373024464,0.26722246599385696,-0.12302174374848263,0.042098028969269397,-0.0015235211595271692,-0.0014721801255682954,0.0036529680365297024
958,0.15087060911431527,0.14949776057746664,0.3188888888888889,-0.10229297306207596,0.07242145327039096,0.14943222596071262,0.14810627473148671,0.31977001326846527,-0.09714771743081096,0.0678202588371759,0.16246234659056275,0.16236900465278079,0.4118318867062586,0.410000756645305,0.09793716785458262,0.16876888483795402,0.1676740444405792,0.27146814404432135,-0.12801404928193005,0.03205642937900555,-0.001438383153602646,-0.0013914858459799229,0.0008811243795763812
959,0.14177122076018636,0.14002945252945254,0.3018824076225889,-0.0851214800794633,0.08147316837564789,0.14054423967486804,0.1386001386001386,0.3034098816979819,-0.07862112904129714,0.0797588460531724,0.15291058126070914,0.15198371448371448,0.40004742708086316,0.40564273337382584,0.09990213334225928,0.15937556816082168,0.15757103257103258,0.25115970841616964,-0.11359508838500432,0.03347214334633397,-0.0012269810853183238,-0.0014293139293139467,0.0015274740753929983
960,0.1493535330800376,0.14743506352716707,0.3145291273313378,-0.0987741933564582,0.08095680608356937,0.1479396980020845,0.1461775291617883,0.3186587591240876,-0.09859488139082417,0.07222376503309591,0.16025860001270506,0.15979359091106196,0.4147673314339981,0.43611488757861167,0.10885993724483778,0.1669948553249348,0.1645635488487056,0.26928133216476774,-0.12682100932332974,0.033883584811505774,-0.0014138350779530906,-0.0012575343653787596,0.004129631792749777
961,0.1495252209345125,0.14837894369879728,0.3267988929889299,-0.08420968704599141,0.07968832559481354,0.14839350227105558,0.147028063447795,0.3310376492194674,-0.08393807637818351,0.07541320083114333,0.16408688849720288,0.1652867352274708,0.4305490380103238,0.4004601811314453,0.09550628722039345,0.16807817881124265,0.16589681017953634,0.2770764119601329,-0.11527920952344772,0.041425958959964704,-0.001131718663456932,-0.0013508802510022733,0.004238756230537488
962,0.1499018138427969,0.14751032833224614,0.3098982423681776,-0.08432154272982695,0.08747776620003489,0.14878235588268937,0.1456838443139813,0.3129471497807524,-0.07443050410622964,0.08556293459327802,0.16152666879717284,0.16338334420526202,0.4161184210526316,0.439136368301617,0.10194538278442067,0.16815421739344152,0.16686236138290933,0.26301911667765326,-0.11753737481774817,0.039181457896276695,-0.0011194579601075394,-0.0018264840182648512,0.0030489074125747972
963,0.1475281385753774,0.14651902872836653,0.310920472988639,-0.08726743958210625,0.07311880221855793,0.14600345356058522,0.1454291817428833,0.316190036900369,-0.09042402923992687,0.06815734592157674,0.15818069808523216,0.15807140677448886,0.41189215214251323,0.4113291117769783,0.10741756531507951,0.16599009837158404,0.16421814377261432,0.26258593923264584,-0.11718715728977369,0.03083856594863188,-0.0015246850147921653,-0.0010898469854832282,0.005269563911730002
964,0.15228829688386092,0.15015849580963134,0.3219995496509795,-0.11572902859878231,0.06996761922125849,0.15096725874824474,0.14902948456294238,0.32437275985663083,-0.1061057263937859,0.06510399407991718,0.16381558224792056,0.16322897216553042,0.4175365344467641,0.4282105999931615,0.09745767436797026,0.17032285819808413,0.1685266403230709,0.27302065404475045,-0.14661064504645116,0.02619499294918659,-0.0013210381356161816,-0.0011290112466889601,0.0023732102056513438
965,0.14800793435736306,0.146362687086669,0.3131359851988899,-0.11879451655719331,0.079162278156933,0.1465186086004924,0.1434476157326836,0.3140096618357488,-0.11413224958847312,0.07423605413742695,0.15757181709136253,0.15784893839192482,0.4097699786578136,0.4559974220495988,0.10207992903028762,0.16647898351081436,0.16454925165332404,0.2677943760984183,-0.1438689166271847,0.030328405267915914,-0.001489325756870663,-0.002915071353985388,0.0008736766368588889
966,0.14592362052509306,0.14413243196394523,0.31875881523272215,-0.09636912763953287,0.08814036933925928,0.14451585445743098,0.1420956838273531,0.31956827780384794,-0.0929029450586969,0.08642055725459086,0.1581984990843973,0.15743629745189808,0.42441020702936927,0.4144861465487546,0.10963802039761528,0.163754669770058,0.16155312879181835,0.26780498764322624,-0.12383238680530795,0.04578999675429818,-0.0014077660676620751,-0.0020367481365921314,0.0008094625711257963
967,0.14691880565448304,0.14465708347765846,0.3127314814814815,-0.09418358061520093,0.0792752965357909,0.14560639436294634,0.1433581572566678,0.31797235023041476,-0.09720129747431083,0.074994772964744,0.15918714942380333,0.15877208174575685,0.41530443022980335,0.41917381151695354,0.10046388821247376,0.1654176603493676,0.16349151368202286,0.2666226332012329,-0.11301581701643626,0.0317614848971689,-0.001312411291536697,-0.0012989262209906483,0.005240868748933258
968,0.14678995802657435,0.14534355111053385,0.30483356133150935,-0.12275958456618974,0.06642454082721116,0.14532250230571844,0.1431787678053427,0.306672760511883,-0.11855912190293338,0.06856259187771208,0.15880156003106596,0.1588085032688228,0.40625,0.4560530923514999,0.11474449456853064,0.16554623589490047,0.16309477421310126,0.25833333333333336,-0.14679127021064353,0.029222452548496203,-0.0014674557208559091,-0.0021647833051911536,0.001839199180373674
969,0.15008445516680136,0.14852045256744995,0.31593098812457987,-0.09326138112358617,0.07735897046652473,0.14875193752559254,0.14664926022628372,0.31920588891367385,-0.0894404151513688,0.07316607233825778,0.16279480943268115,0.16357702349869452,0.4198754899700254,0.4296036877807758,0.10377422867460628,0.1675398312580345,0.16579634464751958,0.2684289705566301,-0.12490977220500854,0.03752643824798896,-0.0013325176412088136,-0.001871192341166228,0.003274900789093982
970,0.14746213728746424,0.145764767018881,0.30349191469416453,-0.0977706392803609,0.0788223549667375,0.14596178587659034,0.14368612506495756,0.30375029117167485,-0.09159095775783421,0.07320514236804365,0.15845590022164374,0.1590161094751429,0.4035551285130915,0.39881839494863536,0.10129120536151326,0.16568780978664838,0.16287025809804262,0.2526245253517981,-0.13466634597626603,0.033452560900363415,-0.0015003514108739013,-0.0020786419539234324,0.0002583764775103137
971,0.1454192573031717,0.1433092028263037,0.3156692553677478,-0.11200581286063005,0.0741394507604396,0.14409933510202633,0.1417486670423512,0.3182541486701523,-0.11207545598964752,0.06966907765938313,0.16036247952878516,0.16116866790931553,0.4223954642097803,0.46277333487743744,0.10500631264868654,0.16382028278663172,0.16142875720664096,0.2698653929656969,-0.14063468441003635,0.025603971377541113,-0.0013199222011453793,-0.001560535783952488,0.0025848933024044674
972,0.1449105763870341,0.14381562323007885,0.3086278109224415,-0.10360977254257775,0.06846105394614566,0.14360962694749133,0.1425521718293905,0.3118131868131868,-0.09519266479163024,0.06631276923004581,0.15653000645665027,0.15767002134797195,0.41173664122137404,0.43594056892753674,0.1041225802334026,0.1628749935850407,0.1612425391016425,0.2643171806167401,-0.1283687350386511,0.029362272113128918,-0.0013009494395427867,-0.0012634514006883424,0.003185375890745301
973,0.14391955313533458,0.1421137083134568,0.30428736964078795,-0.11184118050687741,0.07843356170091187,0.14245621351469104,0.13942495338045882,0.3044982698961938,-0.11377392113308538,0.07414475538199328,0.15672021397130947,0.15538401491825318,0.4033389789499153,0.4516419510138103,0.11746169920307203,0.16202007260819098,0.1595472483628952,0.2514930325149303,-0.14484850642613134,0.03425885661604955,-0.0014633396206435445,-0.002688754932997972,0.00021090025540582147
974,0.14678573775179227,0.145452964701791,0.31577731577731577,-0.09911623926484525,0.08013326505632856,0.14545499790001304,0.14275778125543384,0.31645569620253167,-0.0992696799656706,0.0767127536449097,0.16170919713149254,0.162754303599374,0.4260787550106107,0.44885459288029067,0.09894607781913256,0.16447878037905087,0.16253695009563554,0.2683303886925795,-0.11563081666288577,0.037590654376805865,-0.001330739851779228,-0.0026951834463571633,0.0006783804252158965
975,0.14819048527977752,0.14626943455224528,0.3198992443324937,-0.07799983593384185,0.07749068288005168,0.146885034518962,0.1445756970381308,0.3238377392889699,-0.07342753964233573,0.07302151305594606,0.1606338931819542,0.16086163467384695,0.4127540294323756,0.4018942755281553,0.09579299739781799,0.1664546189502778,0.16468340137236168,0.27171297309122733,-0.10404488945892887,0.034075890303024714,-0.0013054507608155075,-0.001693737514114474,0.003938494956476191
976,0.15088701277939864,0.1486275191104934,0.3211420481359132,-0.07716611321236977,0.08660667264749011,0.149597259002024,0.1471942321056289,0.3215630885122411,-0.07650253785826822,0.08444711426018503,0.15930503752950417,0.15844336344683807,0.40616844602609725,0.3809408492413287,0.09157365693829167,0.16895773345909723,0.1685632383599722,0.2741754543414853,-0.10792655900932557,0.039312343965509866,-0.0012897537773746415,-0.001433287004864503,0.0004210403763278969
977,0.14759618040753142,0.14505504030510533,0.31927846674182636,-0.08444625810324158,0.06896167410402376,0.14616728912036184,0.14410158620091879,0.3228558599012124,-0.08254020751680846,0.06493894911419551,0.16187791644360655,0.16139377654502904,0.42329149232914925,0.44384877210384455,0.09712074903282153,0.16543413514614067,0.16395076709716563,0.26932185145317544,-0.12416030803816369,0.024499976848027294,-0.0014288912871695814,-0.0009534541041865408,0.003577393159386044
978,0.14885425529680976,0.14518447532343076,0.3149312834847426,-0.104706898626309,0.07626062484812623,0.1473728929862681,0.1435292067778891,0.31722054380664655,-0.10176563024742236,0.07410197067967372,0.16111444965979077,0.16064816831467527,0.42395758013979273,0.43978793903247176,0.10734524487384145,0.16657911022105684,0.16474277997996253,0.2665919282511211,-0.12422009945745582,0.04021110023497032,-0.0014813623105416618,-0.001655268545541655,0.002289260321903963
979,0.14697473224355154,0.14539037992331824,0.3020501138952164,-0.11344391228240791,0.07283556939556268,0.14553628322841172,0.143429766469153,0.3055745164960182,-0.11129139113099284,0.07177072188977962,0.15701329533626648,0.15689264552108748,0.39878163074039363,0.4667073385685111,0.09881784853666975,0.16527037999522853,0.1639944231439526,0.2587336244541485,-0.1250294782650977,0.03237136417580566,-0.0014384490151398144,-0.001960613454165233,0.0035244026008017793
980,0.15125025985594304,0.14975991694424018,0.3213632204940531,-0.0940585594127128,0.08858322991924072,0.1497091343472346,0.14828913786390968,0.32559726962457336,-0.09168799916927395,0.08374003421966969,0.1604980201842826,0.15988233767357357,0.4174959500115714,0.40097824761956363,0.09932248994872439,0.1687751090455563,0.16727949128347103,0.2733797303175294,-0.1291541944892164,0.04099356782780339,-0.0015411255087084408,-0.0014707790803304976,0.004234049130520279
981,0.15145233879675482,0.14963265661000738,0.3205187586845762,-0.08794164872137245,0.07977663620471376,0.15014235664311468,0.14837195148458895,0.3219478421417032,-0.07411701323252984,0.07656293964471317,0.16342994581654396,0.16310915967482503,0.4090909090909091,0.4007508897118516,0.08577553645004798,0.16951823553770706,0.167586836499587,0.26991150442477874,-0.12633688748609107,0.036498855863373425,-0.0013099821536401435,-0.0012607051254184265,0.0014290834571270006
982,0.14884756418264647,0.14685284454435416,0.3158500115021854,-0.11377936649215847,0.08134844534310026,0.1475166759996367,0.14559916998097874,0.31792172121766993,-0.1120649615126631,0.07667080342582844,0.16154400612855688,0.16168078851807022,0.4171198864979901,0.4480816072196936,0.10643761562664922,0.16701507786560088,0.16535535189348088,0.26802096985583224,-0.14258251958774426,0.032233205211746,-0.0013308881830097763,-0.001253674563375412,0.0020717097154845376
983,0.14503640902415443,0.14301154295101812,0.3107728337236534,-0.11133723252616401,0.08302866188299018,0.14378238448109126,0.14154165405732566,0.31343283582089554,-0.112395891878457,0.07915645515102321,0.15845599569274518,0.1575375037828023,0.4047846889952153,0.4230827450205402,0.10238969554282407,0.1633732122026906,0.16134192209588863,0.2622401073105298,-0.1286670563056339,0.03935877485025341,-0.0012540245430631702,-0.001469888893692456,0.0026600020972421534
984,0.14783570710042188,0.1466805248798233,0.3094025011579435,-0.09486056005619037,0.0838741010471008,0.14643843427960068,0.14468840673855615,0.3143318716824371,-0.08529889129195178,0.08067409572558415,0.16048914195750447,0.16105842102983847,0.4127324749642346,0.4365255746793914,0.11032747837163814,0.1662154077476329,0.16357022216447967,0.26217228464419473,-0.11245504722452215,0.036727355976756026,-0.0013972728208211938,-0.001992118141267152,0.004929370524493604
985,0.1460586294530872,0.14402952670429875,0.31878874582737243,-0.06928460229522715,0.08642616129726766,0.14455136364894194,0.14203213200173687,0.3237869822485207,-0.07287386636644855,0.07967956264543075,0.15734345621971255,0.15735996526270082,0.41650485436893203,0.41422493960254075,0.10253094517584604,0.16477183059698586,0.16191923577941816,0.2683037744429286,-0.08885193075814135,0.04202918952388912,-0.001507265804145258,-0.0019973947025618832,0.004998236421148272
986,0.148429372700455,0.14612668381359256,0.32668500687757906,-0.09181720710418684,0.07719400559066358,0.14710355333378214,0.14451371027507737,0.329535095715588,-0.09217309120828776,0.07164905386124287,0.16343183194176247,0.16243079471642183,0.426498127340824,0.39938125658225815,0.09638806926942767,0.1664848302151011,0.16295392126945377,0.27626970227670755,-0.11684502239342576,0.033260926503714816,-0.0013258193666728646,-0.0016129735385151944,0.002850088838008913
987,0.14916688767059655,0.1476169844020797,0.32124593212459324,-0.08703590021312502,0.08487205507234818,0.1477016831281384,0.1461005199306759,0.3255599168783191,-0.08553705668645029,0.07867291282044586,0.16071474723641357,0.16070190641247833,0.4243436754176611,0.4521185938625033,0.10881356997624703,0.16669909576808772,0.16347487001733102,0.26923929917941897,-0.11771324048030019,0.040623005205320806,-0.0014652045424581595,-0.0015164644714038,0.0043139847537258524
988,0.1509086024267048,0.15077614908980844,0.32596175996314214,-0.09363964768762045,0.08357750492283822,0.14952394456857726,0.14917628745622,0.328826764436297,-0.0852692322751124,0.07869066534094493,0.16218614743037435,0.16318588662602154,0.4214568303467536,0.40092089271859516,0.09292624151428608,0.1688965471782152,0.16746659748346088,0.27429947460595444,-0.11813571361794584,0.03534652296241403,-0.0013846578581275526,-0.0015998616335884397,0.002865004473154853
989,0.14480265761498945,0.14316721653064768,0.3136163303177917,-0.08141233283393812,0.06709418144158641,0.14324660949817133,0.14125716270185795,0.3161424606845513,-0.07629440053868453,0.06427873806282391,0.15565936956731233,0.15619031081785031,0.40934264387189984,0.4236881216504695,0.10131264712193078,0.1630332404483741,0.1613561382184407,0.26595508116522126,-0.12082594614749187,0.02681168386852284,-0.001556048116818115,-0.0019100538287897262,0.002526130366759638
990,0.14765308692065152,0.14550034746351634,0.3197933787274008,-0.09190973009289605,0.08401480925753912,0.1462024687884979,0.14424079221681724,0.32337146859677796,-0.08895478131949597,0.07883987007062632,0.1573519694411027,0.15735753995830437,0.42311411992263054,0.4202208077132264,0.11053637259046711,0.16608019774551402,0.1642199444058374,0.2720816688859299,-0.12170835656245726,0.030756060125561646,-0.0014506181321536082,-0.0012595552466991011,0.0035780898693771324
991,0.14791737546750028,0.14566298940082198,0.3108640259439426,-0.1068169826660279,0.08821187281989284,0.1462362304713854,0.14384598745403418,0.31421965317919076,-0.1064116995962956,0.0865112352021804,0.15897884525496966,0.15846852693056457,0.4170842281078502,0.43038800313540343,0.11499691529886324,0.16607404424876793,0.16314081765087604,0.2602436323366556,-0.13248369608444943,0.0461210917815108,-0.0016811449961148806,-0.0018170019467877996,0.003355627235248182
992,0.1493639720741675,0.14795032134792427,0.31416930737890447,-0.11375697570331877,0.06859317174235924,0.14773286864393603,0.14586590237971164,0.31557562076749435,-0.10935419069865582,0.06604323970732728,0.1617486454642511,0.16184644780267501,0.41788579518640867,0.4791051706013866,0.10684215226783833,0.16830108629209695,0.1651033524405072,0.2624864864864865,-0.12992621452014685,0.024606844138058248,-0.0016311034302314564,-0.0020844189682126257,0.0014063133885898749
993,0.15060932441975197,0.14928416485900217,0.3127928772258669,-0.08604288130953719,0.0770304138623431,0.1490443267225308,0.14711496746203906,0.31446540880503143,-0.0878789849044348,0.07161975513694285,0.16006855776975684,0.159175704989154,0.41481306199716045,0.40595932813066865,0.0861203205210157,0.16930262238550486,0.16819956616052062,0.2668463611859838,-0.11441958106733596,0.03720796564339679,-0.001564997697221182,-0.002169197396963113,0.0016725315791645268
994,0.14931085838289498,0.1478695652173913,0.3223159868729489,-0.09382993981323606,0.09360570689733627,0.14807857963634838,0.1468695652173913,0.32600561272217027,-0.08818722586072225,0.09146779169890162,0.16019653548045207,0.1602608695652174,0.419811320754717,0.4221549405350403,0.09916428641326669,0.1666165056615239,0.1646521739130435,0.2691451469278718,-0.12339784832123957,0.04528882341271079,-0.0012322787465466056,-0.0010000000000000009,0.0036896258492213896
995,0.1410580131340121,0.13947826086956522,0.30208827717133363,-0.09020795427632433,0.08289900082486701,0.13986250341833156,0.1376521739130435,0.3040811512149092,-0.08622658826055996,0.07746000732730851,0.15517328712095718,0.15478260869565216,0.4044531441154881,0.4365190023313058,0.11052908779246429,0.15945644552105998,0.1575217391304348,0.2489786654561961,-0.11207688258277704,0.04112753076361775,-0.001195509715680526,-0.0018260869565217275,0.0019928740435755654
996,0.14216978725415413,0.14014903909007714,0.3032456763800047,-0.10907821162244513,0.07685479100261561,0.1407042152324806,0.1385802065629494,0.3048090523338048,-0.10286351830327034,0.0722665776024769,0.15314337141927098,0.1531790648014991,0.4025279533300924,0.4109506316338294,0.10023283070808464,0.1600397744461399,0.15714472480062752,0.25292529252925294,-0.13096476626439169,0.028132334420189364,-0.0014655720216735224,-0.0015688325271277503,0.0015633759538000724
997,0.1459678417820848,0.14408872330286357,0.32202623247399365,-0.07809486166549418,0.06946572118030436,0.1448596771619062,0.14313564094788372,0.32592093441150044,-0.07862711505646891,0.06310359221271356,0.159431634105653,0.15925139713208855,0.42477668077103903,0.427531543034776,0.10509364339881277,0.16371279173635192,0.16159078109431183,0.2763612791702679,-0.10643738898543742,0.025779102269514298,-0.0011081646201785977,-0.0009530823549798451,0.003894701937506795
998,0.14711431903434447,0.1451257929486903,0.3120713305898491,-0.0812890857515226,0.07779013369511378,0.14566518321983163,0.1436585681612221,0.316039873130947,-0.07762205738935002,0.06930418230672253,0.15932179959768858,0.1594528114616148,0.413290113452188,0.41652263169847953,0.08945831685415195,0.1653017007955568,0.16394079316445864,0.2665217391304348,-0.12064069089284357,0.029844508350702625,-0.0014491358145128364,-0.001467224787468191,0.003968542541097908
999,0.15442202665929058,0.1523106964634411,0.33295634471838953,-0.08782176987271584,0.07354332385167273,0.15292939736717104,0.1504013885875461,0.3343115124153499,-0.08775793298466639,0.07163956801529237,0.16425538803909281,0.16359297027554784,0.42478691545726793,0.3990641774027889,0.09046559795283182,0.1726094932965183,0.1712302017791278,0.28270774571490564,-0.11509760113449474,0.033775979713948856,-0.001492629292119546,-0.0019093078758949944,0.0013551676969603688
1000,0.14479911537404988,0.14189832857019138,0.31247155211652256,-0.0743138726803001,0.08017478663250621,0.1434693236547295,0.1410756040530008,0.3174495121397776,-0.07654591665609423,0.07742847659419494,0.15804678788164073,0.1580930111717329,0.41849602989257356,0.42277551244270156,0.10383530388564843,0.1620597697089482,0.15943535117346497,0.2627118644067797,-0.10750365164112141,0.036233826019527626,-0.0013297917193203779,-0.0008227245171905928,0.004977960023255068
1001,0.15487634481386084,0.1541199965268733,0.3243852921272276,-0.09444724670334259,0.07182444212535921,0.15347623365276294,0.1516888078492663,0.3261600537995965,-0.08623198280308808,0.06590456270643386,0.16720358254962028,0.16727446383606842,0.4352,0.4155780307024522,0.08408704949313317,0.17325189877618274,0.17096466093600765,0.27440347071583515,-0.13132336458466354,0.0344023472271523,-0.0014001111610978945,-0.002431188677606999,0.0017747616723688964
1002,0.14964506128630686,0.148146546130888,0.32647874306839186,-0.07414695321713016,0.09063054620595268,0.1482688659320816,0.14719494787836845,0.33088235294117646,-0.06748032123082193,0.08554797091898347,0.16151152886126777,0.16120939487002034,0.41857176526042894,0.42019797416019844,0.10863133368063504,0.1669514479776916,0.16540507807431118,0.2750055444666223,-0.10264868570111474,0.052299457583393605,-0.001376195354225257,-0.0009515982525195588,0.004403609872784597
1003,0.1474165583593646,0.14443190695252148,0.3177742009657393,-0.1060654425435309,0.06805187628774378,0.14571555976809963,0.1429563405954344,0.32250686184812444,-0.10747082175361078,0.0631068552529912,0.15840980139060226,0.15831959031334086,0.4107992388201713,0.4395957306989772,0.09922700889814007,0.16585531000567366,0.16378786563666348,0.2741295724988982,-0.13019563142525292,0.02741670343695124,-0.0017009985912649628,-0.0014755663570870658,0.004732660882385165
1004,0.1505052113025735,0.14853075220278658,0.32481412639405205,-0.07694859038142621,0.08226034116004655,0.14903295704167518,0.14718520769130605,0.3298802946593002,-0.07322212467076383,0.07369064741672049,0.16064621450676692,0.16029341551282608,0.4279923700524559,0.4523168471368647,0.10582699895419334,0.16864572635552133,0.16710794739355006,0.2805930515600797,-0.11606672519754169,0.036198237289668755,-0.0014722542608983091,-0.0013455445114805287,0.005066168265248139
1005,0.14782169262166364,0.14577461735246933,0.3230224321133412,-0.102907951622906,0.07977496920144489,0.14652352549067224,0.1443003945713914,0.3263676919464663,-0.10020070739078601,0.07456319111446885,0.1612178348128615,0.1613406755409097,0.42815814850530376,0.47793916582219437,0.09866766476673317,0.16621985566957112,0.1642891211030655,0.2757303370786517,-0.12832454903390578,0.03308612383895093,-0.0012981671309914011,-0.0014742227810779218,0.0033452598331251138
1006,0.14949848735217133,0.14714322984607356,0.3086560364464693,-0.11405458908131805,0.06857622687404397,0.14792960018743065,0.1451430559179059,0.31306715063520874,-0.10802365998190655,0.06473224475031691,0.1610061149416201,0.16110096530133056,0.4089078417436626,0.42788560734934034,0.10466694792459219,0.16791833830804492,0.1657535437864162,0.2636481802426343,-0.14303907691730555,0.020312895765026817,-0.0015688871647406843,-0.002000173928167648,0.004411114188739462
1007,0.1474103070374368,0.1448746360752618,0.31104380242311275,-0.08739380995152446,0.07577803299845942,0.14617799204112844,0.14370138617303263,0.3149733857903263,-0.08025619313390064,0.06951857770897019,0.16230950418122245,0.16242993090861688,0.4243452958292919,0.4488293668479068,0.11203970502032867,0.1654978641986603,0.16347281971059835,0.26258107805859987,-0.12171516497882484,0.037142084832301414,-0.0012323149963083535,-0.0011732499022291676,0.003929583367213552
1008,0.15050956061700738,0.14893708952644313,0.31594669117647056,-0.11117764396786312,0.06897895446337754,0.14894771722183656,0.14729519529899757,0.3188904172397983,-0.1092713440473495,0.06683408647633238,0.15899421941976438,0.15865883166263395,0.40622771571190874,0.41260044211274133,0.1000795402755349,0.1688039064790496,0.16751641894227445,0.26842806394316165,-0.12692837550330183,0.03637696106028865,-0.00156184339517082,-0.0016418942274455672,0.002943726063327712
1009,0.1522604886014859,0.150751585715527,0.3217753120665742,-0.09787224822326224,0.08110133456113611,0.15078914681885702,0.14936136936310712,0.32527624309392267,-0.09787713104768325,0.07725481570919512,0.1636957270943247,0.16356764271439742,0.4254324450677887,0.4197457452288702,0.09135871816631214,0.1707841634741334,0.16865062125293248,0.2759078830823738,-0.12027548590206516,0.040499191123980705,-0.0014713417826288655,-0.0013902163524198707,0.0035009310273484417
1010,0.14984242897312677,0.14709335188486455,0.3221523410202656,-0.09959498695122504,0.07395981256419581,0.14850058032299182,0.1453541458324275,0.3270032422417786,-0.10015533430513779,0.06855591679688466,0.16075463351302602,0.16083307969911737,0.4272311763290835,0.40383673685464333,0.10335700553836813,0.1681361153251594,0.16518109483021,0.27633928571428573,-0.13258347781204094,0.03353867222470874,-0.0013418486501349525,-0.0017392060524370478,0.004850901221513049
1011,0.14930658697248342,0.146923544215916,0.3172635445362718,-0.088181030764368,0.08141386773984183,0.14788229197494404,0.145101102143539,0.31995438996579245,-0.08862822619561106,0.07525126578565933,0.16281476602927453,0.16341230582313634,0.4198830409356725,0.40645291510883164,0.09862665250842073,0.16817702342941623,0.16545170528508202,0.2680457746478873,-0.1172173005985695,0.041463206795485874,-0.001424294997539377,-0.0018224420723770007,0.0026908454295206385
1012,0.14744325464389468,0.14565595134665507,0.31380268642890224,-0.08373166731745418,0.09270256498198215,0.14611282059178224,0.1443527367506516,0.3170955882352941,-0.07889355720421709,0.08549330786993414,0.16071596414202519,0.16194613379669853,0.4200934579439252,0.41858274111675126,0.10075996998956527,0.16593593897783007,0.1631624674196351,0.26444102789369645,-0.12637204217102693,0.04287387611929738,-0.0013304340521124447,-0.0013032145960034658,0.003292901806391857
1013,0.1507519122537525,0.14768482321257928,0.3244075829383886,-0.10905945891598667,0.07995644068062391,0.1492590032573011,0.1463817218312918,0.3296340023612751,-0.1101663456766585,0.07668953713576376,0.1610378612776616,0.16062896360003476,0.42339294345094247,0.3692503424727869,0.09781551339252603,0.16896478394554895,0.1673182173573104,0.2781920903954802,-0.13065340650454604,0.03530875890086849,-0.0014929089964514086,-0.0013031013812874748,0.005226419422886486
1014,0.14833596391471815,0.14693859801704645,0.3118597769178238,-0.10056471029424385,0.07617987224433187,0.14708537392497292,0.14559053748477996,0.31434407625964594,-0.09727239542087973,0.0734212696282418,0.16135467420761843,0.16172377804835625,0.41039260969976904,0.4322946068271899,0.08954848492230649,0.1665073197082139,0.1653331014089407,0.26260641781270466,-0.12177376081895963,0.03628623441164547,-0.0012505899897452266,-0.001348060532266493,0.0024842993418221493
1015,0.1506093905286387,0.149024040342564,0.3188896411645227,-0.09566827769998643,0.08435107120882945,0.14923828358116556,0.14750249967395557,0.32142857142857145,-0.09136591535299698,0.07995077955544028,0.16453406507362534,0.16454375516237013,0.4196736382440818,0.4379338121264134,0.1011140870312649,0.1679543834035901,0.16554362474459852,0.2686986597492434,-0.11679991568423742,0.043491220141643305,-0.0013711069474731385,-0.0015215406686084343,0.0025389302640487776
1016,0.1474021568629707,0.1458487849570263,0.303954802259887,-0.09115170231519942,0.07695861807502546,0.14605953878735015,0.14432180096854413,0.3068973264434958,-0.0854461403831398,0.07146873229374728,0.16019910799012868,0.1609877404999782,0.3976905311778291,0.4074278521468386,0.09701781612200355,0.1657879460775636,0.1643907333885956,0.25646551724137934,-0.13084839914519608,0.031561485652917165,-0.0013426180756205552,-0.0015269839884821668,0.0029425241836087968
1017,0.1440717228035728,0.14358575380359612,0.32223971216550484,-0.09769958126797862,0.07120486215853661,0.14259202778263513,0.1421161825726141,0.3249607535321821,-0.09847193114247177,0.06867538215290492,0.15730196156791615,0.15564488243430152,0.41807647740440324,0.37134652435509485,0.09902914222048709,0.16186371492649973,0.1599671507607192,0.27380695314187,-0.12064915443192115,0.03241950207218158,-0.0014796950209376714,-0.0014695712309820141,0.0027210413666772792
1018,0.14837412413564052,0.14680093758138726,0.3130071875724554,-0.09194055944055934,0.08466178202568575,0.1467980726822489,0.14510808229881067,0.31655172413793103,-0.09407731157731158,0.07676180241684838,0.1589075435659998,0.15860751801371648,0.4150765606595995,0.45648407148407144,0.09918066346895449,0.16631839091923833,0.1637294904071534,0.2678610926786109,-0.11352369852369848,0.04025108584627557,-0.0015760514533916248,-0.0016928552825765941,0.0035445365654756533
1019,0.14760287847844658,0.14543159360988986,0.3091743119266055,-0.09610203152369468,0.07966007236551775,0.14629788234244634,0.14438688895660123,0.31247134342044935,-0.08960306901425796,0.07923439720895131,0.16098607381783564,0.16105863404866583,0.4197324414715719,0.43908261806553617,0.11669381098680076,0.16560388963221545,0.16288686719192094,0.2578866093095081,-0.12103829148516143,0.04283917132251802,-0.0013049961360002416,-0.001044704653288625,0.0032970314938438605
1020,0.1518958352945811,0.15140982751879045,0.3233912635039925,-0.1136415576028924,0.08827522685528622,0.15022051641272577,0.14919407394534476,0.3249122807017544,-0.11524334383723855,0.08462107989260215,0.16008529531956436,0.15914324195160098,0.41984015044663847,0.44053316544854787,0.08913502614062363,0.16975033680698615,0.1677021332058913,0.27256398742703186,-0.13988584783659286,0.04614506187375278,-0.00167531888185532,-0.0022157535734456946,0.0015210171977618758
1021,0.14638529741921275,0.14518647007805724,0.31219168428470756,-0.10364678774654001,0.07860551595909515,0.14467882263158893,0.14323503902862098,0.3137576041179223,-0.09903636917104697,0.07492426590040469,0.1554409399325678,0.1546400693842151,0.40473344489600765,0.392669277740271,0.09462978092045338,0.16467763671637956,0.1629228100607112,0.26221825485382727,-0.1447342762935816,0.030099632832821577,-0.0017064747876238129,-0.0019514310494362641,0.0015659198332147461
1022,0.14994523824117426,0.14837168910117238,0.3153237074988356,-0.09318871027310893,0.08101911883645352,0.148400959764512,0.14667824576639166,0.32022211938917167,-0.09526972464662686,0.07500368043211836,0.15845165234603434,0.15892314372557534,0.41644939559137234,0.4266294724893121,0.09713190027663676,0.1682560144896381,0.16695614415979157,0.26943462897526504,-0.12050750889505879,0.030747240743081772,-0.0015442784766622475,-0.0016934433347807198,0.004898411890336074
1023,0.1472484691256668,0.144689361332116,0.31540457655107335,-0.08199874102516158,0.08122726430363603,0.14569497284555083,0.14295030650841267,0.3196142991533396,-0.07646254966098609,0.07840747309248175,0.15785969309967057,0.1571670796921873,0.41953601953601954,0.43369153707636077,0.11246187464257629,0.1653487096404851,0.16286248423981567,0.2688220664707212,-0.10670564194909293,0.04131637331499027,-0.0015534962801159735,-0.0017390548237033177,0.004209722602266264
1024,0.14542766512927643,0.1424247665167762,0.3068129858253315,-0.09186182935493825,0.08005706800273871,0.14432352851604413,0.14160325147007954,0.3127139922392148,-0.08052130180376227,0.07857388477082883,0.1581317881378006,0.15824974057419577,0.41617819460726846,0.4286644570671845,0.10315234975676402,0.16349867684578864,0.16162227602905568,0.2641098278492046,-0.11643450992645832,0.034502154451220624,-0.0011041366132323038,-0.0008215150466966692,0.005901006413883303
1025,0.1457577402101877,0.1433804290947148,0.31247080803362914,-0.09569698650397485,0.07881056314615387,0.14445814099345056,0.14137449851735567,0.31520223152022314,-0.08937556963215953,0.07449262429813064,0.1601830409559774,0.1597331240188383,0.4119867862199151,0.42759411701744654,0.08831002861180515,0.16432204241770018,0.1620879120879121,0.26099575798169233,-0.13001211431240334,0.036278865493124535,-0.0012995992167371406,-0.002005930577359122,0.002731423486593998
1026,0.14430335684662834,0.14296888579871372,0.302158273381295,-0.10010386821981021,0.07349118892296802,0.14292534879505536,0.14179558491221972,0.30825892857142856,-0.10379153857414736,0.06674887801260398,0.1566858431698096,0.1571354076134191,0.4085422469823584,0.44397041498490775,0.10298879915581072,0.1627224295091774,0.16048148791934644,0.25420077552778975,-0.12947975266815848,0.03261592902888599,-0.001378008051572982,-0.0011733008864940053,0.006100655190133586
1027,0.1471105825175751,0.14615716753022454,0.32103825136612024,-0.09338096614766167,0.0819837196789246,0.1458268499596699,0.14451640759930914,0.32404891304347827,-0.09194096835033516,0.07692299624195398,0.15851589775230018,0.15785837651122625,0.4128419100602689,0.42781563622847224,0.09843107084907932,0.1645653026915589,0.16247841105354058,0.26976542137271936,-0.11412877379919883,0.037280662652350416,-0.001283732557905204,-0.001640759930915392,0.0030106616773580286
1028,0.14789029501145434,0.14621001390820584,0.3190255220417633,-0.08871338944531681,0.08838365630844847,0.146301376706282,0.14390646731571627,0.3226549896289468,-0.08286836560431698,0.08220447107955497,0.15908591013593432,0.1577712100139082,0.4236359304264951,0.4682005005245357,0.11246117116586085,0.16522571664352814,0.16333449235048678,0.2708838439497465,-0.1278462694791963,0.04001555124090317,-0.0015889183051723543,-0.002303546592489575,0.003629467587183466
1029,0.1484937359254566,0.14695325001081175,0.3150999770167778,-0.09988047723075888,0.08113681442168197,0.14706874851076374,0.14492064178523548,0.31674311926605503,-0.0916770365727384,0.07922400763405035,0.16030584835488942,0.15871642952904036,0.41061905865986553,0.40982160688991925,0.08921310974723795,0.16711011028081427,0.16498724213986074,0.26762114537444937,-0.11811768537551348,0.040967871881416706,-0.001424987414692852,-0.002032608225576271,0.0016431422492772518
1030,0.14761263004762595,0.14483567055963184,0.3216332378223496,-0.10905270945742174,0.09354786326763564,0.1460989935267882,0.1436634394130161,0.32507739938080493,-0.10321006785912223,0.09116519372938536,0.1587080993560028,0.15868536447705467,0.4233173076923077,0.4355901968526764,0.09961284027409056,0.16595752010652934,0.16363478487387662,0.2744786944696283,-0.1273845359979865,0.04502804721599529,-0.0015136365208377467,-0.0011722311466157431,0.0034441615584553387
1031,0.1475369915700626,0.1461581652485639,0.3164465786314526,-0.0963077986187506,0.08806177473100796,0.14595208688039896,0.14395542694251284,0.31825795644891125,-0.08579473473099786,0.0850077221504082,0.1573115852657587,0.15626484688809225,0.4156670746634027,0.4293783583067581,0.1055135037630065,0.1663402888205663,0.1637800716969723,0.26748410535876477,-0.13610311317270385,0.03592473424791243,-0.0015849046896636299,-0.0022027383060510553,0.0018113778174586592
1032,0.14835303135793856,0.1461361565496594,0.31974493281712596,-0.08939241578331214,0.06736068506423998,0.14673207349274567,0.14470429990888184,0.32272003638844665,-0.08288630079955583,0.06607908565807574,0.1587643762717937,0.1587625287456068,0.41471571906354515,0.4531665901626511,0.11114866477485175,0.16608473362282025,0.16470690328459237,0.2710503472222222,-0.1186991470691845,0.021009506541299516,-0.0016209578651928958,-0.0014318566407775513,0.002975103571320692
1033,0.14786203059200215,0.14631929718267192,0.3173381620642825,-0.11481019670590698,0.06496617772966251,0.14656405617307638,0.1449777123815294,0.32109058134294727,-0.11723871444889222,0.06070832183517649,0.16036033680782746,0.16042757605920283,0.42145411203814065,0.4773161934060868,0.11244127095317957,0.16542596490074507,0.1629809148742805,0.2701137095043982,-0.14064523610117796,0.013233228611659431,-0.0012979744189257625,-0.0013415848011425202,0.0037524192786647648
1034,0.1495636246782854,0.14883600397356714,0.3425125170687301,-0.08902354937597223,0.06516221909743358,0.1482489905163279,0.14650369282598366,0.3452813067150635,-0.09207416255874401,0.06217193335639437,0.16066786504654476,0.16084308728890426,0.4346198830409357,0.4142255001285839,0.09057964789626727,0.16748361241087867,0.16511899105947395,0.29170324846356455,-0.11280152689844314,0.030560341236836486,-0.001314634161957512,-0.002332311147583477,0.002768789646333425
1035,0.14683602186406428,0.1448486168590721,0.31268708266175455,-0.09206093474858146,0.08026836629657652,0.14531394733943861,0.14389021999564366,0.3156930126002291,-0.09235717080806105,0.0755737966971326,0.15912268543355992,0.15926813330429102,0.41031652989449,0.43306654764234004,0.09691274942187789,0.1653736672668185,0.16340666521455022,0.26296296296296295,-0.11776499217374292,0.02756115306645568,-0.0015220745246256606,-0.0009583968634284401,0.0030059299384745386
1036,0.1484294758396429,0.14744258872651356,0.3209248554913295,-0.07347276034940076,0.08724107795377223,0.14706749064870925,0.1457463465553236,0.32581684307409114,-0.07512533155577783,0.08277301659630798,0.15960497491488207,0.15931628392484343,0.42035398230088494,0.3805732616756239,0.09383678757669578,0.16624532316094662,0.16397007654836465,0.27424308907415534,-0.10692274576789007,0.037666873368572884,-0.00136198519093364,-0.0016962421711899656,0.004891987582761659
1037,0.1476493826526726,0.1451829400303096,0.3139877578780322,-0.09766843498656141,0.08262530816109037,0.14613316071828025,0.1441437540593202,0.31556455240665765,-0.09339547618807942,0.07526604112854407,0.15926944576440588,0.15938514830049794,0.4157277535065532,0.4112058465286236,0.09566172404731543,0.16500288972151794,0.16185321498159774,0.2658008658008658,-0.11674535186881552,0.038679970738170755,-0.0015162219343923533,-0.001039185970989398,0.0015767945286254692
1038,0.14876345849510392,0.14627705627705628,0.3190960451977401,-0.1058089880856603,0.0809521297446063,0.14751585784322152,0.14463203463203464,0.32248653500897667,-0.10499853103757284,0.07444067146208733,0.16100339516493006,0.16025974025974027,0.42577224527431995,0.44114270543880085,0.09922622234393352,0.16604695566437336,0.16333333333333333,0.27302275189599134,-0.11726241735461396,0.0410431918840064,-0.0012476006518823968,-0.0016450216450216437,0.0033904898112365744
1039,0.14753243722340886,0.14563275219012925,0.312557497700092,-0.08945044900126897,0.08326226785233204,0.14620551736344184,0.14424494752363604,0.3195144296839212,-0.08836996921547546,0.07943819831334187,0.16032339943867102,0.1601179633966519,0.41487603305785126,0.41024953593414476,0.10726892662488163,0.1656144115970103,0.16376095064619656,0.2694084011436112,-0.11197136707289979,0.04098505461571833,-0.001326919859967024,-0.0013878046664932142,0.006956931983829184
1040,0.14745658407230786,0.14515566407953256,0.31501494596458957,-0.09527510605913403,0.07561174031398421,0.14613653741134802,0.14358594226912008,0.3170339761248852,-0.0895754396191587,0.0741137068020945,0.1591873303553698,0.15919595360599983,0.40566706021251475,0.4380485119336766,0.10000828607904377,0.1654897580677718,0.16438475625708554,0.26891123742894624,-0.12707665403672397,0.027460663146103292,-0.0013200466609598338,-0.0015697218104124833,0.002019030160295643
1041,0.15450176472789928,0.1522633744855967,0.3285964145168343,-0.10158966850246376,0.0722550524111325,0.15315601853715008,0.15087719298245614,0.3300653594771242,-0.0988656229753021,0.06895075610024726,0.16781733973833776,0.1681611435997401,0.427552385198395,0.4047340212807944,0.09042868212100108,0.1716369538383732,0.16920077972709552,0.2786331997468888,-0.1275101288982905,0.03776645966626824,-0.001345746190749203,-0.001386181503140571,0.0014689449602898752
1042,0.1431839548671236,0.14094917012448133,0.30431802604523644,-0.09713160311246427,0.07122538497458275,0.14213778888110803,0.14017116182572614,0.3084474885844749,-0.0943614466341739,0.07058570706383482,0.15652019963567007,0.15668222683264177,0.4074162110767768,0.41260344519913894,0.1074737999169657,0.1612233064486378,0.15836791147994467,0.2623490669593853,-0.11981914284545869,0.033271162270205434,-0.0010461659860155625,-0.000778008298755184,0.00412946253923846
1043,0.14562418492247714,0.14314227448257907,0.313588850174216,-0.08238009476249109,0.07719230109197317,0.14423749116326776,0.14227448257907754,0.3200184714846456,-0.08723921135980883,0.07160114197786815,0.1564684341789652,0.1559422050592268,0.4168663152850982,0.4143756233172717,0.10536314124380997,0.16389423904398465,0.16223369635961296,0.27208480565371024,-0.11601814880706662,0.02923735945945727,-0.0013866937592093842,-0.0008677919035015302,0.006429621310429567
1044,0.14805205111981495,0.14631286371927388,0.31524008350730687,-0.08733543600055493,0.0763976055401111,0.14662876186604712,0.14505341787544515,0.3191489361702128,-0.08686106567708429,0.07360245795558074,0.16131859325526868,0.16146964301224703,0.42368045649072755,0.43148451041660557,0.09897379756901148,0.1665259868553446,0.16307652219230434,0.26794471689701294,-0.11003193083866325,0.038770618825277436,-0.0014232892537678343,-0.001259445843828727,0.003908852662905915
1045,0.14668957833190305,0.1449772184855717,0.3173258003766478,-0.10222863531049886,0.07036705260069154,0.14510598314178308,0.14367541766109784,0.31731895945629246,-0.09953313414420562,0.0662185797901349,0.15659152305866653,0.1558689520503363,0.4130487509095319,0.4315949594520295,0.09765963688066925,0.16457369289295676,0.162291169451074,0.26613995485327313,-0.13160924948568953,0.030629049889043913,-0.0015835951901199685,-0.00130180082447387,-6.84092035535544e-06
1046,0.14914867360918532,0.14742057455778174,0.3166122258516099,-0.10105008811398797,0.09108445179613345,0.14765857222610854,0.14546481811465078,0.31954450383453403,-0.09478077496048554,0.08745539448554507,0.16110960963790893,0.16089356338823937,0.41532352254146226,0.3916727913556276,0.09215182159336532,0.16741753395999365,0.16610891390325525,0.2680389552899513,-0.12299501366844212,0.041558493204574276,-0.0014901013830767862,-0.0019557564431309515,0.002932277982924114
1047,0.1455390002229157,0.14343907089616917,0.3100883310088331,-0.09512764610668112,0.0907785962675699,0.14408601106278648,0.14300572022880914,0.3140286109829257,-0.09540432150591505,0.08396971323450297,0.15709217416160098,0.15717628705148207,0.41402928672649975,0.4398431232284014,0.1052474727128373,0.16342900031232177,0.16120644825793032,0.26614872364039954,-0.12477696458873433,0.04758474452655159,-0.0014529891601292033,-0.00043335066736002736,0.003940279974092631
1048,0.1474789333069094,0.14542689550293286,0.30666972266788906,-0.09035799519755083,0.07433697648929438,0.14613358465974186,0.14481859656745602,0.31011646494633477,-0.08550220927332386,0.07092074592074593,0.15881103609366362,0.15889637193134912,0.4087264150943396,0.41237471207312243,0.1005992489850106,0.165558803607061,0.16324136432761244,0.2630884293884734,-0.11177003506472549,0.035263839361521554,-0.001345348647167538,-0.000608298935476842,0.0034467422784457136
1049,0.14900013834199885,0.14671999304438552,0.3017042837402119,-0.10952205054216468,0.06533927955014707,0.14781616912780354,0.14580706864322046,0.30389670278994696,-0.1040857004828819,0.06641834155322845,0.16212781967490097,0.162587488588445,0.4102689486552567,0.43529079018939365,0.11972400450544596,0.16788284110280216,0.16650002173629527,0.25545034133450784,-0.1339102275780799,0.02239261182751029,-0.0011839692141953073,-0.000912924401165055,0.0021924190497350504
1050,0.153090516604171,0.15114113723961717,0.3276988956502141,-0.09736921303602142,0.07541345455643655,0.1514938074787893,0.15005846433675457,0.33198562443845464,-0.09290411932604326,0.07225507098703421,0.16350667263943944,0.1639166774933957,0.4176524112829845,0.37152313977862855,0.08404636964613643,0.17139114467334907,0.16937334892382314,0.2780403953588311,-0.12981462329782423,0.02972217225241558,-0.0015967091253817067,-0.001082672902862597,0.004286728788240546
1051,0.14665954900460682,0.1450302055717328,0.3168831168831169,-0.08701903437968062,0.07849524170143585,0.14553094786788906,0.14376982919727063,0.31900399342259805,-0.0804159000877146,0.07371000955021212,0.16024204569467057,0.1605893346081968,0.4202409638554217,0.40805026646864917,0.0969836386493459,0.1650165734456294,0.1638054674257899,0.2669836956521739,-0.12440111844001056,0.03912583173000406,-0.001128601136717755,-0.0012603763744621632,0.0021208765394811757
1052,0.1452094474619025,0.14448305821025195,0.3032348149872004,-0.11016182814804987,0.08217673759658484,0.1439568742538783,0.14257167680278018,0.3076923076923077,-0.10819055083958651,0.07810008481764208,0.1590007105632931,0.15842745438748915,0.4068241469816273,0.4115963193824319,0.10492016888963451,0.1630382079793282,0.16146828844483058,0.2563361493997332,-0.14123919465655466,0.03905004240882104,-0.0012525732080242158,-0.0019113814074717683,0.004457492705107313
1053,0.14673479461146147,0.14534075104311545,0.31004566210045664,-0.09775388864545087,0.08144553150053546,0.1454801582617736,0.14325452016689846,0.3105406633348478,-0.09906974224455412,0.07678707657956196,0.16179247891115855,0.16220445062586927,0.4172661870503597,0.4395894239063125,0.09647963601822263,0.1649271737768088,0.16333449235048678,0.2640975397343784,-0.1310932834787485,0.03634321794747386,-0.0012546363496878654,-0.0020862308762169823,0.0004950012343911681
1054,0.14755200281550557,0.1458378613344925,0.30786825251601097,-0.11438914960127278,0.0698133879223497,0.1461102317226081,0.1447076722451641,0.3106751824817518,-0.11289302843683158,0.06724575530783516,0.1592049832932839,0.1603129754401217,0.4074074074074074,0.4197921114497115,0.10404848944921186,0.1663373085333479,0.16479026298630733,0.2626547903541169,-0.13074173821305612,0.02038646009294265,-0.0014417710928974758,-0.0011301890893284094,0.002806929965740834
1055,0.15024886037635965,0.14890662964248524,0.3305439330543933,-0.11416101925147837,0.05743143607399703,0.14884197421997541,0.14751822283929192,0.3313239044748435,-0.11026990225798416,0.05502753273756644,0.16005550252163367,0.15984033321763277,0.4208312716476992,0.4515077464627378,0.11425096948053903,0.16846893591657044,0.1659580006942034,0.27797672336615936,-0.13447488040011424,0.021154349360589464,-0.001406886156384235,-0.001388406803193326,0.0007799714204502206
1056,0.1449007506629607,0.14365144867729465,0.31388425815670395,-0.07834752751489837,0.08696489436366628,0.14351914180180433,0.14234829069110813,0.3176108082484001,-0.07998750436228397,0.0826175205705243,0.15571506081581898,0.15537987055297336,0.41719589643380556,0.4415692851660571,0.109788606777661,0.1632240719300491,0.16211285348160376,0.26598870056497176,-0.10738204293394671,0.037839570501163156,-0.0013816088611563748,-0.0013031579861865206,0.003726550091696146
1057,0.14812135955278133,0.14612446836212134,0.3258325832583258,-0.11468658248925045,0.06352668802861794,0.14680556897634242,0.14473570002603942,0.32848186296462156,-0.11326196681977108,0.05885432221009734,0.16013815069525264,0.1607933339119868,0.42617924528301887,0.434702432645434,0.1068522619821719,0.1659173469908708,0.164525648815207,0.2790447504302926,-0.14452819510576564,0.020201114075063864,-0.0013157905764389077,-0.0013887683360819247,0.0026492797062957485
1058,0.1492017002990176,0.14797992905960725,0.3175707000463607,-0.0840967378707419,0.07095696806692475,0.14739472691189323,0.14521152348819102,0.3197969543147208,-0.08407543424142616,0.06664504287961759,0.15746467225846097,0.15650142745912277,0.4079923426657095,0.41502173264033365,0.10006246308124822,0.16792425880318285,0.1664071286443464,0.26900844819919967,-0.10946642195408052,0.03128725634369878,-0.0018069733871243776,-0.0027684055714162215,0.0022262542683601505
1059,0.1458674615307487,0.14282603014199843,0.3130656764910652,-0.07666011106664594,0.08189803303061272,0.1444037853577669,0.1411272758951128,0.31638548648024034,-0.07373397603450493,0.0780401577982428,0.15753420474240623,0.15741789354473387,0.4107439980984074,0.4258883709303905,0.10375932601404214,0.16376600004579087,0.16321108110462584,0.26755260243632334,-0.10221583486858155,0.037746794260157035,-0.0014636761729817926,-0.0016987542468856198,0.0033198099891751376
1060,0.14694895426805515,0.14588317167587317,0.31202046035805625,-0.09371060260079289,0.07387104538535705,0.1455072138783886,0.1435779217954852,0.3148877054873813,-0.09239547402981041,0.06998490925948542,0.15681508959528748,0.15667000130485842,0.4060077519379845,0.44508728167456174,0.11122113148401147,0.16498197288173339,0.16319429341916403,0.26452328159645233,-0.12588116039294117,0.028748687034959475,-0.001441740389666546,-0.002305249880387966,0.002867245129325069
1061,0.15037029987242456,0.14819161884889584,0.3226102941176471,-0.0930002629681369,0.0892784453131581,0.14900597911595975,0.14597461311076335,0.3244474823422192,-0.0896777375981993,0.08145505183340462,0.1631358751863988,0.16362371761432795,0.4260991580916745,0.3965946547800449,0.10534811840670577,0.16752410662201211,0.16610154755694662,0.2735210652695918,-0.11977767359970204,0.0408579829654947,-0.0013643207564648097,-0.0022170057381324937,0.0018371882245721283
1062,0.14927708665320538,0.14746802627030764,0.31830726770929163,-0.10283928958052935,0.07340564574826436,0.14807634036968104,0.14586933978568958,0.31988076129328136,-0.10423560139140131,0.07062512886386052,0.16253829565601818,0.16310922917386797,0.4152502360717658,0.4101134236296518,0.09736086813697553,0.1678779393486795,0.1653128240580712,0.26870598591549294,-0.13195138641103854,0.031484006568020195,-0.0012007462835243454,-0.001598686484618056,0.0015734935839897268
1063,0.14639965238756847,0.14348053761563972,0.30895068941341436,-0.09571625496459102,0.08931280363860705,0.1452445711394693,0.14252050968755456,0.31016042780748665,-0.09894488464957674,0.08459900406237708,0.15800245160257093,0.1588409844650026,0.4035789969390158,0.41284401900689416,0.09616923938585042,0.16417201750992141,0.16128469191831035,0.2598214285714286,-0.12172091138815433,0.04624581660123417,-0.0011550812480991823,-0.0009600279280851665,0.0012097383940722906
1064,0.1423546726809273,0.1393913043478261,0.30161366872330325,-0.08347314602161438,0.08696644561747435,0.14092443010169253,0.13821739130434782,0.3064211520302172,-0.0852180083713624,0.0821956888370392,0.15256747742132482,0.15034782608695652,0.4009685230024213,0.39158302760958824,0.10518206241549921,0.16024609157740527,0.15904347826086956,0.2536739769387294,-0.12682067189628254,0.04164425620334067,-0.0014302425792347695,-0.0011739130434782752,0.00480748330691394
1065,0.15116809333060635,0.1489463601532567,0.320737536990667,-0.10501195876469138,0.06797624061437368,0.14983884845382942,0.1472048066875653,0.32404260140493996,-0.10225630050745427,0.0637036924927914,0.16070970439739296,0.16017938000696622,0.4115284668084101,0.4173028992071985,0.10215662558703165,0.1694333376009178,0.1691483803552769,0.2766281855804836,-0.1214580137582324,0.025678014210709366,-0.001329244876776936,-0.001741553465691409,0.0033050644142729735
1066,0.14661160977393223,0.14562140167092333,0.30987884436160296,-0.09445429060306199,0.0857176283691713,0.14518749095842,0.14393316306653392,0.3127171646977067,-0.09020845611362593,0.08036934351043334,0.15680064826155782,0.15674646119215618,0.4068036853295535,0.41261765645284953,0.09833958063579284,0.16439765237944717,0.1619410415133544,0.25906394199077126,-0.11554247586939526,0.03030939723264625,-0.0014241188155122153,-0.0016882386043894082,0.0028383203361037612
1067,0.15275320955873226,0.15203993055555556,0.32959389724029614,-0.09018396791354477,0.07316715924244221,0.15147611345561576,0.15069444444444444,0.3313158484644699,-0.08175975418615311,0.07232567379974597,0.1645232842892403,0.16393229166666667,0.4215843857634902,0.41000277262219165,0.09462503803119748,0.1704983721030926,0.16966145833333332,0.28246892413201885,-0.1265062681518131,0.029199544861561177,-0.001277096103116493,-0.0013454861111111271,0.0017219512241737345
1068,0.1522893074234599,0.1500805714036845,0.3303303303303303,-0.10141085870321942,0.07370969413862571,0.1510400313590929,0.14851269544009407,0.3324093324093324,-0.09767741188899026,0.07370969413862571,0.1633163870918131,0.1636252776447019,0.4205298013245033,0.41048078197296245,0.09542202590168758,0.16998541366377093,0.1680675928748748,0.2790543526292532,-0.11879269765367051,0.03135989852156418,-0.0012492760643669776,-0.001567875963590426,0.002079002079002079
1069,0.15041094325910984,0.14811922426135624,0.31638288080994015,-0.08569051813131323,0.08160987053199475,0.14902179420897674,0.14625363356327822,0.31599450045829514,-0.08416592047897564,0.07777918939201445,0.16205260834964882,0.16226300490259882,0.4144954997631454,0.4192445181396947,0.10799900727408096,0.16835534974160293,0.1656904854874398,0.26845342706502634,-0.10796565254986656,0.03776985304110947,-0.0013891490501330983,-0.0018655906980780124,-0.0003883803516450124
1070,0.14416754312998803,0.14211235174001824,0.3097928436911488,-0.08741230144690049,0.08056551701548875,0.14268479164543238,0.1403310596515619,0.31496614522530936,-0.08673074989292562,0.07298297331084214,0.15636330600667936,0.15618890385367337,0.40762812872467225,0.3930025884061749,0.09204765462538222,0.16254748088172463,0.1600121649215797,0.2626172398392139,-0.11709539859592921,0.03073737267066834,-0.00148275148455565,-0.0017812920884563432,0.005173301534160568
1071,0.1485345201644303,0.1466052734459841,0.31305155596841616,-0.11662780654205973,0.0748691283328512,0.1470194692928303,0.14469397506624387,0.3150812064965197,-0.11285864054118655,0.0740072726281672,0.15773530821904516,0.1573780461317927,0.40860470644164487,0.40281926212733205,0.0962000570237781,0.1665794895504244,0.16393727466226488,0.2643524699599466,-0.1497876749428667,0.03436191021270707,-0.0015150508716000044,-0.0019112983797402172,0.002029650528103555
1072,0.14293148733993,0.14017316017316017,0.31062543594512904,-0.07760835466357541,0.09112577573322389,0.14164071964386996,0.13913419913419914,0.31493881320711153,-0.07504312585262163,0.08474495822018535,0.15650579064490133,0.15692640692640691,0.4110429447852761,0.38867055776102727,0.10452549251060494,0.16038024614784446,0.1572727272727273,0.2607834507042254,-0.10377497724808271,0.03944115387761127,-0.0012907676960600412,-0.0010389610389610338,0.004313377261982498
1073,0.14613906797292817,0.14410689415041783,0.317940429462018,-0.11204788337438065,0.06839785405887433,0.14497676677104337,0.14227889972144847,0.3197060174552136,-0.10732861291405438,0.0634352337328361,0.1594946480753973,0.16051532033426183,0.4241545893719807,0.453472806045482,0.10960917937510462,0.16461451966856755,0.16338788300835655,0.2729479258605472,-0.12780056140470197,0.025028867731323068,-0.0011623012018847911,-0.0018279944289693595,0.0017655879931955942
1074,0.1470440285163176,0.14354170264203073,0.32090951711204874,-0.0924395869351663,0.09283555335477034,0.14572996112470502,0.14276463477810394,0.32390745501285345,-0.09037747840791721,0.09005988133634335,0.15935728471904198,0.1592557416681057,0.42649903288201163,0.4523716297246277,0.12059227353903934,0.1646211431289638,0.16167328613365567,0.27228054500781773,-0.1243352765892517,0.047784261363379876,-0.0013140673916125778,-0.0007770678639267836,0.0029979379008047147
1075,0.1493994064030078,0.14779119968601456,0.32265342960288806,-0.09855692166393726,0.07978576845344676,0.14791701467435928,0.14578518163185208,0.32501124606387766,-0.10300327230612383,0.07683976534517334,0.16163668088340388,0.16183332606515197,0.4236554238833181,0.38000268600590914,0.08904463536516338,0.16695548858398304,0.1653656622040033,0.27026441265713047,-0.12853837955862857,0.0414877280458914,-0.00148239172864853,-0.0020060180541624784,0.0023578164609895924
1076,0.15376255477228043,0.1513628287905707,0.32702515578121394,-0.09189471715236197,0.08098978453581229,0.15235769741416924,0.1500628331238896,0.3308011049723757,-0.09301143884589469,0.078643351843795,0.16341712383121376,0.16245612514624952,0.43022980336413175,0.4427251469943756,0.10488073558180677,0.1718338622633036,0.1690427698574338,0.27939233817701453,-0.11714293470851278,0.03640756338748341,-0.001404857358111189,-0.0012999956666810975,0.0037759491911617538
1077,0.1489875767414262,0.14690510129152087,0.318018825638727,-0.08391567616057405,0.0724929541289171,0.1474344586608865,0.14617079175845535,0.3233065953654189,-0.08561635643268295,0.06703222532098052,0.1603102147468651,0.1602090622435316,0.4215867158671587,0.4050384989160499,0.09895648604430185,0.16643742602734074,0.16465811412034037,0.26968973747016706,-0.09677506167302086,0.041618833560968294,-0.001553118080539706,-0.0007343095330655247,0.005287769726691871
1078,0.1480044317733704,0.14571664278581042,0.3085386271226979,-0.09024190699317602,0.0822407925428057,0.14652377529773275,0.14393643350267032,0.31252977608384946,-0.08576541901415002,0.07852008816816425,0.15839219855616768,0.1586991446311493,0.410871694417238,0.4291699206039307,0.10347069397458353,0.16689570708515863,0.16542920411619122,0.2643101482326112,-0.1093811011323701,0.037592340047107986,-0.0014806564756376372,-0.0017802092831400995,0.003991148961151547
1079,0.1471208597228918,0.14520750130230942,0.31038400363553736,-0.08633750671642337,0.07022920994115556,0.14561341593502689,0.143123806216357,0.3136456211812627,-0.07875254856066127,0.06639894012116743,0.15895144398434022,0.15892516061816286,0.4129459012520671,0.4224501512575352,0.10597839492771088,0.16512515935630762,0.16200729293280083,0.26242674191447796,-0.10973826190003011,0.026393899779069807,-0.0015074437878649094,-0.0020836950859524084,0.0032616175457253482
1080,0.14632707361882946,0.1431180691454664,0.30275229357798167,-0.09289301780241188,0.08336635424910621,0.14487021889122623,0.14224831485105457,0.3086102012166589,-0.09609793940233591,0.0783958342881731,0.15848731885394193,0.15881713415959992,0.40790419161676644,0.38647021829770184,0.0997906810765371,0.1644282696470511,0.16177429876060012,0.2571620411817368,-0.11527711900526372,0.036470578965520306,-0.001456854727603235,-0.0008697542944118286,0.005857907638677218
1081,0.14773907816364082,0.14488401444923185,0.30867106503298775,-0.0972500551230171,0.08195596737589272,0.14609169120274526,0.14370892631762197,0.31370248709526044,-0.09076910462946586,0.07805618374993306,0.15687991106900764,0.15759237498367934,0.41768219832735964,0.4288903699522381,0.09473859148320496,0.16589823862665748,0.16442529486007748,0.2632398753894081,-0.137892425663651,0.02779230590423054,-0.0016473869608955582,-0.0011750881316098805,0.005031422062272695
1082,0.14914872384760416,0.14690688083351422,0.3013051305130513,-0.1001451992514365,0.08395749462221758,0.14774778116497558,0.145300629476883,0.30521369433877826,-0.09867989070575278,0.0787305093845787,0.1596009778938963,0.1587584111135229,0.39259763851044505,0.421202968711843,0.09232067100243957,0.16743264706825028,0.1657043629259822,0.25458072860530284,-0.12058040141838311,0.04318700976863521,-0.001400942682628581,-0.0016062513566312275,0.003908563825726963
1083,0.1427766674234981,0.14057217165149544,0.2976244860666971,-0.08017703282343369,0.07719902816848434,0.141534254025065,0.13905504984828782,0.30356737105203363,-0.08344120742158512,0.07231459692064635,0.1568808190257013,0.1565669700910273,0.40191053122087605,0.43958456841261295,0.0954625537038788,0.1609397707693399,0.15847420892934547,0.2525627044711014,-0.11371495256796427,0.033239146937942166,-0.0012424133984330898,-0.0015171218032076217,0.005942884985336516
1084,0.14904034805533312,0.1472101133391456,0.316196542311192,-0.06894980485254809,0.08277340920981757,0.14780004601511273,0.1458151700087184,0.3191923774954628,-0.06742493877764089,0.08023952933604761,0.16229213768417713,0.16233653007846557,0.4172215843857635,0.4217680003570831,0.09143083211186476,0.16647468369819832,0.16482127288578902,0.26995202791103357,-0.10607056477389909,0.04265364454179377,-0.0012403020402203813,-0.0013949433304271952,0.002995835184270823
1085,0.15195746098610374,0.1502457697159511,0.3305104142824445,-0.09791568043368959,0.06443573358149546,0.15057051031129437,0.14867980338422723,0.3308236367784622,-0.09081747834649956,0.061425503206743226,0.16066908320554393,0.16085954151985732,0.42011549566891243,0.4462636644258586,0.11023423856879688,0.16982688251633274,0.16977684979772936,0.27854785478547855,-0.11039205332241597,0.02659283744175356,-0.001386950674809373,-0.0015659663317238726,0.0003132224960177288
1086,0.14794362837924907,0.14562643653237348,0.3156411460779709,-0.08556393325606604,0.08712702094494129,0.14670521379854357,0.14410859100568107,0.319094304388422,-0.08632795634387724,0.08153588402321121,0.1594875964920363,0.15989418448328202,0.4216981132075472,0.4162226862294397,0.09099780804460056,0.1660621938158955,0.1637972158376339,0.26730683340777134,-0.11692345864501152,0.039817400837994565,-0.0012384145807055047,-0.0015178455266924018,0.003453158310451121
1087,0.14452921807095354,0.14280776044592317,0.3065442020665901,-0.09177408147524613,0.07044109447145397,0.1432139094459949,0.1413818433219548,0.31070615034168564,-0.09198962031987123,0.06294643891442875,0.15611664409610387,0.15494966080456293,0.40940394205651864,0.3927198735979052,0.10127624876321517,0.16286959833340076,0.16104221578879144,0.26091727013386,-0.11513603420887053,0.0271862252566224,-0.0013153086249586277,-0.0014259171239683621,0.004161948275095528
1088,0.14687230057937536,0.14492879472038903,0.32557045401082096,-0.10034590195698512,0.08738039840960699,0.14563871797419395,0.14314866273011462,0.32850805510156433,-0.09622259252082921,0.08048987906730187,0.1592893270438344,0.1599079541507468,0.4252736792003808,0.42344568881999617,0.09793150615251178,0.16515980970847643,0.1638155609586662,0.27405247813411077,-0.12850587095524124,0.04259202268462359,-0.0012335826051814158,-0.0017801319902744084,0.002937601090743369
1089,0.1462022749820334,0.14549623604741715,0.3234393404004711,-0.08107575295075298,0.08308702108438237,0.1448221378635013,0.14324651726226528,0.3239568682606657,-0.07515547173285264,0.07854934301701577,0.15639905901362258,0.15687462144155057,0.4159786304031083,0.4134398862821482,0.11052916939655177,0.16369260884856826,0.16210954399930777,0.27003367003367,-0.11296661203655245,0.03771024041071658,-0.0013801371185321043,-0.002249718785151872,0.0005175278601945998
1090,0.14739399092751398,0.1452790818988002,0.3116555988092512,-0.11986251147007843,0.07006362388961673,0.1460271125389355,0.14380107807337855,0.3152,-0.11556792740358257,0.068350769235901,0.1607196307918445,0.16005912015301688,0.42208883553421367,0.44726607949490893,0.11331320389594024,0.16549642278850232,0.1640584246218049,0.2653061224489796,-0.14636560313160218,0.029383325863866938,-0.0013668783885784908,-0.0014780038254216532,0.0035444011907487805
1091,0.1526867394105884,0.15087780288545108,0.3228882833787466,-0.09338596538534438,0.0781168217820496,0.15152107768681658,0.14935685729184772,0.32465474303826125,-0.0928714616405637,0.07536797209718882,0.1657942212693178,0.1667825482357031,0.42132335749357025,0.4102284214790432,0.10497096870338218,0.17103080953829786,0.16991135059968712,0.2769597228237332,-0.1139482423686412,0.032866526969725585,-0.0011656617237718325,-0.0015209455936033567,0.001766459659514663
1092,0.15105932457521246,0.14946852718603737,0.31381624623929644,-0.08338282118358997,0.07875687660651964,0.14961407439575575,0.14732513888281354,0.31364373407458884,-0.07634034755341823,0.07961555005114873,0.16379806697262025,0.16298499628187743,0.40921084192852003,0.42363418641633627,0.11138646750242365,0.16946452831822986,0.16722803026989194,0.2630526549655632,-0.11074355435097905,0.04011657159821225,-0.0014452501794567085,-0.002143388303223831,-0.00017251216470759445
1093,0.14655592795347644,0.14445119833275444,0.31231300345224394,-0.09387466463694416,0.07624043365431199,0.14502010660007106,0.14245397707537338,0.3151974288337925,-0.09976747261764018,0.07388865359206465,0.15585275704648685,0.15630427231677665,0.4186711121695642,0.386103418678845,0.10745496902595975,0.16414925385823204,0.16177492184786385,0.2670902716914987,-0.11839193077350785,0.029418630596840578,-0.001535821353405381,-0.0019972212573810544,0.0028844253815485388
1094,0.146891244971072,0.14523685580426862,0.31130790190735697,-0.11407850920614471,0.0750457083658631,0.14558582609290666,0.14363178899878534,0.31519530368028903,-0.1099716260320498,0.06974938417365395,0.15914812900108036,0.1588148533749783,0.4131764705882353,0.43787628665760336,0.10767106538987115,0.16488003797409495,0.1618514662502169,0.26166196571924494,-0.12891563126157568,0.031615849989748424,-0.0013054188781653486,-0.0016050668054832795,0.0038874017729320642
1095,0.15067206091131458,0.14856770833333333,0.3178928247048138,-0.08548320763560124,0.07825144078540203,0.1491047114773085,0.14652777777777778,0.3211216644052465,-0.0856172139585818,0.07444702231812783,0.16161903024884425,0.1615017361111111,0.4211507104588866,0.4274588426462259,0.10171202133359258,0.1685795658632589,0.16688368055555555,0.27424604035582556,-0.1214017493902787,0.03492334157477972,-0.0015673494340060767,-0.0020399305555555414,0.003228839700432695
1096,0.1490880887202485,0.14670372622253106,0.32370472260430994,-0.08913664242625174,0.07437102094153847,0.14782023933101224,0.14566142621384523,0.3277003882164878,-0.08705504183813928,0.0707412724797516,0.16179805036023898,0.16190393468253278,0.41680552249464414,0.41200585229443093,0.1087468740208134,0.16755459462113467,0.1655519847129332,0.27512535426204493,-0.12475960187100454,0.026330232476713178,-0.0012678493892362697,-0.0010423000086858258,0.0039956656121778455
1097,0.14702962192796643,0.14514866979655713,0.3176108082484001,-0.07963194485886493,0.09089078957646113,0.14572973848647114,0.14323595896365848,0.3193593970796043,-0.07566002267709016,0.08505945406805215,0.15935732826811744,0.15940705964180144,0.41915303176130897,0.44048323088858393,0.10449723909608188,0.16580509256907863,0.164188836724048,0.2693950978187542,-0.10341797457778834,0.04164840083878607,-0.0012998834414952865,-0.0019127108328986508,0.001748588831204212
1098,0.15283287274366578,0.15112736136502133,0.3159981343283582,-0.08392768342658274,0.08670432350858892,0.1513117127380718,0.14956037259510752,0.32216316154379476,-0.08499430367055161,0.0783492067338063,0.1637908636589418,0.16375032645599374,0.4169047619047619,0.46262414582603384,0.10555689469271401,0.17180903343963752,0.16919125968486115,0.26747787610619467,-0.11226609607882454,0.0370020903868048,-0.0015211600055939634,-0.0015669887699138185,0.006165027215436547
1099,0.14595582755821576,0.14461658978153016,0.3130916647425537,-0.11758022051434913,0.07910239342465886,0.14453892364917173,0.1427452345721995,0.31586238743939044,-0.10972996685760938,0.07910239342465886,0.15800281707804417,0.1577595961354339,0.4148910701460378,0.4508695238233552,0.11205118948694814,0.16353495138388233,0.16176342588562972,0.2665348275104373,-0.13788036696604777,0.03203268476424537,-0.0014169039090440316,-0.0018713552093306551,0.002770722696836758
1100,0.1494765877794172,0.14786651603371861,0.3198537811286269,-0.07307483613986843,0.07713939455734442,0.14788125388552695,0.14521595550534458,0.31939077062968857,-0.07028227720879754,0.07246321847297021,0.15995055597223626,0.15885982445467975,0.401441190144119,0.4434434366541087,0.09308090393589263,0.1675232792636345,0.16546449986964457,0.26675369886858136,-0.11175661760625477,0.030590187171983474,-0.001595333893890244,-0.0026505605283740352,-0.000463010498938321
1101,0.14994439696243153,0.14826689774696708,0.32552204176334104,-0.0953631104262006,0.0708862731690435,0.1483274817116586,0.14640381282495668,0.32832022211938916,-0.09458631864564404,0.06829603176213572,0.15884569010890362,0.158578856152513,0.4192243635498453,0.4198555470215321,0.093982592380638,0.16804797150622316,0.16559792027729636,0.27649667405764966,-0.12953545747447393,0.02771558305391353,-0.0016169152507729267,-0.0018630849220103995,0.002798180356048119
1102,0.1483225704444796,0.14703450676645924,0.315897670169027,-0.10279187817258884,0.07356763852658033,0.14703806499447178,0.14420608328619294,0.3173952641165756,-0.10440257711831324,0.07058294852325908,0.16103900119376782,0.16104608154562464,0.4154913294797688,0.4082831735834322,0.08486682211058194,0.16630216316391935,0.16396153344066838,0.26608505997818976,-0.11633501064590035,0.029436864906045468,-0.001284505450007828,-0.0028284234802662955,0.0014975939475486144
1103,0.14760011344879995,0.14534177654406663,0.32052765563526964,-0.08782356824458559,0.07990199991779168,0.14625340368784898,0.1439972241498959,0.32390154129284565,-0.08028974272009304,0.07433838985388541,0.15961554321800214,0.15900416377515614,0.41571969696969696,0.43505627997965013,0.10065854515621109,0.16526341087511465,0.16334142956280362,0.2714693608609708,-0.11607015238141383,0.03025747934755152,-0.0013467097609509704,-0.0013445523941707227,0.0033738856575760146
1104,0.1525765705717392,0.1507212374000695,0.3349227974568574,-0.09995509290670346,0.06851027562836087,0.1512619644271137,0.14859228362878,0.33530079455164585,-0.09611939739029063,0.0682972461643423,0.16436127233298284,0.16475495307612095,0.43275410616519877,0.46390841651891307,0.11175525682412346,0.1708914784185172,0.1687956204379562,0.281386224934612,-0.11976729279199916,0.02931285424895047,-0.001314606144625502,-0.0021289537712895212,0.00037799709478847365
1105,0.14791596021104028,0.14596836919885922,0.32060185185185186,-0.03828818493761832,0.08243061238963434,0.1464050707403288,0.14436954455103276,0.3233117483811286,-0.033020397231502296,0.08157711373814402,0.15961033190836457,0.15910465819721717,0.41517436380772854,0.39186624066087883,0.09864708676794953,0.1654971651651803,0.16381470918676,0.2714443219404631,-0.07494210802083967,0.036555059872032,-0.001510889470711485,-0.0015988246478264578,0.002709896529276723
1106,0.15513880781157152,0.15440824670523248,0.3352494826396873,-0.10389210794283743,0.08630769329541155,0.15370731452272776,0.15240746379017878,0.3379862700228833,-0.09687691261248499,0.08185401806637171,0.1639663089843774,0.16454264712278718,0.4290009250693802,0.44023511937374554,0.09160968761569688,0.17290764631020397,0.17032751946413813,0.28540446757753196,-0.12802426629178343,0.03074279281882053,-0.0014314932888437604,-0.002000782915053706,0.0027367873831959932
1107,0.14740720425759127,0.14499090830374925,0.309894640403115,-0.10094409231662471,0.07619607562087638,0.1459969648894033,0.14377868213698156,0.31729014598540145,-0.09700409724299308,0.07236411237841944,0.15966564595586327,0.15953762230496146,0.42216358839050133,0.41018119798722663,0.11813478444110004,0.16541502383253512,0.16265477530522124,0.2636563876651982,-0.11822431910551223,0.03915376427712558,-0.00141023936818796,-0.0012122261667676937,0.007395505582286466
1108,0.14715427642585338,0.14454379720461846,0.30886426592797783,-0.08032677842719615,0.07770723497155585,0.14573618737944835,0.14302456810487021,0.31273062730627305,-0.06920542068306534,0.0768512362917283,0.15868899743706796,0.15799982637381718,0.4096728307254623,0.4247731008398702,0.10210319734664197,0.16497706096964188,0.16281795294730445,0.2621295279912184,-0.12279984440261105,0.029985308571168323,-0.00141808904640503,-0.0015192290997482483,0.0038663613782952133
1109,0.15511227035850886,0.1520633126059921,0.32326420198376915,-0.10834242163415742,0.06249288521259022,0.15347542021206426,0.15084576249075968,0.3277915075263986,-0.10395165036123943,0.059298786404674564,0.1649229478584241,0.16358655476801323,0.42458749709504995,0.4061443359605182,0.09081389464277623,0.1740575533053719,0.17254424490150888,0.276256200129394,-0.13287495945383354,0.019691961186519835,-0.0016368501464446017,-0.0012175501152324186,0.004527305542629423
1110,0.15480635022415348,0.1532317898136429,0.31837752096079763,-0.08115653391087319,0.0586445334527641,0.15352573728573343,0.15192248941648845,0.32225237449118044,-0.07261676020705354,0.05671315887521533,0.16660072610068785,0.16693580063719285,0.41863765373699147,0.40835929632227874,0.09834501088015624,0.1737086952474067,0.17060184174922532,0.27332170880557977,-0.11649787368469966,0.021090027778204012,-0.0012806129384200504,-0.0013093003971544614,0.0038748535303828047
1111,0.14755235154359636,0.1468214145468825,0.3192868719611021,-0.11236194934937904,0.07721060335810981,0.1461689101363913,0.1441598673589598,0.3211897625086465,-0.11219337639514304,0.07334318892222247,0.15851041166046498,0.15772939482525417,0.4127893104271057,0.42427642330586707,0.10471221712441992,0.16567843413913144,0.16335791264889393,0.2701275846898372,-0.14251354387792492,0.028438210194419278,-0.0013834414072050605,-0.0026615471879226915,0.0019028905475443891
1112,0.14369104950542555,0.14120400468079575,0.3116823502409915,-0.0857570893616505,0.07312959114586393,0.1422711299000838,0.13882026611190568,0.3122140896614822,-0.07740885690758215,0.06992288244709788,0.156423877226166,0.15693667923547003,0.414306289006241,0.4234223980239722,0.11396168191015155,0.16127950595187998,0.15975382481688555,0.26158576762574126,-0.1186877603379376,0.031228597481987697,-0.0014199196053417407,-0.0023837385688900703,0.0005317394204906734
1113,0.1515005514548071,0.14932461873638345,0.32818905232698337,-0.07524801502076683,0.09252299177543466,0.15011250544180196,0.1480174291938998,0.33132964654965136,-0.07135394740498813,0.08990021231382062,0.16220653416375494,0.1635294117647059,0.4299363057324841,0.44279900341892836,0.10672971385917651,0.1700059562922851,0.16832244008714597,0.2804766269477543,-0.10807854738657163,0.0450943965112498,-0.0013880460130051286,-0.0013071895424836555,0.0031405942226679917
1114,0.1439866155192407,0.14220818551527212,0.3168915774778967,-0.08999316052008699,0.07798332685732512,0.14261899062584357,0.14021804966686857,0.31779169566225934,-0.08116973010910944,0.07518837459874317,0.1571458892084085,0.1565717746820109,0.40971891376846115,0.401755991706683,0.09948295961564879,0.16340226818064,0.16219607164489055,0.26632720832410894,-0.1144763500811069,0.030899131116596368,-0.001367624893397118,-0.001990135848403546,0.0009001181843626416
1115,0.14971260957572055,0.14793543053561328,0.3263569457221711,-0.09650956955078671,0.088431928027083,0.14848194673210177,0.14671713875473175,0.32837528604118993,-0.09380249386537542,0.08377269518144281,0.16223979149871673,0.1620328068572423,0.4228890439637125,0.4285217457134879,0.09880931027419093,0.16673815196488376,0.16416481747378497,0.27422183252959226,-0.13124894505315388,0.043110299437673305,-0.0012306628436187794,-0.0012182917808815363,0.0020183403190188187
1116,0.14688797077366722,0.1451282721372882,0.32403687071614273,-0.08789166372493273,0.07531968988407467,0.1453108700578492,0.14316825645716277,0.32436895494220336,-0.08245205053619387,0.07357294452794694,0.15941006532917196,0.159937279498236,0.4241455618391935,0.4167846154263726,0.1111279696846954,0.16539150321043408,0.16398797857049524,0.27736063708759956,-0.11660035192237717,0.03951141008345416,-0.001577100715818014,-0.0019600156801254376,0.00033208422606062493
1117,0.14517924235046636,0.1433637503784111,0.3125587958607714,-0.09719938254490601,0.08206199713278173,0.14392369498055438,0.14202309388920123,0.31735266604303086,-0.08952730013395405,0.07687858766558131,0.15866613482351039,0.15940838126540674,0.4185372918175235,0.42789149290240164,0.10560331512965027,0.16350557399234314,0.161440989490983,0.26639621365787697,-0.12489756724906054,0.04210654915644507,-0.0012555473699119857,-0.0013406564892098627,0.004793870182259463
1118,0.1439649440316632,0.14087990281152377,0.3004640371229698,-0.10270055038087555,0.07806968026366201,0.14279033649832606,0.13940472058313086,0.3001623753189515,-0.1005160017507305,0.07785496717162776,0.1560816837890212,0.15636931620964942,0.40229885057471265,0.41067660751033597,0.10684123459625472,0.16184011394235734,0.15962339465463382,0.2532179316466933,-0.12634643222832553,0.03598591422494435,-0.0011746075333371464,-0.0014751822283929072,-0.000301661804018305
1119,0.14827549131771248,0.14639130434782607,0.30815018315018317,-0.10156617797412137,0.06988820925137573,0.14693210686840924,0.14491304347826087,0.3126279863481229,-0.0986502503697293,0.06410701547139064,0.15864041754697722,0.1591304347826087,0.4078885214926783,0.39589059579911456,0.09858005986315377,0.1667205585187329,0.16495652173913045,0.2640645442651548,-0.13127796746382359,0.02321042243519955,-0.0013433844493032365,-0.0014782608695652066,0.004477803197939723
1120,0.15252039435911607,0.15130116385510659,0.3079044117647059,-0.06439784262925485,0.07882481556606424,0.15111341935924985,0.14960115077808292,0.3094857142857143,-0.062202017239412766,0.0739179522393012,0.16300239509393763,0.16372433634104877,0.417608286252354,0.43550406543807335,0.10101237147838404,0.17105495966718676,0.16947822675559043,0.2578176251913405,-0.10019064378941189,0.03167625925238471,-0.0014069749998662229,-0.0017000130770236654,0.0015813025210084097
1121,0.15255495242062084,0.1506210503377642,0.32558139534883723,-0.1054255661011797,0.06924406702608654,0.1511220899999245,0.14970581826105905,0.3290441176470588,-0.10958102918134327,0.06730673664465692,0.16242689623854342,0.16195249509697102,0.43127394636015326,0.44056471851515927,0.10519230854816841,0.1702406361810048,0.16827195467422096,0.28156621205455346,-0.13064496541875714,0.025546503978286283,-0.0014328624206963458,-0.000915232076705158,0.0034627222982215877
1122,0.14835253146722016,0.14695278224230052,0.3202130122713591,-0.09034815451927747,0.06994413002072997,0.14694223019297006,0.14495460666348117,0.32443626323055685,-0.08051805591912542,0.06411687312313374,0.15951326407688635,0.15928934451153295,0.41981468282252316,0.41819802301085723,0.09368480627019593,0.16694631691550643,0.16567481864384692,0.274090407938258,-0.11554292409907385,0.02332607483996063,-0.0014103012742500975,-0.0019981755788193445,0.004223250959197733
1123,0.15000913914057656,0.14826989619377162,0.3152822395594309,-0.09230924985660782,0.07930495893203027,0.14857782587183846,0.1462370242214533,0.3182854537163703,-0.09270489689233463,0.07335235090972514,0.16117435871541066,0.16180795847750865,0.4122705089472461,0.43063712337889803,0.09099758183298656,0.16821638225889052,0.1658304498269896,0.26394052044609667,-0.11052471927845797,0.033597433046474,-0.0014313132687381047,-0.0020328719723183286,0.003003214156939382
1124,0.1488854742684908,0.14648107193963836,0.31063829787234043,-0.09683933024367464,0.07096162749329848,0.14733014198168387,0.14565717011404536,0.3116476637603398,-0.0924837413503411,0.06927845225652163,0.16138248873787028,0.16187502710203375,0.41368227731864093,0.43138625332553204,0.09389489009438501,0.1667700802085388,0.16465027535666277,0.26356589147286824,-0.12304362904279142,0.03330058157041349,-0.001555332286806932,-0.0008239018255929986,0.0010093658879993805
1125,0.14726194452983538,0.1461191179024136,0.32129061576914336,-0.11376231679882753,0.0749296462728849,0.14604397713560327,0.14425247438791458,0.32247851650836723,-0.10380267826835599,0.07047712060301903,0.1606306753786001,0.1606181628754992,0.4221703617269545,0.43302315715564643,0.09952454997309612,0.16504457266267805,0.1629623198471957,0.2727469202507024,-0.13918482479072758,0.027011989063852715,-0.0012179673942321056,-0.0018666435144990279,0.0011879007392238683
1126,0.15173935637832087,0.14976286820693557,0.325225851285615,-0.0849377933741029,0.07547703364314762,0.15022999271138127,0.14797894095635905,0.327331486611265,-0.07787045044315322,0.0722511460552635,0.16213860391428087,0.1610755776008354,0.4154508490791677,0.4415783417548724,0.10472508110662992,0.17000598981950057,0.16755863029195492,0.2750830564784053,-0.11326283222594657,0.032895317483077835,-0.0015093636669396004,-0.0017839272505765225,0.0021056353256500016
1127,0.14870952111039068,0.14728211357424842,0.3078709078244718,-0.08300003331678074,0.07740731160004688,0.14734328869430588,0.14576374126935926,0.3117782909930716,-0.07902271641953351,0.07246403469592289,0.16136220417672043,0.16164157737191445,0.4077459706519124,0.4127610914231212,0.10964607401824722,0.16790610316064777,0.16684742527439156,0.258922633562403,-0.11992916073587112,0.033562594711294524,-0.0013662324160848005,-0.0015183723048891595,0.003907383168599787
1128,0.14446330601701995,0.14373075421780804,0.30776583034647553,-0.09510967857462616,0.08492898937020577,0.14288341059942467,0.14225614780760723,0.31217183770883056,-0.09464403112843311,0.08383814500837616,0.15283501301346536,0.15288198811640716,0.40616589185221436,0.4304454201772033,0.10630953886206651,0.16289437672320148,0.16116580647959405,0.26014969380811975,-0.12203252077086546,0.036059161960238284,-0.0015798954175952895,-0.0014746064102008072,0.0044060073623550244
1129,0.14926036109594548,0.14821413052924307,0.31563845050215206,-0.075939951708903,0.09519798623400344,0.1479511891876471,0.1459111844963935,0.31711969480209823,-0.06502968654821406,0.09259884016449538,0.16049227723651838,0.16177109585469715,0.4223722275795564,0.44323594384141735,0.1025622334309425,0.16785484443051363,0.16659424698009906,0.26755777072949705,-0.11454714253212683,0.044947828890182895,-0.0013091719082983788,-0.0023029460328495566,0.0014812442999461717
1130,0.15025219762559036,0.14808529155787642,0.32203009207275995,-0.11190865762780611,0.06394486981960257,0.14880332715209071,0.14608355091383812,0.3208137715179969,-0.10602983536556954,0.05970168005055132,0.16280630019092648,0.1637075718015666,0.40954598370197903,0.4541883525320047,0.09746606899510768,0.16843968416431548,0.16779808529155787,0.26879861711322384,-0.12878183676881294,0.026816959340404067,-0.0014488704734996471,-0.0020017406440382968,-0.0012163205547630618
1131,0.1485543454951393,0.14708181344450236,0.32098765432098764,-0.08493669459700115,0.07979841983327063,0.14721532993075806,0.1454316484280007,0.3229626189923381,-0.08154049653000506,0.07678715870748687,0.15946775365100493,0.16032655897168666,0.41957364341085274,0.46161558953087495,0.1152882831014368,0.16681507740560575,0.16545075560187597,0.27055173941945493,-0.11551786993945279,0.03247860214238241,-0.0013390155643812351,-0.0016501650165016701,0.001974964671350443
1132,0.14886476957875963,0.14656779844759552,0.3102739726027397,-0.09935959364665514,0.07581060198401168,0.14760279790799302,0.14570053336802394,0.31431818181818183,-0.09774500477422665,0.07155966050450957,0.16397373320359002,0.16473700186461993,0.42577295256077413,0.4141331126333224,0.10620483356245036,0.1676796102322569,0.16504054464246998,0.2628023534539115,-0.13699146630560333,0.03138826352321633,-0.0012619716707666095,-0.0008672650795715775,0.004044209215442129
1133,0.15013754183839562,0.14756944444444445,0.3207893529141808,-0.11004460972351349,0.07183522901370054,0.14880212032451012,0.14526909722222223,0.32291427258101585,-0.10099688278814678,0.0733335800360363,0.16145875992783118,0.16050347222222222,0.41938556799237914,0.42031929936952633,0.1058692022353287,0.16857229617154862,0.16827256944444444,0.2766424961546913,-0.13592410878209982,0.030523550826441315,-0.001335421513885493,-0.002300347222222221,0.0021249196668350345
1134,0.1478878988981068,0.1459257326724063,0.31617822253990946,-0.10142718434891684,0.07793374211909887,0.14624240212948428,0.14418645099573876,0.3184304399524376,-0.09725991460413952,0.07618104756193622,0.15961408746288125,0.1590138272893295,0.42273059138476515,0.4127330896897767,0.09721338224788767,0.16629637076481926,0.16397078006783197,0.2693176683235427,-0.13350189366526755,0.02776286042031917,-0.001645496768622523,-0.0017392816766675367,0.0022522174125281236
1135,0.1476087097763764,0.14604347826086955,0.3027803958529689,-0.10642580661089573,0.07722746503591182,0.14596503265901886,0.1443913043478261,0.30664794007490637,-0.10230601334893874,0.07113971441371147,0.1559691398256751,0.15578260869565216,0.39375,0.3837697983154507,0.09549071690251254,0.16658097374989703,0.16482608695652173,0.2568623075206427,-0.12561804999949844,0.02569900441228823,-0.0016436771173575504,-0.0016521739130434532,0.003867544221937469
1136,0.14652877500256914,0.143907926618207,0.30935754189944137,-0.09458968772694254,0.08371940319637206,0.14515248310488052,0.14196088611976462,0.3127171646977067,-0.08748377016350872,0.07922339888384322,0.15970079574046947,0.15991692627206647,0.41324846770391327,0.4298155850443432,0.09528055714287498,0.16478737266577592,0.16333506403599862,0.2620415377817057,-0.1298706014392289,0.0344774512020084,-0.0013762918976886196,-0.0019470404984423817,0.0033596227982653493
1137,0.14381517648032288,0.142053324099723,0.3105691056910569,-0.09753384300718193,0.08388779245604994,0.14238745133999917,0.141101108033241,0.3135573580533024,-0.09248472166376498,0.08175018263792755,0.1561969160896067,0.15650969529085873,0.41500474833808165,0.40549520876307804,0.10376756376458784,0.16204903712714067,0.16053497229916897,0.2641718334809566,-0.12876312015188573,0.03878422529366843,-0.0014277251403237157,-0.0009522160664819923,0.002988252362245536
1138,0.14671517114051583,0.144868517956938,0.3235898606987897,-0.08371892224468191,0.0726436956447899,0.145284989345763,0.14326560672356278,0.32719417917235105,-0.08551147105530155,0.06859561422033456,0.15931611728646822,0.15977126023480484,0.42958579881656805,0.458761843272956,0.10545446087458632,0.16464409958283757,0.16380019928085604,0.27822668704957415,-0.1170754292844367,0.030032312229470004,-0.0014301817947528217,-0.0016029112333752205,0.003604318473561352
1139,0.14805163090569243,0.14538250533373973,0.3191042687193842,-0.10497911007136174,0.06125431241289503,0.14651140358609877,0.14368441677189012,0.3242929995363931,-0.10691194408924043,0.055351024697845586,0.1613168860910247,0.16171027996690904,0.4314348570031777,0.4344444428075593,0.10410780841843925,0.16697087290446436,0.16510645709060826,0.27726763717805153,-0.13763221940023218,0.022336341550716954,-0.0015402273195936622,-0.0016980885618496089,0.005188730817008935
1140,0.14679921008998054,0.14389207010237723,0.3194349510138984,-0.0944063453748395,0.07216066804290955,0.1454705001870578,0.14215686274509803,0.3208361735969098,-0.0880422485827762,0.06960630811218704,0.15977695778180162,0.1592486552142981,0.41639267261625174,0.42344351104102335,0.10004576395329645,0.1642366058060405,0.16159118514662502,0.2719298245614035,-0.1294811536780902,0.035761039030114516,-0.0013287099029227478,-0.0017352073572791948,0.0014012225830113967
1141,0.14948899609576968,0.1484740766429686,0.32800365463682046,-0.09270027086006427,0.07541798087713159,0.14814810759203265,0.14743367435408358,0.33280073042684316,-0.08850596869217553,0.07477999143329472,0.15974821984680934,0.15926825039015086,0.43237461373900643,0.43413062697134963,0.11178337917582637,0.16733422647022864,0.1652072134558696,0.2802631578947368,-0.11002915992447482,0.036713287951035234,-0.0013408885037370366,-0.0010404022888850228,0.004797075790022698
1142,0.1527806097900363,0.15109723306444617,0.33108736059479554,-0.10028175831373254,0.08704346321612888,0.15146381396079547,0.14944921502298553,0.3361034164358264,-0.09436889201846521,0.08106869520327797,0.16684762663276678,0.16636308439587127,0.4371648402891117,0.4222565697422123,0.09024423179444185,0.1715652274327423,0.1685748980830948,0.2830272184111529,-0.13332969298752917,0.04116578026030959,-0.0013167958292408244,-0.0016480180414606416,0.005016055841030875
1143,0.14945155529052795,0.14916623241271496,0.32171520293510664,-0.0979834769031791,0.07359599364994385,0.14820235450116453,0.14677783567830469,0.32352270134611,-0.09659280092975064,0.06889523832484779,0.16038400710107514,0.1597620288344624,0.41248527679623087,0.43514690580320625,0.09838179445499529,0.1676503394188733,0.16657981587632448,0.2729262420660976,-0.12797961486848297,0.02915248875812737,-0.0012492007893634138,-0.0023883967344102697,0.001807498411003361
1144,0.14736669091350862,0.1455657757723013,0.32148626817447495,-0.09095815445639821,0.05817950127088123,0.14582327736232198,0.14396043040610898,0.32361716777599264,-0.08973270938112876,0.052965505637942,0.1584615807666121,0.15784449843804235,0.42418471792430373,0.4154289487313545,0.08685647725204759,0.16619022540463496,0.16530718500520653,0.27399689647528264,-0.1309419051897016,0.019509033659914632,-0.0015434135511866454,-0.0016053453661923067,0.0021308996015176884
1145,0.14948488318115605,0.1474174723456145,0.312755333635951,-0.10281682908460188,0.07166179137178186,0.14826643714597001,0.14615451615712918,0.31853194381513367,-0.09372190017573079,0.06996121354828422,0.1625667980458581,0.16305199895479489,0.4199011997177135,0.43458674715293155,0.10461048670204931,0.16799056258486697,0.16575211218534971,0.2668831168831169,-0.12231411324371821,0.026171334593219187,-0.0012184460351860327,-0.0012629561884853202,0.005776610179182684
1146,0.15059036463372874,0.14837786259541985,0.3230875895539635,-0.10242209281414127,0.07408839729604066,0.14918844645582305,0.14685981956974323,0.32702515578121394,-0.09465809798402436,0.07279990343002252,0.16236752138429308,0.16125954198473283,0.42775256747074275,0.45389915872146835,0.10415325416979626,0.16876757269445755,0.16529319916724497,0.27620743378588913,-0.11561176259672445,0.03844006700287328,-0.0014019181779056922,-0.0015180430256766242,0.003937566227250444
1147,0.15194339216830327,0.1497601395551679,0.312353217472992,-0.09861040195784987,0.07897242015456007,0.15044809014325278,0.14827736589620585,0.313711749591217,-0.10099367044034013,0.07398677889878302,0.16231297685944135,0.1628434365460096,0.41748502994011977,0.41260762012078106,0.09696408207758123,0.17032380956306567,0.16768425643262103,0.2631578947368421,-0.12483200403777195,0.03822022206386122,-0.0014953020250504934,-0.0014827736589620444,0.0013585321182250087
1148,0.14775541214499682,0.1462079749804535,0.33127572016460904,-0.10378717705874929,0.07937112647001299,0.1462564830274433,0.14377551906871688,0.33264980633401686,-0.10021416102037595,0.07618709021447123,0.1610302020600427,0.16149769785422638,0.42863860804138254,0.42986371476860996,0.10505568559805012,0.16502759615799825,0.16284423594822345,0.2812906019922044,-0.12904884479218381,0.027577470046533104,-0.0014989291175535324,-0.002432455911736603,0.0013740861694078177
1149,0.1529856648537233,0.1501983175696291,0.31563488477180296,-0.08684043864253599,0.08277743444866248,0.1516475198760114,0.14836769384997603,0.31640449438202245,-0.0799350138074264,0.07773461640328416,0.1646318068798384,0.16405875430414504,0.4216116370353267,0.41521926421252026,0.10273858921161827,0.1706025853068484,0.1686353136032777,0.2682926829268293,-0.11643254901065792,0.03066831464642006,-0.001338144977711897,-0.0018306237196530628,0.0007696096102194905
1150,0.15017411900737962,0.14763847890258724,0.323167956304051,-0.08574860328138778,0.08405467641326347,0.14866150747354562,0.14659663135961104,0.3275862068965517,-0.08409290008492876,0.08110391044088205,0.16098941220983867,0.16166001041847544,0.4280373831775701,0.4004004954552311,0.10808234218836876,0.16813004152281127,0.16600104184754297,0.27691973025886446,-0.1210011197525993,0.04126856981373361,-0.0015126115338340018,-0.0010418475429762042,0.004418250592500728
1151,0.14867835004391197,0.14763497372193024,0.3256248540060733,-0.09596032548509792,0.06601681053271669,0.14723679110825247,0.14641879859271165,0.32976495229229696,-0.09086726478030827,0.06253031613278248,0.16190735248715088,0.16227251009859706,0.4190157668418538,0.4297537462350405,0.08671787103232609,0.16733055349072948,0.16652912305086218,0.278876404494382,-0.12176266979098127,0.029190713433411508,-0.0014415589356595038,-0.001216175129218594,0.004140098286223637
1152,0.1495513102330427,0.14792950776977168,0.3212316176470588,-0.09166171013245217,0.08147216615562625,0.1482188131259059,0.14567236739300288,0.32047477744807124,-0.09061671363958679,0.07530515197587706,0.16233481069180603,0.16212344821599098,0.4186318001400887,0.42527100384768457,0.09614540679020211,0.16790793451381375,0.16572619150967965,0.27015775635407535,-0.1103276644722403,0.0363891659450456,-0.0013324971071367875,-0.0022571403767688014,-0.000756840198987585
1153,0.14815421342651122,0.1467683243805233,0.32031430552345735,-0.08348979716930882,0.0896203854290335,0.14674015835362084,0.14494888234274822,0.3224245217792118,-0.08604206700083972,0.08707555668992228,0.1600619666484707,0.16028417951828106,0.4215732454074423,0.4440745682342012,0.10679797941803426,0.1659144218519501,0.16258014208975913,0.26866329002422373,-0.11159496705184047,0.04423760624821671,-0.0014140550728903856,-0.001819442037775093,0.0021102162557544712
1154,0.14592191358612303,0.14383204381465706,0.2992459943449576,-0.0915509851542059,0.0781870441633552,0.14452668707190774,0.14196296618273493,0.30301613280336687,-0.08793079834134276,0.07101830445339485,0.15557276144366686,0.154568373467791,0.4053196681307955,0.4519070919656911,0.10990328651651327,0.16397210972499981,0.16221855168216986,0.25536193029490617,-0.1236890678748217,0.02778863165696699,-0.0013952265142152809,-0.0018690776319221225,0.003770138458409289
1155,0.14888838495729118,0.14708427063505797,0.31355161437016826,-0.09818115138821437,0.08107601649094776,0.14737711662796799,0.14518082713272193,0.3162296564195298,-0.10015819835513495,0.07559220684275669,0.1573436003654468,0.15712060910192074,0.4071412010201716,0.3819283678885882,0.09900385572541859,0.16613622893710783,0.16352310088250563,0.2654427645788337,-0.12542503013971296,0.0321435611686276,-0.0015112683293231899,-0.0019034435023360385,0.002678042049361562
1156,0.15062319876839253,0.14866268501687874,0.3171702974935582,-0.10502890606998272,0.08131736701198933,0.14916788990968896,0.14628235090452696,0.3205607476635514,-0.10452861014453119,0.07894672122585056,0.16166657394028922,0.16164632562970657,0.423234514340805,0.4124241078105903,0.10717895740623018,0.16931333133401588,0.16722929109322254,0.2748329621380846,-0.1378132988134385,0.033688938035929095,-0.001455308858703569,-0.0023803341123517785,0.003390450169993231
1157,0.14940861826359242,0.1471264367816092,0.3087902129587676,-0.12121933384844474,0.06828339054676269,0.1480750415596189,0.14495770982433312,0.31024368231046934,-0.11818106462279931,0.06445631011375552,0.16309412475076368,0.16213402732595966,0.41263940520446096,0.4228787919157112,0.0916711043040287,0.16796009095428194,0.16677510301453047,0.26375545851528387,-0.14291884626884666,0.032989204331252076,-0.0013335767039735213,-0.0021687269572760737,0.0014534693517017638
1158,0.14997129994104896,0.14773220015610095,0.3194349510138984,-0.0732539663432602,0.07406650553944494,0.14856414983871438,0.1466915271875813,0.3229403732362312,-0.06509791805431842,0.07300391276530582,0.16128355063115957,0.1595698551730119,0.41728971962616823,0.41881735962314726,0.09723102801567796,0.16831523148198238,0.16624750672101293,0.2740268308775016,-0.10154400494338378,0.04048857387664828,-0.0014071501023345812,-0.0010406729685196459,0.003505422222332799
1159,0.15130293140767895,0.15000217268500413,0.32216316154379476,-0.07378455284552854,0.08441011215977523,0.1502315812237881,0.1481771172815365,0.32443626323055685,-0.06156242740998841,0.08036091793144673,0.1660133256995714,0.16621040281579977,0.43230515658111607,0.42548548199767716,0.10145935101589565,0.16985194187240912,0.16681875461695564,0.271564085594529,-0.10920441347270626,0.04050832210526534,-0.0010713501838908457,-0.0018250554034676125,0.0022731016867620912
1160,0.14977673823294993,0.14656402715910566,0.32721010332950634,-0.12540598980763706,0.0673642951856851,0.148608198962124,0.14526661765341867,0.32989690721649484,-0.11953307647348344,0.06521729183307967,0.16003143795876215,0.15988409808415863,0.42486306263396045,0.3880921298859768,0.10085754748633025,0.16847085514052998,0.16572244085975002,0.28167145699756796,-0.14212431042615148,0.031294638861913526,-0.0011685392708259412,-0.0012974095056869916,0.002686803886988498
1161,0.1439422443104061,0.1422857888101552,0.3103448275862069,-0.0959337265585063,0.07832454474715489,0.1425952708125402,0.1408511933226101,0.3145123658422772,-0.09429325950788725,0.07334481903061785,0.15719483360481437,0.15589270964656785,0.40877319836105086,0.45241897712206336,0.10300666351607768,0.1616639108308116,0.1598487153849498,0.26151095216808223,-0.11451958732235634,0.032640974043271376,-0.0013469734978658887,-0.0014345954875450984,0.004167538256070302
1162,0.14983866316115127,0.14751754613984924,0.3218785796105384,-0.08303690529124053,0.08647116424879964,0.1484767670486377,0.14608786067065246,0.32535339717282263,-0.07784100745678446,0.08203476585632441,0.1609385524191182,0.16172775322762326,0.4303505535055351,0.45697589840738423,0.09259761917174159,0.16717845040170087,0.16393726713456372,0.27341882199521844,-0.12451199910822486,0.03661449660003013,-0.0013618961125135831,-0.0014296854691967786,0.003474817562284238
1163,0.14531692657021927,0.14319850545249163,0.3159859976662777,-0.09651918010161109,0.08697572781189411,0.1442101985193761,0.14215579788851718,0.3191142191142191,-0.08906230147586436,0.08590480314996274,0.15829607850295668,0.15810053438762653,0.4159166271909048,0.41895974799427965,0.10046937855223015,0.16318763174646608,0.16009905721857756,0.26709591474245115,-0.13639120839716823,0.04006922761929743,-0.0011067280508431643,-0.0010427075639744543,0.003128221447941393
1164,0.1472847420352052,0.14593612048818488,0.31565656565656564,-0.07985681114551091,0.07815752240380669,0.14572413793862796,0.14390201679217518,0.31740224102446835,-0.07510231963598835,0.07453831270002509,0.15917574205019552,0.15930927031939757,0.4177066164351307,0.43571101885730373,0.10136304344570057,0.16543415908058107,0.16342075651345972,0.267907995618839,-0.11129151421334083,0.0336625325161386,-0.0015606040965772394,-0.0020341036960097036,0.0017456753679027104
1165,0.14463797529527575,0.14304347826086958,0.3069516204790982,-0.10003759082110697,0.07598789932821037,0.14324695351124864,0.14204347826086958,0.31115276476101217,-0.1008578562010829,0.0738168164902614,0.1555707321152397,0.15491304347826088,0.408578431372549,0.4407836096539213,0.11463317384370009,0.16290522829387735,0.16008695652173913,0.2614904060687193,-0.13483172964531842,0.0273556437581558,-0.0013910217840271133,-0.0010000000000000009,0.004201144281913982
1166,0.14855108509543463,0.1474724604867854,0.31981460023174973,-0.09816276317996231,0.0825447472408729,0.14724440665840682,0.14494709801018854,0.32110726643598614,-0.08906692207738864,0.07826514607483703,0.159764756949138,0.1606653023903862,0.4186320754716981,0.4340175670028456,0.09859325161350763,0.16653137892622016,0.16427918317586102,0.2680229986731535,-0.12946105228434968,0.03825087517240122,-0.0013066784370278084,-0.0025253624765968485,0.0012926662042364034
1167,0.14752142857862366,0.1452790818988002,0.30503795721187027,-0.11136648282514028,0.07211139816969192,0.14615291910447792,0.14375760737263085,0.30770995869664985,-0.11287499864022543,0.06975201274474663,0.1603447889867335,0.1597113545470353,0.4051355206847361,0.40051664182811725,0.10235442952580887,0.16571055774569846,0.16336289340984175,0.2575426322693485,-0.13331331745116592,0.023422262582184272,-0.0013685094741457404,-0.001521474526169353,0.0026720014847795848
1168,0.14894885292649257,0.14744228353618918,0.31974347228584515,-0.09431509478361055,0.08515487654058596,0.14783616257116333,0.14570970676138087,0.32244058500914075,-0.08633940605454848,0.08304058629907984,0.16178171199264943,0.16022003725040065,0.4185347816038826,0.41732302555016204,0.09340060848246001,0.1673296331483093,0.16485468012301296,0.26988636363636365,-0.11766654551512123,0.04075478146895639,-0.0011126903553292378,-0.0017325767748083143,0.0026971127232955916
1169,0.1466680588447235,0.1437953681299689,0.3096045197740113,-0.08564322286475268,0.0769491646530791,0.14508515557663876,0.14198064293121326,0.3140533212833258,-0.08095797541954985,0.07673857580619059,0.15763346598704828,0.15714656066367094,0.412080223880597,0.44340098665642586,0.1057998366768117,0.16459353504884047,0.1614673349464224,0.2654201590371803,-0.11572933773940874,0.028934907562487955,-0.0015829032680847455,-0.00181472519875564,0.004448801509314482
1170,0.15018818675650158,0.148034024824234,0.31971995332555425,-0.06688874571388259,0.07548149083403499,0.14861306096254898,0.14664525648815208,0.3244372244140172,-0.06272140630648515,0.07029553493842655,0.15832436480247056,0.15758180713479733,0.4195804195804196,0.4531656683348579,0.1053007372337833,0.16859499513844028,0.16639180626681713,0.2730520205402992,-0.09272229849189795,0.03356168067786702,-0.0015751257939526087,-0.0013887683360819247,0.0047172710884629265
1171,0.1524026370709355,0.15045214276353153,0.30442720219078045,-0.0804492731088643,0.07587006380332606,0.1508937637693244,0.14874841640819536,0.30967007963594995,-0.07711792921182792,0.07310231573285042,0.1617980529670019,0.16194137433925998,0.4087199813476335,0.43010797954071867,0.09567010769211293,0.17069758201478624,0.1678388886461928,0.25931575506646326,-0.11430929781951893,0.03179899837344513,-0.0015088733016110911,-0.001703726355336166,0.0052428774451694915
1172,0.15012465090134292,0.14833571397653986,0.32156684126622637,-0.09919371015115686,0.06812961753228575,0.148817614545596,0.14643119941133187,0.32502266545784225,-0.09758471237194632,0.06364964054932643,0.1630016945346928,0.1636583993420768,0.42312192838754975,0.4056135826348592,0.09330282153177138,0.16866164269149503,0.1671211530970004,0.27429193899782134,-0.13480621821047356,0.025676502312814264,-0.0013070363557469156,-0.0019045145652079876,0.003455824191615886
1173,0.14560562319620815,0.14296912424334798,0.31067268837651535,-0.09500171064276797,0.08529744966395147,0.14422643155328096,0.14114009493533075,0.3121004025574236,-0.09616591146741027,0.08181734105150018,0.15739699435931412,0.15799329355920394,0.40853954391072295,0.44565095177593633,0.10378552666759844,0.1634237403457127,0.16064974088751469,0.2630984643179765,-0.12812473396694046,0.03722844945446935,-0.0013791916429271855,-0.0018290293080172326,0.0014277141809082572
1174,0.14847475858195425,0.145985401459854,0.3113701236917222,-0.09395687869087366,0.08996386956168878,0.14717693225093398,0.14455161626694474,0.314832309872461,-0.0883946426562604,0.08346358996908121,0.1611106227071688,0.1611053180396246,0.4125,0.4278511538297712,0.09949761296417992,0.16766659921896174,0.166232186305179,0.26350581262821976,-0.12254372255224155,0.050312164046782626,-0.0012978263310202687,-0.0014337851929092649,0.0034621861807388465
1175,0.14592563899613184,0.14392091970040063,0.30845771144278605,-0.10840053391163262,0.08206148797450041,0.1444023379238657,0.14248388782442084,0.3089411764705882,-0.10414603603342654,0.07575307861507163,0.16050446856636372,0.1599024560181153,0.411864406779661,0.42592137442062955,0.1018568414816734,0.1650042881545787,0.16321198397491726,0.2588660492432799,-0.13244153935762037,0.03725002838683422,-0.0015233010722661422,-0.001437031875979794,0.0004834650278021657
1176,0.1437993362659038,0.1421636615811373,0.30020944845240866,-0.09618919761126943,0.0798349481197207,0.14238072607554456,0.1409500693481276,0.30348027842227376,-0.08666211821414394,0.07704230045648208,0.15441722433136704,0.15451629680998613,0.4042250178020413,0.4228564438482963,0.09787974840526215,0.16222090396608385,0.1600641470180305,0.25565410199556543,-0.11728531397098407,0.03407849025281173,-0.001418610190359243,-0.0012135922330097082,0.0032708299698651078
1177,0.14927986119943176,0.14781741731327755,0.31286077118448397,-0.0806570541874756,0.07659426017977289,0.14783131762549928,0.14599679223199966,0.3167316961211843,-0.08082106848602122,0.07102654152680077,0.15900683742943875,0.15939139104425853,0.41376037959667855,0.4293004163337174,0.10143485109303318,0.16743945369590316,0.16463652520698774,0.26574196389255833,-0.11953845738432278,0.031410081880652974,-0.0014485435739324815,-0.0018206250812778935,0.0038709249367003262
1178,0.15094698580612959,0.14966962267431752,0.3234686854783207,-0.09774510568509276,0.0890634531100698,0.14932108646527942,0.14810467744740044,0.3282564219140714,-0.09589931956231912,0.08061408643059209,0.16148917644783894,0.1608415927664754,0.4253059339644424,0.44681929164663403,0.09497800978570414,0.16876946885514946,0.16684054946965746,0.2741829348541347,-0.1155542100492466,0.04681661971268147,-0.0016258993408501676,-0.0015649452269170805,0.0047877364357507
1179,0.1472520364578789,0.14613105611711397,0.3177700348432056,-0.0953545077424871,0.07919181508823336,0.1457126525255171,0.14412687347507844,0.3203052728954672,-0.0941068431552613,0.07510795799743819,0.15777045691478245,0.1575897525270129,0.421875,0.41962063396561006,0.096601942685834,0.16538790672655976,0.16395085395608225,0.27085181898846494,-0.11955835629162836,0.035559026170789876,-0.0015393839323618042,-0.002004182642035529,0.002535238052261579
1180,0.14653809530148096,0.14421910209741723,0.30905738649458403,-0.08652098978963763,0.08672999585921959,0.14522132704967747,0.14270237476165712,0.31313131313131315,-0.08533894337991654,0.08312363025791492,0.15995520911431796,0.15960305078869821,0.4139772463431623,0.41151602554242195,0.09351844875579307,0.16461310546179697,0.16233315999306638,0.2610406646261478,-0.13066851081427333,0.03687729490000813,-0.0013167682518034907,-0.0015167273357601097,0.004073926636729119
1181,0.15071042845845983,0.1490369983913743,0.33241821093571267,-0.07898597406408403,0.07116570657643961,0.14954559354576424,0.1476892309030042,0.3363698474151674,-0.0722272210640702,0.06688991441277459,0.163608086439578,0.16512325551062998,0.4347010550996483,0.4403078504315295,0.09382740504386444,0.16901869104343367,0.16655797574018522,0.2859964881474978,-0.10616933666942241,0.03161462906253787,-0.0011648349126955893,-0.001347767488370094,0.003951636479454734
1182,0.1515071275508152,0.14992582249760014,0.32075471698113206,-0.10358456875798039,0.07174935246035585,0.15022865676278427,0.1479623003752509,0.32453589800939386,-0.10386451582386025,0.06773884328649082,0.163068577775308,0.16275416703028187,0.41919307043537724,0.4209839749436807,0.08546951542357872,0.1697262238929914,0.16829566279780087,0.278621870318853,-0.12889124417265874,0.02510079838539858,-0.001278470788030922,-0.001963522122349237,0.003781181028261804
1183,0.14549416974969356,0.1434716489246144,0.31788542151839777,-0.10375209164628663,0.076013984306603,0.14401191084397374,0.14103845318270694,0.3191292264937471,-0.1008438094420846,0.07083650225925076,0.15737565468259362,0.15794047360417118,0.41493975903614455,0.4196300110124283,0.10707887659071691,0.16417731079180756,0.16258961546817294,0.2699645075421473,-0.14408546788518473,0.029848102717711655,-0.0014822589057198188,-0.0024331957419074512,0.0012438049753493163
1184,0.15041500192958338,0.14907343262902667,0.3271264367816092,-0.10419099416955291,0.08377636688256107,0.14899726137038577,0.14699515067544164,0.3297531992687386,-0.10316086698997862,0.0782591796005282,0.16164099187412823,0.1607204710772428,0.4138733705772812,0.41258027711949946,0.09523514046832171,0.16846386938724103,0.16608936612400416,0.2766188613646241,-0.12186491894973916,0.03030209014901153,-0.0014177405591976056,-0.0020782819535850316,0.002626762487129397
1185,0.14894904112641855,0.14716652136006975,0.3129455047137273,-0.08979483097072805,0.07494187575670663,0.14754751163401164,0.14559721011333915,0.31729014598540145,-0.0946796638099291,0.06744846166777418,0.16110703825530767,0.16041848299912817,0.41555661274976213,0.44546091908611407,0.10598601983942713,0.1674902505688303,0.16534437663469922,0.26610952276226085,-0.10842743233538865,0.0325505617678884,-0.0014015294924069055,-0.001569311246730598,0.004344641271674166
1186,0.15494173790504925,0.15409651102239194,0.330393487109905,-0.10093940220004494,0.06579021099936533,0.15344774104579845,0.1517965630966846,0.3340837460603332,-0.09641819134080987,0.0615346992917738,0.16581730066268027,0.16585662211421628,0.4314780168381665,0.43301458298728307,0.09685544646478372,0.1731149293449418,0.17193195625759417,0.277922642329422,-0.13194690708581058,0.027490605631041443,-0.0014939968592508068,-0.0022999479257073407,0.0036902589504281824
1187,0.14777738969644752,0.14667360568999913,0.3174529398094353,-0.08049061219279596,0.08565794229473167,0.1462399871480879,0.14541590771098967,0.3236380424746076,-0.07595535068802184,0.07946196741347467,0.16011083099980866,0.1596409055425449,0.41878112402181644,0.43545107747748635,0.10403221263225249,0.16589249395629024,0.16371758175036863,0.2706533776301218,-0.11248445798408546,0.040363229369680065,-0.0015374025483596288,-0.001257697979009459,0.006185102665172304
1188,0.15103589542342555,0.14926597582037995,0.3367792327130714,-0.09201239449037113,0.0781252987242178,0.14943867237091416,0.14771157167530224,0.3393634073734829,-0.0897797792300511,0.0751450420971359,0.1609514434716767,0.16075129533678756,0.43273753527751646,0.4360734661412732,0.09962572153387994,0.16879693305237586,0.16839378238341968,0.2907644719399028,-0.11614538278696174,0.04129784183242036,-0.0015972230525113928,-0.001554404145077709,0.002584174660411498
1189,0.1494857161305173,0.14675414364640885,0.3154056517775752,-0.09086843502809072,0.07452996976578596,0.1480460693130073,0.14554558011049723,0.3205070167496605,-0.09308926252772853,0.06816351448966529,0.16192219885003495,0.16268128453038674,0.4285373987613149,0.47742912536495,0.1148508531812169,0.16717337574707253,0.16639330110497239,0.2701998262380539,-0.12303231888440258,0.028691491777717126,-0.0014396468175100208,-0.0012085635359116165,0.005101364972085298
1190,0.14517419746061924,0.14436267038278972,0.31664348632359757,-0.10359961190191469,0.0751641903540522,0.1438689068998358,0.14275138265906023,0.3191783983383337,-0.1054571667731079,0.07107402501342919,0.1585663076588851,0.15790619692548882,0.42124277456647397,0.44827452648081184,0.11003823167936455,0.16345698319290605,0.16156425554152332,0.2702165267344233,-0.11907170059573213,0.029526556027100193,-0.0013052905607834342,-0.001611287723729482,0.002534912014736157
1191,0.1457336587490625,0.1448557525199861,0.2981962988990396,-0.08100257689556967,0.08464930542820315,0.14446697118301066,0.14277024678484532,0.30041918956683744,-0.08138695174195465,0.07926996471720904,0.1596948469153528,0.16097497393117832,0.4055277579223255,0.41245097462571934,0.10014180667586614,0.16460498931264314,0.1630604796663191,0.25384101536406145,-0.11786207172856589,0.03688075991457562,-0.0012666875660518329,-0.002085505735140769,0.00222289066779785
1192,0.14459853152468122,0.14196621914248592,0.30404925408477385,-0.08373870112897963,0.07744169721986416,0.1430731238935401,0.1400606323083586,0.3074021687883074,-0.0835410916474717,0.07330067110059924,0.15506886267872091,0.15504547423126894,0.4040281485076438,0.43440009274471664,0.09967246901802329,0.16324991038723938,0.16019922044174967,0.2589084348218313,-0.12439355845786138,0.0314545124217116,-0.001525407631141118,-0.0019055868341273097,0.0033529147035335494
1193,0.14936099856505045,0.14698606952219764,0.3304798378013066,-0.11065502826065055,0.07551103857565944,0.14803742025579575,0.14525018443779023,0.33400764216677903,-0.10998372094846742,0.07340507628304438,0.16222515121411768,0.1623920496463134,0.4344508670520231,0.4387409459461905,0.09951900871147057,0.16717760300606838,0.16556003992535695,0.2835949258224038,-0.13370520622041915,0.030864637972221276,-0.001323578309254697,-0.001735885084407418,0.0035278043654724534
1194,0.15054206269719117,0.14828831180129629,0.3130968622100955,-0.0939320255192394,0.07861786926421299,0.14922773498512584,0.14676584453434252,0.31539509536784743,-0.09144863395322089,0.07734804880231227,0.16262416371960917,0.16255600504589152,0.4128654970760234,0.43680696597792745,0.10464918873318063,0.16880817898654937,0.16547044238548872,0.26284970722186074,-0.12618317041050053,0.03353924286673271,-0.0013143277120653274,-0.0015224672669537642,0.002298233157751961
1195,0.14627947939499203,0.14392653523088306,0.3016643550624133,-0.09323736175595276,0.0867332233142406,0.14501700769822007,0.14270792531662096,0.30668804397617955,-0.09538726891905258,0.07821903947381148,0.15685797471815216,0.1567654611132872,0.4061552809512707,0.40106831305362506,0.09460884336663755,0.1642385213320297,0.16120468294381338,0.2516541685046317,-0.12834777575662137,0.04245946734400907,-0.0012624716967719607,-0.001218609914262092,0.0050236889137662555
1196,0.15210984040527484,0.15045975017349064,0.3252279635258359,-0.09204687976237746,0.07083302479313036,0.15069091281469124,0.14920194309507287,0.32874795989741196,-0.08456941532368933,0.06822727280809793,0.16274245560855205,0.1640787647467037,0.4296223639038744,0.4088989323554104,0.11404507854491741,0.170420966472372,0.16841603053435114,0.2760334312175288,-0.11234607960912346,0.03826112498022549,-0.0014189275905835963,-0.001257807078417772,0.003519996371576073
1197,0.15255887110781954,0.15029575579638185,0.33100558659217877,-0.09373627905485837,0.08239785029663715,0.15144136286505774,0.14874141876430205,0.33526413345690453,-0.09086413347735434,0.07811386780192597,0.1648984609683981,0.16596865420318638,0.4359952324195471,0.4226615409501957,0.10403196189492869,0.1713040888550052,0.16968179266871034,0.2824682557362442,-0.11644060885401175,0.04105741922267425,-0.0011175082427618,-0.0015543370320798,0.004258546864725765
1198,0.1487579360362313,0.1462673611111111,0.3182640144665461,-0.08929384940365492,0.06972804945879918,0.1473464951770157,0.1443576388888889,0.319900945520036,-0.09328592645757561,0.06591082047382835,0.1584844612582625,0.15768229166666667,0.41305361305361304,0.38928683423692034,0.09814519856913706,0.16624284712987006,0.1642795138888889,0.2722974425102085,-0.11594316820581096,0.021164414038893353,-0.0014114408592156014,-0.0019097222222222154,0.0016369310534898873
1199,0.15042738843353465,0.14806754874651812,0.3153828143291969,-0.08613496042367474,0.08000961045327581,0.1490010762223619,0.14645717270194986,0.31970260223048325,-0.0803442548463339,0.07288206315787504,0.16182014836259576,0.16169045961002784,0.41884440182210503,0.4327237599227183,0.10160823862115664,0.16864255086625302,0.16686977715877438,0.2704626334519573,-0.12041328909236004,0.03141269707554384,-0.0014263122111727589,-0.0016103760445682624,0.004319787901286343
1200,0.15478402687851125,0.1532510431154381,0.3354487760652765,-0.09265343109997803,0.0706899032390974,0.15328230955909328,0.15186022253129347,0.3380027112516945,-0.09070662874503288,0.06771616932879887,0.16384547018210752,0.16342141863699583,0.4284045783695398,0.423314462877795,0.09851555625689112,0.17295813012776942,0.17159248956884562,0.28555941023417175,-0.12640556225556043,0.028207990234832114,-0.0015017173194179778,-0.0013908205841446364,0.0025539351864179993
1201,0.14936482951851787,0.1471447890764734,0.3187087974539668,-0.10187310561287966,0.06736937595875325,0.1481268360578451,0.14522531954805218,0.31997282608695654,-0.09750781616773041,0.06373770579508364,0.16310432217851306,0.1643327662173363,0.42995740653099856,0.4473054337487528,0.10432696056550805,0.1673837482518862,0.1652925009815469,0.2702113750272391,-0.12413062128683483,0.026780121188328954,-0.0012379934606727705,-0.0019194695284212304,0.0012640286329897443
1202,0.14868538855537974,0.14655022592978798,0.32046941999548634,-0.07542751909831746,0.07340057499172647,0.14744606535491178,0.14494264859228362,0.3230457310205001,-0.07242806002997138,0.07171029116923422,0.16252964384282706,0.16245220716023637,0.4160412757973734,0.37879824485369434,0.10868524978625249,0.16623809360948186,0.16388599235314563,0.2698894428788207,-0.10470673887123116,0.03494661803002752,-0.0012393232004679622,-0.0016075773375043567,0.0025763110250137666
1203,0.15141618227544826,0.14938335938857045,0.3117673579801623,-0.08004985093592687,0.07405691263595882,0.14997387607877494,0.1474726420010422,0.31409968567579705,-0.06925723609267909,0.07025948680737737,0.16427531241929438,0.1639308667708876,0.41901245962159667,0.426830781261161,0.09557565899792075,0.1695594920997529,0.16809970470731284,0.2646551724137931,-0.11827333802017348,0.031019419912035162,-0.0014423061966733208,-0.001910717387528238,0.0023323276956347394
1204,0.1442285421278748,0.14130434782608695,0.3112398609501738,-0.10822794727760532,0.07918541297083947,0.1429258728210638,0.14004850164559154,0.3142329020332717,-0.10440255080856264,0.0764004958642358,0.15862939372882276,0.15771695825394075,0.41847563917028463,0.47655904351708794,0.11538933535668738,0.16259772058331629,0.1603585657370518,0.2636001769128704,-0.13091024208008684,0.03484096365799616,-0.0013026693068109996,-0.0012558461804954013,0.0029930410830978915
1205,0.14502214001764485,0.14280118384401114,0.31273496240601506,-0.10485950169093194,0.07282866349190065,0.14369390079558858,0.14110376044568246,0.31711880261927033,-0.09969548020512731,0.06847288218257652,0.15650196565296975,0.15594533426183843,0.4066811909949165,0.419723086814206,0.1000522966751769,0.16352505063703407,0.1619951253481894,0.26691896705253787,-0.13460828372035438,0.021430444041875107,-0.001328239222056271,-0.001697423398328679,0.0043838402132552745
1206,0.14837651589396406,0.14672686230248308,0.2996780128794848,-0.0951758964417192,0.08134719887996489,0.14668662803830726,0.14433929501649592,0.3013260173754001,-0.0986735031038829,0.0758138930677138,0.15976670808588259,0.159446084389651,0.3978042513431441,0.4120416911556152,0.09560610231922728,0.16681432210919978,0.1641778086473346,0.25005459707359684,-0.1228823273127071,0.03218590493265694,-0.0016898878556567964,-0.0023875672859871577,0.0016480044959152895
1207,0.14396789597422227,0.14155629139072848,0.30830783713815013,-0.062128909064706805,0.08672385348372746,0.14253008725929556,0.1398570930637853,0.3104176442984514,-0.05712338473363121,0.08391961504426859,0.15680900041726892,0.15719762983617985,0.4138431752178122,0.43562953355430656,0.11196199943885599,0.16208050934972787,0.15911467410247473,0.261455525606469,-0.09157779699284241,0.042934591698333024,-0.0014378087149267138,-0.0016991983269431798,0.0021098071603012913
1208,0.15350791721784246,0.15321001088139283,0.3202614379084967,-0.10486540203261574,0.06830177722764719,0.1520038718064544,0.1505114254624592,0.3213725050459744,-0.10227084486330662,0.063637493131672,0.16368516585031206,0.16343852013057672,0.4134324889611899,0.4192297560238655,0.09671150763040515,0.1721879814021654,0.17079434167573448,0.2724145345087078,-0.12924881891317996,0.022931013748615503,-0.001504045411388072,-0.002698585418933641,0.001111067137477717
1209,0.14914575999260835,0.14702556966428945,0.3133597575192352,-0.12090894961499854,0.07744294941139873,0.14740886623807206,0.14493825013045747,0.3152755173215531,-0.11573630891474396,0.07485432714695084,0.1570462621602105,0.15620107844842582,0.410004786979416,0.46138252716170736,0.10138770535754149,0.16721898517746017,0.1651591581144547,0.2633103141011361,-0.13765537388207294,0.03429924500393433,-0.001736893754536284,-0.0020873195338319828,0.0019157598023178957
1210,0.15108953067875422,0.14872824047816413,0.30735430157261795,-0.1177685615374815,0.07270170154383859,0.14991455794079964,0.14746302517342175,0.3107642873536837,-0.11309110382987242,0.06559262683759981,0.16215457916015052,0.16343091488154968,0.41410748560460653,0.40540022170758444,0.10630823651878518,0.1695670708305392,0.16596134549103442,0.26024994518745886,-0.14894797911560886,0.021645619562669527,-0.0011749727379545827,-0.0012652153047423842,0.003409985781065772
1211,0.1519935097084246,0.1500389711613406,0.3208568207440812,-0.08964319144369648,0.07978881062522403,0.15077922183719678,0.14783060535203948,0.32109058134294727,-0.08140197344246702,0.0791590921860198,0.16333024054094938,0.1637654802113103,0.4185124737701096,0.43757945965747375,0.11043510799983158,0.16957731230121667,0.16692647440893738,0.2720825274016763,-0.11500173611696374,0.034029270709713955,-0.0012142878712278204,-0.002208365809301116,0.00023376059886609513
1212,0.1488663358085346,0.14791458269908234,0.3226022803487592,-0.10691518135318168,0.07284185331437865,0.14743866982806392,0.1450876353672857,0.3218339639439127,-0.10288359710119288,0.06864195329982103,0.16119285338937098,0.16070108293828556,0.4115464873637839,0.41841303090781706,0.10644105343083954,0.1669614035558645,0.1639194537467925,0.2724189103243587,-0.1333928085190883,0.021603073136775675,-0.0014276659804706715,-0.002826947331796642,-0.0007683164048464808
1213,0.1463316340927319,0.14504875406283857,0.3210550250113688,-0.09526006071904902,0.08031026155235177,0.14490088460349956,0.14322860238353197,0.3228149829738933,-0.09148852904562566,0.07883225670546379,0.15677338335298033,0.15692307692307692,0.41655011655011653,0.4433791567278939,0.1031137649043361,0.16345730087718663,0.16052004333694475,0.26891482922611326,-0.1332537331170912,0.0321695322537181,-0.0014307494892323303,-0.001820151679306603,0.0017599579625245387
1214,0.14912833215577606,0.14804553915414917,0.32544242702826937,-0.10776511664997301,0.068384916980755,0.14773798237385416,0.14596770702566988,0.32890213156085263,-0.10193989542645521,0.06580823303923244,0.159751076830466,0.15977663304618847,0.41710090004737094,0.3879233258536422,0.09608426935212155,0.16780413013755066,0.16674602831046276,0.2791411042944785,-0.1328979450597343,0.022648777018731137,-0.0013903497819219013,-0.0020778321284792844,0.003459704532583263
1215,0.14846043487409222,0.14726933587819374,0.3259538389072068,-0.0761279380250055,0.08985620256240001,0.14697256074843884,0.14488352925866482,0.32778038479587046,-0.06881244607720349,0.08641573158547888,0.160533652372142,0.16041296143668937,0.4229390681003584,0.41866993436766875,0.1029729981619113,0.16653234030925995,0.1645339001431484,0.2752457551385165,-0.12559104296306478,0.040399432269160096,-0.0014878741256533767,-0.0023858066195289185,0.0018265458886636554
1216,0.1437663186915669,0.14184274333217872,0.3129346314325452,-0.07830921456023143,0.08457165082881501,0.14227883139775405,0.14028403186698996,0.3165550681135996,-0.07956373808254746,0.0809447132302028,0.15647333994234253,0.15595774160027712,0.4162927981109799,0.39355457682273404,0.1014262431988362,0.16178778883053052,0.16054728091444406,0.26591760299625467,-0.10962998288776049,0.03656806496483067,-0.0014874872938128447,-0.0015587114651887668,0.0036204366810544397
1217,0.15062551366338425,0.1482749653259362,0.31176999101527403,-0.0884749938871856,0.07211997253532632,0.14906334291271672,0.14680131761442441,0.3142345568487019,-0.09117801528131242,0.06874988036077834,0.16090343470003007,0.16058425797503467,0.415089986155976,0.43609663889254613,0.09697440232261756,0.16840135936800504,0.16743238557558945,0.2675664095972579,-0.11543315619434269,0.026623728178928885,-0.0015621707506675298,-0.0014736477115117885,0.0024645658334278564
1218,0.14575338746359684,0.14347731712611245,0.3064516129032258,-0.08487856615665457,0.08506519348209896,0.1444122259467209,0.14226177555893205,0.3105560791705938,-0.08390629098423519,0.07898848803218428,0.15958203391998077,0.1603646624701541,0.4135536398467433,0.4608772903438247,0.09374620126769129,0.16457364870451985,0.16257868461037553,0.2632054176072235,-0.1112525376968887,0.03862180182918007,-0.0013411615168759383,-0.0012155415671804004,0.00410446626736799
1219,0.15276531876968957,0.15163738885274344,0.32302092811646954,-0.09635258488040233,0.08043282524029549,0.15153032514627313,0.15003253090435914,0.32343608340888486,-0.09177923398181476,0.0770529269738377,0.16377918889925222,0.16447625243981784,0.42168674698795183,0.4392254971442274,0.09733231657258457,0.17071804307955818,0.16972457167642593,0.2731824118415324,-0.13429594615781348,0.03860658419287988,-0.0012349936234164471,-0.0016048579483843028,0.00041515529241531457
1220,0.15161827806230999,0.15024962014326027,0.32225532890213154,-0.09917690156424996,0.07302793464344659,0.15046714148295304,0.1484263077924897,0.32557608943645905,-0.09312451505057995,0.06875428553210883,0.16501159411860894,0.1649663555459084,0.4323227500596801,0.47032868048030047,0.11020868191208444,0.1703704620293147,0.16713696548730192,0.2739606126914661,-0.13438853004345586,0.028795666341101644,-0.0011511365793569484,-0.0018233123507705729,0.003320760534327505
1221,0.143152488116463,0.14064740386704322,0.3077277970011534,-0.09133539148069048,0.08861818512257402,0.1420216457242613,0.13934390614816425,0.31251435132032146,-0.0944654735779924,0.08437563144650562,0.1562567404333727,0.15589832717792743,0.4090374205695458,0.4020897216725121,0.10686116592966755,0.16099743423451307,0.15841842276776016,0.26029798422436456,-0.11448357931500674,0.04004094553159221,-0.0011308423922017086,-0.001303497718878971,0.004786554319168079
1222,0.15192120509647078,0.15024394493814253,0.3046203854190852,-0.1185564403589855,0.07924396148530788,0.15045953786813746,0.1485014810942673,0.30847614636405746,-0.11324239204189024,0.07688063172965753,0.16168001138157528,0.16191845269210664,0.4088200238379023,0.4367732911700316,0.10330695536101975,0.1704589351326057,0.16810419933786375,0.2566880389122264,-0.14139567783482054,0.032836759010720695,-0.0014616672283333243,-0.0017424638438752194,0.003855760944972253
1223,0.1509440639011324,0.14924143909839618,0.33071774751903993,-0.10991855224136715,0.08420594704617235,0.14940744034008072,0.14746423927178154,0.3355458915083543,-0.11424395708601753,0.07654540592921588,0.16397076611402206,0.16328565236237538,0.43187120858609424,0.422324589468039,0.0942072090599767,0.16928019735642397,0.16744690073688773,0.279674080598987,-0.13982411161669317,0.03994504281486788,-0.001536623561051692,-0.001777199826614645,0.00482814398931436
1224,0.14970826847910926,0.14841691503606755,0.3275663206459054,-0.08544679317799664,0.07196137627549393,0.14793823168308365,0.14725065871884585,0.3305065322026129,-0.08384298182400507,0.06595314446433664,0.15823534781812185,0.1577469655738413,0.4230769230769231,0.4282300424373449,0.09277560790700312,0.16765181400632537,0.1651332555829122,0.27812223206377323,-0.11076106974137234,0.03312244921051288,-0.0017700367960256091,-0.0011662563172216978,0.002940211556707484
1225,0.14547115403216043,0.1428137476132616,0.30268378063010504,-0.0978522419998833,0.08372778916760426,0.14419118377006793,0.14081756639472315,0.3055231880680494,-0.09116257924717297,0.08243979384205347,0.157819634849713,0.158436035410519,0.41894484412470023,0.46171834564462366,0.10841436624066159,0.16366609882011043,0.16268876931088352,0.2602954341987466,-0.12880341249829286,0.04444393173830452,-0.0012799702620925058,-0.001996181218538451,0.0028394074379443635
1226,0.1494703988295238,0.1466996914787294,0.31963260619977035,-0.11353611012655929,0.07019914947728467,0.14802992322510855,0.14535262677617,0.3233014135886913,-0.11050358700304641,0.06354983559635796,0.15953459176113322,0.1600834311041585,0.41359906213364594,0.3940975173613618,0.08950360913158806,0.1672283592033235,0.16551514361447878,0.2725870427501102,-0.13915940129519933,0.030946748180201045,-0.0014404756044152367,-0.0013470647025594085,0.003668807388920947
1227,0.1503516154815094,0.14901178918169208,0.31985294117647056,-0.0842033998310805,0.07192384627574078,0.1491429512089948,0.14779819694868238,0.3228761163269979,-0.07446561261454021,0.06871140620245275,0.1637997870825739,0.16331484049930653,0.41452592246613734,0.4453730417639609,0.08691523328441819,0.1694667114363247,0.1662621359223301,0.26944140197152244,-0.11368424549895462,0.026307197235050817,-0.0012086642725146202,-0.0012135922330097082,0.0030231751505273574
1228,0.1480899556999074,0.14636687212431634,0.3143921751280857,-0.07911264675493612,0.08165767034170435,0.14649158828208006,0.14463061029603264,0.31869918699186994,-0.07864392536081133,0.07929587735239974,0.1562591289386305,0.1560031252712909,0.41586768935762225,0.41405910819458847,0.10785210167762693,0.16552499151894967,0.16260092021876899,0.2657777777777778,-0.10408873562976284,0.03742772890563817,-0.0015983674178273455,-0.0017362618282837083,0.004307011863784238
1229,0.14595860785543707,0.1432108418034923,0.32057074910820454,-0.08020575231987559,0.08956183430853282,0.14431776712715896,0.14216836069846234,0.3230330401711433,-0.07794525687325571,0.08912845636062294,0.15753919680426665,0.1566327860307532,0.4190038684719536,0.4207713215328723,0.10451337351142564,0.16373262619551687,0.16227955868299887,0.27413127413127414,-0.10708068146852578,0.04665741746544905,-0.001640840728278109,-0.0010424811050299687,0.0024622910629387706
1230,0.1454836722492416,0.14273341416940932,0.3197262859839547,-0.09929216239682581,0.08334056770686293,0.14422579804481042,0.14208383855880824,0.32464176650223164,-0.09939302999046462,0.07922979204115577,0.1577102198649319,0.15802009353888793,0.426217591470802,0.4407902814220567,0.10735615185915204,0.16287744548722805,0.16152780183613372,0.2722134297987791,-0.1244428204990593,0.04331459411971428,-0.0012578742044311864,-0.000649575610601083,0.004915480518276949
1231,0.1483602204688251,0.14638371589432655,0.32644628099173556,-0.09034417350766855,0.07785033396321805,0.1469520684615568,0.14499783456041576,0.33150308853809196,-0.08599835210677542,0.07465554095963789,0.1622057269956999,0.16145517540060633,0.4309077980564115,0.3940050688887016,0.1070294433959158,0.16635112224073836,0.1642702468601126,0.2779475982532751,-0.12381778347976657,0.030141425109755815,-0.001408152007268293,-0.0013858813339107934,0.005056807546356401
1232,0.14433311813603458,0.14204028589993503,0.3172784662146364,-0.10280205235713447,0.06979713820614675,0.14290914960223636,0.1403941953649556,0.3191142191142191,-0.10230263532682382,0.06697293059098786,0.1552815531183351,0.15525232835174355,0.41285296981499514,0.4484608270953678,0.10651183720321167,0.1624232962739898,0.16092700888022526,0.26793296089385477,-0.1296803731006012,0.026782283759881342,-0.0014239685337982255,-0.0016460905349794386,0.00183575289958271
1233,0.14600650246989574,0.14340277777777777,0.30561848663343905,-0.09542673152736836,0.06684806833831192,0.14472217535002713,0.1419704861111111,0.3079185520361991,-0.09126161939521282,0.06557071671401293,0.1583558469433119,0.1575954861111111,0.40654970760233916,0.414487797484287,0.09644004763457104,0.16359997825893757,0.1603732638888889,0.25764476252439816,-0.12054784917245942,0.024908356673829624,-0.0012843271198686168,-0.0014322916666666685,0.0023000654027600653
1234,0.15281592962998752,0.1504167390171905,0.31810879045214596,-0.09307663549568213,0.07528668599405564,0.15139455822274944,0.14868032644556348,0.3205598898577329,-0.08002257542218938,0.07507316731568336,0.16289161928581888,0.16235457544712623,0.4171374764595104,0.44100017336232006,0.09856022193663094,0.1707170747488504,0.16856225039069284,0.2727073757933902,-0.11374553201155935,0.030020726179138424,-0.0014213714072380812,-0.0017364125716270162,0.002451099405586965
1235,0.1505629242172238,0.1480246057875585,0.32821670428893907,-0.0842673015682428,0.07483224434134983,0.1492699081151064,0.1472448449142263,0.33176100628930816,-0.07795716922150964,0.070192138998876,0.16104067595700658,0.16149714087679778,0.4114057732926543,0.4473768703461017,0.11047668992671655,0.16807838323815943,0.16604574597123548,0.27830391734825655,-0.11615507111295353,0.029274846433425483,-0.0012930161021174058,-0.0007797608733322026,0.003544302000369093
1236,0.14584373025741504,0.14273941707147814,0.3090866837090402,-0.10036404193929405,0.07094408769980154,0.14460210820764663,0.14100451075641915,0.3127466914325517,-0.09705856884064246,0.07007944312088876,0.15980312733197166,0.15982824427480916,0.41907721730815206,0.4343841248618823,0.09688342506718783,0.1640211460828643,0.1616498959056211,0.26466666666666666,-0.11780792025022258,0.02836034218834238,-0.0012416220497684094,-0.0017349063150589872,0.0036600077235114936
1237,0.15037848332870996,0.14910943692026304,0.3050453382934201,-0.1026393704403964,0.08730610334161559,0.14888332467806353,0.14732395592910333,0.3072651550208237,-0.0964942639798344,0.08281855502185875,0.16070585717049687,0.16147715890780823,0.40706495969653866,0.47668000324159815,0.10504260384351138,0.16870787239290386,0.1664416670295693,0.25480238463236915,-0.12733138975976688,0.03858415015568473,-0.001495158650646422,-0.0017854809911597158,0.0022198167274035674
1238,0.1508190992893553,0.14967076763125975,0.3112080845199816,-0.06027863100786568,0.08643656888868778,0.14944984994558985,0.14750476520533704,0.31449407474931634,-0.054317144954407426,0.07924057637591753,0.16066461429349158,0.1602408594697626,0.4189473684210526,0.4322594056235909,0.10315666913894816,0.16849571378264,0.16608906601975396,0.2640017570832418,-0.09114830819509578,0.04431884800512054,-0.0013692493437654496,-0.002166002425922714,0.0032859902293347343
1239,0.15184237341492998,0.14950079958508017,0.3171332586786114,-0.11384719352167338,0.06914419109182934,0.150380124734603,0.1479880710550201,0.31864937388193204,-0.10305344572680475,0.06767068986297764,0.1641250631831959,0.16307213554047628,0.41452694887809394,0.4203400808342088,0.09903521601996434,0.17018613410364142,0.16791286683666853,0.2688079327441259,-0.13685402180114914,0.03251716054608644,-0.0014622486803269885,-0.0015127285300600701,0.0015161152033206227
1240,0.14715386704277628,0.14645607623025714,0.31590309426721036,-0.06938726599569756,0.08376214270717375,0.14546056089223844,0.14475916982117218,0.31934176007631765,-0.06420942018298226,0.07850180843635868,0.15616511575099196,0.15476656659269894,0.4114032931924306,0.43328445794406784,0.10568020216890295,0.1657984957810167,0.16446939041900535,0.26261703585293444,-0.10043161429276148,0.03773421783754227,-0.0016933061505378377,-0.0016969064090849584,0.0034386658091072886
1241,0.1462735669757744,0.14515288394718553,0.3111919927206551,-0.10098335633410938,0.07468167690468563,0.1449061888829623,0.14345899930507297,0.3144411698027658,-0.09627083091912969,0.07149772687732026,0.15809717717368557,0.1579221681723419,0.4076190476190476,0.4262226697521651,0.11628529059559334,0.16425392785574633,0.16243919388464212,0.2674798518841211,-0.10841544551859439,0.0332903265489356,-0.0013673780928120938,-0.0016938846421125642,0.003249177082110699
1242,0.1462965110105774,0.1444376952447067,0.3112301853092208,-0.09675983896113982,0.06961519188175302,0.14492557273854575,0.14257202360291565,0.3130685600177502,-0.09900527486858879,0.06373043655581045,0.1607498085532523,0.16101180145782715,0.4150197628458498,0.39732717036959786,0.10702542216810218,0.16451784615334938,0.162920860812218,0.26390380073008374,-0.12281643154084343,0.03220496159540398,-0.0013709382720316354,-0.0018656716417910502,0.0018383747085293778
1243,0.14960519975658879,0.1484117340739455,0.3156431054461182,-0.1098767528898511,0.07696399723282699,0.1483579081425364,0.1475004339524388,0.3213213213213213,-0.10213365036945476,0.07395790777055977,0.1610448581236873,0.16069258809234507,0.41377683415899974,0.4220538820441008,0.09328276859942009,0.16814264677997584,0.16676792223572295,0.2656630506973655,-0.14118111416005996,0.033590420705829516,-0.001247291614052376,-0.0009113001215066974,0.005678215875203119
1244,0.15044582056400968,0.14879193464279505,0.31373439273552783,-0.09417457309360922,0.07165492285686703,0.14900562492424052,0.14705371110724838,0.31531327753901833,-0.08973796534763334,0.06825528078483678,0.1601330407982288,0.15930818703285243,0.40519055412672433,0.42054840519380426,0.0988520594331086,0.1682588037341462,0.16569615852598643,0.26564551422319477,-0.12704819897998842,0.0365961139890556,-0.0014401956397691595,-0.0017382235355466735,0.001578884803490499
1245,0.14809529743948877,0.14530622927935788,0.3085131060078868,-0.10972644845254542,0.07585180085787624,0.1466853233964517,0.14347408829174665,0.31150196713723677,-0.10628865517947306,0.07369814382045792,0.1608941783142385,0.16044320362938405,0.4162497021682154,0.41913107155514434,0.10040349108444613,0.16675649987317265,0.1648490664805444,0.26830892143808255,-0.1324824944179518,0.03385548862821741,-0.0014099740430370544,-0.001832140987611225,0.0029888611293499845
1246,0.14774323403324066,0.14566468984026665,0.31022142697383137,-0.08823008868565241,0.0793375244777228,0.1464349493800073,0.14479892645340028,0.31635150166852055,-0.086853445652742,0.07432770910027109,0.16078336588053596,0.16094541361845807,0.4183066361556064,0.4389157253615764,0.10042049752449855,0.16482355247676203,0.16176788883598112,0.26558149496680233,-0.11859391679571796,0.038006547613746555,-0.0013082846532333492,-0.0008657633868663639,0.00613007469468918
1247,0.14768527848263913,0.1470040292881591,0.3197215777262181,-0.10319071847633376,0.07151279273135669,0.14635666830674923,0.14440448854035787,0.31788842784693405,-0.10086753941774418,0.06547212009322834,0.16198124268464792,0.16203803994627616,0.4218225419664269,0.4185044017370404,0.10171615592199867,0.166410345161958,0.16411767254451715,0.26950512706197055,-0.11659756890496875,0.033542850434549853,-0.0013286101758898938,-0.002599540747801221,-0.0018331498792840684
1248,0.14909935869980326,0.14623216150365473,0.3174389970897694,-0.07868233717659623,0.0747361163474125,0.14765648871366616,0.14531848242255482,0.3207420652659812,-0.07253198889070633,0.07326671856882261,0.16162695499725654,0.16254785938043856,0.42179221377562776,0.44797385850409344,0.10118527636203012,0.16716521274643875,0.16441872607030977,0.2689846416382253,-0.11935004237780444,0.028345129337646546,-0.001442869986137102,-0.0009136790810999051,0.0033030681762117875
1249,0.14952746695717908,0.14879118017275056,0.30686744239105634,-0.1101061614841673,0.06842665066033538,0.1480381858095427,0.14662094708971743,0.3090784671532847,-0.10186222588274263,0.06821292368761889,0.15949493006439475,0.15977255957289813,0.4059900166389351,0.43326717172646706,0.10604259785844072,0.16838998053927287,0.16680411476192544,0.2608409986859396,-0.13025113419897483,0.0293146146532145,-0.0014892811476363843,-0.0021702330830331296,0.002211024762228342
1250,0.14580832662148094,0.1436733981768221,0.31348752003663843,-0.08756898297782656,0.06770781992725128,0.14442506156670176,0.14210319710385136,0.31594600777854037,-0.08677522413056737,0.06684901726968262,0.1576394385064842,0.157412657565316,0.4133745835316516,0.39881756788260725,0.10313342955195404,0.16398099151460568,0.16295197801718497,0.268760907504363,-0.11998627334324286,0.021117775754157075,-0.0013832650547791758,-0.0015702010729707339,0.002458487741901938
1251,0.15028297233825835,0.148658038738817,0.3191637630662021,-0.10823543517853385,0.08188800893586967,0.1488793053937914,0.1466602970555025,0.32145336727609347,-0.10312206776523725,0.07845920902387993,0.1622453422549252,0.16233822635281855,0.41532352254146226,0.415750712355235,0.0870312088038544,0.16833907239281926,0.16650742638756189,0.27126132096311023,-0.1311431533886661,0.03431341015701117,-0.001403666944466947,-0.0019977416833145134,0.0022896042098913827
1252,0.15160094352699027,0.15023453787352328,0.32391799544419136,-0.09545336703610086,0.08439876579670402,0.15018719642681733,0.14788915913829048,0.3278017731302569,-0.09213966435646714,0.08250090171421975,0.1642239556473593,0.16391591382904794,0.4272495951885265,0.44469719689205117,0.09852730952186484,0.16919378321520548,0.16734711605281447,0.27446715963462376,-0.130110204095084,0.040537018112623,-0.0014137471001729462,-0.0023453787352328004,0.003883777686065515
1253,0.149980222641011,0.14897676031911203,0.3233492171545269,-0.09657327793023673,0.07086635631199989,0.14860177586212053,0.14719909816163718,0.32675736961451246,-0.09735054292902223,0.0702291368705632,0.16164386769557096,0.1607700312174818,0.4178827889738244,0.40831313599641733,0.08998293955510239,0.16769547831276968,0.16562608394033992,0.27351538794971825,-0.12157652063538038,0.026898214852864477,-0.0013784467788904575,-0.001777662157474852,0.0034081524599855473
1254,0.150934326687723,0.14939446366782008,0.32710706150341684,-0.08430158341854121,0.07558870750521207,0.14953990731690184,0.14796712802768167,0.33144668326918725,-0.08449631192033791,0.06986229026996882,0.16388468588388194,0.16362456747404844,0.42602996254681647,0.419667202902815,0.10061527171849782,0.16989134386682417,0.1689446366782007,0.2789382071366406,-0.11100163426139387,0.03189826489557768,-0.0013944193708211594,-0.0014273356401384163,0.004339621765770407
1255,0.14616211453235178,0.144412632309561,0.3205590622182146,-0.1151022165257144,0.07407243341389891,0.14496037562855868,0.1428943258719417,0.3249438202247191,-0.10866357100295831,0.07111965987234259,0.16154759829695697,0.16146104459482907,0.42177027963947306,0.43012268533014636,0.09706188455887321,0.16400674690305794,0.1621117473538088,0.27155172413793105,-0.14086129849130447,0.03104630466550662,-0.0012017389037931037,-0.001518306437619299,0.004384758006504508
1256,0.14455026827476464,0.142250346740638,0.32042172816869124,-0.0928486432962623,0.0692784374809754,0.14300553587982157,0.1405599861303745,0.32551786933758253,-0.08704301602719622,0.06285186628607975,0.1570241448287278,0.15629334257975036,0.41943072218301575,0.4360651835301195,0.0932709699419193,0.16234895024872623,0.1611477115117892,0.27481919789612097,-0.12053614699732762,0.026434629515004304,-0.0015447323949430714,-0.0016903606102635083,0.005096141168891288
1257,0.1470282252357689,0.14611178614823817,0.31863410221619176,-0.09448899092496599,0.07059593796614316,0.14570903393877774,0.14520048602673147,0.32157303370786516,-0.09300334947942546,0.06466056565267908,0.16059735988430107,0.16090956431175144,0.42671394799054374,0.4483452237084815,0.11129563382989727,0.16476712563727863,0.16251518833535844,0.268971515546858,-0.12217796718740814,0.0330759058417448,-0.0013191912969911512,-0.0009113001215066974,0.002938931491673402
1258,0.14744313207737555,0.14495588299213283,0.3073248407643312,-0.10091194466472264,0.07085888301353371,0.1458579451261454,0.1442169774416482,0.31338902686836756,-0.10740736481781821,0.06383174357545418,0.15537015125564424,0.15543095579606206,0.4093771868439468,0.3963839767940467,0.09406973752112924,0.1651611234305457,0.1623418959447125,0.26187893252332395,-0.12321565387558786,0.025501892095021073,-0.0015851869512301664,-0.000738905550484642,0.006064186104036362
1259,0.14423789664783626,0.14127327847553053,0.31151711378353375,-0.08388489478780581,0.07127214272335514,0.14259337426277544,0.13928107405803378,0.31411439114391143,-0.07737280691224702,0.06868918979506144,0.15566175936999507,0.15435253356431355,0.4096820809248555,0.4622358922460678,0.10829446802889897,0.16224283275535675,0.15972282373321783,0.265746717115513,-0.11381295172175199,0.03489555564988478,-0.001644522385060826,-0.001992204417496757,0.002597277360377681
1260,0.15224185341061153,0.15070929677671252,0.31974493281712596,-0.10305847798794587,0.07862597153637774,0.1509719489699887,0.14923430653767733,0.32371649250340756,-0.09619211306145825,0.07629699490562725,0.1639317075184205,0.16450479371827686,0.41793135652579966,0.4531192429626129,0.10149228754738182,0.17048219884061971,0.16832241551342675,0.27008098052090174,-0.1294690824411614,0.04093889514787086,-0.0012699044406228321,-0.0014749902390351899,0.0039715596862816005
1261,0.14685965741267792,0.14420374454101267,0.2979610750695088,-0.084716798093739,0.07896738425756378,0.1453007402503795,0.1429930384399187,0.3033240997229917,-0.08452044787816959,0.07554109098563322,0.15592189391812417,0.1553595364725213,0.3934348239771646,0.4275093307952017,0.10295143716107735,0.1647517046371682,0.16301292861157954,0.2539787798408488,-0.11187635926764694,0.03442557172246696,-0.0015589171622984177,-0.0012107061010939724,0.005363024653482873
1262,0.14711807484546152,0.1457908218642817,0.3193692633560838,-0.1012124287972862,0.08730022067781762,0.14569405656363726,0.14409759909694786,0.3247422680412371,-0.09887623530448741,0.08320747177305932,0.160054628687638,0.16042200321278166,0.42252510760401724,0.42795081483671477,0.10173254576301793,0.1654933853025732,0.16472018408370598,0.26773610483506555,-0.11997175725470599,0.04917303351243785,-0.0014240182818242575,-0.0016932227673338296,0.0053730046851533375
1263,0.1463096201900234,0.14473855218125894,0.31134686346863466,-0.06599939045917735,0.07843348663036076,0.1449651128653342,0.14330892864878916,0.3166093928980527,-0.06622849633521122,0.07223843336076963,0.15832069255263162,0.15777845167439242,0.4043549520018731,0.4210222180647381,0.09231895085530639,0.1640627168512653,0.1623272538231599,0.261742006615215,-0.10619483580116895,0.035922603849373735,-0.001344507324689187,-0.0014296235324697815,0.005262529429418017
1264,0.14765288196730503,0.1456424508228755,0.31348752003663843,-0.08358927108927117,0.05842355351266493,0.14608092989088114,0.1443397455382344,0.31916838016906557,-0.07931340431340439,0.056263551597798944,0.15767855285448393,0.1567154457423249,0.41230398069963814,0.4140483015483015,0.1063755960226912,0.1662354496516151,0.16375005427938685,0.2683887915936953,-0.1149833274833274,0.015007515023857443,-0.0015719520764238826,-0.0013027052846411036,0.005680860132427135
1265,0.14666561422093555,0.1457717069775535,0.31825562514497796,-0.10428966131416018,0.06959443963568723,0.14543641600516588,0.14407516965373238,0.32093345656192235,-0.1022863759445285,0.06591791547842596,0.15652193074274506,0.15612493474856448,0.4119904076738609,0.38456203952610807,0.10008796352826621,0.16423800418787515,0.16243257351661736,0.27312678532190726,-0.13450262847945083,0.017690569180233706,-0.0012291982157696668,-0.0016965373238211345,0.0026778314169443873
1266,0.14682344751284415,0.145108766445226,0.3155285102546766,-0.09133133333103705,0.07466807568261102,0.14571240080114908,0.14402327297989667,0.31896745230078566,-0.08990933112437549,0.07087309189654722,0.16080183581112828,0.160870131561808,0.41299838672505185,0.40418150594891616,0.09532965407340355,0.16555431762884815,0.16338847640137205,0.26903225806451614,-0.12298442650335994,0.029760767547521327,-0.0011110467116950684,-0.0010854934653293236,0.0034389420461090614
1267,0.14523804205085536,0.1434839270199826,0.3117744610281924,-0.0854744033872209,0.07857512479221562,0.14377488347556455,0.1416159860990443,0.31286894923258557,-0.08242277713625867,0.07552316231748146,0.15761263328500905,0.15738488271068635,0.40915697674418605,0.43002429753656657,0.09884887551723509,0.1641715792178389,0.16225021720243266,0.2627504553734062,-0.10615377213240951,0.041297583136534644,-0.0014631585752908072,-0.0018679409209383102,0.0010944882043931736
1268,0.15166447138263714,0.15046326503980165,0.32766544117647056,-0.08845840978878106,0.08326595093619005,0.15030927703524696,0.14885379964330767,0.32728525493798805,-0.07999490814479504,0.08284099043288018,0.16398510042755646,0.16438296576623604,0.4207232267037552,0.42071779634442047,0.09134020049907754,0.16992034784825782,0.16803688720692506,0.27629272567922875,-0.11923161110645386,0.038220137585343816,-0.0013551943473901762,-0.001609465396493981,-0.0003801862384825161
1269,0.15104304831604665,0.14915929970532155,0.3177592371871275,-0.10492704713801393,0.08402912653627537,0.14941975805061158,0.14712255156872941,0.31979092421002614,-0.09814210467257956,0.08097860242903432,0.1594238945344343,0.15882301958745015,0.4149116436698136,0.42304960193658314,0.09797437959794875,0.16949626083943564,0.16783671346853873,0.27047878375312,-0.13401617043133196,0.03783547576948221,-0.0016232902654350623,-0.0020367481365921314,0.0020316870228986317
1270,0.14509295793928745,0.14275796233619717,0.328224475359585,-0.08370379900113545,0.09907611589676402,0.14380683949850065,0.14084873730799272,0.33177460837035305,-0.08439113947281651,0.09138450689997069,0.15796532248541684,0.15690358413607566,0.4226078799249531,0.44571055881106575,0.09416203237103493,0.1624094901342333,0.15894298359802134,0.2755834829443447,-0.10404429226349243,0.0531401177214712,-0.0012861184407867987,-0.0019092250282044532,0.003550133010768064
1271,0.14709759588859106,0.14459400781589232,0.317973406694177,-0.11125170341760204,0.07242782400523284,0.1458502091386684,0.1432479374728615,0.31859617137648133,-0.10852798410402098,0.06686826870785811,0.16010293007081594,0.16013894919669996,0.4195442800093963,0.4343552546317523,0.09487987424463118,0.16492528336829507,0.16326530612244897,0.2739816031537451,-0.1244660115627858,0.028806697825830674,-0.0012473867499226687,-0.0013460703430308307,0.000622764682304322
1272,0.1492901873897071,0.14635310452553477,0.32020389249304915,-0.1019203722260067,0.08865071114415424,0.14804657369242585,0.14544192302685816,0.32428702851885927,-0.10264172426117013,0.08184384377838905,0.16110630092039835,0.16093200850436065,0.4180041870202373,0.3734457691449651,0.09226685943221702,0.16727458072276422,0.16514079923634312,0.2711675579322638,-0.12057338085641534,0.05206379905316638,-0.0012436136972812373,-0.0009111814986766109,0.004083136025810119
1273,0.1460169223032464,0.1445089208383856,0.3211592836946277,-0.08238482078204201,0.09474958583938031,0.14480440336840697,0.14299324441364974,0.32482435597189696,-0.07753477250784457,0.08918112012549262,0.15810297142030685,0.15827992378312836,0.419468610392664,0.405854000724113,0.09282204001534233,0.16390874412436604,0.1617010219989607,0.27363960749330957,-0.11492841841660628,0.043348363865032935,-0.0012125189348394239,-0.0015156764247358512,0.0036650722772692546
1274,0.15226856699703645,0.15136401092943574,0.32841579664094417,-0.11077603222973209,0.07877847950361938,0.15087165168786743,0.14915210131413453,0.32978482446206114,-0.10739259470442375,0.07687804365134066,0.16440336990159773,0.16550288415665523,0.4240315472048249,0.41480643722018856,0.09883863572211604,0.170461205350731,0.1685388385305981,0.27913513513513516,-0.13059761038327644,0.03253454043150572,-0.0013969153091690223,-0.0022119096153012108,0.0013690278211169749
1275,0.15237486704408035,0.15183677005718246,0.32809295967190705,-0.09630808451256134,0.06922743334646286,0.15086559072207575,0.149887367873852,0.3309843146169584,-0.09460392975959331,0.06709473361305363,0.16123462379579281,0.15954773869346733,0.4127353009528236,0.4079921592440875,0.08756865105378209,0.17079834379432002,0.16864494888234274,0.27822318526543877,-0.1215585644164765,0.021028419371414753,-0.0015092763220045935,-0.001949402183330451,0.0028913549450513276
1276,0.1509982743606653,0.1489417184579947,0.31417979610750696,-0.08887000026424496,0.07581483519075616,0.14994039950775628,0.1484636446607849,0.31787773933102653,-0.07995951179266747,0.07173042725239842,0.1643442666118611,0.16597853014037986,0.4151935021500239,0.4324573611319082,0.10376078424267798,0.1699205431097709,0.16919466295797297,0.2688647930958177,-0.11615946305414382,0.03217616090198605,-0.0010578748529090076,-0.0004780737972097937,0.003697943223519573
1277,0.14570288545935542,0.14387141737085113,0.2973157415832575,-0.09389429217015421,0.08669416158776277,0.14437198053951583,0.14247756773238088,0.2988896442329481,-0.09244277433932602,0.08311624783799454,0.16184650225898745,0.16242704068298633,0.40755329008341057,0.4140423911975636,0.10353140276314277,0.16335633501757063,0.16029270842407875,0.24923747276688454,-0.12242607328814226,0.04586385173746621,-0.0013309049198395873,-0.0013938496384702515,0.001573902649690595
1278,0.14787057489470296,0.1457279860505667,0.30943048189993083,-0.08493459682757476,0.0838145628379211,0.14641912727500528,0.1438099389712293,0.310968628348981,-0.08367110258618071,0.07742301000330587,0.1608600641546138,0.16102877070619007,0.40887740723344296,0.4268500304517357,0.1006456519690746,0.1659986392431863,0.16251089799476895,0.2607361963190184,-0.11481183316337928,0.035451813055999204,-0.0014514476196976767,-0.0019180470793374038,0.0015381464490501484
1279,0.15247078105903697,0.15126196692776328,0.333019090266321,-0.09852633739345229,0.08232368074214336,0.1509550306734444,0.14978241949521323,0.33536871770784404,-0.09203534691860293,0.07907439574659392,0.1631804105872168,0.16257615317667537,0.4278252611585945,0.40808659930633306,0.08903886973294528,0.17115216886241735,0.16927763272410792,0.28122882313078834,-0.11684081968110838,0.042465784796738015,-0.001515750385592568,-0.001479547432550049,0.002349627441523061
1280,0.14753428887266157,0.14457204767063922,0.3200362647325476,-0.08975901739680692,0.07799132545956722,0.14639348444627573,0.14275189599133262,0.3235360614967217,-0.08745085427969745,0.07566989475457442,0.16193519477209595,0.16312026002166846,0.42586529466791395,0.43709347801280124,0.10669265053947752,0.1653422129494881,0.1629035752979415,0.27213682615284696,-0.11171716962146128,0.034306220374703766,-0.0011408044263858386,-0.001820151679306603,0.0034997967641741123
1281,0.15262573675778524,0.14958268127282212,0.33514278970970024,-0.0860735701762324,0.08001840229242274,0.1513952579418395,0.14823508954964354,0.33849765258215964,-0.08260595944947602,0.0750232224565307,0.16458860618599103,0.1650582507390019,0.43807450411223997,0.39694829208332366,0.10238812068793979,0.17157318300079805,0.17027473482872543,0.2916666666666667,-0.11497734213689015,0.046355233833149656,-0.0012304788159457347,-0.0013475917231785817,0.0033548628724593965
1282,0.14573618589792864,0.14432495972832948,0.3157894736842105,-0.10355730506490668,0.0733470360143107,0.1445087540259583,0.14275762984892681,0.3202285714285714,-0.10419132769463746,0.07227932168456697,0.158573834277323,0.15803909617310288,0.41304347826086957,0.41144927488311495,0.09299297968159559,0.1638610106191467,0.160651312638774,0.2677320490367776,-0.1266425071255216,0.0310655485564586,-0.0012274318719703303,-0.001567329879402668,0.004439097744360909
1283,0.14831530180218835,0.1465434990025154,0.3156660412757974,-0.09952976520442491,0.0816281551245327,0.14690481942573447,0.1451556943360222,0.31859649122807016,-0.09732261068965309,0.07925473851641784,0.15947024093916176,0.15781941191777257,0.41872157050514724,0.4294359157620742,0.10039972284325804,0.16617278971366958,0.16393442622950818,0.27189043556353837,-0.1192850259185464,0.040632777348005744,-0.0014104823764538865,-0.0013878046664931865,0.0029304499522727623
1284,0.15100720124464984,0.14938602559667935,0.329433785680861,-0.0864763336620894,0.09180055000723697,0.14949558679498165,0.14739709443099275,0.33372093023255817,-0.08395921320738453,0.08624981907656681,0.16258735629412088,0.16257350397786233,0.4268812115475627,0.44122598940644175,0.10204805326385868,0.16870832217954884,0.16585956416464892,0.28040916166333113,-0.11996953782404218,0.044192357794181514,-0.001511614449668186,-0.0019889311656866027,0.004287144551697153
1285,0.14964707802664137,0.1490084985835694,0.3258034466697718,-0.07323038764627066,0.08254014251673325,0.14818285011774218,0.14678579211157114,0.32853159851301117,-0.06529685522248319,0.0803922127789134,0.15947807805104192,0.15864022662889518,0.419823683583512,0.44104545014129504,0.10337506097358595,0.1676948493210667,0.16657223796033993,0.27425786442179884,-0.1028461726927632,0.035285688284696026,-0.0014642279088991905,-0.0022227064719982648,0.002728151843239379
1286,0.1472806503186877,0.14631286371927388,0.3158256880733945,-0.0987080250787673,0.07705339033238001,0.14592002500524423,0.14461912620515938,0.3183477863989046,-0.10021141984113391,0.0723643439112307,0.15742881660953328,0.1569095804742465,0.4026610644257703,0.3908316058398788,0.09325191433271418,0.16528764053031947,0.163727959697733,0.26372419850680723,-0.11426434136538555,0.03570452643679045,-0.0013606253134434698,-0.0016937375141145017,0.0025220983255100915
1287,0.14924245011245318,0.14672735153879496,0.32058202299929595,-0.0975442399045604,0.08517379694640526,0.14791555634947579,0.1456870394451669,0.3260107501752746,-0.09114401169382846,0.08129951408307912,0.15925688016763798,0.15951452102297356,0.42422779922779924,0.44026533288959024,0.1103566355580251,0.16735910088488884,0.16610316428261812,0.27669576897246473,-0.12584977142908704,0.040834781955006116,-0.0013268937629773991,-0.0010403120936280652,0.005428727175978643
1288,0.15119002418854352,0.14953190013869624,0.32548571428571427,-0.07222268522376862,0.07560622763809843,0.1499315411524796,0.14857836338418862,0.3294626593806922,-0.07343686686534223,0.07198972265822323,0.16240523438349866,0.16335818307905686,0.42596491228070177,0.38428705265668694,0.09687978634324723,0.16961628530434844,0.16842926490984744,0.2762552071914054,-0.0950291834664383,0.036037408446521924,-0.0012584830360639065,-0.0009535367545076279,0.003976945094977924
1289,0.14600350995822797,0.14526909722222223,0.3134223471539002,-0.08396770402733977,0.0826889443095633,0.1444800941797273,0.14357638888888888,0.31677163517611384,-0.0869910128019763,0.07881088022000593,0.1558002987329963,0.15373263888888888,0.4053415268258095,0.4431234951794418,0.090875968498629,0.16412397492801062,0.16180555555555556,0.26361413647477216,-0.11739130600080527,0.03313590316521853,-0.0015234157785006808,-0.0016927083333333481,0.0033492880222136256
1290,0.1487634020035752,0.14687012311427086,0.3226030569708198,-0.09034046639117022,0.08001468770642761,0.14745834677826586,0.14509276920409225,0.3271633503007867,-0.09140806478006713,0.07915854316924231,0.16028161289365206,0.1602653025836657,0.42524682651622003,0.3972480599581814,0.09371300030139185,0.16681796479215943,0.16468701231142707,0.2762199160962685,-0.11761789154530644,0.03485306336990446,-0.001305055225309354,-0.0017773539101786084,0.00456029332996688
1291,0.15403701262747135,0.15246558633908347,0.32098765432098764,-0.10282216592505977,0.06668207208118981,0.1526853697268138,0.15050531451472382,0.3258145363408521,-0.09845191825363309,0.06346382535912476,0.1624595625938735,0.1629203694023349,0.4202279202279202,0.4191580867625883,0.10143913667949345,0.1723739693597226,0.16962885520125456,0.27354162114922437,-0.1296873703090209,0.023128466442574935,-0.0013516429006575625,-0.0019602718243596495,0.004826882019864476
1292,0.14978155208933233,0.14826580791157143,0.31142266145713626,-0.11377493912418668,0.07418429620097766,0.14833384109594772,0.14630749815048522,0.3142269924640329,-0.11066983353957927,0.06819062814337595,0.16133036597522146,0.16123417032943121,0.41571969696969696,0.39335619336553435,0.10136986203367149,0.16826096434603605,0.16541189781974847,0.26428727830085397,-0.14659063510438697,0.02794742832804964,-0.0014477109933846155,-0.0019583097610862132,0.002804331006896643
1293,0.1481270280856527,0.14504246836540127,0.3215630885122411,-0.11593348718800267,0.08456095305640599,0.14675561766155273,0.1438724215635292,0.32381175368766096,-0.1122623696071735,0.0795974318230106,0.1619589137593694,0.16172646905876234,0.4189732670925006,0.43256686065877775,0.08909286374776682,0.16718510001474274,0.1654532847980586,0.2712659075686537,-0.14693800372737964,0.03470993545143597,-0.001371410424099967,-0.0011700468018720767,0.002248665175419884
1294,0.14812801455464714,0.14570685169124023,0.31348033644010004,-0.1215138996657169,0.0727652785720605,0.14688937150546144,0.14475281873373808,0.3169125993189557,-0.11591947896885935,0.07149093043594723,0.1602688634145629,0.1590633130962706,0.41566690190543404,0.41084167755490525,0.10419919926285126,0.16617836916279818,0.16392020815264527,0.26666666666666666,-0.14914724652257683,0.03219852957245872,-0.0012386430491856948,-0.0009540329575021544,0.003432262878855674
1295,0.151256702575965,0.1489943964206594,0.3240676395645124,-0.09282120328709709,0.0850955438378066,0.1498874163851762,0.14760436123539378,0.3278801843317972,-0.09427871676909683,0.08018877541072722,0.16231493083158638,0.16267755527561792,0.42847025495750707,0.44613810128879455,0.10237590221143411,0.1692230301384029,0.16732548542634987,0.2741792369121562,-0.12105107587670427,0.04434803211727778,-0.0013692861907887988,-0.00139003518526562,0.00381254476728482
1296,0.1485059452704114,0.14658913383093214,0.3213206231109044,-0.0905582465487138,0.08049015209998123,0.14711980690709422,0.1448533240756813,0.32326283987915405,-0.08628094661170416,0.08006087128878137,0.15992269224765923,0.15878319736156918,0.4182600382409178,0.42618953949928173,0.10560307955517534,0.16630890676738125,0.16533587918764103,0.27527593818984547,-0.12659211951477423,0.03133749921759266,-0.0013861383633171631,-0.001735809755250839,0.0019422167682496272
1297,0.14739589295924332,0.1445861530452889,0.3105762554964129,-0.06000408775849553,0.09120638072211218,0.14611982744306293,0.1430678466076696,0.31514732965009207,-0.06583128215034328,0.08632829830028088,0.1594063150579292,0.15959569668575393,0.4137194398291004,0.40936082672286217,0.1141121590507117,0.16486334401403657,0.16367343397536005,0.2612931798051373,-0.0937720580321475,0.04984872540658536,-0.0012760655161803969,-0.001518306437619299,0.004571074153679189
1298,0.15199847439857103,0.1501866481465405,0.3292989266955926,-0.08745335913891539,0.0755698065874646,0.15072174068066363,0.1483201666811355,0.3324232081911263,-0.08330247553792436,0.0721668898016481,0.16555453608116225,0.1654657522354371,0.43085983510011777,0.3813665321936063,0.10406923466867701,0.1701399141567976,0.16824377116069103,0.2821631051024858,-0.11371453816671462,0.03154457067096472,-0.0012767337179074023,-0.0018664814654049955,0.0031242814955337317
1299,0.14934031638463563,0.1465834741539928,0.3152320865254619,-0.11419004747953354,0.0758496818677572,0.1481068906274892,0.14472030850556783,0.3166965085049239,-0.11177473517744119,0.06953516181615182,0.16267976155196817,0.16326530612244897,0.42487286176606565,0.4679990567545768,0.09942389006041707,0.16795396517839858,0.1666450019498245,0.27151749302425415,-0.13856327126786594,0.029332717487598026,-0.001233425757146439,-0.0018631656484249803,0.001464421979462005
1300,0.14626817700834777,0.14335634167385677,0.3162236480293309,-0.08830493612120605,0.08248201039402547,0.14486400422414342,0.14227782571182054,0.3198906356801094,-0.0855622815254452,0.07718927358742722,0.15786515843857657,0.15949094046591888,0.4290108849976337,0.4820767238433841,0.11169791756644709,0.16366860368006003,0.16216566005176877,0.27217125382262997,-0.12001704788460488,0.03717618332954531,-0.0014041727842043494,-0.0010785159620362306,0.003666987650778497
1301,0.152872187846645,0.1517178867403315,0.32972972972972975,-0.11879267149473949,0.06736685786346253,0.15144115374135,0.15029350828729282,0.33340807174887893,-0.11615240010509076,0.06313527131425012,0.16091300671353814,0.16017783149171272,0.4191837675812774,0.40904226980713226,0.0891595285919069,0.17069827109179364,0.16760186464088397,0.2789792387543253,-0.14547503766843084,0.02843626161070778,-0.0014310341052949926,-0.001424378453038666,0.0036783420191491834
1302,0.14782544137712142,0.14623357474305043,0.3164355535348943,-0.09782790326275337,0.07034055344304924,0.1462467203055134,0.14406522399063273,0.31836642599277976,-0.10514458275308047,0.0633183927585973,0.15924543365789245,0.15911357821241165,0.41447985004686033,0.43554968447788,0.09821640343284377,0.16640253849716813,0.16544516240947135,0.2723515336088754,-0.13260236624595467,0.028207589336337047,-0.0015787210716080302,-0.002168350752417697,0.0019308724578854797
1303,0.14892543569635033,0.14723044765720258,0.3031716417910448,-0.10626950977483796,0.07878805317014803,0.14733226732100238,0.1454450444173489,0.3059371362048894,-0.10142670291978861,0.07727885997759465,0.1596467636675059,0.1590315276084306,0.40639810426540285,0.4508043173688068,0.09344878704066739,0.16737491955104783,0.16460546943041282,0.2520179372197309,-0.11718570436193809,0.041705020438834395,-0.001593168375347953,-0.0017854032398536834,0.0027654944138446047
1304,0.14898436389394362,0.14726116868414177,0.3158484644698498,-0.09940691212814523,0.0678861059255692,0.14765301149053978,0.14569363406775232,0.31609451627284885,-0.09415002332936795,0.06260423724061115,0.1618837643689658,0.1617173212575111,0.40727020143551745,0.41985050461686174,0.09788712005613187,0.1669665448415335,0.16589741356788296,0.2693877551020408,-0.13040326596101903,0.02689880493029362,-0.001331352403403846,-0.0015675346163894488,0.0002460518029990255
1305,0.14788740983605525,0.14591659426585576,0.31839294008360425,-0.09318870755801345,0.08282350527027005,0.14659594804447054,0.1445264986967854,0.32239426854633696,-0.08986667262350545,0.07832688269871979,0.16135785977262396,0.16107732406602954,0.4218009478672986,0.41261783861591284,0.10123824532519055,0.16599526042315868,0.16398783666377065,0.270791749833666,-0.11595190479717554,0.03935615374528345,-0.0012914617915847082,-0.0013900955690703543,0.004001328462732712
1306,0.15179951069438494,0.14955009517217513,0.32654887049876985,-0.10036349572022374,0.08139320044354958,0.1502522035739321,0.1472140508738536,0.327106960195686,-0.09760304233688555,0.07597532227782433,0.16593314322025035,0.16542654438484167,0.42990018148820325,0.45076018567515636,0.09452113599896084,0.16944416280966365,0.1669406471707908,0.27662753468516543,-0.1269007155233619,0.03679989554104157,-0.00154730712045284,-0.0023360442983215157,0.0005580896969161753
1307,0.14523270446002046,0.14263377345378736,0.30971993410214166,-0.09019587478096447,0.08974811634269209,0.14396484418433483,0.14254690757470465,0.3156286721504113,-0.0848180529977276,0.08845801404739695,0.15901665081103902,0.15948575399583043,0.423509695954034,0.42926211984037366,0.10522934388623273,0.16330081227608312,0.16074530924252953,0.2635955056179775,-0.11731454861968926,0.046529689450308,-0.0012678602756856228,-8.686587908271481e-05,0.005908738048269635
1308,0.14632867309771003,0.1437644090652051,0.3062528525787312,-0.09282041128445173,0.07849344876585296,0.14498648674512227,0.1426334333811823,0.31106043329532496,-0.09065266708712649,0.07785680199813638,0.159002912411238,0.15820609856888077,0.4083548462802159,0.40690790876204835,0.10417153506375765,0.16386593996054985,0.16146852842663884,0.25974884335756776,-0.12037126614090987,0.045175601255348585,-0.0013421863525877598,-0.0011309756840227891,0.004807580716593762
1309,0.15221955912615576,0.15118902968234682,0.3187842778793419,-0.09670803326921162,0.08657699898199867,0.15072801579348902,0.1492796389515709,0.32089212562585345,-0.0949431816866555,0.08277976218454253,0.16315510524454283,0.16320951223745878,0.41968793024323087,0.45461410075672876,0.09037423577945469,0.1704089007437159,0.16889428918590524,0.2687215107445192,-0.11924299348829026,0.03784579341464567,-0.0014915433326667393,-0.0019093907307759228,0.002107847746511571
1310,0.14805722464549786,0.1456420031190435,0.3196702541790703,-0.10786945140364557,0.0767806354151872,0.14657685049096633,0.14377924103274994,0.32336832496576906,-0.10780253741937118,0.07358885564179751,0.15989846075339037,0.1596776988390227,0.4228140466650955,0.4038459986391222,0.10316601487520982,0.16583538436549633,0.16379310344827586,0.2736242052181539,-0.13403824867907244,0.035500283679345435,-0.001480374154531533,-0.0018627620862935457,0.0036980707866987594
1311,0.15038224793004087,0.14843138958894586,0.31356509884117245,-0.09267251500885842,0.06977976914673423,0.14880844930236276,0.14699747979490746,0.31614654002713705,-0.08428386071620764,0.06530831504551926,0.1607318950592349,0.1602502824367776,0.41258072231523557,0.4763097231362987,0.11662357401660672,0.16866263018656408,0.16711566872338576,0.2653370908302623,-0.1147271587074542,0.02463937536303895,-0.001573798627678119,-0.0014339097940384016,0.0025814411859645947
1312,0.14751912300462555,0.14575373393539423,0.31475186947654654,-0.09839429338790706,0.06674307153056358,0.146068049861948,0.14436436262591176,0.31896162528216704,-0.10414386670353204,0.06312267518078829,0.16070629683907198,0.15999478985758944,0.4142486435480066,0.4151805727983591,0.10379889299296963,0.16572212606505723,0.16325112886418897,0.2679624372133654,-0.1252718992213805,0.031390965997463605,-0.0014510731426775614,-0.0013893713094824678,0.0042097558056204964
1313,0.14715439238529743,0.14577449489463393,0.31725111791009647,-0.08115995997924064,0.07628306295177711,0.14548410701637515,0.14399304801216598,0.32145369284876907,-0.0798823632222776,0.07280537627706418,0.15602379575314196,0.15502932869867478,0.4151264591439689,0.4428429006846689,0.1060607551040067,0.1649485832969619,0.162937214859874,0.2649362273439248,-0.10350923562846326,0.028464871174473938,-0.0016702853689222752,-0.001781446882467952,0.004202574938672599
1314,0.1461454381519895,0.14432409012131717,0.312933025404157,-0.0982631032593474,0.07582033722420667,0.1445798915857004,0.14293760831889082,0.31736526946107785,-0.1061054501603309,0.0732489770247794,0.15819520812689516,0.1574523396880416,0.41314665401044137,0.43741141431267505,0.10067681915200344,0.16422873194768073,0.16221837088388216,0.2647317502198769,-0.13380765350043078,0.029107293601278283,-0.0015655465662891,-0.0013864818024263426,0.004432244056920831
1315,0.14935272944069672,0.14723474341192788,0.32181524994240956,-0.07091835570535432,0.08713951744519433,0.14780686082482666,0.14619452149791956,0.3276177411979881,-0.07108019701286261,0.08014291385470429,0.1596316295328283,0.1585471567267684,0.41703207939072234,0.396193877085357,0.08883566377016161,0.16704719375910798,0.164875173370319,0.2763995609220637,-0.10826596736444771,0.04176760325231943,-0.0015458686158700552,-0.0010402219140083213,0.0058024912555785235
1316,0.1474627120083727,0.14612546125461254,0.32668043129158064,-0.11046490588063618,0.0743673037372321,0.14618854837782122,0.1441285001085305,0.3259479214253084,-0.10880614815895717,0.07030887571471267,0.1614352921126381,0.1615367918385066,0.42535010681224783,0.46701687825283333,0.10555311906817111,0.1658241833096022,0.16440199696114607,0.2743109151047409,-0.12697543654847032,0.03677344416020967,-0.001274163630551467,-0.001996961146082027,-0.0007325098662722684
1317,0.14761964065395497,0.14577385586988495,0.31903669724770645,-0.09964213528093457,0.06317584139872834,0.1462891740312804,0.14413011506185655,0.3229997720537953,-0.09822389383015251,0.057364480243754734,0.15972602731707872,0.15970239640107275,0.4180682364247958,0.4440651420229913,0.1057924898685354,0.16575963095897558,0.16515269486979842,0.2735455543358946,-0.1258477282403747,0.02120489972391848,-0.001330466622674581,-0.0016437408080283988,0.003963074806088873
1318,0.14751380790818566,0.14539530842745438,0.31712523719165087,-0.09872196768748498,0.0821194855381201,0.14609975594841054,0.14439617723718506,0.3213695395513577,-0.09537014709428504,0.07798566636626114,0.15915534957440525,0.15860121633362292,0.42379091353199805,0.4514829997588618,0.10866295601005616,0.1658018758595696,0.16320590790616854,0.2677682209144409,-0.12061731372076201,0.03817046065835705,-0.00141405195977512,-0.0009991311902693145,0.004244302359706853
1319,0.14695163590789073,0.14435137363829695,0.31700617990386815,-0.10969283187252754,0.07591830022552748,0.14526406261658054,0.14309274771060285,0.31871144619602465,-0.09672061469389104,0.0742145535778358,0.1591786259650516,0.15876047046569158,0.4201225259189444,0.43793494049485826,0.10253934159570899,0.16504897549201605,0.16132112321513822,0.26644664466446644,-0.13129577054069075,0.038435873976311874,-0.001687573291310196,-0.0012586259276941014,0.0017052662921565043
1320,0.15113600036833583,0.1488456865127582,0.3272220932931075,-0.06462574872556681,0.092213851258662,0.14988661029097772,0.1469362957819823,0.3296398891966759,-0.06445393455832504,0.08732919308512632,0.1627836888460277,0.16338309321298386,0.4332624616111505,0.41142357868414947,0.10835446087556277,0.169351285088376,0.16720187467453568,0.2792236435818262,-0.09090831404100386,0.04442915173494266,-0.001249390077358109,-0.001909390730775895,0.0024177959035684427
1321,0.14351769688583246,0.1404786680541103,0.3058599333015722,-0.09595616079382929,0.08354952690443818,0.14212494207763685,0.13878772112382934,0.3073274839933602,-0.09414621831557468,0.07940954018410151,0.15520621417308508,0.15435310440513353,0.40953986991086483,0.396976196387626,0.0937905466863238,0.16157273030871583,0.1595126604231703,0.26023061270630793,-0.11855175392293305,0.03452336837413483,-0.0013927548081956176,-0.001690946930280962,0.001467550691788
1322,0.1503899062206353,0.14880229126887692,0.32284382284382285,-0.09008591270880284,0.09085913126150236,0.14896973275105266,0.14745703870855753,0.3279408366073492,-0.0865128719863486,0.08296761047118406,0.16135677981375443,0.16234160735983336,0.4192634560906516,0.4105335586736672,0.10237648592845328,0.1686039018807799,0.16659434126019787,0.27084723148765844,-0.11233802688344896,0.046709271704856836,-0.0014201734695826473,-0.0013452525603193932,0.005097013763526337
1323,0.1477078240506298,0.1459888869595416,0.32060370455065174,-0.09458321231484179,0.06765153872033292,0.1464926941956558,0.14429588470220525,0.3227355901189387,-0.09364894955949266,0.06786576145218948,0.16060509258038583,0.1604879319326272,0.4260100406406885,0.4120050343692517,0.10835385777309803,0.16575327075338966,0.1631359611043584,0.27180616740088104,-0.11161293445638498,0.03187634250027083,-0.0012151298549739897,-0.0016930022573363457,0.002131885568286973
1324,0.15196879908346608,0.14940290758047767,0.33078703703703705,-0.07940587246123965,0.08372146162532379,0.1507448844907972,0.14741259951540325,0.33302561735518116,-0.07914945887917468,0.08094948816544023,0.16386235021734927,0.16385427483558324,0.4414691943127962,0.42169847657251325,0.10504433439365868,0.16910027647536147,0.16813776393215646,0.2833629893238434,-0.09736014238495383,0.046193205553054395,-0.0012239145926688788,-0.0019903080650744143,0.002238580318144112
1325,0.14704753214924352,0.14371750433275562,0.31258644536652835,-0.10023578883257755,0.08267101631638041,0.14560993952286722,0.14285095320623917,0.31783833295168307,-0.09902081884620473,0.07649836061819548,0.1588887459875428,0.15749566724436742,0.41453785415699024,0.4317691666305437,0.08948222260403282,0.16496183122427727,0.16247833622183708,0.2652838427947598,-0.1269491737191436,0.031161268766009553,-0.0014375926263762995,-0.0008665511265164572,0.005251887585154713
1326,0.14659839921790285,0.1456769771376513,0.32521065816442724,-0.061071032410185744,0.06995031684161013,0.1452058699875586,0.14398507656934623,0.32764893133242384,-0.06080840589158831,0.06845819827596822,0.1589988182553286,0.15886512515725998,0.42201834862385323,0.4005152317621433,0.09979268815444742,0.16460092666262824,0.16333347794021952,0.2751589563692173,-0.089567737484061,0.03371315167602196,-0.0013925292303442471,-0.0016919005683050659,0.0024382731679966074
1327,0.14927629818304786,0.146947806846284,0.3090702947845805,-0.09887174316693714,0.073304904291143,0.14776959986555954,0.14555946028027247,0.3133453561767358,-0.09890153763279397,0.0677944715819856,0.16116178663864653,0.16122174497809016,0.4118751466791833,0.4099209016520435,0.10488392250900669,0.16724436527331707,0.16625450127988198,0.26448961937716264,-0.12494696585077503,0.02794980430038574,-0.0015066983174883142,-0.001388346566011528,0.004275061392155333
1328,0.14692903422529133,0.144167644885005,0.3022016222479722,-0.09172573055795086,0.08072564228322021,0.14545015831344008,0.1426459719142646,0.30374479889042993,-0.08994151745955259,0.07836948727412807,0.15780102948278948,0.15677579235685404,0.4093339815264949,0.42249096725197344,0.12377902017663345,0.16518163201515912,0.16264510238685276,0.2578657865786579,-0.12911192906346558,0.031460583002200115,-0.0014788759118512518,-0.0015216729707404064,0.0015431766424577331
1329,0.14611485205680738,0.14418685572615372,0.3196894848270995,-0.07988421540388868,0.08434214774437909,0.14473995072495485,0.14262102561872037,0.3191238813000471,-0.07870958674121653,0.08542190795022264,0.15822214578356703,0.15801835500848158,0.42623345367027676,0.4238598031514256,0.10507354369657573,0.16424154315697062,0.16041059545039363,0.2687471935339021,-0.10780126072424256,0.04050388338713018,-0.0013749013318525294,-0.001565830107433358,-0.0005656035270524273
1330,0.15135948604296137,0.14976578764746704,0.32180245789713247,-0.10067688365366567,0.06830887924677687,0.14994819476769847,0.1479441360166551,0.3253121452894438,-0.09738330672009154,0.06596249509601848,0.1630525398878025,0.16273421235253296,0.4277237123190126,0.4180989880356122,0.10691756390925455,0.17008311777767354,0.16954371963913947,0.2767309377738826,-0.11938424782603418,0.03204657873505756,-0.0014112912752629048,-0.001821651630811938,0.0035096873923113336
1331,0.14874943667328627,0.1471915964927511,0.3211410167931907,-0.10424726841007736,0.0812559217090768,0.1476640410339067,0.1465839048528518,0.32670779072424033,-0.1019283853894305,0.07486985055563089,0.16249615183469443,0.16390311658998177,0.4358913813459268,0.45036853444651753,0.10509725401527525,0.16668166771925236,0.16603003732962932,0.27769213829552963,-0.13232979420502777,0.039959328250125936,-0.001085395639379566,-0.0006076916398992938,0.005566773931049651
1332,0.15355887854709835,0.15143524122427807,0.3337798615762447,-0.09912688047211338,0.058004337565820685,0.15222694902240638,0.1497924952446827,0.3360107095046854,-0.09720913972111189,0.057368789674303255,0.1647037400070235,0.16457720906104098,0.43468154346815435,0.4241777812957613,0.09550166316534692,0.17217076473778395,0.1695054469998271,0.2848849709739841,-0.13594455658016824,0.021566258452156872,-0.001331929524691966,-0.001642745979595378,0.002230847928440749
1333,0.14553947862169916,0.14417551802193976,0.314006366530241,-0.09653275212324797,0.0810138675821559,0.14417379998216012,0.14182483022810377,0.31645569620253167,-0.09715698868338707,0.07552044921631551,0.15889490023504138,0.15871495733936966,0.42324714651758677,0.42277259505379483,0.10319882636728095,0.16330427782693516,0.1608044576005572,0.26646447140381285,-0.11704881534049416,0.03495366743780115,-0.001365678639539042,-0.002350687793835987,0.0024493296722906677
1334,0.14596014855964667,0.14337995033328976,0.30822243346007605,-0.09806732928137518,0.08637353701292128,0.1446010722701757,0.1416372587461334,0.31120037807183365,-0.0966490843056963,0.0811582634976864,0.15655513956789024,0.15714721387182504,0.40897097625329815,0.4227644216809332,0.09484835647517798,0.16397635937795216,0.16263669237136757,0.2652008077181961,-0.1362521156478762,0.03226507429235914,-0.0013590762894709618,-0.0017426915871563697,0.002977944611757599
1335,0.1479461616822908,0.14558328296347467,0.31209899175068745,-0.08151115798907205,0.08912934382845239,0.1464072455809964,0.14411536136775754,0.31586144029170465,-0.08054073668577078,0.08407376205501815,0.15866880276220943,0.1586218806666091,0.4102384291725105,0.4212053089884679,0.10724517851659154,0.1661865994119125,0.1634142129349797,0.2642825992150022,-0.12119576215710282,0.04236521242418578,-0.0015389161012943908,-0.0014679215957171254,0.003762448541017205
1336,0.14643885339855497,0.14420321320017368,0.31941203919738687,-0.10906942323489677,0.08338270455803898,0.1453047935977859,0.14294398610508033,0.3222660784768981,-0.10518369067973599,0.07887342832593414,0.16053829781735418,0.16005210594876249,0.4290830945558739,0.4163327197182269,0.10442599364119465,0.1644477829431025,0.16105080330004343,0.27030033370411566,-0.13288970351203633,0.03850466967661503,-0.0011340598007690827,-0.0012592270950933515,0.0028540392795112224
1337,0.1478497719900015,0.1456887578070784,0.30983981693363843,-0.10129649765860804,0.08466501850736341,0.146458108503658,0.14438757807078417,0.31386861313868614,-0.10294690297873821,0.08170470317493816,0.1603236158605137,0.1597848716169327,0.4101851851851852,0.44337508041093837,0.09523757326602522,0.1661600420326166,0.16412213740458015,0.2607368650534118,-0.12308910611518198,0.03878013085477139,-0.0013916634863434807,-0.0013011797362942334,0.004028796205047702
1338,0.14846374061045656,0.14645785432302286,0.3136631865637767,-0.0880206265704696,0.0749699060869975,0.14696876449750693,0.14502624614984166,0.3169411233927363,-0.08370132017833276,0.06925119522966638,0.16052398347770427,0.15916879961823782,0.4122420588917227,0.3714189878687238,0.09466768792891544,0.1665811085270863,0.1645915578499848,0.26615720524017467,-0.11986732423847768,0.038115991673086214,-0.0014949761129496308,-0.0014316081731811925,0.0032779368289596045
1339,0.15078011489705193,0.14924596983879354,0.32224532224532226,-0.0623178098990792,0.07539066197391786,0.14946328516741672,0.1481625931703935,0.3266758494031221,-0.06706417614892846,0.06960189788087134,0.15984980678326308,0.1592130351880742,0.4230950141110066,0.4584857866591613,0.09189935957260587,0.16871370164664673,0.16679667186687466,0.276431718061674,-0.09876776667604836,0.030152542580110353,-0.001316829729635205,-0.0010833766684000545,0.004430527157799846
1340,0.14273563647172616,0.14029837800329603,0.307361268403171,-0.08148698612995631,0.07784191991369915,0.14145237497529406,0.13847688437852373,0.31179394487121553,-0.08148875477940665,0.075520907072957,0.15733660549775416,0.15699540289704225,0.41851765256020573,0.45134651704285356,0.10696008100664467,0.1598680091823037,0.15712550958452598,0.26361466695595576,-0.11375629012807675,0.03690769344970324,-0.0012832614964320976,-0.0018214936247722968,0.004432676468044516
1341,0.14770167442868512,0.1453629732546023,0.3131578947368421,-0.0763622545039987,0.08276054168748925,0.14610801443388055,0.14379993053143453,0.31699190861494525,-0.07350295660384965,0.07794686818633467,0.15769523094325463,0.15799756860020842,0.4184902876813376,0.42041121839715795,0.10748531921614668,0.16623343477476826,0.16403265022577285,0.26747373229785293,-0.10469475296380104,0.03943748017709825,-0.0015936599948045693,-0.0015630427231677624,0.0038340138781031707
1342,0.14758545436495435,0.1456416517681943,0.3097487900437889,-0.09428313764905294,0.08176605071391818,0.14609488744459545,0.14503117777874677,0.31594669117647056,-0.09219140553562977,0.07899270354238841,0.15869461346753339,0.1574586839924999,0.41121055110692417,0.446725332541557,0.10160614971024717,0.16557091593112078,0.16325818689225133,0.26293767892534686,-0.12314992378055634,0.0386725023563006,-0.001490566920358899,-0.0006104739894475242,0.006197901132681649
1343,0.1516322798151299,0.1503475238922676,0.3283917340521114,-0.11654375668992001,0.07947024845191686,0.15031204022678793,0.14934839270199826,0.33400402414486924,-0.11321632894105482,0.07506920621169999,0.163183115507507,0.16320590790616854,0.4287668110325963,0.4033864835935481,0.09309252205258833,0.1692408188975105,0.16741963509991312,0.28430742881609933,-0.1265802974938176,0.03357366508965476,-0.0013202395883419593,-0.0009991311902693423,0.005612290092757821
1344,0.15094052974115738,0.14914797426534515,0.3266878115088355,-0.08886066596443154,0.07171717171717162,0.1496231287825213,0.14697443922796036,0.3267707626159765,-0.07838679354625377,0.07065626681011306,0.16343568080325027,0.16327595200834638,0.4331819268467607,0.4526973417328847,0.12073097842328617,0.16913588089594564,0.16718831507563903,0.27562296858071506,-0.1137113983684962,0.02906879445340982,-0.0013174009586360835,-0.002173535037384794,8.295110714096054e-05
1345,0.1494644316567952,0.1472371384029101,0.31815091774303195,-0.0799262600078372,0.08012202857868955,0.14796547947160468,0.14606790230382816,0.32423285198555957,-0.07718719078338387,0.07612049664774101,0.16211219121278936,0.1617010219989607,0.42817359016012996,0.40909933030939144,0.10202515072703977,0.16720003340272446,0.16490559501125931,0.2710320901994796,-0.11476409382595654,0.0382112467755964,-0.0014989521851905274,-0.001169236099081955,0.00608193424252762
1346,0.14821040802170704,0.14713683203617547,0.3109957527135441,-0.07596381575493583,0.08681873299264786,0.14681459082539053,0.14622374885864603,0.3172671970051474,-0.07810399767039866,0.07904314063718498,0.15694209810939336,0.15709378668637766,0.4124418319862846,0.4533975816458616,0.12029697785644622,0.16671657027237366,0.16535501543545372,0.26362823949955316,-0.11672348176827707,0.0354134279759768,-0.0013958171963165122,-0.0009130831775294446,0.0062714442916032564
1347,0.14324723856729013,0.1408803943613249,0.2993467102193187,-0.11237477707846588,0.08409899589840575,0.1418765826807653,0.14005880826775058,0.3036004645760743,-0.10492628957457462,0.08002608433599145,0.15488933761782306,0.15610135777912307,0.40702429636757276,0.4479610086182434,0.11175192176953475,0.16176640761635833,0.15999308138026463,0.2536617842876165,-0.1215118329160293,0.036938967280976454,-0.0013706558865248242,-0.000821586093574328,0.0042537543567556235
1348,0.1504293616997398,0.1497094928137696,0.3138920780711825,-0.09551679624644915,0.07631266644332269,0.14899603249238524,0.147306801799834,0.31628440366972477,-0.08732602919815835,0.07524373832412512,0.16116856319380662,0.16111135380717312,0.4152761457109283,0.3944405725280719,0.09769122882727377,0.1690866728743152,0.16652832991131886,0.2647899714097207,-0.12389519646779801,0.03526582666613676,-0.0014333292073545612,-0.002402691013935615,0.0023923255985422442
1349,0.1470233333778076,0.1459056210964608,0.31216931216931215,-0.09153643931648903,0.08106165393476905,0.145764879104198,0.1445176960444136,0.3137931034482759,-0.08845723187770793,0.08042309825240779,0.15811358864798292,0.15852706453851492,0.41029861274394547,0.43812375249501,0.10106973198208824,0.164831192075102,0.16286433032616238,0.26254657023887795,-0.11861642568521491,0.03508564480475873,-0.0012584542736095994,-0.0013879250520471842,0.0016237912789637265
1350,0.14726066766452064,0.14555831481723522,0.30983644321584886,-0.09067871438169461,0.07762106946934477,0.1458551411224617,0.14420772883718905,0.3145013723696249,-0.09163791846849034,0.0709900267313659,0.15918231538027716,0.15858493443122904,0.40795078088026504,0.44116937449840743,0.1022200989812021,0.1657847322953578,0.16398727835141375,0.26513157894736844,-0.11361583918210472,0.030775961094590465,-0.0014055265420589436,-0.0013505859800461706,0.004664929153776032
1351,0.14620807170402544,0.14400553202523986,0.31600547195622436,-0.07059348684177524,0.07640396783951164,0.14475024119585617,0.141887803613104,0.31879118382185867,-0.06748135479308459,0.0732232783261133,0.1587842099709652,0.15844066038551302,0.4147476157245871,0.40343514693126736,0.0948519670172222,0.16406121398250595,0.16237358457947965,0.2701937731330285,-0.10382284686255472,0.03251045255461393,-0.0014578305081692777,-0.0021177284121358664,0.0027857118656343105
1352,0.14868913198937933,0.14600478989767038,0.31464245175936434,-0.07772205281606903,0.07651797670953253,0.14758672491387356,0.1446984541693882,0.3188405797101449,-0.07592764262834906,0.07418818183834386,0.16328100836222006,0.16372741127803178,0.41819447667672316,0.3838667249032653,0.09685073194899796,0.16710543823837037,0.16485956890920966,0.2682821289485071,-0.10903629043280627,0.030557477886991036,-0.001102407075505768,-0.0013063357282821764,0.004198127950780561
1353,0.14943869456736744,0.1476107732406603,0.3124714481498401,-0.12104533841026677,0.06463390422912785,0.14827173727862314,0.14613379669852303,0.31365397766127195,-0.11764069323619664,0.06270261227009011,0.16369108714084388,0.16346655082536923,0.41399000713775874,0.4213781453418951,0.10218680343263842,0.1681417628325152,0.16776715899218073,0.26225165562913905,-0.1357116785978273,0.03201652892093587,-0.0011669572887443025,-0.0014769765421372705,0.001182529511431829
1354,0.1488288753332346,0.14657036588530403,0.32254361799816345,-0.10782048159170254,0.08389438081551481,0.14745307247620437,0.14522965141423752,0.3274800456100342,-0.11448364157979396,0.07774932474449092,0.1596956480353307,0.15963151976472623,0.41763882407839475,0.4118057394208332,0.09872727478005539,0.16633896319592834,0.16456188910993857,0.2767543859649123,-0.13252373774280513,0.0406670898331396,-0.0013758028570302339,-0.001340714471066512,0.004936427611870742
1355,0.14318863721357494,0.1416033534189154,0.30432748538011695,-0.10790546253027267,0.07678247412312711,0.1417858802751583,0.14007510261112566,0.3062033582089552,-0.11267042120307313,0.07396690778250081,0.15443340798155944,0.15369836695485112,0.40586679490262084,0.45368724334063426,0.10190598916256166,0.16095809834964614,0.15972404156842196,0.2614393602843181,-0.13516192515845227,0.027618354175268034,-0.001402756938416655,-0.0015282508077897328,0.0018758728288382764
1356,0.14315011509976552,0.14048364648573416,0.3070277842633668,-0.10369050184492112,0.08097563286192366,0.1417086759070781,0.13996172581767571,0.3138075313807531,-0.10533531825438358,0.07688419137479874,0.15252455191975772,0.15213987473903967,0.4020843431895298,0.4182737343929352,0.11478385988711293,0.16010471996942013,0.15788100208768266,0.2610139473101616,-0.12656785307479512,0.030586300862596838,-0.0014414391926874104,-0.0005219206680584509,0.0067797471173863255
1357,0.15100213334162332,0.14854099922071176,0.32196015571330433,-0.08681312900037197,0.07453486906764006,0.1495459300955044,0.14689583513724133,0.3249943143052081,-0.08436848399703012,0.06814102020137058,0.16312894598903907,0.16274136288856178,0.42589161648911533,0.41868546980427723,0.08497815554921329,0.16930905104698046,0.16767685513897307,0.2751311188811189,-0.112223965997857,0.029991055299296687,-0.00145620324611892,-0.0016451640834704295,0.0030341585919037573
1358,0.15273217639619882,0.15295652173913044,0.33117607676857846,-0.09916917469735953,0.07114719353744392,0.15119684777163991,0.15065217391304347,0.3326675543719485,-0.09568775695719867,0.06589775434063316,0.16283206595728647,0.1618695652173913,0.4203529681411873,0.4153821125681235,0.09592454654639082,0.17102902642355233,0.17026086956521738,0.2841518335835299,-0.1264407084419671,0.03293127618466141,-0.001535328624558907,-0.002304347826086961,0.0014914776033700394
1359,0.14599514343173473,0.1443521882027331,0.3063126019100862,-0.10186575615308013,0.09706656650709777,0.14471672284758688,0.14266562878394742,0.30924721189591076,-0.10601382842509599,0.09473545478727496,0.15824437430651458,0.15736896730669434,0.4011778563015312,0.4132541186513018,0.10723869037541534,0.1636033034388836,0.16152049818370523,0.25298804780876494,-0.11209605918338317,0.04938473587435899,-0.0012784205841478435,-0.001686559418785677,0.0029346099858245656
1360,0.15121128275871243,0.14929064167642847,0.33070866141732286,-0.08032458918163132,0.08856905617799238,0.14992389441088877,0.14824938175191982,0.33467651667785986,-0.07476957605019818,0.08398725053727052,0.16408369334296893,0.16430213892142825,0.4390689183021451,0.4374570112715409,0.10168968142187773,0.1682610101248696,0.16603757212894268,0.28258535537899937,-0.11199477740150843,0.044417110912854496,-0.0012873883478236592,-0.001041259924508653,0.003967855260537001
1361,0.14648890782887555,0.14556274705703487,0.30628390596745025,-0.09436882062260843,0.0710030425369923,0.14525787259865494,0.1433473784805178,0.30736224028906955,-0.09219683772484044,0.07015543721421824,0.1607417676297471,0.16124408149081274,0.40486307837582625,0.4280960364933283,0.11084049270737495,0.16466225290638334,0.16280787107423655,0.258732212160414,-0.12631331824920244,0.025656157768578103,-0.0012310352302206118,-0.0022153685765170794,0.0010783343216193009
1362,0.14862211485405405,0.14690665623233773,0.32259570494864614,-0.09358884213979157,0.07962685316138296,0.14721557011139066,0.14538498326159732,0.32616238723108953,-0.10410730785281996,0.071221908496926,0.16067418202887526,0.16060171296900136,0.42381408720651653,0.40465414238320796,0.10333310734318446,0.167068648498642,0.16490587365766707,0.2748941857874805,-0.11673825178583896,0.035447015822570926,-0.0014065447426633848,-0.0015216729707404064,0.0035666822824433897
1363,0.14892686873568498,0.1462949312752027,0.32398609501738124,-0.0998878216944381,0.0824564563624065,0.1472307727404286,0.1448640679876859,0.32772528232311593,-0.10292290554381267,0.07732643024605546,0.15893177849215046,0.1590859818757317,0.42501175364362953,0.4249966620899103,0.09549527274146541,0.16607101574665856,0.16355200971252656,0.2768549280177187,-0.11923827282199262,0.0397062387261482,-0.0016960959952563859,-0.0014308632875168203,0.0037391873057346925
1364,0.14892666576225863,0.1477277669058491,0.3064257946489824,-0.091289377741814,0.08073525470065257,0.14750407412541072,0.1461187214611872,0.30965391621129323,-0.08735400713085617,0.07670441788677851,0.16136467348557149,0.1604261796042618,0.4036506469500924,0.3957827311060323,0.09028197347035438,0.16717352259342497,0.16534029136768863,0.25730484081988664,-0.12414873075267907,0.03554745252406444,-0.0014225916368479086,-0.001609045444661894,0.0032281215623108372
1365,0.1475656136364936,0.14634357421029856,0.32247706422018346,-0.09049805935165567,0.08162379510263984,0.14605362217645843,0.14379056685417568,0.32398540811673504,-0.08792585380260398,0.07610749652277049,0.15926347131760818,0.15807009952401557,0.4148165459219444,0.41994609473727995,0.09880918683223294,0.16543159447262654,0.16317611423626135,0.2721505141106979,-0.11697484287697768,0.0368569104737001,-0.001511991460035167,-0.002553007356122877,0.0015083438965515783
1366,0.15078828180268866,0.14929125666478824,0.3172043010752688,-0.09423892336492357,0.08810395349847355,0.14951705613703978,0.1483375959079284,0.32034531031264585,-0.08725153793042517,0.08639102699038348,0.16071465626703038,0.16116866790931553,0.4167062173706692,0.47700870614820534,0.1018073655631947,0.16933114814106373,0.16806103428843902,0.27,-0.11485463675373864,0.040570242898972264,-0.001271225665648884,-0.0009536607568598476,0.003141009237377035
1367,0.15427432261031676,0.1525313152400835,0.31761565836298933,-0.0843787659293056,0.07202036794889066,0.15307767926328023,0.15092205984690327,0.32102586778686715,-0.07763439809563466,0.06636760651104168,0.16575701443512803,0.1654053583855254,0.4100996376811594,0.3853548098395989,0.08876929072770257,0.17214423695663708,0.17005915100904662,0.27035069075451645,-0.10937837650300852,0.028263807189244816,-0.0011966433470365356,-0.0016092553931802422,0.003410209423877819
1368,0.14904581084099713,0.14762879414710622,0.326071842410197,-0.09234284299262852,0.07835535719494757,0.14773058513322812,0.14571266820537387,0.3297160009235742,-0.08763741083992738,0.07492021819666872,0.1604716771014656,0.16086748247180246,0.42921508181171447,0.40512184661949524,0.09939558355940614,0.16708219198812996,0.1651352175238427,0.28099356841871814,-0.12103781570692784,0.036704296840815664,-0.0013152257077690133,-0.0019161259417323495,0.003644158513377238
1369,0.1465255989962471,0.1447551233067037,0.3081450094161959,-0.10117541537214636,0.08220527009554313,0.145082000064577,0.14323549843695726,0.31046593303675957,-0.09371465622045116,0.0772296879581813,0.1554710282041107,0.15565300451545674,0.41231432678485863,0.44701294069971637,0.09821366479835936,0.16465788981662638,0.1626866967697117,0.26359180035650626,-0.1405102435949389,0.030286152140463263,-0.0014435989316700926,-0.0015196248697464387,0.0023209236205636863
1370,0.15396164738085402,0.15174928379199584,0.3267943687975998,-0.10377094972067047,0.08742279040705259,0.1526865089848896,0.14940533032381284,0.3282180485570316,-0.10247793700914898,0.0804156769187252,0.16436538765247746,0.1638597100442747,0.422033118675253,0.38267549186300703,0.08423773882144914,0.1722366091270948,0.17032728535463149,0.2751707424542851,-0.1316743583515505,0.04368141529809988,-0.0012751383959644091,-0.002343953468183002,0.0014236797594318062
1371,0.14889703416184802,0.14788120875303926,0.3108108108108108,-0.09428245101131061,0.07639680946454064,0.14732355408801723,0.1455366446682876,0.31446540880503143,-0.08642517912363801,0.07387152585656465,0.15865789959766896,0.1589527613754776,0.407602473093657,0.4079047834033038,0.09175895141306156,0.1667305028918469,0.16529176797499132,0.2641874462596733,-0.12163112972101009,0.031783465723630555,-0.0015734800738307908,-0.0023445640847516436,0.003654597994220632
1372,0.14553569778845318,0.14359643400739291,0.3118151500714626,-0.09933341797678619,0.08200139436742315,0.14420857701613277,0.14237877799521634,0.3150912106135987,-0.09800666151884174,0.07697947787130122,0.1577795620844347,0.15712111328549686,0.4100684261974585,0.4041709544607347,0.1051458790886809,0.16454717294773022,0.16199173733420308,0.26330150068212826,-0.12184073998154266,0.03833255527071022,-0.001327120772320417,-0.0012176560121765767,0.0032760605421360833
1373,0.15108039547315072,0.1500390049406258,0.33693652253909845,-0.10645242098699348,0.07924750874865272,0.149478150661111,0.1487821790760163,0.3412061453795001,-0.1063260211476843,0.07647749729063258,0.16110389953568036,0.16169714830545204,0.4280709948622139,0.4081923479519703,0.09331064384321641,0.1694985887667319,0.1671578399930658,0.2862478031634446,-0.14129085446782874,0.03577963663818284,-0.001602244812039716,-0.001256825864609512,0.004269622840401666
1374,0.1459478973690663,0.14319177547390796,0.3181384248210024,-0.07566581477377865,0.08302369353222205,0.1447268265197984,0.14154339999132434,0.32262669521770165,-0.07364313216050067,0.08018550841183036,0.158424536033319,0.15867782934975924,0.42557856272838,0.4609555259151735,0.10158105778093696,0.16385438712450726,0.16115039257363467,0.27079524680073125,-0.10165425824193497,0.04241581411738693,-0.0012210708492678968,-0.0016483754825836194,0.0044882703966992454
1375,0.14873662873347718,0.14747764174698272,0.3252032520325203,-0.06642644135188858,0.08397061931831495,0.14739051408890685,0.14591473473994965,0.3293051359516616,-0.053216406170025876,0.08439847500126896,0.16242690165932971,0.16293305548319875,0.4365859506113642,0.4200830248859149,0.11263695007624219,0.16666777110863512,0.1637145089867153,0.27150837988826815,-0.10306049879584278,0.047602886267213096,-0.0013461146445703231,-0.0015629070070330708,0.0041018839191412915
1376,0.15164642898396521,0.1496805597809553,0.33508331431180094,-0.10614313339941817,0.0719364133113406,0.15024211308283902,0.1488547959494111,0.34007729029324846,-0.10380437785397412,0.06809726749659062,0.1644203614341088,0.1643704637315833,0.43904174573055027,0.44883582235078084,0.10712858327988217,0.1696776519875955,0.16719544526055022,0.28892314468178815,-0.1244256301087151,0.03781067273578531,-0.0014043159011261908,-0.0008257638315442017,0.004993975981447518
1377,0.15274142420876935,0.1514194218452484,0.3293926750115902,-0.10161305012777555,0.07909855519670117,0.15147526810354625,0.14934221914488488,0.33171408743927827,-0.10267487743604331,0.0771703672314511,0.162935826539246,0.16241128613467198,0.43034944949736714,0.4363045407928664,0.10823561778270152,0.17052940181239168,0.1689890946858231,0.28207400842011965,-0.11814618001661858,0.036464176853950425,-0.0012661561052230985,-0.0020772027003635174,0.0023214124276880743
1378,0.14801177011379682,0.1471521049658948,0.3089775005569169,-0.10800900107621558,0.07200943130742887,0.14668542407801535,0.14541425902593735,0.3118470771282507,-0.10503629781821733,0.06991414838193322,0.16062948979705663,0.16079419559456054,0.41091753774680606,0.4341935231386361,0.1105626371365479,0.16562546846883788,0.16266237998001476,0.26100897819581015,-0.1316767439585168,0.032408584015562014,-0.0013263460357814671,-0.001737845939957433,0.0028695765713337984
1379,0.1456574892465828,0.14402433724467623,0.31581352833638027,-0.08877418503716861,0.0795969296918484,0.14435927600669893,0.1423728813559322,0.31996353691886964,-0.0885944538714214,0.07705062515761507,0.15911810558224604,0.1584528465884398,0.4211775878442545,0.4134281268986752,0.11439642499303737,0.16307403363939782,0.16097348978704912,0.2649050010919415,-0.11454911683615054,0.03652194465440117,-0.001298213239883883,-0.001651455888744019,0.004150008582489373
1380,0.1503070149849562,0.14842396951853135,0.3185901865929509,-0.08590712706368386,0.07989979144074222,0.14882576300577563,0.14703844821614132,0.32253618194348727,-0.08436762804964126,0.07734188390851038,0.16351831936990183,0.16279875303082786,0.4219626168224299,0.3929254549612552,0.0929024880629209,0.16850534712545928,0.16613266366470383,0.27074139452780227,-0.11271367290870071,0.039186429886051366,-0.001481251979180559,-0.0013855213023900304,0.003945995350536358
1381,0.151780897140092,0.15003483106931384,0.3150341685649203,-0.1086430129236865,0.07233853336373908,0.15012300563400116,0.147466039707419,0.3141562853907135,-0.10179181766896339,0.0670132585283637,0.1622322880553867,0.16157262277951934,0.4170414201183432,0.4239592676148183,0.10748534727721648,0.16992309358539281,0.16753744339951238,0.26489778164419314,-0.13012663184720374,0.028032246733415978,-0.0016578915060908306,-0.0025687913618948344,-0.0008778831742067839
1382,0.15031105769528563,0.14777169663799844,0.3217879709805757,-0.09474985388573332,0.08198742750832888,0.14890202919636247,0.14646859525671097,0.3240848682676615,-0.09439985924703209,0.07854003503949569,0.1627365149334395,0.16301798279906177,0.42945368171021375,0.4189277251632176,0.0955615353543594,0.16877610558672945,0.16653635652853793,0.2731947238989493,-0.12217191495017021,0.03889502164791436,-0.0014090284989231594,-0.0013031013812874748,0.002296897287085764
1383,0.1475508040877726,0.1463032308630149,0.30568391866913125,-0.10208412227703034,0.07765727751634899,0.14615086847801304,0.14504049464425672,0.30794016110471806,-0.09136465128651772,0.07401359270423857,0.15942307967986266,0.16028041452582079,0.39867424242424243,0.39756973673105334,0.09994805519043626,0.1668806137595246,0.16537490202908647,0.2580716011421041,-0.13351932151652168,0.029432037356064145,-0.0013999356097595672,-0.0012627362187581648,0.0022562424355868083
1384,0.14724938155204592,0.1457384515289525,0.3147937086847504,-0.10305886403494624,0.07370229814474138,0.14579634472911016,0.14382997180654955,0.3186988171064604,-0.09772640988870285,0.07178827829748669,0.15836231461056716,0.15723270440251572,0.4155935378131585,0.3969961620102029,0.0983718872871362,0.16518251266191583,0.16326176534374323,0.26640505777196427,-0.13418977222598794,0.03116852376130208,-0.001453036822935766,-0.0019084797224029615,0.0039051084217100462
1385,0.14466271114343598,0.1414570685169124,0.3203088441740758,-0.08463818642289367,0.07733690692438755,0.1433447559974108,0.14084995663486558,0.3251105422387712,-0.09086639693560106,0.07236610354716999,0.15746923809240568,0.1574588031222897,0.41421392677674085,0.3887036862206096,0.0978684860911554,0.1626969782682816,0.1605810928013877,0.27076784912438256,-0.1167564258167274,0.03843496745051156,-0.0013179551460251737,-0.000607111882046818,0.004801698064695437
1386,0.1451433980122303,0.14245397707537338,0.3204406938584154,-0.09911510439321436,0.08136413482981142,0.14376152703553902,0.14132511288641889,0.3221601489757914,-0.09346287068546422,0.07489020027710502,0.15751711285483833,0.15613060090309136,0.4186826347305389,0.4363742707826932,0.10100173630635378,0.16267794308405276,0.16038555053838138,0.2688268156424581,-0.12390793311670034,0.03626239077929072,-0.0013818709766912907,-0.0011288641889544981,0.0017194551173760342
1387,0.14793790570147014,0.1462970193934661,0.3147586850081604,-0.1087224589662803,0.06820597756340241,0.1463302689846691,0.14434465703501237,0.3185717597959657,-0.10727979351912642,0.06299411259325105,0.15705572642858395,0.15723024860080698,0.41394441735738663,0.4212172829387171,0.10881509212249907,0.16615017186594944,0.1639116664497375,0.2712730504332371,-0.13853713891118302,0.022167836993731482,-0.0016076367168010308,-0.0019523623584537242,0.003813074787805293
1388,0.15189212181089493,0.15065692160445487,0.33265628526292035,-0.106757434882642,0.07132428547051917,0.15062274026271055,0.14948229356999912,0.3368610673271786,-0.10622074729131359,0.06920731662391921,0.16666978465515092,0.16623161924649787,0.4295317570700046,0.40340207226740643,0.09609282097574046,0.17041755081003462,0.16792830418515617,0.2810740580337809,-0.13003004566815313,0.03173696803909731,-0.0012693815481843729,-0.0011746280344557547,0.004204782064258228
1389,0.14656036522865323,0.1434882411537962,0.31308619919606967,-0.0933416574325373,0.07804464082266505,0.14539345632824852,0.14179912512451817,0.3171815959102023,-0.09220255843374892,0.07366097728903087,0.16158220232929846,0.1624150028151934,0.42271582321960155,0.45017406556856365,0.10121543378615971,0.16477983510827604,0.162934730824202,0.2702991452991453,-0.12236068955303248,0.03587797254675584,-0.0011669089004047173,-0.001689116029278015,0.004095396714132615
1390,0.14717803144863623,0.14493067590987868,0.3153688056633935,-0.10591449996349711,0.07779656480870523,0.14584481399736693,0.14376083188908145,0.3201634877384196,-0.10861451679949219,0.0724912889761421,0.1600905471291738,0.15996533795493934,0.4189157474771181,0.42263413296860314,0.102837466738403,0.16481620121864549,0.1626516464471404,0.2707471139185363,-0.133271055050724,0.03280782574857011,-0.0013332174512692974,-0.0011698440207972283,0.0047946820750261465
1391,0.15027098817591047,0.14819161884889584,0.3325050824486108,-0.09743152471253713,0.07437993162481482,0.14899279251362704,0.1465397322204834,0.33566118495156566,-0.09721737643731454,0.07184449560890915,0.16152162440750212,0.16166753608068163,0.4325195762321511,0.4189343008160238,0.0923392700708131,0.1678299915607774,0.16553642844722657,0.2859939103958243,-0.11667400778931747,0.03824996839815942,-0.0012781956622834323,-0.0016518866284124523,0.0031561025029548384
1392,0.14731852733510156,0.14621659146129817,0.31512415349887135,-0.08584458843371656,0.0685749556041163,0.14595747080718244,0.14482818465810482,0.31727537530808875,-0.08517784120789273,0.06157826853338011,0.1605754257890942,0.16101180145782715,0.41205556863668474,0.4407921104227604,0.10737476572365345,0.16563843701056796,0.16482992016660883,0.2684142114384749,-0.11695121662234687,0.02913908302360302,-0.0013610565279191245,-0.0013884068031933539,0.0021512218092173963
1393,0.1448533914015745,0.14291292463881297,0.3091286307053942,-0.10423132105111665,0.07268027355674811,0.14345505004838602,0.14148119224261357,0.3131729667812142,-0.10004137095390975,0.06688608000122986,0.15614759249613983,0.15584190203479545,0.4135284240825138,0.4105364163773031,0.10894763321906586,0.16307264993724563,0.16234977656297453,0.26640333552775947,-0.12593163781128514,0.025682925828655834,-0.0013983413531884759,-0.0014317323961993977,0.004044336075819999
1394,0.14750135021110408,0.14508043070752866,0.31463963963963965,-0.10328093865022969,0.06267499442043545,0.14618380286493662,0.14294433061598152,0.3169140800719748,-0.0996561643476247,0.061397471662732905,0.16070848385141126,0.1600331313483587,0.4164889836531628,0.43217344167568694,0.10930457507658276,0.16507316305810554,0.1626923579929378,0.2675722294092281,-0.1264969739725137,0.02051674341624743,-0.001317547346167458,-0.002136100091547133,0.0022744404323351564
1395,0.1531066946653447,0.15165794066317625,0.3199639477242001,-0.0889192565705299,0.08262155412254657,0.1518948712391145,0.150043630017452,0.3202966958867161,-0.0824718802263178,0.0803138731924713,0.16616429081379613,0.1661431064572426,0.42105263157894735,0.4104390356272487,0.10087321238768798,0.17107086790820722,0.1695026178010471,0.2695708432175976,-0.11208932737040023,0.04087350820572888,-0.0012118234262302185,-0.0016143106457242595,0.0003327481625159945
1396,0.15144225322640953,0.14951405761888234,0.325295617899374,-0.08729727452023361,0.08910205461366572,0.14993732610557606,0.14708434571329398,0.3268698060941828,-0.07628048954003286,0.08506004289748847,0.1642917040828102,0.1638753904894134,0.42884116119896154,0.48006263722071546,0.10527010147837434,0.16939253510943816,0.16656542867060048,0.2726669615214507,-0.1223587406449127,0.044639925735716735,-0.0015049271208334714,-0.0024297119055883554,0.0015741881948088121
1397,0.1440891440314281,0.14233038348082597,0.312320230105465,-0.07813161791804468,0.0926321248762697,0.14273199256748437,0.1411591185146625,0.3151732377538829,-0.07746275936126945,0.08980691740820368,0.15680947846504764,0.15599514141939963,0.41504794688959923,0.42613158185850847,0.11545110827218763,0.16203338814397686,0.1601596390768697,0.2633622658748287,-0.10016200816167875,0.04786345268999259,-0.0013571514639437454,-0.00117126496616346,0.0028530076484178934
1398,0.14820184709182035,0.14639130434782607,0.31473010064043916,-0.10141011627799035,0.08537065145166,0.14672022633650933,0.1443478260869565,0.31662870159453305,-0.10134261799258837,0.0815654439471254,0.15950232608404075,0.15817391304347825,0.4090909090909091,0.42312669050557156,0.09805467646677557,0.16593727674614597,0.1631304347826087,0.2656899190903127,-0.113340084210798,0.042879167651023065,-0.001481620755311025,-0.0020434782608695634,0.0018986009540938875
1399,0.14462415657258235,0.1429871705963939,0.31955922865013775,-0.08821343605845122,0.08041305894454798,0.14317239032675003,0.14129680998613037,0.32434285714285715,-0.0866818568168155,0.07637365299999233,0.1572628815255637,0.15672676837725383,0.42552182163187857,0.4460432422992284,0.11017710274653714,0.16215474939225677,0.16058425797503467,0.2712871287128713,-0.11788825502364908,0.04023159981186253,-0.00145176624583232,-0.001690360610263536,0.004783628492719405
1400,0.15039784659807315,0.1488881167477415,0.32490136922719887,-0.09039472734937093,0.08246348603357878,0.14910969116828832,0.14684676858929813,0.3268698060941828,-0.0827801736602386,0.07754012532691223,0.16336366066073293,0.16326441973592773,0.4265402843601896,0.43528672780489663,0.10151475137676613,0.16833672518759474,0.16626129256428074,0.2741252507243147,-0.10821448822221547,0.04436095534720397,-0.0012881554297848319,-0.002041348158443368,0.001968436866983947
1401,0.1468012887710111,0.14473003277557359,0.309665597801191,-0.08474618132960166,0.08249297363616526,0.14527774573184854,0.14404002070036226,0.3152496010941418,-0.08478366485428501,0.07804917470955075,0.15785372347506127,0.1572796273934794,0.4173728813559322,0.46159769310698323,0.10746289141428478,0.16486425777971467,0.16284284974987062,0.265737312132433,-0.1187788971824012,0.03488084227958144,-0.0015235430391625504,-0.000690012075211327,0.005584003292950779
1402,0.15071591151565433,0.14904033620727006,0.31443415405466457,-0.10682242294120514,0.08115516364680042,0.14907145122080814,0.14782721719162947,0.31647561249719036,-0.10343110978614922,0.07653542319096696,0.16241239061683516,0.16229799402105627,0.39959016393442626,0.4051377466666539,0.08850475073562647,0.16909988218201694,0.16689051600883845,0.2599784250269687,-0.12222733415442755,0.03747761751892009,-0.0016444602948461895,-0.0012131190156405847,0.00204145844252579
1403,0.14628232857954443,0.14337150789519348,0.30682839173405213,-0.08032154837920547,0.08243492585979484,0.14486991134643573,0.14189658164150615,0.31058402327142537,-0.07572508782937437,0.0788816962968727,0.1583106153336102,0.15760020822488288,0.4137770537584361,0.436756904600651,0.11483201893349715,0.1634815750359455,0.1609838625715773,0.2577473819192135,-0.1108973262722518,0.034988860519598486,-0.0014124172331086982,-0.0014749262536873364,0.0037556315373732385
1404,0.15022997054527287,0.1489721571688785,0.3199626865671642,-0.07315481003573365,0.08582174021599986,0.14889829836685298,0.14710729464827826,0.3245939675174014,-0.07337023479708293,0.08111000986013683,0.16063678271078705,0.1607251279382427,0.41966198524160914,0.4366959113607398,0.10445449207782154,0.1683153550810314,0.16671003556249459,0.2750333778371162,-0.09601695220168416,0.04170281052019198,-0.001331672178419896,-0.0018648625206002245,0.004631280950237182
1405,0.145512169847121,0.14280753537633475,0.3136150234741784,-0.09934712873673657,0.08234721995624261,0.14403137697006152,0.1413751193680007,0.3153449084936649,-0.09147618741012598,0.0819155395878689,0.1591077691119018,0.15908499001649448,0.4146341463414634,0.4261340841889422,0.09918275432281465,0.16396597980685162,0.1618630089417484,0.26561106155218556,-0.1261475394950381,0.0339990186983945,-0.0014807928770594891,-0.0014324160083340476,0.00172988501948651
1406,0.14846950343844542,0.14684649634720962,0.31046431046431044,-0.11234426916676488,0.08291277535913211,0.14692624231629967,0.1449444516491592,0.3128158015617823,-0.11260489920111483,0.0775879910253271,0.15868644512053223,0.1579129382267756,0.409037142181216,0.4282441053296356,0.1046378954410565,0.1665163482913278,0.1633597025893745,0.26017154167583023,-0.14001258980547515,0.03648065596835237,-0.001543261122145756,-0.0019020446980504147,0.0023514910974718473
1407,0.1450291280319392,0.14333939236561932,0.31221616712079925,-0.07664289575013372,0.06680526803841835,0.14373196274541064,0.14169479788799447,0.3146600406595889,-0.07509484331691019,0.06190437068985266,0.15973378423900939,0.16060763438068035,0.41318629751290475,0.41944634326638003,0.09706298210347553,0.1632469232467868,0.1617328832337921,0.2618579234972678,-0.10429691891222859,0.03036816166430012,-0.0012971652865285677,-0.0016445944776248556,0.002443873538789665
1408,0.14797563482689155,0.147002606429192,0.3103850641773629,-0.08952432193934312,0.08265694895296405,0.14677038084101549,0.1450477845351868,0.3121803812180381,-0.08297345211397478,0.0790033656659116,0.15930453453682678,0.15912250217202434,0.4083745001176194,0.3836262377612611,0.08996411552706907,0.1667906121550858,0.16550825369244135,0.2588078883226235,-0.11965245076332909,0.033655949573671795,-0.0012052539858760647,-0.0019548218940051987,0.001795317040675204
1409,0.14793130961152942,0.14669628468138857,0.3162393162393162,-0.09059006869524866,0.07242720519677126,0.14665475811272496,0.14486693671327147,0.3164323576861028,-0.08745579709074225,0.07027521614671295,0.16186124911592806,0.16276841325841718,0.41997133301481127,0.45365475548972467,0.10320064861260403,0.16616652008623098,0.16381375495448408,0.2652836018538954,-0.1219531391114217,0.02895702638559483,-0.0012765514988044568,-0.0018293479681170954,0.0001930414467865571
1410,0.14749670397549042,0.14622908063464465,0.3147899910634495,-0.09505307520328976,0.06031913584430404,0.14611544577088395,0.14405564007824387,0.3168669336893636,-0.09021576897113381,0.05650516813086637,0.16104968133892736,0.1600521625733536,0.41002811621368324,0.43581956908137165,0.10439165164402864,0.16594622927199604,0.1644425124972832,0.268067767531632,-0.1252958772272077,0.020696249043590242,-0.001381258204606467,-0.0021734405564007853,0.002076942625914069
1411,0.15114135512714238,0.1493145930938747,0.3333333333333333,-0.09932808261140091,0.0716116418742232,0.1498891929149114,0.14831684886343918,0.33621670839972684,-0.08663683218610774,0.06433490599937686,0.16456301171912024,0.16410723581467984,0.42712264150943396,0.4579606314606407,0.09708021743618545,0.16985186642331743,0.16861877494360575,0.28262309560609405,-0.13157887396155332,0.035227962499991494,-0.001252162212230984,-0.0009977442304355266,0.002883375066393523
1412,0.1479179354606253,0.14557237299930412,0.3108690719310188,-0.08184080711193908,0.07176492573978632,0.14653125016342053,0.1453114126652749,0.31762849413886385,-0.08523294969422823,0.0656039344832624,0.16314102503173256,0.16270876826722339,0.4147834274952919,0.41885694373568366,0.1055441536634868,0.16623349410698166,0.16410055671537926,0.2650498051104374,-0.11051299963502259,0.02693840314921525,-0.0013866852972047594,-0.00026096033402922547,0.006759422207845034
1413,0.14618141406257742,0.14516619595915708,0.31038374717832956,-0.11220371807131813,0.0687883280427769,0.1449380471005199,0.14325439930480122,0.3108959927960378,-0.10763617055228847,0.06624342952313744,0.16107649974997243,0.16198131653269607,0.40654205607476634,0.4414554165199204,0.10059955953826905,0.1643957432493212,0.16285031501194872,0.2631124541333909,-0.1369680004542787,0.025737128085544292,-0.0012433669620575127,-0.0019117966543558684,0.0005122456177082402
1414,0.14949976347954252,0.14734739949639664,0.3276216586703221,-0.08175598785258797,0.08271084592328837,0.14802183554555268,0.14608839107406443,0.33090909090909093,-0.07226329717390867,0.07784447154521723,0.16205774458254918,0.16037162455500564,0.42204797047970477,0.41556656498932726,0.09138568720593676,0.16706759393177423,0.16445254840670315,0.27465095986038396,-0.11090236955336041,0.03891347652064869,-0.0014779279339898477,-0.001259008422332203,0.003287432238768817
1415,0.14510443065068576,0.14487218436699795,0.3115060804490178,-0.08581075423891937,0.07627716500978421,0.1438992853301435,0.14313614860466126,0.313953488372093,-0.0831942270184165,0.07108646883077241,0.15654783024408814,0.15515819625884295,0.40344580043072503,0.4126029239977471,0.0972562287332902,0.16370912990259587,0.161711731261664,0.2637900355871886,-0.1110667762833697,0.02869578336884271,-0.0012051453205422502,-0.0017360357623366907,0.00244740792307524
1416,0.15221104962378898,0.15012127512127513,0.3196231617647059,-0.0962916994536468,0.07272140586516618,0.15077001863056558,0.14877858627858628,0.3244170096021948,-0.09440482425764896,0.0680136521018444,0.16423311586448885,0.16497747747747749,0.4208786017949929,0.3993829841985373,0.09797208514116473,0.17112464956553142,0.16930873180873182,0.2764084507042254,-0.12111440153107955,0.03163555483981284,-0.0014410309932234022,-0.001342688842688844,0.004793847837488874
1417,0.1464390967332066,0.1446322283529565,0.30225295561008253,-0.07747627605992913,0.08506601883362341,0.14522326534929034,0.1431550593039927,0.3055494141056821,-0.07545867135716644,0.07676025974289902,0.15997139553297282,0.16088108789155842,0.4017735334242838,0.44684440833747413,0.10271575690141255,0.1639779652944018,0.16153278011904246,0.2547109887783189,-0.12391120240043219,0.03523146428927737,-0.0012158313839162604,-0.0014771690489638056,0.0032964584955995635
1418,0.15338191101958912,0.1506986027944112,0.3168294344764933,-0.08780212596459314,0.08197198386711368,0.15198915460381313,0.1490063351557754,0.3185419968304279,-0.08293876213892726,0.07902120444700622,0.1637850061479261,0.16345569730105008,0.40950173812282736,0.4236887400100043,0.10051974022207522,0.1719414664580012,0.17009459342185196,0.27169243986254293,-0.11852324654384461,0.028647184346599297,-0.001392756415775992,-0.0016922676386357804,0.001712562353934577
1419,0.14803713666911628,0.14520393567682371,0.3125982483718841,-0.10836477805437272,0.06693347034166952,0.1467821782097486,0.14433704650860388,0.31640449438202245,-0.1059870959846907,0.06756779326725426,0.16380592047743794,0.1636253305014954,0.4202762819011941,0.3750879743872838,0.10541572782714126,0.16646622952605833,0.16431884183607126,0.26711149375807147,-0.14504998452253615,0.02612536212905392,-0.0012549584593676832,-0.0008668891682198365,0.0038062460101383477
1420,0.14975842245436105,0.14692868297761583,0.32408256880733943,-0.08921380155427439,0.07861890566827845,0.14869366050869942,0.1461478396668402,0.3283547794117647,-0.082411080465839,0.08032136960908087,0.16116198534469875,0.16198160680201285,0.4214876033057851,0.41597847133795895,0.10521990474331411,0.167071370895702,0.16584244317195904,0.2781529078632106,-0.104966039326298,0.029460259377612874,-0.0010647619456616297,-0.0007808433107756307,0.004272210604425286
1421,0.1511910663658829,0.1500565266544917,0.31522483451266836,-0.09351251354513335,0.07934610064631764,0.14974600753710232,0.14831724497782417,0.31771662497157155,-0.09069065245024355,0.07595267931318517,0.15921078484592904,0.1597095399599965,0.40655969797074093,0.4208900613950765,0.10967480381118944,0.16933437251242656,0.16814505609183408,0.26768558951965066,-0.11776141071188162,0.03714042281548213,-0.001445058828780571,-0.0017392816766675367,0.002491790458903187
1422,0.1488920846332609,0.14617867736869655,0.31566713156671317,-0.09758373280744725,0.06151564114715069,0.1473623052305565,0.14552434130169256,0.3193898775132887,-0.10085841373156101,0.05606212686105583,0.15827521850842727,0.15821846100157042,0.4103498542274053,0.4197613325370614,0.10208978743569685,0.1671043477981775,0.16646309544582097,0.2736141906873614,-0.1221473954338751,0.01614240228684094,-0.0015297794027044065,-0.000654336067003991,0.003722745946575512
1423,0.15045516058794592,0.1486656541549143,0.3277119416590702,-0.09288767219509753,0.07572939329773887,0.14910325469400515,0.1468865263614667,0.3291685597455702,-0.09239268478536955,0.07275691935370643,0.1614232560972922,0.16103276198741592,0.42741749365335796,0.4057960720859713,0.08740696950643778,0.16809530079953616,0.16528531134736385,0.2797217996087807,-0.11683317811080063,0.030505325434959984,-0.001351905893940769,-0.0017791277934476046,0.0014566180864999945
1424,0.15021079142526195,0.14840728347312154,0.31564563880665,-0.1092052748278679,0.07642212069512111,0.1488380259596451,0.14701664421363694,0.31987367471238437,-0.10401128097405377,0.06751013544603801,0.16050216400486253,0.1609230368084829,0.4146228597871356,0.41218788656786093,0.09106323931861482,0.16836670055502526,0.16735474338359915,0.2704935855620787,-0.1278478235500058,0.03228657469966201,-0.0013727654656168486,-0.0013906392594845995,0.004228035905734395
1425,0.14781319626442538,0.14527027027027026,0.3065524426950683,-0.07675484658512444,0.08651242320207653,0.1462575532534453,0.1434078309078309,0.3107670979667283,-0.0717531605697399,0.08459671862844498,0.15749602367047763,0.15744109494109493,0.4127285680360959,0.426857911965169,0.10950087808565512,0.16584863592667493,0.1635914760914761,0.2620309050772627,-0.11177615255930651,0.04159979375360345,-0.0015556430109800734,-0.0018624393624393498,0.004214655271659984
1426,0.1443878550794591,0.14356349757113115,0.31067507591684185,-0.10240809152190711,0.06992915365146812,0.14301639949454126,0.1419587092297016,0.31429897864438255,-0.1015886412700312,0.06406626243097535,0.1563311945515787,0.15609819569743233,0.4146459747817653,0.41877522355768093,0.1040207803780373,0.16263023294569948,0.16117279666897988,0.26433970653623834,-0.12869491614466588,0.02280887976824819,-0.00137145558491783,-0.0016047883414295472,0.0036239027275407065
1427,0.14960361139650427,0.14826140136292154,0.3144806338028169,-0.10278370525600034,0.07485914874582289,0.1479011582243422,0.146295649135069,0.3160894344585708,-0.09398633160266434,0.07112271552970295,0.16119956395079327,0.1599248645815132,0.40645752232654,0.4377560395007923,0.11160074203767001,0.16705631372955906,0.16403110256858291,0.26371308016877637,-0.1259758582417959,0.03417354261473793,-0.0017024531721620828,-0.0019657522278525297,0.001608800655753917
1428,0.14886545310197957,0.1463826470970256,0.31565539601667436,-0.08197281962727909,0.08208770410778943,0.14734708198231172,0.14482400311728796,0.31834946980175194,-0.07465015361844318,0.07781539412488725,0.1584392828055928,0.15885179893492662,0.41579943235572375,0.4304133681684644,0.10131309903084917,0.16681256303484673,0.16517296618608476,0.27140974967061926,-0.12707833419299863,0.03167444630954375,-0.0015183711196678495,-0.0015586439797376228,0.0026940737850775776
1429,0.14627359939305223,0.14429136424877223,0.31838355524410183,-0.10764226853573478,0.08511091305264384,0.1449212951677534,0.14259637533139205,0.3199442767587648,-0.10462901582887363,0.07952956026355529,0.15997204442669555,0.15998087704811162,0.42354884379424257,0.4446094905487944,0.09434161189613643,0.16416911376411328,0.16271893606849494,0.270042194092827,-0.1353298240184042,0.0374547469304265,-0.0013523042252988338,-0.0016949889173801802,0.001560721514662966
1430,0.14647777612254978,0.1440501043841336,0.31881695388914766,-0.0940549082310046,0.08397330808066994,0.1452068146064915,0.14222338204592902,0.32089898053753474,-0.08666960546616709,0.0792557065031042,0.1609390979269475,0.16075156576200417,0.42470308788598576,0.4410903195197304,0.10198596864955733,0.16398966369319123,0.16183890048712596,0.2694624135623466,-0.12592207947460243,0.04344482180067344,-0.0012709615160582666,-0.0018267223382045783,0.002082026648387081
1431,0.14459621600378816,0.1429748482220295,0.32004581901489115,-0.08961115150245857,0.0667413773720742,0.14304559771237438,0.1417172593235039,0.32458941605839414,-0.08513329986694584,0.06266392987988956,0.15605991755525644,0.1552471812662619,0.4205917159763314,0.39683542084900825,0.09678572731448709,0.1625085100942091,0.16071118820468344,0.2732634338138925,-0.11796863314608386,0.021031044959688883,-0.0015506182914137856,-0.0012575888985255912,0.004543597043502989
1432,0.1506321051188518,0.14796783307976527,0.30892448512585813,-0.07718521575787984,0.08070599844477333,0.14922553520491663,0.14627254944577267,0.3108015528659511,-0.07061308839743552,0.0787959284371389,0.16175564067948667,0.16170397739621822,0.40997881854554014,0.4068926140042819,0.10638582854741407,0.16882929744061795,0.16731145403173223,0.26299694189602446,-0.10625718269270035,0.03656215826833309,-0.001406569913935174,-0.0016952836339926003,0.001877067740092997
1433,0.14610601067809117,0.14376623376623376,0.32046511627906976,-0.08113620967433866,0.08863537710965941,0.1447767380481229,0.14207792207792208,0.32395348837209303,-0.07875249874492951,0.08863537710965941,0.15837604607329225,0.1583982683982684,0.42785475394171046,0.4494037633504049,0.11293441914383007,0.16317064110982524,0.16043290043290043,0.2728479752157557,-0.10958507667514328,0.041955638465068223,-0.0013292726299682645,-0.0016883116883116833,0.003488372093023273
1434,0.14941701230586488,0.1485148514851485,0.3142987665600731,-0.10476930764532788,0.0785345989282139,0.148057879030281,0.14669098488796248,0.31894593366651525,-0.1079965021375826,0.07344046278151894,0.16129561635305534,0.16115164147993746,0.42293233082706766,0.4798803508966743,0.10442979100724659,0.16744882362037,0.1654073302067049,0.26907194088241687,-0.1286921881072678,0.03120158389850658,-0.0013591332755838736,-0.0018238665971860302,0.0046471671064421405
1435,0.14334685673983438,0.1415875493128712,0.3074829931972789,-0.07763859628445569,0.07650788592646396,0.14197707117586975,0.14033034204708025,0.3105632209907261,-0.07249112365013188,0.07418279491738311,0.15614183415760083,0.15563358910998396,0.41165501165501167,0.4684998600409564,0.10187251511643802,0.16103724920819684,0.15957861880608662,0.2629077554547418,-0.1139332911000781,0.03021743765476148,-0.0013697855639646372,-0.001257207265790955,0.0030802277934471878
1436,0.15208694972603892,0.1503276483096819,0.3111262179922955,-0.12329220279856667,0.060378766798670824,0.15052505543441497,0.14867855747949485,0.31507775524002707,-0.12518027406115384,0.055243048548196505,0.1617876145929623,0.16165429848544027,0.41223529411764703,0.4492323027712609,0.09525885324980932,0.17165049692088583,0.1706809009243588,0.26929748482220295,-0.1466369274835747,0.017795102971820964,-0.0015618942916239553,-0.00164909083018705,0.0039515372477315625
1437,0.1507769635373582,0.14894447093502103,0.3176389526871842,-0.09456722293259967,0.07619493989571113,0.14932137668693515,0.14721054228618494,0.32079798211419397,-0.09255218461385628,0.0747012456018824,0.1609245135510185,0.16160215007152456,0.4171173289442746,0.3980931015060354,0.09774681470666746,0.16857901517715804,0.16641380207204473,0.2701692679709826,-0.12225872655739145,0.034584884567627094,-0.0014555868504230463,-0.0017339286488360917,0.0031590294270097963
1438,0.14712529942042715,0.14580079819538436,0.32238667900092505,-0.1121985666877171,0.0759972478213905,0.14585450387660473,0.14415235120596911,0.32767324460761815,-0.11122125368858293,0.06870297388718072,0.16092237726232958,0.1603331598125976,0.43844856661045534,0.457697038378087,0.11311222989839909,0.16521145431510634,0.16345653305570015,0.2758011049723757,-0.14191377894159374,0.032875216622091474,-0.0012707955438224228,-0.001648446989415242,0.0052865656066931055
1439,0.14770391900449006,0.14638923954207111,0.31155085135757016,-0.11162716030802422,0.07879034747584135,0.14633317704042403,0.144561006398816,0.31239972495989,-0.10994255900870398,0.07516119572970792,0.15965475168329962,0.15957863578984025,0.4013557737260402,0.42347505455640005,0.09330695446037474,0.1660736511467642,0.16345274887911895,0.26044172315766456,-0.1257691825319186,0.03033049768923679,-0.00137074196406603,-0.0018282331432551147,0.0008488736023198329
1440,0.15433714152045455,0.15289220362501085,0.3263888888888889,-0.1026138561846921,0.08618290689906638,0.15289046519817406,0.15098430318272482,0.3278122843340235,-0.09390379785623171,0.08043337713288656,0.16431117500700507,0.16459977452085683,0.421875,0.4371287570870061,0.09299716439972383,0.1723586258574498,0.16967305524239007,0.276121051468964,-0.126121018607679,0.042103178691688226,-0.001446676322280488,-0.0019079004422860313,0.0014233954451345898
1441,0.15110903344831858,0.15036247707223338,0.32056769542689795,-0.09230582031732759,0.07610619723290457,0.14981466197085125,0.1490086470434099,0.3234175799597406,-0.09003823554990686,0.06935837422092561,0.16315791122551665,0.1642064809153638,0.4172262097707803,0.3912467138940298,0.1014105335278257,0.1692383561867973,0.1658660144990829,0.2696989109545163,-0.1336168450026014,0.02465404676656502,-0.001294371477467332,-0.0013538300288234717,0.002849884532842628
1442,0.15097342966669675,0.14901327279077892,0.30706648070664805,-0.08681413104555602,0.08343085726804389,0.14946242913530605,0.14704855047153337,0.3087996285117251,-0.08010320119712655,0.08235858085686953,0.162190975723021,0.16320293398533006,0.4056470588235294,0.41238866443439287,0.09458253194425692,0.16944674090510278,0.16905344044708348,0.2589703588143526,-0.10946808936700592,0.043756630054593626,-0.0015110005313906938,-0.0019647223192455487,0.001733147805077051
1443,0.15000921991522034,0.14799025578562727,0.3258980981451045,-0.09115562449166281,0.07196569080316284,0.1488467434859513,0.14707673568818513,0.3285747718230751,-0.0820631896556493,0.06891666887654768,0.16153909028264002,0.16256307638768053,0.4185265178785697,0.41988753414273833,0.09200212060663371,0.1687809753656524,0.16691317208978598,0.2757847533632287,-0.11284025163728373,0.028190447428188437,-0.0011624764292690326,-0.0009135200974421387,0.002676673677970587
1444,0.1506470942792525,0.14856424047887568,0.3186663642549331,-0.09481116502663722,0.07255859193671144,0.1494290942068105,0.14708944217923137,0.32090395480225986,-0.08864264694355972,0.06916520443380914,0.1643320746994953,0.16430988114860762,0.42560226735947093,0.4235008158582901,0.1096737677497055,0.16901771514257521,0.16764986553309622,0.2755700325732899,-0.11856902968679117,0.030989595026158057,-0.0012180000724419937,-0.0014747982996443088,0.002237590547326751
1445,0.14675548368211058,0.14444733194733195,0.3242557119778445,-0.07210263773670211,0.08161230633594363,0.14542405486485868,0.14293139293139293,0.3252181901699587,-0.07211525795811435,0.0771355701761286,0.15890137197881585,0.1586971586971587,0.4255017709563164,0.4294235414139665,0.10250374174841337,0.164518805593451,0.1622920997920998,0.27119396360408343,-0.10497295092169423,0.044732527495563223,-0.0013314288172519007,-0.0015159390159390218,0.0009624781921142023
1446,0.14740986939169065,0.14631496610464106,0.31153580474326503,-0.11794935036361376,0.07341401008822512,0.1461621996431474,0.14388145315487572,0.31393744250229993,-0.10885154445170031,0.0723420758958474,0.1621130555621019,0.16161133321745177,0.42788691902252035,0.46425771055545023,0.10964538579059147,0.16566793100053467,0.16330610116460978,0.26703417861080486,-0.13970415271077774,0.03225173710092122,-0.001247669748543262,-0.0024335129497653485,0.0024016377590349025
1447,0.14945657621205471,0.14762543833066366,0.32652113330236876,-0.09126903389365237,0.08081163807292246,0.1480766045416638,0.14576388588250574,0.3318747121142331,-0.09513313633354326,0.07309813928679243,0.16074185679986552,0.16048313779817308,0.4169014084507042,0.4105298002551309,0.09066777541075532,0.16756350852535712,0.16507208104246937,0.27797434763379036,-0.12967430444541328,0.03453064535614214,-0.001379971670390917,-0.001861552448157916,0.0053535788118643235
1448,0.148952175868307,0.14691737792989906,0.33449074074074076,-0.09958787421344895,0.07893937800531436,0.14745077215968186,0.14479441965252807,0.33708639705882354,-0.0953949891789061,0.0720877098774384,0.16061654095524536,0.159568476235865,0.43314231136580705,0.4114467917959935,0.10720250903280326,0.16669551313837788,0.16416099822364716,0.2841084417015649,-0.13203806252358685,0.0324765035131549,-0.001501403708625143,-0.0021229582773709954,0.002595656318082784
1449,0.14905110755069723,0.14725551502518672,0.31473922902494333,-0.1296124615272446,0.07186759423640643,0.14774852686867143,0.14556192461351397,0.31659882406151063,-0.13102139122651102,0.0693208667803028,0.1615399612834894,0.1606739621330554,0.4095819633630813,0.394821917072087,0.10412614201371895,0.16697028671554148,0.16488622546465173,0.2660690861390468,-0.1329051638376405,0.037062319002990285,-0.0013025806820257946,-0.0016935904116727463,0.0018595950365672964
1450,0.1497250802082687,0.14850668518840077,0.32567225925074694,-0.09213524039796672,0.07268873209639759,0.14832811619969047,0.14672686230248308,0.328748280605227,-0.0873160334565185,0.07033288043741004,0.16031250062071514,0.16035770098975516,0.41869337148307106,0.45265150111838853,0.10631316032012905,0.16781179728195159,0.16600104184754297,0.2749944824542044,-0.12687804659739876,0.034138432222055926,-0.001396964008578222,-0.0017798228859176868,0.0030760213544800408
1451,0.1448073250837672,0.14473108876257104,0.31704438149197356,-0.09538489005654538,0.09348596727013991,0.14321782041908968,0.14219501530389156,0.31771078662270374,-0.09353986546176807,0.09133349144859937,0.15605064367560895,0.1560122431132488,0.4120866048060909,0.42562257272187176,0.10058913748122378,0.16265426762283242,0.160078705728028,0.2625534789461833,-0.11489571382918473,0.0493602129285583,-0.0015895046646775268,-0.002536073458679483,0.0006664051307301855
1452,0.15037809251680173,0.14855672800209296,0.30733626475352926,-0.09778173743076946,0.09261326598648378,0.14895612163161537,0.14707421295892562,0.3104401935929938,-0.099202122404076,0.08879431116463843,0.16158735557158124,0.16067846864916718,0.41257920675897675,0.4221531307712991,0.10534311539263463,0.16865862202669585,0.1655620476148949,0.2593647316538883,-0.12459851038346548,0.04084521173480338,-0.0014219708851863633,-0.0014825150431673484,0.0031039288394645315
1453,0.14947491509318095,0.14705371864965722,0.31911496350364965,-0.10871092011570993,0.0719219826211781,0.14799917047410407,0.14492753623188406,0.32176083503517133,-0.10559081795050407,0.06702089481970175,0.1609628336896342,0.1594636813329862,0.41880141010575794,0.42752701065188364,0.09941069246424095,0.16806671029385317,0.16675344962249414,0.27344262295081967,-0.1284458686461175,0.03122164479152678,-0.0014757446190768742,-0.0021261824177731536,0.002645871531521682
1454,0.14438159730370317,0.1425661914460285,0.3092105263157895,-0.10690481493029269,0.08445993898762127,0.14291191886871657,0.14091953026823245,0.311137162954279,-0.09714890205336069,0.08252020976208518,0.15485424477306628,0.15556614811283961,0.40898058252427183,0.4328796044719611,0.11377140284016651,0.16228030147253653,0.15976946743510856,0.2617777777777778,-0.13396107077635744,0.031871724428643056,-0.0014696784349866043,-0.0016466611777960494,0.0019266366384895206
1455,0.1460273571332451,0.1444116881990809,0.3110236220472441,-0.09330160692980805,0.08324769280004929,0.14461906717628917,0.1424174109078297,0.3160562082469477,-0.09528410294063927,0.07833718551595126,0.1579355748095982,0.15741784444637127,0.41000939849624063,0.3847987013961447,0.09648471243544376,0.1639127311623141,0.16140639902887366,0.26432491767288696,-0.12631814612143055,0.032648117742170246,-0.0014082899569559382,-0.0019942772912512063,0.0050325861997035926
1456,0.15002664741999755,0.14839804979975624,0.31511548136290873,-0.10969570504666726,0.06639515444160671,0.1486169970563637,0.1469615183701898,0.3165909090909091,-0.109166414960156,0.06060113643926868,0.1610229202021935,0.16102211387776424,0.40895242559175066,0.40057451546310796,0.08914203993226699,0.16868940108750674,0.16711648963956122,0.26371215445370777,-0.130049504015481,0.026695401462623947,-0.0014096503636338575,-0.0014365314295664289,0.0014754277280003558
1457,0.1495430648444535,0.14812554489973845,0.31171597633136094,-0.09461508697566756,0.0784630242019777,0.148021247246331,0.14655623365300785,0.3152045400803973,-0.08484143816458567,0.077590728213073,0.16030747251506966,0.1595030514385353,0.40782122905027934,0.44177838967754934,0.10201501590240458,0.16801393211524324,0.16560592850915432,0.26040723981900454,-0.11969627011643813,0.03593859474287364,-0.0015218175981225046,-0.001569311246730598,0.003488563749036333
1458,0.14956788196968654,0.14784349566958263,0.3171684670190761,-0.09368633639764712,0.07771946048313738,0.14798189106544157,0.14649432040736388,0.32043060009161706,-0.08899416829184081,0.074517411718944,0.15747165020769785,0.15815815815815815,0.4085394307046197,0.39355768882106157,0.09159500512797525,0.16739440780657358,0.16620968794881838,0.2677320490367776,-0.12032316397363352,0.031396488361140285,-0.001585990904244966,-0.0013491752622187547,0.0032621330725409736
1459,0.1499536077497158,0.14874880111605196,0.32532601235415237,-0.08207746253060366,0.083435627611538,0.1485484731138281,0.1465690121196268,0.3263397947548461,-0.0788352327384253,0.08046877820070852,0.16268745574912458,0.16309181271252943,0.4182070240295749,0.4285738429095793,0.092548093659086,0.16760038105975641,0.16601272996773914,0.2715807784300935,-0.12204826412859371,0.035118365778027405,-0.001405134635887706,-0.0021797889964251527,0.001013782400693719
1460,0.14683464725314554,0.14541755054331357,0.315237651444548,-0.10020653108048061,0.07539898181840776,0.14554677264925714,0.1439023334343478,0.3190896423594984,-0.10136232207494245,0.0723792246539885,0.16037739356673514,0.16087276505476428,0.42259615384615384,0.42686626769951785,0.10387097794007616,0.16538058790376536,0.1636867396857007,0.26916221033868093,-0.130916821809682,0.03312238151653668,-0.001287874603888406,-0.0015152171089657662,0.003851990914950365
1461,0.14843785071356996,0.1469233443420824,0.3141025641025641,-0.11489279011396525,0.06403135028128448,0.1468871423967887,0.14492438727620371,0.31732040546496254,-0.11037360935238782,0.06109636446162481,0.16042398824938797,0.15956892056318442,0.4197817506384955,0.4159908929540521,0.1095236304860111,0.16609738840350372,0.16387102381366245,0.2673728813559322,-0.1446571007823806,0.022941548806047596,-0.0015507083167812519,-0.001998957065878687,0.0032178413623984436
1462,0.14873853497238138,0.14665679958209996,0.31501154734411085,-0.09625501945270487,0.06302336052295265,0.14737032066296374,0.14530733066341633,0.3188640036942969,-0.0906052514861152,0.06280663644962758,0.1577816429646781,0.15941145742643217,0.4164631167562286,0.41349187213307015,0.1141702418276872,0.16684302426617717,0.16406930175866272,0.2710135284985584,-0.13240192532661788,0.02422975139775141,-0.0013682143094176369,-0.0013494689186836217,0.003852456350186051
1463,0.14648857612561544,0.1454458543368677,0.31551410373066424,-0.09299711405963451,0.07968493539652022,0.1447650417437216,0.14383799756648705,0.318656377666818,-0.08623023859888879,0.07757015473313056,0.15716539535493526,0.15630975143403442,0.40802598005103224,0.4304680384222887,0.09766057103533177,0.16385869846693213,0.16165478880584044,0.2622629169391759,-0.11984086799161031,0.03929262472577877,-0.0017235343818938487,-0.0016078567703806668,0.003142273936153739
1464,0.1471190959958197,0.14461071351116894,0.32235023041474653,-0.08519171163693284,0.07679694444821605,0.14562695402853404,0.143699848189113,0.3268437929454879,-0.09035835826462313,0.07123751464713368,0.15789160539334646,0.15927130774235523,0.42323066071008697,0.4622630466805114,0.09539965185953025,0.16528215551303826,0.16378225981348948,0.2751869775626925,-0.11129177757236253,0.03274915448579396,-0.0014921419672856706,-0.0009108653220559482,0.004493562530741346
1465,0.14390783514123007,0.1405781351880026,0.2982616651418115,-0.09102319236016376,0.08139903791063885,0.1425943969473266,0.13905672679852207,0.3015293312029217,-0.0931826154745663,0.07949063150774083,0.15643353090585468,0.15770484677244076,0.41147191277553924,0.39869810953030604,0.11384194675990544,0.1615212509257733,0.15848728537274506,0.25561613958560525,-0.11446891444162932,0.03623341970871874,-0.0013134381939034767,-0.001521408389480533,0.003267666061110175
1466,0.14582530646162942,0.1432842287694974,0.3057354301572618,-0.09588578581148044,0.08756232246201712,0.1443427379056795,0.14111785095320623,0.30866467478740517,-0.09296342810896707,0.08182401492203073,0.15516162259548347,0.15389948006932408,0.39981295300444236,0.47492562129023735,0.09755122817977158,0.16412528299448936,0.16221837088388216,0.26081229418221735,-0.1139212563614651,0.03846791350879886,-0.0014825685559499147,-0.0021663778162911707,0.0029292446301433794
1467,0.1464272046539281,0.14430743758441897,0.30462184873949577,-0.08266924403982456,0.08017534203101206,0.14524215636002347,0.14304387608383076,0.3105532310553231,-0.09071591389356559,0.07629546682967481,0.1605189323253059,0.16099516360942878,0.41588896865278774,0.40119792424462875,0.10280794737214605,0.1648882147499627,0.1616487299028365,0.2583370386838595,-0.11810535359204066,0.0340479368595582,-0.0011850482939046447,-0.0012635615005882062,0.005931382315827349
1468,0.14590750079723797,0.14396836433165305,0.313743425565973,-0.09801754957056552,0.068157891256588,0.1448268774166645,0.1424908743264384,0.31630558722919044,-0.09625051068626211,0.06558751195087131,0.16039985616791466,0.1606553102729011,0.42653799758745475,0.44502711110614857,0.11699509806520547,0.16426731884588683,0.16226316704328175,0.26831421006178285,-0.1221701825644338,0.03410036545584161,-0.0010806233805734644,-0.00147749000521466,0.0025621616632174327
1469,0.14798384851772248,0.14529023288147375,0.3246217331499312,-0.09368889272758674,0.06529329195501776,0.14669277030181274,0.14363920750782064,0.32848043676069155,-0.09286051916644411,0.05798113145939654,0.16003262779008617,0.15988877302745916,0.4267515923566879,0.40440977402283323,0.09174610786564752,0.16608923634809017,0.1640597844977407,0.2778021978021978,-0.11945107492265894,0.024861345685112113,-0.0012910782159097356,-0.0016510253736531089,0.00385870361076035
1470,0.14579716231057382,0.1440927175229199,0.3230457310205001,-0.09293139904001113,0.0792207246961032,0.14450667169324147,0.14240615810413423,0.32451222247140615,-0.09428608480129619,0.07502508244667083,0.15851589512350833,0.15827711468604047,0.4183603562457182,0.4079630720732444,0.09180765144440017,0.1626781582786279,0.1596177131984086,0.2695708432175976,-0.11449399622210865,0.037683866426722945,-0.0012904906173323571,-0.001686559418785677,0.001466491450906049
1471,0.14574438517681754,0.14429239563485188,0.3125145112607383,-0.07736018566820269,0.08459344034304195,0.14430921536339458,0.14256019400658237,0.315058986814712,-0.07528182472949108,0.0811758434678237,0.15725966738954508,0.15637450199203187,0.4048745858968292,0.4287380343853528,0.10189502452383425,0.1640738714508524,0.16196085224320111,0.26446644664466445,-0.10458648287896044,0.03375668682417088,-0.001435169813422954,-0.0017322016282695085,0.0025444755539736907
1472,0.14519592985487642,0.14345222598281698,0.31486204498029213,-0.11284037344558773,0.07220829948694185,0.14387855574666883,0.1421070901674911,0.3174896169820028,-0.11282993781037098,0.06768071877536608,0.15605709459475314,0.1559055801440597,0.4109621828626137,0.4282696102665629,0.10131417548992883,0.16365847268095013,0.16158986375075934,0.2692052247066637,-0.134647247375982,0.02822608686020589,-0.0013173741082075918,-0.0013451358153258874,0.002627572001710654
1473,0.1494874561844682,0.1470078808348489,0.3089393237610005,-0.11419164375398894,0.07661939165107723,0.14815566910789663,0.1452325279293323,0.31121861322275973,-0.11244884347691941,0.07168477353512381,0.16208013803913707,0.16233653762882133,0.41877866280473086,0.4355084497115876,0.1141653990550705,0.16796970446440426,0.16454490343812245,0.2609658839167036,-0.14517737286110532,0.034567863358604733,-0.0013317870765715834,-0.0017753529055165862,0.0022792894617592596
1474,0.14682829198982897,0.1443218350855852,0.30196886446886445,-0.093342144542925,0.07776636719278929,0.14552035487800638,0.14245373186202104,0.30211893369788106,-0.09245476013707055,0.07329847542740497,0.1599745461457432,0.1602658788774003,0.40774223458507186,0.4315368308325463,0.08925523173234884,0.16524490635174727,0.1628725345381875,0.2559601213697443,-0.12330447203029626,0.02542820651257338,-0.001307937111822588,-0.0018681032235641493,0.0001500692290166139
1475,0.14276973002642654,0.14042995839112343,0.3036686390532544,-0.09441292152265923,0.08064197695559128,0.14130955170757484,0.13925970873786409,0.3094900849858357,-0.0935799252594085,0.07825097494343103,0.15538881283087244,0.15529646324549237,0.4166871165644172,0.4174091665596028,0.11324654984868754,0.16100684585453293,0.15802704576976423,0.2582885304659498,-0.1270914398863353,0.028692024145924755,-0.0014601783188517015,-0.0011702496532593476,0.005821445932581271
1476,0.149593692797013,0.14923558026407227,0.3053227633069083,-0.09977830190699322,0.0617342631563782,0.14815855118075816,0.1471942321056289,0.3067693004301562,-0.09461368126450798,0.06130679467105826,0.1599268301342823,0.1600069492703266,0.4003826835685243,0.4254263177795157,0.1117480759388162,0.16839678946392717,0.16821577484364142,0.2587624405019472,-0.11768379370086202,0.01749127492576008,-0.0014351416162548536,-0.002041348158443368,0.0014465371232479374
1477,0.14690851496381657,0.1449243966899181,0.31744562702452567,-0.10455955880673229,0.07527701760673611,0.1455788113505262,0.14366795199514754,0.3195402298850575,-0.10476671303717322,0.06926650854573324,0.1593534823841037,0.15987175598977513,0.41602687140115163,0.4547800041356677,0.10833481744225237,0.16516686490766244,0.16286122784974655,0.2701931518876207,-0.13757584900600084,0.025046334739782683,-0.0013297036132903783,-0.0012564446947705699,0.0020946028605318134
1478,0.14460684471976354,0.14179136846671003,0.3090659340659341,-0.08891360245182955,0.07242876115027885,0.14323782131469462,0.1410973758403817,0.3126715462031107,-0.08821063888374014,0.07157454556718013,0.1572764252958763,0.15688570808935154,0.4132762312633833,0.46071885957585734,0.10766515395309983,0.16273356504293057,0.16044242029928432,0.2635046113306983,-0.1121442753396018,0.03270773653618986,-0.0013690234050689198,-0.0006939926263283269,0.003605612137176639
1479,0.147539548802016,0.14624798571490788,0.31774831356129335,-0.09421031822717207,0.08112871004480782,0.14606795506277845,0.1448978703018161,0.32305194805194803,-0.0887668549185403,0.07833618887581395,0.15615721730688809,0.15626497103784678,0.405078310393925,0.40596674304539476,0.09938750230361326,0.16594624330075752,0.1637994860851008,0.2701200533570476,-0.12825480522109733,0.03838165522713355,-0.0014715937392375533,-0.001350115413091768,0.005303634490654685
1480,0.14859236653746416,0.14598160041659433,0.3177083333333333,-0.09356127121853797,0.07662202030807908,0.14711099438558464,0.14385523346641207,0.32058545797922566,-0.09178459525531113,0.0740039558328599,0.15943905868522049,0.15973789272695713,0.4157680325904625,0.41353165995248425,0.08774879432776028,0.16727237489101937,0.1661169935775039,0.2734056987788331,-0.1193127431739146,0.033423956466963944,-0.0014813721518795175,-0.002126366950182257,0.0028771246458923483
1481,0.15054527382175953,0.14865627577823123,0.3131584846446985,-0.08324227115087157,0.07612027727105619,0.14903159570791982,0.1468328051057179,0.31553072625698325,-0.08028260726610448,0.07318349237323907,0.16169158325762784,0.1622888898536882,0.41208917490232133,0.46011211941868874,0.09919501575390488,0.16847624688335466,0.16619632700907394,0.2673456397199236,-0.11645030463659478,0.023258149110348514,-0.001513678113839706,-0.0018234706725133443,0.0023722416122847756
1482,0.1439074575951623,0.14195816335387554,0.29371935559187484,-0.09316066801514089,0.08143405428719352,0.14266754140443738,0.14095998611231664,0.29939703153988867,-0.09715276360011738,0.07519503566865038,0.1557904479158461,0.15545525562017187,0.39487422876127193,0.44348632053540943,0.09627861582786501,0.16219157328623723,0.15901397448138183,0.24456762749445676,-0.12840814277128032,0.032597598204114675,-0.0012399161907249157,-0.0009981772415589008,0.005677675948013827
1483,0.15083934929048337,0.15064102564102563,0.32366824005394473,-0.09390175111590726,0.07750706700783128,0.1494795874783328,0.1486053361053361,0.324032403240324,-0.08926184578407803,0.07855616103879826,0.16334343034213208,0.16350485100485102,0.4149954421148587,0.4022293618482366,0.090306014185627,0.16907475035986816,0.167489604989605,0.2736660929432014,-0.11152020895668802,0.035753124575350514,-0.001359761812150584,-0.0020356895356895277,0.0003641631863792738
1484,0.15190492910070477,0.1518058690744921,0.31833990261998607,-0.07111628709263618,0.07594145574221445,0.15020397459467727,0.149678763674249,0.3216670504259728,-0.07014346358117096,0.06949185519928569,0.15758834136978797,0.1565810036464664,0.4040066777963272,0.4468917332163197,0.10173985791392925,0.16967629853780314,0.16691265844764716,0.2651162790697674,-0.11299977801392269,0.032514145419827556,-0.0017009545060275022,-0.002127105400243079,0.003327147805986752
1485,0.1486564711973007,0.14682763712163982,0.31257078142695355,-0.12167087532682286,0.07994533836050799,0.14751776347843318,0.14513397316194032,0.31539678950938277,-0.11622191078491773,0.07825943190285267,0.16242911810920707,0.16207061275893517,0.41879350348027844,0.4198820883467468,0.10207286061723408,0.16654560176794994,0.16393798584270639,0.2650680492546986,-0.1484537563489049,0.03484734061822803,-0.0011387077188675099,-0.0016936639596994985,0.002826008082429221
1486,0.14740818194367,0.1442341090656478,0.30778032036613273,-0.0850526297356875,0.06894776231103128,0.14582231056901385,0.14288815560958668,0.3095292244712304,-0.08407327687430988,0.0631664282042056,0.15740530161279043,0.1570423758249392,0.4083694083694084,0.4324527368939117,0.11434194122388408,0.16523161802533354,0.16207884682181312,0.2574823943661972,-0.10468754533096358,0.03169027584482187,-0.001585871374656156,-0.0013459534560611164,0.0017489041050976484
1487,0.15108525395801403,0.14907101927417954,0.31085637221847606,-0.09511275832547661,0.07341987951603668,0.14989451367000278,0.1471609654453898,0.31297709923664124,-0.09332018451690749,0.07236681182360927,0.1640527958328983,0.16396075707588123,0.40811620936130966,0.4478846660959213,0.09700859582640986,0.16907028051190048,0.1682583781906581,0.2653367653367653,-0.11963204987880693,0.028559195818630423,-0.0011907402880112494,-0.0019100538287897262,0.0021207270181651805
1488,0.14978127792142817,0.14727098904919173,0.3260672116257947,-0.08905892318603148,0.08481775491096277,0.148478180039084,0.1456196766904224,0.3282976324689966,-0.09282197002758419,0.07829654855620127,0.16584577311777676,0.16608725882148445,0.4357076780758557,0.4374920299505214,0.10164667453615384,0.16747174769159748,0.16447940205110378,0.27653570653353593,-0.11732193910896993,0.04211437136204055,-0.001303097882344173,-0.0016513123587693357,0.002230420843201908
1489,0.1478540765643107,0.14524847428073234,0.3144595226953673,-0.09088340682395879,0.08457689266447899,0.14640374506416928,0.1433740191804708,0.31479758026989296,-0.09103999438829902,0.07941238101438641,0.16013866325888512,0.16041848299912817,0.4224281301971965,0.39549619091826266,0.09856411171681323,0.16573487212916257,0.1635135135135135,0.263533080864335,-0.11177814723545354,0.03831147579906591,-0.0014503315001414274,-0.0018744551002615462,0.000338057574525652
1490,0.15214358100666492,0.15080954038997216,0.32151135836810385,-0.07098663960674911,0.07483701851078761,0.1511100260855857,0.14893802228412256,0.3228419347373293,-0.06312407835057399,0.07332994391477066,0.16472910886094824,0.16547701949860724,0.4173954147955566,0.4112255586271384,0.09270661729213225,0.17055096179067475,0.16800139275766016,0.2708838439497465,-0.10139082654391507,0.026825927809102756,-0.001033554921079205,-0.0018715181058495955,0.0013305763692254557
1491,0.1497109525168403,0.14730829150077895,0.3204571428571429,-0.09669653008191104,0.07650341334257382,0.1483108870178272,0.14605331486930934,0.32189913675602,-0.09259812927687239,0.07076623222078493,0.16030272068788934,0.16111303444694478,0.4155844155844156,0.4126257597643632,0.1062517598999978,0.16754621908078055,0.1654405400727021,0.2757715036112935,-0.12222989820142871,0.03528070454157206,-0.0014000654990131145,-0.0012549766314696176,0.0014419938988771142
1492,0.15021846926143403,0.14833970792767734,0.3215277777777778,-0.12340827336793325,0.07413440486779721,0.14880224300075762,0.14686196105702365,0.3256510716755013,-0.12264953709137971,0.07004734982274019,0.1617392766404882,0.16116133518776077,0.4236686390532544,0.41015583327266214,0.09456968009308264,0.16862890069035658,0.16707232267037553,0.2757393818100956,-0.14865919197892508,0.03606026050068645,-0.0014162262606764175,-0.00147774687065369,0.004123293897723479
1493,0.15039097079460784,0.1477485316510768,0.31961655365910685,-0.10600333077797452,0.07578077780518144,0.14878349624102807,0.14648683924298456,0.32195914577530177,-0.10335104461303934,0.06907028482942124,0.16034539937535203,0.1597128562105721,0.4141010575793184,0.3985830976235164,0.08054306314281778,0.16841661613964998,0.1662388514248423,0.26972804279982165,-0.13077709341158028,0.030539067097636763,-0.001607474553579763,-0.0012616924080922354,0.0023425921161949192
1494,0.1472371054945295,0.1439885743962607,0.32181818181818184,-0.10314151174459973,0.07634449580581082,0.14588339419741456,0.14329611356357655,0.3272274988692899,-0.09419078370931444,0.07168828003261596,0.15990825581752718,0.15822730026832857,0.41711229946524064,0.42333788025145896,0.09729746678518791,0.16518061801934458,0.16272829568077557,0.27728549816295656,-0.13520464919105168,0.028300814873299718,-0.0013537112971149512,-0.0006924608326841497,0.005409317051108087
1495,0.15107671548828067,0.15091629303965526,0.32665424044734387,-0.0710097878281648,0.07808926313108167,0.1496040615717597,0.14926217733861488,0.33054587688734033,-0.061690210466069595,0.07528710792431481,0.16202195885767323,0.1611892221303269,0.4251837799383448,0.42517869709268585,0.09425554317012086,0.16915677924115746,0.16802333173725678,0.2758082497212932,-0.09667408372260478,0.03648803583062099,-0.0014726539165209607,-0.0016541157010403762,0.00389163643999646
1496,0.14828136587774904,0.14571775312066573,0.3106508875739645,-0.10588334884091499,0.07442402704578577,0.14689556414190966,0.14389736477115117,0.31564687288326937,-0.10479212727029574,0.06699511279172132,0.1599116526395159,0.15911061026352288,0.40741593735605713,0.3803895959777032,0.08546127108039558,0.16583460451606044,0.16305478502080445,0.2627118644067797,-0.1313655777214383,0.03027505090734639,-0.0013858017358393815,-0.0018203883495145623,0.004995985309304896
1497,0.148122068040497,0.14587599668859744,0.3148487626031164,-0.08439901869026356,0.08396084024004957,0.14694682261257355,0.1446995773604636,0.3177035681610247,-0.08677784395473498,0.08226448396324981,0.16199227597554683,0.16269443597228878,0.4188074475606882,0.41539252389460846,0.10961822892664697,0.16614756380499066,0.16317371792078778,0.2699802934092402,-0.10349697949459713,0.04091579971625403,-0.0011752454279234381,-0.0011764193281338375,0.002854805557908291
1498,0.14504744860593533,0.1440044906947623,0.2988245931283906,-0.09334285921745988,0.07777319564126184,0.14385835037395717,0.14301135627617773,0.30243572395128554,-0.08831021880143286,0.07566870679978532,0.15751802625658687,0.15769247376829743,0.40308267164876227,0.42658153880198607,0.10765693719022962,0.1631167014059806,0.16110367459734876,0.25400898011545864,-0.1280924546699307,0.024529627951903832,-0.0011890982319781584,-0.0009931344185845625,0.003611130822894937
1499,0.14705176318678811,0.14471516517818434,0.3110953394842678,-0.08921007508433021,0.09345717126702657,0.1457288298036835,0.14337119569929765,0.314601457794498,-0.08612824865136348,0.08786504400304107,0.1576586536756042,0.15828492152952398,0.4056649063850216,0.4274039295099496,0.10657716215560786,0.16453001185957564,0.16296713777854852,0.2609778180172024,-0.11713362221889034,0.05237654405851788,-0.001322933383104602,-0.0013439694788866807,0.0035061183102301774
1500,0.14673328821880896,0.1454521750467168,0.3176744186046512,-0.08614968927626743,0.08120963518938729,0.14530657033208194,0.143322758680631,0.3212471131639723,-0.08247287119506475,0.07477054723621557,0.15912189851800942,0.15809830081265483,0.4094469499169238,0.41658434850703346,0.09988299025358538,0.1647012620397703,0.1623571335448264,0.2678729037952339,-0.11234302312124511,0.03141402168485907,-0.0014267178867270192,-0.0021294163660857957,0.0035726945593211323
1501,0.1482457424970058,0.1463467640283392,0.3083526682134571,-0.10321588125090075,0.07093402330051413,0.1468844121523715,0.14478202286260702,0.3107266435986159,-0.0962725176538406,0.06553338888192906,0.1608888318942718,0.16090754987612466,0.412210127780407,0.4444339962530624,0.08908015494696009,0.16650853468590715,0.16477593775807364,0.2649687220732797,-0.12996541288370078,0.03507381076110905,-0.001361330344634315,-0.0015647411657321864,0.002373975385158822
1502,0.15028146220646557,0.14899825783972126,0.3241053342336259,-0.10579806872499586,0.07458916115559311,0.14891159719636096,0.14668989547038327,0.3279605999552272,-0.099491911869664,0.06952941025753134,0.16071535971028802,0.16145470383275262,0.41957073621047775,0.4321823870497325,0.09777968610504262,0.16790503504172696,0.16550522648083624,0.27743447688046025,-0.13852635152600046,0.02188342263411691,-0.0013698650101046095,-0.002308362369337985,0.0038552657216012753
1503,0.15360200520530348,0.15175029425868608,0.32866329811667433,-0.1137619461999223,0.08545685367533418,0.15205884397751096,0.15035529011726753,0.3302919708029197,-0.10641473197636508,0.07909148723587967,0.16316467733686607,0.16221282531932515,0.4185082872928177,0.3712702612878428,0.08757864248848579,0.17137196486829911,0.16888268887048258,0.2785949506037322,-0.13844462823755654,0.04280889853098868,-0.0015431612277925222,-0.0013950041414185488,0.0016286726862453915
1504,0.1475653003689143,0.14510534986560306,0.31550068587105623,-0.08682870934200371,0.07789183695578361,0.14605435012451914,0.14332784184514002,0.3184611882540405,-0.08687573761838174,0.07385618625111401,0.1569747145982256,0.15702765975895258,0.4130028063610851,0.4023087464844654,0.09870729848513204,0.16496436107291557,0.16292378392439089,0.26666666666666666,-0.12216274761831025,0.028826820493748073,-0.001510950244395154,-0.0017775080204630311,0.002960502382984287
1505,0.14670439952736222,0.14585688201025998,0.30974663318876966,-0.08612190190599511,0.08221250933415913,0.1452092748449803,0.14359620902530215,0.3124150430448573,-0.0882192582614727,0.07522951400729916,0.15818326955799702,0.157290670376489,0.4051844932274638,0.421724308888007,0.10316149531473895,0.16438429852345787,0.16324667420224329,0.26360286147843054,-0.10711684660233611,0.0331199361271437,-0.0014951246823819153,-0.002260672984957829,0.002668409856087628
1506,0.14914129422234806,0.14624179454853714,0.3151029748283753,-0.08819570603634586,0.0741440713790793,0.14768067833830617,0.1447202538799287,0.3190857142857143,-0.08945857761202103,0.07307743125488819,0.15967067100357113,0.15906620875537975,0.4084606345475911,0.43116598799420747,0.09867679423547515,0.16745558822175913,0.16680432987001695,0.26989010989010986,-0.12124690219476697,0.03574502690819881,-0.0014606158840418937,-0.0015215406686084343,0.003982739457339013
1507,0.14925564590694348,0.1482671762355598,0.32875787578757876,-0.08477399626103399,0.07350672961589333,0.14796976797301065,0.14639972205333102,0.33153638814016173,-0.08294216392919329,0.07182039292705289,0.16358848609350204,0.16416225136801876,0.42128047391205287,0.45475485142312766,0.08510029435167143,0.16730233257185856,0.16459654303830454,0.2772255834053587,-0.11224608114333212,0.03472098577256322,-0.0012858779339328386,-0.0018674541822287782,0.0027785123525829736
1508,0.14675516820739712,0.14558285415577626,0.3182834152883326,-0.10495955375337052,0.05901844194527117,0.1453618278402573,0.14449381425335425,0.3229675699689027,-0.09907726135140471,0.05307413843999209,0.16033957993896933,0.16035023523261893,0.4207445563099977,0.45889887045940786,0.10211464235854484,0.1653571823716698,0.16461927165011325,0.27440860215053764,-0.13363833996641283,0.021654248483516714,-0.0013933403671398115,-0.001089039902422012,0.004684154680570096
1509,0.15053209441194101,0.14873224710290145,0.3162568306010929,-0.1150957292541025,0.07012793400693762,0.1488573302947721,0.1471638930033981,0.32108843537414966,-0.1101307154561616,0.06628785276472104,0.16006106232735412,0.1599285527576893,0.417308140891066,0.4236110553603536,0.09252840791986705,0.16886778484484327,0.16676831924719004,0.2740112994350282,-0.12962482267542375,0.02532698618107876,-0.0016747641171689087,-0.001568354099503344,0.004831604773056775
1510,0.14920816651788785,0.14784456587735276,0.32217090069284066,-0.10187020680052061,0.08293767514221606,0.14766600227776425,0.1465868678983433,0.3281428898557362,-0.09623200160997203,0.07505139664312033,0.16029599067871608,0.16128892358400554,0.4161998132586368,0.4128741207147103,0.09274223760055156,0.16710839034455088,0.16527886200017347,0.27278746413595234,-0.1313580562004627,0.04009600005253322,-0.0015421642401236002,-0.001257697979009459,0.005971989162895541
1511,0.14951806039292365,0.1469977504758609,0.3302556818181818,-0.10324083376952231,0.08420451207107449,0.14831243542121833,0.14578646824710156,0.33349034385303816,-0.09673235358248133,0.07943789637631571,0.1620742629499873,0.16235507873334487,0.43292240754169686,0.4318835060682702,0.10305431050034797,0.1673292375355243,0.1649074234296591,0.27972027972027974,-0.1186230636412553,0.03892166297086597,-0.0012056249717053158,-0.001211282228759325,0.0032346620348563393
1512,0.14780045783478193,0.14672302597176223,0.3164824829532095,-0.0948203772235694,0.0834726346382243,0.1465403749890115,0.14463134042182324,0.31964327622623795,-0.09317031364422768,0.08174352775809535,0.15869783178914235,0.1593167160536866,0.41540676745860333,0.430928513775722,0.10206053359961043,0.1657873663087069,0.16376154784730695,0.2683090705487122,-0.1287045137472138,0.03765130231480751,-0.0012600828457704216,-0.002091685549938993,0.0031607932730284283
1513,0.14794163760543752,0.14745762711864407,0.32382704691812325,-0.07090572517742955,0.07608413815204884,0.14636704682951382,0.14528465884398087,0.3259479214253084,-0.0761036645351697,0.06967108042360415,0.15829419571281977,0.1581051716644937,0.41680434269530325,0.4093412561778277,0.09981245174729425,0.16558641162887067,0.1638418079096045,0.2730263157894737,-0.0981506043145246,0.030765196871039624,-0.001574590775923701,-0.002172968274663206,0.002120874507185122
1514,0.1483199369181604,0.14686618954673605,0.31875,-0.10386790359629294,0.07282127958279416,0.14675521635517824,0.14495770982433312,0.3209990749306198,-0.10347453697895703,0.0719604051531545,0.1596058937565894,0.15944480589893734,0.4128615825962228,0.41431435608232153,0.10230622879795381,0.16640338830418294,0.16430275428323574,0.2675060746631323,-0.124879739243686,0.028271027848939867,-0.0015647205629821526,-0.0019084797224029337,0.002249074930619821
1515,0.1481155435270324,0.14491876944348428,0.3170446574701894,-0.11135133345473203,0.07155177553356018,0.14682283054366702,0.14370895264431385,0.32216794603396137,-0.09940509603793657,0.06678224616011685,0.16009299850199224,0.16051676460421707,0.42548490056469435,0.48268999528952844,0.11577832063276283,0.1668027661498827,0.1641462150017283,0.27128136200716846,-0.1309645029098072,0.03101077585929113,-0.0012927129833653905,-0.0012098167991704267,0.005123288563771977
1516,0.14741173285315048,0.14407772043197295,0.3087557603686636,-0.09352590278723405,0.06947726047915848,0.14588341461470064,0.14303682178947824,0.31214005989403365,-0.08874734972959997,0.06926221296870794,0.15738434180960428,0.15665524569545042,0.41327880683184987,0.43508813089013537,0.10883095489160233,0.16564388842749087,0.163854794639372,0.26731149703231477,-0.12503000951007526,0.024532330795001167,-0.001528318238449844,-0.0010408986424947086,0.0033842995253700603
1517,0.14950883931034042,0.14769377492630484,0.32965770732827937,-0.09635457177400786,0.07008868274334201,0.14838915003539171,0.14617652158834749,0.33440440670185906,-0.09148504854944284,0.06923090309151392,0.16264398571746752,0.16225940697069532,0.4310836501901141,0.42792818777169034,0.10118319512211449,0.16773891801459262,0.1665510664123461,0.2837659480862297,-0.12039949760188273,0.028700814542631403,-0.0011196892749487097,-0.0015172533379573527,0.004746699373579688
1518,0.14749856156030544,0.14484101232965607,0.31214269380288134,-0.08697468732517233,0.08110435099792168,0.146387010876467,0.14324032013843824,0.3143118009586852,-0.0754775462019136,0.07941008330132404,0.15979703416037308,0.15929050400173048,0.40297121634168986,0.3862526787153545,0.09487027603277698,0.16544993019146725,0.16309755569976206,0.26204490952692394,-0.11503956438873131,0.03578269011393642,-0.001111550683838447,-0.001600692191217834,0.0021691071558038733
1519,0.14891974652890697,0.14779095529779748,0.3211410167931907,-0.08496072799670851,0.07999983674982591,0.14765657826084502,0.14657456883444112,0.324243813015582,-0.0867624420598172,0.07637664579451953,0.1606208800854632,0.16082366740518703,0.4226078799249531,0.42470366714941293,0.0976895337669097,0.16651464419771353,0.1639949606846518,0.2708699472759227,-0.11863630369133737,0.036308416406426125,-0.0012631682680619427,-0.001216386463356367,0.0031027962223913463
1520,0.14567576414713757,0.14418402777777778,0.31703322414599905,-0.060395771371794416,0.07755210905699295,0.14443683676643643,0.141796875,0.319674039580908,-0.06080310274598033,0.07301310601854016,0.15899352556997537,0.15889756944444444,0.4191211974891357,0.404666963417686,0.10608298529869598,0.1643743778917725,0.16245659722222222,0.26962533452274756,-0.09664878040498392,0.032162078672465344,-0.001238927380701138,-0.00238715277777779,0.0026408154349089608
1521,0.14876512270661107,0.14746923210261745,0.33102333102333104,-0.09301533788560667,0.0770077233741121,0.14756349896425916,0.14543248396602532,0.3338717120443009,-0.08838015484917572,0.07593709345913269,0.1614758229472491,0.16159646385855433,0.4235766595794945,0.4385410935993306,0.09756381774171763,0.16676576249748679,0.16519327439764256,0.27989429641048225,-0.12177908078059274,0.03161301497898328,-0.001201623742351915,-0.0020367481365921314,0.002848381020969848
1522,0.1482290156205221,0.14615451238524163,0.3176201372997712,-0.11450897385122139,0.07761523941701298,0.14674553336004667,0.14437900571626539,0.3233356055441945,-0.10873761144866356,0.07102687024415599,0.1614573774427941,0.16096483630694614,0.4303086997193639,0.44992115278730327,0.0975928749734184,0.16580200016310215,0.16338991858652346,0.2719125683060109,-0.1409695792239406,0.03404699166102265,-0.0014834822604754272,-0.0017755066689762455,0.005715468244423316
1523,0.147147421066501,0.14618055555555556,0.3205422794117647,-0.06073340800227356,0.0870257859827549,0.14579019256583967,0.14466145833333333,0.32431192660550456,-0.05672829598328866,0.08533199606989694,0.1586469741634583,0.16067708333333333,0.4225517890772128,0.42352122050046587,0.10904505484990856,0.16477620704167487,0.1625434027777778,0.2719317436009626,-0.09407440995740135,0.0406582871182678,-0.0013572285006613338,-0.0015190972222222376,0.0037696471937398446
1524,0.14576528527206944,0.14461805555555557,0.31102003642987247,-0.08683474840354122,0.08098255510918362,0.14482140583469805,0.14292534722222222,0.3128402903811252,-0.08510993502275455,0.07760123756809034,0.16064965618162028,0.16072048611111112,0.41562064156206413,0.4030755965250945,0.10000246627783327,0.16395774979864497,0.16223958333333333,0.26424870466321243,-0.11960279859629142,0.0302627919927847,-0.0009438794373713977,-0.0016927083333333481,0.0018202539512527371
1525,0.14882385068393655,0.14695682330501128,0.3182980702162288,-0.09758601750408968,0.08737236212794697,0.14737033341311107,0.1453528697763135,0.3219003476245655,-0.08515127512775877,0.08438454319831523,0.16126095943639943,0.16130570487255072,0.41989081414668883,0.42249807903334086,0.10615293825706118,0.1672533466163513,0.16633431593549505,0.26967541129390843,-0.12724662356745708,0.04532948147527105,-0.0014535172708254884,-0.0016039535286977713,0.003602277408336685
1526,0.15297332432301106,0.15043633048235142,0.32471395881006865,-0.09926275507700055,0.0864037351443423,0.1513969837445544,0.1487431077150176,0.32763727500569606,-0.0992565086823668,0.08239061057611885,0.16638496761027516,0.16515434376763774,0.43273389483268837,0.4218784109269398,0.08154574224596645,0.17094864076405072,0.16914861285980984,0.27549234135667394,-0.12976041182723197,0.04416031863672665,-0.001576340578456653,-0.0016932227673338296,0.0029233161956274123
1527,0.14570559994493976,0.14361241116311318,0.3133128399148735,-0.08499077544951994,0.09347920247589714,0.1443275584022108,0.1421823539608251,0.3167687235044748,-0.08495684711771978,0.08982463388881246,0.1591861711933791,0.1591697001213382,0.4247234247234247,0.45334276226524406,0.10874240069254537,0.16408306381353938,0.16220315479285838,0.266786840919333,-0.11179400542670737,0.04854950631703148,-0.0013780415427289694,-0.0014300572022880875,0.003455883589601305
1528,0.14811476697544643,0.1458803122289679,0.3072638663262938,-0.11516688833774913,0.0784357678340204,0.14667214686447264,0.1451431049436253,0.3127885503231764,-0.11807671818608378,0.07349865053740723,0.1587369522978584,0.15858629661751952,0.4139633286318759,0.40577026879235717,0.090241917891139,0.1663785835197464,0.16461405030355594,0.2627963660536229,-0.1336507286922347,0.034645683985798814,-0.0014426201109737913,-0.0007372072853426004,0.005524683996882551
1529,0.14293901777823464,0.14049982584465343,0.3119849305392041,-0.08874372351571524,0.08150350673589113,0.14186429679448964,0.13936781609195403,0.31705607476635517,-0.08079281319900489,0.07435407632046209,0.15796645971818138,0.15839428770463254,0.4282238442822384,0.4544376520961038,0.11118447543024812,0.16068007436835413,0.15800243817485196,0.26846686007587595,-0.11997440225808087,0.030807545608303344,-0.0010747209837450034,-0.0011320097526993922,0.005071144227151048
1530,0.15177407672529708,0.15065217391304347,0.3139995341253203,-0.10257512248117517,0.07556408938861514,0.15035986721634237,0.14991304347826087,0.3169767441860465,-0.10203151770994068,0.07405297383654308,0.16196285671032762,0.1622173913043478,0.4152912621359223,0.44137681616504965,0.11291023088982466,0.17023591915064348,0.16878260869565218,0.2641340782122905,-0.12754411995902826,0.03627508503474153,-0.0014142095089547113,-0.0007391304347826033,0.0029772100607262098
1531,0.15327585319248105,0.1502103117817961,0.3388543823326432,-0.09459335879950925,0.07398406907468602,0.15188200407765728,0.1489961406703959,0.3405231757687012,-0.0910717261122852,0.07162978277119203,0.16518061838130205,0.16586444646806298,0.428706774040739,0.4254589685346254,0.10073732252348089,0.17141480858111796,0.16933350678634926,0.289021164021164,-0.12246634411577106,0.03353314986010836,-0.0013938491148237642,-0.0012141711114002085,0.0016687934360580248
1532,0.15118308480022835,0.1502514305531472,0.32552800734618914,-0.09089972779588085,0.07434376930907405,0.14986449988928793,0.14830067626148777,0.32687485753362205,-0.08322062087387694,0.06772119215797834,0.16322541330554816,0.1629963585919889,0.4252577319587629,0.4463479045365471,0.09314334315734574,0.1697435685397207,0.16867522108548638,0.2768249780123131,-0.12273073817013325,0.033326517276481504,-0.001318584910940418,-0.0019507542916594456,0.001346850187432913
1533,0.14821882847136383,0.14744785116440434,0.32508670520231214,-0.09410464533711838,0.0684745707496478,0.14670861271773888,0.14519276638188994,0.32643202208419597,-0.086298290654099,0.0637277790472841,0.1586016634223953,0.15915694522746,0.413678461173118,0.4428145502188629,0.0930715822982594,0.1664151938457499,0.16470792315364932,0.2762199160962685,-0.11879789247188466,0.024458865873184688,-0.0015102157536249494,-0.002255084782514405,0.001345316881883829
1534,0.15336120443911214,0.1521767494454834,0.33041877588587204,-0.0927786531386181,0.07635588562434625,0.15180562820037435,0.14982820858522158,0.3327996340347667,-0.09303027015933074,0.0707961561971705,0.16374181539285826,0.1632235897881964,0.4250236518448439,0.46207216246724586,0.1015885037938361,0.17152183241827038,0.1692254164310877,0.2792594225258982,-0.11928010413524015,0.03551325790932425,-0.0015555762387377825,-0.0023485408602618163,0.00238085814889466
1535,0.14973016903047326,0.14738716823769601,0.31122568549332086,-0.10459789715837176,0.0903474121446608,0.14808242680898015,0.1464315190478259,0.31505250875145857,-0.10090487634987866,0.08649078648074104,0.15754201588284422,0.1569436601363972,0.4118764845605701,0.4272734720019065,0.10256006008040641,0.16799536155817668,0.16619608183832152,0.26666666666666666,-0.12546201706402527,0.040425535495033915,-0.0016477422214931092,-0.0009556491898701225,0.0038268232581377126
1536,0.14655964367972674,0.1443195678689667,0.3136342484876687,-0.08981823086261509,0.08234312983550918,0.14537020913490692,0.14331765115873846,0.31806615776081426,-0.08860116641796412,0.07697665891296557,0.15920944716130303,0.15865133298484058,0.4166076904930408,0.40990340345518295,0.09500800121271213,0.16438025547670765,0.16209269907649415,0.2663998221036246,-0.12808679047437022,0.03962602129206205,-0.0011894345448198174,-0.0010019167102282567,0.004431909273145573
1537,0.14960023485634888,0.14736383442265796,0.31617478837794555,-0.11145890038105599,0.07202544672552924,0.14827228256811759,0.14588235294117646,0.3206472196900638,-0.10374355060705831,0.06839123069968245,0.1610699123761078,0.16178649237472767,0.41880141010575794,0.40524738304741004,0.09682362666660116,0.16726298472116838,0.16501089324618737,0.27161304442985335,-0.12655732090335559,0.02969751889507899,-0.0013279522882312933,-0.0014814814814815003,0.004472431312118275
1538,0.14935216838088816,0.14709206294010257,0.31115683584819387,-0.11256970345180639,0.07585725121950493,0.14809095800301286,0.14544031991654352,0.313258529883215,-0.10553727268295066,0.07734749623535575,0.16214404244555156,0.1623489524471877,0.41379310344827586,0.4255295176978207,0.0994882793279972,0.16758763882130204,0.165304703120925,0.2654577233996067,-0.14195050826385847,0.03264014575982965,-0.0012612103778752992,-0.0016517430235590547,0.00210169403502114
1539,0.14801741824031817,0.14679576241750608,0.31828650391524643,-0.10321252872104991,0.08102691935089723,0.146551331804827,0.14544980896144494,0.32101033295063147,-0.10598652856008017,0.07825666609606086,0.1579626890769044,0.15799756860020842,0.41240530303030304,0.4536448052470681,0.10617229504864356,0.16542980991356995,0.16312087530392497,0.27071459886014904,-0.1322189133996401,0.034145710422895936,-0.0014660864354911762,-0.0013459534560611441,0.002723829035385039
1540,0.14814779077719922,0.14589864158829677,0.3081761006289308,-0.12021605590879758,0.06784039726251201,0.14689658443434617,0.1443312434691745,0.31053811659192826,-0.11226640438386959,0.06614773966081855,0.16235273788016036,0.16218216649251133,0.41045995797338314,0.444665741765125,0.1035977890982881,0.16644050948552958,0.16475095785440613,0.2628288055196205,-0.14106370346522812,0.028486108023137224,-0.0012512063428530562,-0.0015673981191222652,0.0023620159629974546
1541,0.14614787419580336,0.14344137480965846,0.3107396381955576,-0.09216846803070833,0.06992489058151807,0.14460483141955532,0.14187513595823362,0.31413612565445026,-0.09246329297339673,0.06435621507450429,0.1573781924167294,0.15662388514248424,0.41616694650995445,0.44644763501321394,0.11233249636570042,0.16395998632033454,0.16127909506199695,0.26526592252133946,-0.11785523272371135,0.026660565488564658,-0.0015430427762480325,-0.0015662388514248449,0.0033964874588926497
1542,0.14844081463037562,0.14651122324691143,0.30846913013541427,-0.11940979704028032,0.07435794463058176,0.14717833950592568,0.14546720027840612,0.3140628584537738,-0.11554685537718279,0.07393035437968698,0.1588919366212125,0.1598225160953541,0.41502347417840374,0.4219250842302937,0.09509607179897284,0.16659274024057452,0.16504263093788063,0.26571428571428574,-0.13927626780684477,0.033095485419246895,-0.0012624751244499355,-0.0010440229685053093,0.0055937283183595254
1543,0.15070692571700203,0.14985427813302013,0.33250226654578424,-0.09525509711696212,0.07916429777961931,0.14933277687405366,0.14794031928313542,0.3346153846153846,-0.09269145692937608,0.07747579739734622,0.16156839621946584,0.16120753403801819,0.4297674418604651,0.41828952493297344,0.10280330313144337,0.1681387200956415,0.16577493583887945,0.28071690779529257,-0.1277032396928215,0.032941599814891864,-0.0013741488429483695,-0.0019139588498847115,0.0021131180696003504
1544,0.15256081883282066,0.151089462010177,0.32842686292548295,-0.10049704716063701,0.08251538937061675,0.1510532252353844,0.14939329361109904,0.3305084745762712,-0.09315968431313959,0.07868613618438347,0.16268056434115377,0.1632235897881964,0.42296983758700696,0.4077236968063488,0.09059936831933146,0.1700738357795541,0.16783368851389555,0.27119016249451033,-0.12667356315520784,0.038691714017057954,-0.0015075935974362686,-0.001696168399077963,0.00208161165078824
1545,0.14977248031776996,0.14879611986835267,0.3274077407740774,-0.0924955766931157,0.08183164838971013,0.14823233603248964,0.14663086783301577,0.3288620612564275,-0.09464055792452986,0.07576279776019301,0.16027295405586026,0.16040187077775853,0.42335933914639745,0.4134353824404037,0.09982892956689937,0.16714422788594493,0.16460245972631216,0.2765957446808511,-0.12973171962686503,0.028258346280868096,-0.0015401442852803204,-0.0021652520353369065,0.0014543204823500577
1546,0.1487671847780843,0.14706392575245034,0.3155586334256694,-0.08595028314759501,0.08058709047128665,0.14732359060316552,0.14498221875271056,0.318348623853211,-0.08487283207532303,0.07461005962248324,0.15866827335809497,0.15816636308439588,0.4178579798453246,0.4257655866447186,0.09446234065600911,0.16637110028635993,0.16458495966692688,0.26735500878734625,-0.11786725820725952,0.033624705230687724,-0.0014435941749187664,-0.0020817069997397797,0.0027899904275415777
1547,0.1460313217816077,0.14296251301631377,0.32013888888888886,-0.0749689948269896,0.08121381234740144,0.14473973262646936,0.14200798333911835,0.3238623238623239,-0.062397892492309426,0.07928950122078826,0.16014322291917932,0.16001388406803194,0.4296577946768061,0.4499794366066821,0.10516079525636557,0.16398807942617805,0.16088163832002778,0.2719259585720582,-0.10706753495704102,0.03460272061388214,-0.0012915891551383285,-0.0009545296771954204,0.0037234349734350247
1548,0.15351172838497634,0.1513661677688827,0.3221850613154961,-0.09181741727909098,0.06856418090002281,0.15231044438536012,0.14962582666202576,0.32465509568313305,-0.08757493910652348,0.06667149367942649,0.16756502894009723,0.1683344935607379,0.4204728023869635,0.4579619092983815,0.09548239914850554,0.17216789393348322,0.17020536025060912,0.2712516018795387,-0.12673934625880257,0.02713536062696742,-0.0012012839996162206,-0.0017403411068569463,0.0024700343676369307
1549,0.1484842911445602,0.14639336431146047,0.32059300440120453,-0.08579069479127921,0.08254365979658396,0.14736255134958018,0.14548139141008382,0.3235565819861432,-0.08048260761355597,0.07976483771038734,0.16082068745117853,0.16059408520432536,0.415706560075241,0.43197711216567536,0.0962240146824751,0.16660893927333845,0.16537108611629825,0.27406593406593405,-0.10182611435341449,0.03273861779013654,-0.001121739794980009,-0.0009119729013766509,0.002963577584938648
1550,0.1490274037920832,0.14559436913451512,0.31781329627055827,-0.07801443345548775,0.08079383856421041,0.14769625147498072,0.14468196037539102,0.3209420457169245,-0.08355396812185623,0.07779671683686817,0.16264144828113636,0.16362530413625304,0.4187380497131931,0.4441544892393361,0.10926649497396124,0.16738125650028893,0.16414668057003823,0.26972234464521816,-0.1061814885776391,0.033482131296879936,-0.0013311523171024853,-0.0009124087591241004,0.003128749446366208
1551,0.15121719668732164,0.1491304347826087,0.3230734154126767,-0.10101053662295267,0.07025663040871766,0.1498765523825539,0.14865217391304347,0.32932364956876986,-0.10105630714059755,0.06598830535350997,0.16189599300082846,0.16143478260869565,0.4287729196050776,0.44914168157208423,0.09842757577308803,0.16930541820147743,0.16891304347826086,0.28085477540340165,-0.1279404986209336,0.027573379856641322,-0.0013406443047677408,-0.0004782608695652335,0.00625023415609316
1552,0.15079483259496143,0.1480552070263488,0.31652532661013066,-0.09097589982945875,0.07649176056013118,0.14942567923071437,0.14619478215722753,0.3173734610123119,-0.08825883373724686,0.07159495816731865,0.16347891334451045,0.1630684030632112,0.41722933643771826,0.41207402088382256,0.09096926328670751,0.16956075958680616,0.1680439579457448,0.26925608953258723,-0.11264510965502794,0.03518829689901637,-0.001369153364247061,-0.0018604248691212744,0.0008481344021812331
1553,0.14996181610236098,0.14747002553780894,0.3068473942509932,-0.10024167862668787,0.078849149561534,0.14862781084813123,0.14526252001904513,0.3100162677201952,-0.0891746569459555,0.07367531789165205,0.16052672900649212,0.16123447171363026,0.41551179187940673,0.43620506218287475,0.11463481861155123,0.16836787042701812,0.16677487772150804,0.26083072800357304,-0.12914083025020306,0.03594946196542925,-0.0013340052542297476,-0.002207505518763808,0.0031688734692019715
1554,0.1479917487672626,0.14639022906072066,0.31115276476101217,-0.09991169537490674,0.09240099372598898,0.1463560158826334,0.145260138218803,0.31465116279069766,-0.09620955167852685,0.08555582828474417,0.15737794968326682,0.15656104663797973,0.4048238354220856,0.41876805811109385,0.10074353910750611,0.16590887185916425,0.16299387143043423,0.2589206066012489,-0.1249033205987472,0.04619612699758635,-0.001635732884629204,-0.0011300908419176747,0.00349839802968549
1555,0.149180989649442,0.14699244857217256,0.3143469971401335,-0.127001521379146,0.09036108360630735,0.14758260063861398,0.14586407429910597,0.3185693983893889,-0.1270281880674271,0.08472327261438051,0.15975126593228475,0.15918757052339208,0.41612200435729846,0.45369503845595827,0.10445561108612444,0.16770102073442186,0.16448224980470444,0.261703585293446,-0.14176740974055502,0.050679567778514234,-0.0015983890108280108,-0.0011283742730665847,0.004222401249255436
1556,0.14857752734157834,0.146370985172697,0.31039136302294196,-0.0925478962649251,0.07410262748693763,0.14715397382763173,0.1443824838974625,0.31364653243847873,-0.09281043960018487,0.0690541276022879,0.1611752267255727,0.16042017896511476,0.41606005459508644,0.4050894421487131,0.08462033557995785,0.16634366341191822,0.16357584403233477,0.2639845094664372,-0.12950087070273741,0.031611086791136445,-0.0014235535139466016,-0.0019885012752345055,0.003255169415536774
1557,0.1440175312150594,0.14099114737024823,0.3152502910360885,-0.11584252032170284,0.0793542462629041,0.14277993199598946,0.13947231383440375,0.31770712462288236,-0.1157408929062711,0.07634351605238743,0.15752958910614545,0.15722096858184342,0.4161505478799428,0.4218398032009373,0.10021430557862698,0.16206580414302052,0.16017184516576982,0.2723046269647996,-0.14798344388332285,0.03161266721042533,-0.0012375992190699348,-0.0015188335358444771,0.002456833586793883
1558,0.15066255100281523,0.14917486031099753,0.3255708794935564,-0.07177741066818155,0.07342348629499895,0.14933178837357983,0.14661930956815525,0.32668608559265067,-0.06848156291605934,0.06496842337672104,0.1612453544848528,0.16009009399229004,0.41911594538301317,0.40284842748183014,0.09498389673660768,0.16843479537372216,0.1656343396716767,0.2751779167565236,-0.0983602292705521,0.028188899682212276,-0.0013307626292353991,-0.0025555507428422775,0.001115206099094268
1559,0.15227008077182153,0.15015627713144644,0.3261173184357542,-0.11572767876917955,0.07521279976601736,0.15072492094478213,0.14902760895988887,0.3283720930232558,-0.11215236229356584,0.07434986860197867,0.16246472553671434,0.16270185796145165,0.422929631402585,0.43378699424193873,0.10066926910515539,0.1708330126451385,0.1691265844764716,0.2786666666666667,-0.14136407898687242,0.031203310400049644,-0.0015451598270393996,-0.001128668171557573,0.002254774587501618
1560,0.14831005016745855,0.1459657063277918,0.31584948688711517,-0.07019307198794889,0.07466571047432125,0.14707410268168622,0.14496474889024283,0.318656377666818,-0.06830372781959726,0.07019748172063656,0.1621038704889458,0.1618504656628079,0.4144549763033175,0.4257602352789179,0.10977322211041463,0.16635141620222754,0.16494037775263296,0.26753812636165575,-0.11131524980903973,0.031047286926447537,-0.0012359474857723263,-0.001000957437548966,0.0028068907797028086
1561,0.14327549316786337,0.14133969217429004,0.32011984328186216,-0.10003201862902056,0.08754364661231684,0.1420894554077158,0.13964881855625408,0.3232996323529412,-0.09633838242483272,0.08478721044682946,0.15629322430931272,0.15625406460004335,0.41988689915174365,0.4178400486623453,0.10768683397549372,0.16023608573450226,0.15833513982224148,0.2708150744960561,-0.12983165963227083,0.03983609759426643,-0.001186037760147557,-0.0016908736180359651,0.00317978907107902
1562,0.14973294417920593,0.14883539023118372,0.313555454130534,-0.08671452438659533,0.07702298053777112,0.14847969010528103,0.14727098904919173,0.31486548107615137,-0.0890143811526497,0.07617338831641607,0.16039360577787598,0.16043803233095777,0.40798329078672546,0.39925071869091444,0.09252803857750003,0.16739260272838266,0.1662610811750391,0.27047744196233026,-0.11196428227630428,0.03794173835544057,-0.0012532540739249032,-0.0015644011819919978,0.0013100269456173819
1563,0.14869368616746406,0.1456786908017537,0.31550193489642614,-0.10200125910419344,0.08042891179630762,0.1472571898829841,0.14428962104440682,0.32227272727272727,-0.09395118156180104,0.07894917887188124,0.15907538195945495,0.15974302209489083,0.4213704994192799,0.43351008562932175,0.09903126856052569,0.1662687862938266,0.16443113252593652,0.27399044724272686,-0.12943079277499403,0.0354027528101889,-0.001436496284479949,-0.0013890697573468724,0.006770792376301127
1564,0.14668131250022692,0.1457691807260268,0.3185098952270081,-0.10748563118897592,0.08109426438569378,0.14549197167088676,0.14381749577134925,0.3230804810360777,-0.10776342551810647,0.07486744910143306,0.15805089671299538,0.1584768183198161,0.41222645099904853,0.4142712206685422,0.10063358131216693,0.16463453084325108,0.16259704211302425,0.26911992906229215,-0.1272924473760917,0.03471522640637292,-0.001189340829340163,-0.0019516849546775406,0.004570585809069605
1565,0.15142193653528174,0.15,0.320659642693541,-0.10089424896925192,0.07770833716810499,0.1501444325240854,0.14769565217391303,0.3218835304822566,-0.09506708678107345,0.07132197068077806,0.16307371898743733,0.16334782608695653,0.4251455180442375,0.438846324666091,0.09282273785477879,0.1704151051331418,0.16878260869565218,0.2714535901926445,-0.11450504080103852,0.03470680282010352,-0.0012775040111963343,-0.002304347826086961,0.001223887788715572
1566,0.14695549630234525,0.1456087953945375,0.3095128676470588,-0.09720569159171533,0.08365510952961197,0.14522067025582708,0.14392070293901224,0.3114115490375802,-0.09464438310350975,0.08110955702517852,0.15509980603734583,0.15391940440635415,0.3989769820971867,0.39775868216720667,0.09447370767345387,0.16495916445743447,0.16374496818594989,0.25856832971800436,-0.13892512649006206,0.02892573068429416,-0.001734826046518173,-0.0016880924555252586,0.0018986813905214062
1567,0.15036148621894585,0.14874668751900605,0.3172671970051474,-0.09283948496430061,0.09635022353008826,0.14915722218446814,0.1472262044398106,0.32056638811513466,-0.09365160738764733,0.08910839111455693,0.16540530955444838,0.16460315391633,0.4178114637612506,0.41472175775665676,0.10742596722443032,0.169379293289574,0.1668621573482775,0.26465364120781526,-0.11493919973692068,0.04736135718972878,-0.001204264034477709,-0.001520483079195445,0.003299191109987276
1568,0.1459746919238485,0.1447971704292389,0.3086734693877551,-0.0973559615916838,0.08835600992884629,0.14484106128098487,0.14261385965678355,0.31229847996315063,-0.09239509444057015,0.08195766874579036,0.1607454886172121,0.16191432688528884,0.4126647834274953,0.4209190586160734,0.10200580445269891,0.16425179847548257,0.16326797956421116,0.2643171806167401,-0.12517846092868434,0.03972861693762153,-0.00113363064286362,-0.0021833107724553436,0.0036250105753955486
1569,0.1483570378539108,0.14602154273801252,0.3145235892691952,-0.09634056325232787,0.07573223029353049,0.14691686642651805,0.14454482279360667,0.31634770578741067,-0.09778843970020434,0.07294164357636534,0.1596216990934834,0.1590948575399583,0.4145992366412214,0.4077276856688621,0.10406741849859302,0.16716364578031612,0.1653057678943711,0.2672394800616876,-0.12908812173518058,0.02958021920195164,-0.0014401714273927502,-0.0014767199444058465,0.0018241165182154573
1570,0.15017667565052203,0.14907182512144343,0.3266959944431581,-0.07631252099154473,0.0759684864154605,0.1489299438022814,0.14725017349063152,0.32857142857142857,-0.07636143551735564,0.07145933374523805,0.16314654676074603,0.16355829285218598,0.4276094276094276,0.4207794315546028,0.11053865688716524,0.1682027028542009,0.1668112421929216,0.2766429840142096,-0.10364063827820869,0.03624499860635877,-0.0012467318482406453,-0.0018216516308119102,0.001875434128270459
1571,0.15082715699815955,0.1494307812635787,0.3176602924634421,-0.0866424852594867,0.07633219321753193,0.14944507204208637,0.14834448596506475,0.32379248658318427,-0.09432609566520578,0.07065328474571264,0.16093750637873883,0.1604675414964804,0.40626428898033834,0.34169858308703127,0.0912656191989828,0.16847394816625963,0.16598592161293127,0.2710997442455243,-0.1198886049734934,0.024380697197555312,-0.0013820849560731707,-0.0010862952985139507,0.006132194119742196
1572,0.15308225828692767,0.15134665508253692,0.33078349559573483,-0.08184882659502657,0.08480337257350656,0.15176769559729245,0.14978279756733276,0.3322550831792976,-0.08046217908277753,0.08181433124412818,0.16428861512709578,0.16463944396177238,0.43454038997214484,0.42712760134238437,0.08608439028609727,0.1706854821398595,0.168375325803649,0.27901289461983103,-0.12072166158271247,0.045518829387390713,-0.0013145626896352292,-0.001563857515204159,0.00147158758356275
1573,0.14789105941277828,0.14614918132201335,0.3233294255568582,-0.08822914438056395,0.07764933484188263,0.14659842809113596,0.14432989690721648,0.3255433512502921,-0.08479598448052716,0.0746205511562863,0.16057827243698747,0.16048687516243612,0.4270833333333333,0.45399086250821263,0.10728814662236186,0.16589420807068894,0.1639954951052586,0.27127779025376153,-0.11361201014197864,0.036977096778159635,-0.0012926313216423124,-0.0018192844147968679,0.002213925693433927
1574,0.1477602569918463,0.14568040654997177,0.3154456369575362,-0.0839988549504096,0.07381962883867044,0.14642961106763488,0.14489857968118838,0.32005590496156533,-0.08173770365255162,0.07230497970422933,0.15908944596667715,0.1585805498848977,0.4212055192447349,0.460385731238905,0.10735828824415194,0.16580356649841338,0.16183816183816183,0.2685701539147892,-0.11101715868278461,0.031193074626542416,-0.001330645924211421,-0.0007818268687833918,0.004610268004029139
1575,0.14191885241441818,0.13942078068690025,0.301685259909803,-0.10256902761104447,0.07308669427158176,0.14050709177122722,0.13811818852850505,0.306348831720557,-0.10281623760615355,0.0678248814318464,0.1558919558842932,0.15453084972428466,0.4052126874846324,0.4291583299986661,0.10509605571330527,0.16053863043687325,0.1575702314272068,0.2606046931407942,-0.13368191721132905,0.025072652108996674,-0.0014117606431909568,-0.001302592158395205,0.004663571810753997
1576,0.14699544896133948,0.14528727651449402,0.3012214796035953,-0.08754006344418186,0.08133482087715149,0.14561402421300446,0.14303072383266793,0.300966405890474,-0.08267134844133894,0.07984297112795535,0.15841131404668438,0.15821905919111265,0.40307692307692305,0.42034594020279786,0.1056306596497747,0.16509628172495627,0.1632963027252213,0.2530146897610173,-0.11717042952553702,0.03402187168835891,-0.001381424748335025,-0.0022565526818260906,-0.0002550737131212788
1577,0.14436847181420293,0.1425657495009114,0.32046070460704607,-0.09040421400726095,0.08272767334582776,0.14302151480414604,0.14095998611231664,0.32493249324932494,-0.08565167721720701,0.07937086862115106,0.15746430108145257,0.1571478170297717,0.4235787511649581,0.4699017725159527,0.11126051350557986,0.1620927756731296,0.16140092005902265,0.2750322303394929,-0.12478246381664493,0.0353128066097691,-0.0013469570100568817,-0.0016057633885947498,0.004471788642278873
1578,0.14734465427144441,0.14698219713417282,0.3227537922987165,-0.08839264385299561,0.07777128607382677,0.14623555994683793,0.1454190186712983,0.32520891364902504,-0.08553142833141891,0.0728097222623848,0.15971242454525794,0.15974815458098132,0.41887694145758664,0.4399141365332625,0.09934330264531388,0.1655460507422098,0.16296135475466783,0.27290925266903915,-0.1230677438601584,0.03225433110798914,-0.0011090943246064855,-0.001563178462874515,0.0024551213503085645
1579,0.14790818045382162,0.1468029578077425,0.30986557302346773,-0.12260072587634818,0.07941437620144332,0.1465116696730254,0.1450195737277077,0.31165004533091567,-0.11814638205412176,0.07454255096813278,0.1581466543734511,0.15685080469769466,0.3995873452544704,0.3931821943615177,0.0851334753883729,0.16591993946919098,0.16341887777294475,0.2642285219649427,-0.13723298764926806,0.03027248689152906,-0.001396510780796223,-0.0017833840800347833,0.0017844723074479374
1580,0.1471404039380588,0.14576094510076443,0.3027693739818478,-0.096674634560727,0.07206720707732595,0.14547975311024267,0.14345899930507297,0.3037534754402224,-0.0902065429112675,0.06795821486007991,0.1584638139020606,0.15839993050729673,0.4028708133971292,0.4315328031789115,0.09736994862563109,0.1659014696424418,0.16491487143849895,0.2549676267023889,-0.12441439156204592,0.03270738689107355,-0.0016606508278161347,-0.002301945795691457,0.000984101458374631
1581,0.14664833662794044,0.14548618664346313,0.31013685919740197,-0.09492150525576015,0.07333197883854048,0.14528319003358,0.1441809876006091,0.3138888888888889,-0.0931990453054421,0.07139128679797158,0.15720365334336023,0.15666739177724603,0.4078279777724088,0.44578091425814476,0.11042076005830204,0.16460062055005847,0.1634979334348488,0.2638580931263858,-0.13132855649504926,0.0304211214970721,-0.0013651465943604335,-0.0013051990428540328,0.0037520296914869133
1582,0.14870364546395115,0.14665401044138585,0.32474466109563604,-0.08269787148786945,0.08318860068178868,0.1471181377800825,0.14479872287181259,0.32795202952029523,-0.08011156111963047,0.07720808709909521,0.15726330010194906,0.15662078785002373,0.4139402560455192,0.44361311979290585,0.10241168005473189,0.16618383705148218,0.16486171635673297,0.2733083535375799,-0.10741575422103145,0.034276543166189,-0.0015855076838686422,-0.0018552875695732607,0.003207368424659185
1583,0.1475169111606123,0.14558149683613353,0.2997863755043912,-0.08688825212589713,0.08436269058834656,0.14597637195937713,0.14453414793803185,0.3044917257683215,-0.0936962479290967,0.08066409786783135,0.1592703160310907,0.1595025092734017,0.3998536228348378,0.3916283389987453,0.10916501824356672,0.16664651676316652,0.16521928867554003,0.2549638989169675,-0.11587917153500504,0.03671611377700268,-0.0015405392012351748,-0.0010473488981016799,0.004705350263930319
1584,0.14592845187065617,0.14385221078134464,0.3059599636032757,-0.09065097961698654,0.07189312332012288,0.14455838556187683,0.1425110322748118,0.3094698685999094,-0.09051664255461034,0.06806809493987653,0.1561053559363032,0.1554036514666436,0.4036458333333333,0.4389954456651768,0.10844339450914409,0.163688410889671,0.1611577398978974,0.26231286613148186,-0.12182083595809401,0.026630287487207305,-0.0013700663087793385,-0.0013411785065328419,0.0035099049966336726
1585,0.14594605427178056,0.14454277286135694,0.30153559795253604,-0.09365744879488935,0.08562910730266682,0.14437130960436154,0.14298108623980565,0.3060941828254848,-0.09452155142772889,0.0783579043848579,0.15446349397448636,0.15525767829255596,0.3992779783393502,0.3972842613561531,0.11621093133933358,0.1637098276848968,0.16146104459482907,0.2562238378497466,-0.11756283137775048,0.03408911014996274,-0.0015747446674190257,-0.0015616866215512892,0.0045585848729487455
1586,0.14809104271162826,0.1457186212876653,0.31710185838626204,-0.08642966265295005,0.08796571149926202,0.14682519326421797,0.14385432473444612,0.3199251637043966,-0.08067824671875756,0.08258724019616337,0.15972102205378855,0.15959245610231954,0.4228626786146767,0.47247764969402833,0.11421265145838244,0.1658404079814931,0.16366789507912421,0.267905102954342,-0.11552895498092797,0.041280580588367255,-0.0012658494474102888,-0.0018642965532191802,0.0028233053181345724
1587,0.1491222642546456,0.14665107009791178,0.3247132898583315,-0.09006877191260998,0.07712200236019184,0.1479992419544882,0.1450914132224244,0.32849162011173183,-0.0924542448691359,0.07124310594964978,0.1636015627101288,0.16216099124859198,0.4229004130335016,0.45496905896131723,0.09580849452227214,0.16694906705501797,0.165540247812148,0.2785515320334262,-0.1167666563470563,0.030930673420218158,-0.0011230223001574002,-0.0015596568754873974,0.0037783302534003527
1588,0.1452148696272773,0.14307372433509485,0.3166093928980527,-0.08769293262018008,0.07834494901747246,0.14388589733694512,0.1412111236247076,0.3178400546821599,-0.08933918255965623,0.07324267760896253,0.15829025081604697,0.15767131594906003,0.42014800668417285,0.4574224102148811,0.11576160601321195,0.1632173566091942,0.16130988477865374,0.27024667103252564,-0.11969648976194425,0.03242450634088301,-0.0013289722903321866,-0.001862600710387241,0.0012306617841072454
1589,0.15085894976284575,0.14845512931782676,0.32713579665803716,-0.08432173982857705,0.09017401485920629,0.14934955640919018,0.1466325290748134,0.33075661747481844,-0.08463670941090862,0.08587630914716371,0.15960618645667793,0.15956431175143204,0.42993100166547704,0.41900255465406805,0.10005873799690457,0.16856092533199588,0.16694150321124804,0.27974994418396965,-0.12046183931074861,0.040750399170715546,-0.0015093933536555748,-0.001822600243013367,0.0036208208167812783
1590,0.15378415822818073,0.1518569940992711,0.32865550022634676,-0.09991104951755747,0.08389223715255745,0.1524747315585407,0.1496442207566817,0.33047790802524796,-0.09543860822012251,0.08011330755109103,0.16622645991147558,0.16656542867060048,0.4289655172413793,0.4048932118867653,0.09816819342476446,0.1716323157242839,0.16977611940298507,0.2770590771884433,-0.1324380068345128,0.03770531980129965,-0.0013094266696400403,-0.0022127733425893747,0.0018224077989011933
1591,0.1509801100612506,0.14982638888888888,0.31958295557570265,-0.08286422623312728,0.08215920990682446,0.1493663579937141,0.14787326388888888,0.3206399278954484,-0.08148732832976235,0.07668754121425936,0.1622240462745997,0.1623263888888889,0.40941610893145625,0.46555872435116274,0.09878466478038783,0.16893957978640553,0.16684027777777777,0.26795400303753525,-0.11276235109564803,0.04070079712085006,-0.0016137520675365002,-0.001953125,0.0010569723197457193
1592,0.15315685134836904,0.15152959528555335,0.32571428571428573,-0.09787386493906225,0.08245691774040553,0.15206200645901669,0.15053297512782737,0.3303834808259587,-0.09849646250036725,0.0756863161113821,0.16725360008351817,0.16808215616604558,0.4309671490925798,0.4142637457404148,0.08711170636035925,0.17187193014556595,0.17059537221596324,0.28008705114254623,-0.11341817931462628,0.03590903154086922,-0.0010948448893523532,-0.0009966201577259748,0.0046691951116729635
1593,0.1489220467357662,0.14646178024184747,0.32051282051282054,-0.10669487025037416,0.06897564589816618,0.14739595055468874,0.14467193434321388,0.32277182584909964,-0.10365157612126852,0.06490007331215286,0.16050911062858947,0.16051861876282358,0.42072882158069097,0.3925068946065828,0.09943518838310716,0.16700005570229343,0.16527698956650805,0.2709198164736727,-0.13547293203833966,0.024144347452020654,-0.0015260961810774631,-0.0017898458986335963,0.0022590053362790963
1594,0.14786729022481396,0.1455278910384315,0.3176878612716763,-0.07422689457101361,0.0761226321571149,0.1464209880792861,0.14361932853300946,0.3189139438564197,-0.07121231576929887,0.07161857299788343,0.1593016962094171,0.1594950984644747,0.4144315214811298,0.4022190286277789,0.10014428100634998,0.16622709124313845,0.16409299904571875,0.2712975098296199,-0.11876833792111596,0.02185944323875355,-0.0014463021455278502,-0.00190856250542204,0.001226082584743382
1595,0.14919616040864964,0.14760661444734552,0.31952525017454037,-0.10218405525817431,0.08269687171303797,0.1479317370621414,0.14560487380330722,0.32093345656192235,-0.09812215617804931,0.07604507352127832,0.16099064764074314,0.16161879895561357,0.4147992530345472,0.4034402811073528,0.0854863354708727,0.167154570341498,0.1658833768494343,0.2712425513131759,-0.12721640230753228,0.032486524072013356,-0.0012644233465082255,-0.0020017406440382968,0.0014082063873819828
1596,0.1470207199215084,0.14481561822125813,0.3256510716755013,-0.06496752826556929,0.07328540740647782,0.1457561062545345,0.14373101952277656,0.32795946568401657,-0.0550381312126329,0.07264202390011298,0.16181936912370673,0.161822125813449,0.4300505658560077,0.4441747878192313,0.113175184801099,0.16465544310648436,0.1633405639913232,0.2785234899328859,-0.0961848627499281,0.04519099429521234,-0.0012646136669738905,-0.0010845986984815703,0.002308394008515291
1597,0.1459696285025278,0.14454494309083826,0.3100495718792249,-0.10049383402046896,0.07757231911695295,0.14443121871425754,0.14307352750248842,0.3140551445864156,-0.09921876732046286,0.07273926269066344,0.15745972847530396,0.15666248323019,0.4036506469500924,0.4110411206555193,0.10068693680790297,0.16355439400740918,0.16159605314406889,0.2647058823529412,-0.12820461010910267,0.031343083735053234,-0.0015384097882702452,-0.0014714155883498448,0.004005572707190708
1598,0.1463736515815323,0.1435348391870131,0.30701754385964913,-0.08576100296772415,0.07455320834433588,0.1449987903975702,0.14166340253296775,0.30922525750111957,-0.07980207714198828,0.07033967080362646,0.15949163114937895,0.15859337598468035,0.4020285846011987,0.4100915870126666,0.09730631106416687,0.1643546773704005,0.16272794533664098,0.2629787234042553,-0.12525166483704597,0.021041281577325988,-0.0013748611839621006,-0.0018714366540453498,0.0022077136414704324
1599,0.15054025381135913,0.14785028039820894,0.3274812734082397,-0.08482045312344466,0.0873877843056663,0.14918400709870452,0.14611137677694214,0.32999300862269865,-0.08313239428395636,0.08330985256586021,0.16519375505563982,0.1647176455244968,0.4383693045563549,0.4441501772927667,0.1092798389088353,0.16907132392192106,0.16676085727948528,0.27770330652368186,-0.11215582506865207,0.043603675099328054,-0.0013562467126546074,-0.0017389036212668019,0.0025117352144589655
1600,0.14798599226907966,0.14599108649560816,0.31595505617977526,-0.10187712895553358,0.07393416741251124,0.1468029456311233,0.14434684782138377,0.31823278762054275,-0.0996115798560695,0.07204143091086268,0.16041819521151876,0.16061615680844618,0.4183202584217813,0.4270013411385855,0.09832943787820281,0.1651982181020649,0.16342867033014583,0.2693711096801889,-0.1264630940633633,0.0299806197631185,-0.0011830466379563476,-0.0016442386742243909,0.002277731440767483
1601,0.15385085262733475,0.15197014407220968,0.31569425599276346,-0.0906140604242659,0.07651855556469156,0.15227301715742034,0.1504513105363652,0.3205590622182146,-0.08584665507597056,0.07356444732891831,0.1640758322868472,0.16320951223745878,0.4150334332487895,0.3945135336604135,0.09445421271045784,0.1715215715704277,0.1698055893074119,0.26817588158467565,-0.11715210804202636,0.04022522581090571,-0.0015778354699144126,-0.0015188335358444771,0.004864806225451157
1602,0.14972602233067353,0.14758656645088414,0.3089430894308943,-0.095497668104911,0.07849644240306719,0.14815102716010006,0.14623973584741712,0.31297709923664124,-0.08895207252630044,0.07462833381029665,0.1587670159675023,0.15888256506060738,0.4097305032196518,0.431727270082901,0.10256467364697242,0.16844884089366735,0.16705044097840727,0.26448474126492705,-0.12313305861249813,0.03186424436800084,-0.0015749951705734677,-0.0013468306034670197,0.004034009805746919
1603,0.14874136468260107,0.14664471689121863,0.3211797491871807,-0.08840925801237098,0.08275678126971298,0.14718881170116374,0.1447818741064853,0.3246483744523864,-0.08900191496471344,0.07612356015985089,0.16051134132677242,0.15985790408525755,0.41375291375291373,0.3978136429364994,0.08618037926189992,0.16703278054486229,0.16570636399081576,0.2733333333333333,-0.11466606973326454,0.041245655614447374,-0.0015525529814373329,-0.0018628427847333373,0.003468625265205749
1604,0.14872246085030463,0.14650455927051673,0.3230256898192198,-0.07150907738249335,0.0740584836502991,0.14719107577003196,0.14450716456795484,0.3253383994300641,-0.0694485889023081,0.07252255195604351,0.1601539103934939,0.1600955275727312,0.4300197823936696,0.4295361888831049,0.10916549380471496,0.16698431434428704,0.16574033868866694,0.2734964555225246,-0.09916341045633392,0.03697670417469756,-0.0015313850802726736,-0.0019973947025618832,0.002312709610844288
1605,0.14483998032079332,0.1436502428868841,0.29771689497716897,-0.12590230176511685,0.06417916205406182,0.14335182186268053,0.14221894517696043,0.29979559391324095,-0.12330887196974827,0.05924560347370278,0.15568372359909682,0.15501387925052046,0.3903487816531295,0.40694735276852106,0.10579265616665534,0.16349176957034267,0.16125954198473283,0.2527759634225996,-0.15025476733962229,0.01849011954899782,-0.0014881584581127871,-0.0014312977099236734,0.0020786989360719876
1606,0.14691185613078953,0.14568587433236355,0.31629318394024275,-0.09632024096772984,0.07895348410744307,0.14555518173248994,0.14386208693386598,0.3170618317061832,-0.08833930965894665,0.07507348189520247,0.15874526587647528,0.15888662121672673,0.4173809523809524,0.4432984374847773,0.09706016109789906,0.16509227134197363,0.1633158191845065,0.26890569395017794,-0.1247681898264037,0.0332556802743873,-0.00135667439829959,-0.0018237873984975617,0.0007686477659404334
1607,0.14510788588115997,0.14237346991926383,0.3031009559337841,-0.09443225978493075,0.08160177207280928,0.14370088068753603,0.14120149318517233,0.3055169216504404,-0.10004629171872614,0.07622926074064973,0.15402871168003007,0.15339873252886535,0.3983622350674374,0.4484072053284915,0.11104313417304357,0.16276036183609546,0.1607778452990711,0.25666666666666665,-0.1239287736739445,0.03625777642938277,-0.0014070051936239392,-0.001171976734091501,0.0024159657166563098
1608,0.1510937307208935,0.15125904737138646,0.3242506811989101,-0.09984301252145777,0.06940948608944575,0.14963674278014769,0.14878862739999132,0.324446452779033,-0.0977014985478658,0.06472938687332497,0.16146962256406108,0.1622675854895332,0.4158415841584158,0.41853680844456126,0.08238612482505336,0.16953925575994125,0.16742512893858622,0.27227508650519033,-0.13347894490763335,0.02260849392823805,-0.0014569879407458075,-0.0024704199713951325,0.0001957715801229054
1609,0.1507093425756588,0.14964298153953326,0.32171893147502906,-0.09409802641196818,0.07642091666138451,0.14915275102103545,0.14820619993033787,0.3270963270963271,-0.08950105745334047,0.0712520689410735,0.1610633263200694,0.16057122953674677,0.4166666666666667,0.4480746162467716,0.10420347315805634,0.16933598055644514,0.1671891327063741,0.27224435590969454,-0.11465429559962959,0.03054739314362398,-0.0015565915546233433,-0.0014367816091953867,0.00537739562129802
1610,0.1497943065990557,0.14838062856893772,0.3136081049965462,-0.08820180542559952,0.0871351811740454,0.14825505837464215,0.14615753454513752,0.3169448890921564,-0.0831397167356146,0.08076682470538266,0.1596316915904002,0.16010635979251123,0.4220270591027771,0.428714057715486,0.11473139253825015,0.16729246895954178,0.1650756287868881,0.26744186046511625,-0.1075331070650426,0.04149529314862965,-0.0015392482244135641,-0.002223094023800193,0.0033367840956102235
1611,0.14760145271562836,0.1453977617766982,0.31841372912801486,-0.07772600176458255,0.0733956870205772,0.1461538285751746,0.1438795870564761,0.32180728446288615,-0.07788141356358957,0.06779492411819465,0.15835487323982134,0.15836731152945258,0.41914587332053743,0.4493466803209752,0.10441529694146567,0.16563358442230053,0.16378936410167433,0.2719395689846701,-0.09655542425631725,0.032682448999411196,-0.0014476241404537682,-0.0015181747202220874,0.00339355533487129
1612,0.15010448002296356,0.1486281478912921,0.32302646989927386,-0.0904138913439183,0.07859739205607619,0.14856340571584353,0.14676433617961943,0.32492997198879553,-0.08470459593279012,0.07535635015399011,0.15934889867362403,0.1592041957435742,0.42130403630284213,0.4133858889895558,0.09631508778748044,0.16847880196049173,0.16696285379914177,0.27319703437429793,-0.11531878965862585,0.03927275031076427,-0.0015410743071200272,-0.001863811711672686,0.0019035020895216692
1613,0.14427178567314813,0.1425482224721045,0.30952380952380953,-0.08852521955262482,0.09124633696005735,0.14283973674052403,0.1411642591471326,0.3141263940520446,-0.08058602559938577,0.08698167721986616,0.15556995060798637,0.15483089698123,0.40169332079021636,0.4057577238035712,0.09806979254436321,0.1616283101340459,0.1588097915405242,0.2570921985815603,-0.12300746838287535,0.042629215921878405,-0.0014320489326241082,-0.0013839633249718986,0.0046025845282350875
1614,0.14527036784165737,0.1432646181771036,0.3138837638376384,-0.10791899347372669,0.08271379777077537,0.14391088312927056,0.14080124465188643,0.31725246956122216,-0.10786249454418739,0.07909681661699286,0.1580170011393574,0.15795842516962705,0.417839255902695,0.4138893058021094,0.1131389921820044,0.16305261853230688,0.16132935736202947,0.2675060746631323,-0.13707948551183435,0.042075950690042885,-0.0013594847123868103,-0.0024633735252171662,0.003368705723583776
1615,0.1480828531271596,0.14631276150627615,0.30535422024783726,-0.09968820119823663,0.07645944802977678,0.14677507331453163,0.14496164574616457,0.30754892823858343,-0.09989771585208218,0.07321265714652014,0.1606353798043413,0.16148012552301255,0.410004786979416,0.46539302156522966,0.09788826785927052,0.16700462669128308,0.1655334728033473,0.25830176064185423,-0.12706733255835445,0.031004375664184014,-0.0013077798126279738,-0.0013511157601115709,0.0021947079907461697
1616,0.14902939469511897,0.14692666753915282,0.3110752935758692,-0.11655469595829959,0.07416272052502104,0.14772566999497722,0.1454870653928369,0.31445672191528545,-0.1113338641066941,0.07394822805784695,0.16260648361086116,0.16232604807398682,0.4058518168947617,0.46061580107515243,0.09668442957830314,0.16821658945808635,0.1671247218950399,0.263459841129744,-0.135988215264349,0.033623644229113236,-0.0013037247001417562,-0.0014396021463159159,0.003381428339416237
1617,0.14884290409078502,0.1450664343280331,0.32430555555555557,-0.09948220094614268,0.07728876796465656,0.14723340664519724,0.14410803746460465,0.3284098776828987,-0.10419972041885706,0.07449746852303318,0.1602609311919615,0.1591810063167066,0.4264740705659484,0.399041718810507,0.09811615610600022,0.1661213207214964,0.16384230015247223,0.28,-0.12229223112305021,0.038640006465255894,-0.0016094974455877764,-0.0009583968634284401,0.00410432212734313
1618,0.14535542604239018,0.14352655328011107,0.30629177229776444,-0.09158293863161016,0.07686430693669832,0.1439939311735828,0.14218153418951754,0.3111060013796275,-0.0932338247690222,0.07472562282605011,0.15738486327269985,0.15819160013884068,0.4070459414425137,0.42054416814067214,0.10637814766364428,0.16369765296288982,0.16161922943422422,0.26077396657871593,-0.12036457320190186,0.03216580902414967,-0.001361494868807378,-0.0013450190905935355,0.004814229081863075
1619,0.1529927575418355,0.15154142999609765,0.33037945921381506,-0.10908341815714218,0.07249000582864418,0.1515683669274619,0.1497203312665308,0.33182844243792325,-0.10266104405990994,0.06633164779384548,0.16230318736937852,0.16151411351515416,0.42190388170055454,0.427923997867287,0.08799207950244792,0.1707477238327873,0.16862507045917705,0.28142670726402785,-0.126751005768019,0.03065564262673559,-0.0014243906143736051,-0.0018210987295668446,0.0014489832241081912
1620,0.1462568748102107,0.14480992883180002,0.3116822429906542,-0.0865857711770518,0.08403164975613364,0.1446741991654063,0.14277035236938032,0.31296641791044777,-0.08496856005030395,0.08231321111081391,0.1572009391520395,0.15630966846033675,0.4138095238095238,0.4118732221457017,0.10121603620933073,0.1641014955131237,0.1627321645547648,0.26184092940125114,-0.10826571248914574,0.0419299029458009,-0.00158267564480441,-0.002039576462419701,0.001284174919793546
1621,0.14543115111201751,0.14367916303400174,0.3067343173431734,-0.08999850212594307,0.07578489831149604,0.14394188529948818,0.14237140366172624,0.3066820276497696,-0.08659936614715646,0.07492720640539974,0.15744472716887567,0.15632083696599824,0.40137669119392355,0.41103740384315923,0.10215892442396135,0.16379618078018093,0.1621185701830863,0.25938189845474613,-0.1292576328547551,0.03418684086581891,-0.001489265812529339,-0.0013077593722755076,-5.2289693403817505e-05
1622,0.15279076622493087,0.15138888888888888,0.32548928238583413,-0.08949696690175446,0.07038536291689024,0.15168116826231015,0.1502170138888889,0.33163265306122447,-0.08332049806153385,0.06605128884565314,0.16391647162588818,0.16419270833333333,0.4264105642256903,0.41954289533514305,0.0979067332692457,0.17125458321195056,0.169140625,0.2780259044216168,-0.11485330591132115,0.03007847405438535,-0.001109597962620723,-0.001171874999999989,0.006143370675390336
1623,0.14602640733335892,0.144059341517373,0.30730821606899683,-0.08199467307129771,0.07045190150857561,0.14462624295186466,0.14280137075434868,0.3090662446303414,-0.07917263251889828,0.06683872950083636,0.1586726063503014,0.15746323688890818,0.4066963240458909,0.40962850060813205,0.09914473804062252,0.1646617903026847,0.16210471522144623,0.2636620944916177,-0.11395162656074398,0.030707009423443843,-0.0014001643814942621,-0.0012579707630243353,0.001758028561344549
1624,0.1501253046083314,0.14734542276600393,0.315990990990991,-0.09307023927515679,0.0719002308724197,0.14856858663868977,0.1460345204282281,0.3174389970897694,-0.0918998010935218,0.06618840136009152,0.1611118559718476,0.16036705265457724,0.4098972922502334,0.4057835134538561,0.104901912499205,0.16788736485179812,0.16609132619619837,0.2672432432432432,-0.10477632141110449,0.03276362125091148,-0.00155671796964163,-0.0013109023377758378,0.0014480060987784316
1625,0.14622221710821087,0.14396412868399286,0.32180094786729857,-0.09248090684905685,0.0868550511568098,0.14493666591414164,0.14300639937312262,0.3244391971664699,-0.08585467963317517,0.08360416154929495,0.15988869720585164,0.15950546341038702,0.42634730538922155,0.38747736886603074,0.09660771997935413,0.1644853921984829,0.1622915850420095,0.27416798732171155,-0.12707415134126832,0.04416003431144877,-0.0012855511940692288,-0.0009577293108702367,0.0026382492991713358
1626,0.14955453953622347,0.14844698941523513,0.32789896670493685,-0.10507079262582641,0.08419020809184752,0.14821922692744552,0.14645150095436404,0.3292181069958848,-0.10215741845474746,0.08016095380029808,0.16345470569829698,0.16276245011278848,0.4267322097378277,0.4350787530637839,0.10179168736545785,0.1676773548251136,0.16627624501127886,0.277716552788186,-0.12110348315220631,0.045594193299111296,-0.0013353126087779499,-0.001995488460871081,0.0013191402909479288
1627,0.14967831888327848,0.14812727588000693,0.30919092367636947,-0.10636426247049413,0.06614997169746317,0.14827593963996594,0.14613317149297728,0.31076151390788875,-0.09884228725717636,0.06121081058973099,0.16042674511931718,0.15974510143922316,0.4102440202947572,0.4649601544729106,0.11425310596407345,0.16822114356244022,0.16685451707993756,0.2617213295179397,-0.13636607363081643,0.027495667376080113,-0.001402379243312546,-0.001994104387029655,0.0015705902315192866
1628,0.15170717454561952,0.15151383330433268,0.3154121863799283,-0.09525566597789359,0.07872358951285763,0.15053089826347898,0.15003480076561684,0.31915367483296214,-0.09756797533536676,0.0732799370465429,0.1640506874222676,0.1642161127544806,0.4171835515736274,0.45492050997315187,0.10196379811904688,0.16995323248588406,0.16843570558552287,0.2669509594882729,-0.121857912455546,0.03140568730566129,-0.001176276282140537,-0.001479032538715841,0.0037414884530338477
1629,0.15279085029919717,0.15069864623688678,0.32828870779976715,-0.09752943096297961,0.08246097422411314,0.1514080698434113,0.1500021764680277,0.3317876188268027,-0.09717922956956004,0.07859639897241322,0.1640740249731081,0.16488921777739085,0.4294766486740202,0.3971416369729343,0.08976072747732389,0.1711636477464525,0.16841509598224003,0.2779003087781209,-0.1236501306587352,0.03114800282654251,-0.0013827804557858814,-0.0006964697688590926,0.003498911027035534
1630,0.15349129786492602,0.15239584690907512,0.3271804337794186,-0.08090984642850574,0.08116756902164768,0.15209556915079372,0.15061470958773188,0.3286697247706422,-0.07955069684492888,0.07561924079515636,0.16345988218812785,0.16290890134236935,0.4239924581663917,0.38276199991800813,0.10058671781436734,0.17133063752356129,0.169990008254051,0.2777047744196233,-0.11752677813693313,0.031659409462186594,-0.0013957287141322938,-0.0017811373213432458,0.0014892909912236352
1631,0.14676700498459475,0.1451703928803994,0.3112080845199816,-0.09817455165151001,0.08185791339771786,0.14551219425276712,0.14386802691556327,0.3159698423577793,-0.09704493442485507,0.07696971727879776,0.1611477946400458,0.16101584545257216,0.4218420435903445,0.43795060414029885,0.10034804654319829,0.16511193167233407,0.1621445626220968,0.26627218934911245,-0.1165096775580945,0.037439087795356873,-0.0012548107318276214,-0.0013023659648361274,0.004761757837797698
1632,0.15228630478831656,0.15071168199965285,0.31592505854800934,-0.10304376646351443,0.07314809173215897,0.1509081802508877,0.1488456865127582,0.31739738805970147,-0.10307666867389054,0.06924153639007902,0.16191489182281193,0.16212463114042702,0.41875151809570077,0.465579040611255,0.10635381213983919,0.17147705508791944,0.16958861308800555,0.27037861915367484,-0.13182582590929948,0.025401304217847698,-0.0013781245374288598,-0.001865995486894645,0.0014723295116921276
1633,0.15201121386520947,0.1501651599443672,0.32590855803048063,-0.10759302587706032,0.08341844033556634,0.15054693423436893,0.1482962447844228,0.32975495915986,-0.1029918957684095,0.07910740982726838,0.1630315246072754,0.16307371349095967,0.4286060019361084,0.466677649017286,0.1120867932157481,0.17023132542424957,0.16772426981919333,0.2773014440433213,-0.1332228285911048,0.047421335591278035,-0.0014642796308405315,-0.0018689151599443898,0.00384640112937934
1634,0.15128670031537664,0.14927775844065436,0.3275269310107724,-0.0840200794812801,0.07594898824204166,0.1499075249596608,0.1476679429168117,0.33112884834663625,-0.08087591339374278,0.07125598265737676,0.16296614320308864,0.16263487643578142,0.42219054407222617,0.4536093812200174,0.10880002733469607,0.1690521053127513,0.16676818656456666,0.2793699409319624,-0.10880029147634118,0.031578753623391576,-0.0013791753557158282,-0.0016098155238426504,0.0036019173358638468
1635,0.1446064253628688,0.1427010966924455,0.30846725833533223,-0.08436222192288034,0.08368448289118291,0.14321045725095732,0.14125923013064184,0.3133828106296385,-0.0751821748618915,0.08192898821862982,0.15710035924024626,0.15655175427098353,0.4147239263803681,0.4220233701857763,0.10431154529368314,0.16336455840392075,0.16078996810416393,0.26073059360730594,-0.1104410307106164,0.03738331090259206,-0.0013959681119114775,-0.0014418665618036453,0.004915552294306291
1636,0.15025905245278665,0.14928337074771197,0.3264929674890477,-0.09811988204845346,0.0778017029683935,0.1487570836624651,0.14708167846658607,0.32973841211564936,-0.0937226865798294,0.07331853320201354,0.15902253463726085,0.15882403729925748,0.4208912992218816,0.39781598710170135,0.09829619332898798,0.16787486088069306,0.16616301156967708,0.2775465498357065,-0.12547520047520044,0.02912728836198175,-0.0015019687903215506,-0.0022016922811259054,0.0032454446266016457
1637,0.1477659424602322,0.14543326542112792,0.3059202948629348,-0.09828649279580404,0.0757463293993631,0.1460384417865468,0.14365598855607092,0.3100917431192661,-0.09978436678111524,0.07168174272142513,0.15710538308323085,0.15518661407083098,0.4044152184124002,0.41055484814722176,0.09350215541351314,0.16616971223367702,0.1641596948285578,0.26266169699627273,-0.13105781547253614,0.028682694181134227,-0.001727500673685406,-0.0017772768650569926,0.004171448256331256
1638,0.15180449687382122,0.15059405081952995,0.32116788321167883,-0.07595858287428414,0.08374533199019307,0.15066614631141712,0.1487728731246206,0.32198001816530425,-0.07419698082593884,0.07952341485669623,0.16429170361916115,0.16429624490503858,0.4203763194125746,0.4497330908498971,0.08923382426373916,0.169916683008351,0.16724481831584426,0.2700412774277645,-0.10615032348530318,0.03751533937840157,-0.0011383505624041057,-0.0018211776949093594,0.0008121349536254208
1639,0.14968686394157646,0.1479063288935318,0.31589814177563663,-0.0909081825372029,0.07214270503772213,0.14820130484537158,0.1461217027944633,0.3169448890921564,-0.0939111576470456,0.06914495142179533,0.16109786202499504,0.1610516235744755,0.4120982986767486,0.42060087648931405,0.09933661283934359,0.1678317044037062,0.16557848002089318,0.2692559458869736,-0.11613117504172754,0.02417864718289353,-0.0014855590962048748,-0.0017846260990685148,0.0010467473165197694
1640,0.15167397458673398,0.14992841959134093,0.31914419433920216,-0.10226428333395177,0.07747887705432366,0.150378178423978,0.14841004728645177,0.3209519572953737,-0.1035413598111854,0.07560114672131091,0.16369011880480377,0.1646349399158388,0.4208839019922143,0.44846697557589454,0.10251528149449562,0.16880692976008352,0.1669775714719535,0.2672596357475646,-0.12626898839770806,0.028449251692320376,-0.001295796162755991,-0.0015183723048891595,0.0018077629561715214
1641,0.1513104255889668,0.14898321987599183,0.3229166666666667,-0.09186269868623564,0.07715765765383209,0.14981434220296383,0.1474222781077917,0.3249097472924188,-0.08587411662100297,0.0737805718935246,0.16314311267418372,0.1648094350257989,0.42080817464003717,0.4435629839334433,0.10037512225594569,0.16951032454049478,0.16836491349781035,0.27572105036590616,-0.12255750652546016,0.02861204984941257,-0.001496083386002961,-0.0015609417682001248,0.001993080625752097
1642,0.1511521950197422,0.15048480368711684,0.32371942778034146,-0.08952392987270086,0.07034107334575923,0.14951771103031808,0.1484412365755033,0.3248158379373849,-0.08358185379414917,0.06818838674211025,0.1614155582216873,0.1615722422714031,0.4115839243498818,0.4034720655179365,0.09272901402370981,0.16979747684737972,0.16887690769163877,0.27060379021595415,-0.11990044137955935,0.026426266631317974,-0.001634483989424118,-0.002043567111613548,0.001096410157043426
1643,0.15315463036947613,0.15173761946133796,0.31792162043152794,-0.07627611428076697,0.08093997923671514,0.1516322023535592,0.14939183318853172,0.31805220443079624,-0.06810785071524339,0.07743187219289471,0.16354964750362833,0.16381407471763684,0.41205802357207616,0.4703756843480603,0.10776668016004798,0.17081001037193644,0.16876629018245004,0.2651006711409396,-0.11103743690345225,0.03430279147769044,-0.0015224280159169268,-0.0023457862728062384,0.00013058399926829667
1644,0.14927138090621564,0.1477406167094333,0.3141683778234086,-0.09774716801743821,0.08051412122274526,0.1477007462806721,0.14665332927412691,0.3173164097914778,-0.09830254965390095,0.07437084643256131,0.16094327266653985,0.1606575914408733,0.40727942870306383,0.38411886790265165,0.08941127781542535,0.16778210840861357,0.16565911364328273,0.26488483268144286,-0.12057462868273683,0.03412180470377035,-0.0015706346255435488,-0.0010872874353063944,0.003148031968069176
1645,0.14833296522598913,0.14688530279368384,0.3014857142857143,-0.1116395738365813,0.06997309805044194,0.14701881230113262,0.14584417837931632,0.305,-0.09929417687615105,0.06463000870633373,0.15750765618151039,0.15833767135172652,0.3989995235826584,0.44350673464589635,0.10780217060672848,0.16719719388428575,0.16501821967725144,0.2551844575420214,-0.14107157840692996,0.025946041854989832,-0.0013141529248565098,-0.001041124414367517,0.003514285714285692
1646,0.14707041445075356,0.14340410720501218,0.3116576022700402,-0.08207057895983971,0.08830185291771153,0.1456964003151503,0.1419683257918552,0.31557860004713645,-0.07835902676897233,0.08527633666502432,0.16128543994050856,0.16206926557605292,0.42346692419121196,0.44048672586717064,0.10710327534512432,0.16516888981643588,0.16219979115906719,0.2651771609117581,-0.1200332163689628,0.04464797555751143,-0.0013740141356032576,-0.001435781413156978,0.003920997777096258
1647,0.1488531627494856,0.14671178205795593,0.3106863196683556,-0.06463572629762293,0.07634517765292104,0.1475189942959589,0.14475967378101684,0.3135904499540863,-0.06261912803944336,0.07335155874266219,0.1595441715086105,0.15894499392677425,0.4104938271604938,0.4088020030816641,0.1041430675338948,0.16679798432468773,0.16562554225229914,0.26499118165784835,-0.09896310119005702,0.03486217275362147,-0.0013341684535266851,-0.0019521082769390907,0.0029041302857307216
1648,0.14758135518893123,0.14627059843885515,0.31707860164773993,-0.1145233029199274,0.06516251672548912,0.14619953217108234,0.14423243712055508,0.3215077605321508,-0.11275139144337454,0.06116395715719525,0.15864263133181433,0.1580225498699046,0.41480965645311046,0.4282529121136716,0.10367495888326761,0.16536139101800523,0.16409366869037295,0.27319257837492,-0.13761374974455143,0.023493317013794535,-0.0013818230178488933,-0.0020381613183000635,0.0044291588844108665
1649,0.14581896523968788,0.1448449797799713,0.3174196553330228,-0.08314757694842934,0.07763760433379907,0.14448975979816128,0.14323607427055704,0.3214451134784623,-0.08469736385272997,0.0724657660162199,0.15922598568981192,0.15819454711484107,0.4093276515151515,0.42516869027911264,0.09272213276007191,0.1644455584116889,0.16349958690263947,0.27192008879023305,-0.10943168609770693,0.032168525791748226,-0.001329205441526593,-0.0016089055094142546,0.0040254581454394756
1650,0.14964912949882142,0.14786380394708307,0.32314814814814813,-0.07578179048863776,0.06906528489958064,0.14813699368663938,0.1463456950769898,0.3244239631336406,-0.06768394189478333,0.06474816156368568,0.16066395426046648,0.1600086749078291,0.4239752144899905,0.43065076496340987,0.0958314495821293,0.1680192443474345,0.16673172847538495,0.2722606561035483,-0.10075497922610355,0.034312442045626446,-0.0015121358121820416,-0.0015181088700932655,0.0012758149854924516
1651,0.150526773532223,0.14721739130434783,0.3215130023640662,-0.1033851479188167,0.07781472047955229,0.14899619976780307,0.146,0.3239934071109018,-0.10156503390830007,0.07411133232683009,0.16089245646251268,0.16134782608695653,0.4190800681431005,0.4092770222123937,0.10417413027245781,0.16947300484175365,0.16869565217391305,0.2791169182248254,-0.13023014030173474,0.03228483083726108,-0.0015305737644199235,-0.0012173913043478368,0.002480404746835585
1652,0.14839267437256826,0.14617766342505778,0.3110070257611241,-0.11130232714781252,0.07539736742078174,0.14689736159992314,0.14500021804544067,0.31226591760299627,-0.10048271758775917,0.074963500308599,0.15934550124126964,0.15799572630936287,0.4071669071669072,0.39254902951312887,0.09969392570301183,0.16683758417559846,0.16554009855653917,0.2607913669064748,-0.12953207265460998,0.036783194436523114,-0.0014953127726451132,-0.0011774453796171147,0.0012588918418721673
1653,0.1481071234340469,0.14630552546045503,0.32035647279549717,-0.08875711793026675,0.08582168006596269,0.1467732947126514,0.14435536294691223,0.32447552447552447,-0.0864273102118045,0.08023152570393965,0.16098969999300097,0.1609100758396533,0.42119047619047617,0.4333834604547454,0.0995820600340197,0.1662706425721859,0.1646370530877573,0.2742549854358055,-0.12250630034936483,0.04303549860278566,-0.0013338287213954803,-0.001950162513542797,0.004119051680027297
1654,0.1447237411064851,0.14258381528025393,0.30910326086956524,-0.1059957165530585,0.07448147610361844,0.14343286824474352,0.14080097404009217,0.3121047877145438,-0.10740457780451595,0.0719414372318139,0.15652641357254532,0.15741183632647737,0.40752941176470586,0.439261021106077,0.10961868049691581,0.16217138419745625,0.1598904204896291,0.26466781708369286,-0.12558918839298872,0.02791409678720025,-0.0012908728617415655,-0.0017828412401617588,0.0030015268449785637
1655,0.15126415721329411,0.14901568814914606,0.3108198178182626,-0.09141973956946592,0.07632823017438406,0.1497217084298832,0.1467124418756247,0.3144806338028169,-0.09758213415681072,0.06736456800559365,0.1626367855318484,0.1629655382208509,0.416704701049749,0.4175324045158545,0.10113464408336204,0.16903687980224175,0.16674633870757463,0.26497354497354497,-0.1277446481848743,0.029633803992778374,-0.0015424487834109213,-0.0023032462735213532,0.0036608159845542554
1656,0.14979085657430344,0.14832223527875701,0.32332033937170374,-0.08524066450803836,0.07719537670659382,0.1483080037537776,0.14623318971145058,0.3269979390886192,-0.08081632015768847,0.07591616624159925,0.15906893452757517,0.15894155024589807,0.4155753040224509,0.38977727740456125,0.09531752496068213,0.16699841985033764,0.16490403446925186,0.27332892124420916,-0.11527796144860414,0.04052467671008553,-0.0014828528205258484,-0.0020890455673064356,0.0036775997169154473
1657,0.15161416937582484,0.14995871898492158,0.31608133086876156,-0.0979498586045745,0.08547502952217734,0.1501102458337185,0.1480902098813714,0.3190071247988968,-0.09322447700301983,0.0805782927552029,0.16073137989323963,0.16095250510580977,0.415041782729805,0.4529488035984628,0.0897330614934595,0.1697683623757292,0.16816581931951505,0.271889400921659,-0.1330831000324192,0.036720563450996724,-0.0015039235421063502,-0.0018685091035501866,0.0029257939301352565
1658,0.14952753566757127,0.14790171776473146,0.3226389516493448,-0.1049337051699113,0.07654094430784641,0.148008903349596,0.14590128288758425,0.3265993265993266,-0.10529334646776223,0.07042202964311928,0.16211510359426548,0.1603826918895412,0.4241573033707865,0.4489680920564695,0.10903449114812147,0.1670747320303327,0.16390519678190912,0.27347646931251357,-0.12300354097102129,0.03750648868803552,-0.001518632317975277,-0.0020004348771472114,0.003960374949981804
1659,0.14834647938000725,0.14459922753113744,0.31533426834969613,-0.10362251712774473,0.07716497622186147,0.14685381758395352,0.14334071084494207,0.3193218764514631,-0.1057373933594199,0.07111552855484338,0.16068731579095102,0.16078635594323656,0.4322752604797674,0.429329502366542,0.10978878328328079,0.1668941102136559,0.1650826715271449,0.2708426214890771,-0.13596509056471107,0.03222622212401227,-0.0014926617960537292,-0.0012585166861953656,0.00398760810176696
1660,0.14928259815352232,0.14890561768417387,0.3218549127640037,-0.0893597006815724,0.07809712296450044,0.1478424539172282,0.14638179365562856,0.3231721292688517,-0.08419613923120906,0.07660459054753566,0.15962807856843164,0.15956659849440843,0.4181431608788094,0.4459553134389467,0.10432304971973883,0.16669116766437647,0.16457073234411035,0.2748679577464789,-0.10521173109245674,0.03801196662316042,-0.0014401442362941275,-0.002523824028545313,0.0013172165048480067
1661,0.14791102924981345,0.1450876353672857,0.30843043180260454,-0.0887908498177572,0.08337641089314007,0.1464778040491367,0.1433044839733832,0.3105561861520999,-0.08539591369121335,0.07745231891245041,0.1602182400446272,0.16044013395381204,0.4159250585480094,0.42434158144308004,0.10601490524791857,0.16562267614866288,0.16387596224938025,0.26202860858257476,-0.11712474344456636,0.033233203770873576,-0.0014332252006767354,-0.0017831513939025045,0.002125754349495357
1662,0.14693976122886745,0.14622987612758429,0.3206711722209275,-0.09607406512433148,0.06669563378085319,0.14576189099914416,0.1441149812249126,0.32326283987915405,-0.09257421729827775,0.06409102166948788,0.1588272274095228,0.15909189002546506,0.41368471953578334,0.41949264135736103,0.10033854021932276,0.16590120521269616,0.16427122448098752,0.27230046948356806,-0.12943594700370264,0.027192350091811646,-0.0011778702297232935,-0.0021148949026716934,0.0025916676582265485
1663,0.15097159202890637,0.1495891840194757,0.32340815391662847,-0.11766513524001476,0.07289812634709769,0.1497427478649508,0.14837195148458895,0.326022389764679,-0.10625520823221979,0.0705476703514708,0.16436300210099053,0.16345694039907838,0.4233301975540922,0.44051208738012076,0.09725739757450336,0.1694962589015775,0.16697822023214362,0.27564243356028995,-0.14561303804374426,0.03294037442144093,-0.001228844163955578,-0.0012172325348867585,0.002614235848050539
1664,0.1481483527288681,0.14645060387522807,0.3163748225272125,-0.1023057954369283,0.08501507015416587,0.1467035823723932,0.14410461378051959,0.31789175135901676,-0.09694026197148409,0.0839315780356833,0.15976099954880962,0.15874532974194108,0.412590799031477,0.4220371098158787,0.1058181188290317,0.16616720442205504,0.16404552958554175,0.2660509123676504,-0.12332085927090386,0.03885830590680761,-0.0014447703564748893,-0.0023459900947084833,0.001516928831804265
1665,0.14550028946744348,0.14439729823346034,0.31468692449355434,-0.10826034980798083,0.08217900684638679,0.14412111895675886,0.1427086941461725,0.3190563444800733,-0.11122768857993448,0.07750007788515356,0.15774853382016454,0.1566937997921718,0.4045208382387568,0.45373655309046473,0.10280882999364227,0.16336581543486461,0.16206269483893315,0.26691564147627417,-0.12717942582943453,0.03794186030381841,-0.0013791705106846186,-0.0016886040872878538,0.004369419986518963
1666,0.15268838148348746,0.15096634093376765,0.32734712434644236,-0.10413100687907273,0.07373175846937774,0.1511616142787245,0.1492725298588491,0.32941708088567556,-0.10511673950873401,0.06799927003743944,0.1633449305744565,0.16251900108577633,0.42202683942619157,0.4136374473444499,0.09007996621972036,0.17079470342921657,0.1694245385450597,0.28155550727786227,-0.12881449049641014,0.030419623650288385,-0.0015267672047629688,-0.0016938110749185609,0.0020699565392331976
1667,0.14832002106582234,0.14617998083456746,0.3206509282603713,-0.09752179844024578,0.07259611814758704,0.1469556363989373,0.14535238261172576,0.32353611300979723,-0.10383267764200454,0.06703349347930254,0.160131208295492,0.16081540203850508,0.41260879792989885,0.41527527048765694,0.0965581936417349,0.16614559789195854,0.16403867932746755,0.2738173097885328,-0.1285193962365475,0.024671967159291208,-0.0013643846668850435,-0.0008275982228417023,0.002885184749425951
1668,0.15117605869133266,0.1498096556497664,0.3293577981651376,-0.09635569045355041,0.07747564655545491,0.14968685674229393,0.14825229278421873,0.33188868613138683,-0.09189439963425139,0.07236736216718309,0.16222607810814013,0.16261463921093613,0.419272048530098,0.4246959635902409,0.09322619008595934,0.16984204172858108,0.16763280844436754,0.28011451222197753,-0.11393511455834748,0.03895066846057205,-0.001489201949038732,-0.001557362865547668,0.002530887966249229
1669,0.14937986344635074,0.14836859712386496,0.3202005730659026,-0.08569801841100178,0.08201734684770023,0.14789031380435885,0.14710865881739585,0.32489950342870655,-0.0802565469794354,0.07305205464860165,0.15850755172553793,0.15918668810009992,0.41585838991270613,0.4244158771174388,0.09601194930482992,0.16789092859621024,0.1662684103054264,0.26790993859449624,-0.11996461366678635,0.036316223198636366,-0.001489549641991883,-0.001259938306469116,0.004698930362803944
1670,0.1486625499567946,0.1462051637497834,0.31537421100090174,-0.09229522842440951,0.08480630048938664,0.14708389454451457,0.14516548258534048,0.3202511773940345,-0.09076922620460959,0.07999726471212865,0.160759305965222,0.15989429908161498,0.4137773722627737,0.4194398729865772,0.09567890311623117,0.16611372699565455,0.16457286432160803,0.26621014337684573,-0.1321072871778204,0.03525232313242255,-0.0015786554122800278,-0.0010396811644429182,0.004876966393132787
1671,0.14590324056829987,0.14360041623309053,0.30635562961199714,-0.09831871696756211,0.08407414363293886,0.1446287978598978,0.14199618453000346,0.3114482104764162,-0.09525092623779052,0.08015561803637516,0.15683541953474267,0.15782171349288934,0.41907090464547675,0.448328466839041,0.1082383848117483,0.16452305411571827,0.16306798473812,0.26223224351747465,-0.1301615439744528,0.03313331087761073,-0.0012744427084020737,-0.0016042317030870723,0.0050925808644190496
1672,0.14598732881121151,0.1446697187704382,0.3084004602991945,-0.0967881958562612,0.0771217137995146,0.14483102903221023,0.14401569653368215,0.315644383184011,-0.0937587306750518,0.07541055482594328,0.15928059455870072,0.16032265097013298,0.4153082919914954,0.41219809709685284,0.10107793942951449,0.16450592565525382,0.1618051013734467,0.2608886933567972,-0.1170323385107479,0.034128844588532936,-0.0011562997790012797,-0.0006540222367560355,0.007243922884816512
1673,0.14608298776454873,0.1431731436502429,0.30931500355534486,-0.0977001584938284,0.07688087598355509,0.14451454026082397,0.14165510062456627,0.3111111111111111,-0.0924743448121288,0.07447971290627198,0.1565813634839912,0.15640180430256767,0.4075619936164989,0.4585536237452572,0.10875085864567613,0.16464516054597914,0.16178001387925053,0.262660364618501,-0.12921265389110348,0.027984464227972072,-0.001568447503724757,-0.0015180430256766242,0.0017961075557662576
1674,0.1503527212000391,0.1483597334025794,0.31776122771383436,-0.10591485354012498,0.08188046597451826,0.1490777369597858,0.1469748117372111,0.31998199819982,-0.09655495808819181,0.07915472719048267,0.16389821868886428,0.16424305375227213,0.42730867643638054,0.4434636256916281,0.10955719824318744,0.16798478730094749,0.16536830260538388,0.2672265288544358,-0.12761529727078424,0.03722028435916569,-0.0012749842402532963,-0.0013849216653682994,0.0022207704859856237
1675,0.1532465306724523,0.15194974003466205,0.33102059086839747,-0.09898220180478245,0.06376426209052533,0.15175972486487305,0.1503466204506066,0.33281215099396916,-0.09208339853501146,0.06186148238623246,0.16429742952681908,0.16408145580589253,0.42431875429356536,0.40881359026520314,0.08511767877203413,0.17135765299397201,0.168630849220104,0.28001724509592585,-0.1137233697717569,0.027611447708960957,-0.0014868058075792612,-0.0016031195840554568,0.0017915601255716895
1676,0.15086560225186016,0.14951405761888234,0.3240972064501476,-0.09982039706810353,0.07561679790026243,0.14938691230175918,0.14738805970149255,0.3276912660798917,-0.09178001067909325,0.06968606865318305,0.16331874104045394,0.16348490107601527,0.41980800749239056,0.4329828649094704,0.10357595006506537,0.16924932823455602,0.16782367233599443,0.2734782608695652,-0.13527304499781567,0.03388988141188232,-0.0014786899501009754,-0.0021259979173897936,0.003594059629744073
1677,0.14745151407986076,0.14540484248893518,0.30755148741418764,-0.10189470184212901,0.07232342228247768,0.14617661636900625,0.14366918337238566,0.3103762827822121,-0.10140922300417199,0.06912060914345486,0.1606112150766311,0.16046168532500216,0.41094924812030076,0.4126854497442268,0.09666480213905115,0.1654030717121305,0.16388961208018746,0.2648411829134721,-0.1256604149174274,0.03068685147518113,-0.0012748977108545112,-0.0017356591165495205,0.0028247953680244353
1678,0.15070796900193215,0.14842598213511404,0.336510962821735,-0.0700541476316423,0.09276212090893099,0.14928256906783863,0.14664816581389298,0.33893889152060636,-0.06538533301274341,0.0871364996509505,0.16174475405723704,0.16091405775734977,0.436502263521563,0.3613160855974994,0.09254575086054717,0.16823784649157097,0.1652935564998699,0.2831338902686837,-0.08568713633084879,0.04234789963549057,-0.0014253999340935186,-0.0017778163212210651,0.0024279286988713733
1679,0.14660723182896623,0.14430522926999043,0.3088269726059471,-0.08061386728418363,0.08001861045270309,0.14525849352612327,0.14252153484729835,0.31242713919328513,-0.07776045805570841,0.07613126837611583,0.15701875119778694,0.15722613764900373,0.4169670752223023,0.4227216774600298,0.10377458980962495,0.16467546337650754,0.16222918298094494,0.2629455279085407,-0.11070613525684125,0.03898555519983804,-0.0013487383028429611,-0.0017836944226920781,0.0036001665873380273
1680,0.148421983431701,0.1476370264288504,0.3037770612620912,-0.10144442678994903,0.09011597776103808,0.1471768881030869,0.1458577442173328,0.3045778697952611,-0.0966932652304604,0.08905817573292563,0.1597395243711026,0.16026559041791433,0.4031547204824867,0.4375027637407817,0.09667435033533545,0.16642429615733773,0.16286941804452545,0.2508200306144763,-0.12192402369983424,0.0412455240622418,-0.001245095328614082,-0.0017792822115176021,0.0008008085331698833
1681,0.14822813185870382,0.14732724902216426,0.32180974477958235,-0.06850190397519329,0.08388652435662347,0.14666690196812374,0.14558887440243373,0.32501155802126674,-0.06684239470192366,0.08046536215256794,0.15912047758553144,0.15910473707083878,0.416351606805293,0.4310100815054575,0.1005646901013938,0.16620110480552708,0.16405910473707083,0.27055173941945493,-0.10287543291795531,0.04048052889266962,-0.0015612298905800792,-0.0017383746197305316,0.0032018132416843925
1682,0.14842840095516427,0.1473583842586573,0.30373938976829545,-0.1307685813972319,0.07124413415973518,0.1469212819212281,0.14549473410479782,0.3063042485153038,-0.1305055375468276,0.06717766359710098,0.16004288725001425,0.1602739132319161,0.4100119189511323,0.4434862934498088,0.10634419585826238,0.16748389441109185,0.16452130195466563,0.25688073394495414,-0.1463394617303696,0.02437271030621424,-0.0015071190339361606,-0.0018636501538594752,0.0025648587470083473
1683,0.1466817565987122,0.14419434890504593,0.308152924919392,-0.10891064391498673,0.07803823515362784,0.14526965266168076,0.14323653620096652,0.3133608815426997,-0.11023151862757419,0.07504561943262156,0.15941667066030465,0.15960642605250555,0.4094562647754137,0.43318271107809725,0.10197916092167758,0.16507354185919287,0.1627846227524054,0.26077396657871593,-0.13719350446272993,0.03400403240167926,-0.0014121039370314226,-0.0009578127040794082,0.005207956623307697
1684,0.14326507625313553,0.14141106959770613,0.31775481446688586,-0.09943353205457284,0.08052448195309003,0.14189224442025028,0.14006429750629942,0.3224671669793621,-0.09858731181748126,0.07922681463933623,0.15493104023785823,0.15418368233556348,0.4276668290306868,0.4246792169558804,0.11339872056819,0.1607223183631145,0.1585715526978886,0.2729511867442902,-0.11826037103790943,0.03553868174295338,-0.0013728318328852518,-0.0013467720914067116,0.004712352512476259
1685,0.15121092606023012,0.1485582768803196,0.33146198830409357,-0.09738846173579707,0.07276752820593801,0.14970496380366194,0.14729894042035782,0.3356578335657834,-0.09116593248456506,0.06690967709812545,0.15946110723365262,0.15867639395518499,0.4237167300380228,0.41229608428068476,0.08730367725125066,0.1695596567751539,0.16788257773145734,0.28342245989304815,-0.12084533556153321,0.026555591688750213,-0.001505962256568183,-0.0012593364599617907,0.004195845261689812
1686,0.15162723721808957,0.15016588091496422,0.31245682707805666,-0.09148547131873197,0.08301059313963555,0.15033382349395913,0.14837611314824514,0.31613786806665145,-0.08624230346339234,0.07491479896961217,0.16421255722211348,0.16400384145276758,0.42225897920604916,0.44983164189088504,0.10665883400470444,0.1706943214111667,0.16959140911471976,0.267515923566879,-0.11465989446485425,0.038270677989505675,-0.0012934137241304433,-0.0017897677667190748,0.003681040988594786
1687,0.14511231100871305,0.14318506648187448,0.3198874296435272,-0.0759691649915909,0.08482416568812368,0.14380936798906985,0.1420156784616051,0.3240848682676615,-0.07799287126508037,0.07944572955189655,0.1562419331117224,0.15600502403742042,0.41502640422467596,0.4388435116969376,0.10590763534213432,0.16322829887379217,0.16154878946684567,0.27076374972166556,-0.11316076233682482,0.03598796557118089,-0.0013029430196432046,-0.0011693880202693907,0.004197438624134298
1688,0.14802240830306834,0.1476512980810975,0.3140642303433001,-0.11015068242722859,0.07558802177347002,0.14671436072007482,0.14578449248936354,0.3152534868275404,-0.10774687877752365,0.07517192025007424,0.15961463632164777,0.16041503863853435,0.40208522212148684,0.41232897201878754,0.0970172502283515,0.1650772829772954,0.1638881653208301,0.25906408094435074,-0.12693845371740764,0.027944397344655814,-0.0013080475829935212,-0.0018668055917339665,0.0011892564842402864
1689,0.14852717749148336,0.14731173456093113,0.3093044679871027,-0.10753853613741515,0.07831945957929365,0.14690725032270424,0.14487970120733085,0.31361760660247595,-0.10083050003657312,0.07404808939844376,0.1588523710667371,0.15769130548076088,0.41090394146801984,0.42470269942379335,0.10074415302875583,0.1670564719141477,0.16524798054373316,0.26375545851528387,-0.12889418529733832,0.027490154427179614,-0.0016199271687791228,-0.002432033353600288,0.0043131386153732465
1690,0.14689075212290062,0.1447156594004264,0.31339491916859125,-0.07991666534450381,0.07641418516688647,0.14532305380437582,0.14323630509507027,0.3164295548416705,-0.09219611681138373,0.07041013904951399,0.15547978542653493,0.1542879519644955,0.40188235294117647,0.4386928308563971,0.09356860264509359,0.16429085639177946,0.16211982769873384,0.26461605584642234,-0.10744228433224012,0.021948909673578765,-0.0015676983185247961,-0.0014793543053561453,0.0030346356730792667
1691,0.14615888911602617,0.14372399445214978,0.2981620149761743,-0.09915164324774639,0.08822059872551535,0.14480961705354795,0.14242371705963938,0.30350282485875707,-0.09624546000168621,0.08444869664223909,0.15760324045433588,0.1575502773925104,0.4105822550831793,0.44161464085284774,0.10477505786878305,0.16380880541936227,0.161624479889043,0.25263384218447643,-0.12522256530460463,0.037090370485549196,-0.0013492720624782295,-0.0013002773925104016,0.0053408098825827865
1692,0.14919226839432004,0.14859752120026093,0.3143774363678056,-0.11056028212079294,0.07639298142352569,0.14781056561025624,0.14742335290280495,0.3173734610123119,-0.10561327345255289,0.07106064361821895,0.1598665929530496,0.1598608393128941,0.40539273153575617,0.43594376723362216,0.09686915859590328,0.16765320375305776,0.16586214394433574,0.26432774024842015,-0.1320620977918201,0.027762060639128894,-0.0013817027840637985,-0.0011741682974559797,0.0029960246445063232
1693,0.15112699944871272,0.14983303699206382,0.3201824401368301,-0.0871417637706643,0.08227634069371037,0.14985611792126574,0.14796825534498462,0.32419574082464886,-0.09042815379624203,0.0761482779232795,0.16304157208374234,0.16336354568715036,0.42059095106186517,0.38330111470191264,0.09347590368794578,0.16952898283504153,0.1677869812220825,0.27320375627866345,-0.10779305511492054,0.04128171388462187,-0.0012708815274469765,-0.0018647816470792056,0.004013300687818744
1694,0.14492560585313333,0.14270833333333333,0.3150242326332795,-0.09679146245359294,0.07459817474487485,0.14362994439866777,0.14092881944444444,0.3181609195402299,-0.09844347158823175,0.07095191548477453,0.15789049374398706,0.15785590277777778,0.426217591470802,0.4596538600978843,0.11878225754373695,0.1625598708501719,0.1599826388888889,0.2684117125110914,-0.13090131099833857,0.037063152949725064,-0.001295661454465552,-0.0017795138888888895,0.0031366869069504033
1695,0.14699630887286314,0.1445079200207738,0.3230057803468208,-0.07565979694089808,0.08203764242807587,0.14572841194460062,0.14359906517787588,0.32619705340699817,-0.06786850582509663,0.07798396146501563,0.15900505532560735,0.15870336709079894,0.41790692180486655,0.43313792847937904,0.10166599235447282,0.16518516562818447,0.1641997749502294,0.27389097329507833,-0.11549175487767338,0.03808720672331756,-0.001267896928262513,-0.0009088548428979326,0.0031912730601773576
1696,0.1464932942665984,0.1439968781164636,0.30202247191011233,-0.0927391248795687,0.05915986477500512,0.14507148323319882,0.14156874647704115,0.3063364569388666,-0.09009313150169251,0.052349091691928584,0.15691185870048427,0.15717816415904262,0.405698139863433,0.432780139703675,0.10236570652077215,0.16461475611808393,0.16324849325759874,0.2617003005581795,-0.12188320922675622,0.014889839735007238,-0.0014218110333995837,-0.0024281316394224595,0.004313985028754241
1697,0.15020489330530773,0.14866499611163916,0.31795454545454543,-0.08690831568289892,0.07439068821265304,0.14877756726962282,0.1468504277196924,0.3180788400543724,-0.084935986640156,0.07142453452025377,0.15905216285305313,0.15933638641665945,0.4104967197750703,0.450771430258333,0.10235728016956125,0.16810188138989812,0.1661626198911259,0.26623235613463625,-0.12026938349381167,0.030957723431091044,-0.001427326035684906,-0.0018145683919467692,0.00012429459982699065
1698,0.1497937935050295,0.14814011965663748,0.3177106804867057,-0.11140117311705089,0.08375911296418215,0.14836177004856152,0.1466660886152779,0.3186119873817035,-0.10433095377086643,0.08375911296418215,0.16131567566871985,0.16010578340414464,0.4227941176470588,0.4474476630812798,0.10175310267476168,0.16742423244866889,0.16543830746553367,0.2687205819426615,-0.13146549582670908,0.03438025747933582,-0.001432023456467979,-0.0014740310413595692,0.0009013068949977887
1699,0.15389852782141492,0.15272066144322757,0.3150100964774512,-0.11230949173791105,0.07563191509350131,0.1526785622997714,0.15029652396000173,0.315329448677723,-0.10411934363709752,0.07458285564321476,0.16615586091017853,0.16631314661702956,0.4149472718936268,0.4140267400905404,0.09556404464894674,0.17271288955038494,0.1715510151075711,0.2636421998716028,-0.1365185567178262,0.03031254684112028,-0.0012199655216435235,-0.002424137483225841,0.0003193522002717941
1700,0.14688812543512378,0.14543726235741444,0.32169117647058826,-0.06677126401475553,0.07222625797658033,0.1456812945110625,0.1434929139301763,0.3239954075774971,-0.05840060342357434,0.07158443696375516,0.16193434653560412,0.16280677497407536,0.43789118921521425,0.4896861858577019,0.11458644482303437,0.16527338650657303,0.16306602143104043,0.2741364038972542,-0.09819996803151476,0.03714004260881021,-0.0012068309240612918,-0.0019443484272381462,0.0023042311069088606
1701,0.14446030890447956,0.14240906120670876,0.3124415341440599,-0.11503270975577395,0.07587662271964835,0.14317838204581734,0.1407100849488129,0.3157036346691519,-0.11029591867977107,0.07241153814654666,0.15673814860033045,0.1569592681333043,0.409512485136742,0.44275441913393143,0.0912529355127869,0.16252623434494679,0.16070572859943366,0.2673355629877369,-0.13682316065031686,0.030613955483508204,-0.0012819268586622135,-0.0016989762578958623,0.0032621005250920154
1702,0.15202335488005253,0.1500238270588745,0.31897341888175984,-0.09303313770156141,0.08256261000189924,0.15063475032486712,0.14824762812459386,0.3212979890310786,-0.0893438319811447,0.08001934493869034,0.1632684790636591,0.1628471169258762,0.4246832473017363,0.44415627107951006,0.10418036303917388,0.1697802842777667,0.16808906987826538,0.27236928462043314,-0.11402456221997581,0.03869128766154761,-0.0013886045551854131,-0.0017761989342806317,0.00232457014931875
1703,0.15113896941439559,0.14931263281148358,0.3243616287094548,-0.08758953468943464,0.07529683261342213,0.14967292343778169,0.14727438310421093,0.3278236914600551,-0.08117972964354658,0.073372500061198,0.16134137217652847,0.16050132269395898,0.4168640454760777,0.42408947394393,0.10202367361653553,0.16885273563730957,0.16717984301140554,0.275092936802974,-0.1159369077854383,0.0269747040797933,-0.0014660459766139,-0.002038249707272649,0.003462062750600292
1704,0.15190575647104235,0.1494869907788216,0.3176683235427022,-0.09350005660459992,0.08247136908238673,0.1504816924978015,0.148274817091649,0.32120395327942497,-0.08346485357663325,0.07701744444541314,0.16198388677055392,0.1631672366769124,0.4144767173812817,0.3987678001183776,0.10093080631522044,0.16977396741340542,0.168318974847396,0.2698924731182796,-0.1312784248431016,0.035483710671537105,-0.0014240639732408522,-0.0012121736871726074,0.0035356297367227785
1705,0.15039164468647495,0.14869082711981965,0.32129455909943716,-0.09009726026703702,0.07331811060732218,0.14910433977801035,0.1470001734003815,0.323199251637044,-0.09048304675197372,0.07071201662838889,0.16264971744063286,0.1621293566845847,0.4244326412361178,0.40028136028742445,0.0998133993931436,0.16894097923164686,0.16624761574475463,0.27283001808318263,-0.12490575507150559,0.03857019088821212,-0.0012873049084645982,-0.0016906537194381621,0.0019046925376068335
1706,0.14740317885536527,0.145452964701791,0.3086250285975749,-0.0889384939761988,0.08688108317963161,0.14588234102397868,0.14367066597113545,0.3114045071704985,-0.08376354905226135,0.0822350359507743,0.15861933427445685,0.1586680577290906,0.4066437571592211,0.42007169634698865,0.08814818696931992,0.16507492501500381,0.1629281864023648,0.2595019659239843,-0.112807592788155,0.04316600243538338,-0.0015208378313865956,-0.0017822987306555516,0.0027794785729235993
1707,0.15146703984784113,0.14999782296338224,0.3334885887284583,-0.08831376937909607,0.07589125305768585,0.14998592319569418,0.14882222318979405,0.3362749651648862,-0.09318750451212876,0.07330080985224408,0.1617311779280893,0.16062176165803108,0.4277151762167346,0.4234112456719343,0.10244329591346435,0.1694451383067958,0.16798014542604606,0.28282153983088565,-0.12577477425044603,0.032717199633655936,-0.001481116652146952,-0.001175599773588193,0.002786376436427873
1708,0.14490774033596313,0.14200104220948412,0.3029596830575623,-0.10599017363644003,0.07938352642370072,0.14342540243801513,0.14026402640264027,0.3043579044969866,-0.0998334183967643,0.07443333003732955,0.1575950048805342,0.15672225117248567,0.4035671819262782,0.39809480689462456,0.09789295639013196,0.16341598815042185,0.160934514504082,0.2577068086050122,-0.13940313484364386,0.032464273718096015,-0.001482337897947994,-0.0017370158068438502,0.001398221439424252
1709,0.1496178363996685,0.1484017269198901,0.3170788614092394,-0.08780292132447076,0.09022478670322043,0.14832015812622432,0.14661375430639745,0.3183085501858736,-0.08641046941644859,0.08637596158246641,0.16092690251649105,0.1613972351838123,0.4088973024136299,0.380897041594251,0.10305420377240093,0.16730538994003552,0.16654310758362043,0.26924788607031597,-0.11715990681988664,0.04574947419672826,-0.0012976782734441805,-0.0017879726134926444,0.001229688776634208
1710,0.14626577267867844,0.14375973688765795,0.31098696461824954,-0.06728335498976024,0.0940809290586726,0.14494670297827214,0.14215855980612774,0.3158016147635525,-0.06385954542592231,0.08579908113460633,0.1588008690437115,0.15842998095897526,0.41978798586572436,0.43779827359123724,0.10491103788245149,0.16462201723711198,0.16336333737233857,0.26657854152897115,-0.0992986621091575,0.042478645839490126,-0.0013190697004062946,-0.0016011770815302084,0.004814650145302968
1711,0.15336997263379648,0.15155598052851182,0.3306432470923333,-0.09968111273977287,0.08814781668344707,0.15187096774129377,0.14990438108484005,0.3331766917293233,-0.10223989225022523,0.07883122533083387,0.1626704529040398,0.1638125869262865,0.432223830197781,0.4381519284781871,0.10266436600030959,0.17198752300884226,0.17063630041724617,0.28105906313645623,-0.13189421716447625,0.04351484415697415,-0.0014990048925027089,-0.0016515994436717696,0.002533444636990012
1712,0.1484272082798827,0.1463340299547196,0.3047034764826176,-0.09635161451250607,0.07978282532645087,0.14681289779730772,0.14398293277603622,0.3078484438430311,-0.09453713521662077,0.0728065846381285,0.15967038535301473,0.15961337513061652,0.40482322641067664,0.403201349825574,0.10726498561378162,0.16621154815278344,0.16466388018112155,0.260616512179349,-0.12610906049434034,0.02946933187733769,-0.0016143104825749877,-0.002351097178683398,0.003144967360413531
1713,0.15552064407937258,0.15380274353186318,0.33088235294117646,-0.12030967570684004,0.08005095735426926,0.15398837833473206,0.1525004341031429,0.33479061205706395,-0.11758526492535726,0.08132836624822048,0.1672248042133385,0.16734676159055392,0.4332706766917293,0.42502238887295846,0.10048949965748699,0.17394117262189243,0.171080048619552,0.28067856356025556,-0.12827332628334964,0.04023838015945991,-0.0015322657446405208,-0.001302309428720283,0.003908259115887491
1714,0.14629270776086892,0.14471049194601654,0.30783242258652094,-0.10713450292397664,0.07043887878142197,0.14486064915040286,0.14275141488898563,0.3106267029972752,-0.09876218323586738,0.06787992908590967,0.15609099217220665,0.15572485851110143,0.40279091769157993,0.40319688109161794,0.10541119128675536,0.1637033326291268,0.16238572050500652,0.26029187540840776,-0.1409259259259259,0.02800296299751137,-0.0014320586104660527,-0.0019590770570309113,0.0027942804107542463
1715,0.14959093991346414,0.14838176439881678,0.32797504798464494,-0.08385454082260024,0.09035827813395625,0.1482390702657478,0.14646772228989038,0.32919254658385094,-0.07735551660656637,0.08643344945053155,0.1617249435328344,0.16117104576300678,0.42630937880633374,0.4021933958517562,0.10409517852594297,0.1676846942201061,0.16530363668000697,0.27500569605832764,-0.10509078585763376,0.042170103743019216,-0.0013518696477163306,-0.0019140421089264004,0.0012174985992060017
1716,0.14567538926074283,0.14435855120298793,0.310161662817552,-0.10070396884727184,0.07572144208984999,0.14406999242442958,0.142404238686702,0.3139641708773542,-0.09308479145770643,0.07057497183526518,0.157077873956463,0.15773473464778945,0.4229484732824427,0.4281833363880397,0.10531364605371196,0.16363959224324853,0.16155650134630417,0.2616471627290793,-0.13209274491981127,0.033048626228918354,-0.0016053968363132498,-0.0019543125162859443,0.003802508059802201
1717,0.14950811061949904,0.1479746725648365,0.32445464982778416,-0.09803368461761575,0.07325471235544223,0.14814161450542165,0.1461965478358921,0.32610680054769514,-0.09191901769312583,0.06748020038425662,0.1596556025096635,0.1592939543759216,0.4239642184557439,0.40347141061587544,0.09613888942643711,0.1668047558665949,0.16454159077109898,0.2760575665067597,-0.1197722130909794,0.02385055437974304,-0.0013664961140773813,-0.0017781247289444246,0.001652150719910983
1718,0.14785365511150297,0.14581711220693833,0.3094357076780759,-0.10353597526809699,0.07369055250531209,0.14636778308120113,0.14378406436542954,0.31073316478970353,-0.10208267082534705,0.067891854428767,0.15842200739300946,0.1578423739077775,0.41051136363636365,0.42883849025062465,0.09516721204807155,0.16624395247642712,0.16489315684747816,0.26299422478898266,-0.13240462053885949,0.035462098519200014,-0.0014858720303018436,-0.0020330478415087894,0.0012974571116276534
1719,0.14389109602483138,0.14104733394073496,0.3046311380032581,-0.11625825781576171,0.0715653140113337,0.1425408911373051,0.13978914486528699,0.3072638663262938,-0.11177877649254642,0.06896985647490061,0.15709360016764784,0.15692654778949194,0.4109390125847047,0.4298042682777082,0.10725285513728788,0.16240086686988287,0.16057095752527226,0.2592838196286472,-0.14278936123185737,0.022467908947142234,-0.0013502048875262962,-0.001258189075447974,0.002632728323035738
1720,0.14580344511998283,0.14450539881574365,0.31314759382915036,-0.08875132200563407,0.0725112700556163,0.1444561086328653,0.14215430163706025,0.31517241379310346,-0.08648365484717169,0.07100866824866148,0.15917960839836487,0.15900383141762453,0.4142823362497044,0.3997096499652611,0.09698221376887939,0.16405934119066393,0.16300940438871472,0.26688741721854303,-0.11879562202848803,0.03237033606982509,-0.0013473364871175453,-0.002351097178683398,0.002024819963953095
1721,0.1452428372628322,0.14320419938397466,0.31634323123684827,-0.0834815141173747,0.08385506408368693,0.14366838308662988,0.14120862435469178,0.319609211444522,-0.08244322806598314,0.0791267122623509,0.15495370624203317,0.1537460413864908,0.41445142580956984,0.3982404994287336,0.11372965059121931,0.16315178098519167,0.16181510563533036,0.2677498330736702,-0.11892109055879563,0.03743124620147842,-0.0015744541762023057,-0.001995575029282881,0.0032659802076737132
1722,0.1481789846416976,0.1477504890241252,0.3184947223497017,-0.09408550252500092,0.07604011537926714,0.14671436843749824,0.14618561182351664,0.3213062343000685,-0.09119043909767877,0.07155809094705834,0.15953929585482002,0.15883503586176917,0.41786471835965117,0.44070527085357325,0.10058453488898178,0.16673750400010776,0.16544229515322756,0.2731857048892787,-0.11474278561812845,0.03271387920124902,-0.0014646162041993538,-0.0015648772006085498,0.002811511950366774
1723,0.14579745303332145,0.14372837370242214,0.32686915887850465,-0.10313245735497756,0.07435921956537062,0.14422632248255898,0.14186851211072665,0.3280558789289872,-0.10428144241817172,0.07111530298928359,0.15589237096148054,0.15631487889273357,0.42115338597750657,0.3930844146278845,0.09620159117769023,0.1634881220434526,0.16020761245674742,0.2780259044216168,-0.126117945631542,0.03153952076102118,-0.0015711305507624673,-0.0018598615916954886,0.001186720050482537
1724,0.15229429100883748,0.15115163147792707,0.334984241332733,-0.09797667235572194,0.07686593481526727,0.15090341139342509,0.14914500087244809,0.3375953342305967,-0.09944928181969215,0.07349676681604078,0.1633578265280805,0.16340952713313558,0.4374422899353647,0.43832220695071666,0.10002896480994938,0.17015398694824727,0.16772814517536205,0.2883116883116883,-0.11384341000971676,0.03938394082387264,-0.0013908796154123992,-0.0020066306054789818,0.002611092897863654
1725,0.1442438139088749,0.14177939646201873,0.3093845073718699,-0.1049439087921884,0.0917606677948305,0.14282509730839416,0.1404786680541103,0.31133828996282525,-0.10384262355683704,0.08513612028286088,0.15438998609858942,0.154786680541103,0.407512402551382,0.3906132180633283,0.10030847103608154,0.16148088722370174,0.15881893860561916,0.2614393602843181,-0.13740538068717312,0.042824494238667965,-0.001418716600480735,-0.0013007284079084303,0.0019537825909553552
1726,0.1446133599605494,0.14410897102203712,0.30296756383712903,-0.07969063483436334,0.07981880779184736,0.1431630118584565,0.14259066458441783,0.3050847457627119,-0.07545158389865192,0.07577033649434306,0.15630269776013994,0.15547457921221586,0.4012243936896633,0.4085819393280592,0.10112655146292249,0.1627330702227095,0.1609838625715773,0.2525142107564495,-0.11352755466983377,0.031450229658506856,-0.00145034810209288,-0.001518306437619299,0.002117181925582856
1727,0.14652408279207169,0.14461391387476644,0.31160092807424594,-0.08589171436204035,0.08483674215060188,0.14503868243937715,0.1430495806717942,0.3140152389748326,-0.08282091835166683,0.08035002963230953,0.15684964543784882,0.15625950549689305,0.4133522727272727,0.4074423104655588,0.10321089817789442,0.16398121853428935,0.1626471994090297,0.2650442477876106,-0.12542021574621098,0.03996961696767809,-0.001485400352694538,-0.0015643332029722234,0.002414310900586636
1728,0.1518715976213176,0.1494567579313342,0.31474373447730863,-0.10543636033880732,0.07317032388083655,0.1504770324697531,0.1485006518904824,0.3216374269005848,-0.10820900888104468,0.06957646533059225,0.16476406177019137,0.16458061712299,0.4212376933895921,0.4096113347040425,0.10762908527435622,0.17078574472856106,0.1690569317687962,0.270481144343303,-0.1315468430941087,0.03406068671641249,-0.0013945651515644975,-0.0009561060408518063,0.006893692423276143
1729,0.15028690847322665,0.1495891840194757,0.32455532455532454,-0.08914999266590473,0.08401118108555261,0.1489726522158381,0.14815458853193061,0.3273356401384083,-0.08225390024731627,0.08273233886605824,0.16166355396109447,0.1618484545494066,0.4207920792079208,0.4186058028015018,0.10255439326822147,0.16827580572045595,0.16641307655523194,0.27314917127071825,-0.11168760595111782,0.04223566858206873,-0.0013142562573885408,-0.0014345954875450984,0.002780315583083781
1730,0.14797828571265628,0.14645873944119558,0.3320102731730096,-0.1114136200455359,0.08057831282538186,0.1462576401188956,0.14407623998267274,0.33488372093023255,-0.10347796614291227,0.07692034666825531,0.15658348532969815,0.1567251461988304,0.42575210589651025,0.4449319240905733,0.10812064624374496,0.1660189651244653,0.1648256443578081,0.2812989921612542,-0.12768511510133118,0.04141655749614659,-0.0017206455937606724,-0.002382499458522841,0.00287344775722298
1731,0.15264638852377438,0.15171722454672246,0.3186862967157418,-0.07659095133481586,0.0858488084352712,0.15118572682640502,0.15006101813110181,0.3229799684897592,-0.08169492461685113,0.07996921050128813,0.1632950574314833,0.16191596931659694,0.4171557562076749,0.4137289371711295,0.08269902382778027,0.17041423315173124,0.1679741980474198,0.27079722703639514,-0.10265201478326358,0.043641694694891875,-0.0014606616973693587,-0.0016562064156206424,0.004293671774017405
1732,0.15319129589335262,0.15161122209676017,0.3208020050125313,-0.1093103941927932,0.06957832953812304,0.15192260951465406,0.15035177625293147,0.32193022202084276,-0.10797821923178763,0.06424450020171557,0.1655833261749669,0.166290280552419,0.42186046511627906,0.4073208569709593,0.08856676197573388,0.17151009699031475,0.16928689307739078,0.27035901926444833,-0.13833075553384777,0.031388111489445314,-0.0012686863786985636,-0.0012594458438286993,0.0011282170083114496
1733,0.15437650997153238,0.15203230849400728,0.3200092421441775,-0.09758110590585134,0.07223478011630569,0.1527596094317981,0.1506426958485322,0.3238466834978196,-0.09185238082780045,0.06599722281748932,0.16311228640540604,0.16293208268195242,0.4242932438907523,0.44274914202856436,0.10535836025484802,0.1732795623288247,0.17140003474031615,0.2701275846898372,-0.12626580109269048,0.025345556283823845,-0.0016169005397342895,-0.0013896126454750746,0.0038374413536421126
1734,0.1494268662371663,0.14800242130750604,0.320864312267658,-0.10206820375445824,0.08871119230006985,0.14804146867378015,0.14640262884814942,0.3232978230662344,-0.09547582481572359,0.08573028194235743,0.16077094087329605,0.16006572120373574,0.4215456674473068,0.4244908789666536,0.09595054602594266,0.16735424102883548,0.16633517813905224,0.2694941462337089,-0.12296444258631278,0.04122954874508045,-0.0013853975633861537,-0.0015997924593566248,0.0024335107985763993
1735,0.1450689675933995,0.14263411249403704,0.3198779629195025,-0.09427506306420774,0.08680372572138995,0.14371047430181777,0.14198360726831172,0.323062558356676,-0.08804775010902732,0.08185898636408417,0.1564593104400428,0.15603452014397848,0.4143633356957241,0.4620095070883161,0.09282340841724046,0.1622128946890126,0.16002428552842707,0.2685433422698838,-0.1255824134070509,0.040581162163966455,-0.0013584932915817194,-0.000650505225725323,0.003184595437173532
1736,0.14468630354094042,0.14349795313997038,0.32370076905150313,-0.1093464083918747,0.07228585390425002,0.1436086518532215,0.142191446738089,0.32899628252788105,-0.11070148751881659,0.06946996727438037,0.15984969429345133,0.1598292831634875,0.4274271844660194,0.41867587829466263,0.10932559342022863,0.1632254839234884,0.16205034404668583,0.27767857142857144,-0.13501517821473064,0.03134719443922107,-0.0010776516877189224,-0.0013065064018813743,0.005295513476377911
1737,0.149060215493954,0.14704861111111112,0.3139612558450234,-0.09511760173275952,0.06713500774944314,0.14787775834256633,0.14487847222222222,0.31525122276567363,-0.09082985036266467,0.06566367069795254,0.16247148166087763,0.16380208333333332,0.4246702152279565,0.45814922118908347,0.10286747899992954,0.16750186768773065,0.16597222222222222,0.26736706689536877,-0.12025731230650116,0.030771963476889375,-0.001182457151387678,-0.002170138888888895,0.001289966920650254
1738,0.1483514898422295,0.14647299295468383,0.30540293040293043,-0.09097263266859357,0.07907019885477928,0.14699757110655834,0.14477689832130122,0.3064994298745724,-0.0823372926362782,0.07545597468576326,0.158896271439617,0.16008523962772897,0.40023474178403756,0.4235930851351437,0.10203115239911642,0.16632394453587607,0.16443420022614594,0.2564326210204972,-0.12890736140979175,0.03272308892269149,-0.0013539187356711724,-0.0016960946333826055,0.0010964994716419763
1739,0.1476376583351935,0.14611376465479808,0.32830976118710875,-0.10214230309503836,0.08145872305619106,0.14623343204983644,0.14368215371254886,0.3278008298755187,-0.10547862465349311,0.07610689868008935,0.1596018448231086,0.15835866261398177,0.4251173708920188,0.41925338877444623,0.09280459073352687,0.16540315014280113,0.16482848458532348,0.278232044198895,-0.12340511431550572,0.03607525234684794,-0.001404226285357052,-0.002431610942249224,-0.0005089313115900773
1740,0.14882041396793338,0.1476589066178394,0.30841766329346826,-0.09955619305478314,0.07290672688421329,0.1473054275331373,0.14530473450170023,0.30982367758186397,-0.09124365127850709,0.06883154760720378,0.15973294687805298,0.16025808701717673,0.40553435114503816,0.42492004473010553,0.1063660935796592,0.16684472156931268,0.16466126078995552,0.2598373268850297,-0.11203277804961831,0.029795619795850214,-0.001514986434796084,-0.0023541721161391693,0.0014060142883957072
1741,0.14871028713530696,0.14670320111343077,0.32060185185185186,-0.08351942117370947,0.08834075318495493,0.14726093572762491,0.14496346555323592,0.3241252302025783,-0.08641081524591221,0.0832343512667495,0.16051204330340746,0.1590118302018093,0.42092914124824027,0.41783986828878067,0.10068122448728489,0.16636337030309567,0.16305671537926236,0.27110030932390633,-0.10849715294428675,0.04451080338702451,-0.0014493514076820424,-0.001739735560194855,0.003523378350726414
1742,0.1481378097709768,0.1461347933776561,0.3092855480567838,-0.09551223368577744,0.06929568096478944,0.14649183880950775,0.14413592317385826,0.3135573580533024,-0.09050594472050233,0.06539389264627371,0.15695128519547089,0.1560856906965628,0.4129807692307692,0.4161749714397293,0.09899262538904774,0.16633840116880982,0.16390735671142398,0.2663103985749276,-0.12785032135851793,0.027243073531898032,-0.0016459709614690399,-0.0019988702037978534,0.004271809996518605
1743,0.14742498171559573,0.14614983939578088,0.30550416281221093,-0.0969535708515381,0.08423533338291833,0.1458683450509825,0.14410973174754754,0.30799265043638036,-0.09259820420780751,0.07783962477502704,0.15703080667535374,0.15765257400816043,0.40061743053906435,0.38272202506245273,0.10832583580597566,0.16520726157743212,0.16286135949301156,0.25437445319335084,-0.12842863098809243,0.03136414222434991,-0.0015566366646132257,-0.0020401076482333413,0.002488487624169422
1744,0.14835837532194987,0.14735741362032156,0.32919551205538317,-0.07981699745637838,0.08171028148643689,0.14690533498256123,0.14561457017123436,0.33088757396449703,-0.07796764087769126,0.07383164365126216,0.15972057330503697,0.15894732255675134,0.42193486590038315,0.43101815566888146,0.08455534514913887,0.16677055180143166,0.16487299028364777,0.27645592567414456,-0.1147258719794293,0.032687646067571796,-0.0014530403393886449,-0.0017428434490872058,0.0016920619091138622
1745,0.14798213065433719,0.145541539799913,0.3110651974288338,-0.09314404946625932,0.07938286878382184,0.14667879667509712,0.14406263592866464,0.3149082568807339,-0.08228216117006193,0.07853093324849558,0.16061826977998675,0.16046107003044802,0.4182883939038687,0.43508119493931696,0.09876440221249783,0.16657726591904928,0.16302740321879078,0.2663755458515284,-0.11779156557541182,0.03167447880554308,-0.0013033339792400678,-0.0014789038712483549,0.0038430594519001104
1746,0.14818526393679007,0.14646946564885496,0.317162471395881,-0.09805437841739473,0.07552289675495782,0.14659676928481494,0.14477793199167244,0.3211197086936732,-0.09697296938355648,0.07041188378641927,0.15810285878272148,0.1570523941707148,0.41522818633246633,0.4389932978567791,0.1055500979451216,0.16609212510168048,0.16360166551006244,0.2684404066623405,-0.13231491466519563,0.021644301711614244,-0.0015884946519751364,-0.0016915336571825257,0.003957237297792182
1747,0.14831091950174363,0.14644804014882756,0.3139325842696629,-0.10700350443576379,0.06543397821510732,0.14700011584248898,0.14480401488275504,0.315329448677723,-0.10113582802186194,0.06289381992402654,0.1627005562766832,0.16271523751838712,0.4177423140107956,0.44162289849109027,0.10544147129963133,0.1664954116600286,0.16388336073375442,0.26698296312270864,-0.12380910767968922,0.02584984484576358,-0.0013108036592546501,-0.0016440252660725185,0.0013968644080600834
1748,0.15171760293734823,0.14965131892406983,0.33325532412824715,-0.10110483460878483,0.08226124966584558,0.15048056445456112,0.14718239701996794,0.3344955834495583,-0.09844129511426714,0.07601889493947034,0.16329784694652155,0.1646814224455321,0.42644628099173554,0.4031518349978348,0.09044088689350982,0.17013452427259884,0.16909949322129336,0.28217054263565894,-0.1318160222132626,0.030169875742300123,-0.0012370384827871117,-0.0024689219041018895,0.0012402593213111657
1749,0.15005112244923377,0.1480757536269655,0.31945722171113156,-0.10394609317661363,0.07461998723936114,0.14863895988942366,0.1471201459473547,0.322794959908362,-0.0948544628493081,0.07098226752732084,0.16419818258444394,0.16410390061680133,0.413711021185432,0.4410726472739659,0.10607556357288572,0.16902351393426746,0.16671010337937625,0.26869927615705197,-0.12010000624885897,0.029469466107567177,-0.0014121625598101095,-0.0009556076796108093,0.003337738197230433
1750,0.14682842089151382,0.14479284287327368,0.31589814177563663,-0.09226479868235671,0.07145234568524983,0.14536666798044004,0.14314253452618778,0.3189102564102564,-0.08583037326612819,0.06952535886742062,0.15752450935704312,0.157474159645618,0.4176470588235294,0.40548367952890285,0.09479029714562681,0.1649693801333763,0.16320680969339008,0.26905337140347024,-0.11392439798186249,0.029915074278707543,-0.0014617529110737826,-0.0016503083470859048,0.003012114634619756
1751,0.151906992269096,0.15003462004500606,0.30275229357798167,-0.11215516844447848,0.07005573091036088,0.15039659533324248,0.14748139172580924,0.3040695016003658,-0.11070539482771846,0.06705823631150687,0.1612141511114296,0.16132940972823265,0.4026340545625588,0.407784360371422,0.09317926067294946,0.17061897570954054,0.16842651895447464,0.2574106364428945,-0.13598035453917579,0.021239390300451744,-0.001510396935853503,-0.0025532283191968264,0.0013172080223841087
1752,0.14371096874488148,0.14135877071823205,0.30983981693363843,-0.10530488242713476,0.0749823201449411,0.1422693323909596,0.13993439226519336,0.3142337426102774,-0.10694430573587665,0.0690245875568073,0.15421524926293725,0.15374654696132597,0.40322958109056867,0.4146078707545662,0.09562160803954745,0.1610685004190782,0.15888294198895028,0.26628771316134675,-0.13715577820582114,0.03157598271710915,-0.001441636353921888,-0.0014243784530386938,0.004393925676638988
1753,0.1451803477225505,0.14286334621564115,0.30751445086705204,-0.07576654258331705,0.08354151765309581,0.14371885291848782,0.14047505319379913,0.3084862385321101,-0.07241013753819836,0.07607630451125613,0.15559710388664946,0.15463111728689913,0.40476190476190477,0.44542142121652395,0.11020299315966586,0.1634073645522905,0.16140518476703286,0.2612021857923497,-0.11412074510864267,0.03021856663995559,-0.0014614948040626852,-0.002388293021842014,0.0009717876650580659
1754,0.14825752021628477,0.14613067958622497,0.3059202948629348,-0.09020213456613746,0.07670648745554287,0.14679622580085913,0.14447208764349004,0.3087494273934952,-0.08714929126383053,0.07135226684752005,0.16064277097329263,0.16057788835057396,0.4117787315212208,0.4192072011670513,0.10818930463071752,0.16686481526261432,0.16468072105102352,0.258446687143484,-0.1253931394794382,0.030231852577904172,-0.0014612944154256402,-0.0016585919427349327,0.0028291325305603854
1755,0.14926684362690873,0.14644861032577966,0.31334894613583136,-0.07636839554047503,0.08040146747039967,0.14787519597657361,0.14514375190291853,0.317016317016317,-0.07787106156083379,0.07608298264834323,0.15888924129135187,0.1591057370275325,0.4189770554493308,0.4275365971885603,0.09897095220524177,0.1671998248463343,0.16480361880735941,0.26683123877917414,-0.09425729520116333,0.04023955862527595,-0.001391647650335115,-0.001304858422861127,0.003667370880485632
1756,0.14994319512766593,0.14912584386359704,0.314070351758794,-0.09432089270431765,0.0825714655255525,0.14872722243020947,0.14752466678206683,0.3185639627357419,-0.09562992014541138,0.07770978096997982,0.16153693241700343,0.16085338410939934,0.4222015791918254,0.4089867579542915,0.09779065196038883,0.16796380872564867,0.16660896659165658,0.2640730276026951,-0.12080724262268028,0.03543426309543474,-0.0012159726974564633,-0.0016011770815302084,0.004493610976947893
1757,0.14571824607228798,0.14350164844698943,0.3206070666350486,-0.10487905176584422,0.06750874047354904,0.14444655520244434,0.14250390421655387,0.3235016517225106,-0.10008012820512813,0.06288851602004364,0.15811619553487566,0.15794724969633872,0.424956586454974,0.4326557208514756,0.10843072849031143,0.16509427233375318,0.16349991323963214,0.27189988623435724,-0.1284388606676342,0.028346837962883953,-0.0012716908698436336,-0.0009977442304355544,0.002894585087461987
1758,0.15162768537568594,0.15048837410320684,0.31724292770543333,-0.06302885383783441,0.08583402454026945,0.15041519834157624,0.14845708358544385,0.3211336755188574,-0.0646332099076482,0.08021328856250931,0.16655821731191053,0.16764629613622611,0.4257874461817358,0.3899053384082212,0.09436921621020145,0.1697999366329914,0.1679920477137177,0.2659232253913789,-0.09772482907645341,0.042325364564274826,-0.0012124870341096994,-0.0020312905177629903,0.003890747813424078
1759,0.14720400664146577,0.14420239541746224,0.31436990027198547,-0.09804700331071003,0.07303668272545649,0.14571353078556468,0.1431175143204305,0.31904332129963897,-0.0955958189047299,0.06879818630138435,0.1595120946555189,0.1590435688248568,0.42115158636897765,0.42395219772728426,0.1063088796544226,0.1651185677300144,0.16216802638430827,0.2692307692307692,-0.12035282615654819,0.032770966696771375,-0.001490475855901091,-0.0010848810970317535,0.0046734210276535015
1760,0.14697244485035435,0.14585130239779195,0.31999085086916745,-0.08856685959849597,0.0769476599844996,0.14561963145210097,0.14399689494566154,0.3236164882714644,-0.09197539883510342,0.0729134283627958,0.15657394012500372,0.15533896843194755,0.4146170063246662,0.44433040832654813,0.09881744193373665,0.16383598188677953,0.16318785578747627,0.27564382365779133,-0.1198389164552548,0.032358784165667065,-0.001352813398253383,-0.0018544074521304188,0.003625637402296933
1761,0.14962609624166942,0.14868386760489966,0.3245125348189415,-0.10232634716014055,0.0796355003154422,0.14833181049951377,0.14659890539483972,0.3263279445727483,-0.09779371543625015,0.07491468996956652,0.16155323100253652,0.1617148814177743,0.422673031026253,0.44679778850100704,0.1049562103524121,0.16739092649017198,0.16558074884892712,0.2731297034085879,-0.1239079837704884,0.03457321974117378,-0.0012942857421556486,-0.0020849622100599374,0.0018154097538067848
1762,0.15364067619138513,0.15175232628924254,0.328770197486535,-0.10916268303043242,0.07435053655297896,0.15247450932170742,0.14901295764849118,0.32834152883325884,-0.10468421968544561,0.07056482858819069,0.16547985071038654,0.16627532828941646,0.42605878268919234,0.4302607210687376,0.1027433462888907,0.17148959055717056,0.17027567614575181,0.2772511848341232,-0.13136513070107558,0.03523155425016733,-0.001166166869677715,-0.0027393686407513607,-0.0004286686532761763
1763,0.1490620252451922,0.14755238674897836,0.3192660550458716,-0.09188305032553756,0.07125724838159275,0.14779998426718383,0.14537866272498043,0.3184,-0.08854709780231884,0.06804474572750441,0.1633744314391413,0.16276845491696373,0.4176526265972551,0.40988341361800296,0.09995560542478132,0.16783671927529142,0.16620293887488044,0.27159140727750986,-0.12109910346821995,0.02799554597320375,-0.0012620409780083608,-0.0021737240239979305,-0.000866055045871561
1764,0.14782581721654878,0.14548698755331185,0.304903078677309,-0.11205194410692587,0.06428845879032974,0.14633912384609538,0.1447471494472974,0.3117206982543641,-0.10735722964763061,0.05871155841536502,0.1589260251981072,0.15741143702672122,0.3992001881910139,0.40873405224787357,0.09303094533822454,0.16572772991548065,0.1633301418748368,0.2580225498699046,-0.13592496962332923,0.015597828593522878,-0.0014866933704534013,-0.0007398381060144399,0.006817619577055123
1765,0.14955200219964762,0.1491902218748643,0.3247663551401869,-0.08661776858416625,0.07966951361427554,0.14812723831882627,0.1465850375580739,0.3270528029774366,-0.08331322961863474,0.07557350132681528,0.16099804640636142,0.1616516868568451,0.4189837008628955,0.4533715172324656,0.10295210977457603,0.16774782868291419,0.166123919934002,0.2755466309683177,-0.11031836681223217,0.03612243561075057,-0.0014247638808213559,-0.00260518431679041,0.0022864478372496833
1766,0.14933413638836962,0.14707284309052304,0.3277790458799361,-0.09689978954184875,0.07333320640222785,0.14813564647489738,0.14559951466828444,0.3288544750626281,-0.0919217975386476,0.07120437989062967,0.16052553192915958,0.15937946873510422,0.42617924528301887,0.42353420021320726,0.1033496602157622,0.16704753697786115,0.16501278329072236,0.27947882736156354,-0.13770163815248904,0.025647492542428485,-0.0011984899134722393,-0.0014733284222386012,0.0010754291826919893
1767,0.14818247667512616,0.1460142410559222,0.3132501765121205,-0.1075332738284902,0.07249714894484205,0.14676749059521427,0.14410385550538382,0.31682703590706407,-0.10781077867554334,0.0698814971488767,0.16081883432028773,0.160732893365752,0.4189655172413793,0.43205051403550654,0.11369366473129783,0.16720743640321128,0.16516151441472735,0.26819407008086255,-0.12755125922920185,0.028249039396426756,-0.0014149860799118896,-0.0019103855505383793,0.0035768593949435656
1768,0.14800202412817046,0.14533669740734295,0.31354748603351956,-0.08223464214382492,0.08274294011120009,0.1465250979471683,0.14342265529841655,0.3164234422052351,-0.08043018422077097,0.07823671152630596,0.15839432246004995,0.15890899599791194,0.41350210970464135,0.40129928230034134,0.08918040951819184,0.16578931745032255,0.16321559074299635,0.26660702303735184,-0.10119710379285529,0.04519103523708179,-0.0014769261810021472,-0.0019140421089264004,0.0028759561717155435
1769,0.15003978540682575,0.14775679889139096,0.3267025509010063,-0.09435152715683082,0.07674688318711065,0.1488155849966953,0.1461112073445349,0.3270352227665034,-0.09118404537558178,0.07372024554029499,0.16151217379806726,0.1625238177723887,0.43353437876960194,0.3995217419493014,0.10441899881513927,0.16855371387508367,0.16663779663952885,0.2779273216689098,-0.1281435473178385,0.03675202856847548,-0.0012242004101304382,-0.0016455915468560622,0.0003326718654970695
1770,0.14826903512082096,0.14732781413896234,0.3167673014398514,-0.11580044658026312,0.08276776207543124,0.14697727126670357,0.14563738026093365,0.31815012781780155,-0.11334085723993981,0.08340977190956411,0.16026306581990288,0.16063456287113692,0.41274694261523986,0.42764671617882627,0.0943239390898244,0.1659141471863209,0.16384205279355035,0.26849194082578937,-0.1430491238289403,0.03504503107154844,-0.0012917638541173893,-0.0016904338780286965,0.0013828263779501748
1771,0.14597871483312977,0.14378971189833753,0.3098624387969224,-0.10741279069767451,0.07499609386054218,0.1446546919961736,0.14248411524066498,0.31427243142724315,-0.10550249169435222,0.07218578833571065,0.1597200561082456,0.15958743145617546,0.40877487413090385,0.3985672757475084,0.10050502093209068,0.16451264083610287,0.1627643833231787,0.26375838926174494,-0.13259966777408638,0.03586799386096362,-0.001324022836956179,-0.0013055966576725475,0.004409992630320769
1772,0.1476446157247451,0.14652765660443204,0.3082985628187297,-0.10271267875139922,0.07455463878377033,0.14606788145299315,0.14412842435875065,0.31010613751730504,-0.1039318341205594,0.07024512209106681,0.15598193614235448,0.15608096318269063,0.3972242163196937,0.4407139257731767,0.10364387645951889,0.1662056406252824,0.16515442331181296,0.2577024647887324,-0.1233214843042455,0.024995196817680254,-0.0015767342717519506,-0.002399232245681393,0.0018075746985753427
1773,0.14602725951543138,0.1444651283605351,0.3121668597914253,-0.10682254887832066,0.06814534889255464,0.14464690603442235,0.14234382440798302,0.3147722043258168,-0.10917639429312587,0.06144663495247271,0.15974047023641816,0.1593142560283995,0.41416309012875535,0.39225416726713747,0.09429194201351976,0.164960418286194,0.1627343175029222,0.2674906201721474,-0.14490752750156122,0.021470438858435137,-0.001380353481009039,-0.002121303952552084,0.0026053445343915405
1774,0.1452657764438349,0.1432986549427589,0.3115649489432439,-0.08967674330563746,0.08910947331516628,0.14386319329835362,0.14160100988116484,0.3184383819379116,-0.08875837984020118,0.08022624333131723,0.15755485811101788,0.15692334479606496,0.4185427257322682,0.41108554063592295,0.10644260499096947,0.16363673795910544,0.16014451747703826,0.26288543776727435,-0.12196316643994376,0.038843391455337106,-0.0014025831454812787,-0.0016976450615940608,0.006873432994667694
1775,0.1497051909041733,0.14873335074431968,0.3261517304606922,-0.1096552347558003,0.07854830982961891,0.14846965855106448,0.14664403238443458,0.32868889904065784,-0.10476045480244134,0.07535457603363649,0.16195298560638685,0.16122573343779925,0.42645011600928073,0.40986052862576805,0.08983283590875701,0.16747416341805355,0.16610080961086446,0.2731857048892787,-0.13309933479711267,0.03639102372265013,-0.0012355323531088314,-0.0020893183598851006,0.002537168579965665
1776,0.14712415956458022,0.14603724556084885,0.32564102564102565,-0.09500640598191346,0.07566615769687701,0.14586778372744855,0.14482459939367692,0.33032198285846653,-0.09251931160044657,0.0698410306710745,0.16025282910848482,0.15980944131658728,0.42971014492753623,0.45398556968284765,0.10802797450689083,0.1650227837041693,0.16366392377652664,0.2747767857142857,-0.11499539218844823,0.0346745230708595,-0.0012563758371316736,-0.0012126461671719269,0.004680957217440884
1777,0.14804567165317445,0.14647691773689692,0.3051194539249147,-0.09220686260044908,0.07779063191629398,0.1466151140768112,0.14435091981950712,0.3077966101694915,-0.0898813236705519,0.07143864781861087,0.1599214418913094,0.1595366192294342,0.4020065328978068,0.41760628499556646,0.10086950747120982,0.16609849556968365,0.16469975702880943,0.26010430247718386,-0.12806803291500557,0.033961941642279725,-0.0014305575763632616,-0.0021259979173897936,0.002677156244576817
1778,0.15008852887264879,0.14888079125455492,0.31880733944954126,-0.1197020342317574,0.07236985492313297,0.14881513423877302,0.14671178205795593,0.3184931506849315,-0.11535556866376329,0.06809267673618669,0.16247905990778583,0.16245878882526463,0.4180923365362081,0.42992845506123967,0.09225873349243374,0.16831483646579637,0.16627624501127886,0.26879120879120877,-0.13874767709622204,0.031736662147142325,-0.0012733946338757685,-0.0021690091965989866,-0.0003141887646097574
1779,0.14888700409181868,0.1468534501452921,0.3126313331776792,-0.11528416109641881,0.08173496857483775,0.147595873044925,0.14559569761894436,0.31727651690597497,-0.10746869677596049,0.07420830570906967,0.1611736815984969,0.16068872793511732,0.4135817024286725,0.4036853501767359,0.09076696401375928,0.16706895743052988,0.16485232250509607,0.26565970679697914,-0.1270059311371864,0.03463956378617539,-0.0012911310468936843,-0.001257752526347744,0.004645183728295754
1780,0.14642580785537604,0.1440107671601615,0.3111976185024044,-0.1074218641456367,0.0732888288926179,0.1449202925900485,0.14353319150783658,0.3173076923076923,-0.10059044401452133,0.07307533144011291,0.15645920421552115,0.15638431815221637,0.40735535254157884,0.4246626470858262,0.09421157923810541,0.16405833080069326,0.16150740242261102,0.26640333552775947,-0.1393566581059954,0.03272431291667299,-0.0015055152653275505,-0.00047757565232492416,0.006110073805287886
1781,0.15169775882596223,0.15107136685674788,0.31968145620022753,-0.1047247564040672,0.07270390632229595,0.15041522761970522,0.14925695524451357,0.32398824327379605,-0.10360888956931602,0.06675912320025346,0.1638081128204171,0.1643338517366511,0.42664496628691,0.43498430455165593,0.0926613925177242,0.17021476418453793,0.16813547606704682,0.27331887201735355,-0.1250160478998058,0.027056464492326904,-0.0012825312062570149,-0.0018144116122343068,0.004306787073568519
1782,0.1454257397488167,0.14399757039350947,0.31711254612546125,-0.09413808882519947,0.08245885628054817,0.14406887357524947,0.14217536552561932,0.31961370429983904,-0.09243147940711272,0.07968947192091091,0.15815082159633223,0.1576641069026856,0.40885539331135184,0.4208680873328527,0.10163151723188268,0.1632643091484919,0.16087465833658726,0.2641964481473361,-0.12295948548198299,0.03452720390221187,-0.0013568661735672283,-0.0018222048678901426,0.0025011581743777933
1783,0.14823604422861797,0.14620341344479276,0.300421151146467,-0.10372916733986148,0.08034340599695278,0.1468603707292393,0.14411354928596307,0.30266230733302196,-0.09768010741783983,0.07861669631019019,0.1575067702447705,0.15769766631835597,0.4008145663632008,0.4616500986244824,0.10192727708148475,0.16642754031212326,0.1648380355276907,0.25308503477675565,-0.12802791598802887,0.04084492191225919,-0.0013756734993786712,-0.0020898641588296962,0.00224115618655496
1784,0.15040896141379045,0.14928283572388093,0.32379207694069156,-0.09151421922861014,0.08031907623073875,0.14912480435371556,0.14815617281275728,0.32976786527082386,-0.09187147657887451,0.07458922409461566,0.16399739335705404,0.16371278762404126,0.42705936493327196,0.41841820715578537,0.08477562789216775,0.1687687172397783,0.16704944316852277,0.27292672224659936,-0.11195131290825078,0.039785677786313145,-0.0012841570600748975,-0.0011266629111236492,0.005975788330132292
1785,0.156687426167383,0.1560920341641973,0.33098751418842226,-0.10276465214093378,0.07077488912185192,0.15521203249744422,0.15413107896112951,0.3351375732972485,-0.09854791830077236,0.0646038975868739,0.16739459398507825,0.16768345825344255,0.42867116592971843,0.3934580836024556,0.09375651276935659,0.1751205594238366,0.17278194178141887,0.28117519042437433,-0.13440250913490093,0.03034425492716808,-0.0014753936699387626,-0.001960955203067799,0.004150059108826265
1786,0.1466762883758328,0.14402433724467623,0.3233876520541657,-0.10836628144428428,0.0801138960262564,0.14527097838027864,0.14267709691438504,0.3279926756694896,-0.10613952821777117,0.07756058520644749,0.1579885373242095,0.15732290308561495,0.42221191745884534,0.40844408819455835,0.08947603569888873,0.1644816979108551,0.16258148631029987,0.27568042142230026,-0.13784380148040354,0.03777149159775972,-0.0014053099955541604,-0.0013472403302911828,0.004605023615323889
1787,0.15163062156871668,0.1502015692054272,0.31993678031158274,-0.08682849973774442,0.07311248634533041,0.15048887039067327,0.14872772985391652,0.32417829806393517,-0.07674747822362504,0.07036608712386161,0.16226081304471313,0.1625558108283844,0.4133922343641014,0.45968557674468674,0.10015395560286955,0.16995585795932633,0.16879795396419436,0.2728839112642688,-0.11825107020891124,0.027902529930382225,-0.0011417511780434098,-0.0014738393515106862,0.0042415177523524306
1788,0.14651220936291556,0.145180174320281,0.30556191348134587,-0.09437247275502747,0.07766770508958332,0.1451527345400816,0.1441394562247951,0.3094640820980616,-0.09548535803107139,0.07426567353316493,0.15912766522424723,0.16027058670482633,0.4137357414448669,0.43066134445565896,0.11190064762604313,0.1648392501889604,0.16239538614977667,0.2580082806711702,-0.1263341888204338,0.030889771188830628,-0.001359474822833967,-0.001040718095485893,0.0039021686167157177
1789,0.14777482275328416,0.14458776363953285,0.29954233409610986,-0.07354334009377772,0.08603895081694724,0.1464555671506946,0.1431061530416594,0.29895025102692835,-0.06553985781992344,0.08350092866895453,0.15830265985234618,0.15840160362558828,0.4002776492364646,0.4055618289447921,0.09619103940891727,0.16538026665340258,0.16249782116088549,0.25021720243266726,-0.12323647620554767,0.03654751893109254,-0.001319255602589553,-0.0014816105978734395,-0.0005920830691815149
1790,0.14724680240554225,0.1455366446682876,0.3160854893138358,-0.09382929536915041,0.07314918138417825,0.14598258625431312,0.14419069121222647,0.31770249046443794,-0.08937045576538327,0.07061952669654092,0.1631036964514388,0.16181833970128517,0.4279037158214536,0.4587389596447567,0.1081427378964942,0.1655077533734968,0.16255644320944773,0.2652972972972973,-0.1187707387888548,0.035204361069618884,-0.001264216151229125,-0.0013459534560611441,0.0016170011506021487
1791,0.14098114367826514,0.13814334648571305,0.3078168362627197,-0.11421237805967999,0.0758527092618212,0.13956318111533536,0.13645232623682954,0.3129173382454524,-0.10154910599233158,0.07177644562277208,0.15330868012237717,0.15331916923210337,0.40118906064209275,0.46537910706196783,0.10138299205375989,0.15863611654696247,0.15631097428782031,0.2576592461979281,-0.138661102644155,0.03015564846616592,-0.001417962562929781,-0.0016910202488835124,0.005100501982732708
1792,0.14846262433986557,0.1462222997731635,0.3160693641618497,-0.09191515233725911,0.0792881827090014,0.14708786093857487,0.14478276042575466,0.31905090992858787,-0.090505869187131,0.07585983952387465,0.16078507341644158,0.16079218286511954,0.41096532333645736,0.41415589155285976,0.09150165530601528,0.1661065289651871,0.164456464840342,0.26439326837909655,-0.09913540712893476,0.03836233593655147,-0.0013747634012906962,-0.0014395393474088414,0.0029815457667381473
1793,0.14749987653495872,0.14545454545454545,0.31228473019517794,-0.09004139508290454,0.07077257399654036,0.14597028477712962,0.14372294372294372,0.313743425565973,-0.08854522584333913,0.06691736558117778,0.16157578706697026,0.16155844155844157,0.41463990554899643,0.4363073756432247,0.09647396343229109,0.16643587860695247,0.16463203463203463,0.26558026866329004,-0.12121761006289311,0.03093542037112662,-0.0015295917578291018,-0.001731601731601723,0.0014586953707950712
1794,0.14862105728227382,0.1473930771232758,0.315158371040724,-0.0961759875124305,0.08139489656304277,0.14730229532423378,0.1455278910384315,0.3165240882485367,-0.09381469979296064,0.07676919011416672,0.16096676618091976,0.1608397675023857,0.4143620729723449,0.42427271319345955,0.10599524449570119,0.16662655423068273,0.16457013967207426,0.2627155172413793,-0.12832770903637047,0.035137832074283226,-0.0013187619580400378,-0.0018651860848442892,0.0013657172078127
1795,0.1492696240413651,0.14697244536581153,0.3223367697594502,-0.0973292101220794,0.08052346905104868,0.14782935972438568,0.14602228556620886,0.3262557077625571,-0.09496604414261467,0.07734255075379726,0.1612020823401948,0.16200224583225362,0.4209537232793047,0.4130002425418384,0.10342608079125837,0.1675949159231376,0.16450721257666062,0.27461706783369805,-0.1196850998463902,0.03705091898861357,-0.0014402643169794116,-0.0009501597996026678,0.0039189380031068866
1796,0.14463587698448593,0.1415845009513925,0.31074495242515665,-0.07281713679474944,0.07951075744179192,0.14321773165860802,0.13994118664590902,0.3149005090236002,-0.06419658696991515,0.07672466621067786,0.15715008648418077,0.15732572219339214,0.41907721730815206,0.4236171421831945,0.10651441091258917,0.16283325466382018,0.16152049818370523,0.2673927539453212,-0.10163789484449526,0.0387909625255104,-0.0014181453258779175,-0.0016433143054834787,0.004155556598443522
1797,0.14893569945020838,0.14759088537136894,0.32381615598885793,-0.11504086683105819,0.07134807474198301,0.14791576270249357,0.14606888154461645,0.32633763837638374,-0.11067279103790839,0.06529867337182915,0.16214774642915347,0.16246303704992174,0.42431466030989273,0.4351886864801727,0.09576173027153245,0.1668995074131533,0.1644633849365107,0.27630700778642936,-0.1432923681819791,0.03094671559131268,-0.0010199367477148058,-0.0015220038267524938,0.0025214823875258086
1798,0.1482718305202004,0.14678182370556833,0.328538283062645,-0.11437694824345401,0.07056262275505654,0.14686795471666736,0.14491558526105638,0.3318686401480111,-0.11399672250490223,0.0675386269144419,0.160188745068241,0.15984549281715205,0.4274863517683361,0.43310396200911805,0.09151459393645744,0.16648542575684308,0.16457619026951956,0.28263765541740676,-0.143705406359239,0.02865868039225461,-0.0014038758035330445,-0.0018662384445119473,0.003330357085366109
1799,0.1461458012914515,0.14405746626033958,0.31065227592679495,-0.09461113550804445,0.0766003513222816,0.14474762083751916,0.14253373966042665,0.31248541423570597,-0.09444195556374035,0.07161108445732534,0.15826850722319963,0.15916412712233347,0.41656546028661645,0.39704046506851015,0.10805442503613683,0.16421146759229477,0.16168915977361775,0.26137377341659235,-0.1397877879969448,0.028443079843137875,-0.001398180453932335,-0.001523726599912928,0.0018331383089110198
1800,0.14752181425342592,0.14623460003470415,0.32267778549918924,-0.10452879885426047,0.0642640817167861,0.14628097611515756,0.1445861530452889,0.326036866359447,-0.10180477628992068,0.05927799884840601,0.16110445990500605,0.16020301926080166,0.4225078826097502,0.43270058034603476,0.1063206067805138,0.16622837850226577,0.16458441783793162,0.27357859531772577,-0.13043643645573044,0.02784399815644445,-0.001240838138268363,-0.001648446989415242,0.003359080860257768
1801,0.14957148049598815,0.14668981983937487,0.3228021978021978,-0.08189784561995939,0.07984272719870378,0.14825889107813492,0.14521380507922726,0.3256818181818182,-0.07934583120270089,0.07304685702215141,0.16329959136796315,0.16353375298458867,0.4348432055749129,0.4057140361169497,0.09322209660879133,0.16769181850989323,0.16652919470371175,0.27403846153846156,-0.11450710281936327,0.035669571051113014,-0.0013125894178532271,-0.0014760147601476092,0.0028796203796203623
1802,0.15329910634896118,0.15164883162262502,0.33325927571650743,-0.10526739737479174,0.07231625688758503,0.15170312489722287,0.14963965931426076,0.3345140580030994,-0.10694790350369643,0.06896593277674001,0.16308421514274507,0.16344179951954574,0.420627802690583,0.38516866663183413,0.08090146242162533,0.1707198105123732,0.16815898667831405,0.2797352124706385,-0.11866274543194544,0.0342063201267232,-0.0015959814517383097,-0.0020091723083642543,0.0012547822865919822
1803,0.1517013159887465,0.14990446413062358,0.3230805913209347,-0.10786240987322915,0.09017924712958147,0.15022819978002136,0.1485582768803196,0.32563675315401097,-0.10422623967787603,0.08866034739448259,0.16155283726646777,0.16110821608476636,0.4277456647398844,0.44471433598769117,0.09929264554017436,0.16949877741828065,0.16814313010248394,0.27636363636363637,-0.1323875307924608,0.045480197782387544,-0.0014731162087251448,-0.0013461872503039707,0.002556161833076276
1804,0.15016728584394726,0.1485393844548774,0.31795454545454543,-0.08234125813103832,0.07384927205528746,0.14885102598128178,0.14697443922796036,0.3208955223880597,-0.08607501080932434,0.06917842376589911,0.16359332486790287,0.16440619022778646,0.41732283464566927,0.4124578064744027,0.09125879749755306,0.16852853564366618,0.16653625456442359,0.270557604686483,-0.11975310585006316,0.029476213306098176,-0.001316259862665481,-0.0015649452269170527,0.00294097693351425
1805,0.15054800556470138,0.14975698663426487,0.3235761288858634,-0.09817330471752839,0.07665637404372327,0.14925879471169,0.14784759590348898,0.3269230769230769,-0.09516524802946524,0.07390682047410413,0.16210000040052036,0.16229821211595208,0.423728813559322,0.43786019391145165,0.11028552924137347,0.16853375998629658,0.165813226870335,0.27262813522355506,-0.12166770216308598,0.03900864055201414,-0.0012892108530113688,-0.001909390730775895,0.0033469480372135263
1806,0.14619905335943173,0.14448503827418233,0.31637061929908783,-0.09767289997535644,0.0870414206023794,0.14477015910295574,0.1427018093249826,0.3200667302192564,-0.10224185215081827,0.0804805095016976,0.15787858909537786,0.1580114822546973,0.42201610934830364,0.4375264366020928,0.10213151613394778,0.16454624181136682,0.16310020876826722,0.26648288536641396,-0.11608331430605312,0.046145074741462455,-0.0014288942564759932,-0.0017832289491997166,0.0036961109201685827
1807,0.15242684083882904,0.15040914404468111,0.3246423627134287,-0.0824266374673498,0.07576676125054804,0.15075631697896655,0.1486340217344244,0.32772915707047445,-0.07787205472168268,0.07405392883012807,0.16177599155288463,0.16179590422998658,0.4220702664465928,0.4203373091868201,0.09567843813792953,0.17088882221741925,0.1693726457981556,0.2795864496260449,-0.11609709974480631,0.03037670210942023,-0.0016705238598624939,-0.001775122310256727,0.00308679435704573
1808,0.15076449185106958,0.149482743632096,0.33003300330033003,-0.09841830597127965,0.07698402730480747,0.1493244067246952,0.14804833521689995,0.33427628477133425,-0.09026995693281725,0.07698402730480747,0.1609087243567556,0.16026254020690256,0.42678528492426065,0.44186683668331145,0.09503802992950183,0.16887500352481086,0.16643484308441275,0.2840396753832281,-0.11985309102789488,0.03478551514588357,-0.001440085126374363,-0.0014344084151960423,0.004243281471004223
1809,0.15116110060511315,0.14785214785214784,0.31792040487692663,-0.08534946391570275,0.06948399695308483,0.14981036900847414,0.14624505928853754,0.3217311655598809,-0.08560280170839629,0.06518636461116378,0.16354633996940351,0.16370585935803328,0.4179456906729634,0.3966500978368259,0.09355073806784309,0.17042231139445627,0.16969986535203926,0.27593770563720116,-0.11057099032395712,0.023929094128721018,-0.0013507315966390099,-0.0016070885636103038,0.003810760682954273
1810,0.14794422009533856,0.1465943600867679,0.3094409649733241,-0.10092068235478624,0.0687095016774294,0.14662206682857987,0.14563991323210412,0.3130916647425537,-0.10217599328564753,0.06438433663086951,0.16011080099203356,0.16112798264642084,0.41579840077538166,0.41310351487060637,0.10850102010578033,0.1665042202125146,0.16373101952277658,0.2636849132176235,-0.13056736569116878,0.02913424150140642,-0.001322153266758691,-0.0009544468546637819,0.003650699769229604
1811,0.15110401463752787,0.14946803909696393,0.3152097492383408,-0.09294151033653064,0.08221951963792307,0.14987817932749004,0.14670011244702016,0.31693097014925375,-0.09581483492499498,0.07769627795448064,0.16225180507342077,0.16343741890839894,0.4088095238095238,0.4092749945574021,0.09665081453271562,0.17000164617678354,0.1681947928379898,0.2665921787709497,-0.12841814424481524,0.0374178877257314,-0.0012258353100378372,-0.0027679266499437694,0.0017212209109129795
1812,0.15386934905222338,0.15274993462912925,0.31564748201438847,-0.10444732761033748,0.06646671236239832,0.15232902696171466,0.1507888085069293,0.3160610139075819,-0.09540935428139075,0.06434667698368435,0.16427450156004927,0.1637758214939423,0.40901658491006776,0.4419205687796469,0.1018713031869225,0.17209311223410462,0.17031290856794212,0.26252158894645944,-0.1342054025753039,0.027458061394060485,-0.0015403220905087223,-0.001961126122199952,0.00041353189319343064
1813,0.1467409082251137,0.1443240656137145,0.3132903841565259,-0.09320709602203958,0.08272153519703929,0.1454966598952811,0.14362789888178218,0.3191943127962085,-0.08686627013299475,0.07638456607824518,0.15734216988619562,0.15798633772788584,0.4313484251968504,0.43263279051289477,0.11047308961382696,0.16492827797398762,0.16403428621154767,0.27075729927007297,-0.11054675607238607,0.04054791313058215,-0.001244248329832609,-0.0006961667319323184,0.005903928639682643
1814,0.14388741730257473,0.14163985740370402,0.3139240506329114,-0.08425866387414038,0.0733355472067122,0.14264655255874198,0.14055299539170507,0.31603123564538355,-0.08665864427746439,0.07140633279613207,0.15604494333605148,0.1565516042083297,0.41127497621313036,0.3853891471159205,0.10355990630580114,0.1618254823737056,0.1594643944004869,0.2678886925795053,-0.09976392129485034,0.034108187524915956,-0.0012408647438327536,-0.0010868620119989514,0.002107185012472146
1815,0.153351187709066,0.15202116585704373,0.3357238906320036,-0.09651887881752941,0.07222579472424917,0.15202974220517101,0.15024288688410825,0.3388963061860258,-0.09402094744889777,0.06549602886518724,0.16622682849126455,0.1668112421929216,0.42717118759972644,0.3873286496792442,0.0879986834564257,0.172005708070042,0.17015093684941013,0.2853453841187863,-0.11258105416825281,0.03331933585154723,-0.0013214455038949857,-0.0017782789729354764,0.003172415554022201
1816,0.14552561228202096,0.1434525877040639,0.29895025102692835,-0.10400626436369431,0.08068136456068176,0.14414814032945708,0.1418027092740535,0.3021353930031804,-0.10209654082869457,0.07644650645828732,0.15906227870736137,0.15856200069468565,0.4084146908414691,0.4059894423291066,0.09762079697025916,0.1635479866226435,0.16060263980548803,0.2542483660130719,-0.12638790645402231,0.03663884029578013,-0.0013774719525638801,-0.0016498784300104097,0.003185141976252026
1817,0.14526719095925775,0.1426839826839827,0.30821256038647343,-0.07322704379372313,0.08559330670186993,0.14380744857927255,0.1410822510822511,0.3114045618247299,-0.07341091628642171,0.08010092305826944,0.1584145466614422,0.15887445887445886,0.4118369351669941,0.40067698009699837,0.10053259021246308,0.16433388754129408,0.16268398268398268,0.26222732491389206,-0.1111111285356543,0.03835880736690567,-0.001459742379985196,-0.0016017316017316041,0.0031920014382564865
1818,0.14779316326379618,0.1458866386226636,0.3055169216504404,-0.09930688716127734,0.08267387729418862,0.14638939411627927,0.1446723622013097,0.31036077705827936,-0.09751079658249984,0.08053627148626075,0.15974595115884715,0.15911357821241165,0.4084975077142179,0.43384731211333954,0.1042636959542591,0.16601613551648942,0.16366711479248883,0.25935711140466755,-0.12651380006157176,0.033936464873435046,-0.0014037691475169145,-0.0012142764213539103,0.004843855407838937
1819,0.14465115895989084,0.1429941163652212,0.3132075471698113,-0.107244689872806,0.08220068720840501,0.14331991163598665,0.14133798213118326,0.3170731707317073,-0.10719354448194407,0.07699645436461888,0.1583638877396989,0.15833514926999345,0.4197264218862491,0.4205904461661134,0.09803022877492107,0.16353674793994663,0.16125517541948137,0.26749156355455567,-0.1281786391196862,0.03774786500106542,-0.0013312473239041889,-0.0016561342340379315,0.0038656235618960144
1820,0.14809011291682328,0.14661098059688507,0.31641858367162834,-0.11032962966366378,0.06763081380149205,0.14674413769457192,0.1447837814321761,0.31712806662165205,-0.10515859264186711,0.06572104192454298,0.16085290932027999,0.16070651701035413,0.41405152224824354,0.4187204436242333,0.10243110133700939,0.16573959779593325,0.16318628730531629,0.2669270833333333,-0.12500683350650066,0.030708557513809187,-0.0013459752222513555,-0.0018271991647089703,0.0007094829500237099
1821,0.14944832031923264,0.14716866423484454,0.3157775768535262,-0.09128496193671931,0.07563187081733924,0.14820293197728532,0.1464304325169359,0.32023355041545026,-0.09073483177040287,0.06950926635122656,0.16293655947637117,0.16236755254472815,0.41407338597306087,0.4302198903508089,0.10054453726565982,0.1681334668138565,0.16705749522320654,0.27107258938244855,-0.11340055069394595,0.0353071310577695,-0.0012453883419473177,-0.0007382317179086273,0.004455973561924065
1822,0.14491108048367707,0.1432351537760812,0.3263207106124357,-0.05644026582684236,0.0874787244874341,0.1434352102699403,0.1422374528260964,0.3295215869311552,-0.05750317045530884,0.08597888607849957,0.15605438505529248,0.15490391706068624,0.4122848948374761,0.38470542904874927,0.10761941169312594,0.1625957769515791,0.15980566520626382,0.27533971931387835,-0.08973023441457673,0.04226930958955122,-0.0014758702137367685,-0.0009977009499848033,0.003200876318719459
1823,0.14736795436566844,0.14705499370632405,0.3212176283507497,-0.10845755936428503,0.06810056089735883,0.14604060046272102,0.1447979512999696,0.32299683114531463,-0.10646852111190885,0.06469083395537611,0.1586293542019998,0.15847041972307827,0.42422802850356295,0.4261105700535292,0.10901728420115198,0.16574279758886912,0.16367897912235774,0.27354358300481824,-0.12615464452516867,0.033150859742035466,-0.0013273539029474146,-0.002257042406354437,0.0017792027945649491
1824,0.15117858182862826,0.1496737712048717,0.3232114101679319,-0.11221085015677879,0.08226017361221649,0.1499520217818212,0.1481948673336233,0.32585298832150217,-0.10463626059899367,0.07800369656472994,0.16177483595855044,0.16202696824706395,0.4317377976892242,0.44801719227335546,0.10481950196389578,0.16908425157388954,0.16859504132231404,0.2791712104689204,-0.13398192881759963,0.03160809674712539,-0.0012265600468070459,-0.0014789038712483826,0.0026415781535702454
1825,0.1521550456863718,0.1505390310429926,0.32441088995653167,-0.10027641972131907,0.07576670887342907,0.15072731073302154,0.14854743040221674,0.32740538075695397,-0.10211349973098793,0.07257498352824898,0.16556296059034942,0.1653894445166039,0.430166270783848,0.45130997216309154,0.11002456091169555,0.17074048158838567,0.16976230679309,0.2736888497135302,-0.126043494194796,0.04023216669709051,-0.0014277349533502737,-0.001991600640775859,0.0029944908004223003
1826,0.1442485358346932,0.14348900741511644,0.30885836096636665,-0.09554307348832203,0.08111389418613735,0.14281350700557713,0.1419279302718876,0.31216056670602127,-0.0811012340101861,0.07828747796042301,0.1551096910172961,0.15558735527513984,0.40067421141343607,0.4218444340729593,0.09611564184569743,0.16243324758617383,0.16122457829235506,0.26025844479709814,-0.1176269286086532,0.04002215059690739,-0.0014350288291160584,-0.0015610771432288395,0.003302205739654618
1827,0.14591994558992238,0.1448973390632461,0.3082776112520175,-0.10264342971074236,0.06768683561013167,0.14456907232817215,0.14424621261448972,0.3141025641025641,-0.10276349654690287,0.06100605522267166,0.15528830346100678,0.15488127794417675,0.40590494479116657,0.41759418036358625,0.10453888226354047,0.16455414560415457,0.16304206276858965,0.2599031690140845,-0.13098986171936966,0.02307646334547897,-0.001350873261750235,-0.0006511264487563673,0.005824952850546572
1828,0.15027803065226897,0.1466400416739017,0.31978196684079035,-0.08222645693474162,0.0796168302780722,0.1491362849865057,0.14564160444521618,0.3251922207146088,-0.07699705001338597,0.07560431098023834,0.15918393028707795,0.15983677721826706,0.41738724000934796,0.4302339531336031,0.10580379832709319,0.1677938175777164,0.16556693870463624,0.2784864864864865,-0.11576613779064193,0.032733710061276344,-0.0011417456657632774,-0.0009984372286855336,0.005410253873818438
1829,0.15154175937432532,0.14958099952238288,0.31575373472159346,-0.1161034550758191,0.06987201224701944,0.15015599943690788,0.14780079023924275,0.31800766283524906,-0.11062835425384054,0.06583879688164651,0.16313695528583533,0.16256350136772177,0.4074507966260544,0.4089724335167635,0.10171318618417402,0.17000017530515865,0.16773045026268943,0.2677370362334563,-0.1324296093745141,0.029327584100375836,-0.0013857599374174356,-0.0017802092831401273,0.002253928113655601
1830,0.15091499784864182,0.1486615264662566,0.3200827205882353,-0.10619578239328265,0.06900514974504735,0.14937565926504368,0.14632244650437495,0.3242873432155074,-0.10102037597144542,0.061922614124202524,0.16182090317887726,0.16139651736983454,0.4256030570814426,0.43538134887611957,0.1044178278492719,0.1693391222632617,0.16780732911721388,0.2732851194389656,-0.12446550506162135,0.02371984622994794,-0.0015393385835981432,-0.0023390799618816516,0.004204622627272114
1831,0.15202746382522905,0.15061417596249838,0.3216831455507013,-0.08640547297236534,0.0761774113306335,0.15050083217652077,0.14952905942098182,0.32646520146520147,-0.08160512431157485,0.07211813866924266,0.161468671227457,0.16137853205434263,0.42254185333647726,0.42739916264884564,0.0992511717216974,0.17077697743463283,0.16958201310820784,0.2753623188405797,-0.10628116139757227,0.03237999577352135,-0.001526631648708282,-0.001085116541516551,0.0047820559145001496
1832,0.14519183646157724,0.14385752571971988,0.3084635113079972,-0.09055926326059993,0.08889362238275356,0.14397187983709306,0.1424742802801072,0.3128763316350162,-0.0909968632995779,0.08270442745057494,0.15910190815306663,0.15976484827526585,0.4108453705896282,0.42775872295468664,0.10297937636633259,0.163104829024251,0.16093196161493906,0.26051350154935815,-0.11926186971886854,0.04002032447003245,-0.0012199566244841809,-0.0013832454396126848,0.004412820327019007
1833,0.1478090014451946,0.14651203196942056,0.32565248060192803,-0.09473913110531917,0.07457840128499171,0.14638501312731508,0.14559986100251934,0.3286418015482055,-0.08301722675467682,0.07240359756276593,0.1578677681687077,0.15745808357223526,0.41688654353562005,0.4214891812279268,0.0928467525516895,0.16587203083453225,0.16388671705325342,0.27666741522569055,-0.11740534538332226,0.031082326840473296,-0.0014239883178795154,-0.0009121709669012157,0.002989320946277463
1834,0.15028448629798075,0.1487325400931195,0.3317263544536272,-0.097799019909934,0.07068165954295458,0.148573013496294,0.14709432660803587,0.3349304129591604,-0.09678788833272856,0.06490561593623612,0.15944122778730802,0.15800137954819796,0.42238946378174974,0.42261191491886985,0.09293012380587007,0.1685215290486113,0.1671839972409036,0.2840262582056893,-0.12101852676074987,0.024901165771186173,-0.0017114728016867364,-0.0016382134850836394,0.0032040585055331805
1835,0.14646667160445992,0.14463655764121772,0.31401869158878504,-0.09069013028211914,0.07955076485306856,0.1452966147007468,0.14311223378772703,0.31690304580330153,-0.08969973515022156,0.07501953791005578,0.16081954133012627,0.16166543269021383,0.425089605734767,0.40718179934456106,0.10004917245241174,0.16493995265769892,0.1641479029658987,0.26887003126395714,-0.12345981330762013,0.03682776796180587,-0.001170056903713107,-0.0015243238534906889,0.0028843542145164935
1836,0.1501820082721857,0.14851827817434565,0.31981981981981983,-0.0964903044018155,0.07920394544940679,0.149050362302559,0.14670127622755785,0.3235623181919893,-0.09662162193095825,0.07312034374601051,0.16211997169452658,0.16244862643305213,0.4180752760874465,0.3951372684031102,0.07983328355665464,0.1679935227883355,0.1662124161799697,0.27079303675048355,-0.12312502451235108,0.03452093983480642,-0.001131645969626699,-0.0018170019467877996,0.003742498372169445
1837,0.14774475964288264,0.14579349904397707,0.31463527239150507,-0.10062857102980838,0.0718757132908483,0.14637857130549822,0.1447071093342604,0.31798296108680635,-0.08510060106333861,0.06951023310930826,0.1589640483106868,0.1586998087954111,0.4144359464627151,0.43158747940777475,0.10370217391520498,0.16599041377287171,0.16487050234660178,0.2678729037952339,-0.13270115952627048,0.028866982717393297,-0.0013661883373844164,-0.0010863897097166675,0.0033476886953012763
1838,0.1512301428087983,0.1497219325686479,0.323921028466483,-0.0999430419222731,0.06198855792156843,0.14994107454136277,0.14802745915884602,0.32421340629274964,-0.09728033637974454,0.05551343000497,0.16303472855333498,0.16340806395550922,0.4121813031161473,0.4204442278909608,0.08788906958796194,0.17016722390486133,0.16797010775112964,0.2723488168273444,-0.1250012124739318,0.017094337699819717,-0.0012890682674355225,-0.0016944734098018888,0.000292377826266621
1839,0.14985841961291899,0.14856770833333333,0.32255083179297594,-0.0827703226021701,0.07092156447295561,0.14843275561699573,0.1466579861111111,0.3229742173112339,-0.07850505368253613,0.06747708006185327,0.16103787033822387,0.16089409722222223,0.4091233071988596,0.43267337679411494,0.09653991728052935,0.16788717938147465,0.16614583333333333,0.2704900021973193,-0.11900839051182577,0.022914062993216744,-0.0014256639959232542,-0.0019097222222222154,0.0004233855182579349
1840,0.1489371014755952,0.14714976266167312,0.30550996483001175,-0.08348920068070931,0.0874839431732124,0.14760723871326278,0.14519008840308323,0.30799812909260993,-0.0760296021875535,0.08511927586107726,0.16065264596767811,0.16069328920437226,0.403691433980123,0.39511186386401675,0.09586776364350968,0.1675618951366506,0.16618037712842398,0.2604910714285714,-0.1054342900329851,0.04126544570875312,-0.0013298627623324066,-0.001959674258589894,0.0024881642625981804
1841,0.14656594560101927,0.14329771522891147,0.3102022058823529,-0.07798183217786336,0.08832902327174486,0.14517318426310977,0.14125618973156112,0.31562143671607756,-0.08041539588856128,0.08134761448500616,0.1598351129520141,0.16002084962210059,0.4174711561101954,0.4541816686662698,0.11054259668409516,0.16403217006970527,0.16201893840674136,0.2650231124807396,-0.10840973927126862,0.04792147544546976,-0.0013927613379094983,-0.002041525497350344,0.005419230833724642
1842,0.15050441748632298,0.14816744832377976,0.3230977647324452,-0.11798792364627964,0.07620700452534668,0.14903819359420056,0.14686468646864687,0.3276950834460983,-0.11209583171016757,0.07515267408088977,0.16044762788731293,0.16184644780267501,0.4185185185185185,0.39248149590962217,0.09919140821450767,0.1680748965540127,0.16527705402119158,0.2748753522653371,-0.1294312426957538,0.03740764416933173,-0.0014662238921224202,-0.0013027618551328946,0.004597318713653098
1843,0.14945582384896958,0.1490817740817741,0.3286308973172988,-0.06702746129745063,0.0781034974340219,0.1481686589012468,0.14747920997921,0.33394411360513054,-0.07261292829596755,0.06911131845313123,0.1611350694624856,0.1622054747054747,0.42740429505135386,0.4303827354672697,0.08666747741582259,0.16774994412143493,0.1658870408870409,0.28004410143329656,-0.10186304320806183,0.03292850303002359,-0.0012871649477227687,-0.0016025641025640969,0.005313216287831768
1844,0.1522904985691662,0.1504501761558871,0.3197359113416647,-0.09125495725471766,0.09069029071252921,0.15097264193321797,0.14958027054064635,0.32100210723483963,-0.0890576816658043,0.08423331253428001,0.16353372731674548,0.16262885476925754,0.4181473584458659,0.4131330113119978,0.094994942831362,0.17027541972736834,0.1677178026184159,0.2674470959027465,-0.1247951162291644,0.04742853691825977,-0.0013178566359482446,-0.0008699056152407514,0.0012661958931749484
1845,0.1484144447945505,0.14606497567755386,0.3132723112128146,-0.11429544968943639,0.07538895779313992,0.1470658590979458,0.14454482279360667,0.3177356767861219,-0.10872637035981902,0.07304527638533942,0.16034432726690737,0.1604412786657401,0.41373652133145805,0.4109463101588242,0.09754740019416241,0.1665704343771164,0.16408964558721334,0.268282034490286,-0.13630052516559021,0.030432887152603727,-0.001348585696604676,-0.00152015288394719,0.0044633655733072874
1846,0.15057211186123046,0.149307204212889,0.31473214285714285,-0.11139772078967314,0.07757559463806496,0.14932256390568166,0.14719212673198948,0.31618793141839235,-0.10541572455682846,0.07528143432606094,0.16269511902576575,0.16221349333103122,0.4201412622465254,0.3946343501057773,0.09655455721918815,0.16834206889041267,0.16570984590149782,0.26438502673796793,-0.14231368908599185,0.03690638910708666,-0.0012495479555487965,-0.0021150774808995354,0.0014557885612495047
1847,0.15012144885542317,0.14987383624815104,0.32473867595818817,-0.09453926769113052,0.08321204436468188,0.14892073818450588,0.14813364656747585,0.32864391143911437,-0.09845925287133539,0.07657252901427569,0.16210375534757798,0.1624902114330462,0.4285040113260972,0.3981200244539332,0.09756196463814026,0.16845173091206678,0.16614460976246412,0.2756481276312874,-0.11642793683920205,0.03866303814260208,-0.0012007106709172877,-0.001740189680675186,0.0039052354809261947
1848,0.14298134596292902,0.14050550874918988,0.3182033096926714,-0.08880144533504952,0.08887117751565599,0.14175021516797776,0.1387340678332253,0.3225882352941176,-0.08986005374617445,0.08455996902999008,0.15632499691710286,0.15562756534888744,0.42836503732241754,0.4299860074023041,0.10546933018546956,0.16070836883141137,0.1572693886368546,0.26957695769576956,-0.11158359676362495,0.0427412467190309,-0.0012311307949512684,-0.0017714409159645672,0.00438492560144621
1849,0.14974239295029915,0.14730128427629297,0.3177460837035305,-0.09557428850994443,0.08027466079422285,0.14823307605454458,0.14517528635890317,0.31943150046598323,-0.09429000543244015,0.07704159135318944,0.1608654075821736,0.1601440472058313,0.41853798375537504,0.41918687725352616,0.0998886154031593,0.168428011851925,0.167086081221798,0.27278850471486304,-0.11259836367964082,0.0421244413900278,-0.0015093168957545644,-0.0021259979173897936,0.0016854167624527072
1850,0.14944501487057485,0.14626696338962342,0.31865921787709495,-0.09274304256136723,0.06817025752664174,0.14827560615708682,0.14495789152157787,0.32382438154669047,-0.0878663697577573,0.06563976592135568,0.16219166940354066,0.16219400445084436,0.422064545662623,0.40801692392579164,0.09052293337333461,0.16744692314627377,0.16620849151285072,0.27503769114796467,-0.1171648914946567,0.03274337505263758,-0.0011694087134880293,-0.001309071868045547,0.005165163669595518
1851,0.15102495499117344,0.14753032928942808,0.3150684931506849,-0.11528625827669581,0.0750181621801762,0.1496299046922231,0.14614384748700174,0.3178612059158134,-0.10992509222738045,0.07182861446843414,0.1637972763726646,0.16412478336221836,0.4225318847425602,0.45190071592715875,0.1060630932411335,0.16931837258548735,0.16720103986135182,0.2716076058772688,-0.14890828301327397,0.02228430667937209,-0.0013950502989503455,-0.0013864818024263426,0.002792712765128491
1852,0.14915060926325682,0.14757642582263156,0.3233014135886913,-0.07307220308377382,0.07337323114235106,0.1478262916669336,0.14537121113849613,0.32494331065759635,-0.07206677711450638,0.06827135892784619,0.1621264430766785,0.16301292861157954,0.419854494250176,0.4302057310156818,0.09994548225956401,0.16742270325026,0.16599645436070393,0.27460004383081305,-0.10296236884319043,0.035746923560377564,-0.0013243175963232323,-0.002205214684135426,0.0016418970689050516
1853,0.14994782709225532,0.14784840969412175,0.3243986254295533,-0.10781037123424997,0.06907189974456573,0.14848869570804113,0.14654309707174867,0.3287764866712235,-0.10654817118493687,0.06392622787674773,0.16154228982985036,0.16255493190619152,0.43015835499881827,0.4172384289630025,0.09780190100654995,0.16789282925329668,0.1652090675716834,0.27737704918032785,-0.13601078409669698,0.024047270901157547,-0.0014591313842141906,-0.0013053126223730727,0.004377861241670222
1854,0.14745930299811338,0.14398336654249327,0.29740980573543013,-0.10829593280506267,0.0691521972907454,0.14585868018835949,0.14216408212769643,0.30257708237459735,-0.10735104063036349,0.06440864964107262,0.1580319479319363,0.1565450922637096,0.3949820788530466,0.41316209261729553,0.09912279380458644,0.1663401020627575,0.16330243437581218,0.24889282550930025,-0.1250282414050885,0.027753963257238334,-0.0016006228097538988,-0.0018192844147968401,0.005167276639167218
1855,0.14445027791203013,0.14292524377031418,0.3101555352241537,-0.09074043156920053,0.0747858795065719,0.14295781645383193,0.14101841820151678,0.31152790484903936,-0.08047273296988178,0.0747858795065719,0.1550283477896708,0.15310942578548212,0.40743388134381703,0.4326334956148673,0.11205539725405977,0.16226173014285492,0.16069339111592632,0.2657510355352082,-0.10682711105121379,0.028997614845372444,-0.001492461458198202,-0.001906825568797399,0.0013723696248856831
1856,0.1465566380299061,0.14432765809589992,0.30479687858618315,-0.09166085472824714,0.07238627660521568,0.1449498715951121,0.14319840166782488,0.30919092367636947,-0.08695363985162718,0.07110207299897287,0.1580273356361781,0.15753127171646977,0.40921147817699544,0.4170038804931923,0.11733340282371141,0.16462218030244186,0.16183113273106323,0.26005302695536897,-0.11702008715176171,0.03621454169604521,-0.001606766434793988,-0.0011292564280750428,0.004394045090186316
1857,0.14823263488301638,0.14646727351538796,0.3312161844271936,-0.09639931202636975,0.08603705835118514,0.14693822561273537,0.14429995665366277,0.33216538192011213,-0.09351692598696681,0.07957328037628786,0.15991044638851803,0.15990463805808408,0.4213776722090261,0.41388038676568595,0.09487088825021162,0.16644306370699125,0.16493281317728653,0.2797140303842717,-0.11573240858610245,0.03755872353945533,-0.0012944092702810162,-0.0021673168617251937,0.000949197492918552
1858,0.1479331296696316,0.146484375,0.3173774954627949,-0.10422363619133723,0.06338209271553052,0.1464850938846679,0.14444444444444443,0.3205968799457382,-0.108684661025789,0.060177055818824376,0.15903807918094584,0.15824652777777778,0.4186875891583452,0.4209250385023654,0.10654325625783978,0.16616488441879257,0.16519097222222223,0.276498696785404,-0.13225083566665508,0.021502943931903662,-0.0014480357849636916,-0.002039930555555569,0.0032193844829432883
1859,0.14803786269629762,0.1453937657376053,0.30939858220900984,-0.10874986146514465,0.06796079161496704,0.1466620952555385,0.14330988972822784,0.3119015047879617,-0.10227912926225569,0.0651765538451422,0.15981513475603873,0.15980724146913258,0.40931899641577063,0.4516201651335476,0.10822515320935744,0.16571509144343688,0.16315012590084224,0.2587978142076503,-0.12977021685322698,0.02469802011461153,-0.0013757674407591236,-0.0020838760093774555,0.0025029225789518494
1860,0.1470464420032342,0.14400727178288533,0.3139615651771243,-0.09849223345215241,0.0850887420541383,0.14572246479697587,0.14296844565640826,0.31953757225433527,-0.0979714140104444,0.08381036281184051,0.15761764112242302,0.15768514911483358,0.42158956109134044,0.4556927056311881,0.10724731558729816,0.16470352771329488,0.16292256416915551,0.271645736946464,-0.11547579408474162,0.038214836503223104,-0.00132397720625832,-0.0010388261264770715,0.005576007077210954
1861,0.14839004557266836,0.1471485873735612,0.33154331076348353,-0.10316319489019332,0.07972848232547936,0.14698498239436456,0.1461893965817928,0.33434155421126105,-0.09845292909494552,0.07649307863671373,0.15986864330557868,0.1593564701778863,0.4250478927203065,0.4295224349001178,0.10280769530534128,0.16612398796425107,0.1641960237181723,0.27754094682521874,-0.12607325173773232,0.042197799535797276,-0.0014050631783038003,-0.0009591907917683995,0.0027982434477775153
1862,0.1468144962368446,0.1448515066117494,0.318279058711671,-0.08884666523320761,0.0825772444890156,0.14554986579239196,0.14220680685020595,0.3206880301602262,-0.09130841162505976,0.07452157994853092,0.1593926246919058,0.1589421200953826,0.4163405088062622,0.43736058859360205,0.10848600341651982,0.1653885822400177,0.1638846737481032,0.27014110150204823,-0.11048499624648456,0.04186348046008015,-0.0012646304444526302,-0.0026446997615434398,0.002408971448555175
1863,0.14770464073352552,0.1452880149324999,0.3204039476704154,-0.11209203586131988,0.07525915286417395,0.14638201189663316,0.14407257889482136,0.3235965312642629,-0.11048188400769876,0.06992128117521335,0.15925938986596855,0.159829838954725,0.42684372776855584,0.44171607872364466,0.10515123432235374,0.16576626419320206,0.16434431566610236,0.2737576285963383,-0.1440890071139883,0.025937218458177536,-0.0013226288368923533,-0.0012154360376785411,0.003192583593847498
1864,0.14786062238779346,0.14676789587852496,0.32689210950080516,-0.08953283706069348,0.0772309640130242,0.14648909892923148,0.1447288503253796,0.3285289407458247,-0.09282861760348093,0.07210669133033021,0.15962752721443574,0.15926247288503254,0.41518275538894095,0.4372513698239428,0.09409836159355867,0.16594611482588936,0.1639479392624729,0.2752956636005256,-0.1231291347263006,0.030471975783440963,-0.0013715234585619795,-0.002039045553145352,0.0016368312450195655
1865,0.1507914210379533,0.1479505530253741,0.3246423627134287,-0.10010526908658757,0.08385641741964589,0.14933143078332073,0.1469095640858816,0.3270469181232751,-0.0958016190668185,0.08087643755522378,0.1606810621456108,0.16005204944697463,0.4153882464007553,0.43554021056208037,0.10450342076599839,0.16910801822963967,0.167816091954023,0.2750219490781387,-0.12566299449522345,0.03660245099809678,-0.0014599902546325594,-0.0010409889394925043,0.002404555409846354
1866,0.15089316768547972,0.1491664862524356,0.3195548489666137,-0.09310474654804157,0.07844080265996323,0.14942065625899387,0.14734791080320417,0.3220108695652174,-0.09412808849044207,0.07569485767681916,0.16175930935066143,0.16185321498159774,0.4199304750869061,0.4192505116519061,0.09702873793047662,0.16917843350102524,0.16644295302013423,0.2714160839160839,-0.1228108707145984,0.0418986117304313,-0.0014725114264858563,-0.0018185754492314188,0.0024560205986037253
1867,0.1448130110284243,0.1433975390234358,0.31172767544882257,-0.09162774216123581,0.08358175835785397,0.14339844347306246,0.14100613070133483,0.3136163303177917,-0.091466282476935,0.07885913171373293,0.1571913886859233,0.15635462411409193,0.41604252234839334,0.48113772940052163,0.11578148547686173,0.1628578550537633,0.16018087742945344,0.2624364359938094,-0.11808915754951976,0.033350184052202136,-0.0014145675553618453,-0.0023914083221009685,0.0018886548689691085
1868,0.14765118688604006,0.14567579313342024,0.31326434619002824,-0.11497632665986901,0.07808193585520118,0.14598376242430292,0.1437201216862234,0.31654170571696344,-0.11647354955289002,0.07461085458089156,0.15769347512252585,0.1565406345067362,0.41862745098039217,0.4158608395094341,0.11539605955403043,0.1661230406257644,0.16401564537157756,0.26641272686533723,-0.14048242611057415,0.03230705155024227,-0.0016674244617371492,-0.001955671447196855,0.0032773595269351974
1869,0.1450222121609705,0.1436356558972363,0.31446395563770796,-0.08163629738761147,0.08281687120497505,0.1437075471462382,0.14199212836815017,0.31593469763163945,-0.08176956793102863,0.07834232907915828,0.15754371440209491,0.1579516456900653,0.40941776849918815,0.40739698924459306,0.08643911959254102,0.16267996169559157,0.15950867177025216,0.2662251655629139,-0.11155948509258728,0.03977603742330926,-0.0013146650147322914,-0.001643527529086114,0.0014707419939314903
1870,0.1452349448340818,0.14311192309365348,0.31008461010747773,-0.1073647235288604,0.06700839710059447,0.14382644267041977,0.14219844273348123,0.3154423470548101,-0.10479057953466375,0.06186178513308449,0.1565068055791637,0.15590064813606508,0.41517436380772854,0.43842316900653505,0.09467143642596088,0.1635674592561385,0.16112053590847797,0.26842105263157895,-0.12399105246856956,0.02690771218707877,-0.0014085021636620343,-0.0009134803601722474,0.005357736947332381
1871,0.15128945196181492,0.15048627995831887,0.31201814058956917,-0.09959985948755623,0.07109547538943806,0.14988172733313918,0.14792462660646058,0.3131084446456871,-0.09315733579459695,0.0696090108502323,0.1642538602020229,0.16385897881208752,0.41518691588785045,0.4233168446735363,0.09870124540325798,0.16996968379847344,0.16902570336922543,0.26392515230635333,-0.12456607376962547,0.03159798906197242,-0.0014077246286757494,-0.0025616533518582896,0.00109030405611793
1872,0.14781925740250784,0.14650345097017842,0.3111416151910318,-0.09683675704138262,0.07420731881835807,0.14639096004397195,0.144376437904241,0.3153564899451554,-0.08873783146726044,0.07314135784793585,0.15808609777944563,0.15761600902895342,0.4112370160528801,0.418579521741466,0.1029882650197591,0.1664925960473879,0.16399704822676564,0.2661696996272747,-0.1286785996159434,0.033700801942312175,-0.0014282973585358905,-0.0021270130659374054,0.004214874754123632
1873,0.15360750758112615,0.153,0.31830601092896177,-0.10442062611869529,0.07426646822471628,0.15206619109232442,0.15004347826086956,0.3163149534830951,-0.09621813187737649,0.07107847398636913,0.16570510619517173,0.1656521739130435,0.4071676300578035,0.43260758776318187,0.08850617582266684,0.17235458343570148,0.17091304347826086,0.26673936750272625,-0.12449341767291255,0.03324760902464985,-0.001541316488801736,-0.002956521739130441,-0.001991057445866695
1874,0.14756355787483777,0.1450581015798407,0.3077280111394755,-0.08476573583777391,0.07815728760943463,0.14602770551768654,0.14349131740436089,0.3097713097713098,-0.0786423541215685,0.07385912871775979,0.16051063404047125,0.15994255124689907,0.4149821640903686,0.4407190380794314,0.10050771384614354,0.16655768462672615,0.16416416416416416,0.2608791694278772,-0.1160779119067532,0.031307355690179395,-0.0015358523571512295,-0.0015667841754798129,0.0020432986318342783
1875,0.1485479328115025,0.14736567553468963,0.3211009174311927,-0.08770874766736703,0.08458205518145134,0.14681557599168144,0.14606155451225875,0.32388274867851996,-0.08766087146411594,0.08018132390249966,0.15668532710789623,0.156320639888715,0.4101811062163485,0.4429536770712795,0.09690410276251604,0.1673039987307576,0.16584072335246045,0.2669703872437358,-0.11301836170372603,0.03001298732245039,-0.0017323568198210626,-0.001304121022430882,0.002781831247327282
1876,0.14506120770704153,0.14341539663931224,0.3131543013199818,-0.07885578206442645,0.07928502881603505,0.14376310149094398,0.14089705179974815,0.31620642824807604,-0.07749838974297607,0.0742075182512627,0.15937564567507126,0.15982805783509182,0.4223471539002108,0.446041354288441,0.10573039634089076,0.16285269489133009,0.16104381051626068,0.2655367231638418,-0.11874318546685703,0.03527993725467515,-0.0012981062160975498,-0.0025183448395640906,0.0030521269280942565
1877,0.14653725145289365,0.1447756021486744,0.3071759259259259,-0.10841391254149224,0.08426303245909061,0.14509833662565413,0.14243631952867788,0.30922865013774103,-0.10288160869774388,0.07658725015006407,0.1571866288278903,0.15790157684976608,0.40641206977840644,0.40563813922162895,0.10089389412864802,0.16502136329764916,0.16387974354531276,0.2593246523946149,-0.12956174532159515,0.039274419481185374,-0.0014389148272395125,-0.0023392826199965244,0.0020527242118151268
1878,0.15239655159353535,0.15043785126127304,0.31896551724137934,-0.1143416044695873,0.06381648668281581,0.15103924301035276,0.1492615344399425,0.3212205916608432,-0.10923920040316593,0.06359844495484823,0.16412959846151995,0.16385657648237703,0.41784151677199804,0.45388569105808013,0.10262791426102558,0.17143510993436825,0.16960745871999303,0.2717512860657571,-0.13641502900067415,0.024787017376638354,-0.001357308583182587,-0.001176316821330542,0.002255074419463876
1879,0.1463481256426279,0.14624712069190318,0.31655844155844154,-0.0968235447959872,0.0711372655350132,0.1452248663796707,0.14450867052023122,0.31993531993531993,-0.08941728262699289,0.06746682328693576,0.15846817864425697,0.15850319440219043,0.41916023166023164,0.4377227806463592,0.107409871280719,0.1648447304198465,0.16241470728845234,0.2648888888888889,-0.1242133636960654,0.030546492438627948,-0.0011232592629571991,-0.001738450171671957,0.0033768783768783894
1880,0.14695211923640672,0.14529393847091077,0.3036661286603643,-0.0861397330144702,0.08310910171017682,0.14577873158094293,0.1440755406640268,0.30785123966942146,-0.08475453539099653,0.07906099166899805,0.1590070369720755,0.15860928593185675,0.4035211267605634,0.376105530748176,0.09951460029811121,0.16514759370290524,0.1626125930116183,0.25593552602918757,-0.11614553654002446,0.02899226221231499,-0.0011733876554637923,-0.0012183978068839585,0.004185111009057163
1881,0.14808314565217945,0.14562559611549467,0.31628012733060484,-0.12004087950712894,0.08316528728825656,0.14669765929919595,0.14397814965750455,0.31850011294330244,-0.11882355261033584,0.07705510195947984,0.16233941093101958,0.1614497528830313,0.4218677762367083,0.4206853448753958,0.09833540258728868,0.16592916740493074,0.16266366079944508,0.2670145683844314,-0.13260082153389974,0.040815382078458695,-0.0013854863529834949,-0.001647446457990115,0.0022199856126975948
1882,0.14859975023629363,0.14706394842307022,0.32715351571331674,-0.08623663437335782,0.06964861067969941,0.14720713310645192,0.14545216936748562,0.3292792792792793,-0.08336376859139427,0.06603915303231933,0.16038349574735355,0.1590433873497125,0.41886528134485174,0.4039702769947191,0.09937355601106446,0.1664609081989052,0.16422721728524134,0.2784127668751348,-0.1152194677265298,0.024211908530326953,-0.0013926171298417056,-0.0016117790555846,0.0021257635659625573
1883,0.14871740335777547,0.14765217391304347,0.3192083818393481,-0.09204456510481662,0.07984290536373184,0.14723162434394463,0.14582608695652174,0.32157772621809744,-0.0855217431770835,0.07661682247101442,0.15876846829069458,0.15856521739130436,0.4163489037178265,0.41536476481491685,0.10113505245566723,0.166984344398018,0.1651304347826087,0.26846686007587595,-0.11641315486176351,0.03983947749403516,-0.0014857790138308458,-0.0018260869565217275,0.0023693443787493607
1884,0.14895850881911393,0.14629275915957632,0.31825562514497796,-0.09369512258332036,0.07996604218333647,0.14743172150752387,0.14425247438791458,0.3200647998148577,-0.08582831670998359,0.07782218046260359,0.16013612302556157,0.15844764716096543,0.4261944378416924,0.4231462188358472,0.10226220407895847,0.16707952198067264,0.16548011807605487,0.2730709361796753,-0.11425683630628425,0.040090214177704864,-0.001526787311590061,-0.002040284771661738,0.0018091746698797317
1885,0.15066505115433163,0.14953475164911975,0.31563421828908556,-0.10181115008121566,0.08128227621235773,0.1493041759423285,0.1488357869905203,0.32008131917777277,-0.09884025090775361,0.07705936107562583,0.16059647240485103,0.1607618714778734,0.41166936790923825,0.42370497528490986,0.09986310281397803,0.16817263591341924,0.16617884758201915,0.2662773091066407,-0.11039996002441188,0.035674792735653216,-0.001360875212003121,-0.0006989646585994491,0.0044471008886872165
1886,0.15107359887071897,0.1495915884602016,0.3236164882714644,-0.0953218971674702,0.07719161495669258,0.14983758215187098,0.14750608272506083,0.32448979591836735,-0.09259928745611157,0.07316276662527044,0.16428023880567377,0.16488529718456726,0.4232297265716289,0.41138692992400283,0.10094061564718082,0.16965612313715006,0.16831769204031977,0.27583951155691233,-0.10874385519124985,0.03584290839736015,-0.0012360167188479876,-0.002085505735140769,0.0008733076469029655
1887,0.1442611107035891,0.1410933980246058,0.3109829367940399,-0.08662644501100125,0.09078025637119813,0.14278658841121902,0.13996707676312597,0.3148986889153754,-0.08344877899238257,0.08336857976235412,0.1559041039512127,0.15638537515162018,0.4141267537493953,0.42806409594730765,0.0966659995605742,0.16252917456121924,0.15868133772309825,0.2612859097127223,-0.11191049954015764,0.04173239645973048,-0.0014745222923700785,-0.0011263212614798235,0.003915752121335547
1888,0.15012102866995544,0.14812405118195618,0.31098527746319365,-0.0959806683165425,0.07944355256190483,0.14864177421399358,0.14560832791151593,0.3136680927718982,-0.09365349379763455,0.07396408267579291,0.16181520409979241,0.1611797874647582,0.40867370353373106,0.40488412856442096,0.0914562365429965,0.1683611015218949,0.16655823031880287,0.26383803575274606,-0.12679781610168106,0.031392816637538457,-0.0014792544559618648,-0.002515723270440251,0.002682815308704567
1889,0.14956646078335475,0.14732724902216426,0.32290942784340976,-0.07719575793238709,0.07706710673251627,0.14816762356994692,0.14511082138200782,0.3234955038044731,-0.07063736882589744,0.07277270226106813,0.15720266654743695,0.15723598435462843,0.4136150234741784,0.41277139442266325,0.08930615947614329,0.1671098673196067,0.16514558887440242,0.27204585537918874,-0.11760177429110841,0.030043377770160085,-0.001398837213407833,-0.0022164276401564487,0.0005860759610633592
1890,0.1481344793995458,0.14657415437987859,0.31137309292649096,-0.10093969429699912,0.09187805354700018,0.14698170131035254,0.14488291413703383,0.31375259156876295,-0.08773593974136151,0.08870133610359687,0.16049195970176655,0.1608846487424111,0.41550460883951784,0.41905547944404464,0.11199726402188781,0.1660422391883025,0.16357328707718993,0.2633304195804196,-0.13533534655648427,0.03893276282361169,-0.001152778089193257,-0.0016912402428447548,0.0023794986422719933
1891,0.14773531385084596,0.14458776363953285,0.3087744396757272,-0.12039121546317355,0.08664818566602817,0.14631440871870438,0.14323688338853058,0.311787072243346,-0.11574199581177336,0.08359903314887762,0.15831792107834072,0.1571814537214572,0.4165651644336175,0.4092956890601897,0.106032083810771,0.16589273481523134,0.16476381383998606,0.2614334470989761,-0.13308489475083463,0.042871067384080974,-0.0014209051321415755,-0.0013508802510022733,0.0030126325676188004
1892,0.15099109049599094,0.1489389459036354,0.32515199279441565,-0.08857807808590368,0.0713039684493918,0.14972909394533504,0.14759088537136894,0.32743561030235163,-0.08910723928209696,0.06623196120936392,0.16387095593992623,0.1638980692294312,0.4288342147620143,0.4355368581581084,0.09074666286949862,0.1694141970690484,0.16763785006088017,0.27774200472204336,-0.11878843644198356,0.02523323601913874,-0.0012619965506558972,-0.0013480605322664652,0.0022836175079359866
1893,0.14955925154276842,0.14746964884034638,0.3240353324035332,-0.10459445973673609,0.07020807422370823,0.14807321289233016,0.14603367999651887,0.32552204176334104,-0.090054654783012,0.06847603415339187,0.15975774514626676,0.16034985422740525,0.4170673076923077,0.39870681023178145,0.10095178547182126,0.16775154764517866,0.16548453069927332,0.27453166815343444,-0.13330847635269516,0.030804162624013864,-0.001486038650438254,-0.0014359688438275175,0.0014867093598078251
1894,0.14809523128738458,0.14546084246071259,0.31861848124428177,-0.08808150177299356,0.08212685248589058,0.14686580217475645,0.14416208493874194,0.32308042834358625,-0.09083028244932934,0.07852812875280979,0.16412699761624922,0.1645092861162821,0.43261741798442294,0.44108084352081056,0.1107049527191788,0.16656170598650524,0.1648989133728733,0.27194530216144686,-0.11155311135703927,0.04783313220594465,-0.0012294291126281331,-0.0012987575219706449,0.004461947099304475
1895,0.1470937835215909,0.14628120665742025,0.30645900137425564,-0.08463461781270398,0.07764569964227075,0.14559632434103784,0.14433079056865464,0.30811428571428573,-0.0815442424411551,0.07573133672607402,0.15666947897993835,0.15681345353675452,0.40089559274098513,0.4206125157774459,0.10380865949695894,0.16509690405469124,0.1629247572815534,0.25638228234780713,-0.11133770991167646,0.031488282662861744,-0.0014974591805530513,-0.0019504160887656163,0.0016552843400300943
1896,0.15560128085557437,0.1534623394654634,0.3283480625424881,-0.08622532969400698,0.08146624287593152,0.1540788998609015,0.15133634154807357,0.33145306859205775,-0.08498289212479715,0.07746660821277218,0.1648879541925849,0.16361506421381464,0.42798070296347346,0.3987729305095633,0.09409666812801398,0.17348374117264012,0.1717285664699757,0.27690631808278865,-0.11124806072118365,0.04420648838228847,-0.0015223809946728617,-0.0021259979173898214,0.0031050060495696474
1897,0.14985876877590953,0.14834997166397837,0.3262730959891843,-0.07682289735690839,0.07117395125805581,0.1483820559646146,0.14664981036662453,0.3284655133677825,-0.0771062382175366,0.06842313118215382,0.16036495789799404,0.15981516195126205,0.41955762514551803,0.40181261754376507,0.10143297209297819,0.16711730092167187,0.16556955403461354,0.27614520311149526,-0.10813487114844056,0.03096965784102601,-0.001476712811294939,-0.0017001612973538416,0.0021924173785982104
1898,0.14634134509183236,0.1453125,0.3167570115484327,-0.0663891175669391,0.07982750767201074,0.14505396121282152,0.14305555555555555,0.31805359661495064,-0.06478582941905076,0.07744161799635785,0.15662441961622392,0.15629340277777778,0.4108433734939759,0.41663925038415406,0.09999912038434866,0.16476296873075313,0.162109375,0.2662031845705315,-0.10446785070893538,0.03297731040464513,-0.0012873838790108394,-0.002256944444444464,0.001296585066517919
1899,0.14848989519984132,0.14686984457758095,0.32177308222324297,-0.10066244871876173,0.07478152348531608,0.1471695253289424,0.14600156290700703,0.3246217331499312,-0.09872224815915531,0.07307183249505445,0.16075390838307071,0.16006772597030478,0.42562277580071173,0.41405878536529517,0.10448740444111138,0.1664747590849785,0.16423547798905966,0.2716725043782837,-0.12801579018803433,0.029047289495818474,-0.0013203698708989242,-0.0008682816705739282,0.0028486509266882343
1900,0.14653017453009073,0.14576374126935926,0.31702367531003384,-0.08460404979130243,0.07171721121888741,0.1451641922485325,0.1440718407010542,0.3213725050459744,-0.08453336151944546,0.06664525137304711,0.1607465000327407,0.1602967333304412,0.41912108461898084,0.4230588264676513,0.10489628187709332,0.1644393789523294,0.16242245455728602,0.2681503889369058,-0.10534358736958904,0.03093020079192088,-0.0013659822815582368,-0.0016919005683050659,0.004348829735940585
1901,0.14946159913386553,0.14667187703530024,0.3268110878173771,-0.10299968395864378,0.07946310411402446,0.14794550093011272,0.14619425991055535,0.33310088331008836,-0.09759041040227556,0.07752686607714188,0.16131367970677524,0.16130432894793972,0.429121540312876,0.4395015576323988,0.10915208734622295,0.16718879752617413,0.1657765620250966,0.2831111111111111,-0.12984378527247276,0.034929629265726736,-0.0015160982037528137,-0.0004776171247448946,0.006289795492711248
1902,0.14988512496005787,0.1482477446217904,0.3219178082191781,-0.09780300923585927,0.08420346759821173,0.14839559437578312,0.146382720333102,0.3244955419990615,-0.10154667597717282,0.07814316638910268,0.15971236670904027,0.1593945176960444,0.4202728127939793,0.3888280145120739,0.08030755967807024,0.16830261575920755,0.16524982650936848,0.27457551385165324,-0.124467250196166,0.03182515000519903,-0.0014895305842747564,-0.0018650242886883994,0.0025777337798834066
1903,0.14488869250592964,0.14354046179936514,0.31463247080375545,-0.0969167773861841,0.08310399190853046,0.143657462655959,0.1414097490977084,0.3170454545454545,-0.0927144359568638,0.07610934573255357,0.15804410143006056,0.1586293864417098,0.41491085899513774,0.4160650997794402,0.09327802270995122,0.16256320067613675,0.160934034874114,0.26817588158467565,-0.11768731929091159,0.034989304576811264,-0.0012312298499706498,-0.0021307127016567395,0.0024129837416990707
1904,0.15123836800675652,0.14838485283248554,0.32483781278962004,-0.08171626457715764,0.08484790979538959,0.14986543121959822,0.14690665623233773,0.328337560525709,-0.0818778451140838,0.08036511983863526,0.16182882841748183,0.16207990956914917,0.420771375464684,0.4090532976393283,0.08740950405639214,0.1687253955386261,0.16642754662840745,0.276365244306876,-0.10441972639029085,0.0406604087930964,-0.001372936787158302,-0.0014781966001478075,0.003499747736088965
1905,0.1415361375779052,0.13974670367800138,0.3066447522892698,-0.11604401301281275,0.07703312874251866,0.14014124690020766,0.1385322692574601,0.310079328044797,-0.11160219854301812,0.07118086516331767,0.15448267060278859,0.15453678001387924,0.4078307392996109,0.44145068536518145,0.10889545267372347,0.15969113942126345,0.15778972935461485,0.25892857142857145,-0.13578328839755271,0.02913126759424456,-0.0013948906776975467,-0.0012144344205412827,0.0034345757555271916
1906,0.14744479093528856,0.14548444329049287,0.31721915285451197,-0.06831203014997367,0.08325805886000948,0.14591554437923307,0.1438400623133844,0.319935691318328,-0.07063300196820799,0.08113346234726915,0.1587400577818134,0.1582500324548877,0.41883345045678144,0.43421430298976477,0.09919253270556228,0.16573476919954871,0.16365918040590247,0.2694084011436112,-0.09587382289298618,0.040128749651379914,-0.0015292465560554913,-0.0016443809771084783,0.0027165384638160317
1907,0.14405511181556632,0.14295033486996608,0.3075160403299725,-0.1048894017406653,0.08135986269411599,0.14265305028389164,0.14038444811690007,0.3088873657756454,-0.09870601429087822,0.07859914715338845,0.15588005899505356,0.1558667478472645,0.4089940828402367,0.42944643303709734,0.11087828270650968,0.16154897417048403,0.15965034356788727,0.2601181360752571,-0.12106842216633684,0.03740077677637854,-0.0014020615316746865,-0.0025658867530660157,0.0013713254456729218
1908,0.14621209337595498,0.14414688137505968,0.3102897558749715,-0.08404871576649808,0.08778150357471814,0.14481010187650356,0.14232388558531187,0.3141171130276895,-0.08252849847601507,0.08293935406523678,0.16101920405389578,0.16085767611441468,0.4234527687296417,0.4466423280245748,0.1056764039358451,0.16385698474454025,0.16150874603932464,0.26397582559896393,-0.12220897773437933,0.03514944368905071,-0.001401991499451416,-0.0018229957897478166,0.003827357152718036
1909,0.14855087427430008,0.14658249891162387,0.30531576556110857,-0.10799869122633865,0.06603428766923447,0.14699723834880923,0.14505877231171094,0.30840697937910716,-0.10582505636405448,0.06368444955832919,0.1594713756842145,0.15829342620809753,0.4018602432625805,0.4799486341179429,0.11068121177643397,0.16684380326981912,0.1651284283848498,0.259387887996527,-0.13255981494725944,0.022241850147818765,-0.0015536359254908483,-0.001523726599912928,0.003091213817998595
1910,0.14705212183544736,0.14466695690030473,0.30421960072595283,-0.09445668525343742,0.0632863104511282,0.14532268651855848,0.14288202002612102,0.30786567500563444,-0.1000079549841818,0.057084246127829696,0.15910630708145068,0.1588593818023509,0.40639810426540285,0.3889449342902653,0.10349279640906417,0.1654873889377727,0.1653461036134088,0.26162917667613017,-0.11713664400136559,0.026715517372367437,-0.0017294353168888776,-0.0017849368741837124,0.0036460742796816104
1911,0.14422065067161027,0.1422652536089668,0.30113636363636365,-0.0723313299972339,0.07603162233822613,0.1429597723135881,0.14082602817392822,0.30448113207547167,-0.06650900918138003,0.07253471339353601,0.15734916397907422,0.15814034628636225,0.39960774699681295,0.4341009569146073,0.10772235964948096,0.16294876851574644,0.1604082166688473,0.25169606512890097,-0.10113928124076366,0.03275737414768509,-0.0012608783580221605,-0.001439225435038577,0.0033447684391080257
1912,0.1462077742495889,0.14427968865504195,0.298142274580879,-0.12103401825541182,0.07233905375606109,0.1448384777474838,0.14262729921294082,0.3013574660633484,-0.1143399409401864,0.07106650921766633,0.15783760498980023,0.1578466756533461,0.3971034804952114,0.43926183245676376,0.10054712435714674,0.1641655744902335,0.16202113319128583,0.254259219322838,-0.14494023753361485,0.025042815079052927,-0.0013692965021050996,-0.0016523894421011376,0.003215191482469404
1913,0.1482910191825458,0.14668749186515684,0.312570525840668,-0.0942619583029789,0.06788760683704376,0.1469349284925157,0.14538591695952102,0.3154694888538617,-0.08434331063537948,0.06576662499323571,0.1608636379969125,0.16078788667621155,0.4117367545735329,0.4407283151312494,0.11497340376958065,0.16664746842415512,0.16482276888368258,0.2657130472475076,-0.13069517685598842,0.02907363909535776,-0.0013560906900301206,-0.0013015749056358161,0.0028989630131937005
1914,0.14772096409555346,0.1461151578217135,0.3161764705882353,-0.09716621580566476,0.07902825309929729,0.1463557969095963,0.14407734998265695,0.3154639175257732,-0.09391310359130345,0.07625933902619875,0.16083412490356333,0.16081338883107874,0.41652931481045447,0.42693814138540154,0.10139255907432365,0.16557886535146532,0.16220083246618106,0.2637795275590551,-0.13100134803497976,0.03216970724686086,-0.0013651671859571668,-0.002037807839056549,-0.0007125530624620957
1915,0.14754180111068754,0.14560546452812242,0.3123229461756374,-0.08629368309372876,0.08567187108877017,0.14609766708176436,0.14361679131900912,0.31602443609022557,-0.08763731762513616,0.08135329646752654,0.1580214654211547,0.15775366391422765,0.4238921001926782,0.42829070884236614,0.10380988449799367,0.1654508103888679,0.16250918680558557,0.26383265856950067,-0.11801000242126636,0.040326837565711426,-0.001444134028923183,-0.0019886732091133064,0.003701489914588185
1916,0.14662990792248046,0.14445362438578946,0.30428863172226006,-0.10713730525000864,0.06379806580216374,0.1453266655919159,0.14349697786667825,0.3062697338746053,-0.10375481453207958,0.05802694630079286,0.16069487380168848,0.1604991955472453,0.41081209811859964,0.4545737187272286,0.10825706047939088,0.1657343729307408,0.16428229769100317,0.2597261464898935,-0.128884416530761,0.022331503458980828,-0.001303242330564558,-0.0009566465191112039,0.00198110215234526
1917,0.1516453193513884,0.14995655951346656,0.32000918906501263,-0.0900812129669527,0.07356949742552554,0.15034773998842835,0.14813205907906168,0.32160110420979987,-0.07787278645373585,0.07485343280816992,0.16283670249435103,0.16381407471763684,0.41909307875894986,0.41173991540302923,0.10844974198736568,0.16995792515111496,0.1681146828844483,0.26828729281767955,-0.11917263137699574,0.036763349789718736,-0.001297579362960044,-0.0018245004344048799,0.001591915144787237
1918,0.15168334398729272,0.15003261578604044,0.3321007626531084,-0.09149809611471826,0.07850117209992036,0.15016449527573417,0.14803218090889322,0.33433526011560694,-0.08405072223366405,0.07892948587245152,0.1626611001139964,0.16225266362252663,0.42971509300682836,0.42726686470147374,0.09563372300116557,0.16988363660015077,0.16790606653620352,0.28190434207626186,-0.12573245881276518,0.03352822598415184,-0.0015188487115585514,-0.0020004348771472114,0.0022344974624985414
1919,0.14827337861275644,0.14625569785109616,0.3206779661016949,-0.10162418284815011,0.064987487042515,0.14660806697193518,0.1438246147167354,0.3209123757904246,-0.10264196988832852,0.06434901722012587,0.15792444523137786,0.15832428912524418,0.41439322671683915,0.4351252704833206,0.10180591346696144,0.1658562749237806,0.16414152376817887,0.272885032537961,-0.12770433429030026,0.025615181328511705,-0.0016653116408212598,-0.0024310831343607453,0.00023440968872967538
1920,0.14997165219576222,0.14912052681743349,0.32875457875457875,-0.11371807713925941,0.08186620560096125,0.14825697203061117,0.1471276319209774,0.32914572864321606,-0.1180070556151922,0.07974706312617919,0.16233962983521108,0.16129451520665453,0.4207217694994179,0.41350067878110386,0.09733594566687032,0.16772828723210254,0.16636340005198857,0.2751971954425942,-0.12771992799342924,0.04033101309523257,-0.0017146801651510557,-0.001992894896456099,0.00039114988863730993
1921,0.15137570248719498,0.15072715433036682,0.32558659217877095,-0.09930057398721703,0.06295281344592663,0.15003924625695012,0.14916431517256348,0.32841493404873684,-0.10191327617800316,0.06337565813777635,0.16299697576706101,0.16279574560451487,0.4301025163094129,0.42840185097859423,0.10164310275017341,0.16963173739572882,0.16843933145213805,0.27944025834230357,-0.1272145605584004,0.027011014638702924,-0.0013364562302448646,-0.0015628391578033363,0.002828341869965889
1922,0.15377860840753202,0.1517361111111111,0.3195807314897413,-0.09286049708585142,0.06584932233562413,0.1523139614921484,0.14952256944444445,0.32155555555555554,-0.0869941771448891,0.06247927617900351,0.16484548714675237,0.16475694444444444,0.41951896392229415,0.4046037203316732,0.09954978390183089,0.17235400851457675,0.17122395833333334,0.2731914893617021,-0.11958678480125828,0.02035369922124508,-0.0014646469153836161,-0.002213541666666652,0.001974824065814229
1923,0.1464631777908441,0.14411560492969971,0.3103207810320781,-0.09027926994821678,0.08249665277571105,0.14496769052325442,0.1435080715153619,0.31510658016682114,-0.0873902203720347,0.07949706497692954,0.15985915502085024,0.15930394028814443,0.4213270142180095,0.4394087454993545,0.10006566702571662,0.1646867306909349,0.16160388821385177,0.2648168701442841,-0.1099958499496243,0.039002629693379864,-0.0014954872675896902,-0.0006075334143378075,0.0047857991347430295
1924,0.1500410623912543,0.14863577306193157,0.32395665206363844,-0.08206799343083626,0.08413432363897722,0.14843810433070334,0.1469034213945431,0.32613192369570215,-0.07814233619117816,0.08115775827373972,0.1583242982300887,0.15803378085751407,0.41360891778913145,0.3937754587422897,0.09072528980486039,0.16755238972714626,0.16591598094413165,0.2734049550537163,-0.10181718844965149,0.036509277795176875,-0.0016029580605509686,-0.001732351667388471,0.0021752716320637133
1925,0.14670394115892818,0.14593886462882097,0.32020749823154915,-0.08493543352355426,0.08789077602794004,0.14515621139813475,0.14358078602620086,0.3207724917569477,-0.07536237940327517,0.08681103676469759,0.16035763385934423,0.16013100436681224,0.4172232824427481,0.38334489137799754,0.09847222080771667,0.1647492590028853,0.1631004366812227,0.26653171390013497,-0.12671689740823144,0.0436214662349973,-0.001547729760793426,-0.002358078602620106,0.0005649935253985716
1926,0.1446732186322721,0.1429252231175808,0.31466418777597027,-0.09938078950628326,0.07433502865965691,0.14332396173893217,0.14110562342951216,0.3162037037037037,-0.0966026007184837,0.07067128782580612,0.15658277513062424,0.15570574473615806,0.41584396821574765,0.4209442773640914,0.1066621536642226,0.16281088466759894,0.16185772463391387,0.26762749445676276,-0.12139682807316976,0.029723596153356402,-0.001349256893339923,-0.001819599688068635,0.001539515927733437
1927,0.151077418831319,0.14927712941996168,0.31735691019078643,-0.09530191701043433,0.07258869605977736,0.14991688653746818,0.14727399407768682,0.31885740826753367,-0.09190934239262316,0.07085833381758966,0.1626625919173838,0.16369099460024386,0.41189111747851004,0.41009463722397477,0.09638117688985937,0.1693288265016625,0.16717470823898276,0.269196626719929,-0.12367444794952687,0.027599277762895058,-0.0011605322938508245,-0.0020031353422748643,0.0015004980767472365
1928,0.14647710028798133,0.14444444444444443,0.31891252955082744,-0.0950377603864837,0.08121608479914733,0.14511398601656073,0.14231770833333332,0.31901840490797545,-0.09455371954368952,0.07947884234355063,0.1583975167440452,0.15785590277777778,0.4148418491484185,0.3847664805691221,0.10727472163309837,0.16466994571451926,0.16332465277777777,0.2681602172437203,-0.11850991499901042,0.040173731785674516,-0.0013631142714206068,-0.0021267361111111105,0.00010587535714801088
1929,0.15115936156181384,0.14998702534382838,0.3132723112128146,-0.08790210708624668,0.08076836680084831,0.14979059006986598,0.14821382233370817,0.31649601820250284,-0.07835129380900496,0.07547024341620501,0.1623918324387432,0.16162096704437331,0.42039566650965615,0.47035201686811956,0.10704705878867948,0.1691908233206501,0.1683245393997059,0.2661272687513667,-0.12049615118475421,0.03774760491754425,-0.0013687714919478622,-0.0017732030101202112,0.003223706989688213
1930,0.14875985670289796,0.14656820156385753,0.31378504672897195,-0.08965239999785735,0.08369591673077603,0.14761139843727686,0.14500434404865334,0.3156177156177156,-0.08559636052147557,0.081546769096425,0.16196382492623165,0.16181581233709819,0.41413662239089183,0.39340977588787046,0.09745046159062176,0.167145328481274,0.16676802780191138,0.2685410670799203,-0.12667692891566396,0.032761117796659356,-0.0011484582656210995,-0.0015638575152041867,0.0018326688887436715
1931,0.1460430665923633,0.14444829678425933,0.31643277501131734,-0.09363498889087685,0.08163859762780346,0.14474789896145257,0.14310479327381467,0.3187584956955143,-0.09461198073299493,0.0824795462848309,0.15855035994397793,0.15840339776371673,0.4118747078073866,0.3983536780037546,0.11107180062376498,0.1632188243868092,0.16083037184710064,0.26451473136915077,-0.12662472155354398,0.04001163910494343,-0.0012951676309107263,-0.0013435035104446547,0.0023257206841969524
1932,0.14766881895319592,0.14578370652691758,0.3226402030925456,-0.08607989064398547,0.07856854235777455,0.14626676315967346,0.1445276971718134,0.32544242702826937,-0.07977407351154309,0.07472214862842785,0.1590807230246516,0.15734765472735934,0.4211759194190677,0.4124008961117861,0.09224460895100739,0.16544142112868482,0.16310797349387154,0.2743969904846205,-0.12456447448359653,0.03882247382119175,-0.0014020557935224554,-0.0012560093551041707,0.002802223935723769
1933,0.15232618836910358,0.15069389892642052,0.32905184493227463,-0.08451318123064899,0.08852974974541106,0.15119518865549997,0.14942829711093655,0.33247962747380677,-0.08243153876213671,0.08574389525063197,0.16695768348550605,0.16727764685345203,0.4348445288393069,0.44888891393873814,0.10331620821770027,0.17059636817769286,0.1686305315527625,0.2794477844578045,-0.1128783779721646,0.04374178132934703,-0.0011309997136036143,-0.0012656018154839632,0.003427782541532143
1934,0.15182159672516496,0.15062179319940863,0.3297599627126544,-0.08465872287460752,0.08796093367946667,0.15048227063663774,0.1488825115227411,0.3308550185873606,-0.08477412141219476,0.08518086681039472,0.16026252676473965,0.1597965040438299,0.4181690470615781,0.4041655561770705,0.0922379596318853,0.16939802086755582,0.16814505609183408,0.277212389380531,-0.11518883404058233,0.03898898652427374,-0.0013393260885272151,-0.0017392816766675367,0.0010950558747062078
1935,0.14815035228108084,0.14769177368969108,0.3092618065107749,-0.11573901165404432,0.07016111723554963,0.14675422552232645,0.14560916348490108,0.3115842490842491,-0.11411842514783699,0.06887611508837843,0.15897308524690457,0.15905935439083652,0.4023419203747073,0.42892416225749563,0.08986448349217524,0.16664510111307143,0.16665220409580006,0.2620415377817057,-0.13668451948680704,0.035037725212869075,-0.0013961267587543902,-0.002082610204790003,0.0023224425734741927
1936,0.14628495923746562,0.14436037916340552,0.31805425631431244,-0.09899881439585911,0.08136253353493517,0.14495449465304977,0.1429254717801548,0.3210134821013482,-0.0926972028302252,0.07575903934419126,0.157061398595866,0.15744847378032872,0.4194008559201141,0.4210545101521796,0.09644886404847652,0.16398635124504352,0.16179667797199757,0.2711189739053516,-0.1291086900661471,0.02834485773020412,-0.0013304645844158525,-0.001434907383250722,0.0029592257870357797
1937,0.1448647585263163,0.1430560995778387,0.2958948339483395,-0.08652580501892926,0.08858489838411643,0.1437223499967515,0.14118466292379336,0.296993344044067,-0.08642096541382471,0.0841288735210044,0.15918779387639612,0.15868041954998477,0.4006137865911237,0.42231258409554084,0.10980406439893509,0.16309826804399977,0.16033424729076903,0.24907063197026022,-0.12281784383510297,0.0382954749289961,-0.00114240852956482,-0.0018714366540453498,0.001098510095727534
1938,0.1502556163832686,0.14874707361484435,0.32495164410058025,-0.09593615330485583,0.08582812548260554,0.1490643385113256,0.1477932888233764,0.32722449963829275,-0.09521740864598405,0.08340932619963604,0.16412978152245447,0.16387756871585885,0.4207302131830434,0.41964964922153086,0.09792212189745364,0.16924132645072087,0.1669556923610509,0.27337632427452785,-0.11215147811993564,0.04053061163790195,-0.0011912778719429806,-0.0009537847914679598,0.0022728555377125037
1939,0.14853151478043833,0.1461095603628751,0.3226867073743542,-0.08808722781902734,0.0841934791369291,0.14696652443454272,0.14371074668527564,0.3263009845288326,-0.08578448136865047,0.08246643341104332,0.15848879338127267,0.15775471039776692,0.41841103710751665,0.41457465128703014,0.09585103778665771,0.16617287432639197,0.16482030704815073,0.276171262048868,-0.11795272898991949,0.040369693842578824,-0.001564990345895606,-0.0023988136775994484,0.003614277154478429
1940,0.14653017214336198,0.14379226634298595,0.30710835058661146,-0.08532233323181782,0.08137086623115886,0.1453737410212265,0.14166811166984566,0.3096714909257983,-0.08644090146448002,0.08009424682465494,0.15964558321386219,0.16082885382347842,0.4150450878025629,0.4377590335594749,0.10966926307532876,0.1646010008061158,0.16316975897346975,0.2626970227670753,-0.11298783436601545,0.03434871809159834,-0.0011564311221354817,-0.0021241546731402827,0.0025631403391868646
1941,0.15387343916635302,0.15197779319916724,0.32677165354330706,-0.10330553878940985,0.07938063690359765,0.1523184522289845,0.1503296321998612,0.3263327948303716,-0.10305656700343602,0.07616803657555671,0.16568373302307654,0.16572692574600972,0.42285315336281126,0.4037715280599531,0.08387827736285514,0.1727226074000926,0.17075815405968078,0.2785286948814536,-0.13343068656161627,0.03761683263906512,-0.0015549869373685243,-0.0016481609993060364,-0.00043885871293547485
1942,0.1459148642215289,0.1432226172925158,0.30969807868252514,-0.06841158972550798,0.0759138106727737,0.1446044064433137,0.14192177608186626,0.3130712979890311,-0.0665750200782983,0.07506256330770256,0.1572636391501706,0.15792212297285577,0.4144629066229815,0.4416423908146332,0.09698218295828498,0.16397488451077274,0.16238834446275258,0.2670726402783819,-0.10270252496844845,0.027818334546253154,-0.0013104577782152016,-0.0013008412106495504,0.00337321930650597
1943,0.14930027280485098,0.14725122384438766,0.3286178107606679,-0.08972431795518054,0.08468170580634993,0.14810546094516785,0.146081531863276,0.3334105116925214,-0.08306801754441073,0.08318767129270144,0.16250636551547448,0.16258718537451805,0.4249471458773784,0.4089024457095834,0.0964205484135886,0.1675580069924519,0.16492656933674132,0.27897185907378685,-0.11213018243501693,0.04178157191444132,-0.0011948118596831203,-0.0011696919811116646,0.004792700931853466
1944,0.14390087103895874,0.14144308413649387,0.3029188692254654,-0.10116142299321462,0.08376390660576372,0.14268350187677617,0.14035773204827645,0.3070235644017387,-0.10105095733936476,0.07951751006987229,0.15762450710509573,0.1581140922115134,0.40273843248347496,0.42764655258254036,0.1081806866871391,0.16218895228549796,0.15993748371971866,0.25694292586923245,-0.12111303147982189,0.036628905057369265,-0.0012173691621825689,-0.0010853520882174172,0.004104695176273321
1945,0.1489626900817591,0.14666666666666667,0.314781433077963,-0.08060655516469173,0.07172727440902793,0.1475727002647821,0.14492942453854507,0.315813017222098,-0.07824565088914404,0.06475475351435445,0.16336893882749323,0.16330076004343105,0.4187658886064248,0.39830939254881764,0.0951802992365659,0.16699385698945718,0.16447339847991313,0.26374811300409745,-0.11150192250124047,0.029680860529027298,-0.001389989816977022,-0.0017372421281215966,0.001031584144134956
1946,0.14557780946008872,0.14375596632821314,0.3078541374474053,-0.08950157872592612,0.09148956450123091,0.14439166343225626,0.14184674130000868,0.3114830311483031,-0.09249204529635902,0.08636312121260992,0.15845087931237506,0.15824871995140155,0.40937350549976087,0.440599976181136,0.11199533765571501,0.1639421210294507,0.16189360409615552,0.25786442179884805,-0.11755681912551996,0.041079538829790874,-0.0011861460278324576,-0.0019092250282044532,0.003628893700897806
1947,0.1491831339462517,0.14719951295877545,0.30361610188765065,-0.09062061754594986,0.08012514088922473,0.14785063302563156,0.14506870760132196,0.30713146502620187,-0.0820252677563077,0.0818164367391292,0.15991632915308102,0.15950600104365978,0.4036847014925373,0.4069073681075245,0.10316904684417327,0.1671894241561947,0.16563750217429118,0.2596924409789907,-0.12271383273142455,0.03361450501685159,-0.00133250092062015,-0.002130805357453497,0.0035153631385512196
1948,0.1484277026243784,0.14762338056241606,0.320902394106814,-0.10129692576905092,0.08759849635010575,0.14711984875163167,0.14563022661293817,0.32381170018281535,-0.09867635023339116,0.08082037416736965,0.16075759938305595,0.16036223406560077,0.41869072403423546,0.427788677978561,0.09204663903252641,0.16589447624675935,0.16426188309718792,0.27037037037037037,-0.11792620261403497,0.03549168207032172,-0.0013078538727467337,-0.0019931539494778827,0.0029093060760013723
1949,0.1453228644662576,0.1437644090652051,0.31162255466052935,-0.09453201569030856,0.08761635610191121,0.1439056323936961,0.14193744834486058,0.31471264367816093,-0.08172192688471724,0.08655633330808288,0.1586315581903471,0.15859759015181174,0.41357592722183345,0.4290639267187533,0.09991262051032013,0.1631991420313467,0.1607725433903171,0.26116611661166117,-0.11156722917434503,0.045215444348777445,-0.0014172320725615029,-0.0018269607203445226,0.003090089017631581
1950,0.14834570146011836,0.14636158388329282,0.32008224811514735,-0.08381290507716577,0.08209425836473394,0.14693661505365377,0.14436436262591176,0.32332195676905573,-0.07603395926364076,0.07828379768767058,0.1626120752444284,0.16359847169155958,0.4275023386342376,0.4099094171769586,0.10347517660825678,0.1665919886416977,0.1643365751997221,0.2726676862573738,-0.11508566257413932,0.0397558063973622,-0.001409086406464588,-0.0019972212573810544,0.0032397086539083797
1951,0.14598399890704802,0.14311783107403545,0.3042889390519187,-0.08660042064912477,0.07197487217003395,0.14457535359644486,0.14190128606187,0.3090051650572648,-0.08569231129921917,0.06710933517123863,0.15695906467663356,0.15632603406326034,0.41000939849624063,0.4227864279686582,0.10878371729135461,0.1633670794788189,0.16097497393117832,0.2596483704974271,-0.1330418347637744,0.02247332183446471,-0.0014086453106031682,-0.0012165450121654486,0.004716226005346047
1952,0.1485198912352006,0.14583333333333334,0.3132837900603809,-0.0918279100545214,0.08248350829474604,0.1471646744989721,0.1447482638888889,0.3191637630662021,-0.08814691360262383,0.08269763993621726,0.15966736401227746,0.15920138888888888,0.4145704793545325,0.38713574455327215,0.10218361931010589,0.16631942965336238,0.16414930555555557,0.26641609551182843,-0.12605442463900196,0.03601694209547324,-0.0013552167362284873,-0.0010850694444444475,0.005879973005821215
1953,0.14879290280369115,0.14726308070568953,0.3257764679211063,-0.0931093571797389,0.07075470069398682,0.14748527121804905,0.14558081352715352,0.3280614550384094,-0.08323804307607396,0.06757480053356868,0.1608080058782146,0.16080748824569727,0.42139840450492727,0.4527171684623243,0.10234170895414119,0.16675881620508107,0.16417202260276928,0.27292528860814635,-0.12448003473751701,0.03259589876896818,-0.001307631585642094,-0.0016822671785360066,0.0022849871173030722
1954,0.15298215566330423,0.15146777835678304,0.334026334026334,-0.09558465073114486,0.06797113769303953,0.15160604374565212,0.1499913149209658,0.3377253814147018,-0.08987848540937171,0.06861848186154462,0.16367459052051356,0.1630623588674657,0.43397129186602873,0.4481679189482592,0.10012256472879466,0.17132435120413558,0.16983672051415669,0.2865665046398586,-0.13074816641917963,0.025462203961202134,-0.0013761119176521064,-0.0014764634358172546,0.0036990473883677932
1955,0.1511593088121015,0.14931280445372302,0.32187938288920054,-0.10792553015594075,0.0742412577733309,0.1499220905399046,0.14818197633959637,0.32628398791540786,-0.09661215118833355,0.0688243898187837,0.16302366888062714,0.16366562282533054,0.4293294741919923,0.44105407614215597,0.1028423205733403,0.1700069383844505,0.16836290883785665,0.2747887950200089,-0.1424842807405412,0.02657281977331516,-0.0012372182721968883,-0.001130828114126653,0.00440460502620732
1956,0.15176218172223213,0.14936929099608526,0.3238942195179031,-0.09757523570506688,0.07942064942927662,0.15050330696084518,0.14780339277946933,0.327975774516655,-0.09566278813092499,0.07510101438297334,0.16355832239490126,0.16367986080904742,0.43051901458981107,0.4347307065882077,0.09929097064227177,0.17051072927569974,0.16859504132231404,0.27775280898876403,-0.1263852457875363,0.041191879269492304,-0.0012588747613869467,-0.0015658982166159297,0.004081554998751902
1957,0.14945686137044087,0.1469184027777778,0.31960423377818686,-0.11323835418805317,0.07811477554081481,0.14819915748381357,0.14618055555555556,0.3238532110091743,-0.10547817884193877,0.07512677866220441,0.16197878662580104,0.161328125,0.4199288256227758,0.4200066587132037,0.10607388919066929,0.16755929181271598,0.16545138888888888,0.2731471299758082,-0.136482812196543,0.035215677497908326,-0.0012577038866272983,-0.0007378472222222265,0.0042489772309874385
1958,0.14384412860791115,0.14248637425382818,0.3092105263157895,-0.08008372010513831,0.07630689294186566,0.14239351357916513,0.14075612077169306,0.312104893467572,-0.0800684649839396,0.0730544420674023,0.15345012872136238,0.15317068950601262,0.4096648858669257,0.4197681962540832,0.10622944098692866,0.16193035805789605,0.1600484470974998,0.26237956531481066,-0.09711322982951531,0.03142307087427132,-0.0014506150287460218,-0.0017302534821351245,0.0028943671517824843
1959,0.15405219895433298,0.1529278494248867,0.3296500920810313,-0.09308836577932955,0.0695400899630172,0.15265158875757537,0.15083652840711048,0.3311121323529412,-0.09003686464230098,0.06781880060749701,0.1650367897415098,0.16464796096200768,0.43371166384931176,0.46761603666903057,0.11321780735934295,0.1727537150771451,0.17218543046357615,0.2841988950276243,-0.1314178413707029,0.030595918294372026,-0.0014006101967576068,-0.002091321017776232,0.0014620402719098813
1960,0.14595422429300453,0.14291304347826086,0.308760923145866,-0.10037623580733801,0.06342727644126034,0.14452201794984917,0.14165217391304347,0.31279303415941057,-0.09121011438892235,0.06003770922997054,0.15975799182056985,0.15930434782608696,0.414992993928071,0.435445703434106,0.10177175551897621,0.16381567764495078,0.16017391304347825,0.2639126712328767,-0.13549924613502684,0.01915105474378731,-0.0014322063431553567,-0.0012608695652173985,0.004032111013544559
1961,0.14536189821048526,0.14457465277777778,0.30216647662485746,-0.10025316521702854,0.0731830628554263,0.14427155449421789,0.14288194444444444,0.305019305019305,-0.0928333298569829,0.06935148888393794,0.1604428458258901,0.16111111111111112,0.4102264767686201,0.42406520938058384,0.09489531536052653,0.16426490088207796,0.16306423611111112,0.2556014792255819,-0.14040957491187445,0.02805563608011985,-0.0010903437162673724,-0.0016927083333333481,0.0028528283944475596
1962,0.14729196550545343,0.1459410155062329,0.3206711722209275,-0.08476699018621314,0.07126286337553944,0.14599471088442095,0.14476827520305782,0.3235908141962422,-0.07914462081128748,0.06693024589738195,0.1593335006659087,0.15923207227555053,0.4205449722691102,0.4230207420391469,0.10245770921827257,0.16565129383417934,0.1631412066194675,0.2719982178658944,-0.1124392724597223,0.028369950341781358,-0.0012972546210324731,-0.0011727403031750738,0.0029196419753146907
1963,0.14824800955788078,0.14659936469257212,0.3222932846048424,-0.08498482297200927,0.0672462738922881,0.1468205400978321,0.14485879639702362,0.3232758620689655,-0.08682921456546655,0.060818963225216516,0.15872841636747168,0.15830468648013576,0.41641408253672185,0.38253134345633016,0.08631396220460019,0.165740116957111,0.16413559027022323,0.2745141342756184,-0.11576987481285406,0.035109720556930735,-0.0014274694600486804,-0.0017405682955485002,0.0009825774641231133
1964,0.14712648924241134,0.14643244415528084,0.332240693046125,-0.11707528219265584,0.0694935512014464,0.14596653989055589,0.1449143352851876,0.33426704014939307,-0.11372174921624822,0.06666471960349862,0.16118925543517446,0.16113641292561268,0.43254352030947774,0.4073597021323091,0.09886987933398173,0.16563646231052734,0.16213402732595966,0.279954954954955,-0.1357319358878457,0.032718740428124504,-0.0011599493518554549,-0.0015181088700932377,0.0020263471032680447
1965,0.14832139207028355,0.14568618104606318,0.3112023728040155,-0.12763574737373684,0.07032418139027907,0.14709145225869982,0.14351952160159467,0.31444823663253696,-0.12295173418126626,0.06776443663535103,0.16005142375685708,0.1592494691684361,0.40840140023337224,0.40827893517606373,0.09122876355552423,0.16641349274991157,0.16470945096849676,0.26576478289330135,-0.1472778823683214,0.02766176880814608,-0.0012299398115837301,-0.002166659444468505,0.0032458638285214336
1966,0.14793055239742406,0.14589652482884133,0.31441543700340524,-0.08378065245146238,0.0799338123755764,0.14652517848294944,0.1444232602478551,0.31602811153933347,-0.08018828052771376,0.07866809252227269,0.15765999901658545,0.157855966721553,0.4042406084351233,0.4001587103590978,0.09385673076191814,0.1657405987887047,0.16396568160152525,0.2667391304347826,-0.11348861952071376,0.03879791714320313,-0.0014053739144746225,-0.0014732645809862333,0.0016126745359282268
1967,0.1478953052350869,0.14690587623504942,0.3235225955967555,-0.08242713272120794,0.0832556393910332,0.14639558794347785,0.14426243716415324,0.3234818748556915,-0.07946239022455837,0.07983827091936424,0.15888174126740748,0.15938637545501821,0.41923259118900996,0.4542851054441657,0.10311909363260852,0.1658315954143321,0.16350320679493846,0.2711864406779661,-0.12143754612932345,0.03455813866975155,-0.001499717291609054,-0.0026434390708961752,-4.072074106398205e-05
1968,0.1450061044176624,0.14324781872639666,0.3044197589222406,-0.0995717750408518,0.07885031183664881,0.14347728166926074,0.1422060164083865,0.3081820325394954,-0.09784845596145708,0.0766750129795023,0.1554263719584504,0.15496809480401094,0.39752906976744184,0.42597638591099335,0.10125589006525892,0.16392595896325293,0.16152276772149152,0.25898472596585803,-0.12548290748378388,0.030776207093708763,-0.0015288227484016592,-0.0010418023180101543,0.0037622736172547855
1969,0.14919761618781557,0.14788915913829048,0.32235621521335805,-0.08977169628082016,0.08870237187572516,0.14769614020811578,0.14658617095205004,0.3277816331251446,-0.0939312549117326,0.086360455191003,0.15880887224480938,0.15744440583738709,0.42191524233200656,0.42978498591171344,0.09743133406423521,0.16703615457217288,0.16435024322446143,0.2762723066754792,-0.1191551181052053,0.040373727563730144,-0.0015014759796997956,-0.0013029881862404447,0.005425417911786523
1970,0.14779639717197068,0.14561760755599845,0.30486111111111114,-0.07772114522785012,0.07797114738947686,0.14634662514797078,0.14397123174905765,0.30792261630584983,-0.07626943488812443,0.07325702862442196,0.15743457536467292,0.1570122611671938,0.402536402066698,0.3870045110855245,0.0912563911819041,0.165835875482944,0.163857718469737,0.25907990314769974,-0.10944230610912642,0.030187125361875622,-0.0014497720239999012,-0.0016463758069407974,0.0030615051947386895
1971,0.14788435135178365,0.1461103867883529,0.32108811904208323,-0.09726835233710063,0.08581092809640467,0.14660454299527503,0.14424163407214255,0.3227525486561631,-0.09223814157599497,0.08260358853010252,0.15964458645545188,0.16036505867014342,0.42550655542312277,0.46287411232267567,0.1084761276982722,0.16556594279172002,0.16423294219904389,0.27112989323843417,-0.12570142153750308,0.04411551373447853,-0.0012798083565086216,-0.0018687527162103423,0.0016644296140798653
1972,0.1520159554307781,0.1501890400243362,0.33826205641492263,-0.08436483579246257,0.07680286772410916,0.15048454691136062,0.1479727087045326,0.33849658314350795,-0.08062048898079033,0.07807458351057461,0.1620845676530204,0.16200947372995525,0.4315148677124795,0.4359590152913482,0.10329694660880506,0.16955925989225024,0.16857155273564817,0.2890148212728858,-0.10946338502640274,0.03610796255721638,-0.0015314085194174654,-0.0022163313198035883,0.00023452672858531587
1973,0.14989393965614514,0.14785587304340286,0.3283718800091596,-0.08469104979890407,0.07101738705511595,0.14847432417221632,0.14625157178164158,0.33158614402917047,-0.08457558994050163,0.06652747707669526,0.16360589386528498,0.16294497680267095,0.4246575342465753,0.406692306939322,0.09945348358511386,0.16773738892424456,0.16619693881975459,0.2829982517482518,-0.12499520588843671,0.026332092507976412,-0.0014196154839288266,-0.0016043012617612817,0.0032142640200108485
1974,0.14901156238095667,0.14758656645088414,0.3197120965869515,-0.06714123190405541,0.08322838278260514,0.14752226020818743,0.14589216665942564,0.3228564825514213,-0.06447585150102086,0.07894794158117158,0.1623758407485815,0.16322717991050092,0.42976389220128786,0.4767211441771018,0.10762689763077615,0.16733801293020817,0.16492157970195942,0.27262668732020356,-0.10932108709718757,0.037855706047410065,-0.0014893021727692413,-0.0016943997914584952,0.003144385964469809
1975,0.15016476628497255,0.14905513176144244,0.32054483541430195,-0.0964815008779073,0.08119135775891118,0.1487502549987401,0.14814493758668515,0.3225298221922125,-0.09890292564423975,0.07318253099205896,0.16153683884902736,0.16149445214979197,0.4158346877176689,0.4164089257095619,0.10184570047342456,0.16840004452104643,0.1664355062413315,0.2702526132404181,-0.12191389413530918,0.04177949972203343,-0.0014145112862324616,-0.000910194174757295,0.0019849867779105357
1976,0.14605183783085782,0.1446590118302018,0.3083122265714944,-0.08867238857414872,0.08568013592037327,0.144479952883149,0.14244084899095338,0.31197070267795834,-0.07876555748572955,0.08015786637667044,0.15700089128791678,0.1563152400835073,0.4070631970260223,0.42274542205113125,0.09396354023592735,0.16435525792939415,0.16231732776617955,0.2581985133362484,-0.1190798823979693,0.03661689497439846,-0.0015718849477088237,-0.0022181628392484165,0.0036584761064639704
1977,0.1463316862521926,0.14476190476190476,0.31331652532661014,-0.07068012635308185,0.07536796789846167,0.14511462967251607,0.14324675324675323,0.3164035689773507,-0.06834331930099125,0.07366298698768203,0.15976441395207305,0.1596969696969697,0.4117369785529107,0.390443518776571,0.10094268156015551,0.16413593963558182,0.16151515151515153,0.26256860592755216,-0.0921606749005921,0.0344484260397514,-0.0012170565796765231,-0.001515151515151525,0.003087043650740584
1978,0.14977825009073387,0.14754383674890137,0.3164829899377096,-0.09334371733650315,0.08167907809532993,0.1484194435331133,0.1463690553887656,0.31985645933014356,-0.08293033836820851,0.08036294883017026,0.1612970428485263,0.16090153591785233,0.4174563591022444,0.4497165577029492,0.11765327800969538,0.1685380280012115,0.16699299482225993,0.2692219417030067,-0.12907179308507366,0.04153713550795879,-0.0013588065576205788,-0.0011747813601357682,0.0033734693924339365
1979,0.15020116420145876,0.14830951551063087,0.31639990721410344,-0.10960502671985939,0.07631563739199287,0.14892802226401045,0.14700243987452075,0.3211410167931907,-0.10404156890711913,0.06856785694610523,0.16147510618262986,0.16081387242941791,0.4149563576315169,0.4248734620183188,0.09181119828376805,0.16872083801254953,0.1667392819797839,0.2688124306326304,-0.11385734271408854,0.034563709433598544,-0.0012731419374483188,-0.0013070756361101277,0.004741109579087244
1980,0.15083622941038688,0.1494232785739252,0.3187514240145819,-0.09090319867561969,0.060229737228455704,0.14956998949457737,0.14741349178608879,0.32045454545454544,-0.07778514979591078,0.057861877651925964,0.16156459471237922,0.16209367354072002,0.4166268514094601,0.4151112381035403,0.10392750941350393,0.16953931537412986,0.16877839916113246,0.26954060526888746,-0.12196204917351339,0.016316705081904748,-0.001266239915809514,-0.0020097867878364206,0.0017031214399635397
1981,0.15054266674047226,0.14918515950069347,0.3235970561177553,-0.1072916961591206,0.0670832606091526,0.14933563727203958,0.14671463245492372,0.32586325177223874,-0.10489578364989172,0.06170521421187125,0.16459079683209665,0.16548196948682387,0.41992463495054166,0.3871796938011762,0.08902568991006066,0.16953822976829722,0.16769244105409153,0.27824545857332744,-0.1253693181199459,0.03137303253120427,-0.0012070294684326799,-0.0024705270457697492,0.0022661956544834383
1982,0.15058014287577554,0.14925696460292015,0.3225221138580177,-0.11039861143211249,0.08509252249674149,0.149301618109021,0.14778389151249946,0.32676184001812825,-0.10628084457641562,0.08425267248093682,0.16227897272211161,0.16221134266279624,0.4227957971676565,0.4262440849462189,0.09160136011922781,0.16850988957846502,0.16797365798708894,0.27609210243167637,-0.13361411452179084,0.03512144655636307,-0.001278524766754524,-0.0014730730904206901,0.004239726160110535
1983,0.1463066527263173,0.14466828759986106,0.30533484676503975,-0.07231584543590341,0.07215723577458488,0.14490935477551434,0.14301840916985065,0.30750112968820603,-0.07117159147943708,0.06769784215696784,0.15661981528530267,0.1570423758249392,0.40888784387491184,0.44238277809724463,0.10443475148305137,0.16428577711458145,0.1635116359847169,0.26277056277056277,-0.09930262459776973,0.026501539213267256,-0.001397297950802956,-0.0016498784300104097,0.002166282923166285
1984,0.14738190641078036,0.14408181026979983,0.3072651550208237,-0.0906821263047316,0.0763608299781503,0.14582760681904422,0.14251523063533508,0.31055183560378663,-0.08562639159354624,0.07442818804956941,0.1568720377098955,0.1561792863359443,0.41127497621313036,0.4190955984893195,0.10169991304176607,0.16512920921138227,0.1619669277632724,0.26301853486319504,-0.11395131065641573,0.03126585164459694,-0.0015542995917361413,-0.0015665796344647431,0.003286680582962942
1985,0.1482733336669384,0.1469338190649666,0.32261794634597596,-0.09210129427205271,0.07146018455982062,0.14674834946330095,0.14524243212767804,0.32666206579250057,-0.09530279386438367,0.06650842494322795,0.15857872199054565,0.15877352762598665,0.4109393579072533,0.39116056963445744,0.09708015822827831,0.1663288901942202,0.16584265764593634,0.27512757932105614,-0.11457122111172979,0.032061401523452826,-0.0015249842036374472,-0.0016913869372885693,0.004044119446524608
1986,0.14935111496566128,0.1482876564055938,0.32288254562470753,-0.08805468098275071,0.08973209557492756,0.1479621623069615,0.1458630991037797,0.3240223463687151,-0.08181349879097521,0.08502599478618766,0.15953141268299553,0.15833225094168074,0.4180110763303636,0.4609990504638119,0.11561564991299755,0.16713228414433873,0.16430705286400832,0.27284856571047367,-0.12059417130863004,0.04202934667088143,-0.001388952658699788,-0.0024245573018140953,0.0011398007440075464
1987,0.146903003629535,0.14580443828016643,0.3201282344859171,-0.09745748369915763,0.0809889843744851,0.14564339442745236,0.1446775312066574,0.3226837060702875,-0.09727898867722096,0.0778071227568391,0.15933014428387396,0.158373786407767,0.41500586166471276,0.43904602553213223,0.10262564337447855,0.164833311842267,0.16279472954230237,0.26724890829694326,-0.12557013034287645,0.03580654940391059,-0.001259609202082651,-0.0011269070735090148,0.0025554715843704168
1988,0.14550491293241433,0.14400348887919756,0.309297052154195,-0.09664451119233441,0.07885295589757235,0.14426500367266187,0.14195377235063236,0.3137122237257555,-0.09816523721637171,0.07378089226593909,0.1570411890618426,0.156694286960314,0.4093276515151515,0.4332269972917025,0.11816144904273052,0.16277357766244804,0.16114260793720017,0.26507321274763135,-0.13570365106571824,0.029400335489147666,-0.001239909259752453,-0.0020497165285651986,0.004415171571560517
1989,0.1501799113192842,0.14801930686611298,0.31903364190562206,-0.08976795545118521,0.07938689455149261,0.1489706738269151,0.14623646562595122,0.3206021118849697,-0.09133473962666505,0.07475760949427324,0.16286363300660875,0.16202113319128583,0.4153776160145587,0.37282022996308717,0.0863308221373218,0.16835449375510964,0.16602165499847807,0.2721600688468158,-0.12197903657530984,0.03330446602735415,-0.0012092374923691196,-0.0017828412401617588,0.0015684699793476198
1990,0.15043416476926913,0.15044209242562828,0.3229757314583806,-0.09647845753253004,0.07248465977735252,0.1491370178672873,0.14878696807352237,0.3259443564804343,-0.09008244335075277,0.06993655971628032,0.16324685755459484,0.16228929831438652,0.4265358561083859,0.4083105179101072,0.09966439376212244,0.16790768921202298,0.1658173265386123,0.2710382513661202,-0.1101803867033162,0.037235942265853916,-0.0012971469019818216,-0.0016551243521059078,0.0029686250220536947
1991,0.1487283835840885,0.1470026893380758,0.3063063063063063,-0.0965882017455092,0.06840109958950513,0.1472025139672684,0.145050750412076,0.30987182370137173,-0.09775375951346599,0.06691926122196923,0.1594354989323052,0.1591914635204303,0.3974092065695119,0.3933331882978644,0.09316896944688846,0.16696836703657555,0.1648303981955409,0.26002587322121606,-0.12294099993751761,0.026486242907779234,-0.0015258696168200803,-0.0019519389259998188,0.003565517395065443
1992,0.1498220998154449,0.14860640791872884,0.3199461521202603,-0.1151789061287618,0.06675025976628035,0.14838510323702023,0.14752105583051142,0.32126899016979443,-0.11497983132489153,0.06273319873200955,0.16085518002275304,0.16258574281496918,0.41376104137610414,0.4251480269381375,0.09952102083533154,0.16785342768506462,0.16584179907962143,0.2746478873239437,-0.1432655345369125,0.01833410309006922,-0.0014369965784246652,-0.0010853520882174172,0.0013228380495341474
1993,0.14940208438215072,0.14717259964358673,0.3171415226529659,-0.10164502457896962,0.08120424240028556,0.14814073847945916,0.1459990437692876,0.31976744186046513,-0.0983121463080715,0.07732875637551895,0.16172516101476755,0.1633415916894858,0.41908415248141934,0.45114767915545584,0.10510307288634635,0.16775476835200198,0.16638414395618725,0.26961770623742454,-0.1266629589901167,0.04008102958192883,-0.0012613459026915574,-0.0011735558742991259,0.0026259192074992166
1994,0.1510456652471467,0.14848511231063904,0.3328018223234624,-0.09710985312117504,0.07952008212583572,0.14971478295150623,0.14713564339195542,0.3365820489573889,-0.08979115667074666,0.07486029744209499,0.16314954890769232,0.1632857391607174,0.4324514165300866,0.42415659424724605,0.1047252810969792,0.16901721145714316,0.16702942712867838,0.2867072111207645,-0.12164970930232566,0.034193085656720634,-0.001330882295640462,-0.0013494689186836217,0.00378022663392652
1995,0.14623168470005155,0.14334027055150886,0.3274783445620789,-0.08296671038565051,0.08177962547524742,0.14499198634382301,0.14212625737079432,0.33158271663881594,-0.08503252830541996,0.07452498127986262,0.15938981537513894,0.15829864724245576,0.4221142162818955,0.39394874518330125,0.09079297129375596,0.16486673941525745,0.16328477280610476,0.28102775866024315,-0.1125732625541147,0.03715257178848608,-0.0012396983562285302,-0.0012140131807145405,0.004104372076737028
1996,0.14897123191107572,0.1466181692214428,0.3177757927646271,-0.09175615222397715,0.0667693720359046,0.1475552359835438,0.14488611760630465,0.32146037399821903,-0.08680606288921788,0.06382165441942189,0.1590728096233134,0.15891573568892353,0.41214649976819656,0.39608102536293605,0.1012997784004167,0.16701790698309926,0.16545423053606997,0.27212341975573173,-0.11517184920932722,0.026975184213387626,-0.0014159959275319156,-0.001732051615138147,0.0036845812335919437
1997,0.15542808260858262,0.154617689201511,0.3271992818671454,-0.08819836313691376,0.0789290807406059,0.15412709081435652,0.1529677391342104,0.3296164139161463,-0.08401831415615446,0.07306320909457376,0.16580497106641895,0.16590682124093614,0.4247299471385888,0.39515912788030105,0.10092609941322661,0.1741566827786363,0.17255004124875167,0.279608760365724,-0.12867616388890546,0.027183713005965005,-0.001300991794226103,-0.001649950067300593,0.002417132049000903
1998,0.14966883454864569,0.14812079078861612,0.3182129017551858,-0.0926708725635621,0.07630598671207234,0.14816690909289026,0.14651314360199869,0.3220531455825573,-0.08514136038721387,0.07290855789456252,0.15969414231921003,0.1591136215511623,0.4204438149197356,0.43211938581343784,0.10836922117732206,0.1679011108499502,0.16515316098196828,0.26971677559912854,-0.12860909157859346,0.03320110858991554,-0.0015019254557554207,-0.0016076471866174336,0.0038402438273715256
1999,0.14575952360663172,0.1427333391108415,0.3105128800185658,-0.07769388182034687,0.08547779635082142,0.14443518453284265,0.14130340584106074,0.31445086705202313,-0.08051623158758803,0.08206310969301367,0.15707414552894997,0.15733599098708728,0.4101534828807556,0.40011060657718245,0.10127072214318233,0.16344793884833042,0.16036918277147066,0.26226248342907643,-0.10373492641549997,0.039166108554304024,-0.001324339073789066,-0.0014299332697807476,0.003937987033457324
